instance id,request id,model,input,output,arrival,end_time,latency,queuing_delay,TTFT,TPOT,ITL,npu_cache_hit,storage_cache_hit,prefix_cache_hit,tier_reload_source,evict_npu_to_cpu_bytes,evict_npu_to_cxl_bytes,load_cpu_to_npu_bytes,load_cxl_to_npu_bytes,evict_raw_bytes,evict_stored_bytes,evict_compression_ratio,harp_state_final,harp_stall_time_ns,harp_stall_events,harp_shadow_hit_tokens,harp_decode_tokens,harp_shadow_ratio,tier_transition_bytes_total
0,4,meta-llama/Llama-3.1-8B,27,55,587870262,1618421347,1030551085,4925957,33473580,36928796,"[26802818, 25052199, 25052199, 25052199, 25052199, 25052199, 25052199, 25052199, 59242245, 25354389, 171718242, 146422271, 25755166, 25755166, 25755166, 25755166, 25755166, 25755166, 27679889, 25802576, 25802576, 25802576, 25802576, 25802576, 25802576, 27579202, 27566604]",0,0,0,NPU,0,0,0,0,0,0,1.0,hot,0,0,0,0,1.0,0
0,14,meta-llama/Llama-3.1-8B,4,28,1601985365,2951140733,1349155368,16435982,43965212,56747398,"[285739312, 50600609, 30154385, 26822699, 29747880, 26844708, 93558915, 27059851, 27059851, 29019418, 190839741, 146937332, 63155925, 27764953, 27764953, 27764953, 27764953, 27764953, 27764953, 27764953, 27764953, 27764953, 27764953]",0,0,0,NPU,0,0,0,0,0,0,1.0,hot,0,0,0,0,1.0,0
0,3,meta-llama/Llama-3.1-8B,26,209,570907775,6721609760,6150701985,21888444,50436067,33517944,"[26802818, 25052199, 25052199, 25052199, 25052199, 25052199, 25052199, 25052199, 59242245, 25354389, 171718242, 146422271, 25755166, 25755166, 25755166, 25755166, 25755166, 25755166, 27679889, 25802576, 25802576, 25802576, 25802576, 25802576, 25802576, 27579202, 27566604, 27529230, 285739312, 50600609, 30154385, 26822699, 29747880, 26844708, 93558915, 27059851, 27059851, 29019418, 190839741, 146937332, 63155925, 27764953, 27764953, 27764953, 27764953, 27764953, 27764953, 27764953, 27764953, 27764953, 27764953, 27684411, 27684411, 27684411, 27684411, 27684411, 27684411, 27684411, 27684411, 27685307, 27685307, 27685307, 27685307, 27685307, 27685307, 27685307, 27685307, 27685307, 27685307, 27685307, 27685307, 27685307, 27685307, 27685307, 27685307, 27685307, 27685307, 27685307, 27685307, 27685307, 27685307, 27685307, 27685307, 27685307, 27685307, 27685307, 27685307, 26520888, 362654305, 25637526, 25637526, 25637526, 25637526, 25637526, 25637526, 25637526, 25637526, 25637526, 25637526, 25649622, 25649622, 25649622, 25649622, 25649622, 25649622, 25649622, 25649622, 25649622, 25649622, 25649622, 25649622, 25649622, 25649622, 25649622, 25649622, 25649622, 25649622, 25649622, 25649622, 25649622, 25649622, 25649622, 25649622, 25649622, 25649622, 25649622, 25649622, 25649622, 25649622, 25649622, 25649622, 25649622, 25649622, 25649622, 25649622, 25649622, 25649622, 25649622, 25649622, 25649622, 25649622, 25649622, 25649622, 25649622, 25649622, 25649622, 25649622, 25649622, 25649622, 25649622, 25649622, 25649622, 25649622, 25649622, 25649622, 25649622, 25649622, 25649622, 25649622, 25649622, 25649622, 25649622, 25649622, 25614678, 25614678, 25614678, 25614678, 25614678, 25614678, 25614678, 25614678, 25614678, 25614678, 25614678, 25614678, 25614678, 25614678, 25614678, 25614678, 25614678, 25614678, 25614678]",0,0,0,NPU,0,0,0,0,0,0,1.0,hot,0,0,0,0,1.0,0
0,6,meta-llama/Llama-3.1-8B,10,245,610813767,8104511120,7493697353,10530075,37332893,31864805,"[25052199, 25052199, 25052199, 25052199, 25052199, 25052199, 25052199, 59242245, 25354389, 171718242, 146422271, 25755166, 25755166, 25755166, 25755166, 25755166, 25755166, 27679889, 25802576, 25802576, 25802576, 25802576, 25802576, 25802576, 27579202, 27566604, 27529230, 285739312, 50600609, 30154385, 26822699, 29747880, 26844708, 93558915, 27059851, 27059851, 29019418, 190839741, 146937332, 63155925, 27764953, 27764953, 27764953, 27764953, 27764953, 27764953, 27764953, 27764953, 27764953, 27764953, 27684411, 27684411, 27684411, 27684411, 27684411, 27684411, 27684411, 27684411, 27685307, 27685307, 27685307, 27685307, 27685307, 27685307, 27685307, 27685307, 27685307, 27685307, 27685307, 27685307, 27685307, 27685307, 27685307, 27685307, 27685307, 27685307, 27685307, 27685307, 27685307, 27685307, 27685307, 27685307, 27685307, 27685307, 27685307, 27685307, 26520888, 362654305, 25637526, 25637526, 25637526, 25637526, 25637526, 25637526, 25637526, 25637526, 25637526, 25637526, 25649622, 25649622, 25649622, 25649622, 25649622, 25649622, 25649622, 25649622, 25649622, 25649622, 25649622, 25649622, 25649622, 25649622, 25649622, 25649622, 25649622, 25649622, 25649622, 25649622, 25649622, 25649622, 25649622, 25649622, 25649622, 25649622, 25649622, 25649622, 25649622, 25649622, 25649622, 25649622, 25649622, 25649622, 25649622, 25649622, 25649622, 25649622, 25649622, 25649622, 25649622, 25649622, 25649622, 25649622, 25649622, 25649622, 25649622, 25649622, 25649622, 25649622, 25649622, 25649622, 25649622, 25649622, 25649622, 25649622, 25649622, 25649622, 25649622, 25649622, 25649622, 25649622, 25649622, 25649622, 25614678, 25614678, 25614678, 25614678, 25614678, 25614678, 25614678, 25614678, 25614678, 25614678, 25614678, 25614678, 25614678, 25614678, 25614678, 25614678, 25614678, 25614678, 25614678, 25884336, 25884336, 25884336, 25884336, 25884336, 25884336, 25884336, 25884336, 25884336, 25884336, 25884336, 25884336, 25884336, 25884336, 25884336, 25884336, 25884336, 25884336, 25884336, 25884336, 25884336, 25884336, 25884336, 25884336, 25884336, 25884336, 25884336, 25884336, 25884336, 25884336, 25884336, 25884336, 25884336, 25884336, 26464944, 26464944, 26464944, 26464944, 26464944, 26464944, 26464944, 26464944, 26464944, 26464944, 26464944, 26464944, 26464944, 26464944, 26464944, 26464944, 26464944, 26464944, 26464944]",0,0,0,NPU,0,0,0,0,0,0,1.0,hot,0,0,0,0,1.0,0
0,2,meta-llama/Llama-3.1-8B,19,263,479613520,8210196488,7730582968,13088220,39885292,31648961,"[24432469, 24432469, 24432469, 28547623, 26802818, 25052199, 25052199, 25052199, 25052199, 25052199, 25052199, 25052199, 59242245, 25354389, 171718242, 146422271, 25755166, 25755166, 25755166, 25755166, 25755166, 25755166, 27679889, 25802576, 25802576, 25802576, 25802576, 25802576, 25802576, 27579202, 27566604, 27529230, 285739312, 50600609, 30154385, 26822699, 29747880, 26844708, 93558915, 27059851, 27059851, 29019418, 190839741, 146937332, 63155925, 27764953, 27764953, 27764953, 27764953, 27764953, 27764953, 27764953, 27764953, 27764953, 27764953, 27684411, 27684411, 27684411, 27684411, 27684411, 27684411, 27684411, 27684411, 27685307, 27685307, 27685307, 27685307, 27685307, 27685307, 27685307, 27685307, 27685307, 27685307, 27685307, 27685307, 27685307, 27685307, 27685307, 27685307, 27685307, 27685307, 27685307, 27685307, 27685307, 27685307, 27685307, 27685307, 27685307, 27685307, 27685307, 27685307, 26520888, 362654305, 25637526, 25637526, 25637526, 25637526, 25637526, 25637526, 25637526, 25637526, 25637526, 25637526, 25649622, 25649622, 25649622, 25649622, 25649622, 25649622, 25649622, 25649622, 25649622, 25649622, 25649622, 25649622, 25649622, 25649622, 25649622, 25649622, 25649622, 25649622, 25649622, 25649622, 25649622, 25649622, 25649622, 25649622, 25649622, 25649622, 25649622, 25649622, 25649622, 25649622, 25649622, 25649622, 25649622, 25649622, 25649622, 25649622, 25649622, 25649622, 25649622, 25649622, 25649622, 25649622, 25649622, 25649622, 25649622, 25649622, 25649622, 25649622, 25649622, 25649622, 25649622, 25649622, 25649622, 25649622, 25649622, 25649622, 25649622, 25649622, 25649622, 25649622, 25649622, 25649622, 25649622, 25649622, 25614678, 25614678, 25614678, 25614678, 25614678, 25614678, 25614678, 25614678, 25614678, 25614678, 25614678, 25614678, 25614678, 25614678, 25614678, 25614678, 25614678, 25614678, 25614678, 25884336, 25884336, 25884336, 25884336, 25884336, 25884336, 25884336, 25884336, 25884336, 25884336, 25884336, 25884336, 25884336, 25884336, 25884336, 25884336, 25884336, 25884336, 25884336, 25884336, 25884336, 25884336, 25884336, 25884336, 25884336, 25884336, 25884336, 25884336, 25884336, 25884336, 25884336, 25884336, 25884336, 25884336, 26464944, 26464944, 26464944, 26464944, 26464944, 26464944, 26464944, 26464944, 26464944, 26464944, 26464944, 26464944, 26464944, 26464944, 26464944, 26464944, 26464944, 26464944, 26464944, 26421342, 26421342, 26421342, 26421342]",0,0,0,NPU,0,0,0,0,0,0,1.0,hot,0,0,0,0,1.0,0
0,8,meta-llama/Llama-3.1-8B,920,1193,903845068,9359408376,8455563308,4263619,175981861,30439637,"[146422271, 25755166, 25755166, 25755166, 25755166, 25755166, 25755166, 27679889, 25802576, 25802576, 25802576, 25802576, 25802576, 25802576, 27579202, 27566604, 27529230, 285739312, 50600609, 30154385, 26822699, 29747880, 26844708, 93558915, 27059851, 27059851, 29019418, 190839741, 146937332, 63155925, 27764953, 27764953, 27764953, 27764953, 27764953, 27764953, 27764953, 27764953, 27764953, 27764953, 27684411, 27684411, 27684411, 27684411, 27684411, 27684411, 27684411, 27684411, 27685307, 27685307, 27685307, 27685307, 27685307, 27685307, 27685307, 27685307, 27685307, 27685307, 27685307, 27685307, 27685307, 27685307, 27685307, 27685307, 27685307, 27685307, 27685307, 27685307, 27685307, 27685307, 27685307, 27685307, 27685307, 27685307, 27685307, 27685307, 26520888, 362654305, 25637526, 25637526, 25637526, 25637526, 25637526, 25637526, 25637526, 25637526, 25637526, 25637526, 25649622, 25649622, 25649622, 25649622, 25649622, 25649622, 25649622, 25649622, 25649622, 25649622, 25649622, 25649622, 25649622, 25649622, 25649622, 25649622, 25649622, 25649622, 25649622, 25649622, 25649622, 25649622, 25649622, 25649622, 25649622, 25649622, 25649622, 25649622, 25649622, 25649622, 25649622, 25649622, 25649622, 25649622, 25649622, 25649622, 25649622, 25649622, 25649622, 25649622, 25649622, 25649622, 25649622, 25649622, 25649622, 25649622, 25649622, 25649622, 25649622, 25649622, 25649622, 25649622, 25649622, 25649622, 25649622, 25649622, 25649622, 25649622, 25649622, 25649622, 25649622, 25649622, 25649622, 25649622, 25614678, 25614678, 25614678, 25614678, 25614678, 25614678, 25614678, 25614678, 25614678, 25614678, 25614678, 25614678, 25614678, 25614678, 25614678, 25614678, 25614678, 25614678, 25614678, 25884336, 25884336, 25884336, 25884336, 25884336, 25884336, 25884336, 25884336, 25884336, 25884336, 25884336, 25884336, 25884336, 25884336, 25884336, 25884336, 25884336, 25884336, 25884336, 25884336, 25884336, 25884336, 25884336, 25884336, 25884336, 25884336, 25884336, 25884336, 25884336, 25884336, 25884336, 25884336, 25884336, 25884336, 26464944, 26464944, 26464944, 26464944, 26464944, 26464944, 26464944, 26464944, 26464944, 26464944, 26464944, 26464944, 26464944, 26464944, 26464944, 26464944, 26464944, 26464944, 26464944, 26421342, 26421342, 26421342, 26421342, 26097524, 26097524, 26097524, 26097524, 26097524, 26097524, 26097524, 26097524, 26097524, 26097524, 26097524, 26125428, 26125428, 26125428, 26125428, 26125428, 26125428, 26125428, 26125428, 26125428, 26125428, 26125428, 26125428, 26125428, 26125428, 26125428, 26125428, 26125428, 26125428, 26125428, 26125428, 26125428, 26125428, 26125428, 26125428, 26125428, 26125428, 26125428, 26125428, 26125428, 26125428, 26125428, 26125428, 26125428]",0,0,0,NPU,0,0,0,0,0,0,1.0,hot,0,0,0,0,1.0,0
0,5,meta-llama/Llama-3.1-8B,9,310,604829891,9824184972,9219355081,16513951,43316769,30586794,"[25052199, 25052199, 25052199, 25052199, 25052199, 25052199, 25052199, 59242245, 25354389, 171718242, 146422271, 25755166, 25755166, 25755166, 25755166, 25755166, 25755166, 27679889, 25802576, 25802576, 25802576, 25802576, 25802576, 25802576, 27579202, 27566604, 27529230, 285739312, 50600609, 30154385, 26822699, 29747880, 26844708, 93558915, 27059851, 27059851, 29019418, 190839741, 146937332, 63155925, 27764953, 27764953, 27764953, 27764953, 27764953, 27764953, 27764953, 27764953, 27764953, 27764953, 27684411, 27684411, 27684411, 27684411, 27684411, 27684411, 27684411, 27684411, 27685307, 27685307, 27685307, 27685307, 27685307, 27685307, 27685307, 27685307, 27685307, 27685307, 27685307, 27685307, 27685307, 27685307, 27685307, 27685307, 27685307, 27685307, 27685307, 27685307, 27685307, 27685307, 27685307, 27685307, 27685307, 27685307, 27685307, 27685307, 26520888, 362654305, 25637526, 25637526, 25637526, 25637526, 25637526, 25637526, 25637526, 25637526, 25637526, 25637526, 25649622, 25649622, 25649622, 25649622, 25649622, 25649622, 25649622, 25649622, 25649622, 25649622, 25649622, 25649622, 25649622, 25649622, 25649622, 25649622, 25649622, 25649622, 25649622, 25649622, 25649622, 25649622, 25649622, 25649622, 25649622, 25649622, 25649622, 25649622, 25649622, 25649622, 25649622, 25649622, 25649622, 25649622, 25649622, 25649622, 25649622, 25649622, 25649622, 25649622, 25649622, 25649622, 25649622, 25649622, 25649622, 25649622, 25649622, 25649622, 25649622, 25649622, 25649622, 25649622, 25649622, 25649622, 25649622, 25649622, 25649622, 25649622, 25649622, 25649622, 25649622, 25649622, 25649622, 25649622, 25614678, 25614678, 25614678, 25614678, 25614678, 25614678, 25614678, 25614678, 25614678, 25614678, 25614678, 25614678, 25614678, 25614678, 25614678, 25614678, 25614678, 25614678, 25614678, 25884336, 25884336, 25884336, 25884336, 25884336, 25884336, 25884336, 25884336, 25884336, 25884336, 25884336, 25884336, 25884336, 25884336, 25884336, 25884336, 25884336, 25884336, 25884336, 25884336, 25884336, 25884336, 25884336, 25884336, 25884336, 25884336, 25884336, 25884336, 25884336, 25884336, 25884336, 25884336, 25884336, 25884336, 26464944, 26464944, 26464944, 26464944, 26464944, 26464944, 26464944, 26464944, 26464944, 26464944, 26464944, 26464944, 26464944, 26464944, 26464944, 26464944, 26464944, 26464944, 26464944, 26421342, 26421342, 26421342, 26421342, 26097524, 26097524, 26097524, 26097524, 26097524, 26097524, 26097524, 26097524, 26097524, 26097524, 26097524, 26125428, 26125428, 26125428, 26125428, 26125428, 26125428, 26125428, 26125428, 26125428, 26125428, 26125428, 26125428, 26125428, 26125428, 26125428, 26125428, 26125428, 26125428, 26125428, 26125428, 26125428, 26125428, 26125428, 26125428, 26125428, 26125428, 26125428, 26125428, 26125428, 26125428, 26125428, 26125428, 26125428, 25820922, 25820922, 25820922, 25820922, 25820922, 25820922, 25820922, 25820922, 25820922, 25820922, 25820922, 25820922, 25820922, 25820922, 25820922, 25820922, 25820922, 25820922]",0,0,0,NPU,0,0,0,0,0,0,1.0,hot,0,0,0,0,1.0,0
0,1,meta-llama/Llama-3.1-8B,9,342,347938951,10265269969,9917331018,19924492,46838713,29730398,"[24481019, 24481019, 24481019, 24481019, 26797072, 24432469, 24432469, 24432469, 28547623, 26802818, 25052199, 25052199, 25052199, 25052199, 25052199, 25052199, 25052199, 59242245, 25354389, 171718242, 146422271, 25755166, 25755166, 25755166, 25755166, 25755166, 25755166, 27679889, 25802576, 25802576, 25802576, 25802576, 25802576, 25802576, 27579202, 27566604, 27529230, 285739312, 50600609, 30154385, 26822699, 29747880, 26844708, 93558915, 27059851, 27059851, 29019418, 190839741, 146937332, 63155925, 27764953, 27764953, 27764953, 27764953, 27764953, 27764953, 27764953, 27764953, 27764953, 27764953, 27684411, 27684411, 27684411, 27684411, 27684411, 27684411, 27684411, 27684411, 27685307, 27685307, 27685307, 27685307, 27685307, 27685307, 27685307, 27685307, 27685307, 27685307, 27685307, 27685307, 27685307, 27685307, 27685307, 27685307, 27685307, 27685307, 27685307, 27685307, 27685307, 27685307, 27685307, 27685307, 27685307, 27685307, 27685307, 27685307, 26520888, 24833243, 24833243, 24833243, 24833243, 24833243, 238488090, 25637526, 25637526, 25637526, 25637526, 25637526, 25637526, 25637526, 25637526, 25637526, 25637526, 25649622, 25649622, 25649622, 25649622, 25649622, 25649622, 25649622, 25649622, 25649622, 25649622, 25649622, 25649622, 25649622, 25649622, 25649622, 25649622, 25649622, 25649622, 25649622, 25649622, 25649622, 25649622, 25649622, 25649622, 25649622, 25649622, 25649622, 25649622, 25649622, 25649622, 25649622, 25649622, 25649622, 25649622, 25649622, 25649622, 25649622, 25649622, 25649622, 25649622, 25649622, 25649622, 25649622, 25649622, 25649622, 25649622, 25649622, 25649622, 25649622, 25649622, 25649622, 25649622, 25649622, 25649622, 25649622, 25649622, 25649622, 25649622, 25649622, 25649622, 25649622, 25649622, 25649622, 25649622, 25614678, 25614678, 25614678, 25614678, 25614678, 25614678, 25614678, 25614678, 25614678, 25614678, 25614678, 25614678, 25614678, 25614678, 25614678, 25614678, 25614678, 25614678, 25614678, 25884336, 25884336, 25884336, 25884336, 25884336, 25884336, 25884336, 25884336, 25884336, 25884336, 25884336, 25884336, 25884336, 25884336, 25884336, 25884336, 25884336, 25884336, 25884336, 25884336, 25884336, 25884336, 25884336, 25884336, 25884336, 25884336, 25884336, 25884336, 25884336, 25884336, 25884336, 25884336, 25884336, 25884336, 26464944, 26464944, 26464944, 26464944, 26464944, 26464944, 26464944, 26464944, 26464944, 26464944, 26464944, 26464944, 26464944, 26464944, 26464944, 26464944, 26464944, 26464944, 26464944, 26421342, 26421342, 26421342, 26421342, 26097524, 26097524, 26097524, 26097524, 26097524, 26097524, 26097524, 26097524, 26097524, 26097524, 26097524, 26125428, 26125428, 26125428, 26125428, 26125428, 26125428, 26125428, 26125428, 26125428, 26125428, 26125428, 26125428, 26125428, 26125428, 26125428, 26125428, 26125428, 26125428, 26125428, 26125428, 26125428, 26125428, 26125428, 26125428, 26125428, 26125428, 26125428, 26125428, 26125428, 26125428, 26125428, 26125428, 26125428, 25820922, 25820922, 25820922, 25820922, 25820922, 25820922, 25820922, 25820922, 25820922, 25820922, 25820922, 25820922, 25820922, 25820922, 25820922, 25820922, 25820922, 25820922, 25916533, 25916533, 25916533, 25916533, 25916533, 25916533, 25916533, 25916533, 25916533, 25916533, 25916533, 25916533, 25916533, 26042517, 26042517, 26042517, 26042517]",0,0,0,NPU,0,0,0,0,0,0,1.0,hot,0,0,0,0,1.0,0
0,11,meta-llama/Llama-3.1-8B,10,346,1379405751,11200179277,9820773526,1374445,29054334,29229012,"[25802576, 25802576, 25802576, 25802576, 25802576, 25802576, 27579202, 27566604, 27529230, 285739312, 50600609, 30154385, 26822699, 29747880, 26844708, 93558915, 27059851, 27059851, 29019418, 190839741, 146937332, 63155925, 27764953, 27764953, 27764953, 27764953, 27764953, 27764953, 27764953, 27764953, 27764953, 27764953, 27684411, 27684411, 27684411, 27684411, 27684411, 27684411, 27684411, 27684411, 27685307, 27685307, 27685307, 27685307, 27685307, 27685307, 27685307, 27685307, 27685307, 27685307, 27685307, 27685307, 27685307, 27685307, 27685307, 27685307, 27685307, 27685307, 27685307, 27685307, 27685307, 27685307, 27685307, 27685307, 27685307, 27685307, 27685307, 27685307, 26520888, 362654305, 25637526, 25637526, 25637526, 25637526, 25637526, 25637526, 25637526, 25637526, 25637526, 25637526, 25649622, 25649622, 25649622, 25649622, 25649622, 25649622, 25649622, 25649622, 25649622, 25649622, 25649622, 25649622, 25649622, 25649622, 25649622, 25649622, 25649622, 25649622, 25649622, 25649622, 25649622, 25649622, 25649622, 25649622, 25649622, 25649622, 25649622, 25649622, 25649622, 25649622, 25649622, 25649622, 25649622, 25649622, 25649622, 25649622, 25649622, 25649622, 25649622, 25649622, 25649622, 25649622, 25649622, 25649622, 25649622, 25649622, 25649622, 25649622, 25649622, 25649622, 25649622, 25649622, 25649622, 25649622, 25649622, 25649622, 25649622, 25649622, 25649622, 25649622, 25649622, 25649622, 25649622, 25649622, 25614678, 25614678, 25614678, 25614678, 25614678, 25614678, 25614678, 25614678, 25614678, 25614678, 25614678, 25614678, 25614678, 25614678, 25614678, 25614678, 25614678, 25614678, 25614678, 25884336, 25884336, 25884336, 25884336, 25884336, 25884336, 25884336, 25884336, 25884336, 25884336, 25884336, 25884336, 25884336, 25884336, 25884336, 25884336, 25884336, 25884336, 25884336, 25884336, 25884336, 25884336, 25884336, 25884336, 25884336, 25884336, 25884336, 25884336, 25884336, 25884336, 25884336, 25884336, 25884336, 25884336, 26464944, 26464944, 26464944, 26464944, 26464944, 26464944, 26464944, 26464944, 26464944, 26464944, 26464944, 26464944, 26464944, 26464944, 26464944, 26464944, 26464944, 26464944, 26464944, 26421342, 26421342, 26421342, 26421342, 26097524, 26097524, 26097524, 26097524, 26097524, 26097524, 26097524, 26097524, 26097524, 26097524, 26097524, 26125428, 26125428, 26125428, 26125428, 26125428, 26125428, 26125428, 26125428, 26125428, 26125428, 26125428, 26125428, 26125428, 26125428, 26125428, 26125428, 26125428, 26125428, 26125428, 26125428, 26125428, 26125428, 26125428, 26125428, 26125428, 26125428, 26125428, 26125428, 26125428, 26125428, 26125428, 26125428, 26125428, 25820922, 25820922, 25820922, 25820922, 25820922, 25820922, 25820922, 25820922, 25820922, 25820922, 25820922, 25820922, 25820922, 25820922, 25820922, 25820922, 25820922, 25820922, 25916533, 25916533, 25916533, 25916533, 25916533, 25916533, 25916533, 25916533, 25916533, 25916533, 25916533, 25916533, 25916533, 26042517, 26042517, 26042517, 26042517, 25969703, 25969703, 25969703, 25969703, 25969703, 25969703, 25969703, 25969703, 25969703, 25969703, 25969703, 25969703, 25969703, 25969703, 25969703, 25969703, 25969703, 25969703, 25969703, 25969703, 25969703, 25969703, 25969703, 25969703, 25969703, 25969703, 25969703, 25969703, 25969703, 25969703, 25969703, 25969703, 25969703, 25969703, 25969703, 25969703]",0,0,0,NPU,0,0,0,0,0,0,1.0,hot,0,0,0,0,1.0,0
0,0,meta-llama/Llama-3.1-8B,85,501,46926808,11979674887,11932748079,0,29098963,28683491,"[24319806, 24319806, 24319806, 24319806, 24319806, 24319806, 24319806, 24319806, 24319806, 24319806, 24319806, 24319806, 26914221, 24481019, 24481019, 24481019, 24481019, 26797072, 24432469, 24432469, 24432469, 28547623, 26802818, 25052199, 25052199, 25052199, 25052199, 25052199, 25052199, 25052199, 59242245, 25354389, 171718242, 146422271, 25755166, 25755166, 25755166, 25755166, 25755166, 25755166, 27679889, 25802576, 25802576, 25802576, 25802576, 25802576, 25802576, 27579202, 27566604, 27529230, 285739312, 50600609, 30154385, 26822699, 29747880, 26844708, 93558915, 27059851, 27059851, 29019418, 190839741, 146937332, 63155925, 27764953, 27764953, 27764953, 27764953, 27764953, 27764953, 27764953, 27764953, 27764953, 27764953, 27684411, 27684411, 27684411, 27684411, 27684411, 27684411, 27684411, 27684411, 27685307, 27685307, 27685307, 27685307, 27685307, 27685307, 27685307, 27685307, 27685307, 27685307, 27685307, 27685307, 27685307, 27685307, 27685307, 27685307, 27685307, 27685307, 27685307, 27685307, 27685307, 27685307, 27685307, 27685307, 27685307, 27685307, 27685307, 27685307, 26520888, 24833243, 24833243, 24833243, 24833243, 24833243, 25003134, 25003134, 25003134, 25003134, 25003134, 25003134, 25003134, 63466152, 25637526, 25637526, 25637526, 25637526, 25637526, 25637526, 25637526, 25637526, 25637526, 25637526, 25649622, 25649622, 25649622, 25649622, 25649622, 25649622, 25649622, 25649622, 25649622, 25649622, 25649622, 25649622, 25649622, 25649622, 25649622, 25649622, 25649622, 25649622, 25649622, 25649622, 25649622, 25649622, 25649622, 25649622, 25649622, 25649622, 25649622, 25649622, 25649622, 25649622, 25649622, 25649622, 25649622, 25649622, 25649622, 25649622, 25649622, 25649622, 25649622, 25649622, 25649622, 25649622, 25649622, 25649622, 25649622, 25649622, 25649622, 25649622, 25649622, 25649622, 25649622, 25649622, 25649622, 25649622, 25649622, 25649622, 25649622, 25649622, 25649622, 25649622, 25649622, 25649622, 25649622, 25649622, 25614678, 25614678, 25614678, 25614678, 25614678, 25614678, 25614678, 25614678, 25614678, 25614678, 25614678, 25614678, 25614678, 25614678, 25614678, 25614678, 25614678, 25614678, 25614678, 25884336, 25884336, 25884336, 25884336, 25884336, 25884336, 25884336, 25884336, 25884336, 25884336, 25884336, 25884336, 25884336, 25884336, 25884336, 25884336, 25884336, 25884336, 25884336, 25884336, 25884336, 25884336, 25884336, 25884336, 25884336, 25884336, 25884336, 25884336, 25884336, 25884336, 25884336, 25884336, 25884336, 25884336, 26464944, 26464944, 26464944, 26464944, 26464944, 26464944, 26464944, 26464944, 26464944, 26464944, 26464944, 26464944, 26464944, 26464944, 26464944, 26464944, 26464944, 26464944, 26464944, 26421342, 26421342, 26421342, 26421342, 26097524, 26097524, 26097524, 26097524, 26097524, 26097524, 26097524, 26097524, 26097524, 26097524, 26097524, 26125428, 26125428, 26125428, 26125428, 26125428, 26125428, 26125428, 26125428, 26125428, 26125428, 26125428, 26125428, 26125428, 26125428, 26125428, 26125428, 26125428, 26125428, 26125428, 26125428, 26125428, 26125428, 26125428, 26125428, 26125428, 26125428, 26125428, 26125428, 26125428, 26125428, 26125428, 26125428, 26125428, 25820922, 25820922, 25820922, 25820922, 25820922, 25820922, 25820922, 25820922, 25820922, 25820922, 25820922, 25820922, 25820922, 25820922, 25820922, 25820922, 25820922, 25820922, 25916533, 25916533, 25916533, 25916533, 25916533, 25916533, 25916533, 25916533, 25916533, 25916533, 25916533, 25916533, 25916533, 26042517, 26042517, 26042517, 26042517, 25969703, 25969703, 25969703, 25969703, 25969703, 25969703, 25969703, 25969703, 25969703, 25969703, 25969703, 25969703, 25969703, 25969703, 25969703, 25969703, 25969703, 25969703, 25969703, 25969703, 25969703, 25969703, 25969703, 25969703, 25969703, 25969703, 25969703, 25969703, 25969703, 25969703, 25969703, 25969703, 25969703, 25969703, 25969703, 25969703, 64555549, 26726923, 26726923, 26600885, 26600885, 26600885, 63726480, 25897854, 25897854, 25897854, 25897854, 25897854, 25897854, 25897854, 25897854, 25897854, 25897854, 25897854, 25897854, 25897854, 25897854, 25897854, 25897854, 25897854, 25897854, 25897854, 25897854]",0,0,0,NPU,0,0,0,0,0,0,1.0,hot,0,0,0,0,1.0,0
0,13,meta-llama/Llama-3.1-8B,11,376,1581917467,12365403136,10783485669,8937276,36503880,29524675,"[27529230, 285739312, 50600609, 30154385, 26822699, 29747880, 26844708, 93558915, 27059851, 27059851, 29019418, 190839741, 146937332, 63155925, 27764953, 27764953, 27764953, 27764953, 27764953, 27764953, 27764953, 27764953, 27764953, 27764953, 27684411, 27684411, 27684411, 27684411, 27684411, 27684411, 27684411, 27684411, 27685307, 27685307, 27685307, 27685307, 27685307, 27685307, 27685307, 27685307, 27685307, 27685307, 27685307, 27685307, 27685307, 27685307, 27685307, 27685307, 27685307, 27685307, 27685307, 27685307, 27685307, 27685307, 27685307, 27685307, 27685307, 27685307, 27685307, 27685307, 26520888, 362654305, 25637526, 25637526, 25637526, 25637526, 25637526, 25637526, 25637526, 25637526, 25637526, 25637526, 25649622, 25649622, 25649622, 25649622, 25649622, 25649622, 25649622, 25649622, 25649622, 25649622, 25649622, 25649622, 25649622, 25649622, 25649622, 25649622, 25649622, 25649622, 25649622, 25649622, 25649622, 25649622, 25649622, 25649622, 25649622, 25649622, 25649622, 25649622, 25649622, 25649622, 25649622, 25649622, 25649622, 25649622, 25649622, 25649622, 25649622, 25649622, 25649622, 25649622, 25649622, 25649622, 25649622, 25649622, 25649622, 25649622, 25649622, 25649622, 25649622, 25649622, 25649622, 25649622, 25649622, 25649622, 25649622, 25649622, 25649622, 25649622, 25649622, 25649622, 25649622, 25649622, 25649622, 25649622, 25614678, 25614678, 25614678, 25614678, 25614678, 25614678, 25614678, 25614678, 25614678, 25614678, 25614678, 25614678, 25614678, 25614678, 25614678, 25614678, 25614678, 25614678, 25614678, 25884336, 25884336, 25884336, 25884336, 25884336, 25884336, 25884336, 25884336, 25884336, 25884336, 25884336, 25884336, 25884336, 25884336, 25884336, 25884336, 25884336, 25884336, 25884336, 25884336, 25884336, 25884336, 25884336, 25884336, 25884336, 25884336, 25884336, 25884336, 25884336, 25884336, 25884336, 25884336, 25884336, 25884336, 26464944, 26464944, 26464944, 26464944, 26464944, 26464944, 26464944, 26464944, 26464944, 26464944, 26464944, 26464944, 26464944, 26464944, 26464944, 26464944, 26464944, 26464944, 26464944, 26421342, 26421342, 26421342, 26421342, 26097524, 26097524, 26097524, 26097524, 26097524, 26097524, 26097524, 26097524, 26097524, 26097524, 26097524, 26125428, 26125428, 26125428, 26125428, 26125428, 26125428, 26125428, 26125428, 26125428, 26125428, 26125428, 26125428, 26125428, 26125428, 26125428, 26125428, 26125428, 26125428, 26125428, 26125428, 26125428, 26125428, 26125428, 26125428, 26125428, 26125428, 26125428, 26125428, 26125428, 26125428, 26125428, 26125428, 26125428, 25820922, 25820922, 25820922, 25820922, 25820922, 25820922, 25820922, 25820922, 25820922, 25820922, 25820922, 25820922, 25820922, 25820922, 25820922, 25820922, 25820922, 25820922, 25916533, 25916533, 25916533, 25916533, 25916533, 25916533, 25916533, 25916533, 25916533, 25916533, 25916533, 25916533, 25916533, 26042517, 26042517, 26042517, 26042517, 25969703, 25969703, 25969703, 25969703, 25969703, 25969703, 25969703, 25969703, 25969703, 25969703, 25969703, 25969703, 25969703, 25969703, 25969703, 25969703, 25969703, 25969703, 25969703, 25969703, 25969703, 25969703, 25969703, 25969703, 25969703, 25969703, 25969703, 25969703, 25969703, 25969703, 25969703, 25969703, 25969703, 25969703, 25969703, 25969703, 64555549, 26726923, 26726923, 143529135, 25897854, 25897854, 25897854, 25897854, 25897854, 25897854, 25897854, 25897854, 25897854, 25897854, 25897854, 25897854, 25897854, 25897854, 25897854, 25897854, 25897854, 25897854, 25897854, 25897854, 64523829, 26695203, 26695203, 26695203, 26790979, 26790979, 26790979, 26790979, 26790979, 26790979, 26790979, 26790979, 26790979]",0,0,0,NPU,0,0,0,0,0,0,1.0,hot,0,0,0,0,1.0,0
0,9,meta-llama/Llama-3.1-8B,726,1117,1026970074,12579052648,11552082574,52856855,199279126,29109752,"[25755166, 25755166, 25755166, 25755166, 25755166, 25755166, 27679889, 25802576, 25802576, 25802576, 25802576, 25802576, 25802576, 27579202, 27566604, 27529230, 285739312, 50600609, 30154385, 26822699, 29747880, 26844708, 93558915, 27059851, 27059851, 29019418, 190839741, 146937332, 63155925, 27764953, 27764953, 27764953, 27764953, 27764953, 27764953, 27764953, 27764953, 27764953, 27764953, 27684411, 27684411, 27684411, 27684411, 27684411, 27684411, 27684411, 27684411, 27685307, 27685307, 27685307, 27685307, 27685307, 27685307, 27685307, 27685307, 27685307, 27685307, 27685307, 27685307, 27685307, 27685307, 27685307, 27685307, 27685307, 27685307, 27685307, 27685307, 27685307, 27685307, 27685307, 27685307, 27685307, 27685307, 27685307, 27685307, 26520888, 362654305, 25637526, 25637526, 25637526, 25637526, 25637526, 25637526, 25637526, 25637526, 25637526, 25637526, 25649622, 25649622, 25649622, 25649622, 25649622, 25649622, 25649622, 25649622, 25649622, 25649622, 25649622, 25649622, 25649622, 25649622, 25649622, 25649622, 25649622, 25649622, 25649622, 25649622, 25649622, 25649622, 25649622, 25649622, 25649622, 25649622, 25649622, 25649622, 25649622, 25649622, 25649622, 25649622, 25649622, 25649622, 25649622, 25649622, 25649622, 25649622, 25649622, 25649622, 25649622, 25649622, 25649622, 25649622, 25649622, 25649622, 25649622, 25649622, 25649622, 25649622, 25649622, 25649622, 25649622, 25649622, 25649622, 25649622, 25649622, 25649622, 25649622, 25649622, 25649622, 25649622, 25649622, 25649622, 25614678, 25614678, 25614678, 25614678, 25614678, 25614678, 25614678, 25614678, 25614678, 25614678, 25614678, 25614678, 25614678, 25614678, 25614678, 25614678, 25614678, 25614678, 25614678, 25884336, 25884336, 25884336, 25884336, 25884336, 25884336, 25884336, 25884336, 25884336, 25884336, 25884336, 25884336, 25884336, 25884336, 25884336, 25884336, 25884336, 25884336, 25884336, 25884336, 25884336, 25884336, 25884336, 25884336, 25884336, 25884336, 25884336, 25884336, 25884336, 25884336, 25884336, 25884336, 25884336, 25884336, 26464944, 26464944, 26464944, 26464944, 26464944, 26464944, 26464944, 26464944, 26464944, 26464944, 26464944, 26464944, 26464944, 26464944, 26464944, 26464944, 26464944, 26464944, 26464944, 26421342, 26421342, 26421342, 26421342, 26097524, 26097524, 26097524, 26097524, 26097524, 26097524, 26097524, 26097524, 26097524, 26097524, 26097524, 26125428, 26125428, 26125428, 26125428, 26125428, 26125428, 26125428, 26125428, 26125428, 26125428, 26125428, 26125428, 26125428, 26125428, 26125428, 26125428, 26125428, 26125428, 26125428, 26125428, 26125428, 26125428, 26125428, 26125428, 26125428, 26125428, 26125428, 26125428, 26125428, 26125428, 26125428, 26125428, 26125428, 25820922, 25820922, 25820922, 25820922, 25820922, 25820922, 25820922, 25820922, 25820922, 25820922, 25820922, 25820922, 25820922, 25820922, 25820922, 25820922, 25820922, 25820922, 25916533, 25916533, 25916533, 25916533, 25916533, 25916533, 25916533, 25916533, 25916533, 25916533, 25916533, 25916533, 25916533, 26042517, 26042517, 26042517, 26042517, 25969703, 25969703, 25969703, 25969703, 25969703, 25969703, 25969703, 25969703, 25969703, 25969703, 25969703, 25969703, 25969703, 25969703, 25969703, 25969703, 25969703, 25969703, 25969703, 25969703, 25969703, 25969703, 25969703, 25969703, 25969703, 25969703, 25969703, 25969703, 25969703, 25969703, 25969703, 25969703, 25969703, 25969703, 25969703, 25969703, 64555549, 26726923, 26726923, 26600885, 26600885, 26600885, 63726480, 25897854, 25897854, 25897854, 25897854, 25897854, 25897854, 25897854, 25897854, 25897854, 25897854, 25897854, 25897854, 25897854, 25897854, 25897854, 25897854, 25897854, 25897854, 25897854, 25897854, 64523829, 26695203, 26695203, 26695203, 26790979, 26790979, 26790979, 26790979, 26790979, 26790979, 26790979, 26790979, 26790979, 26706189, 26706189, 26706189, 26706189, 26706189, 26706189, 26706189, 26706189]",0,0,0,NPU,0,0,0,0,0,0,1.0,hot,0,0,0,0,1.0,0
0,7,meta-llama/Llama-3.1-8B,253,668,811936853,13136758228,12324821375,11575200,70817445,29599043,"[25354389, 171718242, 146422271, 25755166, 25755166, 25755166, 25755166, 25755166, 25755166, 27679889, 25802576, 25802576, 25802576, 25802576, 25802576, 25802576, 27579202, 27566604, 27529230, 285739312, 50600609, 30154385, 26822699, 29747880, 26844708, 93558915, 27059851, 27059851, 29019418, 190839741, 146937332, 63155925, 27764953, 27764953, 27764953, 27764953, 27764953, 27764953, 27764953, 27764953, 27764953, 27764953, 27684411, 27684411, 27684411, 27684411, 27684411, 27684411, 27684411, 27684411, 27685307, 27685307, 27685307, 27685307, 27685307, 27685307, 27685307, 27685307, 27685307, 27685307, 27685307, 27685307, 27685307, 27685307, 27685307, 27685307, 27685307, 27685307, 27685307, 27685307, 27685307, 27685307, 27685307, 27685307, 27685307, 27685307, 27685307, 27685307, 26520888, 362654305, 25637526, 25637526, 25637526, 25637526, 25637526, 25637526, 25637526, 25637526, 25637526, 25637526, 25649622, 25649622, 25649622, 25649622, 25649622, 25649622, 25649622, 25649622, 25649622, 25649622, 25649622, 25649622, 25649622, 25649622, 25649622, 25649622, 25649622, 25649622, 25649622, 25649622, 25649622, 25649622, 25649622, 25649622, 25649622, 25649622, 25649622, 25649622, 25649622, 25649622, 25649622, 25649622, 25649622, 25649622, 25649622, 25649622, 25649622, 25649622, 25649622, 25649622, 25649622, 25649622, 25649622, 25649622, 25649622, 25649622, 25649622, 25649622, 25649622, 25649622, 25649622, 25649622, 25649622, 25649622, 25649622, 25649622, 25649622, 25649622, 25649622, 25649622, 25649622, 25649622, 25649622, 25649622, 25614678, 25614678, 25614678, 25614678, 25614678, 25614678, 25614678, 25614678, 25614678, 25614678, 25614678, 25614678, 25614678, 25614678, 25614678, 25614678, 25614678, 25614678, 25614678, 25884336, 25884336, 25884336, 25884336, 25884336, 25884336, 25884336, 25884336, 25884336, 25884336, 25884336, 25884336, 25884336, 25884336, 25884336, 25884336, 25884336, 25884336, 25884336, 25884336, 25884336, 25884336, 25884336, 25884336, 25884336, 25884336, 25884336, 25884336, 25884336, 25884336, 25884336, 25884336, 25884336, 25884336, 26464944, 26464944, 26464944, 26464944, 26464944, 26464944, 26464944, 26464944, 26464944, 26464944, 26464944, 26464944, 26464944, 26464944, 26464944, 26464944, 26464944, 26464944, 26464944, 26421342, 26421342, 26421342, 26421342, 26097524, 26097524, 26097524, 26097524, 26097524, 26097524, 26097524, 26097524, 26097524, 26097524, 26097524, 26125428, 26125428, 26125428, 26125428, 26125428, 26125428, 26125428, 26125428, 26125428, 26125428, 26125428, 26125428, 26125428, 26125428, 26125428, 26125428, 26125428, 26125428, 26125428, 26125428, 26125428, 26125428, 26125428, 26125428, 26125428, 26125428, 26125428, 26125428, 26125428, 26125428, 26125428, 26125428, 26125428, 25820922, 25820922, 25820922, 25820922, 25820922, 25820922, 25820922, 25820922, 25820922, 25820922, 25820922, 25820922, 25820922, 25820922, 25820922, 25820922, 25820922, 25820922, 25916533, 25916533, 25916533, 25916533, 25916533, 25916533, 25916533, 25916533, 25916533, 25916533, 25916533, 25916533, 25916533, 26042517, 26042517, 26042517, 26042517, 25969703, 25969703, 25969703, 25969703, 25969703, 25969703, 25969703, 25969703, 25969703, 25969703, 25969703, 25969703, 25969703, 25969703, 25969703, 25969703, 25969703, 25969703, 25969703, 25969703, 25969703, 25969703, 25969703, 25969703, 25969703, 25969703, 25969703, 25969703, 25969703, 25969703, 25969703, 25969703, 25969703, 25969703, 25969703, 25969703, 64555549, 26726923, 26726923, 26600885, 26600885, 26600885, 63726480, 25897854, 25897854, 25897854, 25897854, 25897854, 25897854, 25897854, 25897854, 25897854, 25897854, 25897854, 25897854, 25897854, 25897854, 25897854, 25897854, 25897854, 25897854, 25897854, 25897854, 64523829, 26695203, 26695203, 26695203, 26790979, 26790979, 26790979, 26790979, 26790979, 26790979, 26790979, 26790979, 26790979, 26706189, 26706189, 26706189, 26706189, 26706189, 26706189, 26706189, 26706189, 26553020, 26553020, 26553020, 26553020, 26553020, 26553020, 26553020, 26553020, 26553020, 26553020, 26553020, 26553020, 26553020, 26553020, 26553020, 26553020, 26553020, 26553020, 26553020, 26553020, 26645180]",0,0,0,NPU,0,0,0,0,0,0,1.0,hot,0,0,0,0,1.0,0
0,23,meta-llama/Llama-3.1-8B,21,134,2013730478,13479305316,11465574838,25537104,55284984,101877587,"[26844708, 93558915, 27059851, 27059851, 29019418, 190839741, 146937332, 63155925, 27764953, 27764953, 27764953, 27764953, 27764953, 27764953, 27764953, 27764953, 27764953, 27764953, 27684411, 27684411, 27684411, 27684411, 27684411, 27684411, 27684411, 27684411, 27685307, 27685307, 27685307, 27685307, 27685307, 27685307, 27685307, 27685307, 27685307, 27685307, 27685307, 27685307, 27685307, 27685307, 27685307, 27685307, 27685307, 27685307, 27685307, 27685307, 27685307, 27685307, 27685307, 27685307, 27685307, 27685307, 27685307, 27685307, 7316930209, 26726923, 26726923, 726010044, 26695203, 26695203, 26695203, 26790979, 26790979, 26790979, 26790979, 26790979, 26790979, 26790979, 26790979, 26790979, 26706189, 26706189, 26706189, 26706189, 26706189, 26706189, 26706189, 26706189, 26553020, 26553020, 26553020, 26553020, 26553020, 26553020, 26553020, 26553020, 26553020, 26553020, 26553020, 26553020, 26553020, 26553020, 26553020, 26553020, 26553020, 26553020, 26553020, 26553020, 26645180, 26349776, 26349776, 26349776, 26349776, 26349776, 26349776, 26349776, 26349776, 26349776, 26349776, 26349776, 26349776, 26349776]",0,0,0,NPU,0,0,0,0,0,0,1.0,hot,0,0,0,0,1.0,0
0,28,meta-llama/Llama-3.1-8B,20,153,2412644520,14191589238,11778944718,50753426,197690758,87736772,"[63155925, 27764953, 27764953, 27764953, 27764953, 27764953, 27764953, 27764953, 27764953, 27764953, 27764953, 27684411, 27684411, 27684411, 27684411, 27684411, 27684411, 27684411, 27684411, 27685307, 27685307, 27685307, 27685307, 27685307, 27685307, 27685307, 27685307, 27685307, 27685307, 27685307, 27685307, 27685307, 27685307, 27685307, 27685307, 27685307, 27685307, 27685307, 27685307, 27685307, 27685307, 27685307, 27685307, 27685307, 27685307, 27685307, 27685307, 7316930209, 26726923, 26726923, 726010044, 26695203, 26695203, 26695203, 26790979, 26790979, 26790979, 26790979, 26790979, 26790979, 26790979, 26790979, 26790979, 26706189, 26706189, 26706189, 26706189, 26706189, 26706189, 26706189, 26706189, 26553020, 26553020, 26553020, 26553020, 26553020, 26553020, 26553020, 26553020, 26553020, 26553020, 26553020, 26553020, 26553020, 26553020, 26553020, 26553020, 26553020, 26553020, 26553020, 26553020, 26645180, 26349776, 26349776, 26349776, 26349776, 26349776, 26349776, 26349776, 26349776, 26349776, 26349776, 26349776, 26349776, 26349776, 26380886, 26380886, 26380886, 26380886, 26380886, 26380886, 26380886, 26380886, 26380886, 26380886, 26380886, 26380886, 26380886, 26380886, 26380886, 26380886, 26380886, 26380886, 26380886, 26380886, 26380886, 26380886, 26380886, 26380886, 26380886, 26380886, 26380886]",0,0,0,NPU,0,0,0,0,0,0,1.0,hot,0,0,0,0,1.0,0
0,10,meta-llama/Llama-3.1-8B,22,492,1029050004,14751553230,13722503226,50776925,197199196,28838601,"[25755166, 25755166, 25755166, 25755166, 25755166, 25755166, 27679889, 25802576, 25802576, 25802576, 25802576, 25802576, 25802576, 27579202, 27566604, 27529230, 285739312, 50600609, 30154385, 26822699, 29747880, 26844708, 93558915, 27059851, 27059851, 29019418, 190839741, 146937332, 63155925, 27764953, 27764953, 27764953, 27764953, 27764953, 27764953, 27764953, 27764953, 27764953, 27764953, 27684411, 27684411, 27684411, 27684411, 27684411, 27684411, 27684411, 27684411, 27685307, 27685307, 27685307, 27685307, 27685307, 27685307, 27685307, 27685307, 27685307, 27685307, 27685307, 27685307, 27685307, 27685307, 27685307, 27685307, 27685307, 27685307, 27685307, 27685307, 27685307, 27685307, 27685307, 27685307, 27685307, 27685307, 27685307, 27685307, 26520888, 362654305, 25637526, 25637526, 25637526, 25637526, 25637526, 25637526, 25637526, 25637526, 25637526, 25637526, 25649622, 25649622, 25649622, 25649622, 25649622, 25649622, 25649622, 25649622, 25649622, 25649622, 25649622, 25649622, 25649622, 25649622, 25649622, 25649622, 25649622, 25649622, 25649622, 25649622, 25649622, 25649622, 25649622, 25649622, 25649622, 25649622, 25649622, 25649622, 25649622, 25649622, 25649622, 25649622, 25649622, 25649622, 25649622, 25649622, 25649622, 25649622, 25649622, 25649622, 25649622, 25649622, 25649622, 25649622, 25649622, 25649622, 25649622, 25649622, 25649622, 25649622, 25649622, 25649622, 25649622, 25649622, 25649622, 25649622, 25649622, 25649622, 25649622, 25649622, 25649622, 25649622, 25649622, 25649622, 25614678, 25614678, 25614678, 25614678, 25614678, 25614678, 25614678, 25614678, 25614678, 25614678, 25614678, 25614678, 25614678, 25614678, 25614678, 25614678, 25614678, 25614678, 25614678, 25884336, 25884336, 25884336, 25884336, 25884336, 25884336, 25884336, 25884336, 25884336, 25884336, 25884336, 25884336, 25884336, 25884336, 25884336, 25884336, 25884336, 25884336, 25884336, 25884336, 25884336, 25884336, 25884336, 25884336, 25884336, 25884336, 25884336, 25884336, 25884336, 25884336, 25884336, 25884336, 25884336, 25884336, 26464944, 26464944, 26464944, 26464944, 26464944, 26464944, 26464944, 26464944, 26464944, 26464944, 26464944, 26464944, 26464944, 26464944, 26464944, 26464944, 26464944, 26464944, 26464944, 26421342, 26421342, 26421342, 26421342, 26097524, 26097524, 26097524, 26097524, 26097524, 26097524, 26097524, 26097524, 26097524, 26097524, 26097524, 26125428, 26125428, 26125428, 26125428, 26125428, 26125428, 26125428, 26125428, 26125428, 26125428, 26125428, 26125428, 26125428, 26125428, 26125428, 26125428, 26125428, 26125428, 26125428, 26125428, 26125428, 26125428, 26125428, 26125428, 26125428, 26125428, 26125428, 26125428, 26125428, 26125428, 26125428, 26125428, 26125428, 25820922, 25820922, 25820922, 25820922, 25820922, 25820922, 25820922, 25820922, 25820922, 25820922, 25820922, 25820922, 25820922, 25820922, 25820922, 25820922, 25820922, 25820922, 25916533, 25916533, 25916533, 25916533, 25916533, 25916533, 25916533, 25916533, 25916533, 25916533, 25916533, 25916533, 25916533, 26042517, 26042517, 26042517, 26042517, 25969703, 25969703, 25969703, 25969703, 25969703, 25969703, 25969703, 25969703, 25969703, 25969703, 25969703, 25969703, 25969703, 25969703, 25969703, 25969703, 25969703, 25969703, 25969703, 25969703, 25969703, 25969703, 25969703, 25969703, 25969703, 25969703, 25969703, 25969703, 25969703, 25969703, 25969703, 25969703, 25969703, 25969703, 25969703, 25969703, 64555549, 26726923, 26726923, 143529135, 25897854, 25897854, 25897854, 25897854, 25897854, 25897854, 25897854, 25897854, 25897854, 25897854, 25897854, 25897854, 25897854, 25897854, 25897854, 25897854, 25897854, 25897854, 25897854, 25897854, 64523829, 26695203, 26695203, 26695203, 26790979, 26790979, 26790979, 26790979, 26790979, 26790979, 26790979, 26790979, 26790979, 26706189, 26706189, 26706189, 26706189, 26706189, 26706189, 26706189, 26706189, 26553020, 26553020, 26553020, 26553020, 26553020, 26553020, 26553020, 26553020, 26553020, 26553020, 26553020, 26553020, 26553020, 26553020, 26553020, 26553020, 26553020, 26553020, 26553020, 26553020, 26645180, 26349776, 26349776, 26349776, 26349776, 26349776, 26349776, 26349776, 26349776, 26349776, 26349776, 26349776, 26349776, 26349776, 26380886, 26380886, 26380886, 26380886, 26380886, 26380886, 26380886, 26380886, 26380886, 26380886, 26380886, 26380886, 26380886, 26380886, 26380886, 26380886, 26380886, 26380886, 26380886, 26380886, 26380886, 26380886, 26380886, 26380886, 26380886, 26380886, 26380886, 26535544, 26535544, 26535544, 26535544, 26535544, 26535544, 26535544, 26729656, 26729656, 26729656, 26729656, 26729656, 26729656, 26729656, 26729656, 26729656, 26729656, 26729656, 26729656, 26729656, 26729656]",0,0,0,NPU,0,0,0,0,0,0,1.0,hot,0,0,0,0,1.0,0
0,18,meta-llama/Llama-3.1-8B,6,180,1789468368,15019758010,13230289642,142221521,192822130,75361083,"[30154385, 26822699, 29747880, 26844708, 93558915, 27059851, 27059851, 29019418, 190839741, 146937332, 63155925, 27764953, 27764953, 27764953, 27764953, 27764953, 27764953, 27764953, 27764953, 27764953, 27764953, 27684411, 27684411, 27684411, 27684411, 27684411, 27684411, 27684411, 27684411, 27685307, 27685307, 27685307, 27685307, 27685307, 27685307, 27685307, 27685307, 27685307, 27685307, 27685307, 27685307, 27685307, 27685307, 27685307, 27685307, 27685307, 27685307, 27685307, 27685307, 27685307, 27685307, 27685307, 27685307, 27685307, 27685307, 27685307, 27685307, 7316930209, 26726923, 26726923, 726010044, 26695203, 26695203, 26695203, 26790979, 26790979, 26790979, 26790979, 26790979, 26790979, 26790979, 26790979, 26790979, 26706189, 26706189, 26706189, 26706189, 26706189, 26706189, 26706189, 26706189, 26553020, 26553020, 26553020, 26553020, 26553020, 26553020, 26553020, 26553020, 26553020, 26553020, 26553020, 26553020, 26553020, 26553020, 26553020, 26553020, 26553020, 26553020, 26553020, 26553020, 26645180, 26349776, 26349776, 26349776, 26349776, 26349776, 26349776, 26349776, 26349776, 26349776, 26349776, 26349776, 26349776, 26349776, 26380886, 26380886, 26380886, 26380886, 26380886, 26380886, 26380886, 26380886, 26380886, 26380886, 26380886, 26380886, 26380886, 26380886, 26380886, 26380886, 26380886, 26380886, 26380886, 26380886, 26380886, 26380886, 26380886, 26380886, 26380886, 26380886, 26380886, 26535544, 26535544, 26535544, 26535544, 26535544, 26535544, 26535544, 26729656, 26729656, 26729656, 26729656, 26729656, 26729656, 26729656, 26729656, 26729656, 26729656, 26729656, 26729656, 26729656, 26729656, 26820478, 26820478, 26820478, 26820478, 26820478, 26820478, 26820478, 26820478, 26820478, 26820478]",0,0,0,NPU,0,0,0,0,0,0,1.0,hot,0,0,0,0,1.0,0
0,12,meta-llama/Llama-3.1-8B,13,483,1558048705,15126309190,13568260485,5226836,32806038,28860244,"[27566604, 27529230, 285739312, 50600609, 30154385, 26822699, 29747880, 26844708, 93558915, 27059851, 27059851, 29019418, 190839741, 146937332, 63155925, 27764953, 27764953, 27764953, 27764953, 27764953, 27764953, 27764953, 27764953, 27764953, 27764953, 27684411, 27684411, 27684411, 27684411, 27684411, 27684411, 27684411, 27684411, 27685307, 27685307, 27685307, 27685307, 27685307, 27685307, 27685307, 27685307, 27685307, 27685307, 27685307, 27685307, 27685307, 27685307, 27685307, 27685307, 27685307, 27685307, 27685307, 27685307, 27685307, 27685307, 27685307, 27685307, 27685307, 27685307, 27685307, 27685307, 26520888, 362654305, 25637526, 25637526, 25637526, 25637526, 25637526, 25637526, 25637526, 25637526, 25637526, 25637526, 25649622, 25649622, 25649622, 25649622, 25649622, 25649622, 25649622, 25649622, 25649622, 25649622, 25649622, 25649622, 25649622, 25649622, 25649622, 25649622, 25649622, 25649622, 25649622, 25649622, 25649622, 25649622, 25649622, 25649622, 25649622, 25649622, 25649622, 25649622, 25649622, 25649622, 25649622, 25649622, 25649622, 25649622, 25649622, 25649622, 25649622, 25649622, 25649622, 25649622, 25649622, 25649622, 25649622, 25649622, 25649622, 25649622, 25649622, 25649622, 25649622, 25649622, 25649622, 25649622, 25649622, 25649622, 25649622, 25649622, 25649622, 25649622, 25649622, 25649622, 25649622, 25649622, 25649622, 25649622, 25614678, 25614678, 25614678, 25614678, 25614678, 25614678, 25614678, 25614678, 25614678, 25614678, 25614678, 25614678, 25614678, 25614678, 25614678, 25614678, 25614678, 25614678, 25614678, 25884336, 25884336, 25884336, 25884336, 25884336, 25884336, 25884336, 25884336, 25884336, 25884336, 25884336, 25884336, 25884336, 25884336, 25884336, 25884336, 25884336, 25884336, 25884336, 25884336, 25884336, 25884336, 25884336, 25884336, 25884336, 25884336, 25884336, 25884336, 25884336, 25884336, 25884336, 25884336, 25884336, 25884336, 26464944, 26464944, 26464944, 26464944, 26464944, 26464944, 26464944, 26464944, 26464944, 26464944, 26464944, 26464944, 26464944, 26464944, 26464944, 26464944, 26464944, 26464944, 26464944, 26421342, 26421342, 26421342, 26421342, 26097524, 26097524, 26097524, 26097524, 26097524, 26097524, 26097524, 26097524, 26097524, 26097524, 26097524, 26125428, 26125428, 26125428, 26125428, 26125428, 26125428, 26125428, 26125428, 26125428, 26125428, 26125428, 26125428, 26125428, 26125428, 26125428, 26125428, 26125428, 26125428, 26125428, 26125428, 26125428, 26125428, 26125428, 26125428, 26125428, 26125428, 26125428, 26125428, 26125428, 26125428, 26125428, 26125428, 26125428, 25820922, 25820922, 25820922, 25820922, 25820922, 25820922, 25820922, 25820922, 25820922, 25820922, 25820922, 25820922, 25820922, 25820922, 25820922, 25820922, 25820922, 25820922, 25916533, 25916533, 25916533, 25916533, 25916533, 25916533, 25916533, 25916533, 25916533, 25916533, 25916533, 25916533, 25916533, 26042517, 26042517, 26042517, 26042517, 25969703, 25969703, 25969703, 25969703, 25969703, 25969703, 25969703, 25969703, 25969703, 25969703, 25969703, 25969703, 25969703, 25969703, 25969703, 25969703, 25969703, 25969703, 25969703, 25969703, 25969703, 25969703, 25969703, 25969703, 25969703, 25969703, 25969703, 25969703, 25969703, 25969703, 25969703, 25969703, 25969703, 25969703, 25969703, 25969703, 64555549, 26726923, 26726923, 143529135, 25897854, 25897854, 25897854, 25897854, 25897854, 25897854, 25897854, 25897854, 25897854, 25897854, 25897854, 25897854, 25897854, 25897854, 25897854, 25897854, 25897854, 25897854, 25897854, 25897854, 64523829, 26695203, 26695203, 26695203, 26790979, 26790979, 26790979, 26790979, 26790979, 26790979, 26790979, 26790979, 26790979, 26706189, 26706189, 26706189, 26706189, 26706189, 26706189, 26706189, 26706189, 26553020, 26553020, 26553020, 26553020, 26553020, 26553020, 26553020, 26553020, 26553020, 26553020, 26553020, 26553020, 26553020, 26553020, 26553020, 26553020, 26553020, 26553020, 26553020, 26553020, 26645180, 26349776, 26349776, 26349776, 26349776, 26349776, 26349776, 26349776, 26349776, 26349776, 26349776, 26349776, 26349776, 26349776, 26380886, 26380886, 26380886, 26380886, 26380886, 26380886, 26380886, 26380886, 26380886, 26380886, 26380886, 26380886, 26380886, 26380886, 26380886, 26380886, 26380886, 26380886, 26380886, 26380886, 26380886, 26380886, 26380886, 26380886, 26380886, 26380886, 26380886, 26535544, 26535544, 26535544, 26535544, 26535544, 26535544, 26535544, 26729656, 26729656, 26729656, 26729656, 26729656, 26729656, 26729656, 26729656, 26729656, 26729656, 26729656, 26729656, 26729656, 26729656, 26820478, 26820478, 26820478, 26820478, 26820478, 26820478, 26820478, 26820478, 26820478, 26820478, 26637795, 26637795, 26637795, 26637795]",0,0,0,NPU,0,0,0,0,0,0,1.0,hot,0,0,0,0,1.0,0
0,19,meta-llama/Llama-3.1-8B,125,347,1823890667,16282409614,14458518947,107799222,158399831,64706421,"[30154385, 26822699, 29747880, 26844708, 93558915, 27059851, 27059851, 29019418, 190839741, 146937332, 63155925, 27764953, 27764953, 27764953, 27764953, 27764953, 27764953, 27764953, 27764953, 27764953, 27764953, 27684411, 27684411, 27684411, 27684411, 27684411, 27684411, 27684411, 27684411, 27685307, 27685307, 27685307, 27685307, 27685307, 27685307, 27685307, 27685307, 27685307, 27685307, 27685307, 27685307, 27685307, 27685307, 27685307, 27685307, 27685307, 27685307, 27685307, 27685307, 27685307, 27685307, 27685307, 27685307, 27685307, 27685307, 27685307, 27685307, 7316930209, 26726923, 26726923, 726010044, 26695203, 26695203, 26695203, 26790979, 26790979, 26790979, 26790979, 26790979, 26790979, 26790979, 26790979, 26790979, 26706189, 26706189, 26706189, 26706189, 26706189, 26706189, 26706189, 26706189, 26553020, 26553020, 26553020, 26553020, 26553020, 26553020, 26553020, 26553020, 26553020, 26553020, 26553020, 26553020, 26553020, 26553020, 26553020, 26553020, 26553020, 26553020, 26553020, 26553020, 26645180, 26349776, 26349776, 26349776, 26349776, 26349776, 26349776, 26349776, 26349776, 26349776, 26349776, 26349776, 26349776, 26349776, 26380886, 26380886, 26380886, 26380886, 26380886, 26380886, 26380886, 26380886, 26380886, 26380886, 26380886, 26380886, 26380886, 26380886, 26380886, 26380886, 26380886, 26380886, 26380886, 26380886, 26380886, 26380886, 26380886, 26380886, 26380886, 26380886, 26380886, 26535544, 26535544, 26535544, 26535544, 26535544, 26535544, 26535544, 26729656, 26729656, 26729656, 26729656, 26729656, 26729656, 26729656, 26729656, 26729656, 26729656, 26729656, 26729656, 26729656, 26729656, 26820478, 26820478, 26820478, 26820478, 26820478, 26820478, 26820478, 26820478, 26820478, 26820478, 26637795, 26637795, 26637795, 26637795, 26324758, 26324758, 26324758, 26324758, 26324758, 26324758, 26324758, 26324758, 26324758, 26324758, 26324758, 26324758, 26324758, 26324758, 26324758, 26324758, 26246582, 26246582, 26246582, 26246582, 26246582, 26246582, 26246582, 26246582, 26246582, 26246582, 26246582, 26246582, 26246582, 26246582, 26246582, 26246582, 26246582, 26246582, 26246582, 26246582, 26246582, 26246582, 26246582, 26246582, 26246582, 26246582, 26246582, 26246582]",0,0,0,NPU,0,0,0,0,0,0,1.0,hot,0,0,0,0,1.0,0
0,27,meta-llama/Llama-3.1-8B,14,230,2322894048,16388034638,14065140590,140503898,287441230,64082322,"[63155925, 27764953, 27764953, 27764953, 27764953, 27764953, 27764953, 27764953, 27764953, 27764953, 27764953, 27684411, 27684411, 27684411, 27684411, 27684411, 27684411, 27684411, 27684411, 27685307, 27685307, 27685307, 27685307, 27685307, 27685307, 27685307, 27685307, 27685307, 27685307, 27685307, 27685307, 27685307, 27685307, 27685307, 27685307, 27685307, 27685307, 27685307, 27685307, 27685307, 27685307, 27685307, 27685307, 27685307, 27685307, 27685307, 27685307, 7316930209, 26726923, 26726923, 726010044, 26695203, 26695203, 26695203, 26790979, 26790979, 26790979, 26790979, 26790979, 26790979, 26790979, 26790979, 26790979, 26706189, 26706189, 26706189, 26706189, 26706189, 26706189, 26706189, 26706189, 26553020, 26553020, 26553020, 26553020, 26553020, 26553020, 26553020, 26553020, 26553020, 26553020, 26553020, 26553020, 26553020, 26553020, 26553020, 26553020, 26553020, 26553020, 26553020, 26553020, 26645180, 26349776, 26349776, 26349776, 26349776, 26349776, 26349776, 26349776, 26349776, 26349776, 26349776, 26349776, 26349776, 26349776, 26380886, 26380886, 26380886, 26380886, 26380886, 26380886, 26380886, 26380886, 26380886, 26380886, 26380886, 26380886, 26380886, 26380886, 26380886, 26380886, 26380886, 26380886, 26380886, 26380886, 26380886, 26380886, 26380886, 26380886, 26380886, 26380886, 26380886, 26535544, 26535544, 26535544, 26535544, 26535544, 26535544, 26535544, 26729656, 26729656, 26729656, 26729656, 26729656, 26729656, 26729656, 26729656, 26729656, 26729656, 26729656, 26729656, 26729656, 26729656, 26820478, 26820478, 26820478, 26820478, 26820478, 26820478, 26820478, 26820478, 26820478, 26820478, 26637795, 26637795, 26637795, 26637795, 26324758, 26324758, 26324758, 26324758, 26324758, 26324758, 26324758, 26324758, 26324758, 26324758, 26324758, 26324758, 26324758, 26324758, 26324758, 26324758, 26246582, 26246582, 26246582, 26246582, 26246582, 26246582, 26246582, 26246582, 26246582, 26246582, 26246582, 26246582, 26246582, 26246582, 26246582, 26246582, 26246582, 26246582, 26246582, 26246582, 26246582, 26246582, 26246582, 26246582, 26246582, 26246582, 26246582, 26246582, 26406256, 26406256, 26406256, 26406256]",0,0,0,NPU,0,0,0,0,0,0,1.0,hot,0,0,0,0,1.0,0
0,26,meta-llama/Llama-3.1-8B,971,1236,2250691133,17655710702,15405019569,21867072,212706813,57546639,"[146937332, 63155925, 27764953, 27764953, 27764953, 27764953, 27764953, 27764953, 27764953, 27764953, 27764953, 27764953, 27684411, 27684411, 27684411, 27684411, 27684411, 27684411, 27684411, 27684411, 27685307, 27685307, 27685307, 27685307, 27685307, 27685307, 27685307, 27685307, 27685307, 27685307, 27685307, 27685307, 27685307, 27685307, 27685307, 27685307, 27685307, 27685307, 27685307, 27685307, 27685307, 27685307, 27685307, 27685307, 27685307, 27685307, 27685307, 27685307, 7316930209, 26726923, 26726923, 726010044, 26695203, 26695203, 26695203, 26790979, 26790979, 26790979, 26790979, 26790979, 26790979, 26790979, 26790979, 26790979, 26706189, 26706189, 26706189, 26706189, 26706189, 26706189, 26706189, 26706189, 26553020, 26553020, 26553020, 26553020, 26553020, 26553020, 26553020, 26553020, 26553020, 26553020, 26553020, 26553020, 26553020, 26553020, 26553020, 26553020, 26553020, 26553020, 26553020, 26553020, 26645180, 26349776, 26349776, 26349776, 26349776, 26349776, 26349776, 26349776, 26349776, 26349776, 26349776, 26349776, 26349776, 26349776, 26380886, 26380886, 26380886, 26380886, 26380886, 26380886, 26380886, 26380886, 26380886, 26380886, 26380886, 26380886, 26380886, 26380886, 26380886, 26380886, 26380886, 26380886, 26380886, 26380886, 26380886, 26380886, 26380886, 26380886, 26380886, 26380886, 26380886, 26535544, 26535544, 26535544, 26535544, 26535544, 26535544, 26535544, 26729656, 26729656, 26729656, 26729656, 26729656, 26729656, 26729656, 26729656, 26729656, 26729656, 26729656, 26729656, 26729656, 26729656, 26820478, 26820478, 26820478, 26820478, 26820478, 26820478, 26820478, 26820478, 26820478, 26820478, 26637795, 26637795, 26637795, 26637795, 26324758, 26324758, 26324758, 26324758, 26324758, 26324758, 26324758, 26324758, 26324758, 26324758, 26324758, 26324758, 26324758, 26324758, 26324758, 26324758, 26246582, 26246582, 26246582, 26246582, 26246582, 26246582, 26246582, 26246582, 26246582, 26246582, 26246582, 26246582, 26246582, 26246582, 26246582, 26246582, 26246582, 26246582, 26246582, 26246582, 26246582, 26246582, 26246582, 26246582, 26246582, 26246582, 26246582, 26246582, 26406256, 26406256, 26406256, 26406256, 26409918, 26409918, 26409918, 26409918, 26409918, 26409918, 26409918, 26409918, 26409918, 26409918, 26409918, 26409918, 26409918, 26409918, 26409918, 26409918, 26409918, 26409918, 26409918, 26409918, 26409918, 26409918, 26409918, 26409918, 26409918, 26409918, 26409918, 26409918, 26409918, 26409918, 26409918, 26409918, 26409918, 26409918, 26409918, 26409918, 26409918, 26409918, 26409918, 26409918, 26409918, 26409918, 26409918, 26409918, 26409918, 26409918, 26409918, 26409918]",0,0,0,NPU,0,0,0,0,0,0,1.0,hot,0,0,0,0,1.0,0
0,20,meta-llama/Llama-3.1-8B,32,307,1918527754,18007907320,16089379566,13162135,63762744,58487652,"[30154385, 26822699, 29747880, 26844708, 93558915, 27059851, 27059851, 29019418, 190839741, 146937332, 63155925, 27764953, 27764953, 27764953, 27764953, 27764953, 27764953, 27764953, 27764953, 27764953, 27764953, 27684411, 27684411, 27684411, 27684411, 27684411, 27684411, 27684411, 27684411, 27685307, 27685307, 27685307, 27685307, 27685307, 27685307, 27685307, 27685307, 27685307, 27685307, 27685307, 27685307, 27685307, 27685307, 27685307, 27685307, 27685307, 27685307, 27685307, 27685307, 27685307, 27685307, 27685307, 27685307, 27685307, 27685307, 27685307, 27685307, 7316930209, 26726923, 26726923, 726010044, 26695203, 26695203, 26695203, 26790979, 26790979, 26790979, 26790979, 26790979, 26790979, 26790979, 26790979, 26790979, 26706189, 26706189, 26706189, 26706189, 26706189, 26706189, 26706189, 26706189, 26553020, 26553020, 26553020, 26553020, 26553020, 26553020, 26553020, 26553020, 26553020, 26553020, 26553020, 26553020, 26553020, 26553020, 26553020, 26553020, 26553020, 26553020, 26553020, 26553020, 26645180, 26349776, 26349776, 26349776, 26349776, 26349776, 26349776, 26349776, 26349776, 26349776, 26349776, 26349776, 26349776, 26349776, 26380886, 26380886, 26380886, 26380886, 26380886, 26380886, 26380886, 26380886, 26380886, 26380886, 26380886, 26380886, 26380886, 26380886, 26380886, 26380886, 26380886, 26380886, 26380886, 26380886, 26380886, 26380886, 26380886, 26380886, 26380886, 26380886, 26380886, 26535544, 26535544, 26535544, 26535544, 26535544, 26535544, 26535544, 26729656, 26729656, 26729656, 26729656, 26729656, 26729656, 26729656, 26729656, 26729656, 26729656, 26729656, 26729656, 26729656, 26729656, 26820478, 26820478, 26820478, 26820478, 26820478, 26820478, 26820478, 26820478, 26820478, 26820478, 26637795, 26637795, 26637795, 26637795, 26324758, 26324758, 26324758, 26324758, 26324758, 26324758, 26324758, 26324758, 26324758, 26324758, 26324758, 26324758, 26324758, 26324758, 26324758, 26324758, 26246582, 26246582, 26246582, 26246582, 26246582, 26246582, 26246582, 26246582, 26246582, 26246582, 26246582, 26246582, 26246582, 26246582, 26246582, 26246582, 26246582, 26246582, 26246582, 26246582, 26246582, 26246582, 26246582, 26246582, 26246582, 26246582, 26246582, 26246582, 26406256, 26406256, 26406256, 26406256, 26409918, 26409918, 26409918, 26409918, 26409918, 26409918, 26409918, 26409918, 26409918, 26409918, 26409918, 26409918, 26409918, 26409918, 26409918, 26409918, 26409918, 26409918, 26409918, 26409918, 26409918, 26409918, 26409918, 26409918, 26409918, 26409918, 26409918, 26409918, 26409918, 26409918, 26409918, 26409918, 26409918, 26409918, 26409918, 26409918, 26409918, 26409918, 26409918, 26409918, 26409918, 26409918, 26409918, 26409918, 26409918, 26409918, 26409918, 26409918, 352196618]",0,0,0,NPU,0,0,0,0,0,0,1.0,hot,0,0,0,0,1.0,0
0,35,meta-llama/Llama-3.1-8B,17,22,3336021694,18251986894,14915965200,14671885626,14810249912,26428822,"[26428822, 26428822, 26428822, 26428822]",0,0,0,NPU,0,0,0,0,0,0,1.0,hot,0,0,0,0,1.0,0
0,25,meta-llama/Llama-3.1-8B,8,283,2228417547,18333847414,16105429867,15121240,44140658,58617843,"[190839741, 146937332, 63155925, 27764953, 27764953, 27764953, 27764953, 27764953, 27764953, 27764953, 27764953, 27764953, 27764953, 27684411, 27684411, 27684411, 27684411, 27684411, 27684411, 27684411, 27684411, 27685307, 27685307, 27685307, 27685307, 27685307, 27685307, 27685307, 27685307, 27685307, 27685307, 27685307, 27685307, 27685307, 27685307, 27685307, 27685307, 27685307, 27685307, 27685307, 27685307, 27685307, 27685307, 27685307, 27685307, 27685307, 27685307, 27685307, 27685307, 7316930209, 26726923, 26726923, 726010044, 26695203, 26695203, 26695203, 26790979, 26790979, 26790979, 26790979, 26790979, 26790979, 26790979, 26790979, 26790979, 26706189, 26706189, 26706189, 26706189, 26706189, 26706189, 26706189, 26706189, 26553020, 26553020, 26553020, 26553020, 26553020, 26553020, 26553020, 26553020, 26553020, 26553020, 26553020, 26553020, 26553020, 26553020, 26553020, 26553020, 26553020, 26553020, 26553020, 26553020, 26645180, 26349776, 26349776, 26349776, 26349776, 26349776, 26349776, 26349776, 26349776, 26349776, 26349776, 26349776, 26349776, 26349776, 26380886, 26380886, 26380886, 26380886, 26380886, 26380886, 26380886, 26380886, 26380886, 26380886, 26380886, 26380886, 26380886, 26380886, 26380886, 26380886, 26380886, 26380886, 26380886, 26380886, 26380886, 26380886, 26380886, 26380886, 26380886, 26380886, 26380886, 26535544, 26535544, 26535544, 26535544, 26535544, 26535544, 26535544, 26729656, 26729656, 26729656, 26729656, 26729656, 26729656, 26729656, 26729656, 26729656, 26729656, 26729656, 26729656, 26729656, 26729656, 26820478, 26820478, 26820478, 26820478, 26820478, 26820478, 26820478, 26820478, 26820478, 26820478, 26637795, 26637795, 26637795, 26637795, 26324758, 26324758, 26324758, 26324758, 26324758, 26324758, 26324758, 26324758, 26324758, 26324758, 26324758, 26324758, 26324758, 26324758, 26324758, 26324758, 26246582, 26246582, 26246582, 26246582, 26246582, 26246582, 26246582, 26246582, 26246582, 26246582, 26246582, 26246582, 26246582, 26246582, 26246582, 26246582, 26246582, 26246582, 26246582, 26246582, 26246582, 26246582, 26246582, 26246582, 26246582, 26246582, 26246582, 26246582, 26406256, 26406256, 26406256, 26406256, 26409918, 26409918, 26409918, 26409918, 26409918, 26409918, 26409918, 26409918, 26409918, 26409918, 26409918, 26409918, 26409918, 26409918, 26409918, 26409918, 26409918, 26409918, 26409918, 26409918, 26409918, 26409918, 26409918, 26409918, 26409918, 26409918, 26409918, 26409918, 26409918, 26409918, 26409918, 26409918, 26409918, 26409918, 26409918, 26409918, 26409918, 26409918, 26409918, 26409918, 26409918, 26409918, 26409918, 26409918, 26409918, 26409918, 26409918, 26409918, 352196618, 138364286, 26428822, 26428822, 26428822, 26428822, 27286840, 27286840, 27286840]",0,0,0,NPU,0,0,0,0,0,0,1.0,hot,0,0,0,0,1.0,0
0,15,meta-llama/Llama-3.1-8B,1659,1947,1622246507,18432967700,16810721193,23704070,309443382,57495741,"[50600609, 30154385, 26822699, 29747880, 26844708, 93558915, 27059851, 27059851, 29019418, 190839741, 146937332, 63155925, 27764953, 27764953, 27764953, 27764953, 27764953, 27764953, 27764953, 27764953, 27764953, 27764953, 27684411, 27684411, 27684411, 27684411, 27684411, 27684411, 27684411, 27684411, 27685307, 27685307, 27685307, 27685307, 27685307, 27685307, 27685307, 27685307, 27685307, 27685307, 27685307, 27685307, 27685307, 27685307, 27685307, 27685307, 27685307, 27685307, 27685307, 27685307, 27685307, 27685307, 27685307, 27685307, 27685307, 27685307, 27685307, 27685307, 26520888, 7290409321, 26726923, 26726923, 726010044, 26695203, 26695203, 26695203, 26790979, 26790979, 26790979, 26790979, 26790979, 26790979, 26790979, 26790979, 26790979, 26706189, 26706189, 26706189, 26706189, 26706189, 26706189, 26706189, 26706189, 26553020, 26553020, 26553020, 26553020, 26553020, 26553020, 26553020, 26553020, 26553020, 26553020, 26553020, 26553020, 26553020, 26553020, 26553020, 26553020, 26553020, 26553020, 26553020, 26553020, 26645180, 26349776, 26349776, 26349776, 26349776, 26349776, 26349776, 26349776, 26349776, 26349776, 26349776, 26349776, 26349776, 26349776, 26380886, 26380886, 26380886, 26380886, 26380886, 26380886, 26380886, 26380886, 26380886, 26380886, 26380886, 26380886, 26380886, 26380886, 26380886, 26380886, 26380886, 26380886, 26380886, 26380886, 26380886, 26380886, 26380886, 26380886, 26380886, 26380886, 26380886, 26535544, 26535544, 26535544, 26535544, 26535544, 26535544, 26535544, 26729656, 26729656, 26729656, 26729656, 26729656, 26729656, 26729656, 26729656, 26729656, 26729656, 26729656, 26729656, 26729656, 26729656, 26820478, 26820478, 26820478, 26820478, 26820478, 26820478, 26820478, 26820478, 26820478, 26820478, 26637795, 26637795, 26637795, 26637795, 26324758, 26324758, 26324758, 26324758, 26324758, 26324758, 26324758, 26324758, 26324758, 26324758, 26324758, 26324758, 26324758, 26324758, 26324758, 26324758, 26246582, 26246582, 26246582, 26246582, 26246582, 26246582, 26246582, 26246582, 26246582, 26246582, 26246582, 26246582, 26246582, 26246582, 26246582, 26246582, 26246582, 26246582, 26246582, 26246582, 26246582, 26246582, 26246582, 26246582, 26246582, 26246582, 26246582, 26246582, 26406256, 26406256, 26406256, 26406256, 26409918, 26409918, 26409918, 26409918, 26409918, 26409918, 26409918, 26409918, 26409918, 26409918, 26409918, 26409918, 26409918, 26409918, 26409918, 26409918, 26409918, 26409918, 26409918, 26409918, 26409918, 26409918, 26409918, 26409918, 26409918, 26409918, 26409918, 26409918, 26409918, 26409918, 26409918, 26409918, 26409918, 26409918, 26409918, 26409918, 26409918, 26409918, 26409918, 26409918, 26409918, 26409918, 26409918, 26409918, 26409918, 26409918, 26409918, 26409918, 352196618, 138364286, 26428822, 26428822, 26428822, 26428822, 27286840, 27286840, 27286840, 44546606, 27286840, 27286840]",0,0,0,PCIE_NVME,0,452984832,0,452984832,452984832,452984832,1.0,hot,0,0,0,0,1.0,905969664
0,17,meta-llama/Llama-3.1-8B,8,316,1732914662,19213898438,17480983776,198775227,249375836,56129016,"[30154385, 26822699, 29747880, 26844708, 93558915, 27059851, 27059851, 29019418, 190839741, 146937332, 63155925, 27764953, 27764953, 27764953, 27764953, 27764953, 27764953, 27764953, 27764953, 27764953, 27764953, 27684411, 27684411, 27684411, 27684411, 27684411, 27684411, 27684411, 27684411, 27685307, 27685307, 27685307, 27685307, 27685307, 27685307, 27685307, 27685307, 27685307, 27685307, 27685307, 27685307, 27685307, 27685307, 27685307, 27685307, 27685307, 27685307, 27685307, 27685307, 27685307, 27685307, 27685307, 27685307, 27685307, 27685307, 27685307, 27685307, 26520888, 7290409321, 26726923, 26726923, 726010044, 26695203, 26695203, 26695203, 26790979, 26790979, 26790979, 26790979, 26790979, 26790979, 26790979, 26790979, 26790979, 26706189, 26706189, 26706189, 26706189, 26706189, 26706189, 26706189, 26706189, 26553020, 26553020, 26553020, 26553020, 26553020, 26553020, 26553020, 26553020, 26553020, 26553020, 26553020, 26553020, 26553020, 26553020, 26553020, 26553020, 26553020, 26553020, 26553020, 26553020, 26645180, 26349776, 26349776, 26349776, 26349776, 26349776, 26349776, 26349776, 26349776, 26349776, 26349776, 26349776, 26349776, 26349776, 26380886, 26380886, 26380886, 26380886, 26380886, 26380886, 26380886, 26380886, 26380886, 26380886, 26380886, 26380886, 26380886, 26380886, 26380886, 26380886, 26380886, 26380886, 26380886, 26380886, 26380886, 26380886, 26380886, 26380886, 26380886, 26380886, 26380886, 26535544, 26535544, 26535544, 26535544, 26535544, 26535544, 26535544, 26729656, 26729656, 26729656, 26729656, 26729656, 26729656, 26729656, 26729656, 26729656, 26729656, 26729656, 26729656, 26729656, 26729656, 26820478, 26820478, 26820478, 26820478, 26820478, 26820478, 26820478, 26820478, 26820478, 26820478, 26637795, 26637795, 26637795, 26637795, 26324758, 26324758, 26324758, 26324758, 26324758, 26324758, 26324758, 26324758, 26324758, 26324758, 26324758, 26324758, 26324758, 26324758, 26324758, 26324758, 26246582, 26246582, 26246582, 26246582, 26246582, 26246582, 26246582, 26246582, 26246582, 26246582, 26246582, 26246582, 26246582, 26246582, 26246582, 26246582, 26246582, 26246582, 26246582, 26246582, 26246582, 26246582, 26246582, 26246582, 26246582, 26246582, 26246582, 26246582, 26406256, 26406256, 26406256, 26406256, 26409918, 26409918, 26409918, 26409918, 26409918, 26409918, 26409918, 26409918, 26409918, 26409918, 26409918, 26409918, 26409918, 26409918, 26409918, 26409918, 26409918, 26409918, 26409918, 26409918, 26409918, 26409918, 26409918, 26409918, 26409918, 26409918, 26409918, 26409918, 26409918, 26409918, 26409918, 26409918, 26409918, 26409918, 26409918, 26409918, 26409918, 26409918, 26409918, 26409918, 26409918, 26409918, 26409918, 26409918, 26409918, 26409918, 26409918, 26409918, 352196618, 138364286, 26428822, 26428822, 26428822, 26428822, 27286840, 27286840, 27286840, 44546606, 27286840, 27286840, 246337618, 26729656, 26729656, 26729656, 26729656, 26729656, 26729656, 26729656, 26729656, 26729656, 26729656, 26729656, 26729656, 26729656, 26729656, 26729656, 26729656, 26729656, 26729656, 26729656, 26729656]",0,0,0,NPU,0,0,0,0,0,0,1.0,hot,0,0,0,0,1.0,0
0,31,meta-llama/Llama-3.1-8B,1998,2048,2529630331,19670237156,17140606825,15126080371,15478276989,33925098,"[138364286, 26428822, 26428822, 26428822, 26428822, 27286840, 27286840, 27286840, 44546606, 27286840, 27286840, 246337618, 26729656, 26729656, 26729656, 26729656, 26729656, 26729656, 26729656, 26729656, 26729656, 26729656, 26729656, 26729656, 26729656, 26729656, 26729656, 26729656, 26729656, 26729656, 26729656, 26729656, 26843454, 26843454, 26843454, 26843454, 26843454, 26843454, 26843454, 26843454, 26843454, 26843454, 26843454, 26843454, 26843454, 26843454, 26843454, 26843454, 26843454]",0,0,0,NPU,0,0,0,0,0,0,1.0,hot,0,0,0,0,1.0,0
0,43,meta-llama/Llama-3.1-8B,469,470,3880823975,20021477230,16140653255,15789413181,16140653255,0,[],0,0,0,NPU,0,0,0,0,0,0,1.0,hot,0,0,0,0,1.0,0
0,30,meta-llama/Llama-3.1-8B,254,569,2510934206,20071926804,17560992598,99401072,162556997,55409030,"[27764953, 27764953, 27764953, 27764953, 27764953, 27764953, 27764953, 27764953, 27764953, 27764953, 27684411, 27684411, 27684411, 27684411, 27684411, 27684411, 27684411, 27684411, 27685307, 27685307, 27685307, 27685307, 27685307, 27685307, 27685307, 27685307, 27685307, 27685307, 27685307, 27685307, 27685307, 27685307, 27685307, 27685307, 27685307, 27685307, 27685307, 27685307, 27685307, 27685307, 27685307, 27685307, 27685307, 27685307, 27685307, 27685307, 7316930209, 26726923, 26726923, 726010044, 26695203, 26695203, 26695203, 26790979, 26790979, 26790979, 26790979, 26790979, 26790979, 26790979, 26790979, 26790979, 26706189, 26706189, 26706189, 26706189, 26706189, 26706189, 26706189, 26706189, 26553020, 26553020, 26553020, 26553020, 26553020, 26553020, 26553020, 26553020, 26553020, 26553020, 26553020, 26553020, 26553020, 26553020, 26553020, 26553020, 26553020, 26553020, 26553020, 26553020, 26645180, 26349776, 26349776, 26349776, 26349776, 26349776, 26349776, 26349776, 26349776, 26349776, 26349776, 26349776, 26349776, 26349776, 26380886, 26380886, 26380886, 26380886, 26380886, 26380886, 26380886, 26380886, 26380886, 26380886, 26380886, 26380886, 26380886, 26380886, 26380886, 26380886, 26380886, 26380886, 26380886, 26380886, 26380886, 26380886, 26380886, 26380886, 26380886, 26380886, 26380886, 26535544, 26535544, 26535544, 26535544, 26535544, 26535544, 26535544, 26729656, 26729656, 26729656, 26729656, 26729656, 26729656, 26729656, 26729656, 26729656, 26729656, 26729656, 26729656, 26729656, 26729656, 26820478, 26820478, 26820478, 26820478, 26820478, 26820478, 26820478, 26820478, 26820478, 26820478, 26637795, 26637795, 26637795, 26637795, 26324758, 26324758, 26324758, 26324758, 26324758, 26324758, 26324758, 26324758, 26324758, 26324758, 26324758, 26324758, 26324758, 26324758, 26324758, 26324758, 26246582, 26246582, 26246582, 26246582, 26246582, 26246582, 26246582, 26246582, 26246582, 26246582, 26246582, 26246582, 26246582, 26246582, 26246582, 26246582, 26246582, 26246582, 26246582, 26246582, 26246582, 26246582, 26246582, 26246582, 26246582, 26246582, 26246582, 26246582, 26406256, 26406256, 26406256, 26406256, 26409918, 26409918, 26409918, 26409918, 26409918, 26409918, 26409918, 26409918, 26409918, 26409918, 26409918, 26409918, 26409918, 26409918, 26409918, 26409918, 26409918, 26409918, 26409918, 26409918, 26409918, 26409918, 26409918, 26409918, 26409918, 26409918, 26409918, 26409918, 26409918, 26409918, 26409918, 26409918, 26409918, 26409918, 26409918, 26409918, 26409918, 26409918, 26409918, 26409918, 26409918, 26409918, 26409918, 26409918, 26409918, 26409918, 26409918, 26409918, 352196618, 138364286, 26428822, 26428822, 26428822, 26428822, 27286840, 27286840, 27286840, 44546606, 27286840, 27286840, 246337618, 26729656, 26729656, 26729656, 26729656, 26729656, 26729656, 26729656, 26729656, 26729656, 26729656, 26729656, 26729656, 26729656, 26729656, 26729656, 26729656, 26729656, 26729656, 26729656, 26729656, 26843454, 26843454, 26843454, 26843454, 26843454, 26843454, 26843454, 26843454, 26843454, 26843454, 26843454, 26843454, 26843454, 26843454, 26843454, 26843454, 26843454, 351240074, 50449574]",0,0,0,NPU,0,0,0,0,0,0,1.0,hot,0,0,0,0,1.0,0
0,24,meta-llama/Llama-3.1-8B,382,741,2074623946,21681313354,19606689408,21236224,114795139,54446632,"[27059851, 27059851, 29019418, 190839741, 146937332, 63155925, 27764953, 27764953, 27764953, 27764953, 27764953, 27764953, 27764953, 27764953, 27764953, 27764953, 27684411, 27684411, 27684411, 27684411, 27684411, 27684411, 27684411, 27684411, 27685307, 27685307, 27685307, 27685307, 27685307, 27685307, 27685307, 27685307, 27685307, 27685307, 27685307, 27685307, 27685307, 27685307, 27685307, 27685307, 27685307, 27685307, 27685307, 27685307, 27685307, 27685307, 27685307, 27685307, 27685307, 27685307, 27685307, 27685307, 7316930209, 26726923, 26726923, 726010044, 26695203, 26695203, 26695203, 26790979, 26790979, 26790979, 26790979, 26790979, 26790979, 26790979, 26790979, 26790979, 26706189, 26706189, 26706189, 26706189, 26706189, 26706189, 26706189, 26706189, 26553020, 26553020, 26553020, 26553020, 26553020, 26553020, 26553020, 26553020, 26553020, 26553020, 26553020, 26553020, 26553020, 26553020, 26553020, 26553020, 26553020, 26553020, 26553020, 26553020, 26645180, 26349776, 26349776, 26349776, 26349776, 26349776, 26349776, 26349776, 26349776, 26349776, 26349776, 26349776, 26349776, 26349776, 26380886, 26380886, 26380886, 26380886, 26380886, 26380886, 26380886, 26380886, 26380886, 26380886, 26380886, 26380886, 26380886, 26380886, 26380886, 26380886, 26380886, 26380886, 26380886, 26380886, 26380886, 26380886, 26380886, 26380886, 26380886, 26380886, 26380886, 26535544, 26535544, 26535544, 26535544, 26535544, 26535544, 26535544, 26729656, 26729656, 26729656, 26729656, 26729656, 26729656, 26729656, 26729656, 26729656, 26729656, 26729656, 26729656, 26729656, 26729656, 26820478, 26820478, 26820478, 26820478, 26820478, 26820478, 26820478, 26820478, 26820478, 26820478, 26637795, 26637795, 26637795, 26637795, 26324758, 26324758, 26324758, 26324758, 26324758, 26324758, 26324758, 26324758, 26324758, 26324758, 26324758, 26324758, 26324758, 26324758, 26324758, 26324758, 26246582, 26246582, 26246582, 26246582, 26246582, 26246582, 26246582, 26246582, 26246582, 26246582, 26246582, 26246582, 26246582, 26246582, 26246582, 26246582, 26246582, 26246582, 26246582, 26246582, 26246582, 26246582, 26246582, 26246582, 26246582, 26246582, 26246582, 26246582, 26406256, 26406256, 26406256, 26406256, 26409918, 26409918, 26409918, 26409918, 26409918, 26409918, 26409918, 26409918, 26409918, 26409918, 26409918, 26409918, 26409918, 26409918, 26409918, 26409918, 26409918, 26409918, 26409918, 26409918, 26409918, 26409918, 26409918, 26409918, 26409918, 26409918, 26409918, 26409918, 26409918, 26409918, 26409918, 26409918, 26409918, 26409918, 26409918, 26409918, 26409918, 26409918, 26409918, 26409918, 26409918, 26409918, 26409918, 26409918, 26409918, 26409918, 26409918, 26409918, 352196618, 138364286, 26428822, 26428822, 26428822, 26428822, 27286840, 27286840, 27286840, 44546606, 27286840, 27286840, 246337618, 26729656, 26729656, 26729656, 26729656, 26729656, 26729656, 26729656, 26729656, 26729656, 26729656, 26729656, 26729656, 26729656, 26729656, 26729656, 26729656, 26729656, 26729656, 26729656, 26729656, 26843454, 26843454, 26843454, 26843454, 26843454, 26843454, 26843454, 26843454, 26843454, 26843454, 26843454, 26843454, 26843454, 26843454, 26843454, 26843454, 26843454, 351240074, 50449574, 213625199, 463925255, 25884336, 25884336, 25884336, 25884336, 25884336, 25884336, 25884336, 25884336, 25884336, 25884336, 25884336, 25884336, 25884336, 25884336, 25884336, 25884336, 25884336, 25884336, 25884336, 25884336, 25884336, 25884336, 25884336, 25884336, 25884336, 25884336, 25884336, 25884336, 25884336, 25884336, 25884336, 25884336, 25884336, 25884336, 25884336, 25884336]",0,0,0,NPU,0,0,0,0,0,0,1.0,hot,0,0,0,0,1.0,0
0,39,meta-llama/Llama-3.1-8B,121,208,3555912370,21875566790,18319654420,14777935044,14822481650,40664799,"[27286840, 27286840, 246337618, 26729656, 26729656, 26729656, 26729656, 26729656, 26729656, 26729656, 26729656, 26729656, 26729656, 26729656, 26729656, 26729656, 26729656, 26729656, 26729656, 26729656, 26729656, 26729656, 26729656, 26843454, 26843454, 26843454, 26843454, 26843454, 26843454, 26843454, 26843454, 26843454, 26843454, 26843454, 26843454, 26843454, 26843454, 26843454, 26843454, 26843454, 351240074, 50449574, 213625199, 463925255, 25884336, 25884336, 25884336, 25884336, 25884336, 25884336, 25884336, 25884336, 25884336, 25884336, 25884336, 25884336, 25884336, 25884336, 25884336, 25884336, 25884336, 25884336, 25884336, 25884336, 25884336, 25884336, 25884336, 25884336, 25884336, 25884336, 25884336, 25884336, 25884336, 25884336, 25884336, 25884336, 25884336, 25884336, 25884336, 25884336, 60618821, 26726923, 26726923, 26726923, 26726923, 26726923]",0,0,0,NPU,0,0,0,0,0,0,1.0,hot,0,0,0,0,1.0,0
0,36,meta-llama/Llama-3.1-8B,25,160,3372350479,22961588498,19589238019,14635556841,14773921127,35935200,"[26428822, 26428822, 26428822, 26428822, 27286840, 27286840, 27286840, 44546606, 27286840, 27286840, 246337618, 26729656, 26729656, 26729656, 26729656, 26729656, 26729656, 26729656, 26729656, 26729656, 26729656, 26729656, 26729656, 26729656, 26729656, 26729656, 26729656, 26729656, 26729656, 26729656, 26729656, 26843454, 26843454, 26843454, 26843454, 26843454, 26843454, 26843454, 26843454, 26843454, 26843454, 26843454, 26843454, 26843454, 26843454, 26843454, 26843454, 26843454, 351240074, 50449574, 213625199, 463925255, 25884336, 25884336, 25884336, 25884336, 25884336, 25884336, 25884336, 25884336, 25884336, 25884336, 25884336, 25884336, 25884336, 25884336, 25884336, 25884336, 25884336, 25884336, 25884336, 25884336, 25884336, 25884336, 25884336, 25884336, 25884336, 25884336, 25884336, 25884336, 25884336, 25884336, 25884336, 25884336, 25884336, 25884336, 25884336, 25884336, 60618821, 26726923, 26726923, 26726923, 26726923, 26726923, 26695203, 26695203, 26790979, 26790979, 26790979, 26790979, 26790979, 26790979, 26790979, 26790979, 26790979, 26790979, 26790979, 26790979, 26790979, 26790979, 26019124, 26019124, 26019124, 26019124, 26019124, 58255344, 26019124, 26019124, 26019124, 26019124, 26019124, 26019124, 26019124, 26097524, 26097524, 26097524, 26097524, 26097524, 26097524, 26097524, 26097524, 26097524, 26097524, 26097524]",0,0,0,NPU,0,0,0,0,0,0,1.0,hot,0,0,0,0,1.0,0
0,33,meta-llama/Llama-3.1-8B,51,232,2833725503,24149833662,21316108159,15174181817,15312546103,33353122,"[26428822, 26428822, 26428822, 26428822, 27286840, 27286840, 27286840, 44546606, 27286840, 27286840, 246337618, 26729656, 26729656, 26729656, 26729656, 26729656, 26729656, 26729656, 26729656, 26729656, 26729656, 26729656, 26729656, 26729656, 26729656, 26729656, 26729656, 26729656, 26729656, 26729656, 26729656, 26843454, 26843454, 26843454, 26843454, 26843454, 26843454, 26843454, 26843454, 26843454, 26843454, 26843454, 26843454, 26843454, 26843454, 26843454, 26843454, 26843454, 351240074, 50449574, 213625199, 463925255, 25884336, 25884336, 25884336, 25884336, 25884336, 25884336, 25884336, 25884336, 25884336, 25884336, 25884336, 25884336, 25884336, 25884336, 25884336, 25884336, 25884336, 25884336, 25884336, 25884336, 25884336, 25884336, 25884336, 25884336, 25884336, 25884336, 25884336, 25884336, 25884336, 25884336, 25884336, 25884336, 25884336, 25884336, 25884336, 25884336, 60618821, 26726923, 26726923, 26726923, 26726923, 26726923, 26695203, 26695203, 26790979, 26790979, 26790979, 26790979, 26790979, 26790979, 26790979, 26790979, 26790979, 26790979, 26790979, 26790979, 26790979, 26790979, 26019124, 26019124, 26019124, 26019124, 26019124, 58255344, 26019124, 26019124, 26019124, 26019124, 26019124, 26019124, 26019124, 26097524, 26097524, 26097524, 26097524, 26097524, 26097524, 26097524, 26097524, 26097524, 26097524, 26097524, 25820922, 25820922, 25820922, 25820922, 25820922, 25820922, 25820922, 25820922, 25820922, 25820922, 25820922, 25820922, 25820922, 25820922, 25820922, 25820922, 25820922, 25820922, 25820922, 25820922, 25820922, 25820922, 25820922, 25820922, 25820922, 25820922, 25820922, 25846330, 25846330, 25846330, 25846330, 25846330, 25846330, 25846330, 25846330, 25846330, 25846330, 25846330, 25846330, 25846330, 25846330, 25846330, 25846330, 25846330, 25846330, 25846330]",0,0,0,NPU,0,0,0,0,0,0,1.0,hot,0,0,0,0,1.0,0
0,29,meta-llama/Llama-3.1-8B,691,1144,2417400904,24332131281,21914730377,45997042,192934374,48057070,"[63155925, 27764953, 27764953, 27764953, 27764953, 27764953, 27764953, 27764953, 27764953, 27764953, 27764953, 27684411, 27684411, 27684411, 27684411, 27684411, 27684411, 27684411, 27684411, 27685307, 27685307, 27685307, 27685307, 27685307, 27685307, 27685307, 27685307, 27685307, 27685307, 27685307, 27685307, 27685307, 27685307, 27685307, 27685307, 27685307, 27685307, 27685307, 27685307, 27685307, 27685307, 27685307, 27685307, 27685307, 27685307, 27685307, 27685307, 7316930209, 26726923, 26726923, 726010044, 26695203, 26695203, 26695203, 26790979, 26790979, 26790979, 26790979, 26790979, 26790979, 26790979, 26790979, 26790979, 26706189, 26706189, 26706189, 26706189, 26706189, 26706189, 26706189, 26706189, 26553020, 26553020, 26553020, 26553020, 26553020, 26553020, 26553020, 26553020, 26553020, 26553020, 26553020, 26553020, 26553020, 26553020, 26553020, 26553020, 26553020, 26553020, 26553020, 26553020, 26645180, 26349776, 26349776, 26349776, 26349776, 26349776, 26349776, 26349776, 26349776, 26349776, 26349776, 26349776, 26349776, 26349776, 26380886, 26380886, 26380886, 26380886, 26380886, 26380886, 26380886, 26380886, 26380886, 26380886, 26380886, 26380886, 26380886, 26380886, 26380886, 26380886, 26380886, 26380886, 26380886, 26380886, 26380886, 26380886, 26380886, 26380886, 26380886, 26380886, 26380886, 26535544, 26535544, 26535544, 26535544, 26535544, 26535544, 26535544, 26729656, 26729656, 26729656, 26729656, 26729656, 26729656, 26729656, 26729656, 26729656, 26729656, 26729656, 26729656, 26729656, 26729656, 26820478, 26820478, 26820478, 26820478, 26820478, 26820478, 26820478, 26820478, 26820478, 26820478, 26637795, 26637795, 26637795, 26637795, 26324758, 26324758, 26324758, 26324758, 26324758, 26324758, 26324758, 26324758, 26324758, 26324758, 26324758, 26324758, 26324758, 26324758, 26324758, 26324758, 26246582, 26246582, 26246582, 26246582, 26246582, 26246582, 26246582, 26246582, 26246582, 26246582, 26246582, 26246582, 26246582, 26246582, 26246582, 26246582, 26246582, 26246582, 26246582, 26246582, 26246582, 26246582, 26246582, 26246582, 26246582, 26246582, 26246582, 26246582, 26406256, 26406256, 26406256, 26406256, 26409918, 26409918, 26409918, 26409918, 26409918, 26409918, 26409918, 26409918, 26409918, 26409918, 26409918, 26409918, 26409918, 26409918, 26409918, 26409918, 26409918, 26409918, 26409918, 26409918, 26409918, 26409918, 26409918, 26409918, 26409918, 26409918, 26409918, 26409918, 26409918, 26409918, 26409918, 26409918, 26409918, 26409918, 26409918, 26409918, 26409918, 26409918, 26409918, 26409918, 26409918, 26409918, 26409918, 26409918, 26409918, 26409918, 26409918, 26409918, 352196618, 138364286, 26428822, 26428822, 26428822, 26428822, 27286840, 27286840, 27286840, 44546606, 27286840, 27286840, 246337618, 26729656, 26729656, 26729656, 26729656, 26729656, 26729656, 26729656, 26729656, 26729656, 26729656, 26729656, 26729656, 26729656, 26729656, 26729656, 26729656, 26729656, 26729656, 26729656, 26729656, 26843454, 26843454, 26843454, 26843454, 26843454, 26843454, 26843454, 26843454, 26843454, 26843454, 26843454, 26843454, 26843454, 26843454, 26843454, 26843454, 26843454, 351240074, 50449574, 213625199, 463925255, 25884336, 25884336, 25884336, 25884336, 25884336, 25884336, 25884336, 25884336, 25884336, 25884336, 25884336, 25884336, 25884336, 25884336, 25884336, 25884336, 25884336, 25884336, 25884336, 25884336, 25884336, 25884336, 25884336, 25884336, 25884336, 25884336, 25884336, 25884336, 25884336, 25884336, 25884336, 25884336, 25884336, 25884336, 25884336, 25884336, 60618821, 26726923, 26726923, 26726923, 26726923, 26726923, 26695203, 26695203, 26790979, 26790979, 26790979, 26790979, 26790979, 26790979, 26790979, 26790979, 26790979, 26790979, 26790979, 26790979, 26790979, 26790979, 26019124, 26019124, 26019124, 26019124, 26019124, 58255344, 26019124, 26019124, 26019124, 26019124, 26019124, 26019124, 26019124, 26097524, 26097524, 26097524, 26097524, 26097524, 26097524, 26097524, 26097524, 26097524, 26097524, 26097524, 25820922, 25820922, 25820922, 25820922, 25820922, 25820922, 25820922, 25820922, 25820922, 25820922, 25820922, 25820922, 25820922, 25820922, 25820922, 25820922, 25820922, 25820922, 25820922, 25820922, 25820922, 25820922, 25820922, 25820922, 25820922, 25820922, 25820922, 25846330, 25846330, 25846330, 25846330, 25846330, 25846330, 25846330, 25846330, 25846330, 25846330, 25846330, 25846330, 25846330, 25846330, 25846330, 25846330, 25846330, 25846330, 25846330, 26042517, 26042517, 26042517, 26042517, 26042517, 26042517, 26042517]",0,0,0,NPU,0,0,0,0,0,0,1.0,hot,0,0,0,0,1.0,0
0,51,meta-llama/Llama-3.1-8B,16,62,4728227566,24999036173,20270808607,16953085788,17013704609,72380088,"[26726923, 26726923, 26726923, 26726923, 26726923, 26695203, 26695203, 26790979, 26790979, 26790979, 26790979, 26790979, 26790979, 26790979, 26790979, 26790979, 26790979, 26790979, 26790979, 26790979, 26790979, 2086781127, 26444528, 26444528, 26444528, 26444528, 26444528, 26444528, 26444528, 26444528, 26444528, 26444528, 26444528, 26444528, 26444528, 26444528, 26444528, 26444528, 26444528, 26444528, 26444528, 26444528, 26444528, 26444528, 26444528]",0,0,0,NPU,0,0,0,0,0,0,1.0,hot,0,0,0,0,1.0,0
0,44,meta-llama/Llama-3.1-8B,165,216,3910769752,25078322639,21167552887,16110707478,16161157052,100127916,"[213625199, 1456380172, 26726923, 26726923, 26726923, 26726923, 26726923, 26695203, 26695203, 26790979, 26790979, 26790979, 26790979, 26790979, 26790979, 26790979, 26790979, 26790979, 26790979, 26790979, 26790979, 26790979, 26790979, 2086781127, 26444528, 26444528, 26444528, 26444528, 26444528, 26444528, 26444528, 26444528, 26444528, 26444528, 26444528, 26444528, 26444528, 26444528, 26444528, 26444528, 26444528, 26444528, 26444528, 26444528, 26444528, 26444528, 26444528, 26428822, 26428822, 26428822]",0,0,0,NPU,0,0,0,0,0,0,1.0,hot,0,0,0,0,1.0,0
0,16,meta-llama/Llama-3.1-8B,24,532,1658521879,25105052295,23446530416,273168010,323768619,45607025,"[30154385, 26822699, 29747880, 26844708, 93558915, 27059851, 27059851, 29019418, 190839741, 146937332, 63155925, 27764953, 27764953, 27764953, 27764953, 27764953, 27764953, 27764953, 27764953, 27764953, 27764953, 27684411, 27684411, 27684411, 27684411, 27684411, 27684411, 27684411, 27684411, 27685307, 27685307, 27685307, 27685307, 27685307, 27685307, 27685307, 27685307, 27685307, 27685307, 27685307, 27685307, 27685307, 27685307, 27685307, 27685307, 27685307, 27685307, 27685307, 27685307, 27685307, 27685307, 27685307, 27685307, 27685307, 27685307, 27685307, 27685307, 26520888, 7290409321, 26726923, 26726923, 726010044, 26695203, 26695203, 26695203, 26790979, 26790979, 26790979, 26790979, 26790979, 26790979, 26790979, 26790979, 26790979, 26706189, 26706189, 26706189, 26706189, 26706189, 26706189, 26706189, 26706189, 26553020, 26553020, 26553020, 26553020, 26553020, 26553020, 26553020, 26553020, 26553020, 26553020, 26553020, 26553020, 26553020, 26553020, 26553020, 26553020, 26553020, 26553020, 26553020, 26553020, 26645180, 26349776, 26349776, 26349776, 26349776, 26349776, 26349776, 26349776, 26349776, 26349776, 26349776, 26349776, 26349776, 26349776, 26380886, 26380886, 26380886, 26380886, 26380886, 26380886, 26380886, 26380886, 26380886, 26380886, 26380886, 26380886, 26380886, 26380886, 26380886, 26380886, 26380886, 26380886, 26380886, 26380886, 26380886, 26380886, 26380886, 26380886, 26380886, 26380886, 26380886, 26535544, 26535544, 26535544, 26535544, 26535544, 26535544, 26535544, 26729656, 26729656, 26729656, 26729656, 26729656, 26729656, 26729656, 26729656, 26729656, 26729656, 26729656, 26729656, 26729656, 26729656, 26820478, 26820478, 26820478, 26820478, 26820478, 26820478, 26820478, 26820478, 26820478, 26820478, 26637795, 26637795, 26637795, 26637795, 26324758, 26324758, 26324758, 26324758, 26324758, 26324758, 26324758, 26324758, 26324758, 26324758, 26324758, 26324758, 26324758, 26324758, 26324758, 26324758, 26246582, 26246582, 26246582, 26246582, 26246582, 26246582, 26246582, 26246582, 26246582, 26246582, 26246582, 26246582, 26246582, 26246582, 26246582, 26246582, 26246582, 26246582, 26246582, 26246582, 26246582, 26246582, 26246582, 26246582, 26246582, 26246582, 26246582, 26246582, 26406256, 26406256, 26406256, 26406256, 26409918, 26409918, 26409918, 26409918, 26409918, 26409918, 26409918, 26409918, 26409918, 26409918, 26409918, 26409918, 26409918, 26409918, 26409918, 26409918, 26409918, 26409918, 26409918, 26409918, 26409918, 26409918, 26409918, 26409918, 26409918, 26409918, 26409918, 26409918, 26409918, 26409918, 26409918, 26409918, 26409918, 26409918, 26409918, 26409918, 26409918, 26409918, 26409918, 26409918, 26409918, 26409918, 26409918, 26409918, 26409918, 26409918, 26409918, 26409918, 352196618, 138364286, 26428822, 26428822, 26428822, 26428822, 27286840, 27286840, 27286840, 44546606, 27286840, 27286840, 246337618, 26729656, 26729656, 26729656, 26729656, 26729656, 26729656, 26729656, 26729656, 26729656, 26729656, 26729656, 26729656, 26729656, 26729656, 26729656, 26729656, 26729656, 26729656, 26729656, 26729656, 26843454, 26843454, 26843454, 26843454, 26843454, 26843454, 26843454, 26843454, 26843454, 26843454, 26843454, 26843454, 26843454, 26843454, 26843454, 26843454, 26843454, 351240074, 50449574, 213625199, 25304821, 25304821, 25304821, 25262203, 25262203, 25262203, 25262203, 25262203, 25262203, 25262203, 25567390, 25567390, 25567390, 25567390, 25567390, 25567390, 57771031, 25884336, 25884336, 25884336, 25884336, 25884336, 25884336, 25884336, 25884336, 25884336, 25884336, 25884336, 25884336, 25884336, 25884336, 25884336, 25884336, 25884336, 25884336, 25884336, 25884336, 25884336, 25884336, 25884336, 25884336, 25884336, 25884336, 25884336, 25884336, 25884336, 25884336, 25884336, 25884336, 25884336, 25884336, 25884336, 25884336, 60618821, 26726923, 26726923, 26726923, 26726923, 26726923, 26695203, 26695203, 26790979, 26790979, 26790979, 26790979, 26790979, 26790979, 26790979, 26790979, 26790979, 26790979, 26790979, 26790979, 26790979, 26790979, 26019124, 26019124, 26019124, 26019124, 26019124, 58255344, 26019124, 26019124, 26019124, 26019124, 26019124, 26019124, 26019124, 26097524, 26097524, 26097524, 26097524, 26097524, 26097524, 26097524, 26097524, 26097524, 26097524, 26097524, 25820922, 25820922, 25820922, 25820922, 25820922, 25820922, 25820922, 25820922, 25820922, 25820922, 25820922, 25820922, 25820922, 25820922, 25820922, 25820922, 25820922, 25820922, 25820922, 25820922, 25820922, 25820922, 25820922, 25820922, 25820922, 25820922, 25820922, 25846330, 25846330, 25846330, 25846330, 25846330, 25846330, 25846330, 25846330, 25846330, 25846330, 25846330, 25846330, 25846330, 25846330, 25846330, 25846330, 25846330, 25846330, 25846330, 26042517, 26042517, 26042517, 26042517, 26042517, 26042517, 26042517, 58680748, 26444528, 26444528, 26444528, 26444528, 26444528, 26444528, 26444528, 26444528, 26444528, 26444528, 26444528, 26444528, 26444528, 26444528, 26444528, 26444528, 26444528, 26444528, 26444528, 26444528, 26444528, 26444528, 26444528, 26428822, 26428822, 26428822, 26729656]",0,0,0,NPU,0,0,0,0,0,0,1.0,hot,0,0,0,0,1.0,0
0,47,meta-llama/Llama-3.1-8B,8,99,4130161078,26178101175,22047940097,15941765726,16155390925,65472768,"[1456380172, 26726923, 26726923, 26726923, 26726923, 26726923, 26695203, 26695203, 26790979, 26790979, 26790979, 26790979, 26790979, 26790979, 26790979, 26790979, 26790979, 26790979, 26790979, 26790979, 26790979, 26790979, 2086781127, 26444528, 26444528, 26444528, 26444528, 26444528, 26444528, 26444528, 26444528, 26444528, 26444528, 26444528, 26444528, 26444528, 26444528, 26444528, 26444528, 26444528, 26444528, 26444528, 26444528, 26444528, 26444528, 26444528, 26428822, 26428822, 26428822, 26729656, 26820478, 26820478, 26820478, 26820478, 26820478, 26820478, 26820478, 26820478, 26820478, 26820478, 26820478, 26820478, 26820478, 26820478, 26820478, 26820478, 26820478, 26820478, 26820478, 26820478, 26820478, 26820478, 26820478, 26820478, 26820478, 26820478, 26820478, 26820478, 26820478, 26820478, 26843454, 26843454, 26843454, 26843454, 26843454, 26843454, 26843454, 26843454, 26843454, 26843454]",0,0,0,NPU,0,0,0,0,0,0,1.0,hot,0,0,0,0,1.0,0
0,38,meta-llama/Llama-3.1-8B,390,661,3497903286,26576697060,23078793774,14510004034,14648368320,31223797,"[26428822, 26428822, 26428822, 26428822, 27286840, 27286840, 27286840, 44546606, 27286840, 27286840, 246337618, 26729656, 26729656, 26729656, 26729656, 26729656, 26729656, 26729656, 26729656, 26729656, 26729656, 26729656, 26729656, 26729656, 26729656, 26729656, 26729656, 26729656, 26729656, 26729656, 26729656, 26843454, 26843454, 26843454, 26843454, 26843454, 26843454, 26843454, 26843454, 26843454, 26843454, 26843454, 26843454, 26843454, 26843454, 26843454, 26843454, 26843454, 351240074, 50449574, 213625199, 463925255, 25884336, 25884336, 25884336, 25884336, 25884336, 25884336, 25884336, 25884336, 25884336, 25884336, 25884336, 25884336, 25884336, 25884336, 25884336, 25884336, 25884336, 25884336, 25884336, 25884336, 25884336, 25884336, 25884336, 25884336, 25884336, 25884336, 25884336, 25884336, 25884336, 25884336, 25884336, 25884336, 25884336, 25884336, 25884336, 25884336, 60618821, 26726923, 26726923, 26726923, 26726923, 26726923, 26695203, 26695203, 26790979, 26790979, 26790979, 26790979, 26790979, 26790979, 26790979, 26790979, 26790979, 26790979, 26790979, 26790979, 26790979, 26790979, 26019124, 26019124, 26019124, 26019124, 26019124, 58255344, 26019124, 26019124, 26019124, 26019124, 26019124, 26019124, 26019124, 26097524, 26097524, 26097524, 26097524, 26097524, 26097524, 26097524, 26097524, 26097524, 26097524, 26097524, 25820922, 25820922, 25820922, 25820922, 25820922, 25820922, 25820922, 25820922, 25820922, 25820922, 25820922, 25820922, 25820922, 25820922, 25820922, 25820922, 25820922, 25820922, 25820922, 25820922, 25820922, 25820922, 25820922, 25820922, 25820922, 25820922, 25820922, 25846330, 25846330, 25846330, 25846330, 25846330, 25846330, 25846330, 25846330, 25846330, 25846330, 25846330, 25846330, 25846330, 25846330, 25846330, 25846330, 25846330, 25846330, 25846330, 26042517, 26042517, 26042517, 26042517, 26042517, 26042517, 26042517, 58680748, 26444528, 26444528, 26444528, 26444528, 26444528, 26444528, 26444528, 26444528, 26444528, 26444528, 26444528, 26444528, 26444528, 26444528, 26444528, 26444528, 26444528, 26444528, 26444528, 26444528, 26444528, 26444528, 26444528, 26428822, 26428822, 26428822, 26729656, 26820478, 26820478, 26820478, 26820478, 26820478, 26820478, 26820478, 26820478, 26820478, 26820478, 26820478, 26820478, 26820478, 26820478, 26820478, 26820478, 26820478, 26820478, 26820478, 26820478, 26820478, 26820478, 26820478, 26820478, 26820478, 26820478, 26820478, 26820478, 26820478, 26820478, 26843454, 26843454, 26843454, 26843454, 26843454, 26843454, 26843454, 26843454, 26843454, 26843454, 26573059, 26573059, 26573059, 26573059, 26573059, 26573059, 26573059, 26573059, 26573059, 26573059, 26573059, 26573059, 26573059, 26573059, 26573059]",0,0,0,NPU,0,0,0,0,0,0,1.0,hot,0,0,0,0,1.0,0
0,22,meta-llama/Llama-3.1-8B,23,576,1968102757,26707929970,24739827213,14187741,44342126,44738197,"[26822699, 29747880, 26844708, 93558915, 27059851, 27059851, 29019418, 190839741, 146937332, 63155925, 27764953, 27764953, 27764953, 27764953, 27764953, 27764953, 27764953, 27764953, 27764953, 27764953, 27684411, 27684411, 27684411, 27684411, 27684411, 27684411, 27684411, 27684411, 27685307, 27685307, 27685307, 27685307, 27685307, 27685307, 27685307, 27685307, 27685307, 27685307, 27685307, 27685307, 27685307, 27685307, 27685307, 27685307, 27685307, 27685307, 27685307, 27685307, 27685307, 27685307, 27685307, 27685307, 27685307, 27685307, 27685307, 27685307, 7316930209, 26726923, 26726923, 726010044, 26695203, 26695203, 26695203, 26790979, 26790979, 26790979, 26790979, 26790979, 26790979, 26790979, 26790979, 26790979, 26706189, 26706189, 26706189, 26706189, 26706189, 26706189, 26706189, 26706189, 26553020, 26553020, 26553020, 26553020, 26553020, 26553020, 26553020, 26553020, 26553020, 26553020, 26553020, 26553020, 26553020, 26553020, 26553020, 26553020, 26553020, 26553020, 26553020, 26553020, 26645180, 26349776, 26349776, 26349776, 26349776, 26349776, 26349776, 26349776, 26349776, 26349776, 26349776, 26349776, 26349776, 26349776, 26380886, 26380886, 26380886, 26380886, 26380886, 26380886, 26380886, 26380886, 26380886, 26380886, 26380886, 26380886, 26380886, 26380886, 26380886, 26380886, 26380886, 26380886, 26380886, 26380886, 26380886, 26380886, 26380886, 26380886, 26380886, 26380886, 26380886, 26535544, 26535544, 26535544, 26535544, 26535544, 26535544, 26535544, 26729656, 26729656, 26729656, 26729656, 26729656, 26729656, 26729656, 26729656, 26729656, 26729656, 26729656, 26729656, 26729656, 26729656, 26820478, 26820478, 26820478, 26820478, 26820478, 26820478, 26820478, 26820478, 26820478, 26820478, 26637795, 26637795, 26637795, 26637795, 26324758, 26324758, 26324758, 26324758, 26324758, 26324758, 26324758, 26324758, 26324758, 26324758, 26324758, 26324758, 26324758, 26324758, 26324758, 26324758, 26246582, 26246582, 26246582, 26246582, 26246582, 26246582, 26246582, 26246582, 26246582, 26246582, 26246582, 26246582, 26246582, 26246582, 26246582, 26246582, 26246582, 26246582, 26246582, 26246582, 26246582, 26246582, 26246582, 26246582, 26246582, 26246582, 26246582, 26246582, 26406256, 26406256, 26406256, 26406256, 26409918, 26409918, 26409918, 26409918, 26409918, 26409918, 26409918, 26409918, 26409918, 26409918, 26409918, 26409918, 26409918, 26409918, 26409918, 26409918, 26409918, 26409918, 26409918, 26409918, 26409918, 26409918, 26409918, 26409918, 26409918, 26409918, 26409918, 26409918, 26409918, 26409918, 26409918, 26409918, 26409918, 26409918, 26409918, 26409918, 26409918, 26409918, 26409918, 26409918, 26409918, 26409918, 26409918, 26409918, 26409918, 26409918, 26409918, 26409918, 352196618, 138364286, 26428822, 26428822, 26428822, 26428822, 27286840, 27286840, 27286840, 44546606, 27286840, 27286840, 246337618, 26729656, 26729656, 26729656, 26729656, 26729656, 26729656, 26729656, 26729656, 26729656, 26729656, 26729656, 26729656, 26729656, 26729656, 26729656, 26729656, 26729656, 26729656, 26729656, 26729656, 26843454, 26843454, 26843454, 26843454, 26843454, 26843454, 26843454, 26843454, 26843454, 26843454, 26843454, 26843454, 26843454, 26843454, 26843454, 26843454, 26843454, 351240074, 50449574, 213625199, 25304821, 25304821, 25304821, 388010792, 25884336, 25884336, 25884336, 25884336, 25884336, 25884336, 25884336, 25884336, 25884336, 25884336, 25884336, 25884336, 25884336, 25884336, 25884336, 25884336, 25884336, 25884336, 25884336, 25884336, 25884336, 25884336, 25884336, 25884336, 25884336, 25884336, 25884336, 25884336, 25884336, 25884336, 25884336, 25884336, 25884336, 25884336, 25884336, 25884336, 60618821, 26726923, 26726923, 26726923, 26726923, 26726923, 26695203, 26695203, 26790979, 26790979, 26790979, 26790979, 26790979, 26790979, 26790979, 26790979, 26790979, 26790979, 26790979, 26790979, 26790979, 26790979, 26019124, 26019124, 26019124, 26019124, 26019124, 58255344, 26019124, 26019124, 26019124, 26019124, 26019124, 26019124, 26019124, 26097524, 26097524, 26097524, 26097524, 26097524, 26097524, 26097524, 26097524, 26097524, 26097524, 26097524, 25820922, 25820922, 25820922, 25820922, 25820922, 25820922, 25820922, 25820922, 25820922, 25820922, 25820922, 25820922, 25820922, 25820922, 25820922, 25820922, 25820922, 25820922, 25820922, 25820922, 25820922, 25820922, 25820922, 25820922, 25820922, 25820922, 25820922, 25846330, 25846330, 25846330, 25846330, 25846330, 25846330, 25846330, 25846330, 25846330, 25846330, 25846330, 25846330, 25846330, 25846330, 25846330, 25846330, 25846330, 25846330, 25846330, 26042517, 26042517, 26042517, 26042517, 26042517, 26042517, 26042517, 58680748, 26444528, 26444528, 26444528, 26444528, 26444528, 26444528, 26444528, 26444528, 26444528, 26444528, 26444528, 26444528, 26444528, 26444528, 26444528, 26444528, 26444528, 26444528, 26444528, 26444528, 26444528, 26444528, 26444528, 26428822, 26428822, 26428822, 26729656, 26820478, 26820478, 26820478, 26820478, 26820478, 26820478, 26820478, 26820478, 26820478, 26820478, 26820478, 26820478, 26820478, 26820478, 26820478, 26820478, 26820478, 26820478, 26820478, 26820478, 26820478, 26820478, 26820478, 26820478, 26820478, 26820478, 26820478, 26820478, 26820478, 26820478, 26843454, 26843454, 26843454, 26843454, 26843454, 26843454, 26843454, 26843454, 26843454, 26843454, 26573059, 26573059, 26573059, 26573059, 26573059, 26573059, 26573059, 26573059, 26573059, 26573059, 26573059, 26573059, 26573059, 26573059, 26573059, 26246582, 26246582, 26246582, 26246582, 26246582]",0,0,0,NPU,0,0,0,0,0,0,1.0,hot,0,0,0,0,1.0,0
0,37,meta-llama/Llama-3.1-8B,41,328,3382628210,27603974533,24221346323,14625279110,14763643396,33068891,"[26428822, 26428822, 26428822, 26428822, 27286840, 27286840, 27286840, 44546606, 27286840, 27286840, 246337618, 26729656, 26729656, 26729656, 26729656, 26729656, 26729656, 26729656, 26729656, 26729656, 26729656, 26729656, 26729656, 26729656, 26729656, 26729656, 26729656, 26729656, 26729656, 26729656, 26729656, 26843454, 26843454, 26843454, 26843454, 26843454, 26843454, 26843454, 26843454, 26843454, 26843454, 26843454, 26843454, 26843454, 26843454, 26843454, 26843454, 26843454, 351240074, 50449574, 213625199, 463925255, 25884336, 25884336, 25884336, 25884336, 25884336, 25884336, 25884336, 25884336, 25884336, 25884336, 25884336, 25884336, 25884336, 25884336, 25884336, 25884336, 25884336, 25884336, 25884336, 25884336, 25884336, 25884336, 25884336, 25884336, 25884336, 25884336, 25884336, 25884336, 25884336, 25884336, 25884336, 25884336, 25884336, 25884336, 25884336, 25884336, 60618821, 26726923, 26726923, 26726923, 26726923, 26726923, 26695203, 26695203, 26790979, 26790979, 26790979, 26790979, 26790979, 26790979, 26790979, 26790979, 26790979, 26790979, 26790979, 26790979, 26790979, 26790979, 26019124, 26019124, 26019124, 26019124, 26019124, 58255344, 26019124, 26019124, 26019124, 26019124, 26019124, 26019124, 26019124, 26097524, 26097524, 26097524, 26097524, 26097524, 26097524, 26097524, 26097524, 26097524, 26097524, 26097524, 25820922, 25820922, 25820922, 25820922, 25820922, 25820922, 25820922, 25820922, 25820922, 25820922, 25820922, 25820922, 25820922, 25820922, 25820922, 25820922, 25820922, 25820922, 25820922, 25820922, 25820922, 25820922, 25820922, 25820922, 25820922, 25820922, 25820922, 25846330, 25846330, 25846330, 25846330, 25846330, 25846330, 25846330, 25846330, 25846330, 25846330, 25846330, 25846330, 25846330, 25846330, 25846330, 25846330, 25846330, 25846330, 25846330, 26042517, 26042517, 26042517, 26042517, 26042517, 26042517, 26042517, 58680748, 26444528, 26444528, 26444528, 26444528, 26444528, 26444528, 26444528, 26444528, 26444528, 26444528, 26444528, 26444528, 26444528, 26444528, 26444528, 26444528, 26444528, 26444528, 26444528, 26444528, 26444528, 26444528, 26444528, 26428822, 26428822, 26428822, 26729656, 26820478, 26820478, 26820478, 26820478, 26820478, 26820478, 26820478, 26820478, 26820478, 26820478, 26820478, 26820478, 26820478, 26820478, 26820478, 26820478, 26820478, 26820478, 26820478, 26820478, 26820478, 26820478, 26820478, 26820478, 26820478, 26820478, 26820478, 26820478, 26820478, 26820478, 26843454, 26843454, 26843454, 26843454, 26843454, 26843454, 26843454, 26843454, 26843454, 26843454, 26573059, 26573059, 26573059, 26573059, 26573059, 26573059, 26573059, 26573059, 26573059, 26573059, 26573059, 26573059, 26573059, 26573059, 26573059, 26246582, 26246582, 26246582, 26246582, 26246582, 259240925, 26790979, 26790979, 403498871, 25674687, 25674687, 25674687, 25674687, 25674687, 25674687, 25674687]",0,0,0,NPU,0,0,0,0,0,0,1.0,hot,0,0,0,0,1.0,0
0,60,meta-llama/Llama-3.1-8B,1,10,5704274631,27798545039,22094270408,21003655339,21262896264,103921768,"[26790979, 26790979, 644261241, 26706189, 26706189, 26706189, 26706189, 26706189]",0,0,0,NPU,0,0,0,0,0,0,1.0,hot,0,0,0,0,1.0,0
0,21,meta-llama/Llama-3.1-8B,16,631,1933551206,28490010381,26556459175,48739292,78893677,43123070,"[26822699, 29747880, 26844708, 93558915, 27059851, 27059851, 29019418, 190839741, 146937332, 63155925, 27764953, 27764953, 27764953, 27764953, 27764953, 27764953, 27764953, 27764953, 27764953, 27764953, 27684411, 27684411, 27684411, 27684411, 27684411, 27684411, 27684411, 27684411, 27685307, 27685307, 27685307, 27685307, 27685307, 27685307, 27685307, 27685307, 27685307, 27685307, 27685307, 27685307, 27685307, 27685307, 27685307, 27685307, 27685307, 27685307, 27685307, 27685307, 27685307, 27685307, 27685307, 27685307, 27685307, 27685307, 27685307, 27685307, 7316930209, 26726923, 26726923, 726010044, 26695203, 26695203, 26695203, 26790979, 26790979, 26790979, 26790979, 26790979, 26790979, 26790979, 26790979, 26790979, 26706189, 26706189, 26706189, 26706189, 26706189, 26706189, 26706189, 26706189, 26553020, 26553020, 26553020, 26553020, 26553020, 26553020, 26553020, 26553020, 26553020, 26553020, 26553020, 26553020, 26553020, 26553020, 26553020, 26553020, 26553020, 26553020, 26553020, 26553020, 26645180, 26349776, 26349776, 26349776, 26349776, 26349776, 26349776, 26349776, 26349776, 26349776, 26349776, 26349776, 26349776, 26349776, 26380886, 26380886, 26380886, 26380886, 26380886, 26380886, 26380886, 26380886, 26380886, 26380886, 26380886, 26380886, 26380886, 26380886, 26380886, 26380886, 26380886, 26380886, 26380886, 26380886, 26380886, 26380886, 26380886, 26380886, 26380886, 26380886, 26380886, 26535544, 26535544, 26535544, 26535544, 26535544, 26535544, 26535544, 26729656, 26729656, 26729656, 26729656, 26729656, 26729656, 26729656, 26729656, 26729656, 26729656, 26729656, 26729656, 26729656, 26729656, 26820478, 26820478, 26820478, 26820478, 26820478, 26820478, 26820478, 26820478, 26820478, 26820478, 26637795, 26637795, 26637795, 26637795, 26324758, 26324758, 26324758, 26324758, 26324758, 26324758, 26324758, 26324758, 26324758, 26324758, 26324758, 26324758, 26324758, 26324758, 26324758, 26324758, 26246582, 26246582, 26246582, 26246582, 26246582, 26246582, 26246582, 26246582, 26246582, 26246582, 26246582, 26246582, 26246582, 26246582, 26246582, 26246582, 26246582, 26246582, 26246582, 26246582, 26246582, 26246582, 26246582, 26246582, 26246582, 26246582, 26246582, 26246582, 26406256, 26406256, 26406256, 26406256, 26409918, 26409918, 26409918, 26409918, 26409918, 26409918, 26409918, 26409918, 26409918, 26409918, 26409918, 26409918, 26409918, 26409918, 26409918, 26409918, 26409918, 26409918, 26409918, 26409918, 26409918, 26409918, 26409918, 26409918, 26409918, 26409918, 26409918, 26409918, 26409918, 26409918, 26409918, 26409918, 26409918, 26409918, 26409918, 26409918, 26409918, 26409918, 26409918, 26409918, 26409918, 26409918, 26409918, 26409918, 26409918, 26409918, 26409918, 26409918, 352196618, 138364286, 26428822, 26428822, 26428822, 26428822, 27286840, 27286840, 27286840, 44546606, 27286840, 27286840, 246337618, 26729656, 26729656, 26729656, 26729656, 26729656, 26729656, 26729656, 26729656, 26729656, 26729656, 26729656, 26729656, 26729656, 26729656, 26729656, 26729656, 26729656, 26729656, 26729656, 26729656, 26843454, 26843454, 26843454, 26843454, 26843454, 26843454, 26843454, 26843454, 26843454, 26843454, 26843454, 26843454, 26843454, 26843454, 26843454, 26843454, 26843454, 351240074, 50449574, 213625199, 25304821, 25304821, 25304821, 25262203, 25262203, 25262203, 25262203, 25262203, 25262203, 25262203, 211175371, 25884336, 25884336, 25884336, 25884336, 25884336, 25884336, 25884336, 25884336, 25884336, 25884336, 25884336, 25884336, 25884336, 25884336, 25884336, 25884336, 25884336, 25884336, 25884336, 25884336, 25884336, 25884336, 25884336, 25884336, 25884336, 25884336, 25884336, 25884336, 25884336, 25884336, 25884336, 25884336, 25884336, 25884336, 25884336, 25884336, 60618821, 26726923, 26726923, 26726923, 26726923, 26726923, 26695203, 26695203, 26790979, 26790979, 26790979, 26790979, 26790979, 26790979, 26790979, 26790979, 26790979, 26790979, 26790979, 26790979, 26790979, 26790979, 26019124, 26019124, 26019124, 26019124, 26019124, 58255344, 26019124, 26019124, 26019124, 26019124, 26019124, 26019124, 26019124, 26097524, 26097524, 26097524, 26097524, 26097524, 26097524, 26097524, 26097524, 26097524, 26097524, 26097524, 25820922, 25820922, 25820922, 25820922, 25820922, 25820922, 25820922, 25820922, 25820922, 25820922, 25820922, 25820922, 25820922, 25820922, 25820922, 25820922, 25820922, 25820922, 25820922, 25820922, 25820922, 25820922, 25820922, 25820922, 25820922, 25820922, 25820922, 25846330, 25846330, 25846330, 25846330, 25846330, 25846330, 25846330, 25846330, 25846330, 25846330, 25846330, 25846330, 25846330, 25846330, 25846330, 25846330, 25846330, 25846330, 25846330, 26042517, 26042517, 26042517, 26042517, 26042517, 26042517, 26042517, 58680748, 26444528, 26444528, 26444528, 26444528, 26444528, 26444528, 26444528, 26444528, 26444528, 26444528, 26444528, 26444528, 26444528, 26444528, 26444528, 26444528, 26444528, 26444528, 26444528, 26444528, 26444528, 26444528, 26444528, 26428822, 26428822, 26428822, 26729656, 26820478, 26820478, 26820478, 26820478, 26820478, 26820478, 26820478, 26820478, 26820478, 26820478, 26820478, 26820478, 26820478, 26820478, 26820478, 26820478, 26820478, 26820478, 26820478, 26820478, 26820478, 26820478, 26820478, 26820478, 26820478, 26820478, 26820478, 26820478, 26820478, 26820478, 26843454, 26843454, 26843454, 26843454, 26843454, 26843454, 26843454, 26843454, 26843454, 26843454, 26573059, 26573059, 26573059, 26573059, 26573059, 26573059, 26573059, 26573059, 26573059, 26573059, 26573059, 26573059, 26573059, 26573059, 26573059, 26246582, 26246582, 26246582, 26246582, 26246582, 259240925, 26790979, 26790979, 25904021, 25904021, 25904021, 25904021, 25536603, 25536603, 26971646, 26971646, 26971646, 26971646, 26971646, 26971646, 26971646, 60008059, 25674687, 25674687, 25674687, 25674687, 25674687, 25674687, 25674687, 61039561, 26706189, 26706189, 26706189, 26706189, 26706189, 26645180, 26645180, 26645180, 26645180, 26645180, 26645180, 26645180, 26645180, 26645180, 26428822, 26428822, 26128629, 26316447, 26316447, 26316447, 25904021, 25904021, 25904021, 60586919, 25904021, 25904021, 25904021, 25904021, 25904021, 25904021]",0,0,0,NPU,0,0,0,0,0,0,1.0,hot,0,0,0,0,1.0,0
0,32,meta-llama/Llama-3.1-8B,18,376,2536356724,29398118708,26861761984,15119353978,15471550596,31905354,"[138364286, 26428822, 26428822, 26428822, 26428822, 27286840, 27286840, 27286840, 44546606, 27286840, 27286840, 246337618, 26729656, 26729656, 26729656, 26729656, 26729656, 26729656, 26729656, 26729656, 26729656, 26729656, 26729656, 26729656, 26729656, 26729656, 26729656, 26729656, 26729656, 26729656, 26729656, 26729656, 26843454, 26843454, 26843454, 26843454, 26843454, 26843454, 26843454, 26843454, 26843454, 26843454, 26843454, 26843454, 26843454, 26843454, 26843454, 26843454, 26843454, 351240074, 50449574, 213625199, 463925255, 25884336, 25884336, 25884336, 25884336, 25884336, 25884336, 25884336, 25884336, 25884336, 25884336, 25884336, 25884336, 25884336, 25884336, 25884336, 25884336, 25884336, 25884336, 25884336, 25884336, 25884336, 25884336, 25884336, 25884336, 25884336, 25884336, 25884336, 25884336, 25884336, 25884336, 25884336, 25884336, 25884336, 25884336, 25884336, 25884336, 60618821, 26726923, 26726923, 26726923, 26726923, 26726923, 26695203, 26695203, 26790979, 26790979, 26790979, 26790979, 26790979, 26790979, 26790979, 26790979, 26790979, 26790979, 26790979, 26790979, 26790979, 26790979, 26019124, 26019124, 26019124, 26019124, 26019124, 58255344, 26019124, 26019124, 26019124, 26019124, 26019124, 26019124, 26019124, 26097524, 26097524, 26097524, 26097524, 26097524, 26097524, 26097524, 26097524, 26097524, 26097524, 26097524, 25820922, 25820922, 25820922, 25820922, 25820922, 25820922, 25820922, 25820922, 25820922, 25820922, 25820922, 25820922, 25820922, 25820922, 25820922, 25820922, 25820922, 25820922, 25820922, 25820922, 25820922, 25820922, 25820922, 25820922, 25820922, 25820922, 25820922, 25846330, 25846330, 25846330, 25846330, 25846330, 25846330, 25846330, 25846330, 25846330, 25846330, 25846330, 25846330, 25846330, 25846330, 25846330, 25846330, 25846330, 25846330, 25846330, 26042517, 26042517, 26042517, 26042517, 26042517, 26042517, 26042517, 58680748, 26444528, 26444528, 26444528, 26444528, 26444528, 26444528, 26444528, 26444528, 26444528, 26444528, 26444528, 26444528, 26444528, 26444528, 26444528, 26444528, 26444528, 26444528, 26444528, 26444528, 26444528, 26444528, 26444528, 26428822, 26428822, 26428822, 26729656, 26820478, 26820478, 26820478, 26820478, 26820478, 26820478, 26820478, 26820478, 26820478, 26820478, 26820478, 26820478, 26820478, 26820478, 26820478, 26820478, 26820478, 26820478, 26820478, 26820478, 26820478, 26820478, 26820478, 26820478, 26820478, 26820478, 26820478, 26820478, 26820478, 26820478, 26843454, 26843454, 26843454, 26843454, 26843454, 26843454, 26843454, 26843454, 26843454, 26843454, 26573059, 26573059, 26573059, 26573059, 26573059, 26573059, 26573059, 26573059, 26573059, 26573059, 26573059, 26573059, 26573059, 26573059, 26573059, 26246582, 26246582, 26246582, 26246582, 26246582, 259240925, 26790979, 26790979, 25904021, 25904021, 25904021, 25904021, 25536603, 25536603, 248809581, 25674687, 25674687, 25674687, 25674687, 25674687, 25674687, 25674687, 61039561, 26706189, 26706189, 26706189, 26706189, 26706189, 26645180, 26645180, 26645180, 26645180, 26645180, 26645180, 26645180, 26645180, 26645180, 26428822, 26428822, 26128629, 26316447, 26316447, 26316447, 25904021, 25904021, 25904021, 60586919, 25904021, 25904021, 25904021, 25904021, 25904021, 25904021, 61127426, 26444528, 26444528, 26444528, 26444528, 26444528, 26444528, 26444528, 26444528, 26444528, 26444528, 26444528, 26444528, 26444528, 26444528, 26454608, 26454608, 26454608, 26454608, 26454608, 26454608, 26454608, 26454608, 26454608, 26454608, 26454608, 26454608, 26454608, 26454608, 26454608, 26454608, 26454608, 27029173]",0,0,0,NPU,0,0,0,0,0,0,1.0,hot,0,0,0,0,1.0,0
0,34,meta-llama/Llama-3.1-8B,213,581,3170788537,29741693394,26570904857,14837118783,14975483069,31595154,"[26428822, 26428822, 26428822, 26428822, 27286840, 27286840, 27286840, 44546606, 27286840, 27286840, 246337618, 26729656, 26729656, 26729656, 26729656, 26729656, 26729656, 26729656, 26729656, 26729656, 26729656, 26729656, 26729656, 26729656, 26729656, 26729656, 26729656, 26729656, 26729656, 26729656, 26729656, 26843454, 26843454, 26843454, 26843454, 26843454, 26843454, 26843454, 26843454, 26843454, 26843454, 26843454, 26843454, 26843454, 26843454, 26843454, 26843454, 26843454, 351240074, 50449574, 213625199, 463925255, 25884336, 25884336, 25884336, 25884336, 25884336, 25884336, 25884336, 25884336, 25884336, 25884336, 25884336, 25884336, 25884336, 25884336, 25884336, 25884336, 25884336, 25884336, 25884336, 25884336, 25884336, 25884336, 25884336, 25884336, 25884336, 25884336, 25884336, 25884336, 25884336, 25884336, 25884336, 25884336, 25884336, 25884336, 25884336, 25884336, 60618821, 26726923, 26726923, 26726923, 26726923, 26726923, 26695203, 26695203, 26790979, 26790979, 26790979, 26790979, 26790979, 26790979, 26790979, 26790979, 26790979, 26790979, 26790979, 26790979, 26790979, 26790979, 26019124, 26019124, 26019124, 26019124, 26019124, 58255344, 26019124, 26019124, 26019124, 26019124, 26019124, 26019124, 26019124, 26097524, 26097524, 26097524, 26097524, 26097524, 26097524, 26097524, 26097524, 26097524, 26097524, 26097524, 25820922, 25820922, 25820922, 25820922, 25820922, 25820922, 25820922, 25820922, 25820922, 25820922, 25820922, 25820922, 25820922, 25820922, 25820922, 25820922, 25820922, 25820922, 25820922, 25820922, 25820922, 25820922, 25820922, 25820922, 25820922, 25820922, 25820922, 25846330, 25846330, 25846330, 25846330, 25846330, 25846330, 25846330, 25846330, 25846330, 25846330, 25846330, 25846330, 25846330, 25846330, 25846330, 25846330, 25846330, 25846330, 25846330, 26042517, 26042517, 26042517, 26042517, 26042517, 26042517, 26042517, 58680748, 26444528, 26444528, 26444528, 26444528, 26444528, 26444528, 26444528, 26444528, 26444528, 26444528, 26444528, 26444528, 26444528, 26444528, 26444528, 26444528, 26444528, 26444528, 26444528, 26444528, 26444528, 26444528, 26444528, 26428822, 26428822, 26428822, 26729656, 26820478, 26820478, 26820478, 26820478, 26820478, 26820478, 26820478, 26820478, 26820478, 26820478, 26820478, 26820478, 26820478, 26820478, 26820478, 26820478, 26820478, 26820478, 26820478, 26820478, 26820478, 26820478, 26820478, 26820478, 26820478, 26820478, 26820478, 26820478, 26820478, 26820478, 26843454, 26843454, 26843454, 26843454, 26843454, 26843454, 26843454, 26843454, 26843454, 26843454, 26573059, 26573059, 26573059, 26573059, 26573059, 26573059, 26573059, 26573059, 26573059, 26573059, 26573059, 26573059, 26573059, 26573059, 26573059, 26246582, 26246582, 26246582, 26246582, 26246582, 259240925, 26790979, 26790979, 25904021, 25904021, 25904021, 25904021, 299882787, 25674687, 25674687, 25674687, 25674687, 25674687, 25674687, 25674687, 61039561, 26706189, 26706189, 26706189, 26706189, 26706189, 26645180, 26645180, 26645180, 26645180, 26645180, 26645180, 26645180, 26645180, 26645180, 26428822, 26428822, 26128629, 26316447, 26316447, 26316447, 25904021, 25904021, 25904021, 60586919, 25904021, 25904021, 25904021, 25904021, 25904021, 25904021, 61127426, 26444528, 26444528, 26444528, 26444528, 26444528, 26444528, 26444528, 26444528, 26444528, 26444528, 26444528, 26444528, 26444528, 26444528, 26454608, 26454608, 26454608, 26454608, 26454608, 26454608, 26454608, 26454608, 26454608, 26454608, 26454608, 26454608, 26454608, 26454608, 26454608, 26454608, 26454608, 27029173, 26428822, 26428822, 26428822, 26428822, 26428822, 26428822, 26428822, 26428822, 26428822, 26428822, 26428822, 26428822, 26428822]",0,0,0,NPU,0,0,0,0,0,0,1.0,hot,0,0,0,0,1.0,0
0,56,meta-llama/Llama-3.1-8B,8,84,5589266729,30035719610,24446452881,21118663241,21377904166,40913982,"[26790979, 26790979, 644261241, 26706189, 26706189, 26706189, 26706189, 26706189, 26645180, 26645180, 26645180, 26645180, 26645180, 26645180, 26645180, 26645180, 26645180, 26428822, 26428822, 459928504, 26444528, 26444528, 26444528, 26444528, 26444528, 26444528, 26444528, 26444528, 26444528, 26444528, 26444528, 26444528, 26444528, 26444528, 26454608, 26454608, 26454608, 26454608, 26454608, 26454608, 26454608, 26454608, 26454608, 26454608, 26454608, 26454608, 26454608, 26454608, 26454608, 26454608, 26454608, 53457995, 26428822, 26428822, 26428822, 26428822, 26428822, 26428822, 26428822, 26428822, 26428822, 26428822, 26428822, 26428822, 26729656, 26729656, 26729656, 26729656, 26729656, 26729656, 26729656, 26729656, 26729656, 26729656, 26729656]",0,0,0,NPU,0,0,0,0,0,0,1.0,hot,0,0,0,0,1.0,0
0,48,meta-llama/Llama-3.1-8B,50,269,4209283457,30894710138,26685426681,15862643347,16076268546,48665863,"[1456380172, 26726923, 26726923, 26726923, 26726923, 26726923, 26695203, 26695203, 26790979, 26790979, 26790979, 26790979, 26790979, 26790979, 26790979, 26790979, 26790979, 26790979, 26790979, 26790979, 26790979, 26790979, 2086781127, 26444528, 26444528, 26444528, 26444528, 26444528, 26444528, 26444528, 26444528, 26444528, 26444528, 26444528, 26444528, 26444528, 26444528, 26444528, 26444528, 26444528, 26444528, 26444528, 26444528, 26444528, 26444528, 26444528, 26428822, 26428822, 26428822, 26729656, 26820478, 26820478, 26820478, 26820478, 26820478, 26820478, 26820478, 26820478, 26820478, 26820478, 26820478, 26820478, 26820478, 26820478, 26820478, 26820478, 26820478, 26820478, 26820478, 26820478, 26820478, 26820478, 26820478, 26820478, 26820478, 26820478, 26820478, 26820478, 26820478, 26820478, 26843454, 26843454, 26843454, 26843454, 26843454, 26843454, 26843454, 26843454, 26843454, 26843454, 26573059, 26573059, 26573059, 26573059, 26573059, 26573059, 26573059, 26573059, 26573059, 26573059, 26573059, 26573059, 26573059, 26573059, 26573059, 26246582, 26246582, 26246582, 26246582, 26246582, 259240925, 26790979, 26790979, 644261241, 26706189, 26706189, 26706189, 26706189, 26706189, 26645180, 26645180, 26645180, 26645180, 26645180, 26645180, 26645180, 26645180, 26645180, 26428822, 26428822, 459928504, 26444528, 26444528, 26444528, 26444528, 26444528, 26444528, 26444528, 26444528, 26444528, 26444528, 26444528, 26444528, 26444528, 26444528, 26454608, 26454608, 26454608, 26454608, 26454608, 26454608, 26454608, 26454608, 26454608, 26454608, 26454608, 26454608, 26454608, 26454608, 26454608, 26454608, 26454608, 53457995, 26428822, 26428822, 26428822, 26428822, 26428822, 26428822, 26428822, 26428822, 26428822, 26428822, 26428822, 26428822, 26729656, 26729656, 26729656, 26729656, 26729656, 26729656, 26729656, 26729656, 26729656, 26729656, 26729656, 26843454, 26843454, 26843454, 26843454, 26843454, 26843454, 26843454, 26843454, 26843454, 26843454, 26843454, 26843454, 26843454, 26843454, 26843454, 26843454, 26843454, 26843454, 26843454, 26843454, 26843454, 26843454, 26843454, 26843454, 26843454, 26843454, 26843454, 26843454, 26843454, 26843454, 26843454, 26843454]",0,0,0,NPU,0,0,0,0,0,0,1.0,hot,0,0,0,0,1.0,0
0,46,meta-llama/Llama-3.1-8B,1142,1436,4056749989,32992199053,28935449064,16015176815,16228802014,43367396,"[1456380172, 26726923, 26726923, 26726923, 26726923, 26726923, 26695203, 26695203, 26790979, 26790979, 26790979, 26790979, 26790979, 26790979, 26790979, 26790979, 26790979, 26790979, 26790979, 26790979, 26790979, 26790979, 2086781127, 26444528, 26444528, 26444528, 26444528, 26444528, 26444528, 26444528, 26444528, 26444528, 26444528, 26444528, 26444528, 26444528, 26444528, 26444528, 26444528, 26444528, 26444528, 26444528, 26444528, 26444528, 26444528, 26444528, 26428822, 26428822, 26428822, 26729656, 26820478, 26820478, 26820478, 26820478, 26820478, 26820478, 26820478, 26820478, 26820478, 26820478, 26820478, 26820478, 26820478, 26820478, 26820478, 26820478, 26820478, 26820478, 26820478, 26820478, 26820478, 26820478, 26820478, 26820478, 26820478, 26820478, 26820478, 26820478, 26820478, 26820478, 26843454, 26843454, 26843454, 26843454, 26843454, 26843454, 26843454, 26843454, 26843454, 26843454, 26573059, 26573059, 26573059, 26573059, 26573059, 26573059, 26573059, 26573059, 26573059, 26573059, 26573059, 26573059, 26573059, 26573059, 26573059, 26246582, 26246582, 26246582, 26246582, 26246582, 259240925, 26790979, 26790979, 644261241, 26706189, 26706189, 26706189, 26706189, 26706189, 26645180, 26645180, 26645180, 26645180, 26645180, 26645180, 26645180, 26645180, 26645180, 26428822, 26428822, 459928504, 26444528, 26444528, 26444528, 26444528, 26444528, 26444528, 26444528, 26444528, 26444528, 26444528, 26444528, 26444528, 26444528, 26444528, 26454608, 26454608, 26454608, 26454608, 26454608, 26454608, 26454608, 26454608, 26454608, 26454608, 26454608, 26454608, 26454608, 26454608, 26454608, 26454608, 26454608, 53457995, 26428822, 26428822, 26428822, 26428822, 26428822, 26428822, 26428822, 26428822, 26428822, 26428822, 26428822, 26428822, 26729656, 26729656, 26729656, 26729656, 26729656, 26729656, 26729656, 26729656, 26729656, 26729656, 26729656, 26843454, 26843454, 26843454, 26843454, 26843454, 26843454, 26843454, 26843454, 26843454, 26843454, 26843454, 26843454, 26843454, 26843454, 26843454, 26843454, 26843454, 26843454, 26843454, 26843454, 26843454, 26843454, 26843454, 26843454, 26843454, 26843454, 26843454, 26843454, 26843454, 26843454, 26843454, 26843454, 26573059, 26573059, 26573059, 26573059, 26573059, 26573059, 26573059, 26573059, 26639587, 26639587, 26639587, 26639587, 26639587, 26639587, 26639587, 26639587, 26639587, 26639587, 26639587, 26639587, 26639587, 26639587, 26639587, 26639587, 26639587, 26639587, 26639587, 26639587, 26639587, 26639587, 26639587, 26309846, 26600693, 26600693, 26600693, 26600693, 26600693, 26600693, 26600693, 132555320, 26489255, 26489255, 26489255, 26489255, 26489255, 26489255, 26489255, 26489255, 26489255, 26489255, 26489255, 26489255, 26489255, 26489255, 26489255, 26489255, 26489255, 26489255, 26489255, 26489255, 26489255, 26489255, 26489255, 26489255, 26489255, 26489255, 26489255, 26489255, 26489255, 26489255, 26489255, 26489255, 26489255, 26489255, 26489255]",0,0,0,NPU,0,0,0,0,0,0,1.0,hot,0,0,0,0,1.0,0
0,49,meta-llama/Llama-3.1-8B,21,317,4229722316,33440143828,29210421512,15842204488,16055829687,44591836,"[1456380172, 26726923, 26726923, 26726923, 26726923, 26726923, 26695203, 26695203, 26790979, 26790979, 26790979, 26790979, 26790979, 26790979, 26790979, 26790979, 26790979, 26790979, 26790979, 26790979, 26790979, 26790979, 2086781127, 26444528, 26444528, 26444528, 26444528, 26444528, 26444528, 26444528, 26444528, 26444528, 26444528, 26444528, 26444528, 26444528, 26444528, 26444528, 26444528, 26444528, 26444528, 26444528, 26444528, 26444528, 26444528, 26444528, 26428822, 26428822, 26428822, 26729656, 26820478, 26820478, 26820478, 26820478, 26820478, 26820478, 26820478, 26820478, 26820478, 26820478, 26820478, 26820478, 26820478, 26820478, 26820478, 26820478, 26820478, 26820478, 26820478, 26820478, 26820478, 26820478, 26820478, 26820478, 26820478, 26820478, 26820478, 26820478, 26820478, 26820478, 26843454, 26843454, 26843454, 26843454, 26843454, 26843454, 26843454, 26843454, 26843454, 26843454, 26573059, 26573059, 26573059, 26573059, 26573059, 26573059, 26573059, 26573059, 26573059, 26573059, 26573059, 26573059, 26573059, 26573059, 26573059, 26246582, 26246582, 26246582, 26246582, 26246582, 259240925, 26790979, 26790979, 644261241, 26706189, 26706189, 26706189, 26706189, 26706189, 26645180, 26645180, 26645180, 26645180, 26645180, 26645180, 26645180, 26645180, 26645180, 26428822, 26428822, 459928504, 26444528, 26444528, 26444528, 26444528, 26444528, 26444528, 26444528, 26444528, 26444528, 26444528, 26444528, 26444528, 26444528, 26444528, 26454608, 26454608, 26454608, 26454608, 26454608, 26454608, 26454608, 26454608, 26454608, 26454608, 26454608, 26454608, 26454608, 26454608, 26454608, 26454608, 26454608, 53457995, 26428822, 26428822, 26428822, 26428822, 26428822, 26428822, 26428822, 26428822, 26428822, 26428822, 26428822, 26428822, 26729656, 26729656, 26729656, 26729656, 26729656, 26729656, 26729656, 26729656, 26729656, 26729656, 26729656, 26843454, 26843454, 26843454, 26843454, 26843454, 26843454, 26843454, 26843454, 26843454, 26843454, 26843454, 26843454, 26843454, 26843454, 26843454, 26843454, 26843454, 26843454, 26843454, 26843454, 26843454, 26843454, 26843454, 26843454, 26843454, 26843454, 26843454, 26843454, 26843454, 26843454, 26843454, 26843454, 26573059, 26573059, 26573059, 26573059, 26573059, 26573059, 26573059, 26573059, 26639587, 26639587, 26639587, 26639587, 26639587, 26639587, 26639587, 26639587, 26639587, 26639587, 26639587, 26639587, 26639587, 26639587, 26639587, 26639587, 26639587, 26639587, 26639587, 26639587, 26639587, 26639587, 26639587, 26309846, 318760171, 26489255, 26489255, 26489255, 26489255, 26489255, 26489255, 26489255, 26489255, 26489255, 26489255, 26489255, 26489255, 26489255, 26489255, 26489255, 26489255, 26489255, 26489255, 26489255, 26489255, 26489255, 26489255, 26489255, 26489255, 26489255, 26489255, 26489255, 26489255, 26489255, 26489255, 26489255, 26489255, 26489255, 26489255, 26489255, 231033270, 27286840, 27286840, 27286840, 27010197, 27010197, 27010197, 27010197, 27010197]",0,0,0,NPU,0,0,0,0,0,0,1.0,hot,0,0,0,0,1.0,0
0,41,meta-llama/Llama-3.1-8B,1114,1444,3637282315,34221658819,30584376504,16032954841,16384194915,43161646,"[50449574, 213625199, 1456380172, 26726923, 26726923, 26726923, 26726923, 26726923, 26695203, 26695203, 26790979, 26790979, 26790979, 26790979, 26790979, 26790979, 26790979, 26790979, 26790979, 26790979, 26790979, 26790979, 26790979, 26790979, 2086781127, 26444528, 26444528, 26444528, 26444528, 26444528, 26444528, 26444528, 26444528, 26444528, 26444528, 26444528, 26444528, 26444528, 26444528, 26444528, 26444528, 26444528, 26444528, 26444528, 26444528, 26444528, 26444528, 26444528, 26428822, 26428822, 26428822, 26729656, 26820478, 26820478, 26820478, 26820478, 26820478, 26820478, 26820478, 26820478, 26820478, 26820478, 26820478, 26820478, 26820478, 26820478, 26820478, 26820478, 26820478, 26820478, 26820478, 26820478, 26820478, 26820478, 26820478, 26820478, 26820478, 26820478, 26820478, 26820478, 26820478, 26820478, 26843454, 26843454, 26843454, 26843454, 26843454, 26843454, 26843454, 26843454, 26843454, 26843454, 26573059, 26573059, 26573059, 26573059, 26573059, 26573059, 26573059, 26573059, 26573059, 26573059, 26573059, 26573059, 26573059, 26573059, 26573059, 26246582, 26246582, 26246582, 26246582, 26246582, 259240925, 26790979, 26790979, 644261241, 26706189, 26706189, 26706189, 26706189, 26706189, 26645180, 26645180, 26645180, 26645180, 26645180, 26645180, 26645180, 26645180, 26645180, 26428822, 26428822, 26128629, 433799875, 26444528, 26444528, 26444528, 26444528, 26444528, 26444528, 26444528, 26444528, 26444528, 26444528, 26444528, 26444528, 26444528, 26444528, 26454608, 26454608, 26454608, 26454608, 26454608, 26454608, 26454608, 26454608, 26454608, 26454608, 26454608, 26454608, 26454608, 26454608, 26454608, 26454608, 26454608, 53457995, 26428822, 26428822, 26428822, 26428822, 26428822, 26428822, 26428822, 26428822, 26428822, 26428822, 26428822, 26428822, 26729656, 26729656, 26729656, 26729656, 26729656, 26729656, 26729656, 26729656, 26729656, 26729656, 26729656, 26843454, 26843454, 26843454, 26843454, 26843454, 26843454, 26843454, 26843454, 26843454, 26843454, 26843454, 26843454, 26843454, 26843454, 26843454, 26843454, 26843454, 26843454, 26843454, 26843454, 26843454, 26843454, 26843454, 26843454, 26843454, 26843454, 26843454, 26843454, 26843454, 26843454, 26843454, 26843454, 26573059, 26573059, 26573059, 26573059, 26573059, 26573059, 26573059, 26573059, 26639587, 26639587, 26639587, 26639587, 26639587, 26639587, 26639587, 26639587, 26639587, 26639587, 26639587, 26639587, 26639587, 26639587, 26639587, 26639587, 26639587, 26639587, 26639587, 26639587, 26639587, 26639587, 26639587, 26309846, 26600693, 26600693, 26600693, 26600693, 26600693, 26600693, 26600693, 132555320, 26489255, 26489255, 26489255, 26489255, 26489255, 26489255, 26489255, 26489255, 26489255, 26489255, 26489255, 26489255, 26489255, 26489255, 26489255, 26489255, 26489255, 26489255, 26489255, 26489255, 26489255, 26489255, 26489255, 26489255, 26489255, 26489255, 26489255, 26489255, 26489255, 26489255, 26489255, 26489255, 26489255, 26489255, 26489255, 231033270, 27286840, 27286840, 27286840, 27010197, 27010197, 27010197, 27010197, 27010197, 66767834, 27286840, 27306366, 134781371, 26268629, 26268629, 26268629, 26268629, 26268629, 26268629, 26268629, 26268629, 26268629, 26268629, 26268629, 26268629, 26268629, 26268629, 26268629, 26268629, 26268629, 26268629, 26268629, 26268629]",0,0,0,NPU,0,0,0,0,0,0,1.0,hot,0,0,0,0,1.0,0
0,45,meta-llama/Llama-3.1-8B,24,369,4019395331,35490546537,31471151206,16002081899,16052531473,44821568,"[213625199, 1456380172, 26726923, 26726923, 26726923, 26726923, 26726923, 26695203, 26695203, 26790979, 26790979, 26790979, 26790979, 26790979, 26790979, 26790979, 26790979, 26790979, 26790979, 26790979, 26790979, 26790979, 26790979, 2086781127, 26444528, 26444528, 26444528, 26444528, 26444528, 26444528, 26444528, 26444528, 26444528, 26444528, 26444528, 26444528, 26444528, 26444528, 26444528, 26444528, 26444528, 26444528, 26444528, 26444528, 26444528, 26444528, 26444528, 26428822, 26428822, 26428822, 26729656, 26820478, 26820478, 26820478, 26820478, 26820478, 26820478, 26820478, 26820478, 26820478, 26820478, 26820478, 26820478, 26820478, 26820478, 26820478, 26820478, 26820478, 26820478, 26820478, 26820478, 26820478, 26820478, 26820478, 26820478, 26820478, 26820478, 26820478, 26820478, 26820478, 26820478, 26843454, 26843454, 26843454, 26843454, 26843454, 26843454, 26843454, 26843454, 26843454, 26843454, 26573059, 26573059, 26573059, 26573059, 26573059, 26573059, 26573059, 26573059, 26573059, 26573059, 26573059, 26573059, 26573059, 26573059, 26573059, 26246582, 26246582, 26246582, 26246582, 26246582, 259240925, 26790979, 26790979, 644261241, 26706189, 26706189, 26706189, 26706189, 26706189, 26645180, 26645180, 26645180, 26645180, 26645180, 26645180, 26645180, 26645180, 26645180, 26428822, 26428822, 459928504, 26444528, 26444528, 26444528, 26444528, 26444528, 26444528, 26444528, 26444528, 26444528, 26444528, 26444528, 26444528, 26444528, 26444528, 26454608, 26454608, 26454608, 26454608, 26454608, 26454608, 26454608, 26454608, 26454608, 26454608, 26454608, 26454608, 26454608, 26454608, 26454608, 26454608, 26454608, 53457995, 26428822, 26428822, 26428822, 26428822, 26428822, 26428822, 26428822, 26428822, 26428822, 26428822, 26428822, 26428822, 26729656, 26729656, 26729656, 26729656, 26729656, 26729656, 26729656, 26729656, 26729656, 26729656, 26729656, 26843454, 26843454, 26843454, 26843454, 26843454, 26843454, 26843454, 26843454, 26843454, 26843454, 26843454, 26843454, 26843454, 26843454, 26843454, 26843454, 26843454, 26843454, 26843454, 26843454, 26843454, 26843454, 26843454, 26843454, 26843454, 26843454, 26843454, 26843454, 26843454, 26843454, 26843454, 26843454, 26573059, 26573059, 26573059, 26573059, 26573059, 26573059, 26573059, 26573059, 26639587, 26639587, 26639587, 26639587, 26639587, 26639587, 26639587, 26639587, 26639587, 26639587, 26639587, 26639587, 26639587, 26639587, 26639587, 26639587, 26639587, 26639587, 26639587, 26639587, 26639587, 26639587, 26639587, 26309846, 26600693, 26600693, 26600693, 26600693, 26600693, 26600693, 26600693, 132555320, 26489255, 26489255, 26489255, 26489255, 26489255, 26489255, 26489255, 26489255, 26489255, 26489255, 26489255, 26489255, 26489255, 26489255, 26489255, 26489255, 26489255, 26489255, 26489255, 26489255, 26489255, 26489255, 26489255, 26489255, 26489255, 26489255, 26489255, 26489255, 26489255, 26489255, 26489255, 26489255, 26489255, 26489255, 26489255, 231033270, 27286840, 27286840, 27286840, 27010197, 27010197, 27010197, 27010197, 27010197, 66767834, 27286840, 27306366, 134781371, 26268629, 26268629, 26268629, 26268629, 26268629, 26268629, 26268629, 26268629, 26268629, 26268629, 26268629, 26268629, 26268629, 26268629, 26268629, 26268629, 26268629, 26268629, 26268629, 26268629, 226018684, 26956587, 26956587, 26956587, 26956587, 26956587, 26956587, 26956587, 26956587, 26956587, 26956587, 26790979, 640223165, 26572255, 26572255, 26572255, 26572255]",0,0,0,NPU,0,0,0,0,0,0,1.0,hot,0,0,0,0,1.0,0
0,54,meta-llama/Llama-3.1-8B,16,181,5325057647,35709752588,30384694941,21382872323,21642113248,53308424,"[26790979, 26790979, 644261241, 26706189, 26706189, 26706189, 26706189, 26706189, 26645180, 26645180, 26645180, 26645180, 26645180, 26645180, 26645180, 26645180, 26645180, 26428822, 26428822, 459928504, 26444528, 26444528, 26444528, 26444528, 26444528, 26444528, 26444528, 26444528, 26444528, 26444528, 26444528, 26444528, 26444528, 26444528, 26454608, 26454608, 26454608, 26454608, 26454608, 26454608, 26454608, 26454608, 26454608, 26454608, 26454608, 26454608, 26454608, 26454608, 26454608, 26454608, 26454608, 53457995, 26428822, 26428822, 26428822, 26428822, 26428822, 26428822, 26428822, 26428822, 26428822, 26428822, 26428822, 26428822, 26729656, 26729656, 26729656, 26729656, 26729656, 26729656, 26729656, 26729656, 26729656, 26729656, 26729656, 26843454, 26843454, 26843454, 26843454, 26843454, 26843454, 26843454, 26843454, 26843454, 26843454, 26843454, 26843454, 26843454, 26843454, 26843454, 26843454, 26843454, 26843454, 26843454, 26843454, 26843454, 26843454, 26843454, 26843454, 26843454, 26843454, 26843454, 26843454, 26843454, 26843454, 26843454, 26843454, 26573059, 26573059, 26573059, 26573059, 26573059, 26573059, 26573059, 26573059, 26639587, 26639587, 26639587, 26639587, 26639587, 26639587, 26639587, 26639587, 26639587, 26639587, 26639587, 26639587, 26639587, 26639587, 26639587, 26639587, 26639587, 26639587, 26639587, 26639587, 26639587, 26639587, 26639587, 26309846, 1476917366, 27286840, 27286840, 27286840, 201818819, 27286840, 913479001, 26956587, 26956587, 26956587, 26956587, 26956587, 26956587, 26956587, 26956587, 26956587, 26956587, 26790979, 805158788, 26759908, 26759908, 26759908, 26759908, 26759908, 26759908]",0,0,0,NPU,0,0,0,0,0,0,1.0,hot,0,0,0,0,1.0,0
0,40,meta-llama/Llama-3.1-8B,1409,1842,3568927593,36414399767,32845472174,14864040107,15110377725,41053459,"[26729656, 26729656, 26729656, 26729656, 26729656, 26729656, 26729656, 26729656, 26729656, 26729656, 26729656, 26729656, 26729656, 26729656, 26729656, 26729656, 26729656, 26729656, 26729656, 26729656, 26843454, 26843454, 26843454, 26843454, 26843454, 26843454, 26843454, 26843454, 26843454, 26843454, 26843454, 26843454, 26843454, 26843454, 26843454, 26843454, 26843454, 351240074, 50449574, 213625199, 1456380172, 26726923, 26726923, 26726923, 26726923, 26726923, 26695203, 26695203, 26790979, 26790979, 26790979, 26790979, 26790979, 26790979, 26790979, 26790979, 26790979, 26790979, 26790979, 26790979, 26790979, 26790979, 2086781127, 26444528, 26444528, 26444528, 26444528, 26444528, 26444528, 26444528, 26444528, 26444528, 26444528, 26444528, 26444528, 26444528, 26444528, 26444528, 26444528, 26444528, 26444528, 26444528, 26444528, 26444528, 26444528, 26444528, 26428822, 26428822, 26428822, 26729656, 26820478, 26820478, 26820478, 26820478, 26820478, 26820478, 26820478, 26820478, 26820478, 26820478, 26820478, 26820478, 26820478, 26820478, 26820478, 26820478, 26820478, 26820478, 26820478, 26820478, 26820478, 26820478, 26820478, 26820478, 26820478, 26820478, 26820478, 26820478, 26820478, 26820478, 26843454, 26843454, 26843454, 26843454, 26843454, 26843454, 26843454, 26843454, 26843454, 26843454, 26573059, 26573059, 26573059, 26573059, 26573059, 26573059, 26573059, 26573059, 26573059, 26573059, 26573059, 26573059, 26573059, 26573059, 26573059, 26246582, 26246582, 26246582, 26246582, 26246582, 259240925, 26790979, 26790979, 644261241, 26706189, 26706189, 26706189, 26706189, 26706189, 26645180, 26645180, 26645180, 26645180, 26645180, 26645180, 26645180, 26645180, 26645180, 26428822, 26428822, 26128629, 26316447, 26316447, 26316447, 354850534, 26444528, 26444528, 26444528, 26444528, 26444528, 26444528, 26444528, 26444528, 26444528, 26444528, 26444528, 26444528, 26444528, 26444528, 26454608, 26454608, 26454608, 26454608, 26454608, 26454608, 26454608, 26454608, 26454608, 26454608, 26454608, 26454608, 26454608, 26454608, 26454608, 26454608, 26454608, 27029173, 26428822, 26428822, 26428822, 26428822, 26428822, 26428822, 26428822, 26428822, 26428822, 26428822, 26428822, 26428822, 26428822, 26729656, 26729656, 26729656, 26729656, 26729656, 26729656, 26729656, 26729656, 26729656, 26729656, 26729656, 26843454, 26843454, 26843454, 26843454, 26843454, 26843454, 26843454, 26843454, 26843454, 26843454, 26843454, 26843454, 26843454, 26843454, 26843454, 26843454, 26843454, 26843454, 26843454, 26843454, 26843454, 26843454, 26843454, 26843454, 26843454, 26843454, 26843454, 26843454, 26843454, 26843454, 26843454, 26843454, 26573059, 26573059, 26573059, 26573059, 26573059, 26573059, 26573059, 26573059, 26639587, 26639587, 26639587, 26639587, 26639587, 26639587, 26639587, 26639587, 26639587, 26639587, 26639587, 26639587, 26639587, 26639587, 26639587, 26639587, 26639587, 26639587, 26639587, 26639587, 26639587, 26639587, 26639587, 26309846, 26600693, 26600693, 26600693, 26600693, 26600693, 26600693, 26600693, 132555320, 26489255, 26489255, 26489255, 26489255, 26489255, 26489255, 26489255, 26489255, 26489255, 26489255, 26489255, 26489255, 26489255, 26489255, 26489255, 26489255, 26489255, 26489255, 26489255, 26489255, 26489255, 26489255, 26489255, 26489255, 26489255, 26489255, 26489255, 26489255, 26489255, 26489255, 26489255, 26489255, 26489255, 26489255, 26489255, 231033270, 27286840, 27286840, 27286840, 27010197, 27010197, 27010197, 27010197, 27010197, 66767834, 27286840, 27306366, 134781371, 26268629, 26268629, 26268629, 26268629, 26268629, 26268629, 26268629, 26268629, 26268629, 26268629, 26268629, 26268629, 26268629, 26268629, 26268629, 26268629, 26268629, 26268629, 26268629, 26268629, 226018684, 26956587, 26956587, 26956587, 26956587, 26956587, 26956587, 26956587, 26956587, 26956587, 26956587, 26790979, 33512766, 33512766, 33512766, 33512766, 33512766, 33512766, 33512766, 33512766, 33512766, 33512766, 33512766, 33512766, 33512766, 33512766, 33512766, 137531675, 26572255, 26572255, 26572255, 26572255, 58646603, 26759908, 26759908, 26759908, 26759908, 26759908, 26759908, 26726923, 26726923, 26726923, 26726923, 26726923, 26726923, 26726923, 26726923, 26726923, 26726923, 26726923, 26726923, 26726923, 26428822, 26428822, 26445351, 26445351, 27876731, 27876731, 27876731, 140262844, 27555797]",0,0,0,PCIE_NVME,0,1730150400,0,1730150400,1730150400,1730150400,1.0,hot,0,0,0,0,1.0,3460300800
0,42,meta-llama/Llama-3.1-8B,411,798,3640781687,37007860589,33367078902,16029455469,16380695543,44006174,"[50449574, 213625199, 1456380172, 26726923, 26726923, 26726923, 26726923, 26726923, 26695203, 26695203, 26790979, 26790979, 26790979, 26790979, 26790979, 26790979, 26790979, 26790979, 26790979, 26790979, 26790979, 26790979, 26790979, 26790979, 2086781127, 26444528, 26444528, 26444528, 26444528, 26444528, 26444528, 26444528, 26444528, 26444528, 26444528, 26444528, 26444528, 26444528, 26444528, 26444528, 26444528, 26444528, 26444528, 26444528, 26444528, 26444528, 26444528, 26444528, 26428822, 26428822, 26428822, 26729656, 26820478, 26820478, 26820478, 26820478, 26820478, 26820478, 26820478, 26820478, 26820478, 26820478, 26820478, 26820478, 26820478, 26820478, 26820478, 26820478, 26820478, 26820478, 26820478, 26820478, 26820478, 26820478, 26820478, 26820478, 26820478, 26820478, 26820478, 26820478, 26820478, 26820478, 26843454, 26843454, 26843454, 26843454, 26843454, 26843454, 26843454, 26843454, 26843454, 26843454, 26573059, 26573059, 26573059, 26573059, 26573059, 26573059, 26573059, 26573059, 26573059, 26573059, 26573059, 26573059, 26573059, 26573059, 26573059, 26246582, 26246582, 26246582, 26246582, 26246582, 259240925, 26790979, 26790979, 644261241, 26706189, 26706189, 26706189, 26706189, 26706189, 26645180, 26645180, 26645180, 26645180, 26645180, 26645180, 26645180, 26645180, 26645180, 26428822, 26428822, 459928504, 26444528, 26444528, 26444528, 26444528, 26444528, 26444528, 26444528, 26444528, 26444528, 26444528, 26444528, 26444528, 26444528, 26444528, 26454608, 26454608, 26454608, 26454608, 26454608, 26454608, 26454608, 26454608, 26454608, 26454608, 26454608, 26454608, 26454608, 26454608, 26454608, 26454608, 26454608, 53457995, 26428822, 26428822, 26428822, 26428822, 26428822, 26428822, 26428822, 26428822, 26428822, 26428822, 26428822, 26428822, 26729656, 26729656, 26729656, 26729656, 26729656, 26729656, 26729656, 26729656, 26729656, 26729656, 26729656, 26843454, 26843454, 26843454, 26843454, 26843454, 26843454, 26843454, 26843454, 26843454, 26843454, 26843454, 26843454, 26843454, 26843454, 26843454, 26843454, 26843454, 26843454, 26843454, 26843454, 26843454, 26843454, 26843454, 26843454, 26843454, 26843454, 26843454, 26843454, 26843454, 26843454, 26843454, 26843454, 26573059, 26573059, 26573059, 26573059, 26573059, 26573059, 26573059, 26573059, 26639587, 26639587, 26639587, 26639587, 26639587, 26639587, 26639587, 26639587, 26639587, 26639587, 26639587, 26639587, 26639587, 26639587, 26639587, 26639587, 26639587, 26639587, 26639587, 26639587, 26639587, 26639587, 26639587, 26309846, 26600693, 26600693, 26600693, 26600693, 26600693, 26600693, 26600693, 132555320, 26489255, 26489255, 26489255, 26489255, 26489255, 26489255, 26489255, 26489255, 26489255, 26489255, 26489255, 26489255, 26489255, 26489255, 26489255, 26489255, 26489255, 26489255, 26489255, 26489255, 26489255, 26489255, 26489255, 26489255, 26489255, 26489255, 26489255, 26489255, 26489255, 26489255, 26489255, 26489255, 26489255, 26489255, 26489255, 231033270, 27286840, 27286840, 27286840, 27010197, 27010197, 27010197, 27010197, 27010197, 66767834, 27286840, 27306366, 134781371, 26268629, 26268629, 26268629, 26268629, 26268629, 26268629, 26268629, 26268629, 26268629, 26268629, 26268629, 26268629, 26268629, 26268629, 26268629, 26268629, 26268629, 26268629, 26268629, 26268629, 226018684, 26956587, 26956587, 26956587, 26956587, 26956587, 26956587, 26956587, 26956587, 26956587, 26956587, 26790979, 640223165, 26572255, 26572255, 26572255, 26572255, 58646603, 26759908, 26759908, 26759908, 26759908, 26759908, 26759908, 26726923, 26726923, 26726923, 26726923, 26726923, 26726923, 26726923, 26726923, 26726923, 26726923, 26726923, 26726923, 26726923, 26428822, 26428822, 26445351, 26445351, 27876731, 27876731, 27876731, 140262844, 27555797, 291360489, 29983933, 29983933, 29983933, 27512576, 27278932, 26786947, 26786947, 25969703, 25969703, 25921863, 25921863]",0,0,0,NPU,0,0,0,0,0,0,1.0,hot,0,0,0,0,1.0,0
0,50,meta-llama/Llama-3.1-8B,7,467,4579003029,39349521366,34770518337,15492923775,15706548974,41533702,"[1456380172, 26726923, 26726923, 26726923, 26726923, 26726923, 26695203, 26695203, 26790979, 26790979, 26790979, 26790979, 26790979, 26790979, 26790979, 26790979, 26790979, 26790979, 26790979, 26790979, 26790979, 26790979, 2086781127, 26444528, 26444528, 26444528, 26444528, 26444528, 26444528, 26444528, 26444528, 26444528, 26444528, 26444528, 26444528, 26444528, 26444528, 26444528, 26444528, 26444528, 26444528, 26444528, 26444528, 26444528, 26444528, 26444528, 26428822, 26428822, 26428822, 26729656, 26820478, 26820478, 26820478, 26820478, 26820478, 26820478, 26820478, 26820478, 26820478, 26820478, 26820478, 26820478, 26820478, 26820478, 26820478, 26820478, 26820478, 26820478, 26820478, 26820478, 26820478, 26820478, 26820478, 26820478, 26820478, 26820478, 26820478, 26820478, 26820478, 26820478, 26843454, 26843454, 26843454, 26843454, 26843454, 26843454, 26843454, 26843454, 26843454, 26843454, 26573059, 26573059, 26573059, 26573059, 26573059, 26573059, 26573059, 26573059, 26573059, 26573059, 26573059, 26573059, 26573059, 26573059, 26573059, 26246582, 26246582, 26246582, 26246582, 26246582, 259240925, 26790979, 26790979, 644261241, 26706189, 26706189, 26706189, 26706189, 26706189, 26645180, 26645180, 26645180, 26645180, 26645180, 26645180, 26645180, 26645180, 26645180, 26428822, 26428822, 459928504, 26444528, 26444528, 26444528, 26444528, 26444528, 26444528, 26444528, 26444528, 26444528, 26444528, 26444528, 26444528, 26444528, 26444528, 26454608, 26454608, 26454608, 26454608, 26454608, 26454608, 26454608, 26454608, 26454608, 26454608, 26454608, 26454608, 26454608, 26454608, 26454608, 26454608, 26454608, 53457995, 26428822, 26428822, 26428822, 26428822, 26428822, 26428822, 26428822, 26428822, 26428822, 26428822, 26428822, 26428822, 26729656, 26729656, 26729656, 26729656, 26729656, 26729656, 26729656, 26729656, 26729656, 26729656, 26729656, 26843454, 26843454, 26843454, 26843454, 26843454, 26843454, 26843454, 26843454, 26843454, 26843454, 26843454, 26843454, 26843454, 26843454, 26843454, 26843454, 26843454, 26843454, 26843454, 26843454, 26843454, 26843454, 26843454, 26843454, 26843454, 26843454, 26843454, 26843454, 26843454, 26843454, 26843454, 26843454, 26573059, 26573059, 26573059, 26573059, 26573059, 26573059, 26573059, 26573059, 26639587, 26639587, 26639587, 26639587, 26639587, 26639587, 26639587, 26639587, 26639587, 26639587, 26639587, 26639587, 26639587, 26639587, 26639587, 26639587, 26639587, 26639587, 26639587, 26639587, 26639587, 26639587, 26639587, 26309846, 318760171, 26489255, 26489255, 26489255, 26489255, 26489255, 26489255, 26489255, 26489255, 26489255, 26489255, 26489255, 26489255, 26489255, 26489255, 26489255, 26489255, 26489255, 26489255, 26489255, 26489255, 26489255, 26489255, 26489255, 26489255, 26489255, 26489255, 26489255, 26489255, 26489255, 26489255, 26489255, 26489255, 26489255, 26489255, 26489255, 231033270, 27286840, 27286840, 27286840, 27010197, 27010197, 27010197, 27010197, 27010197, 66767834, 27286840, 27306366, 134781371, 26268629, 26268629, 26268629, 26268629, 26268629, 26268629, 26268629, 26268629, 26268629, 26268629, 26268629, 26268629, 26268629, 26268629, 26268629, 26268629, 26268629, 26268629, 26268629, 26268629, 226018684, 26956587, 26956587, 26956587, 26956587, 26956587, 26956587, 26956587, 26956587, 26956587, 26956587, 26790979, 640223165, 26572255, 26572255, 26572255, 26572255, 58646603, 26759908, 26759908, 26759908, 26759908, 26759908, 26759908, 26726923, 26726923, 26726923, 26726923, 26726923, 26726923, 26726923, 26726923, 26726923, 26726923, 26726923, 26726923, 26726923, 26428822, 26428822, 26445351, 26445351, 223893037, 27555797, 291360489, 29983933, 29983933, 29983933, 27512576, 27278932, 26786947, 26786947, 25969703, 25969703, 25921863, 25921863, 113570830, 31000079, 58153136, 26007326, 26007326, 26007326, 26007326, 26007326, 26007326, 26007326, 26007326, 26007326, 26007326, 26007326, 26007326, 26007326, 26007326, 26007326, 26007326, 26007326, 26007326, 26007326, 26007326, 26007326, 26007326, 26007326, 26007326, 26007326, 26007326, 26007326, 26007326, 26007326, 26007326, 26007326, 26007326, 26007326, 26007326, 26007326, 26007326, 26007326, 26007326, 26007326, 26007326, 26007326, 26007326, 26007326, 26007326, 26007326, 26007326, 26007326, 26007326, 26007326, 26007326, 26007326, 26007326, 26007326, 26007326, 26007326, 26007326, 26007326, 26007326, 26007326, 26007326, 26007326, 26007326, 26007326, 26007326, 26359326, 26359326, 26359326, 26359326, 26359326, 26359326, 26359326, 26359326, 26359326, 26359326, 26359326, 26359326, 26359326, 26359326, 26359326, 26359326, 26359326, 26359326]",0,0,0,NPU,0,0,0,0,0,0,1.0,hot,0,0,0,0,1.0,0
0,55,meta-llama/Llama-3.1-8B,22,224,5580001184,39663156068,34083154884,21127928786,21387169711,63164105,"[26790979, 26790979, 644261241, 26706189, 26706189, 26706189, 26706189, 26706189, 26645180, 26645180, 26645180, 26645180, 26645180, 26645180, 26645180, 26645180, 26645180, 26428822, 26428822, 459928504, 26444528, 26444528, 26444528, 26444528, 26444528, 26444528, 26444528, 26444528, 26444528, 26444528, 26444528, 26444528, 26444528, 26444528, 26454608, 26454608, 26454608, 26454608, 26454608, 26454608, 26454608, 26454608, 26454608, 26454608, 26454608, 26454608, 26454608, 26454608, 26454608, 26454608, 26454608, 53457995, 26428822, 26428822, 26428822, 26428822, 26428822, 26428822, 26428822, 26428822, 26428822, 26428822, 26428822, 26428822, 26729656, 26729656, 26729656, 26729656, 26729656, 26729656, 26729656, 26729656, 26729656, 26729656, 26729656, 26843454, 26843454, 26843454, 26843454, 26843454, 26843454, 26843454, 26843454, 26843454, 26843454, 26843454, 26843454, 26843454, 26843454, 26843454, 26843454, 26843454, 26843454, 26843454, 26843454, 26843454, 26843454, 26843454, 26843454, 26843454, 26843454, 26843454, 26843454, 26843454, 26843454, 26843454, 26843454, 26573059, 26573059, 26573059, 26573059, 26573059, 26573059, 26573059, 26573059, 26639587, 26639587, 26639587, 26639587, 26639587, 26639587, 26639587, 26639587, 26639587, 26639587, 26639587, 26639587, 26639587, 26639587, 26639587, 26639587, 26639587, 26639587, 26639587, 26639587, 26639587, 26639587, 26639587, 26309846, 1476917366, 27286840, 27286840, 27286840, 201818819, 27286840, 913479001, 26956587, 26956587, 26956587, 26956587, 26956587, 26956587, 26956587, 26956587, 26956587, 26956587, 26790979, 805158788, 26759908, 26759908, 26759908, 26759908, 26759908, 26759908, 26726923, 26726923, 26726923, 26726923, 26726923, 26726923, 26726923, 26726923, 26726923, 26726923, 26726923, 26726923, 26726923, 26428822, 26428822, 26445351, 26445351, 542809323, 29983933, 29983933, 29983933, 27512576, 27278932, 26786947, 26786947, 25969703, 25969703, 25921863, 25921863, 113570830, 31000079, 2287594770, 31768005, 25614678, 26042517, 113750298, 25954302]",0,0,0,NPU,0,0,0,0,0,0,1.0,hot,0,0,0,0,1.0,0
0,52,meta-llama/Llama-3.1-8B,1282,1576,5008737007,42031384719,37022647712,21699192963,21958433888,51413699,"[26790979, 26790979, 644261241, 26706189, 26706189, 26706189, 26706189, 26706189, 26645180, 26645180, 26645180, 26645180, 26645180, 26645180, 26645180, 26645180, 26645180, 26428822, 26428822, 459928504, 26444528, 26444528, 26444528, 26444528, 26444528, 26444528, 26444528, 26444528, 26444528, 26444528, 26444528, 26444528, 26444528, 26444528, 26454608, 26454608, 26454608, 26454608, 26454608, 26454608, 26454608, 26454608, 26454608, 26454608, 26454608, 26454608, 26454608, 26454608, 26454608, 26454608, 26454608, 53457995, 26428822, 26428822, 26428822, 26428822, 26428822, 26428822, 26428822, 26428822, 26428822, 26428822, 26428822, 26428822, 26729656, 26729656, 26729656, 26729656, 26729656, 26729656, 26729656, 26729656, 26729656, 26729656, 26729656, 26843454, 26843454, 26843454, 26843454, 26843454, 26843454, 26843454, 26843454, 26843454, 26843454, 26843454, 26843454, 26843454, 26843454, 26843454, 26843454, 26843454, 26843454, 26843454, 26843454, 26843454, 26843454, 26843454, 26843454, 26843454, 26843454, 26843454, 26843454, 26843454, 26843454, 26843454, 26843454, 26573059, 26573059, 26573059, 26573059, 26573059, 26573059, 26573059, 26573059, 26639587, 26639587, 26639587, 26639587, 26639587, 26639587, 26639587, 26639587, 26639587, 26639587, 26639587, 26639587, 26639587, 26639587, 26639587, 26639587, 26639587, 26639587, 26639587, 26639587, 26639587, 26639587, 26639587, 26309846, 1476917366, 27286840, 27286840, 27286840, 27010197, 27010197, 27010197, 27010197, 27010197, 66767834, 27286840, 27306366, 886172635, 26956587, 26956587, 26956587, 26956587, 26956587, 26956587, 26956587, 26956587, 26956587, 26956587, 26790979, 805158788, 26759908, 26759908, 26759908, 26759908, 26759908, 26759908, 26726923, 26726923, 26726923, 26726923, 26726923, 26726923, 26726923, 26726923, 26726923, 26726923, 26726923, 26726923, 26726923, 26428822, 26428822, 26445351, 26445351, 542809323, 29983933, 29983933, 29983933, 27512576, 27278932, 26786947, 26786947, 25969703, 25969703, 25921863, 25921863, 113570830, 31000079, 2287594770, 31768005, 25614678, 26042517, 113750298, 25954302, 66671897, 29806160, 26786947, 26097524, 26097524, 26042517, 26042517, 26042517, 31726814, 31726814, 31726814, 31726814, 31726814, 31726814, 114426641, 25487317, 25487317, 25487317, 25487317, 25487317, 25487317, 25487317, 25487317, 25491349, 25491349, 25491349, 25491349, 25491349, 25491349, 25491349, 25491349, 25491349, 25491349, 25491349, 25491349, 25491349, 25491349, 25491349, 25491349, 25491349, 25491349, 25491349, 25491349, 25491349, 25491349, 25491349, 25491349, 25491349, 25491349, 25491349, 25491349, 25491349, 25491349, 25491349, 25491349, 25491349, 25491349, 25491349, 25491349, 25491349, 25491349, 25491349, 25491349, 25491349, 25491349, 25491349, 25491349, 25491349, 25491349, 25491349, 25491349, 25491349, 25491349, 25491349, 25491349, 25491349, 25491349, 25491349, 25491349, 25491349, 25491349, 25491349, 25491349, 25491349, 25491349, 25491349]",0,0,0,PCIE_NVME,0,1346371584,0,1346371584,1346371584,1346371584,1.0,hot,0,0,0,0,1.0,2692743168
0,59,meta-llama/Llama-3.1-8B,39,364,5655061602,43572870619,37917809017,21052868368,21312109293,51252159,"[26790979, 26790979, 644261241, 26706189, 26706189, 26706189, 26706189, 26706189, 26645180, 26645180, 26645180, 26645180, 26645180, 26645180, 26645180, 26645180, 26645180, 512786148, 26444528, 26444528, 26444528, 26444528, 26444528, 26444528, 26444528, 26444528, 26444528, 26444528, 26444528, 26444528, 26444528, 26444528, 26454608, 26454608, 26454608, 26454608, 26454608, 26454608, 26454608, 26454608, 26454608, 26454608, 26454608, 26454608, 26454608, 26454608, 26454608, 26454608, 26454608, 53457995, 26428822, 26428822, 26428822, 26428822, 26428822, 26428822, 26428822, 26428822, 26428822, 26428822, 26428822, 26428822, 26729656, 26729656, 26729656, 26729656, 26729656, 26729656, 26729656, 26729656, 26729656, 26729656, 26729656, 26843454, 26843454, 26843454, 26843454, 26843454, 26843454, 26843454, 26843454, 26843454, 26843454, 26843454, 26843454, 26843454, 26843454, 26843454, 26843454, 26843454, 26843454, 26843454, 26843454, 26843454, 26843454, 26843454, 26843454, 26843454, 26843454, 26843454, 26843454, 26843454, 26843454, 26843454, 26843454, 26573059, 26573059, 26573059, 26573059, 26573059, 26573059, 26573059, 26573059, 26639587, 26639587, 26639587, 26639587, 26639587, 26639587, 26639587, 26639587, 26639587, 26639587, 26639587, 26639587, 26639587, 26639587, 26639587, 26639587, 26639587, 26639587, 26639587, 26639587, 26639587, 26639587, 26639587, 1503227212, 27286840, 27286840, 27286840, 201818819, 27286840, 913479001, 26956587, 26956587, 26956587, 26956587, 26956587, 26956587, 26956587, 26956587, 26956587, 26956587, 26790979, 805158788, 26759908, 26759908, 26759908, 26759908, 26759908, 26759908, 26726923, 26726923, 26726923, 26726923, 26726923, 26726923, 26726923, 26726923, 26726923, 26726923, 26726923, 26726923, 26726923, 26428822, 26428822, 595700025, 29983933, 29983933, 29983933, 27512576, 27278932, 26786947, 26786947, 217353962, 31000079, 2287594770, 31768005, 25614678, 26042517, 113750298, 25954302, 66671897, 29806160, 26786947, 26097524, 26097524, 26042517, 26042517, 26042517, 304787525, 25487317, 25487317, 25487317, 25487317, 25487317, 25487317, 25487317, 25487317, 25491349, 25491349, 25491349, 25491349, 25491349, 25491349, 25491349, 25491349, 25491349, 25491349, 25491349, 25491349, 25491349, 25491349, 25491349, 25491349, 25491349, 25491349, 25491349, 25491349, 25491349, 25491349, 25491349, 25491349, 25491349, 25491349, 25491349, 25491349, 25491349, 25491349, 25491349, 25491349, 25491349, 25491349, 25491349, 25491349, 25491349, 25491349, 25491349, 25491349, 25491349, 25491349, 25491349, 25491349, 25491349, 25491349, 25491349, 25491349, 25491349, 25491349, 25491349, 25491349, 25491349, 25491349, 25491349, 25491349, 25491349, 25491349, 25491349, 25491349, 25491349, 25491349, 25491349, 224067426, 25811664, 25884336, 25884336, 25487317, 25487317, 25487317, 25487317, 48483569, 25335007, 25335007, 25335007, 25335007, 25335007, 25335007, 25335007, 25335007, 25335007, 25335007, 25335007, 25335007, 25335007, 25335007, 25335007, 25335007, 25335007, 25335007, 25335007, 25335007, 25335007, 25335007, 25335007, 25335007, 25335007, 25335007, 25335007, 25335007, 25335007, 25335007, 25335007, 25335007, 25335007, 25335007, 25335007, 25335007, 25335007, 25335007, 25335007, 25335007, 25335007, 25335007, 25335007]",0,0,0,NPU,0,0,0,0,0,0,1.0,hot,0,0,0,0,1.0,0
0,63,meta-llama/Llama-3.1-8B,11,78,5956509160,43660105094,37703595934,27035689893,27266723163,158134435,"[27286840, 27286840, 27286840, 201818819, 27286840, 913479001, 26956587, 26956587, 26956587, 26956587, 26956587, 26956587, 26956587, 26956587, 26956587, 26956587, 26790979, 805158788, 26759908, 26759908, 26759908, 26759908, 26759908, 26759908, 26726923, 26726923, 26726923, 26726923, 26726923, 26726923, 26726923, 26726923, 26726923, 26726923, 26726923, 26726923, 26726923, 26428822, 26428822, 595700025, 29983933, 29983933, 29983933, 27512576, 27278932, 26786947, 26786947, 217353962, 31000079, 2287594770, 31768005, 25614678, 232419014, 29806160, 26786947, 26097524, 26097524, 26042517, 26042517, 26042517, 2338708474, 25811664, 25884336, 25884336, 1295029656, 32042957]",0,0,0,NPU,0,0,0,0,0,0,1.0,hot,0,0,0,0,1.0,0
0,58,meta-llama/Llama-3.1-8B,30,475,5615708394,46927372169,41311663775,21092221576,21351462501,44955408,"[26790979, 26790979, 644261241, 26706189, 26706189, 26706189, 26706189, 26706189, 26645180, 26645180, 26645180, 26645180, 26645180, 26645180, 26645180, 26645180, 26645180, 512786148, 26444528, 26444528, 26444528, 26444528, 26444528, 26444528, 26444528, 26444528, 26444528, 26444528, 26444528, 26444528, 26444528, 26444528, 26454608, 26454608, 26454608, 26454608, 26454608, 26454608, 26454608, 26454608, 26454608, 26454608, 26454608, 26454608, 26454608, 26454608, 26454608, 26454608, 26454608, 53457995, 26428822, 26428822, 26428822, 26428822, 26428822, 26428822, 26428822, 26428822, 26428822, 26428822, 26428822, 26428822, 26729656, 26729656, 26729656, 26729656, 26729656, 26729656, 26729656, 26729656, 26729656, 26729656, 26729656, 26843454, 26843454, 26843454, 26843454, 26843454, 26843454, 26843454, 26843454, 26843454, 26843454, 26843454, 26843454, 26843454, 26843454, 26843454, 26843454, 26843454, 26843454, 26843454, 26843454, 26843454, 26843454, 26843454, 26843454, 26843454, 26843454, 26843454, 26843454, 26843454, 26843454, 26843454, 26843454, 26573059, 26573059, 26573059, 26573059, 26573059, 26573059, 26573059, 26573059, 26639587, 26639587, 26639587, 26639587, 26639587, 26639587, 26639587, 26639587, 26639587, 26639587, 26639587, 26639587, 26639587, 26639587, 26639587, 26639587, 26639587, 26639587, 26639587, 26639587, 26639587, 26639587, 26639587, 26309846, 1476917366, 27286840, 27286840, 27286840, 201818819, 27286840, 913479001, 26956587, 26956587, 26956587, 26956587, 26956587, 26956587, 26956587, 26956587, 26956587, 26956587, 26790979, 805158788, 26759908, 26759908, 26759908, 26759908, 26759908, 26759908, 26726923, 26726923, 26726923, 26726923, 26726923, 26726923, 26726923, 26726923, 26726923, 26726923, 26726923, 26726923, 26726923, 26428822, 26428822, 595700025, 29983933, 29983933, 29983933, 27512576, 27278932, 26786947, 26786947, 25969703, 25969703, 25921863, 25921863, 113570830, 31000079, 2287594770, 31768005, 25614678, 26042517, 113750298, 25954302, 66671897, 29806160, 26786947, 26097524, 26097524, 26042517, 26042517, 26042517, 304787525, 25487317, 25487317, 25487317, 25487317, 25487317, 25487317, 25487317, 25487317, 25491349, 25491349, 25491349, 25491349, 25491349, 25491349, 25491349, 25491349, 25491349, 25491349, 25491349, 25491349, 25491349, 25491349, 25491349, 25491349, 25491349, 25491349, 25491349, 25491349, 25491349, 25491349, 25491349, 25491349, 25491349, 25491349, 25491349, 25491349, 25491349, 25491349, 25491349, 25491349, 25491349, 25491349, 25491349, 25491349, 25491349, 25491349, 25491349, 25491349, 25491349, 25491349, 25491349, 25491349, 25491349, 25491349, 25491349, 25491349, 25491349, 25491349, 25491349, 25491349, 25491349, 25491349, 25491349, 25491349, 25491349, 25491349, 25491349, 25491349, 25491349, 25491349, 25491349, 224067426, 25811664, 25884336, 25884336, 25487317, 25487317, 25487317, 25487317, 48483569, 25335007, 25335007, 25335007, 25335007, 25335007, 25335007, 25335007, 25335007, 25335007, 25335007, 25335007, 25335007, 25335007, 25335007, 25335007, 25335007, 25335007, 25335007, 25335007, 25335007, 25335007, 25335007, 25335007, 25335007, 25335007, 25335007, 25335007, 25335007, 25335007, 25335007, 25335007, 25335007, 25335007, 25335007, 25335007, 25335007, 25335007, 25335007, 25335007, 25335007, 25335007, 25335007, 25335007, 55191518, 32042957, 32013892, 32013892, 30906699, 30810577, 26520888, 25857173, 355585760, 25648437, 25648437, 25648437, 25648437, 25648437, 25648437, 25648437, 25648437, 25648437, 25648437, 25648437, 25648437, 25648437, 25648437, 25648437, 25648437, 25648437, 25648437, 25648437, 25648437, 25648437, 25648437, 25648437, 25648437, 25648437, 25648437, 25648437, 25648437, 25648437, 25648437, 25648437, 25648437, 25648437, 25648437, 25648437, 25648437, 25648437, 25648437, 25648437, 25648437, 25648437, 25648437, 25648437, 25648437, 25648437, 25648437, 25648437, 25648437, 25904021, 25904021, 25904021, 25904021, 25904021, 25904021, 25904021, 25904021, 25904021, 25904021, 25904021, 25904021, 25904021, 25904021, 25904021, 25904021, 25904021, 25904021, 25904021, 25904021, 25904021, 25904021, 25904021, 25904021, 25904021, 25904021, 25904021, 25904021, 25904021, 25904021, 25904021, 25904021, 25904021, 25904021, 25904021, 25904021, 25904021, 25904021, 25904021, 25904021, 25904021, 25904021, 25904021, 25904021, 25904021, 25904021, 25904021, 25904021, 25904021, 25904021, 25904021, 25904021, 25904021, 25904021, 25904021, 25904021, 25904021, 25904021]",0,0,0,NPU,0,0,0,0,0,0,1.0,hot,0,0,0,0,1.0,0
0,53,meta-llama/Llama-3.1-8B,105,620,5233952206,48254032572,43020080366,21473977764,21733218689,41414127,"[26790979, 26790979, 644261241, 26706189, 26706189, 26706189, 26706189, 26706189, 26645180, 26645180, 26645180, 26645180, 26645180, 26645180, 26645180, 26645180, 26645180, 26428822, 26428822, 459928504, 26444528, 26444528, 26444528, 26444528, 26444528, 26444528, 26444528, 26444528, 26444528, 26444528, 26444528, 26444528, 26444528, 26444528, 26454608, 26454608, 26454608, 26454608, 26454608, 26454608, 26454608, 26454608, 26454608, 26454608, 26454608, 26454608, 26454608, 26454608, 26454608, 26454608, 26454608, 53457995, 26428822, 26428822, 26428822, 26428822, 26428822, 26428822, 26428822, 26428822, 26428822, 26428822, 26428822, 26428822, 26729656, 26729656, 26729656, 26729656, 26729656, 26729656, 26729656, 26729656, 26729656, 26729656, 26729656, 26843454, 26843454, 26843454, 26843454, 26843454, 26843454, 26843454, 26843454, 26843454, 26843454, 26843454, 26843454, 26843454, 26843454, 26843454, 26843454, 26843454, 26843454, 26843454, 26843454, 26843454, 26843454, 26843454, 26843454, 26843454, 26843454, 26843454, 26843454, 26843454, 26843454, 26843454, 26843454, 26573059, 26573059, 26573059, 26573059, 26573059, 26573059, 26573059, 26573059, 26639587, 26639587, 26639587, 26639587, 26639587, 26639587, 26639587, 26639587, 26639587, 26639587, 26639587, 26639587, 26639587, 26639587, 26639587, 26639587, 26639587, 26639587, 26639587, 26639587, 26639587, 26639587, 26639587, 26309846, 1476917366, 27286840, 27286840, 27286840, 27010197, 27010197, 27010197, 27010197, 27010197, 66767834, 27286840, 913479001, 26956587, 26956587, 26956587, 26956587, 26956587, 26956587, 26956587, 26956587, 26956587, 26956587, 26790979, 805158788, 26759908, 26759908, 26759908, 26759908, 26759908, 26759908, 26726923, 26726923, 26726923, 26726923, 26726923, 26726923, 26726923, 26726923, 26726923, 26726923, 26726923, 26726923, 26726923, 26428822, 26428822, 26445351, 26445351, 542809323, 29983933, 29983933, 29983933, 27512576, 27278932, 26786947, 26786947, 25969703, 25969703, 25921863, 25921863, 113570830, 31000079, 2287594770, 31768005, 25614678, 26042517, 113750298, 25954302, 66671897, 29806160, 26786947, 26097524, 26097524, 26042517, 26042517, 26042517, 304787525, 25487317, 25487317, 25487317, 25487317, 25487317, 25487317, 25487317, 25487317, 25491349, 25491349, 25491349, 25491349, 25491349, 25491349, 25491349, 25491349, 25491349, 25491349, 25491349, 25491349, 25491349, 25491349, 25491349, 25491349, 25491349, 25491349, 25491349, 25491349, 25491349, 25491349, 25491349, 25491349, 25491349, 25491349, 25491349, 25491349, 25491349, 25491349, 25491349, 25491349, 25491349, 25491349, 25491349, 25491349, 25491349, 25491349, 25491349, 25491349, 25491349, 25491349, 25491349, 25491349, 25491349, 25491349, 25491349, 25491349, 25491349, 25491349, 25491349, 25491349, 25491349, 25491349, 25491349, 25491349, 25491349, 25491349, 25491349, 25491349, 25491349, 25491349, 25491349, 224067426, 25811664, 25884336, 25884336, 25487317, 25487317, 25487317, 25487317, 48483569, 25335007, 25335007, 25335007, 25335007, 25335007, 25335007, 25335007, 25335007, 25335007, 25335007, 25335007, 25335007, 25335007, 25335007, 25335007, 25335007, 25335007, 25335007, 25335007, 25335007, 25335007, 25335007, 25335007, 25335007, 25335007, 25335007, 25335007, 25335007, 25335007, 25335007, 25335007, 25335007, 25335007, 25335007, 25335007, 25335007, 25335007, 25335007, 25335007, 25335007, 25335007, 25335007, 25335007, 55191518, 32042957, 32013892, 32013892, 30906699, 30810577, 26520888, 25857173, 25536603, 25536603, 25536603, 25536603, 25536603, 25536603, 25536603, 25536603, 25536603, 25536603, 25536603, 25536603, 49146524, 25648437, 25648437, 25648437, 25648437, 25648437, 25648437, 25648437, 25648437, 25648437, 25648437, 25648437, 25648437, 25648437, 25648437, 25648437, 25648437, 25648437, 25648437, 25648437, 25648437, 25648437, 25648437, 25648437, 25648437, 25648437, 25648437, 25648437, 25648437, 25648437, 25648437, 25648437, 25648437, 25648437, 25648437, 25648437, 25648437, 25648437, 25648437, 25648437, 25648437, 25648437, 25648437, 25648437, 25648437, 25648437, 25648437, 25648437, 25648437, 25904021, 25904021, 25904021, 25904021, 25904021, 25904021, 25904021, 25904021, 25904021, 25904021, 25904021, 25904021, 25904021, 25904021, 25904021, 25904021, 25904021, 25904021, 25904021, 25904021, 25904021, 25904021, 25904021, 25904021, 25904021, 25904021, 25904021, 25904021, 25904021, 25904021, 25904021, 25904021, 25904021, 25904021, 25904021, 25904021, 25904021, 25904021, 25904021, 25904021, 25904021, 25904021, 25904021, 25904021, 25904021, 25904021, 25904021, 25904021, 25904021, 25904021, 25904021, 25904021, 25904021, 25904021, 25904021, 25904021, 25904021, 25904021, 55266091, 31768005, 29983933, 26641724, 25892415, 49261954, 25763867, 25763867, 25763867, 25763867, 25763867, 25763867, 25763867, 25763867, 25763867, 25763867, 25763867, 25763867, 25763867, 25763867, 25763867, 25763867, 25763867, 25763867, 25763867, 25763867, 25763867, 25763867, 25763867, 25763867, 25763867, 25763867, 25763867, 25763867, 25763867, 25763867, 25763867, 25763867, 25763867, 25763867, 25763867, 25763867, 25763867, 25763867, 25763867, 25763867, 25763867, 25763867, 25763867]",0,0,0,NPU,0,0,0,0,0,0,1.0,hot,0,0,0,0,1.0,0
0,57,meta-llama/Llama-3.1-8B,14,641,5611080198,51465683999,45854603801,21096849772,21356090697,39135004,"[26790979, 26790979, 644261241, 26706189, 26706189, 26706189, 26706189, 26706189, 26645180, 26645180, 26645180, 26645180, 26645180, 26645180, 26645180, 26645180, 26645180, 26428822, 26428822, 459928504, 26444528, 26444528, 26444528, 26444528, 26444528, 26444528, 26444528, 26444528, 26444528, 26444528, 26444528, 26444528, 26444528, 26444528, 26454608, 26454608, 26454608, 26454608, 26454608, 26454608, 26454608, 26454608, 26454608, 26454608, 26454608, 26454608, 26454608, 26454608, 26454608, 26454608, 26454608, 53457995, 26428822, 26428822, 26428822, 26428822, 26428822, 26428822, 26428822, 26428822, 26428822, 26428822, 26428822, 26428822, 26729656, 26729656, 26729656, 26729656, 26729656, 26729656, 26729656, 26729656, 26729656, 26729656, 26729656, 26843454, 26843454, 26843454, 26843454, 26843454, 26843454, 26843454, 26843454, 26843454, 26843454, 26843454, 26843454, 26843454, 26843454, 26843454, 26843454, 26843454, 26843454, 26843454, 26843454, 26843454, 26843454, 26843454, 26843454, 26843454, 26843454, 26843454, 26843454, 26843454, 26843454, 26843454, 26843454, 26573059, 26573059, 26573059, 26573059, 26573059, 26573059, 26573059, 26573059, 26639587, 26639587, 26639587, 26639587, 26639587, 26639587, 26639587, 26639587, 26639587, 26639587, 26639587, 26639587, 26639587, 26639587, 26639587, 26639587, 26639587, 26639587, 26639587, 26639587, 26639587, 26639587, 26639587, 26309846, 1476917366, 27286840, 27286840, 27286840, 201818819, 27286840, 913479001, 26956587, 26956587, 26956587, 26956587, 26956587, 26956587, 26956587, 26956587, 26956587, 26956587, 26790979, 805158788, 26759908, 26759908, 26759908, 26759908, 26759908, 26759908, 26726923, 26726923, 26726923, 26726923, 26726923, 26726923, 26726923, 26726923, 26726923, 26726923, 26726923, 26726923, 26726923, 26428822, 26428822, 26445351, 26445351, 542809323, 29983933, 29983933, 29983933, 27512576, 27278932, 26786947, 26786947, 25969703, 25969703, 25921863, 25921863, 113570830, 31000079, 2287594770, 31768005, 25614678, 26042517, 113750298, 25954302, 66671897, 29806160, 26786947, 26097524, 26097524, 26042517, 26042517, 26042517, 304787525, 25487317, 25487317, 25487317, 25487317, 25487317, 25487317, 25487317, 25487317, 25491349, 25491349, 25491349, 25491349, 25491349, 25491349, 25491349, 25491349, 25491349, 25491349, 25491349, 25491349, 25491349, 25491349, 25491349, 25491349, 25491349, 25491349, 25491349, 25491349, 25491349, 25491349, 25491349, 25491349, 25491349, 25491349, 25491349, 25491349, 25491349, 25491349, 25491349, 25491349, 25491349, 25491349, 25491349, 25491349, 25491349, 25491349, 25491349, 25491349, 25491349, 25491349, 25491349, 25491349, 25491349, 25491349, 25491349, 25491349, 25491349, 25491349, 25491349, 25491349, 25491349, 25491349, 25491349, 25491349, 25491349, 25491349, 25491349, 25491349, 25491349, 25491349, 25491349, 224067426, 25811664, 25884336, 25884336, 25487317, 25487317, 25487317, 25487317, 48483569, 25335007, 25335007, 25335007, 25335007, 25335007, 25335007, 25335007, 25335007, 25335007, 25335007, 25335007, 25335007, 25335007, 25335007, 25335007, 25335007, 25335007, 25335007, 25335007, 25335007, 25335007, 25335007, 25335007, 25335007, 25335007, 25335007, 25335007, 25335007, 25335007, 25335007, 25335007, 25335007, 25335007, 25335007, 25335007, 25335007, 25335007, 25335007, 25335007, 25335007, 25335007, 25335007, 25335007, 55191518, 32042957, 32013892, 32013892, 30906699, 30810577, 26520888, 25857173, 25536603, 25536603, 25536603, 25536603, 25536603, 25536603, 25536603, 25536603, 25536603, 25536603, 25536603, 25536603, 49146524, 25648437, 25648437, 25648437, 25648437, 25648437, 25648437, 25648437, 25648437, 25648437, 25648437, 25648437, 25648437, 25648437, 25648437, 25648437, 25648437, 25648437, 25648437, 25648437, 25648437, 25648437, 25648437, 25648437, 25648437, 25648437, 25648437, 25648437, 25648437, 25648437, 25648437, 25648437, 25648437, 25648437, 25648437, 25648437, 25648437, 25648437, 25648437, 25648437, 25648437, 25648437, 25648437, 25648437, 25648437, 25648437, 25648437, 25648437, 25648437, 25904021, 25904021, 25904021, 25904021, 25904021, 25904021, 25904021, 25904021, 25904021, 25904021, 25904021, 25904021, 25904021, 25904021, 25904021, 25904021, 25904021, 25904021, 25904021, 25904021, 25904021, 25904021, 25904021, 25904021, 25904021, 25904021, 25904021, 25904021, 25904021, 25904021, 25904021, 25904021, 25904021, 25904021, 25904021, 25904021, 25904021, 25904021, 25904021, 25904021, 25904021, 25904021, 25904021, 25904021, 25904021, 25904021, 25904021, 25904021, 25904021, 25904021, 25904021, 25904021, 25904021, 25904021, 25904021, 25904021, 25904021, 25904021, 55266091, 31768005, 29983933, 26641724, 25892415, 49261954, 25763867, 25763867, 25763867, 25763867, 25763867, 25763867, 25763867, 25763867, 25763867, 25763867, 25763867, 25763867, 25763867, 25763867, 25763867, 25763867, 25763867, 25763867, 25763867, 25763867, 25763867, 25763867, 25763867, 25763867, 25763867, 25763867, 25763867, 25763867, 25763867, 25763867, 25763867, 25763867, 25763867, 25763867, 25763867, 25763867, 25763867, 25763867, 25763867, 25763867, 25763867, 25763867, 25763867, 55099311, 31601225, 31601225, 31601225, 31601225, 31601225, 29482892, 29482892, 25892415, 25892415, 25892415, 25892415, 25892415, 25892415, 25892415, 25892415, 26211925, 26211925, 26211925, 26581534, 50429146, 26581534, 26581534, 26581534, 26581534, 26581534, 26581534, 26581534, 26581534, 26581534, 26581534, 26581534, 26581534, 26581534, 26581534, 26581534, 26581534, 26581534, 26581534, 26581534, 26581534, 26581534, 26581534, 26581534, 26581534, 26581534, 26581534, 26581534, 26581534, 26581534, 26581534, 26581534, 26581534, 26971646, 26971646, 26971646, 26971646, 26971646, 26971646, 26971646, 26971646, 26971646, 26971646, 26971646, 26971646, 26971646, 26971646, 26971646, 26971646, 26971646, 26971646, 26971646, 26971646, 26971646, 26971646, 26971646, 26971646, 26971646, 26971646, 26971646, 26971646, 26971646, 26971646, 26971646, 26971646, 26971646, 26971646, 26971646, 26971646, 26971646, 26971646, 26971646, 26971646, 26971646, 26971646, 26971646, 26971646, 26971646, 26971646, 26971646, 26971646, 26971646, 26971646, 26971646, 26971646, 26971646, 26971646, 26971646, 26971646, 26971646, 26971646, 26971646, 26971646, 26971646, 26971646, 26971646, 26971646]",0,0,0,NPU,0,0,0,0,0,0,1.0,hot,0,0,0,0,1.0,0
0,102,meta-llama/Llama-3.1-8B,49,73,9289586335,51583760989,42294174654,27718274254,27831845084,628796937,"[31000079, 2287594770, 31768005, 258033692, 2525624180, 1372609992, 32042957, 32013892, 32013892, 30906699, 30810577, 3196788106, 31768005, 29983933, 1264741685, 31601225, 31601225, 31601225, 31601225, 31601225, 3053803395, 31409793, 31409793]",0,0,0,NPU,0,0,0,0,0,0,1.0,hot,0,0,0,0,1.0,0
0,66,meta-llama/Llama-3.1-8B,62,170,6082919966,52584258636,46501338670,28138738853,28364757537,169500758,"[26956587, 26956587, 26956587, 26956587, 26956587, 26956587, 26956587, 26956587, 26956587, 26956587, 26790979, 805158788, 26759908, 26759908, 26759908, 26759908, 26759908, 26759908, 26726923, 26726923, 26726923, 26726923, 26726923, 26726923, 26726923, 26726923, 26726923, 26726923, 26726923, 26726923, 26726923, 26428822, 26428822, 595700025, 29983933, 29983933, 29983933, 27512576, 27278932, 26786947, 26786947, 217353962, 31000079, 2287594770, 31768005, 25614678, 232419014, 29806160, 26786947, 2469031073, 25811664, 25884336, 25884336, 1295029656, 32042957, 32013892, 32013892, 30906699, 30810577, 26520888, 25857173, 3144410045, 31768005, 29983933, 26641724, 1238099961, 31601225, 31601225, 31601225, 31601225, 31601225, 29482892, 29482892, 2994837611, 31409793, 31409793, 31181400, 31181400, 31181400, 31181400, 31181400, 31181400, 31181400, 27218200, 27218200, 27218200, 25668423, 25668423, 25668423, 100715510, 31000079, 31000079, 31000079, 31000079, 31000079, 31000079, 31000079, 31000079, 31000079, 31000079, 31000079, 31000079, 31000079, 31000079, 31000079, 31000079, 26851204]",0,0,0,NPU,0,0,0,0,0,0,1.0,hot,0,0,0,0,1.0,0
0,68,meta-llama/Llama-3.1-8B,626,773,6252715911,53746373585,47493657674,27968942908,28194961592,132182849,"[26956587, 26956587, 26956587, 26956587, 26956587, 26956587, 26956587, 26956587, 26956587, 26956587, 26790979, 805158788, 26759908, 26759908, 26759908, 26759908, 26759908, 26759908, 26726923, 26726923, 26726923, 26726923, 26726923, 26726923, 26726923, 26726923, 26726923, 26726923, 26726923, 26726923, 26726923, 26428822, 26428822, 595700025, 29983933, 29983933, 29983933, 27512576, 27278932, 26786947, 26786947, 217353962, 31000079, 2287594770, 31768005, 258033692, 29806160, 26786947, 2469031073, 25811664, 25884336, 25884336, 1295029656, 32042957, 32013892, 32013892, 30906699, 30810577, 26520888, 3170267218, 31768005, 29983933, 26641724, 1238099961, 31601225, 31601225, 31601225, 31601225, 31601225, 29482892, 29482892, 2994837611, 31409793, 31409793, 31181400, 31181400, 31181400, 31181400, 31181400, 31181400, 31181400, 27218200, 27218200, 27218200, 25668423, 25668423, 25668423, 100715510, 31000079, 31000079, 31000079, 31000079, 31000079, 31000079, 31000079, 31000079, 31000079, 31000079, 31000079, 31000079, 31000079, 31000079, 31000079, 31000079, 26851204, 30906699, 30906699, 30906699, 30906699, 30906699, 28871748, 26171806, 25668423, 25668423, 25668423, 25668423, 25668423, 25668423, 25668423, 92391983, 26171806, 26171806, 26171806, 26171806, 26171806, 26171806, 26171806, 26171806, 26171806, 26171806, 26171806, 26171806, 26171806, 26171806, 26171806, 26171806, 26171806, 26171806, 26171806, 26171806, 26171806, 26171806, 26171806, 26171806, 26171806, 26171806]",0,0,0,NPU,0,0,0,0,0,0,1.0,hot,0,0,0,0,1.0,0
0,72,meta-llama/Llama-3.1-8B,4,137,6856786607,53824502319,46967715712,27364872212,27590890896,146794127,"[26956587, 26956587, 26956587, 26956587, 26956587, 26956587, 26956587, 26956587, 26956587, 26956587, 831949767, 26759908, 26759908, 26759908, 26759908, 26759908, 26759908, 26726923, 26726923, 26726923, 26726923, 26726923, 26726923, 26726923, 26726923, 26726923, 26726923, 26726923, 26726923, 26726923, 648557669, 29983933, 29983933, 29983933, 27512576, 27278932, 26786947, 26786947, 217353962, 31000079, 2287594770, 31768005, 258033692, 29806160, 26786947, 2469031073, 1372609992, 32042957, 32013892, 32013892, 30906699, 30810577, 26520888, 3170267218, 31768005, 29983933, 26641724, 1238099961, 31601225, 31601225, 31601225, 31601225, 31601225, 29482892, 29482892, 2994837611, 31409793, 31409793, 31181400, 31181400, 31181400, 31181400, 31181400, 31181400, 31181400, 27218200, 27218200, 27218200, 177720779, 31000079, 31000079, 31000079, 31000079, 31000079, 31000079, 31000079, 31000079, 31000079, 31000079, 31000079, 31000079, 31000079, 31000079, 31000079, 31000079, 26851204, 30906699, 30906699, 30906699, 30906699, 30906699, 28871748, 26171806, 272070944, 26171806, 26171806, 26171806, 26171806, 26171806, 26171806, 26171806, 26171806, 26171806, 26171806, 26171806, 26171806, 26171806, 26171806, 26171806, 26171806, 26171806, 26171806, 26171806, 26171806, 26171806, 26171806, 26171806, 26171806, 26171806, 26171806, 47318157, 30810577]",0,0,0,NPU,0,0,0,0,0,0,1.0,hot,0,0,0,0,1.0,0
0,83,meta-llama/Llama-3.1-8B,12,79,7834202581,53824502319,45990299738,28580197186,28871557675,259374879,"[29983933, 29983933, 29983933, 325719364, 31000079, 2287594770, 31768005, 258033692, 29806160, 2495818020, 1372609992, 32042957, 32013892, 32013892, 30906699, 30810577, 3196788106, 31768005, 29983933, 1264741685, 31601225, 31601225, 31601225, 31601225, 31601225, 29482892, 29482892, 2994837611, 31409793, 31409793, 31181400, 31181400, 31181400, 31181400, 31181400, 31181400, 31181400, 27218200, 27218200, 27218200, 177720779, 31000079, 31000079, 31000079, 31000079, 31000079, 31000079, 31000079, 31000079, 31000079, 31000079, 31000079, 31000079, 31000079, 31000079, 31000079, 31000079, 26851204, 30906699, 30906699, 30906699, 30906699, 30906699, 28871748, 1026027863, 30810577]",0,0,0,NPU,0,0,0,0,0,0,1.0,hot,0,0,0,0,1.0,0
0,71,meta-llama/Llama-3.1-8B,229,368,6856232865,54006966279,47150733414,27365425954,27591444638,141733976,"[26956587, 26956587, 26956587, 26956587, 26956587, 26956587, 26956587, 26956587, 26956587, 26956587, 831949767, 26759908, 26759908, 26759908, 26759908, 26759908, 26759908, 26726923, 26726923, 26726923, 26726923, 26726923, 26726923, 26726923, 26726923, 26726923, 26726923, 26726923, 26726923, 26726923, 648557669, 29983933, 29983933, 29983933, 27512576, 27278932, 26786947, 26786947, 217353962, 31000079, 2287594770, 31768005, 258033692, 29806160, 26786947, 2469031073, 1372609992, 32042957, 32013892, 32013892, 30906699, 30810577, 26520888, 3170267218, 31768005, 29983933, 26641724, 1238099961, 31601225, 31601225, 31601225, 31601225, 31601225, 29482892, 29482892, 2994837611, 31409793, 31409793, 31181400, 31181400, 31181400, 31181400, 31181400, 31181400, 31181400, 27218200, 27218200, 27218200, 177720779, 31000079, 31000079, 31000079, 31000079, 31000079, 31000079, 31000079, 31000079, 31000079, 31000079, 31000079, 31000079, 31000079, 31000079, 31000079, 31000079, 26851204, 30906699, 30906699, 30906699, 30906699, 30906699, 28871748, 26171806, 272070944, 26171806, 26171806, 26171806, 26171806, 26171806, 26171806, 26171806, 26171806, 26171806, 26171806, 26171806, 26171806, 26171806, 26171806, 26171806, 26171806, 26171806, 26171806, 26171806, 26171806, 26171806, 26171806, 26171806, 26171806, 26171806, 26171806, 47318157, 30810577, 30410660, 30410660, 30410660, 30410660, 30410660, 30410660]",0,0,0,NPU,0,0,0,0,0,0,1.0,hot,0,0,0,0,1.0,0
0,100,meta-llama/Llama-3.1-8B,11,78,9150673710,54097996482,44947322772,27857186879,27970757709,257220682,"[31000079, 2287594770, 31768005, 258033692, 2525624180, 1372609992, 32042957, 32013892, 32013892, 30906699, 30810577, 3196788106, 31768005, 29983933, 1264741685, 31601225, 31601225, 31601225, 31601225, 31601225, 29482892, 29482892, 2994837611, 31409793, 31409793, 31181400, 31181400, 31181400, 31181400, 31181400, 31181400, 31181400, 259375379, 31000079, 31000079, 31000079, 31000079, 31000079, 31000079, 31000079, 31000079, 31000079, 31000079, 31000079, 31000079, 31000079, 31000079, 31000079, 31000079, 57757903, 30906699, 30906699, 30906699, 30906699, 28871748, 1026027863, 30810577, 30410660, 30410660, 30410660, 30410660, 30410660, 30410660, 30343401, 30343401, 30343401]",0,0,0,NPU,0,0,0,0,0,0,1.0,hot,0,0,0,0,1.0,0
0,110,meta-llama/Llama-3.1-8B,35,98,9889338569,54219130506,44329791937,29460182797,29550687699,238372649,"[31768005, 258033692, 2525624180, 1372609992, 32042957, 32013892, 32013892, 3258505382, 31768005, 1294725618, 31601225, 31601225, 31601225, 31601225, 31601225, 3053803395, 31409793, 31409793, 31181400, 31181400, 31181400, 31181400, 31181400, 31181400, 31181400, 259375379, 31000079, 31000079, 31000079, 31000079, 31000079, 31000079, 31000079, 31000079, 31000079, 31000079, 31000079, 31000079, 31000079, 31000079, 31000079, 31000079, 57757903, 30906699, 30906699, 30906699, 30906699, 1054899611, 30810577, 30410660, 30410660, 30410660, 30410660, 30410660, 30410660, 30343401, 30343401, 30343401, 30283506, 30283506, 30283506, 30283506]",0,0,0,NPU,0,0,0,0,0,0,1.0,hot,0,0,0,0,1.0,0
0,64,meta-llama/Llama-3.1-8B,266,463,5989489444,54804270644,48814781200,27450654384,27517422218,108659994,"[27286840, 913479001, 26956587, 26956587, 26956587, 26956587, 26956587, 26956587, 26956587, 26956587, 26956587, 26956587, 26790979, 805158788, 26759908, 26759908, 26759908, 26759908, 26759908, 26759908, 26726923, 26726923, 26726923, 26726923, 26726923, 26726923, 26726923, 26726923, 26726923, 26726923, 26726923, 26726923, 26726923, 26428822, 26428822, 595700025, 29983933, 29983933, 29983933, 27512576, 27278932, 26786947, 26786947, 217353962, 31000079, 2287594770, 31768005, 25614678, 232419014, 29806160, 26786947, 26097524, 26097524, 2416836025, 25811664, 25884336, 25884336, 1295029656, 32042957, 32013892, 32013892, 30906699, 30810577, 26520888, 25857173, 3144410045, 31768005, 29983933, 26641724, 1238099961, 31601225, 31601225, 31601225, 31601225, 31601225, 29482892, 29482892, 25892415, 25892415, 25892415, 25892415, 25892415, 25892415, 25892415, 25892415, 2787698291, 31409793, 31409793, 31181400, 31181400, 31181400, 31181400, 31181400, 31181400, 31181400, 27218200, 27218200, 27218200, 25668423, 25668423, 25668423, 100715510, 31000079, 31000079, 31000079, 31000079, 31000079, 31000079, 31000079, 31000079, 31000079, 31000079, 31000079, 31000079, 31000079, 31000079, 31000079, 31000079, 26851204, 30906699, 30906699, 30906699, 30906699, 30906699, 28871748, 26171806, 25668423, 25668423, 25668423, 25668423, 25668423, 25668423, 25668423, 92391983, 26171806, 26171806, 26171806, 26171806, 26171806, 26171806, 26171806, 26171806, 26171806, 26171806, 26171806, 26171806, 26171806, 26171806, 26171806, 26171806, 26171806, 26171806, 26171806, 26171806, 26171806, 26171806, 26171806, 26171806, 26171806, 26171806, 47318157, 30810577, 30410660, 30410660, 30410660, 30410660, 30410660, 30410660, 30343401, 30343401, 30343401, 30283506, 30283506, 30283506, 30283506, 30093409, 30093409, 30093409, 30093409, 30093409, 30093409, 30093409, 30093409, 30093409, 29482892, 25892415, 25892415, 25892415, 25892415, 25892415, 25892415, 25892415, 25892415, 25892415, 25892415, 25892415]",0,0,0,NPU,0,0,0,0,0,0,1.0,hot,0,0,0,0,1.0,0
0,65,meta-llama/Llama-3.1-8B,36,274,6067730152,56227778679,50160048527,28153928667,28379947351,91899161,"[26956587, 26956587, 26956587, 26956587, 26956587, 26956587, 26956587, 26956587, 26956587, 26956587, 26790979, 805158788, 26759908, 26759908, 26759908, 26759908, 26759908, 26759908, 26726923, 26726923, 26726923, 26726923, 26726923, 26726923, 26726923, 26726923, 26726923, 26726923, 26726923, 26726923, 26726923, 26428822, 26428822, 595700025, 29983933, 29983933, 29983933, 27512576, 27278932, 26786947, 26786947, 217353962, 31000079, 2287594770, 31768005, 25614678, 232419014, 29806160, 26786947, 26097524, 26097524, 2416836025, 25811664, 25884336, 25884336, 1295029656, 32042957, 32013892, 32013892, 30906699, 30810577, 26520888, 25857173, 3144410045, 31768005, 29983933, 26641724, 1238099961, 31601225, 31601225, 31601225, 31601225, 31601225, 29482892, 29482892, 2994837611, 31409793, 31409793, 31181400, 31181400, 31181400, 31181400, 31181400, 31181400, 31181400, 27218200, 27218200, 27218200, 25668423, 25668423, 25668423, 100715510, 31000079, 31000079, 31000079, 31000079, 31000079, 31000079, 31000079, 31000079, 31000079, 31000079, 31000079, 31000079, 31000079, 31000079, 31000079, 31000079, 26851204, 30906699, 30906699, 30906699, 30906699, 30906699, 28871748, 26171806, 25668423, 25668423, 25668423, 25668423, 25668423, 25668423, 25668423, 92391983, 26171806, 26171806, 26171806, 26171806, 26171806, 26171806, 26171806, 26171806, 26171806, 26171806, 26171806, 26171806, 26171806, 26171806, 26171806, 26171806, 26171806, 26171806, 26171806, 26171806, 26171806, 26171806, 26171806, 26171806, 26171806, 26171806, 47318157, 30810577, 30410660, 30410660, 30410660, 30410660, 30410660, 30410660, 30343401, 30343401, 30343401, 30283506, 30283506, 30283506, 30283506, 30093409, 30093409, 30093409, 30093409, 30093409, 30093409, 30093409, 30093409, 30093409, 29482892, 25892415, 25892415, 25892415, 25892415, 25892415, 25892415, 25892415, 25892415, 25892415, 25892415, 25892415, 29983933, 29983933, 29983933, 29983933, 29983933, 29983933, 29983933, 29983933, 29983933, 29983933, 29983933, 26118142, 25732479, 25732479, 25732479, 25732479, 26211925, 96229806, 25465799, 25465799, 25465799, 25465799, 25465799, 25465799, 25465799, 25465799, 25465799, 25465799, 25465799, 25465799, 25465799, 25465799, 25465799, 25465799, 25465799, 25465799, 25465799, 25465799, 25465799, 25465799, 25465799, 25465799, 25668423, 25668423, 25668423, 25668423, 25668423, 25668423, 25668423, 25668423, 25668423]",0,0,0,NPU,0,0,0,0,0,0,1.0,hot,0,0,0,0,1.0,0
0,73,meta-llama/Llama-3.1-8B,16,302,7025776284,58404623727,51378847443,27195882535,27421901219,84059460,"[26956587, 26956587, 26956587, 26956587, 26956587, 26956587, 26956587, 26956587, 26956587, 26956587, 831949767, 26759908, 26759908, 26759908, 26759908, 26759908, 26759908, 26726923, 26726923, 26726923, 26726923, 26726923, 26726923, 26726923, 26726923, 26726923, 26726923, 26726923, 26726923, 26726923, 648557669, 29983933, 29983933, 29983933, 27512576, 27278932, 26786947, 26786947, 217353962, 31000079, 2287594770, 31768005, 258033692, 29806160, 26786947, 2469031073, 1372609992, 32042957, 32013892, 32013892, 30906699, 30810577, 26520888, 3170267218, 31768005, 29983933, 26641724, 1238099961, 31601225, 31601225, 31601225, 31601225, 31601225, 29482892, 29482892, 2994837611, 31409793, 31409793, 31181400, 31181400, 31181400, 31181400, 31181400, 31181400, 31181400, 27218200, 27218200, 27218200, 177720779, 31000079, 31000079, 31000079, 31000079, 31000079, 31000079, 31000079, 31000079, 31000079, 31000079, 31000079, 31000079, 31000079, 31000079, 31000079, 31000079, 26851204, 30906699, 30906699, 30906699, 30906699, 30906699, 28871748, 26171806, 272070944, 26171806, 26171806, 26171806, 26171806, 26171806, 26171806, 26171806, 26171806, 26171806, 26171806, 26171806, 26171806, 26171806, 26171806, 26171806, 26171806, 26171806, 26171806, 26171806, 26171806, 26171806, 26171806, 26171806, 26171806, 26171806, 26171806, 47318157, 30810577, 30410660, 30410660, 30410660, 30410660, 30410660, 30410660, 30343401, 30343401, 30343401, 30283506, 30283506, 30283506, 30283506, 30093409, 30093409, 30093409, 30093409, 30093409, 30093409, 30093409, 30093409, 30093409, 29482892, 314800498, 29983933, 29983933, 29983933, 29983933, 29983933, 29983933, 29983933, 29983933, 29983933, 29983933, 26118142, 225371647, 25465799, 25465799, 25465799, 25465799, 25465799, 25465799, 25465799, 25465799, 25465799, 25465799, 25465799, 25465799, 25465799, 25465799, 25465799, 25465799, 25465799, 25465799, 25465799, 25465799, 25465799, 25465799, 25465799, 25465799, 25668423, 25668423, 25668423, 25668423, 25668423, 25668423, 25668423, 25668423, 25668423, 25859550, 25859550, 25859550, 25859550, 25859550, 25859550, 25859550, 25859550, 25859550, 25859550, 25859550, 25859550, 25859550, 25859550, 25859550, 25859550, 25859550, 25859550, 25859550, 25859550, 25859550, 25859550, 25859550, 25859550, 25859550, 25859550, 25859550, 25859550, 25859550, 25859550, 25859550, 25859550, 25859550, 25859550, 25859550, 25954302, 25954302, 25954302, 25954302, 25954302, 25954302, 25954302, 25954302, 25954302, 25954302, 25954302, 25954302, 25954302, 25954302, 25954302, 25954302, 25954302, 25954302, 25954302, 25954302, 25954302, 25954302, 25954302, 25954302, 25954302, 25954302, 25954302, 25954302, 25954302, 25954302, 25954302, 25954302, 25954302, 25954302, 25954302, 25954302, 25954302, 25954302, 25954302, 25954302, 25954302, 25954302, 25954302, 25954302, 25954302, 25954302, 25954302, 25954302, 25954302]",0,0,0,NPU,0,0,0,0,0,0,1.0,hot,0,0,0,0,1.0,0
0,61,meta-llama/Llama-3.1-8B,986,1393,5735930675,59911056262,54175125587,27256268378,27487301648,65733556,"[27286840, 27286840, 27286840, 201818819, 27286840, 913479001, 26956587, 26956587, 26956587, 26956587, 26956587, 26956587, 26956587, 26956587, 26956587, 26956587, 26790979, 805158788, 26759908, 26759908, 26759908, 26759908, 26759908, 26759908, 26726923, 26726923, 26726923, 26726923, 26726923, 26726923, 26726923, 26726923, 26726923, 26726923, 26726923, 26726923, 26726923, 26428822, 26428822, 595700025, 29983933, 29983933, 29983933, 27512576, 27278932, 26786947, 26786947, 217353962, 31000079, 2287594770, 31768005, 25614678, 26042517, 206376497, 29806160, 26786947, 26097524, 26097524, 26042517, 26042517, 26042517, 2338708474, 25811664, 25884336, 25884336, 25487317, 25487317, 25487317, 25487317, 1193080388, 32042957, 32013892, 32013892, 30906699, 30810577, 26520888, 25857173, 3144410045, 31768005, 29983933, 26641724, 25892415, 1212207546, 31601225, 31601225, 31601225, 31601225, 31601225, 29482892, 29482892, 25892415, 25892415, 25892415, 25892415, 25892415, 25892415, 25892415, 25892415, 26211925, 26211925, 26211925, 2709062516, 31409793, 31409793, 31181400, 31181400, 31181400, 31181400, 31181400, 31181400, 31181400, 27218200, 27218200, 27218200, 25668423, 25668423, 25668423, 100715510, 31000079, 31000079, 31000079, 31000079, 31000079, 31000079, 31000079, 31000079, 31000079, 31000079, 31000079, 31000079, 31000079, 31000079, 31000079, 31000079, 26851204, 30906699, 30906699, 30906699, 30906699, 30906699, 28871748, 26171806, 25668423, 25668423, 25668423, 25668423, 25668423, 25668423, 25668423, 92391983, 26171806, 26171806, 26171806, 26171806, 26171806, 26171806, 26171806, 26171806, 26171806, 26171806, 26171806, 26171806, 26171806, 26171806, 26171806, 26171806, 26171806, 26171806, 26171806, 26171806, 26171806, 26171806, 26171806, 26171806, 26171806, 26171806, 47318157, 30810577, 30410660, 30410660, 30410660, 30410660, 30410660, 30410660, 30343401, 30343401, 30343401, 30283506, 30283506, 30283506, 30283506, 30093409, 30093409, 30093409, 30093409, 30093409, 30093409, 30093409, 30093409, 30093409, 29482892, 25892415, 25892415, 25892415, 25892415, 25892415, 25892415, 25892415, 25892415, 25892415, 25892415, 25892415, 29983933, 29983933, 29983933, 29983933, 29983933, 29983933, 29983933, 29983933, 29983933, 29983933, 29983933, 26118142, 25732479, 25732479, 25732479, 25732479, 26211925, 96229806, 25465799, 25465799, 25465799, 25465799, 25465799, 25465799, 25465799, 25465799, 25465799, 25465799, 25465799, 25465799, 25465799, 25465799, 25465799, 25465799, 25465799, 25465799, 25465799, 25465799, 25465799, 25465799, 25465799, 25465799, 25668423, 25668423, 25668423, 25668423, 25668423, 25668423, 25668423, 25668423, 25668423, 25859550, 25859550, 25859550, 25859550, 25859550, 25859550, 25859550, 25859550, 25859550, 25859550, 25859550, 25859550, 25859550, 25859550, 25859550, 25859550, 25859550, 25859550, 25859550, 25859550, 25859550, 25859550, 25859550, 25859550, 25859550, 25859550, 25859550, 25859550, 25859550, 25859550, 25859550, 25859550, 25859550, 25859550, 25859550, 25954302, 25954302, 25954302, 25954302, 25954302, 25954302, 25954302, 25954302, 25954302, 25954302, 25954302, 25954302, 25954302, 25954302, 25954302, 25954302, 25954302, 25954302, 25954302, 25954302, 25954302, 25954302, 25954302, 25954302, 25954302, 25954302, 25954302, 25954302, 25954302, 25954302, 25954302, 25954302, 25954302, 25954302, 25954302, 25954302, 25954302, 25954302, 25954302, 25954302, 25954302, 25954302, 25954302, 25954302, 25954302, 25954302, 25954302, 25954302, 25954302, 25491349, 25491349, 25491349, 25491349, 25491349, 25491349, 25491349, 25491349, 25491349, 25491349, 25491349, 25491349, 25491349, 25491349, 25491349, 25491349, 25491349, 25491349, 25491349, 25491349, 25491349, 25491349, 25491349, 25491349, 25491349, 25491349, 25491349, 25491349, 25491349, 25491349, 25491349, 25491349, 25491349, 25491349, 25491349, 25491349, 25491349, 25491349, 25491349, 25491349, 25619925, 25619925, 25619925, 25619925, 25619925, 25619925, 25619925, 25619925, 25619925, 25619925, 25619925, 25619925, 25619925, 25619925, 25619925, 25619925, 25619925, 25619925, 25619925]",0,0,0,PCIE_NVME,0,1289748480,0,1289748480,1289748480,1289748480,1.0,hot,0,0,0,0,1.0,2579496960
0,106,meta-llama/Llama-3.1-8B,13,107,9680258683,60164475554,50484216871,29669262683,29759767585,222843540,"[31768005, 258033692, 2525624180, 1372609992, 32042957, 32013892, 32013892, 30906699, 30810577, 3196788106, 31768005, 1294725618, 31601225, 31601225, 31601225, 31601225, 31601225, 3053803395, 31409793, 31409793, 31181400, 31181400, 31181400, 31181400, 31181400, 31181400, 31181400, 259375379, 31000079, 31000079, 31000079, 31000079, 31000079, 31000079, 31000079, 31000079, 31000079, 31000079, 31000079, 31000079, 31000079, 31000079, 31000079, 31000079, 57757903, 30906699, 30906699, 30906699, 30906699, 1054899611, 30810577, 30410660, 30410660, 30410660, 30410660, 30410660, 30410660, 30343401, 30343401, 30343401, 30283506, 30283506, 30283506, 30283506, 30093409, 30093409, 30093409, 30093409, 30093409, 30093409, 30093409, 30093409, 30093409, 29482892, 314800498, 29983933, 29983933, 29983933, 29983933, 29983933, 29983933, 29983933, 29983933, 29983933, 29983933, 4824001403, 29482892, 29482892, 29482892, 29482892, 29482892, 29482892, 29482892]",0,0,0,NPU,0,0,0,0,0,0,1.0,hot,0,0,0,0,1.0,0
0,70,meta-llama/Llama-3.1-8B,7,364,6834078921,60251054045,53416975124,27387579898,27613598582,72481394,"[26956587, 26956587, 26956587, 26956587, 26956587, 26956587, 26956587, 26956587, 26956587, 26956587, 26790979, 805158788, 26759908, 26759908, 26759908, 26759908, 26759908, 26759908, 26726923, 26726923, 26726923, 26726923, 26726923, 26726923, 26726923, 26726923, 26726923, 26726923, 26726923, 26726923, 26726923, 648557669, 29983933, 29983933, 29983933, 27512576, 27278932, 26786947, 26786947, 217353962, 31000079, 2287594770, 31768005, 258033692, 29806160, 26786947, 2469031073, 1372609992, 32042957, 32013892, 32013892, 30906699, 30810577, 26520888, 3170267218, 31768005, 29983933, 26641724, 1238099961, 31601225, 31601225, 31601225, 31601225, 31601225, 29482892, 29482892, 2994837611, 31409793, 31409793, 31181400, 31181400, 31181400, 31181400, 31181400, 31181400, 31181400, 27218200, 27218200, 27218200, 177720779, 31000079, 31000079, 31000079, 31000079, 31000079, 31000079, 31000079, 31000079, 31000079, 31000079, 31000079, 31000079, 31000079, 31000079, 31000079, 31000079, 26851204, 30906699, 30906699, 30906699, 30906699, 30906699, 28871748, 26171806, 272070944, 26171806, 26171806, 26171806, 26171806, 26171806, 26171806, 26171806, 26171806, 26171806, 26171806, 26171806, 26171806, 26171806, 26171806, 26171806, 26171806, 26171806, 26171806, 26171806, 26171806, 26171806, 26171806, 26171806, 26171806, 26171806, 26171806, 47318157, 30810577, 30410660, 30410660, 30410660, 30410660, 30410660, 30410660, 30343401, 30343401, 30343401, 30283506, 30283506, 30283506, 30283506, 30093409, 30093409, 30093409, 30093409, 30093409, 30093409, 30093409, 30093409, 30093409, 29482892, 314800498, 29983933, 29983933, 29983933, 29983933, 29983933, 29983933, 29983933, 29983933, 29983933, 29983933, 26118142, 225371647, 25465799, 25465799, 25465799, 25465799, 25465799, 25465799, 25465799, 25465799, 25465799, 25465799, 25465799, 25465799, 25465799, 25465799, 25465799, 25465799, 25465799, 25465799, 25465799, 25465799, 25465799, 25465799, 25465799, 25465799, 25668423, 25668423, 25668423, 25668423, 25668423, 25668423, 25668423, 25668423, 25668423, 25859550, 25859550, 25859550, 25859550, 25859550, 25859550, 25859550, 25859550, 25859550, 25859550, 25859550, 25859550, 25859550, 25859550, 25859550, 25859550, 25859550, 25859550, 25859550, 25859550, 25859550, 25859550, 25859550, 25859550, 25859550, 25859550, 25859550, 25859550, 25859550, 25859550, 25859550, 25859550, 25859550, 25859550, 25859550, 25954302, 25954302, 25954302, 25954302, 25954302, 25954302, 25954302, 25954302, 25954302, 25954302, 25954302, 25954302, 25954302, 25954302, 25954302, 25954302, 25954302, 25954302, 25954302, 25954302, 25954302, 25954302, 25954302, 25954302, 25954302, 25954302, 25954302, 25954302, 25954302, 25954302, 25954302, 25954302, 25954302, 25954302, 25954302, 25954302, 25954302, 25954302, 25954302, 25954302, 25954302, 25954302, 25954302, 25954302, 25954302, 25954302, 25954302, 25954302, 25954302, 25491349, 25491349, 25491349, 25491349, 25491349, 25491349, 25491349, 25491349, 25491349, 25491349, 25491349, 25491349, 25491349, 25491349, 25491349, 25491349, 25491349, 25491349, 25491349, 25491349, 25491349, 25491349, 25491349, 25491349, 25491349, 25491349, 25491349, 25491349, 25491349, 25491349, 25491349, 25491349, 25491349, 25491349, 25491349, 25491349, 25491349, 25491349, 25491349, 25491349, 25619925, 25619925, 25619925, 25619925, 25619925, 25619925, 25619925, 25619925, 25619925, 25619925, 25619925, 25619925, 25619925, 25619925, 25619925, 25619925, 25619925, 25619925, 25619925, 47039048, 29482892, 29482892, 29482892, 29482892, 29482892, 29482892, 29482892, 28857449, 28857449, 28863593]",0,0,0,NPU,0,0,0,0,0,0,1.0,hot,0,0,0,0,1.0,0
0,76,meta-llama/Llama-3.1-8B,34,158,7426573616,60486819061,53060245445,28987826151,29279186640,193341941,"[29983933, 29983933, 29983933, 27512576, 27278932, 270927856, 31000079, 2287594770, 31768005, 258033692, 29806160, 26786947, 2469031073, 1372609992, 32042957, 32013892, 32013892, 30906699, 30810577, 3196788106, 31768005, 29983933, 26641724, 1238099961, 31601225, 31601225, 31601225, 31601225, 31601225, 29482892, 29482892, 2994837611, 31409793, 31409793, 31181400, 31181400, 31181400, 31181400, 31181400, 31181400, 31181400, 27218200, 27218200, 27218200, 177720779, 31000079, 31000079, 31000079, 31000079, 31000079, 31000079, 31000079, 31000079, 31000079, 31000079, 31000079, 31000079, 31000079, 31000079, 31000079, 31000079, 26851204, 30906699, 30906699, 30906699, 30906699, 30906699, 28871748, 1026027863, 30810577, 30410660, 30410660, 30410660, 30410660, 30410660, 30410660, 30343401, 30343401, 30343401, 30283506, 30283506, 30283506, 30283506, 30093409, 30093409, 30093409, 30093409, 30093409, 30093409, 30093409, 30093409, 30093409, 29482892, 314800498, 29983933, 29983933, 29983933, 29983933, 29983933, 29983933, 29983933, 29983933, 29983933, 29983933, 26118142, 4797883261, 29482892, 29482892, 29482892, 29482892, 29482892, 29482892, 29482892, 28857449, 28857449, 28863593, 50264528, 25811664, 25811664, 25857173, 50272683, 28871748, 28875556]",0,0,0,NPU,0,0,0,0,0,0,1.0,hot,0,0,0,0,1.0,0
0,113,meta-llama/Llama-3.1-8B,21,129,10337503120,60859668369,50522165249,31693881599,31917949025,173871179,"[1372609992, 32042957, 32013892, 32013892, 3258505382, 31768005, 1294725618, 31601225, 31601225, 31601225, 31601225, 31601225, 3053803395, 31409793, 31409793, 31181400, 31181400, 31181400, 31181400, 31181400, 31181400, 31181400, 259375379, 31000079, 31000079, 31000079, 31000079, 31000079, 31000079, 31000079, 31000079, 31000079, 31000079, 31000079, 31000079, 31000079, 31000079, 31000079, 31000079, 57757903, 30906699, 30906699, 30906699, 30906699, 1054899611, 30810577, 30410660, 30410660, 30410660, 30410660, 30410660, 30410660, 30343401, 30343401, 30343401, 30283506, 30283506, 30283506, 30283506, 30093409, 30093409, 30093409, 30093409, 30093409, 30093409, 30093409, 30093409, 30093409, 344283390, 29983933, 29983933, 29983933, 29983933, 29983933, 29983933, 29983933, 29983933, 29983933, 29983933, 4824001403, 29482892, 29482892, 29482892, 29482892, 29482892, 29482892, 29482892, 28857449, 28857449, 28863593, 50264528, 127753184, 28871748, 28875556, 28680716, 28680716, 28680716, 28680716, 28680716, 28680716, 28680716, 28680716, 28680716, 28680716, 28680716, 28680716, 28680716]",0,0,0,NPU,0,0,0,0,0,0,1.0,hot,0,0,0,0,1.0,0
0,74,meta-llama/Llama-3.1-8B,682,824,7148485874,60973675769,53825189895,29265913893,29557274382,172112875,"[29983933, 29983933, 29983933, 27512576, 27278932, 270927856, 31000079, 2287594770, 31768005, 258033692, 29806160, 26786947, 2469031073, 1372609992, 32042957, 32013892, 32013892, 30906699, 30810577, 26520888, 3170267218, 31768005, 29983933, 26641724, 1238099961, 31601225, 31601225, 31601225, 31601225, 31601225, 29482892, 29482892, 2994837611, 31409793, 31409793, 31181400, 31181400, 31181400, 31181400, 31181400, 31181400, 31181400, 27218200, 27218200, 27218200, 177720779, 31000079, 31000079, 31000079, 31000079, 31000079, 31000079, 31000079, 31000079, 31000079, 31000079, 31000079, 31000079, 31000079, 31000079, 31000079, 31000079, 26851204, 30906699, 30906699, 30906699, 30906699, 30906699, 28871748, 1026027863, 30810577, 30410660, 30410660, 30410660, 30410660, 30410660, 30410660, 30343401, 30343401, 30343401, 30283506, 30283506, 30283506, 30283506, 30093409, 30093409, 30093409, 30093409, 30093409, 30093409, 30093409, 30093409, 30093409, 29482892, 314800498, 29983933, 29983933, 29983933, 29983933, 29983933, 29983933, 29983933, 29983933, 29983933, 29983933, 26118142, 4797883261, 29482892, 29482892, 29482892, 29482892, 29482892, 29482892, 29482892, 28857449, 28857449, 28863593, 50264528, 25811664, 25811664, 25857173, 50272683, 28871748, 28875556, 28680716, 28680716, 28680716, 28680716, 28680716, 28680716, 28680716, 28680716, 28680716, 28680716, 28680716, 28680716, 28680716, 28501850, 28501850, 28501850, 28501850]",0,0,0,PCIE_NVME,0,203423744,0,203423744,203423744,203423744,1.0,hot,0,0,0,0,1.0,406847488
0,81,meta-llama/Llama-3.1-8B,28,168,7787453895,61110578928,53323125033,28626945872,28918306361,175574235,"[29983933, 29983933, 29983933, 325719364, 31000079, 2287594770, 31768005, 258033692, 29806160, 2495818020, 1372609992, 32042957, 32013892, 32013892, 30906699, 30810577, 3196788106, 31768005, 29983933, 1264741685, 31601225, 31601225, 31601225, 31601225, 31601225, 29482892, 29482892, 2994837611, 31409793, 31409793, 31181400, 31181400, 31181400, 31181400, 31181400, 31181400, 31181400, 27218200, 27218200, 27218200, 177720779, 31000079, 31000079, 31000079, 31000079, 31000079, 31000079, 31000079, 31000079, 31000079, 31000079, 31000079, 31000079, 31000079, 31000079, 31000079, 31000079, 26851204, 30906699, 30906699, 30906699, 30906699, 30906699, 28871748, 1026027863, 30810577, 30410660, 30410660, 30410660, 30410660, 30410660, 30410660, 30343401, 30343401, 30343401, 30283506, 30283506, 30283506, 30283506, 30093409, 30093409, 30093409, 30093409, 30093409, 30093409, 30093409, 30093409, 30093409, 29482892, 314800498, 29983933, 29983933, 29983933, 29983933, 29983933, 29983933, 29983933, 29983933, 29983933, 29983933, 26118142, 4797883261, 29482892, 29482892, 29482892, 29482892, 29482892, 29482892, 29482892, 28857449, 28857449, 28863593, 50264528, 25811664, 25811664, 76129856, 28871748, 28875556, 28680716, 28680716, 28680716, 28680716, 28680716, 28680716, 28680716, 28680716, 28680716, 28680716, 28680716, 28680716, 28680716, 28501850, 28501850, 28501850, 28501850, 50276491, 28875556, 28875556, 28875556]",0,0,0,NPU,0,0,0,0,0,0,1.0,hot,0,0,0,0,1.0,0
0,89,meta-llama/Llama-3.1-8B,34,174,8425191154,61311343940,52886152786,27989208613,28280569102,177018587,"[29983933, 29983933, 29983933, 325719364, 31000079, 2287594770, 31768005, 258033692, 29806160, 2495818020, 1372609992, 32042957, 32013892, 32013892, 30906699, 30810577, 3196788106, 31768005, 29983933, 1264741685, 31601225, 31601225, 31601225, 31601225, 31601225, 29482892, 29482892, 2994837611, 31409793, 31409793, 31181400, 31181400, 31181400, 31181400, 31181400, 31181400, 31181400, 259375379, 31000079, 31000079, 31000079, 31000079, 31000079, 31000079, 31000079, 31000079, 31000079, 31000079, 31000079, 31000079, 31000079, 31000079, 31000079, 31000079, 57757903, 30906699, 30906699, 30906699, 30906699, 28871748, 1026027863, 30810577, 30410660, 30410660, 30410660, 30410660, 30410660, 30410660, 30343401, 30343401, 30343401, 30283506, 30283506, 30283506, 30283506, 30093409, 30093409, 30093409, 30093409, 30093409, 30093409, 30093409, 30093409, 30093409, 29482892, 314800498, 29983933, 29983933, 29983933, 29983933, 29983933, 29983933, 29983933, 29983933, 29983933, 29983933, 4824001403, 29482892, 29482892, 29482892, 29482892, 29482892, 29482892, 29482892, 28857449, 28857449, 28863593, 50264528, 127753184, 28871748, 28875556, 28680716, 28680716, 28680716, 28680716, 28680716, 28680716, 28680716, 28680716, 28680716, 28680716, 28680716, 28680716, 28680716, 28501850, 28501850, 28501850, 28501850, 50276491, 28875556, 28875556, 28875556, 28680716, 28680716, 28680716, 28680716, 28680716, 28680716, 28680716]",0,0,0,NPU,0,0,0,0,0,0,1.0,hot,0,0,0,0,1.0,0
0,67,meta-llama/Llama-3.1-8B,19,444,6244968325,61664693961,55419725636,27976690494,28202709178,64191076,"[26956587, 26956587, 26956587, 26956587, 26956587, 26956587, 26956587, 26956587, 26956587, 26956587, 26790979, 805158788, 26759908, 26759908, 26759908, 26759908, 26759908, 26759908, 26726923, 26726923, 26726923, 26726923, 26726923, 26726923, 26726923, 26726923, 26726923, 26726923, 26726923, 26726923, 26726923, 26428822, 26428822, 595700025, 29983933, 29983933, 29983933, 27512576, 27278932, 26786947, 26786947, 217353962, 31000079, 2287594770, 31768005, 25614678, 232419014, 29806160, 26786947, 2469031073, 25811664, 25884336, 25884336, 1295029656, 32042957, 32013892, 32013892, 30906699, 30810577, 26520888, 3170267218, 31768005, 29983933, 26641724, 1238099961, 31601225, 31601225, 31601225, 31601225, 31601225, 29482892, 29482892, 2994837611, 31409793, 31409793, 31181400, 31181400, 31181400, 31181400, 31181400, 31181400, 31181400, 27218200, 27218200, 27218200, 25668423, 25668423, 25668423, 100715510, 31000079, 31000079, 31000079, 31000079, 31000079, 31000079, 31000079, 31000079, 31000079, 31000079, 31000079, 31000079, 31000079, 31000079, 31000079, 31000079, 26851204, 30906699, 30906699, 30906699, 30906699, 30906699, 28871748, 26171806, 25668423, 25668423, 25668423, 25668423, 25668423, 25668423, 25668423, 92391983, 26171806, 26171806, 26171806, 26171806, 26171806, 26171806, 26171806, 26171806, 26171806, 26171806, 26171806, 26171806, 26171806, 26171806, 26171806, 26171806, 26171806, 26171806, 26171806, 26171806, 26171806, 26171806, 26171806, 26171806, 26171806, 26171806, 47318157, 30810577, 30410660, 30410660, 30410660, 30410660, 30410660, 30410660, 30343401, 30343401, 30343401, 30283506, 30283506, 30283506, 30283506, 30093409, 30093409, 30093409, 30093409, 30093409, 30093409, 30093409, 30093409, 30093409, 29482892, 314800498, 29983933, 29983933, 29983933, 29983933, 29983933, 29983933, 29983933, 29983933, 29983933, 29983933, 26118142, 25732479, 25732479, 25732479, 25732479, 122441731, 25465799, 25465799, 25465799, 25465799, 25465799, 25465799, 25465799, 25465799, 25465799, 25465799, 25465799, 25465799, 25465799, 25465799, 25465799, 25465799, 25465799, 25465799, 25465799, 25465799, 25465799, 25465799, 25465799, 25465799, 25668423, 25668423, 25668423, 25668423, 25668423, 25668423, 25668423, 25668423, 25668423, 25859550, 25859550, 25859550, 25859550, 25859550, 25859550, 25859550, 25859550, 25859550, 25859550, 25859550, 25859550, 25859550, 25859550, 25859550, 25859550, 25859550, 25859550, 25859550, 25859550, 25859550, 25859550, 25859550, 25859550, 25859550, 25859550, 25859550, 25859550, 25859550, 25859550, 25859550, 25859550, 25859550, 25859550, 25859550, 25954302, 25954302, 25954302, 25954302, 25954302, 25954302, 25954302, 25954302, 25954302, 25954302, 25954302, 25954302, 25954302, 25954302, 25954302, 25954302, 25954302, 25954302, 25954302, 25954302, 25954302, 25954302, 25954302, 25954302, 25954302, 25954302, 25954302, 25954302, 25954302, 25954302, 25954302, 25954302, 25954302, 25954302, 25954302, 25954302, 25954302, 25954302, 25954302, 25954302, 25954302, 25954302, 25954302, 25954302, 25954302, 25954302, 25954302, 25954302, 25954302, 25491349, 25491349, 25491349, 25491349, 25491349, 25491349, 25491349, 25491349, 25491349, 25491349, 25491349, 25491349, 25491349, 25491349, 25491349, 25491349, 25491349, 25491349, 25491349, 25491349, 25491349, 25491349, 25491349, 25491349, 25491349, 25491349, 25491349, 25491349, 25491349, 25491349, 25491349, 25491349, 25491349, 25491349, 25491349, 25491349, 25491349, 25491349, 25491349, 25491349, 25619925, 25619925, 25619925, 25619925, 25619925, 25619925, 25619925, 25619925, 25619925, 25619925, 25619925, 25619925, 25619925, 25619925, 25619925, 25619925, 25619925, 25619925, 25619925, 47039048, 29482892, 29482892, 29482892, 29482892, 29482892, 29482892, 29482892, 28857449, 28857449, 28863593, 50264528, 25811664, 25811664, 25857173, 50272683, 28871748, 28875556, 28680716, 28680716, 28680716, 28680716, 28680716, 28680716, 28680716, 28680716, 28680716, 28680716, 28680716, 28680716, 28680716, 28501850, 28501850, 28501850, 28501850, 50276491, 28875556, 28875556, 28875556, 28680716, 28680716, 28680716, 28680716, 28680716, 28680716, 28680716, 28501850, 28501850, 28501850, 28501850, 28501850, 28501850, 27511680, 25802576, 25802576, 25802576, 25802576, 25712916, 25904021]",0,0,0,NPU,0,0,0,0,0,0,1.0,hot,0,0,0,0,1.0,0
0,104,meta-llama/Llama-3.1-8B,23,173,9598756604,62284989535,52686232931,27409103985,27522674815,168882940,"[31000079, 2287594770, 31768005, 258033692, 2525624180, 1372609992, 32042957, 32013892, 32013892, 30906699, 30810577, 3196788106, 31768005, 1294725618, 31601225, 31601225, 31601225, 31601225, 31601225, 3053803395, 31409793, 31409793, 31181400, 31181400, 31181400, 31181400, 31181400, 31181400, 31181400, 259375379, 31000079, 31000079, 31000079, 31000079, 31000079, 31000079, 31000079, 31000079, 31000079, 31000079, 31000079, 31000079, 31000079, 31000079, 31000079, 31000079, 57757903, 30906699, 30906699, 30906699, 30906699, 1054899611, 30810577, 30410660, 30410660, 30410660, 30410660, 30410660, 30410660, 30343401, 30343401, 30343401, 30283506, 30283506, 30283506, 30283506, 30093409, 30093409, 30093409, 30093409, 30093409, 30093409, 30093409, 30093409, 30093409, 29482892, 314800498, 29983933, 29983933, 29983933, 29983933, 29983933, 29983933, 29983933, 29983933, 29983933, 29983933, 4824001403, 29482892, 29482892, 29482892, 29482892, 29482892, 29482892, 29482892, 28857449, 28857449, 28863593, 50264528, 127753184, 28871748, 28875556, 28680716, 28680716, 28680716, 28680716, 28680716, 28680716, 28680716, 28680716, 28680716, 28680716, 28680716, 28680716, 28680716, 28501850, 28501850, 28501850, 28501850, 50276491, 28875556, 28875556, 28875556, 28680716, 28680716, 28680716, 28680716, 28680716, 28680716, 28680716, 28501850, 28501850, 28501850, 28501850, 28501850, 28501850, 27511680, 183249568, 28422327, 28422327, 28422327, 28422327, 28422327, 28422327, 28422327, 28422327, 28422327, 307964400, 28107904]",0,0,0,NPU,0,0,0,0,0,0,1.0,hot,0,0,0,0,1.0,0
0,78,meta-llama/Llama-3.1-8B,7,191,7478655809,62391670546,54913014737,28935743958,29227104447,140360165,"[29983933, 29983933, 29983933, 27512576, 27278932, 270927856, 31000079, 2287594770, 31768005, 258033692, 29806160, 2495818020, 1372609992, 32042957, 32013892, 32013892, 30906699, 30810577, 3196788106, 31768005, 29983933, 26641724, 1238099961, 31601225, 31601225, 31601225, 31601225, 31601225, 29482892, 29482892, 2994837611, 31409793, 31409793, 31181400, 31181400, 31181400, 31181400, 31181400, 31181400, 31181400, 27218200, 27218200, 27218200, 177720779, 31000079, 31000079, 31000079, 31000079, 31000079, 31000079, 31000079, 31000079, 31000079, 31000079, 31000079, 31000079, 31000079, 31000079, 31000079, 31000079, 26851204, 30906699, 30906699, 30906699, 30906699, 30906699, 28871748, 1026027863, 30810577, 30410660, 30410660, 30410660, 30410660, 30410660, 30410660, 30343401, 30343401, 30343401, 30283506, 30283506, 30283506, 30283506, 30093409, 30093409, 30093409, 30093409, 30093409, 30093409, 30093409, 30093409, 30093409, 29482892, 314800498, 29983933, 29983933, 29983933, 29983933, 29983933, 29983933, 29983933, 29983933, 29983933, 29983933, 26118142, 4797883261, 29482892, 29482892, 29482892, 29482892, 29482892, 29482892, 29482892, 28857449, 28857449, 28863593, 50264528, 25811664, 25811664, 25857173, 50272683, 28871748, 28875556, 28680716, 28680716, 28680716, 28680716, 28680716, 28680716, 28680716, 28680716, 28680716, 28680716, 28680716, 28680716, 28680716, 28501850, 28501850, 28501850, 28501850, 50276491, 28875556, 28875556, 28875556, 28680716, 28680716, 28680716, 28680716, 28680716, 28680716, 28680716, 28501850, 28501850, 28501850, 28501850, 28501850, 28501850, 27511680, 25802576, 25802576, 25802576, 25802576, 25712916, 54326348, 28422327, 28422327, 28422327, 28422327, 28422327, 28422327, 28422327, 28422327, 28422327, 26851204, 25637526, 25637526, 25637526, 25637526, 25637526, 152925566, 28107904, 50293661, 28193675, 28193675]",0,0,0,NPU,0,0,0,0,0,0,1.0,hot,0,0,0,0,1.0,0
0,93,meta-llama/Llama-3.1-8B,12,197,8788269051,63044813750,54256544699,27626130716,27917491205,143147029,"[29983933, 29983933, 29983933, 325719364, 31000079, 2287594770, 31768005, 258033692, 29806160, 2495818020, 1372609992, 32042957, 32013892, 32013892, 30906699, 30810577, 3196788106, 31768005, 29983933, 1264741685, 31601225, 31601225, 31601225, 31601225, 31601225, 29482892, 29482892, 2994837611, 31409793, 31409793, 31181400, 31181400, 31181400, 31181400, 31181400, 31181400, 31181400, 259375379, 31000079, 31000079, 31000079, 31000079, 31000079, 31000079, 31000079, 31000079, 31000079, 31000079, 31000079, 31000079, 31000079, 31000079, 31000079, 31000079, 57757903, 30906699, 30906699, 30906699, 30906699, 28871748, 1026027863, 30810577, 30410660, 30410660, 30410660, 30410660, 30410660, 30410660, 30343401, 30343401, 30343401, 30283506, 30283506, 30283506, 30283506, 30093409, 30093409, 30093409, 30093409, 30093409, 30093409, 30093409, 30093409, 30093409, 29482892, 314800498, 29983933, 29983933, 29983933, 29983933, 29983933, 29983933, 29983933, 29983933, 29983933, 29983933, 4824001403, 29482892, 29482892, 29482892, 29482892, 29482892, 29482892, 29482892, 28857449, 28857449, 28863593, 50264528, 127753184, 28871748, 28875556, 28680716, 28680716, 28680716, 28680716, 28680716, 28680716, 28680716, 28680716, 28680716, 28680716, 28680716, 28680716, 28680716, 28501850, 28501850, 28501850, 28501850, 50276491, 28875556, 28875556, 28875556, 28680716, 28680716, 28680716, 28680716, 28680716, 28680716, 28680716, 28501850, 28501850, 28501850, 28501850, 28501850, 28501850, 27511680, 183249568, 28422327, 28422327, 28422327, 28422327, 28422327, 28422327, 28422327, 28422327, 28422327, 26851204, 281113196, 28107904, 50293661, 28193675, 28193675, 28272208, 28272208, 28272208, 28272208, 26520888, 26520888, 26520888, 26520888, 26520888, 26520888, 75514561, 27764953, 27764953, 27764953, 27764953, 27764953, 27764953, 27764953, 27764953, 27764953, 27764953, 27764953]",0,0,0,NPU,0,0,0,0,0,0,1.0,hot,0,0,0,0,1.0,0
0,96,meta-llama/Llama-3.1-8B,256,442,9077707403,63349349439,54271642036,27930153186,28043724016,141772529,"[31000079, 2287594770, 31768005, 258033692, 29806160, 2495818020, 1372609992, 32042957, 32013892, 32013892, 30906699, 30810577, 3196788106, 31768005, 29983933, 1264741685, 31601225, 31601225, 31601225, 31601225, 31601225, 29482892, 29482892, 2994837611, 31409793, 31409793, 31181400, 31181400, 31181400, 31181400, 31181400, 31181400, 31181400, 259375379, 31000079, 31000079, 31000079, 31000079, 31000079, 31000079, 31000079, 31000079, 31000079, 31000079, 31000079, 31000079, 31000079, 31000079, 31000079, 31000079, 57757903, 30906699, 30906699, 30906699, 30906699, 28871748, 1026027863, 30810577, 30410660, 30410660, 30410660, 30410660, 30410660, 30410660, 30343401, 30343401, 30343401, 30283506, 30283506, 30283506, 30283506, 30093409, 30093409, 30093409, 30093409, 30093409, 30093409, 30093409, 30093409, 30093409, 29482892, 314800498, 29983933, 29983933, 29983933, 29983933, 29983933, 29983933, 29983933, 29983933, 29983933, 29983933, 4824001403, 29482892, 29482892, 29482892, 29482892, 29482892, 29482892, 29482892, 28857449, 28857449, 28863593, 50264528, 127753184, 28871748, 28875556, 28680716, 28680716, 28680716, 28680716, 28680716, 28680716, 28680716, 28680716, 28680716, 28680716, 28680716, 28680716, 28680716, 28501850, 28501850, 28501850, 28501850, 50276491, 28875556, 28875556, 28875556, 28680716, 28680716, 28680716, 28680716, 28680716, 28680716, 28680716, 28501850, 28501850, 28501850, 28501850, 28501850, 28501850, 27511680, 183249568, 28422327, 28422327, 28422327, 28422327, 28422327, 28422327, 28422327, 28422327, 28422327, 26851204, 281113196, 28107904, 50293661, 28193675, 28193675, 28272208, 28272208, 28272208, 28272208, 234639889, 27764953, 27764953, 27764953, 27764953, 27764953, 27764953, 27764953, 27764953, 27764953, 27764953, 27764953, 27684411, 27684411, 27684411, 27685307, 27685307, 27685307, 27685307, 27685307, 27685307, 27685307, 27685307]",0,0,0,NPU,0,0,0,0,0,0,1.0,hot,0,0,0,0,1.0,0
0,109,meta-llama/Llama-3.1-8B,8,204,9855124539,63954626111,54099501572,29494396827,29584901729,125715896,"[31768005, 258033692, 2525624180, 1372609992, 32042957, 32013892, 32013892, 3258505382, 31768005, 1294725618, 31601225, 31601225, 31601225, 31601225, 31601225, 3053803395, 31409793, 31409793, 31181400, 31181400, 31181400, 31181400, 31181400, 31181400, 31181400, 259375379, 31000079, 31000079, 31000079, 31000079, 31000079, 31000079, 31000079, 31000079, 31000079, 31000079, 31000079, 31000079, 31000079, 31000079, 31000079, 31000079, 57757903, 30906699, 30906699, 30906699, 30906699, 1054899611, 30810577, 30410660, 30410660, 30410660, 30410660, 30410660, 30410660, 30343401, 30343401, 30343401, 30283506, 30283506, 30283506, 30283506, 30093409, 30093409, 30093409, 30093409, 30093409, 30093409, 30093409, 30093409, 30093409, 344283390, 29983933, 29983933, 29983933, 29983933, 29983933, 29983933, 29983933, 29983933, 29983933, 29983933, 4824001403, 29482892, 29482892, 29482892, 29482892, 29482892, 29482892, 29482892, 28857449, 28857449, 28863593, 50264528, 127753184, 28871748, 28875556, 28680716, 28680716, 28680716, 28680716, 28680716, 28680716, 28680716, 28680716, 28680716, 28680716, 28680716, 28680716, 28680716, 28501850, 28501850, 28501850, 28501850, 50276491, 28875556, 28875556, 28875556, 28680716, 28680716, 28680716, 28680716, 28680716, 28680716, 28680716, 28501850, 28501850, 28501850, 28501850, 28501850, 28501850, 210761248, 28422327, 28422327, 28422327, 28422327, 28422327, 28422327, 28422327, 28422327, 28422327, 307964400, 28107904, 50293661, 28193675, 28193675, 28272208, 28272208, 28272208, 28272208, 234639889, 27764953, 27764953, 27764953, 27764953, 27764953, 27764953, 27764953, 27764953, 27764953, 27764953, 27764953, 27684411, 27684411, 27684411, 27685307, 27685307, 27685307, 27685307, 27685307, 27685307, 27685307, 27685307, 27512576, 27512576, 27512576, 27512576, 27512576, 27512576, 27512576, 27512576, 27512576, 27512576, 27512576, 27512576, 27512576, 27512576, 27512576, 27512576, 27512576, 27512576, 27512576, 27512576, 27512576, 27512576]",0,0,0,NPU,0,0,0,0,0,0,1.0,hot,0,0,0,0,1.0,0
0,69,meta-llama/Llama-3.1-8B,16,526,6686130544,64418367955,57732237411,27535528275,27761546959,58881513,"[26956587, 26956587, 26956587, 26956587, 26956587, 26956587, 26956587, 26956587, 26956587, 26956587, 26790979, 805158788, 26759908, 26759908, 26759908, 26759908, 26759908, 26759908, 26726923, 26726923, 26726923, 26726923, 26726923, 26726923, 26726923, 26726923, 26726923, 26726923, 26726923, 26726923, 26726923, 648557669, 29983933, 29983933, 29983933, 27512576, 27278932, 26786947, 26786947, 217353962, 31000079, 2287594770, 31768005, 258033692, 29806160, 26786947, 2469031073, 1372609992, 32042957, 32013892, 32013892, 30906699, 30810577, 26520888, 3170267218, 31768005, 29983933, 26641724, 1238099961, 31601225, 31601225, 31601225, 31601225, 31601225, 29482892, 29482892, 2994837611, 31409793, 31409793, 31181400, 31181400, 31181400, 31181400, 31181400, 31181400, 31181400, 27218200, 27218200, 27218200, 177720779, 31000079, 31000079, 31000079, 31000079, 31000079, 31000079, 31000079, 31000079, 31000079, 31000079, 31000079, 31000079, 31000079, 31000079, 31000079, 31000079, 26851204, 30906699, 30906699, 30906699, 30906699, 30906699, 28871748, 26171806, 25668423, 25668423, 25668423, 25668423, 25668423, 25668423, 25668423, 92391983, 26171806, 26171806, 26171806, 26171806, 26171806, 26171806, 26171806, 26171806, 26171806, 26171806, 26171806, 26171806, 26171806, 26171806, 26171806, 26171806, 26171806, 26171806, 26171806, 26171806, 26171806, 26171806, 26171806, 26171806, 26171806, 26171806, 47318157, 30810577, 30410660, 30410660, 30410660, 30410660, 30410660, 30410660, 30343401, 30343401, 30343401, 30283506, 30283506, 30283506, 30283506, 30093409, 30093409, 30093409, 30093409, 30093409, 30093409, 30093409, 30093409, 30093409, 29482892, 314800498, 29983933, 29983933, 29983933, 29983933, 29983933, 29983933, 29983933, 29983933, 29983933, 29983933, 26118142, 225371647, 25465799, 25465799, 25465799, 25465799, 25465799, 25465799, 25465799, 25465799, 25465799, 25465799, 25465799, 25465799, 25465799, 25465799, 25465799, 25465799, 25465799, 25465799, 25465799, 25465799, 25465799, 25465799, 25465799, 25465799, 25668423, 25668423, 25668423, 25668423, 25668423, 25668423, 25668423, 25668423, 25668423, 25859550, 25859550, 25859550, 25859550, 25859550, 25859550, 25859550, 25859550, 25859550, 25859550, 25859550, 25859550, 25859550, 25859550, 25859550, 25859550, 25859550, 25859550, 25859550, 25859550, 25859550, 25859550, 25859550, 25859550, 25859550, 25859550, 25859550, 25859550, 25859550, 25859550, 25859550, 25859550, 25859550, 25859550, 25859550, 25954302, 25954302, 25954302, 25954302, 25954302, 25954302, 25954302, 25954302, 25954302, 25954302, 25954302, 25954302, 25954302, 25954302, 25954302, 25954302, 25954302, 25954302, 25954302, 25954302, 25954302, 25954302, 25954302, 25954302, 25954302, 25954302, 25954302, 25954302, 25954302, 25954302, 25954302, 25954302, 25954302, 25954302, 25954302, 25954302, 25954302, 25954302, 25954302, 25954302, 25954302, 25954302, 25954302, 25954302, 25954302, 25954302, 25954302, 25954302, 25954302, 25491349, 25491349, 25491349, 25491349, 25491349, 25491349, 25491349, 25491349, 25491349, 25491349, 25491349, 25491349, 25491349, 25491349, 25491349, 25491349, 25491349, 25491349, 25491349, 25491349, 25491349, 25491349, 25491349, 25491349, 25491349, 25491349, 25491349, 25491349, 25491349, 25491349, 25491349, 25491349, 25491349, 25491349, 25491349, 25491349, 25491349, 25491349, 25491349, 25491349, 25619925, 25619925, 25619925, 25619925, 25619925, 25619925, 25619925, 25619925, 25619925, 25619925, 25619925, 25619925, 25619925, 25619925, 25619925, 25619925, 25619925, 25619925, 25619925, 47039048, 29482892, 29482892, 29482892, 29482892, 29482892, 29482892, 29482892, 28857449, 28857449, 28863593, 50264528, 25811664, 25811664, 25857173, 50272683, 28871748, 28875556, 28680716, 28680716, 28680716, 28680716, 28680716, 28680716, 28680716, 28680716, 28680716, 28680716, 28680716, 28680716, 28680716, 28501850, 28501850, 28501850, 28501850, 50276491, 28875556, 28875556, 28875556, 28680716, 28680716, 28680716, 28680716, 28680716, 28680716, 28680716, 28501850, 28501850, 28501850, 28501850, 28501850, 28501850, 27511680, 25802576, 25802576, 25802576, 25802576, 25712916, 25904021, 28422327, 28422327, 28422327, 28422327, 28422327, 28422327, 28422327, 28422327, 28422327, 28422327, 26851204, 25637526, 25637526, 25637526, 25637526, 25637526, 25679419, 25679419, 25679419, 25679419, 50207890, 28107904, 50293661, 28193675, 28193675, 28272208, 28272208, 28272208, 28272208, 26520888, 26520888, 26520888, 26520888, 26520888, 26520888, 25649622, 49864939, 27764953, 27764953, 27764953, 27764953, 27764953, 27764953, 27764953, 27764953, 27764953, 27764953, 27764953, 27684411, 27684411, 27684411, 27685307, 27685307, 27685307, 27685307, 27685307, 27685307, 27685307, 27685307, 27512576, 27512576, 27512576, 27512576, 27512576, 27512576, 27512576, 27512576, 27512576, 27512576, 27512576, 27512576, 27512576, 27512576, 27512576, 27512576, 27512576, 27512576, 27512576, 27512576, 27512576, 27512576, 27278932, 27278932, 27278932, 27278932, 27278932, 27278932, 27278932, 27278932, 27278932, 27278932, 27278932, 27278932, 27278932, 27278932, 27278932, 27278932, 27278932]",0,0,0,NPU,0,0,0,0,0,0,1.0,hot,0,0,0,0,1.0,0
0,97,meta-llama/Llama-3.1-8B,156,393,9133488822,64745161075,55611672253,27874371767,27987942597,117049701,"[31000079, 2287594770, 31768005, 258033692, 29806160, 2495818020, 1372609992, 32042957, 32013892, 32013892, 30906699, 30810577, 3196788106, 31768005, 29983933, 1264741685, 31601225, 31601225, 31601225, 31601225, 31601225, 29482892, 29482892, 2994837611, 31409793, 31409793, 31181400, 31181400, 31181400, 31181400, 31181400, 31181400, 31181400, 259375379, 31000079, 31000079, 31000079, 31000079, 31000079, 31000079, 31000079, 31000079, 31000079, 31000079, 31000079, 31000079, 31000079, 31000079, 31000079, 31000079, 57757903, 30906699, 30906699, 30906699, 30906699, 28871748, 1026027863, 30810577, 30410660, 30410660, 30410660, 30410660, 30410660, 30410660, 30343401, 30343401, 30343401, 30283506, 30283506, 30283506, 30283506, 30093409, 30093409, 30093409, 30093409, 30093409, 30093409, 30093409, 30093409, 30093409, 29482892, 314800498, 29983933, 29983933, 29983933, 29983933, 29983933, 29983933, 29983933, 29983933, 29983933, 29983933, 4824001403, 29482892, 29482892, 29482892, 29482892, 29482892, 29482892, 29482892, 28857449, 28857449, 28863593, 50264528, 127753184, 28871748, 28875556, 28680716, 28680716, 28680716, 28680716, 28680716, 28680716, 28680716, 28680716, 28680716, 28680716, 28680716, 28680716, 28680716, 28501850, 28501850, 28501850, 28501850, 50276491, 28875556, 28875556, 28875556, 28680716, 28680716, 28680716, 28680716, 28680716, 28680716, 28680716, 28501850, 28501850, 28501850, 28501850, 28501850, 28501850, 27511680, 183249568, 28422327, 28422327, 28422327, 28422327, 28422327, 28422327, 28422327, 28422327, 28422327, 26851204, 281113196, 28107904, 50293661, 28193675, 28193675, 28272208, 28272208, 28272208, 28272208, 234639889, 27764953, 27764953, 27764953, 27764953, 27764953, 27764953, 27764953, 27764953, 27764953, 27764953, 27764953, 27684411, 27684411, 27684411, 27685307, 27685307, 27685307, 27685307, 27685307, 27685307, 27685307, 27685307, 27512576, 27512576, 27512576, 27512576, 27512576, 27512576, 27512576, 27512576, 27512576, 27512576, 27512576, 27512576, 27512576, 27512576, 27512576, 27512576, 27512576, 27512576, 27512576, 27512576, 27512576, 27512576, 27278932, 27278932, 27278932, 27278932, 27278932, 27278932, 27278932, 27278932, 27278932, 27278932, 27278932, 27278932, 27278932, 27278932, 27278932, 27278932, 27278932, 27232760, 27232760, 27232760, 27232760, 27232760, 27232760, 27232760, 27232760, 27232760, 27232760, 27232760, 27232760]",0,0,0,NPU,0,0,0,0,0,0,1.0,hot,0,0,0,0,1.0,0
0,107,meta-llama/Llama-3.1-8B,25,267,9821133597,65124607037,55303473440,29528387769,29618892671,106575023,"[31768005, 258033692, 2525624180, 1372609992, 32042957, 32013892, 32013892, 30906699, 30810577, 3196788106, 31768005, 1294725618, 31601225, 31601225, 31601225, 31601225, 31601225, 3053803395, 31409793, 31409793, 31181400, 31181400, 31181400, 31181400, 31181400, 31181400, 31181400, 259375379, 31000079, 31000079, 31000079, 31000079, 31000079, 31000079, 31000079, 31000079, 31000079, 31000079, 31000079, 31000079, 31000079, 31000079, 31000079, 31000079, 57757903, 30906699, 30906699, 30906699, 30906699, 1054899611, 30810577, 30410660, 30410660, 30410660, 30410660, 30410660, 30410660, 30343401, 30343401, 30343401, 30283506, 30283506, 30283506, 30283506, 30093409, 30093409, 30093409, 30093409, 30093409, 30093409, 30093409, 30093409, 30093409, 29482892, 314800498, 29983933, 29983933, 29983933, 29983933, 29983933, 29983933, 29983933, 29983933, 29983933, 29983933, 4824001403, 29482892, 29482892, 29482892, 29482892, 29482892, 29482892, 29482892, 28857449, 28857449, 28863593, 50264528, 127753184, 28871748, 28875556, 28680716, 28680716, 28680716, 28680716, 28680716, 28680716, 28680716, 28680716, 28680716, 28680716, 28680716, 28680716, 28680716, 28501850, 28501850, 28501850, 28501850, 50276491, 28875556, 28875556, 28875556, 28680716, 28680716, 28680716, 28680716, 28680716, 28680716, 28680716, 28501850, 28501850, 28501850, 28501850, 28501850, 28501850, 210761248, 28422327, 28422327, 28422327, 28422327, 28422327, 28422327, 28422327, 28422327, 28422327, 307964400, 28107904, 50293661, 28193675, 28193675, 28272208, 28272208, 28272208, 28272208, 234639889, 27764953, 27764953, 27764953, 27764953, 27764953, 27764953, 27764953, 27764953, 27764953, 27764953, 27764953, 27684411, 27684411, 27684411, 27685307, 27685307, 27685307, 27685307, 27685307, 27685307, 27685307, 27685307, 27512576, 27512576, 27512576, 27512576, 27512576, 27512576, 27512576, 27512576, 27512576, 27512576, 27512576, 27512576, 27512576, 27512576, 27512576, 27512576, 27512576, 27512576, 27512576, 27512576, 27512576, 27512576, 27278932, 27278932, 27278932, 27278932, 27278932, 27278932, 27278932, 27278932, 27278932, 27278932, 27278932, 27278932, 27278932, 27278932, 27278932, 27278932, 27278932, 27232760, 27232760, 27232760, 27232760, 27232760, 27232760, 27232760, 27232760, 27232760, 27232760, 27232760, 27232760, 27103283, 27103283, 27103283, 27103283, 27103283, 27103283, 27103283, 27103283, 27103283, 27103283, 27103283, 27103283, 27103283, 27103283]",0,0,0,NPU,0,0,0,0,0,0,1.0,hot,0,0,0,0,1.0,0
0,77,meta-llama/Llama-3.1-8B,4,290,7434266542,65205790238,57771523696,28980133225,29271493714,100000105,"[29983933, 29983933, 29983933, 27512576, 27278932, 270927856, 31000079, 2287594770, 31768005, 258033692, 29806160, 2495818020, 1372609992, 32042957, 32013892, 32013892, 30906699, 30810577, 3196788106, 31768005, 29983933, 26641724, 1238099961, 31601225, 31601225, 31601225, 31601225, 31601225, 29482892, 29482892, 2994837611, 31409793, 31409793, 31181400, 31181400, 31181400, 31181400, 31181400, 31181400, 31181400, 27218200, 27218200, 27218200, 177720779, 31000079, 31000079, 31000079, 31000079, 31000079, 31000079, 31000079, 31000079, 31000079, 31000079, 31000079, 31000079, 31000079, 31000079, 31000079, 31000079, 26851204, 30906699, 30906699, 30906699, 30906699, 30906699, 28871748, 1026027863, 30810577, 30410660, 30410660, 30410660, 30410660, 30410660, 30410660, 30343401, 30343401, 30343401, 30283506, 30283506, 30283506, 30283506, 30093409, 30093409, 30093409, 30093409, 30093409, 30093409, 30093409, 30093409, 30093409, 29482892, 314800498, 29983933, 29983933, 29983933, 29983933, 29983933, 29983933, 29983933, 29983933, 29983933, 29983933, 26118142, 4797883261, 29482892, 29482892, 29482892, 29482892, 29482892, 29482892, 29482892, 28857449, 28857449, 28863593, 50264528, 25811664, 25811664, 25857173, 50272683, 28871748, 28875556, 28680716, 28680716, 28680716, 28680716, 28680716, 28680716, 28680716, 28680716, 28680716, 28680716, 28680716, 28680716, 28680716, 28501850, 28501850, 28501850, 28501850, 50276491, 28875556, 28875556, 28875556, 28680716, 28680716, 28680716, 28680716, 28680716, 28680716, 28680716, 28501850, 28501850, 28501850, 28501850, 28501850, 28501850, 27511680, 25802576, 25802576, 25802576, 25802576, 25712916, 54326348, 28422327, 28422327, 28422327, 28422327, 28422327, 28422327, 28422327, 28422327, 28422327, 26851204, 25637526, 25637526, 25637526, 25637526, 25637526, 152925566, 28107904, 50293661, 28193675, 28193675, 28272208, 28272208, 28272208, 28272208, 26520888, 26520888, 26520888, 26520888, 26520888, 26520888, 25649622, 49864939, 27764953, 27764953, 27764953, 27764953, 27764953, 27764953, 27764953, 27764953, 27764953, 27764953, 27764953, 27684411, 27684411, 27684411, 27685307, 27685307, 27685307, 27685307, 27685307, 27685307, 27685307, 27685307, 27512576, 27512576, 27512576, 27512576, 27512576, 27512576, 27512576, 27512576, 27512576, 27512576, 27512576, 27512576, 27512576, 27512576, 27512576, 27512576, 27512576, 27512576, 27512576, 27512576, 27512576, 27512576, 27278932, 27278932, 27278932, 27278932, 27278932, 27278932, 27278932, 27278932, 27278932, 27278932, 27278932, 27278932, 27278932, 27278932, 27278932, 27278932, 27278932, 27232760, 27232760, 27232760, 27232760, 27232760, 27232760, 27232760, 27232760, 27232760, 27232760, 27232760, 27232760, 27103283, 27103283, 27103283, 27103283, 27103283, 27103283, 27103283, 27103283, 27103283, 27103283, 27103283, 27103283, 27103283, 27103283, 27061067, 27061067, 27061067]",0,0,0,NPU,0,0,0,0,0,0,1.0,hot,0,0,0,0,1.0,0
0,101,meta-llama/Llama-3.1-8B,11,263,9251846665,65286069962,56034223297,27756013924,27869584754,112209715,"[31000079, 2287594770, 31768005, 258033692, 2525624180, 1372609992, 32042957, 32013892, 32013892, 30906699, 30810577, 3196788106, 31768005, 29983933, 1264741685, 31601225, 31601225, 31601225, 31601225, 31601225, 3053803395, 31409793, 31409793, 31181400, 31181400, 31181400, 31181400, 31181400, 31181400, 31181400, 259375379, 31000079, 31000079, 31000079, 31000079, 31000079, 31000079, 31000079, 31000079, 31000079, 31000079, 31000079, 31000079, 31000079, 31000079, 31000079, 31000079, 57757903, 30906699, 30906699, 30906699, 30906699, 1054899611, 30810577, 30410660, 30410660, 30410660, 30410660, 30410660, 30410660, 30343401, 30343401, 30343401, 30283506, 30283506, 30283506, 30283506, 30093409, 30093409, 30093409, 30093409, 30093409, 30093409, 30093409, 30093409, 30093409, 29482892, 314800498, 29983933, 29983933, 29983933, 29983933, 29983933, 29983933, 29983933, 29983933, 29983933, 29983933, 4824001403, 29482892, 29482892, 29482892, 29482892, 29482892, 29482892, 29482892, 28857449, 28857449, 28863593, 50264528, 127753184, 28871748, 28875556, 28680716, 28680716, 28680716, 28680716, 28680716, 28680716, 28680716, 28680716, 28680716, 28680716, 28680716, 28680716, 28680716, 28501850, 28501850, 28501850, 28501850, 50276491, 28875556, 28875556, 28875556, 28680716, 28680716, 28680716, 28680716, 28680716, 28680716, 28680716, 28501850, 28501850, 28501850, 28501850, 28501850, 28501850, 27511680, 183249568, 28422327, 28422327, 28422327, 28422327, 28422327, 28422327, 28422327, 28422327, 28422327, 307964400, 28107904, 50293661, 28193675, 28193675, 28272208, 28272208, 28272208, 28272208, 234639889, 27764953, 27764953, 27764953, 27764953, 27764953, 27764953, 27764953, 27764953, 27764953, 27764953, 27764953, 27684411, 27684411, 27684411, 27685307, 27685307, 27685307, 27685307, 27685307, 27685307, 27685307, 27685307, 27512576, 27512576, 27512576, 27512576, 27512576, 27512576, 27512576, 27512576, 27512576, 27512576, 27512576, 27512576, 27512576, 27512576, 27512576, 27512576, 27512576, 27512576, 27512576, 27512576, 27512576, 27512576, 27278932, 27278932, 27278932, 27278932, 27278932, 27278932, 27278932, 27278932, 27278932, 27278932, 27278932, 27278932, 27278932, 27278932, 27278932, 27278932, 27278932, 27232760, 27232760, 27232760, 27232760, 27232760, 27232760, 27232760, 27232760, 27232760, 27232760, 27232760, 27232760, 27103283, 27103283, 27103283, 27103283, 27103283, 27103283, 27103283, 27103283, 27103283, 27103283, 27103283, 27103283, 27103283, 27103283, 27061067, 27061067, 27061067, 26759908, 26759908, 26759908]",0,0,0,NPU,0,0,0,0,0,0,1.0,hot,0,0,0,0,1.0,0
0,87,meta-llama/Llama-3.1-8B,42,327,8143059350,65981098112,57838038762,28271340417,28562700906,103082175,"[29983933, 29983933, 29983933, 325719364, 31000079, 2287594770, 31768005, 258033692, 29806160, 2495818020, 1372609992, 32042957, 32013892, 32013892, 30906699, 30810577, 3196788106, 31768005, 29983933, 1264741685, 31601225, 31601225, 31601225, 31601225, 31601225, 29482892, 29482892, 2994837611, 31409793, 31409793, 31181400, 31181400, 31181400, 31181400, 31181400, 31181400, 31181400, 27218200, 27218200, 27218200, 177720779, 31000079, 31000079, 31000079, 31000079, 31000079, 31000079, 31000079, 31000079, 31000079, 31000079, 31000079, 31000079, 31000079, 31000079, 31000079, 31000079, 57757903, 30906699, 30906699, 30906699, 30906699, 28871748, 1026027863, 30810577, 30410660, 30410660, 30410660, 30410660, 30410660, 30410660, 30343401, 30343401, 30343401, 30283506, 30283506, 30283506, 30283506, 30093409, 30093409, 30093409, 30093409, 30093409, 30093409, 30093409, 30093409, 30093409, 29482892, 314800498, 29983933, 29983933, 29983933, 29983933, 29983933, 29983933, 29983933, 29983933, 29983933, 29983933, 4824001403, 29482892, 29482892, 29482892, 29482892, 29482892, 29482892, 29482892, 28857449, 28857449, 28863593, 50264528, 127753184, 28871748, 28875556, 28680716, 28680716, 28680716, 28680716, 28680716, 28680716, 28680716, 28680716, 28680716, 28680716, 28680716, 28680716, 28680716, 28501850, 28501850, 28501850, 28501850, 50276491, 28875556, 28875556, 28875556, 28680716, 28680716, 28680716, 28680716, 28680716, 28680716, 28680716, 28501850, 28501850, 28501850, 28501850, 28501850, 28501850, 27511680, 183249568, 28422327, 28422327, 28422327, 28422327, 28422327, 28422327, 28422327, 28422327, 28422327, 26851204, 25637526, 25637526, 25637526, 25637526, 25637526, 152925566, 28107904, 50293661, 28193675, 28193675, 28272208, 28272208, 28272208, 28272208, 26520888, 26520888, 26520888, 26520888, 26520888, 26520888, 25649622, 49864939, 27764953, 27764953, 27764953, 27764953, 27764953, 27764953, 27764953, 27764953, 27764953, 27764953, 27764953, 27684411, 27684411, 27684411, 27685307, 27685307, 27685307, 27685307, 27685307, 27685307, 27685307, 27685307, 27512576, 27512576, 27512576, 27512576, 27512576, 27512576, 27512576, 27512576, 27512576, 27512576, 27512576, 27512576, 27512576, 27512576, 27512576, 27512576, 27512576, 27512576, 27512576, 27512576, 27512576, 27512576, 27278932, 27278932, 27278932, 27278932, 27278932, 27278932, 27278932, 27278932, 27278932, 27278932, 27278932, 27278932, 27278932, 27278932, 27278932, 27278932, 27278932, 27232760, 27232760, 27232760, 27232760, 27232760, 27232760, 27232760, 27232760, 27232760, 27232760, 27232760, 27232760, 27103283, 27103283, 27103283, 27103283, 27103283, 27103283, 27103283, 27103283, 27103283, 27103283, 27103283, 27103283, 27103283, 27103283, 27061067, 27061067, 27061067, 26759908, 26759908, 26759908, 49097765, 26997779, 458571068, 26726923, 26726923, 26726923, 26726923, 26726923, 26726923]",0,0,0,NPU,0,0,0,0,0,0,1.0,hot,0,0,0,0,1.0,0
0,94,meta-llama/Llama-3.1-8B,9,279,8935658047,65981098112,57045440065,27478741720,27770102209,108830252,"[29983933, 29983933, 29983933, 325719364, 31000079, 2287594770, 31768005, 258033692, 29806160, 2495818020, 1372609992, 32042957, 32013892, 32013892, 30906699, 30810577, 3196788106, 31768005, 29983933, 1264741685, 31601225, 31601225, 31601225, 31601225, 31601225, 29482892, 29482892, 2994837611, 31409793, 31409793, 31181400, 31181400, 31181400, 31181400, 31181400, 31181400, 31181400, 259375379, 31000079, 31000079, 31000079, 31000079, 31000079, 31000079, 31000079, 31000079, 31000079, 31000079, 31000079, 31000079, 31000079, 31000079, 31000079, 31000079, 57757903, 30906699, 30906699, 30906699, 30906699, 28871748, 1026027863, 30810577, 30410660, 30410660, 30410660, 30410660, 30410660, 30410660, 30343401, 30343401, 30343401, 30283506, 30283506, 30283506, 30283506, 30093409, 30093409, 30093409, 30093409, 30093409, 30093409, 30093409, 30093409, 30093409, 29482892, 314800498, 29983933, 29983933, 29983933, 29983933, 29983933, 29983933, 29983933, 29983933, 29983933, 29983933, 4824001403, 29482892, 29482892, 29482892, 29482892, 29482892, 29482892, 29482892, 28857449, 28857449, 28863593, 50264528, 127753184, 28871748, 28875556, 28680716, 28680716, 28680716, 28680716, 28680716, 28680716, 28680716, 28680716, 28680716, 28680716, 28680716, 28680716, 28680716, 28501850, 28501850, 28501850, 28501850, 50276491, 28875556, 28875556, 28875556, 28680716, 28680716, 28680716, 28680716, 28680716, 28680716, 28680716, 28501850, 28501850, 28501850, 28501850, 28501850, 28501850, 27511680, 183249568, 28422327, 28422327, 28422327, 28422327, 28422327, 28422327, 28422327, 28422327, 28422327, 26851204, 281113196, 28107904, 50293661, 28193675, 28193675, 28272208, 28272208, 28272208, 28272208, 234639889, 27764953, 27764953, 27764953, 27764953, 27764953, 27764953, 27764953, 27764953, 27764953, 27764953, 27764953, 27684411, 27684411, 27684411, 27685307, 27685307, 27685307, 27685307, 27685307, 27685307, 27685307, 27685307, 27512576, 27512576, 27512576, 27512576, 27512576, 27512576, 27512576, 27512576, 27512576, 27512576, 27512576, 27512576, 27512576, 27512576, 27512576, 27512576, 27512576, 27512576, 27512576, 27512576, 27512576, 27512576, 27278932, 27278932, 27278932, 27278932, 27278932, 27278932, 27278932, 27278932, 27278932, 27278932, 27278932, 27278932, 27278932, 27278932, 27278932, 27278932, 27278932, 27232760, 27232760, 27232760, 27232760, 27232760, 27232760, 27232760, 27232760, 27232760, 27232760, 27232760, 27232760, 27103283, 27103283, 27103283, 27103283, 27103283, 27103283, 27103283, 27103283, 27103283, 27103283, 27103283, 27103283, 27103283, 27103283, 27061067, 27061067, 27061067, 26759908, 26759908, 26759908, 49097765, 26997779, 458571068, 26726923, 26726923, 26726923, 26726923, 26726923, 26726923]",0,0,0,NPU,0,0,0,0,0,0,1.0,hot,0,0,0,0,1.0,0
0,85,meta-llama/Llama-3.1-8B,6,296,7910782837,66029958006,58119175169,28503616930,28794977419,101467812,"[29983933, 29983933, 29983933, 325719364, 31000079, 2287594770, 31768005, 258033692, 29806160, 2495818020, 1372609992, 32042957, 32013892, 32013892, 30906699, 30810577, 3196788106, 31768005, 29983933, 1264741685, 31601225, 31601225, 31601225, 31601225, 31601225, 29482892, 29482892, 2994837611, 31409793, 31409793, 31181400, 31181400, 31181400, 31181400, 31181400, 31181400, 31181400, 27218200, 27218200, 27218200, 177720779, 31000079, 31000079, 31000079, 31000079, 31000079, 31000079, 31000079, 31000079, 31000079, 31000079, 31000079, 31000079, 31000079, 31000079, 31000079, 31000079, 57757903, 30906699, 30906699, 30906699, 30906699, 28871748, 1026027863, 30810577, 30410660, 30410660, 30410660, 30410660, 30410660, 30410660, 30343401, 30343401, 30343401, 30283506, 30283506, 30283506, 30283506, 30093409, 30093409, 30093409, 30093409, 30093409, 30093409, 30093409, 30093409, 30093409, 29482892, 314800498, 29983933, 29983933, 29983933, 29983933, 29983933, 29983933, 29983933, 29983933, 29983933, 29983933, 4824001403, 29482892, 29482892, 29482892, 29482892, 29482892, 29482892, 29482892, 28857449, 28857449, 28863593, 50264528, 127753184, 28871748, 28875556, 28680716, 28680716, 28680716, 28680716, 28680716, 28680716, 28680716, 28680716, 28680716, 28680716, 28680716, 28680716, 28680716, 28501850, 28501850, 28501850, 28501850, 50276491, 28875556, 28875556, 28875556, 28680716, 28680716, 28680716, 28680716, 28680716, 28680716, 28680716, 28501850, 28501850, 28501850, 28501850, 28501850, 28501850, 27511680, 25802576, 25802576, 25802576, 25802576, 80039264, 28422327, 28422327, 28422327, 28422327, 28422327, 28422327, 28422327, 28422327, 28422327, 26851204, 25637526, 25637526, 25637526, 25637526, 25637526, 152925566, 28107904, 50293661, 28193675, 28193675, 28272208, 28272208, 28272208, 28272208, 26520888, 26520888, 26520888, 26520888, 26520888, 26520888, 25649622, 49864939, 27764953, 27764953, 27764953, 27764953, 27764953, 27764953, 27764953, 27764953, 27764953, 27764953, 27764953, 27684411, 27684411, 27684411, 27685307, 27685307, 27685307, 27685307, 27685307, 27685307, 27685307, 27685307, 27512576, 27512576, 27512576, 27512576, 27512576, 27512576, 27512576, 27512576, 27512576, 27512576, 27512576, 27512576, 27512576, 27512576, 27512576, 27512576, 27512576, 27512576, 27512576, 27512576, 27512576, 27512576, 27278932, 27278932, 27278932, 27278932, 27278932, 27278932, 27278932, 27278932, 27278932, 27278932, 27278932, 27278932, 27278932, 27278932, 27278932, 27278932, 27278932, 27232760, 27232760, 27232760, 27232760, 27232760, 27232760, 27232760, 27232760, 27232760, 27232760, 27232760, 27232760, 27103283, 27103283, 27103283, 27103283, 27103283, 27103283, 27103283, 27103283, 27103283, 27103283, 27103283, 27103283, 27103283, 27103283, 27061067, 27061067, 27061067, 26759908, 26759908, 26759908, 49097765, 26997779, 458571068, 26726923, 26726923, 26726923, 26726923, 26726923, 26726923, 48859894]",0,0,0,NPU,0,0,0,0,0,0,1.0,hot,0,0,0,0,1.0,0
0,82,meta-llama/Llama-3.1-8B,75,376,7827635775,66083411852,58255776077,28586763992,28878124481,97925505,"[29983933, 29983933, 29983933, 325719364, 31000079, 2287594770, 31768005, 258033692, 29806160, 2495818020, 1372609992, 32042957, 32013892, 32013892, 30906699, 30810577, 3196788106, 31768005, 29983933, 1264741685, 31601225, 31601225, 31601225, 31601225, 31601225, 29482892, 29482892, 2994837611, 31409793, 31409793, 31181400, 31181400, 31181400, 31181400, 31181400, 31181400, 31181400, 27218200, 27218200, 27218200, 177720779, 31000079, 31000079, 31000079, 31000079, 31000079, 31000079, 31000079, 31000079, 31000079, 31000079, 31000079, 31000079, 31000079, 31000079, 31000079, 31000079, 26851204, 30906699, 30906699, 30906699, 30906699, 30906699, 28871748, 1026027863, 30810577, 30410660, 30410660, 30410660, 30410660, 30410660, 30410660, 30343401, 30343401, 30343401, 30283506, 30283506, 30283506, 30283506, 30093409, 30093409, 30093409, 30093409, 30093409, 30093409, 30093409, 30093409, 30093409, 29482892, 314800498, 29983933, 29983933, 29983933, 29983933, 29983933, 29983933, 29983933, 29983933, 29983933, 29983933, 4824001403, 29482892, 29482892, 29482892, 29482892, 29482892, 29482892, 29482892, 28857449, 28857449, 28863593, 50264528, 25811664, 25811664, 76129856, 28871748, 28875556, 28680716, 28680716, 28680716, 28680716, 28680716, 28680716, 28680716, 28680716, 28680716, 28680716, 28680716, 28680716, 28680716, 28501850, 28501850, 28501850, 28501850, 50276491, 28875556, 28875556, 28875556, 28680716, 28680716, 28680716, 28680716, 28680716, 28680716, 28680716, 28501850, 28501850, 28501850, 28501850, 28501850, 28501850, 27511680, 25802576, 25802576, 25802576, 25802576, 25712916, 54326348, 28422327, 28422327, 28422327, 28422327, 28422327, 28422327, 28422327, 28422327, 28422327, 26851204, 25637526, 25637526, 25637526, 25637526, 25637526, 152925566, 28107904, 50293661, 28193675, 28193675, 28272208, 28272208, 28272208, 28272208, 26520888, 26520888, 26520888, 26520888, 26520888, 26520888, 25649622, 49864939, 27764953, 27764953, 27764953, 27764953, 27764953, 27764953, 27764953, 27764953, 27764953, 27764953, 27764953, 27684411, 27684411, 27684411, 27685307, 27685307, 27685307, 27685307, 27685307, 27685307, 27685307, 27685307, 27512576, 27512576, 27512576, 27512576, 27512576, 27512576, 27512576, 27512576, 27512576, 27512576, 27512576, 27512576, 27512576, 27512576, 27512576, 27512576, 27512576, 27512576, 27512576, 27512576, 27512576, 27512576, 27278932, 27278932, 27278932, 27278932, 27278932, 27278932, 27278932, 27278932, 27278932, 27278932, 27278932, 27278932, 27278932, 27278932, 27278932, 27278932, 27278932, 27232760, 27232760, 27232760, 27232760, 27232760, 27232760, 27232760, 27232760, 27232760, 27232760, 27232760, 27232760, 27103283, 27103283, 27103283, 27103283, 27103283, 27103283, 27103283, 27103283, 27103283, 27103283, 27103283, 27103283, 27103283, 27103283, 27061067, 27061067, 27061067, 26759908, 26759908, 26759908, 49097765, 26997779, 25454110, 25454110, 25454110, 25454110, 25454110, 331300518, 26726923, 26726923, 26726923, 26726923, 26726923, 26726923, 48859894, 26726923, 26726923]",0,0,0,NPU,0,0,0,0,0,0,1.0,hot,0,0,0,0,1.0,0
0,75,meta-llama/Llama-3.1-8B,12,341,7279052164,66516136851,59237084687,29135347603,29426708092,90885294,"[29983933, 29983933, 29983933, 27512576, 27278932, 270927856, 31000079, 2287594770, 31768005, 258033692, 29806160, 26786947, 2469031073, 1372609992, 32042957, 32013892, 32013892, 30906699, 30810577, 3196788106, 31768005, 29983933, 26641724, 1238099961, 31601225, 31601225, 31601225, 31601225, 31601225, 29482892, 29482892, 2994837611, 31409793, 31409793, 31181400, 31181400, 31181400, 31181400, 31181400, 31181400, 31181400, 27218200, 27218200, 27218200, 177720779, 31000079, 31000079, 31000079, 31000079, 31000079, 31000079, 31000079, 31000079, 31000079, 31000079, 31000079, 31000079, 31000079, 31000079, 31000079, 31000079, 26851204, 30906699, 30906699, 30906699, 30906699, 30906699, 28871748, 1026027863, 30810577, 30410660, 30410660, 30410660, 30410660, 30410660, 30410660, 30343401, 30343401, 30343401, 30283506, 30283506, 30283506, 30283506, 30093409, 30093409, 30093409, 30093409, 30093409, 30093409, 30093409, 30093409, 30093409, 29482892, 314800498, 29983933, 29983933, 29983933, 29983933, 29983933, 29983933, 29983933, 29983933, 29983933, 29983933, 26118142, 4797883261, 29482892, 29482892, 29482892, 29482892, 29482892, 29482892, 29482892, 28857449, 28857449, 28863593, 50264528, 25811664, 25811664, 25857173, 50272683, 28871748, 28875556, 28680716, 28680716, 28680716, 28680716, 28680716, 28680716, 28680716, 28680716, 28680716, 28680716, 28680716, 28680716, 28680716, 28501850, 28501850, 28501850, 28501850, 50276491, 28875556, 28875556, 28875556, 28680716, 28680716, 28680716, 28680716, 28680716, 28680716, 28680716, 28501850, 28501850, 28501850, 28501850, 28501850, 28501850, 27511680, 25802576, 25802576, 25802576, 25802576, 25712916, 54326348, 28422327, 28422327, 28422327, 28422327, 28422327, 28422327, 28422327, 28422327, 28422327, 26851204, 25637526, 25637526, 25637526, 25637526, 25637526, 152925566, 28107904, 50293661, 28193675, 28193675, 28272208, 28272208, 28272208, 28272208, 26520888, 26520888, 26520888, 26520888, 26520888, 26520888, 25649622, 49864939, 27764953, 27764953, 27764953, 27764953, 27764953, 27764953, 27764953, 27764953, 27764953, 27764953, 27764953, 27684411, 27684411, 27684411, 27685307, 27685307, 27685307, 27685307, 27685307, 27685307, 27685307, 27685307, 27512576, 27512576, 27512576, 27512576, 27512576, 27512576, 27512576, 27512576, 27512576, 27512576, 27512576, 27512576, 27512576, 27512576, 27512576, 27512576, 27512576, 27512576, 27512576, 27512576, 27512576, 27512576, 27278932, 27278932, 27278932, 27278932, 27278932, 27278932, 27278932, 27278932, 27278932, 27278932, 27278932, 27278932, 27278932, 27278932, 27278932, 27278932, 27278932, 27232760, 27232760, 27232760, 27232760, 27232760, 27232760, 27232760, 27232760, 27232760, 27232760, 27232760, 27232760, 27103283, 27103283, 27103283, 27103283, 27103283, 27103283, 27103283, 27103283, 27103283, 27103283, 27103283, 27103283, 27103283, 27103283, 27061067, 27061067, 27061067, 26759908, 26759908, 26759908, 49097765, 26997779, 25454110, 25454110, 25454110, 25454110, 25454110, 25679419, 25679419, 25679419, 25679419, 25679419, 25679419, 25679419, 25679419, 25679419, 25679419, 25679419, 48826909, 26726923, 26726923, 26726923, 26726923, 26726923, 26726923, 48859894, 26726923, 26726923, 170271049, 26726923, 26726923, 26726923, 26726923, 26726923, 25763867, 25763867, 25763867, 25763867, 25763867]",0,0,0,NPU,0,0,0,0,0,0,1.0,hot,0,0,0,0,1.0,0
0,84,meta-llama/Llama-3.1-8B,31,338,7871451416,66569623033,58698171617,28542948351,28834308840,97594322,"[29983933, 29983933, 29983933, 325719364, 31000079, 2287594770, 31768005, 258033692, 29806160, 2495818020, 1372609992, 32042957, 32013892, 32013892, 30906699, 30810577, 3196788106, 31768005, 29983933, 1264741685, 31601225, 31601225, 31601225, 31601225, 31601225, 29482892, 29482892, 2994837611, 31409793, 31409793, 31181400, 31181400, 31181400, 31181400, 31181400, 31181400, 31181400, 27218200, 27218200, 27218200, 177720779, 31000079, 31000079, 31000079, 31000079, 31000079, 31000079, 31000079, 31000079, 31000079, 31000079, 31000079, 31000079, 31000079, 31000079, 31000079, 31000079, 26851204, 30906699, 30906699, 30906699, 30906699, 30906699, 28871748, 1026027863, 30810577, 30410660, 30410660, 30410660, 30410660, 30410660, 30410660, 30343401, 30343401, 30343401, 30283506, 30283506, 30283506, 30283506, 30093409, 30093409, 30093409, 30093409, 30093409, 30093409, 30093409, 30093409, 30093409, 29482892, 314800498, 29983933, 29983933, 29983933, 29983933, 29983933, 29983933, 29983933, 29983933, 29983933, 29983933, 4824001403, 29482892, 29482892, 29482892, 29482892, 29482892, 29482892, 29482892, 28857449, 28857449, 28863593, 50264528, 127753184, 28871748, 28875556, 28680716, 28680716, 28680716, 28680716, 28680716, 28680716, 28680716, 28680716, 28680716, 28680716, 28680716, 28680716, 28680716, 28501850, 28501850, 28501850, 28501850, 50276491, 28875556, 28875556, 28875556, 28680716, 28680716, 28680716, 28680716, 28680716, 28680716, 28680716, 28501850, 28501850, 28501850, 28501850, 28501850, 28501850, 27511680, 25802576, 25802576, 25802576, 25802576, 25712916, 54326348, 28422327, 28422327, 28422327, 28422327, 28422327, 28422327, 28422327, 28422327, 28422327, 26851204, 25637526, 25637526, 25637526, 25637526, 25637526, 152925566, 28107904, 50293661, 28193675, 28193675, 28272208, 28272208, 28272208, 28272208, 26520888, 26520888, 26520888, 26520888, 26520888, 26520888, 25649622, 49864939, 27764953, 27764953, 27764953, 27764953, 27764953, 27764953, 27764953, 27764953, 27764953, 27764953, 27764953, 27684411, 27684411, 27684411, 27685307, 27685307, 27685307, 27685307, 27685307, 27685307, 27685307, 27685307, 27512576, 27512576, 27512576, 27512576, 27512576, 27512576, 27512576, 27512576, 27512576, 27512576, 27512576, 27512576, 27512576, 27512576, 27512576, 27512576, 27512576, 27512576, 27512576, 27512576, 27512576, 27512576, 27278932, 27278932, 27278932, 27278932, 27278932, 27278932, 27278932, 27278932, 27278932, 27278932, 27278932, 27278932, 27278932, 27278932, 27278932, 27278932, 27278932, 27232760, 27232760, 27232760, 27232760, 27232760, 27232760, 27232760, 27232760, 27232760, 27232760, 27232760, 27232760, 27103283, 27103283, 27103283, 27103283, 27103283, 27103283, 27103283, 27103283, 27103283, 27103283, 27103283, 27103283, 27103283, 27103283, 27061067, 27061067, 27061067, 26759908, 26759908, 26759908, 49097765, 26997779, 25454110, 25454110, 25454110, 25454110, 25454110, 331300518, 26726923, 26726923, 26726923, 26726923, 26726923, 26726923, 48859894, 26726923, 26726923, 170271049, 26726923, 26726923, 26726923, 26726923, 26726923, 155514538, 26790979]",0,0,0,NPU,0,0,0,0,0,0,1.0,hot,0,0,0,0,1.0,0
0,108,meta-llama/Llama-3.1-8B,7,274,9847114112,66569623033,56722508921,29502407254,29592912156,101990965,"[31768005, 258033692, 2525624180, 1372609992, 32042957, 32013892, 32013892, 30906699, 3227598683, 31768005, 1294725618, 31601225, 31601225, 31601225, 31601225, 31601225, 3053803395, 31409793, 31409793, 31181400, 31181400, 31181400, 31181400, 31181400, 31181400, 31181400, 259375379, 31000079, 31000079, 31000079, 31000079, 31000079, 31000079, 31000079, 31000079, 31000079, 31000079, 31000079, 31000079, 31000079, 31000079, 31000079, 31000079, 57757903, 30906699, 30906699, 30906699, 30906699, 1054899611, 30810577, 30410660, 30410660, 30410660, 30410660, 30410660, 30410660, 30343401, 30343401, 30343401, 30283506, 30283506, 30283506, 30283506, 30093409, 30093409, 30093409, 30093409, 30093409, 30093409, 30093409, 30093409, 30093409, 29482892, 314800498, 29983933, 29983933, 29983933, 29983933, 29983933, 29983933, 29983933, 29983933, 29983933, 29983933, 4824001403, 29482892, 29482892, 29482892, 29482892, 29482892, 29482892, 29482892, 28857449, 28857449, 28863593, 50264528, 127753184, 28871748, 28875556, 28680716, 28680716, 28680716, 28680716, 28680716, 28680716, 28680716, 28680716, 28680716, 28680716, 28680716, 28680716, 28680716, 28501850, 28501850, 28501850, 28501850, 50276491, 28875556, 28875556, 28875556, 28680716, 28680716, 28680716, 28680716, 28680716, 28680716, 28680716, 28501850, 28501850, 28501850, 28501850, 28501850, 28501850, 210761248, 28422327, 28422327, 28422327, 28422327, 28422327, 28422327, 28422327, 28422327, 28422327, 307964400, 28107904, 50293661, 28193675, 28193675, 28272208, 28272208, 28272208, 28272208, 234639889, 27764953, 27764953, 27764953, 27764953, 27764953, 27764953, 27764953, 27764953, 27764953, 27764953, 27764953, 27684411, 27684411, 27684411, 27685307, 27685307, 27685307, 27685307, 27685307, 27685307, 27685307, 27685307, 27512576, 27512576, 27512576, 27512576, 27512576, 27512576, 27512576, 27512576, 27512576, 27512576, 27512576, 27512576, 27512576, 27512576, 27512576, 27512576, 27512576, 27512576, 27512576, 27512576, 27512576, 27512576, 27278932, 27278932, 27278932, 27278932, 27278932, 27278932, 27278932, 27278932, 27278932, 27278932, 27278932, 27278932, 27278932, 27278932, 27278932, 27278932, 27278932, 27232760, 27232760, 27232760, 27232760, 27232760, 27232760, 27232760, 27232760, 27232760, 27232760, 27232760, 27232760, 27103283, 27103283, 27103283, 27103283, 27103283, 27103283, 27103283, 27103283, 27103283, 27103283, 27103283, 27103283, 27103283, 27103283, 27061067, 27061067, 27061067, 26759908, 26759908, 26759908, 49097765, 26997779, 458571068, 26726923, 26726923, 26726923, 26726923, 26726923, 26726923, 48859894, 26726923, 26726923, 170271049, 26726923, 26726923, 26726923, 26726923, 26726923, 155514538, 26790979]",0,0,0,NPU,0,0,0,0,0,0,1.0,hot,0,0,0,0,1.0,0
0,86,meta-llama/Llama-3.1-8B,6,323,8041570415,67022591093,58981020678,28372829352,28664189841,95939338,"[29983933, 29983933, 29983933, 325719364, 31000079, 2287594770, 31768005, 258033692, 29806160, 2495818020, 1372609992, 32042957, 32013892, 32013892, 30906699, 30810577, 3196788106, 31768005, 29983933, 1264741685, 31601225, 31601225, 31601225, 31601225, 31601225, 29482892, 29482892, 2994837611, 31409793, 31409793, 31181400, 31181400, 31181400, 31181400, 31181400, 31181400, 31181400, 27218200, 27218200, 27218200, 177720779, 31000079, 31000079, 31000079, 31000079, 31000079, 31000079, 31000079, 31000079, 31000079, 31000079, 31000079, 31000079, 31000079, 31000079, 31000079, 31000079, 57757903, 30906699, 30906699, 30906699, 30906699, 28871748, 1026027863, 30810577, 30410660, 30410660, 30410660, 30410660, 30410660, 30410660, 30343401, 30343401, 30343401, 30283506, 30283506, 30283506, 30283506, 30093409, 30093409, 30093409, 30093409, 30093409, 30093409, 30093409, 30093409, 30093409, 29482892, 314800498, 29983933, 29983933, 29983933, 29983933, 29983933, 29983933, 29983933, 29983933, 29983933, 29983933, 4824001403, 29482892, 29482892, 29482892, 29482892, 29482892, 29482892, 29482892, 28857449, 28857449, 28863593, 50264528, 127753184, 28871748, 28875556, 28680716, 28680716, 28680716, 28680716, 28680716, 28680716, 28680716, 28680716, 28680716, 28680716, 28680716, 28680716, 28680716, 28501850, 28501850, 28501850, 28501850, 50276491, 28875556, 28875556, 28875556, 28680716, 28680716, 28680716, 28680716, 28680716, 28680716, 28680716, 28501850, 28501850, 28501850, 28501850, 28501850, 28501850, 27511680, 25802576, 25802576, 25802576, 25802576, 80039264, 28422327, 28422327, 28422327, 28422327, 28422327, 28422327, 28422327, 28422327, 28422327, 26851204, 25637526, 25637526, 25637526, 25637526, 25637526, 152925566, 28107904, 50293661, 28193675, 28193675, 28272208, 28272208, 28272208, 28272208, 26520888, 26520888, 26520888, 26520888, 26520888, 26520888, 25649622, 49864939, 27764953, 27764953, 27764953, 27764953, 27764953, 27764953, 27764953, 27764953, 27764953, 27764953, 27764953, 27684411, 27684411, 27684411, 27685307, 27685307, 27685307, 27685307, 27685307, 27685307, 27685307, 27685307, 27512576, 27512576, 27512576, 27512576, 27512576, 27512576, 27512576, 27512576, 27512576, 27512576, 27512576, 27512576, 27512576, 27512576, 27512576, 27512576, 27512576, 27512576, 27512576, 27512576, 27512576, 27512576, 27278932, 27278932, 27278932, 27278932, 27278932, 27278932, 27278932, 27278932, 27278932, 27278932, 27278932, 27278932, 27278932, 27278932, 27278932, 27278932, 27278932, 27232760, 27232760, 27232760, 27232760, 27232760, 27232760, 27232760, 27232760, 27232760, 27232760, 27232760, 27232760, 27103283, 27103283, 27103283, 27103283, 27103283, 27103283, 27103283, 27103283, 27103283, 27103283, 27103283, 27103283, 27103283, 27103283, 27061067, 27061067, 27061067, 26759908, 26759908, 26759908, 49097765, 26997779, 458571068, 26726923, 26726923, 26726923, 26726923, 26726923, 26726923, 48859894, 26726923, 26726923, 170271049, 26726923, 26726923, 26726923, 26726923, 26726923, 155514538, 26790979, 26645180, 26645180, 26645180, 26645180, 26645180, 26645180, 26645180, 26645180, 26645180, 26645180, 26645180, 26645180, 26645180, 26645180, 26645180, 26645180, 26645180]",0,0,0,NPU,0,0,0,0,0,0,1.0,hot,0,0,0,0,1.0,0
0,103,meta-llama/Llama-3.1-8B,2,291,9360630052,67049035621,57688405569,27647230537,27760801367,103915292,"[31000079, 2287594770, 31768005, 258033692, 2525624180, 1372609992, 32042957, 32013892, 32013892, 30906699, 30810577, 3196788106, 31768005, 1294725618, 31601225, 31601225, 31601225, 31601225, 31601225, 3053803395, 31409793, 31409793, 31181400, 31181400, 31181400, 31181400, 31181400, 31181400, 31181400, 259375379, 31000079, 31000079, 31000079, 31000079, 31000079, 31000079, 31000079, 31000079, 31000079, 31000079, 31000079, 31000079, 31000079, 31000079, 31000079, 31000079, 57757903, 30906699, 30906699, 30906699, 30906699, 1054899611, 30810577, 30410660, 30410660, 30410660, 30410660, 30410660, 30410660, 30343401, 30343401, 30343401, 30283506, 30283506, 30283506, 30283506, 30093409, 30093409, 30093409, 30093409, 30093409, 30093409, 30093409, 30093409, 30093409, 29482892, 314800498, 29983933, 29983933, 29983933, 29983933, 29983933, 29983933, 29983933, 29983933, 29983933, 29983933, 4824001403, 29482892, 29482892, 29482892, 29482892, 29482892, 29482892, 29482892, 28857449, 28857449, 28863593, 50264528, 127753184, 28871748, 28875556, 28680716, 28680716, 28680716, 28680716, 28680716, 28680716, 28680716, 28680716, 28680716, 28680716, 28680716, 28680716, 28680716, 28501850, 28501850, 28501850, 28501850, 50276491, 28875556, 28875556, 28875556, 28680716, 28680716, 28680716, 28680716, 28680716, 28680716, 28680716, 28501850, 28501850, 28501850, 28501850, 28501850, 28501850, 27511680, 183249568, 28422327, 28422327, 28422327, 28422327, 28422327, 28422327, 28422327, 28422327, 28422327, 307964400, 28107904, 50293661, 28193675, 28193675, 28272208, 28272208, 28272208, 28272208, 234639889, 27764953, 27764953, 27764953, 27764953, 27764953, 27764953, 27764953, 27764953, 27764953, 27764953, 27764953, 27684411, 27684411, 27684411, 27685307, 27685307, 27685307, 27685307, 27685307, 27685307, 27685307, 27685307, 27512576, 27512576, 27512576, 27512576, 27512576, 27512576, 27512576, 27512576, 27512576, 27512576, 27512576, 27512576, 27512576, 27512576, 27512576, 27512576, 27512576, 27512576, 27512576, 27512576, 27512576, 27512576, 27278932, 27278932, 27278932, 27278932, 27278932, 27278932, 27278932, 27278932, 27278932, 27278932, 27278932, 27278932, 27278932, 27278932, 27278932, 27278932, 27278932, 27232760, 27232760, 27232760, 27232760, 27232760, 27232760, 27232760, 27232760, 27232760, 27232760, 27232760, 27232760, 27103283, 27103283, 27103283, 27103283, 27103283, 27103283, 27103283, 27103283, 27103283, 27103283, 27103283, 27103283, 27103283, 27103283, 27061067, 27061067, 27061067, 26759908, 26759908, 26759908, 49097765, 26997779, 458571068, 26726923, 26726923, 26726923, 26726923, 26726923, 26726923, 48859894, 26726923, 26726923, 170271049, 26726923, 26726923, 26726923, 26726923, 26726923, 155514538, 26790979, 26645180, 26645180, 26645180, 26645180, 26645180, 26645180, 26645180, 26645180, 26645180, 26645180, 26645180, 26645180, 26645180, 26645180, 26645180, 26645180, 26645180, 26444528]",0,0,0,NPU,0,0,0,0,0,0,1.0,hot,0,0,0,0,1.0,0
0,88,meta-llama/Llama-3.1-8B,138,455,8361284541,67373240819,59011956278,28053115226,28344475715,97048989,"[29983933, 29983933, 29983933, 325719364, 31000079, 2287594770, 31768005, 258033692, 29806160, 2495818020, 1372609992, 32042957, 32013892, 32013892, 30906699, 30810577, 3196788106, 31768005, 29983933, 1264741685, 31601225, 31601225, 31601225, 31601225, 31601225, 29482892, 29482892, 2994837611, 31409793, 31409793, 31181400, 31181400, 31181400, 31181400, 31181400, 31181400, 31181400, 259375379, 31000079, 31000079, 31000079, 31000079, 31000079, 31000079, 31000079, 31000079, 31000079, 31000079, 31000079, 31000079, 31000079, 31000079, 31000079, 31000079, 57757903, 30906699, 30906699, 30906699, 30906699, 28871748, 1026027863, 30810577, 30410660, 30410660, 30410660, 30410660, 30410660, 30410660, 30343401, 30343401, 30343401, 30283506, 30283506, 30283506, 30283506, 30093409, 30093409, 30093409, 30093409, 30093409, 30093409, 30093409, 30093409, 30093409, 29482892, 314800498, 29983933, 29983933, 29983933, 29983933, 29983933, 29983933, 29983933, 29983933, 29983933, 29983933, 4824001403, 29482892, 29482892, 29482892, 29482892, 29482892, 29482892, 29482892, 28857449, 28857449, 28863593, 50264528, 127753184, 28871748, 28875556, 28680716, 28680716, 28680716, 28680716, 28680716, 28680716, 28680716, 28680716, 28680716, 28680716, 28680716, 28680716, 28680716, 28501850, 28501850, 28501850, 28501850, 50276491, 28875556, 28875556, 28875556, 28680716, 28680716, 28680716, 28680716, 28680716, 28680716, 28680716, 28501850, 28501850, 28501850, 28501850, 28501850, 28501850, 27511680, 183249568, 28422327, 28422327, 28422327, 28422327, 28422327, 28422327, 28422327, 28422327, 28422327, 26851204, 25637526, 25637526, 25637526, 25637526, 25637526, 152925566, 28107904, 50293661, 28193675, 28193675, 28272208, 28272208, 28272208, 28272208, 26520888, 26520888, 26520888, 26520888, 26520888, 26520888, 25649622, 49864939, 27764953, 27764953, 27764953, 27764953, 27764953, 27764953, 27764953, 27764953, 27764953, 27764953, 27764953, 27684411, 27684411, 27684411, 27685307, 27685307, 27685307, 27685307, 27685307, 27685307, 27685307, 27685307, 27512576, 27512576, 27512576, 27512576, 27512576, 27512576, 27512576, 27512576, 27512576, 27512576, 27512576, 27512576, 27512576, 27512576, 27512576, 27512576, 27512576, 27512576, 27512576, 27512576, 27512576, 27512576, 27278932, 27278932, 27278932, 27278932, 27278932, 27278932, 27278932, 27278932, 27278932, 27278932, 27278932, 27278932, 27278932, 27278932, 27278932, 27278932, 27278932, 27232760, 27232760, 27232760, 27232760, 27232760, 27232760, 27232760, 27232760, 27232760, 27232760, 27232760, 27232760, 27103283, 27103283, 27103283, 27103283, 27103283, 27103283, 27103283, 27103283, 27103283, 27103283, 27103283, 27103283, 27103283, 27103283, 27061067, 27061067, 27061067, 26759908, 26759908, 26759908, 49097765, 26997779, 458571068, 26726923, 26726923, 26726923, 26726923, 26726923, 26726923, 48859894, 26726923, 26726923, 170271049, 26726923, 26726923, 26726923, 26726923, 26726923, 155514538, 26790979, 26645180, 26645180, 26645180, 26645180, 26645180, 26645180, 26645180, 26645180, 26645180, 26645180, 26645180, 26645180, 26645180, 26645180, 26645180, 26645180, 26645180, 26444528, 191932158, 26454608, 26454608, 26454608, 26454608, 26454608]",0,0,0,NPU,0,0,0,0,0,0,1.0,hot,0,0,0,0,1.0,0
0,95,meta-llama/Llama-3.1-8B,44,350,9003739520,67399669641,58395930121,27410660247,27702020736,100635768,"[29983933, 29983933, 29983933, 325719364, 31000079, 2287594770, 31768005, 258033692, 29806160, 2495818020, 1372609992, 32042957, 32013892, 32013892, 30906699, 30810577, 3196788106, 31768005, 29983933, 1264741685, 31601225, 31601225, 31601225, 31601225, 31601225, 29482892, 29482892, 2994837611, 31409793, 31409793, 31181400, 31181400, 31181400, 31181400, 31181400, 31181400, 31181400, 259375379, 31000079, 31000079, 31000079, 31000079, 31000079, 31000079, 31000079, 31000079, 31000079, 31000079, 31000079, 31000079, 31000079, 31000079, 31000079, 31000079, 57757903, 30906699, 30906699, 30906699, 30906699, 28871748, 1026027863, 30810577, 30410660, 30410660, 30410660, 30410660, 30410660, 30410660, 30343401, 30343401, 30343401, 30283506, 30283506, 30283506, 30283506, 30093409, 30093409, 30093409, 30093409, 30093409, 30093409, 30093409, 30093409, 30093409, 29482892, 314800498, 29983933, 29983933, 29983933, 29983933, 29983933, 29983933, 29983933, 29983933, 29983933, 29983933, 4824001403, 29482892, 29482892, 29482892, 29482892, 29482892, 29482892, 29482892, 28857449, 28857449, 28863593, 50264528, 127753184, 28871748, 28875556, 28680716, 28680716, 28680716, 28680716, 28680716, 28680716, 28680716, 28680716, 28680716, 28680716, 28680716, 28680716, 28680716, 28501850, 28501850, 28501850, 28501850, 50276491, 28875556, 28875556, 28875556, 28680716, 28680716, 28680716, 28680716, 28680716, 28680716, 28680716, 28501850, 28501850, 28501850, 28501850, 28501850, 28501850, 27511680, 183249568, 28422327, 28422327, 28422327, 28422327, 28422327, 28422327, 28422327, 28422327, 28422327, 26851204, 281113196, 28107904, 50293661, 28193675, 28193675, 28272208, 28272208, 28272208, 28272208, 234639889, 27764953, 27764953, 27764953, 27764953, 27764953, 27764953, 27764953, 27764953, 27764953, 27764953, 27764953, 27684411, 27684411, 27684411, 27685307, 27685307, 27685307, 27685307, 27685307, 27685307, 27685307, 27685307, 27512576, 27512576, 27512576, 27512576, 27512576, 27512576, 27512576, 27512576, 27512576, 27512576, 27512576, 27512576, 27512576, 27512576, 27512576, 27512576, 27512576, 27512576, 27512576, 27512576, 27512576, 27512576, 27278932, 27278932, 27278932, 27278932, 27278932, 27278932, 27278932, 27278932, 27278932, 27278932, 27278932, 27278932, 27278932, 27278932, 27278932, 27278932, 27278932, 27232760, 27232760, 27232760, 27232760, 27232760, 27232760, 27232760, 27232760, 27232760, 27232760, 27232760, 27232760, 27103283, 27103283, 27103283, 27103283, 27103283, 27103283, 27103283, 27103283, 27103283, 27103283, 27103283, 27103283, 27103283, 27103283, 27061067, 27061067, 27061067, 26759908, 26759908, 26759908, 49097765, 26997779, 458571068, 26726923, 26726923, 26726923, 26726923, 26726923, 26726923, 48859894, 26726923, 26726923, 170271049, 26726923, 26726923, 26726923, 26726923, 26726923, 155514538, 26790979, 26645180, 26645180, 26645180, 26645180, 26645180, 26645180, 26645180, 26645180, 26645180, 26645180, 26645180, 26645180, 26645180, 26645180, 26645180, 26645180, 26645180, 26444528, 191932158, 26454608, 26454608, 26454608, 26454608, 26454608, 26428822]",0,0,0,NPU,0,0,0,0,0,0,1.0,hot,0,0,0,0,1.0,0
0,79,meta-llama/Llama-3.1-8B,42,392,7490970819,67855090283,60364119464,28923428948,29214789437,89253094,"[29983933, 29983933, 29983933, 27512576, 27278932, 270927856, 31000079, 2287594770, 31768005, 258033692, 29806160, 2495818020, 1372609992, 32042957, 32013892, 32013892, 30906699, 30810577, 3196788106, 31768005, 29983933, 1264741685, 31601225, 31601225, 31601225, 31601225, 31601225, 29482892, 29482892, 2994837611, 31409793, 31409793, 31181400, 31181400, 31181400, 31181400, 31181400, 31181400, 31181400, 27218200, 27218200, 27218200, 177720779, 31000079, 31000079, 31000079, 31000079, 31000079, 31000079, 31000079, 31000079, 31000079, 31000079, 31000079, 31000079, 31000079, 31000079, 31000079, 31000079, 26851204, 30906699, 30906699, 30906699, 30906699, 30906699, 28871748, 1026027863, 30810577, 30410660, 30410660, 30410660, 30410660, 30410660, 30410660, 30343401, 30343401, 30343401, 30283506, 30283506, 30283506, 30283506, 30093409, 30093409, 30093409, 30093409, 30093409, 30093409, 30093409, 30093409, 30093409, 29482892, 314800498, 29983933, 29983933, 29983933, 29983933, 29983933, 29983933, 29983933, 29983933, 29983933, 29983933, 26118142, 4797883261, 29482892, 29482892, 29482892, 29482892, 29482892, 29482892, 29482892, 28857449, 28857449, 28863593, 50264528, 25811664, 25811664, 76129856, 28871748, 28875556, 28680716, 28680716, 28680716, 28680716, 28680716, 28680716, 28680716, 28680716, 28680716, 28680716, 28680716, 28680716, 28680716, 28501850, 28501850, 28501850, 28501850, 50276491, 28875556, 28875556, 28875556, 28680716, 28680716, 28680716, 28680716, 28680716, 28680716, 28680716, 28501850, 28501850, 28501850, 28501850, 28501850, 28501850, 27511680, 25802576, 25802576, 25802576, 25802576, 25712916, 54326348, 28422327, 28422327, 28422327, 28422327, 28422327, 28422327, 28422327, 28422327, 28422327, 26851204, 25637526, 25637526, 25637526, 25637526, 25637526, 152925566, 28107904, 50293661, 28193675, 28193675, 28272208, 28272208, 28272208, 28272208, 26520888, 26520888, 26520888, 26520888, 26520888, 26520888, 25649622, 49864939, 27764953, 27764953, 27764953, 27764953, 27764953, 27764953, 27764953, 27764953, 27764953, 27764953, 27764953, 27684411, 27684411, 27684411, 27685307, 27685307, 27685307, 27685307, 27685307, 27685307, 27685307, 27685307, 27512576, 27512576, 27512576, 27512576, 27512576, 27512576, 27512576, 27512576, 27512576, 27512576, 27512576, 27512576, 27512576, 27512576, 27512576, 27512576, 27512576, 27512576, 27512576, 27512576, 27512576, 27512576, 27278932, 27278932, 27278932, 27278932, 27278932, 27278932, 27278932, 27278932, 27278932, 27278932, 27278932, 27278932, 27278932, 27278932, 27278932, 27278932, 27278932, 27232760, 27232760, 27232760, 27232760, 27232760, 27232760, 27232760, 27232760, 27232760, 27232760, 27232760, 27232760, 27103283, 27103283, 27103283, 27103283, 27103283, 27103283, 27103283, 27103283, 27103283, 27103283, 27103283, 27103283, 27103283, 27103283, 27061067, 27061067, 27061067, 26759908, 26759908, 26759908, 49097765, 26997779, 25454110, 25454110, 25454110, 25454110, 25454110, 331300518, 26726923, 26726923, 26726923, 26726923, 26726923, 26726923, 48859894, 26726923, 26726923, 170271049, 26726923, 26726923, 26726923, 26726923, 26726923, 155514538, 26790979, 26645180, 26645180, 26645180, 26645180, 26645180, 26645180, 26645180, 26645180, 26645180, 26645180, 26645180, 26645180, 26645180, 26645180, 26645180, 26645180, 26645180, 26444528, 191932158, 26454608, 26454608, 26454608, 26454608, 26454608, 26428822, 145806818, 26428822, 26428822, 26428822, 26428822, 25487317, 25487317, 25487317, 25487317, 25487317, 25487317, 25487317, 25487317]",0,0,0,NPU,0,0,0,0,0,0,1.0,hot,0,0,0,0,1.0,0
0,99,meta-llama/Llama-3.1-8B,7,323,9147480342,68122386843,58974906501,27860380247,27973951077,98415731,"[31000079, 2287594770, 31768005, 258033692, 2525624180, 1372609992, 32042957, 32013892, 32013892, 30906699, 30810577, 3196788106, 31768005, 29983933, 1264741685, 31601225, 31601225, 31601225, 31601225, 31601225, 29482892, 29482892, 2994837611, 31409793, 31409793, 31181400, 31181400, 31181400, 31181400, 31181400, 31181400, 31181400, 259375379, 31000079, 31000079, 31000079, 31000079, 31000079, 31000079, 31000079, 31000079, 31000079, 31000079, 31000079, 31000079, 31000079, 31000079, 31000079, 31000079, 57757903, 30906699, 30906699, 30906699, 30906699, 28871748, 1026027863, 30810577, 30410660, 30410660, 30410660, 30410660, 30410660, 30410660, 30343401, 30343401, 30343401, 30283506, 30283506, 30283506, 30283506, 30093409, 30093409, 30093409, 30093409, 30093409, 30093409, 30093409, 30093409, 30093409, 29482892, 314800498, 29983933, 29983933, 29983933, 29983933, 29983933, 29983933, 29983933, 29983933, 29983933, 29983933, 4824001403, 29482892, 29482892, 29482892, 29482892, 29482892, 29482892, 29482892, 28857449, 28857449, 28863593, 50264528, 127753184, 28871748, 28875556, 28680716, 28680716, 28680716, 28680716, 28680716, 28680716, 28680716, 28680716, 28680716, 28680716, 28680716, 28680716, 28680716, 28501850, 28501850, 28501850, 28501850, 50276491, 28875556, 28875556, 28875556, 28680716, 28680716, 28680716, 28680716, 28680716, 28680716, 28680716, 28501850, 28501850, 28501850, 28501850, 28501850, 28501850, 27511680, 183249568, 28422327, 28422327, 28422327, 28422327, 28422327, 28422327, 28422327, 28422327, 28422327, 26851204, 281113196, 28107904, 50293661, 28193675, 28193675, 28272208, 28272208, 28272208, 28272208, 234639889, 27764953, 27764953, 27764953, 27764953, 27764953, 27764953, 27764953, 27764953, 27764953, 27764953, 27764953, 27684411, 27684411, 27684411, 27685307, 27685307, 27685307, 27685307, 27685307, 27685307, 27685307, 27685307, 27512576, 27512576, 27512576, 27512576, 27512576, 27512576, 27512576, 27512576, 27512576, 27512576, 27512576, 27512576, 27512576, 27512576, 27512576, 27512576, 27512576, 27512576, 27512576, 27512576, 27512576, 27512576, 27278932, 27278932, 27278932, 27278932, 27278932, 27278932, 27278932, 27278932, 27278932, 27278932, 27278932, 27278932, 27278932, 27278932, 27278932, 27278932, 27278932, 27232760, 27232760, 27232760, 27232760, 27232760, 27232760, 27232760, 27232760, 27232760, 27232760, 27232760, 27232760, 27103283, 27103283, 27103283, 27103283, 27103283, 27103283, 27103283, 27103283, 27103283, 27103283, 27103283, 27103283, 27103283, 27103283, 27061067, 27061067, 27061067, 26759908, 26759908, 26759908, 49097765, 26997779, 458571068, 26726923, 26726923, 26726923, 26726923, 26726923, 26726923, 48859894, 26726923, 26726923, 170271049, 26726923, 26726923, 26726923, 26726923, 26726923, 155514538, 26790979, 26645180, 26645180, 26645180, 26645180, 26645180, 26645180, 26645180, 26645180, 26645180, 26645180, 26645180, 26645180, 26645180, 26645180, 26645180, 26645180, 26645180, 26444528, 191932158, 26454608, 26454608, 26454608, 26454608, 26454608, 26428822, 145806818, 26428822, 26428822, 26428822, 26428822, 230628192, 26729656, 26729656, 26729656, 26729656, 26729656, 26729656, 26729656, 26729656, 26729656]",0,0,0,NPU,0,0,0,0,0,0,1.0,hot,0,0,0,0,1.0,0
0,98,meta-llama/Llama-3.1-8B,11,350,9136063599,68739786285,59603722686,27871796990,27985367820,93545428,"[31000079, 2287594770, 31768005, 258033692, 2525624180, 1372609992, 32042957, 32013892, 32013892, 30906699, 30810577, 3196788106, 31768005, 29983933, 1264741685, 31601225, 31601225, 31601225, 31601225, 31601225, 29482892, 29482892, 2994837611, 31409793, 31409793, 31181400, 31181400, 31181400, 31181400, 31181400, 31181400, 31181400, 259375379, 31000079, 31000079, 31000079, 31000079, 31000079, 31000079, 31000079, 31000079, 31000079, 31000079, 31000079, 31000079, 31000079, 31000079, 31000079, 31000079, 57757903, 30906699, 30906699, 30906699, 30906699, 28871748, 1026027863, 30810577, 30410660, 30410660, 30410660, 30410660, 30410660, 30410660, 30343401, 30343401, 30343401, 30283506, 30283506, 30283506, 30283506, 30093409, 30093409, 30093409, 30093409, 30093409, 30093409, 30093409, 30093409, 30093409, 29482892, 314800498, 29983933, 29983933, 29983933, 29983933, 29983933, 29983933, 29983933, 29983933, 29983933, 29983933, 4824001403, 29482892, 29482892, 29482892, 29482892, 29482892, 29482892, 29482892, 28857449, 28857449, 28863593, 50264528, 127753184, 28871748, 28875556, 28680716, 28680716, 28680716, 28680716, 28680716, 28680716, 28680716, 28680716, 28680716, 28680716, 28680716, 28680716, 28680716, 28501850, 28501850, 28501850, 28501850, 50276491, 28875556, 28875556, 28875556, 28680716, 28680716, 28680716, 28680716, 28680716, 28680716, 28680716, 28501850, 28501850, 28501850, 28501850, 28501850, 28501850, 27511680, 183249568, 28422327, 28422327, 28422327, 28422327, 28422327, 28422327, 28422327, 28422327, 28422327, 26851204, 281113196, 28107904, 50293661, 28193675, 28193675, 28272208, 28272208, 28272208, 28272208, 234639889, 27764953, 27764953, 27764953, 27764953, 27764953, 27764953, 27764953, 27764953, 27764953, 27764953, 27764953, 27684411, 27684411, 27684411, 27685307, 27685307, 27685307, 27685307, 27685307, 27685307, 27685307, 27685307, 27512576, 27512576, 27512576, 27512576, 27512576, 27512576, 27512576, 27512576, 27512576, 27512576, 27512576, 27512576, 27512576, 27512576, 27512576, 27512576, 27512576, 27512576, 27512576, 27512576, 27512576, 27512576, 27278932, 27278932, 27278932, 27278932, 27278932, 27278932, 27278932, 27278932, 27278932, 27278932, 27278932, 27278932, 27278932, 27278932, 27278932, 27278932, 27278932, 27232760, 27232760, 27232760, 27232760, 27232760, 27232760, 27232760, 27232760, 27232760, 27232760, 27232760, 27232760, 27103283, 27103283, 27103283, 27103283, 27103283, 27103283, 27103283, 27103283, 27103283, 27103283, 27103283, 27103283, 27103283, 27103283, 27061067, 27061067, 27061067, 26759908, 26759908, 26759908, 49097765, 26997779, 458571068, 26726923, 26726923, 26726923, 26726923, 26726923, 26726923, 48859894, 26726923, 26726923, 170271049, 26726923, 26726923, 26726923, 26726923, 26726923, 155514538, 26790979, 26645180, 26645180, 26645180, 26645180, 26645180, 26645180, 26645180, 26645180, 26645180, 26645180, 26645180, 26645180, 26645180, 26645180, 26645180, 26645180, 26645180, 26444528, 191932158, 26454608, 26454608, 26454608, 26454608, 26454608, 26428822, 145806818, 26428822, 26428822, 26428822, 26428822, 230628192, 26729656, 26729656, 26729656, 26729656, 26729656, 26729656, 26729656, 26729656, 26729656, 26843454, 26843454, 26843454, 26843454, 26843454, 26843454, 26843454, 26843454, 26843454, 26843454, 26843454, 26843454, 26843454, 26843454, 26843454, 26843454, 26843454, 26843454, 26843454, 26843454, 26843454, 26843454, 26843454]",0,0,0,NPU,0,0,0,0,0,0,1.0,hot,0,0,0,0,1.0,0
0,112,meta-llama/Llama-3.1-8B,97,433,10172414412,69005516875,58833102463,29490741656,29557413553,87390116,"[2525624180, 1372609992, 32042957, 32013892, 32013892, 3258505382, 31768005, 1294725618, 31601225, 31601225, 31601225, 31601225, 31601225, 3053803395, 31409793, 31409793, 31181400, 31181400, 31181400, 31181400, 31181400, 31181400, 31181400, 259375379, 31000079, 31000079, 31000079, 31000079, 31000079, 31000079, 31000079, 31000079, 31000079, 31000079, 31000079, 31000079, 31000079, 31000079, 31000079, 31000079, 57757903, 30906699, 30906699, 30906699, 30906699, 1054899611, 30810577, 30410660, 30410660, 30410660, 30410660, 30410660, 30410660, 30343401, 30343401, 30343401, 30283506, 30283506, 30283506, 30283506, 30093409, 30093409, 30093409, 30093409, 30093409, 30093409, 30093409, 30093409, 30093409, 344283390, 29983933, 29983933, 29983933, 29983933, 29983933, 29983933, 29983933, 29983933, 29983933, 29983933, 4824001403, 29482892, 29482892, 29482892, 29482892, 29482892, 29482892, 29482892, 28857449, 28857449, 28863593, 50264528, 127753184, 28871748, 28875556, 28680716, 28680716, 28680716, 28680716, 28680716, 28680716, 28680716, 28680716, 28680716, 28680716, 28680716, 28680716, 28680716, 28501850, 28501850, 28501850, 28501850, 50276491, 28875556, 28875556, 28875556, 28680716, 28680716, 28680716, 28680716, 28680716, 28680716, 28680716, 28501850, 28501850, 28501850, 28501850, 28501850, 28501850, 210761248, 28422327, 28422327, 28422327, 28422327, 28422327, 28422327, 28422327, 28422327, 28422327, 307964400, 28107904, 50293661, 28193675, 28193675, 28272208, 28272208, 28272208, 28272208, 234639889, 27764953, 27764953, 27764953, 27764953, 27764953, 27764953, 27764953, 27764953, 27764953, 27764953, 27764953, 27684411, 27684411, 27684411, 27685307, 27685307, 27685307, 27685307, 27685307, 27685307, 27685307, 27685307, 27512576, 27512576, 27512576, 27512576, 27512576, 27512576, 27512576, 27512576, 27512576, 27512576, 27512576, 27512576, 27512576, 27512576, 27512576, 27512576, 27512576, 27512576, 27512576, 27512576, 27512576, 27512576, 27278932, 27278932, 27278932, 27278932, 27278932, 27278932, 27278932, 27278932, 27278932, 27278932, 27278932, 27278932, 27278932, 27278932, 27278932, 27278932, 27278932, 27232760, 27232760, 27232760, 27232760, 27232760, 27232760, 27232760, 27232760, 27232760, 27232760, 27232760, 27232760, 27103283, 27103283, 27103283, 27103283, 27103283, 27103283, 27103283, 27103283, 27103283, 27103283, 27103283, 27103283, 27103283, 27103283, 27061067, 27061067, 27061067, 26759908, 26759908, 26759908, 49097765, 26997779, 458571068, 26726923, 26726923, 26726923, 26726923, 26726923, 26726923, 48859894, 26726923, 26726923, 170271049, 26726923, 26726923, 26726923, 26726923, 26726923, 155514538, 26790979, 26645180, 26645180, 26645180, 26645180, 26645180, 26645180, 26645180, 26645180, 26645180, 26645180, 26645180, 26645180, 26645180, 26645180, 26645180, 26645180, 26645180, 26444528, 191932158, 26454608, 26454608, 26454608, 26454608, 26454608, 26428822, 145806818, 26428822, 26428822, 26428822, 26428822, 230628192, 26729656, 26729656, 26729656, 26729656, 26729656, 26729656, 26729656, 26729656, 26729656, 26843454, 26843454, 26843454, 26843454, 26843454, 26843454, 26843454, 26843454, 26843454, 26843454, 26843454, 26843454, 26843454, 26843454, 26843454, 26843454, 26843454, 26843454, 26843454, 26843454, 26843454, 26843454, 26843454, 26573059, 26573059, 26573059, 26573059, 26573059, 26573059, 26573059, 26573059, 26573059, 26573059]",0,0,0,NPU,0,0,0,0,0,0,1.0,hot,0,0,0,0,1.0,0
0,91,meta-llama/Llama-3.1-8B,19,416,8562841027,69768502409,61205661382,27851558740,28142919229,83491773,"[29983933, 29983933, 29983933, 325719364, 31000079, 2287594770, 31768005, 258033692, 29806160, 2495818020, 1372609992, 32042957, 32013892, 32013892, 30906699, 30810577, 3196788106, 31768005, 29983933, 1264741685, 31601225, 31601225, 31601225, 31601225, 31601225, 29482892, 29482892, 2994837611, 31409793, 31409793, 31181400, 31181400, 31181400, 31181400, 31181400, 31181400, 31181400, 259375379, 31000079, 31000079, 31000079, 31000079, 31000079, 31000079, 31000079, 31000079, 31000079, 31000079, 31000079, 31000079, 31000079, 31000079, 31000079, 31000079, 57757903, 30906699, 30906699, 30906699, 30906699, 28871748, 1026027863, 30810577, 30410660, 30410660, 30410660, 30410660, 30410660, 30410660, 30343401, 30343401, 30343401, 30283506, 30283506, 30283506, 30283506, 30093409, 30093409, 30093409, 30093409, 30093409, 30093409, 30093409, 30093409, 30093409, 29482892, 314800498, 29983933, 29983933, 29983933, 29983933, 29983933, 29983933, 29983933, 29983933, 29983933, 29983933, 4824001403, 29482892, 29482892, 29482892, 29482892, 29482892, 29482892, 29482892, 28857449, 28857449, 28863593, 50264528, 127753184, 28871748, 28875556, 28680716, 28680716, 28680716, 28680716, 28680716, 28680716, 28680716, 28680716, 28680716, 28680716, 28680716, 28680716, 28680716, 28501850, 28501850, 28501850, 28501850, 50276491, 28875556, 28875556, 28875556, 28680716, 28680716, 28680716, 28680716, 28680716, 28680716, 28680716, 28501850, 28501850, 28501850, 28501850, 28501850, 28501850, 27511680, 183249568, 28422327, 28422327, 28422327, 28422327, 28422327, 28422327, 28422327, 28422327, 28422327, 26851204, 281113196, 28107904, 50293661, 28193675, 28193675, 28272208, 28272208, 28272208, 28272208, 26520888, 26520888, 26520888, 26520888, 26520888, 26520888, 75514561, 27764953, 27764953, 27764953, 27764953, 27764953, 27764953, 27764953, 27764953, 27764953, 27764953, 27764953, 27684411, 27684411, 27684411, 27685307, 27685307, 27685307, 27685307, 27685307, 27685307, 27685307, 27685307, 27512576, 27512576, 27512576, 27512576, 27512576, 27512576, 27512576, 27512576, 27512576, 27512576, 27512576, 27512576, 27512576, 27512576, 27512576, 27512576, 27512576, 27512576, 27512576, 27512576, 27512576, 27512576, 27278932, 27278932, 27278932, 27278932, 27278932, 27278932, 27278932, 27278932, 27278932, 27278932, 27278932, 27278932, 27278932, 27278932, 27278932, 27278932, 27278932, 27232760, 27232760, 27232760, 27232760, 27232760, 27232760, 27232760, 27232760, 27232760, 27232760, 27232760, 27232760, 27103283, 27103283, 27103283, 27103283, 27103283, 27103283, 27103283, 27103283, 27103283, 27103283, 27103283, 27103283, 27103283, 27103283, 27061067, 27061067, 27061067, 26759908, 26759908, 26759908, 49097765, 26997779, 458571068, 26726923, 26726923, 26726923, 26726923, 26726923, 26726923, 48859894, 26726923, 26726923, 170271049, 26726923, 26726923, 26726923, 26726923, 26726923, 155514538, 26790979, 26645180, 26645180, 26645180, 26645180, 26645180, 26645180, 26645180, 26645180, 26645180, 26645180, 26645180, 26645180, 26645180, 26645180, 26645180, 26645180, 26645180, 26444528, 191932158, 26454608, 26454608, 26454608, 26454608, 26454608, 26428822, 145806818, 26428822, 26428822, 26428822, 26428822, 25487317, 25487317, 25487317, 25487317, 25487317, 25487317, 25487317, 25487317, 26729656, 26729656, 26729656, 26729656, 26729656, 26729656, 26729656, 26729656, 26729656, 26729656, 26843454, 26843454, 26843454, 26843454, 26843454, 26843454, 26843454, 26843454, 26843454, 26843454, 26843454, 26843454, 26843454, 26843454, 26843454, 26843454, 26843454, 26843454, 26843454, 26843454, 26843454, 26843454, 26843454, 26573059, 26573059, 26573059, 26573059, 26573059, 26573059, 26573059, 26573059, 26573059, 26573059, 26309846, 26309846, 26309846, 26309846, 26309846, 26309846, 26309846, 26309846, 26309846, 26309846, 26309846, 26309846, 26309846, 26309846, 26309846, 26309846, 26309846, 26309846, 26309846, 26309846, 26309846, 26309846, 26309846, 26309846, 26309846, 26309846, 26309846, 26309846, 26309846]",0,0,0,NPU,0,0,0,0,0,0,1.0,hot,0,0,0,0,1.0,0
0,62,meta-llama/Llama-3.1-8B,78,846,5912386461,70430095161,64517708700,27079812592,27310845862,48509599,"[27286840, 27286840, 27286840, 201818819, 27286840, 913479001, 26956587, 26956587, 26956587, 26956587, 26956587, 26956587, 26956587, 26956587, 26956587, 26956587, 26790979, 805158788, 26759908, 26759908, 26759908, 26759908, 26759908, 26759908, 26726923, 26726923, 26726923, 26726923, 26726923, 26726923, 26726923, 26726923, 26726923, 26726923, 26726923, 26726923, 26726923, 26428822, 26428822, 595700025, 29983933, 29983933, 29983933, 27512576, 27278932, 26786947, 26786947, 217353962, 31000079, 2287594770, 31768005, 25614678, 26042517, 206376497, 29806160, 26786947, 26097524, 26097524, 26042517, 26042517, 26042517, 2338708474, 25811664, 25884336, 25884336, 1295029656, 32042957, 32013892, 32013892, 30906699, 30810577, 26520888, 25857173, 3144410045, 31768005, 29983933, 26641724, 25892415, 1212207546, 31601225, 31601225, 31601225, 31601225, 31601225, 29482892, 29482892, 25892415, 25892415, 25892415, 25892415, 25892415, 25892415, 25892415, 25892415, 26211925, 26211925, 26211925, 2709062516, 31409793, 31409793, 31181400, 31181400, 31181400, 31181400, 31181400, 31181400, 31181400, 27218200, 27218200, 27218200, 25668423, 25668423, 25668423, 100715510, 31000079, 31000079, 31000079, 31000079, 31000079, 31000079, 31000079, 31000079, 31000079, 31000079, 31000079, 31000079, 31000079, 31000079, 31000079, 31000079, 26851204, 30906699, 30906699, 30906699, 30906699, 30906699, 28871748, 26171806, 25668423, 25668423, 25668423, 25668423, 25668423, 25668423, 25668423, 92391983, 26171806, 26171806, 26171806, 26171806, 26171806, 26171806, 26171806, 26171806, 26171806, 26171806, 26171806, 26171806, 26171806, 26171806, 26171806, 26171806, 26171806, 26171806, 26171806, 26171806, 26171806, 26171806, 26171806, 26171806, 26171806, 26171806, 47318157, 30810577, 30410660, 30410660, 30410660, 30410660, 30410660, 30410660, 30343401, 30343401, 30343401, 30283506, 30283506, 30283506, 30283506, 30093409, 30093409, 30093409, 30093409, 30093409, 30093409, 30093409, 30093409, 30093409, 29482892, 25892415, 25892415, 25892415, 25892415, 25892415, 25892415, 25892415, 25892415, 25892415, 25892415, 25892415, 29983933, 29983933, 29983933, 29983933, 29983933, 29983933, 29983933, 29983933, 29983933, 29983933, 29983933, 26118142, 25732479, 25732479, 25732479, 25732479, 26211925, 96229806, 25465799, 25465799, 25465799, 25465799, 25465799, 25465799, 25465799, 25465799, 25465799, 25465799, 25465799, 25465799, 25465799, 25465799, 25465799, 25465799, 25465799, 25465799, 25465799, 25465799, 25465799, 25465799, 25465799, 25465799, 25668423, 25668423, 25668423, 25668423, 25668423, 25668423, 25668423, 25668423, 25668423, 25859550, 25859550, 25859550, 25859550, 25859550, 25859550, 25859550, 25859550, 25859550, 25859550, 25859550, 25859550, 25859550, 25859550, 25859550, 25859550, 25859550, 25859550, 25859550, 25859550, 25859550, 25859550, 25859550, 25859550, 25859550, 25859550, 25859550, 25859550, 25859550, 25859550, 25859550, 25859550, 25859550, 25859550, 25859550, 25954302, 25954302, 25954302, 25954302, 25954302, 25954302, 25954302, 25954302, 25954302, 25954302, 25954302, 25954302, 25954302, 25954302, 25954302, 25954302, 25954302, 25954302, 25954302, 25954302, 25954302, 25954302, 25954302, 25954302, 25954302, 25954302, 25954302, 25954302, 25954302, 25954302, 25954302, 25954302, 25954302, 25954302, 25954302, 25954302, 25954302, 25954302, 25954302, 25954302, 25954302, 25954302, 25954302, 25954302, 25954302, 25954302, 25954302, 25954302, 25954302, 25491349, 25491349, 25491349, 25491349, 25491349, 25491349, 25491349, 25491349, 25491349, 25491349, 25491349, 25491349, 25491349, 25491349, 25491349, 25491349, 25491349, 25491349, 25491349, 25491349, 25491349, 25491349, 25491349, 25491349, 25491349, 25491349, 25491349, 25491349, 25491349, 25491349, 25491349, 25491349, 25491349, 25491349, 25491349, 25491349, 25491349, 25491349, 25491349, 25491349, 25619925, 25619925, 25619925, 25619925, 25619925, 25619925, 25619925, 25619925, 25619925, 25619925, 25619925, 25619925, 25619925, 25619925, 25619925, 25619925, 25619925, 25619925, 25619925, 47039048, 29482892, 29482892, 29482892, 29482892, 29482892, 29482892, 29482892, 28857449, 28857449, 28863593, 50264528, 25811664, 25811664, 25857173, 50272683, 28871748, 28875556, 28680716, 28680716, 28680716, 28680716, 28680716, 28680716, 28680716, 28680716, 28680716, 28680716, 28680716, 28680716, 28680716, 28501850, 28501850, 28501850, 28501850, 50276491, 28875556, 28875556, 28875556, 28680716, 28680716, 28680716, 28680716, 28680716, 28680716, 28680716, 28501850, 28501850, 28501850, 28501850, 28501850, 28501850, 27511680, 25802576, 25802576, 25802576, 25802576, 25712916, 25904021, 28422327, 28422327, 28422327, 28422327, 28422327, 28422327, 28422327, 28422327, 28422327, 28422327, 26851204, 25637526, 25637526, 25637526, 25637526, 25637526, 25679419, 25679419, 25679419, 25679419, 50207890, 28107904, 50293661, 28193675, 28193675, 28272208, 28272208, 28272208, 28272208, 26520888, 26520888, 26520888, 26520888, 26520888, 26520888, 25649622, 49864939, 27764953, 27764953, 27764953, 27764953, 27764953, 27764953, 27764953, 27764953, 27764953, 27764953, 27764953, 27684411, 27684411, 27684411, 27685307, 27685307, 27685307, 27685307, 27685307, 27685307, 27685307, 27685307, 27512576, 27512576, 27512576, 27512576, 27512576, 27512576, 27512576, 27512576, 27512576, 27512576, 27512576, 27512576, 27512576, 27512576, 27512576, 27512576, 27512576, 27512576, 27512576, 27512576, 27512576, 27512576, 27278932, 27278932, 27278932, 27278932, 27278932, 27278932, 27278932, 27278932, 27278932, 27278932, 27278932, 27278932, 27278932, 27278932, 27278932, 27278932, 27278932, 27232760, 27232760, 27232760, 27232760, 27232760, 27232760, 27232760, 27232760, 27232760, 27232760, 27232760, 27232760, 27103283, 27103283, 27103283, 27103283, 27103283, 27103283, 27103283, 27103283, 27103283, 27103283, 27103283, 27103283, 27103283, 27103283, 27061067, 27061067, 27061067, 26759908, 26759908, 26759908, 49097765, 26997779, 25454110, 25454110, 25454110, 25454110, 25454110, 25679419, 25679419, 25679419, 25679419, 25679419, 25679419, 25679419, 25679419, 25679419, 25679419, 25679419, 48826909, 26726923, 26726923, 26726923, 26726923, 26726923, 26726923, 48859894, 26726923, 26726923, 170271049, 26726923, 26726923, 26726923, 26726923, 26726923, 25763867, 25763867, 25763867, 25763867, 25763867, 26695203, 26790979, 26645180, 26645180, 26645180, 26645180, 26645180, 26645180, 26645180, 26645180, 26645180, 26645180, 26645180, 26645180, 26645180, 26645180, 26645180, 26645180, 26645180, 26444528, 191932158, 26454608, 26454608, 26454608, 26454608, 26454608, 26428822, 145806818, 26428822, 26428822, 26428822, 26428822, 25487317, 25487317, 25487317, 25487317, 25487317, 25487317, 25487317, 25487317, 26729656, 26729656, 26729656, 26729656, 26729656, 26729656, 26729656, 26729656, 26729656, 26729656, 26843454, 26843454, 26843454, 26843454, 26843454, 26843454, 26843454, 26843454, 26843454, 26843454, 26843454, 26843454, 26843454, 26843454, 26843454, 26843454, 26843454, 26843454, 26843454, 26843454, 26843454, 26843454, 26843454, 26573059, 26573059, 26573059, 26573059, 26573059, 26573059, 26573059, 26573059, 26573059, 26573059, 26309846, 26309846, 26309846, 26309846, 26309846, 26309846, 26309846, 26309846, 26309846, 26309846, 26309846, 26309846, 26309846, 26309846, 26309846, 26309846, 26309846, 26309846, 26309846, 26309846, 26309846, 26309846, 26309846, 26309846, 26309846, 26309846, 26309846, 26309846, 26309846, 26467984, 26467984, 26467984, 26467984, 26467984, 26467984, 26467984, 26467984, 26467984, 26467984, 26467984, 26467984, 26467984, 26467984, 26467984, 26467984, 26456112, 26456112, 26456112, 26456112, 26456112, 26456112, 26456112, 26456112, 26456112]",0,0,0,NPU,0,0,0,0,0,0,1.0,hot,0,0,0,0,1.0,0
0,122,meta-llama/Llama-3.1-8B,1,10,11556474447,70854486374,59298011927,58873620714,59084895231,26639587,"[26639587, 26639587, 26639587, 26639587, 26639587, 26639587, 26639587, 26639587]",0,0,0,NPU,0,0,0,0,0,0,1.0,hot,0,0,0,0,1.0,0
0,92,meta-llama/Llama-3.1-8B,19,444,8705880302,70907106066,62201225764,27708519465,27999879954,80663551,"[29983933, 29983933, 29983933, 325719364, 31000079, 2287594770, 31768005, 258033692, 29806160, 2495818020, 1372609992, 32042957, 32013892, 32013892, 30906699, 30810577, 3196788106, 31768005, 29983933, 1264741685, 31601225, 31601225, 31601225, 31601225, 31601225, 29482892, 29482892, 2994837611, 31409793, 31409793, 31181400, 31181400, 31181400, 31181400, 31181400, 31181400, 31181400, 259375379, 31000079, 31000079, 31000079, 31000079, 31000079, 31000079, 31000079, 31000079, 31000079, 31000079, 31000079, 31000079, 31000079, 31000079, 31000079, 31000079, 57757903, 30906699, 30906699, 30906699, 30906699, 28871748, 1026027863, 30810577, 30410660, 30410660, 30410660, 30410660, 30410660, 30410660, 30343401, 30343401, 30343401, 30283506, 30283506, 30283506, 30283506, 30093409, 30093409, 30093409, 30093409, 30093409, 30093409, 30093409, 30093409, 30093409, 29482892, 314800498, 29983933, 29983933, 29983933, 29983933, 29983933, 29983933, 29983933, 29983933, 29983933, 29983933, 4824001403, 29482892, 29482892, 29482892, 29482892, 29482892, 29482892, 29482892, 28857449, 28857449, 28863593, 50264528, 127753184, 28871748, 28875556, 28680716, 28680716, 28680716, 28680716, 28680716, 28680716, 28680716, 28680716, 28680716, 28680716, 28680716, 28680716, 28680716, 28501850, 28501850, 28501850, 28501850, 50276491, 28875556, 28875556, 28875556, 28680716, 28680716, 28680716, 28680716, 28680716, 28680716, 28680716, 28501850, 28501850, 28501850, 28501850, 28501850, 28501850, 27511680, 183249568, 28422327, 28422327, 28422327, 28422327, 28422327, 28422327, 28422327, 28422327, 28422327, 26851204, 281113196, 28107904, 50293661, 28193675, 28193675, 28272208, 28272208, 28272208, 28272208, 26520888, 26520888, 26520888, 26520888, 26520888, 26520888, 75514561, 27764953, 27764953, 27764953, 27764953, 27764953, 27764953, 27764953, 27764953, 27764953, 27764953, 27764953, 27684411, 27684411, 27684411, 27685307, 27685307, 27685307, 27685307, 27685307, 27685307, 27685307, 27685307, 27512576, 27512576, 27512576, 27512576, 27512576, 27512576, 27512576, 27512576, 27512576, 27512576, 27512576, 27512576, 27512576, 27512576, 27512576, 27512576, 27512576, 27512576, 27512576, 27512576, 27512576, 27512576, 27278932, 27278932, 27278932, 27278932, 27278932, 27278932, 27278932, 27278932, 27278932, 27278932, 27278932, 27278932, 27278932, 27278932, 27278932, 27278932, 27278932, 27232760, 27232760, 27232760, 27232760, 27232760, 27232760, 27232760, 27232760, 27232760, 27232760, 27232760, 27232760, 27103283, 27103283, 27103283, 27103283, 27103283, 27103283, 27103283, 27103283, 27103283, 27103283, 27103283, 27103283, 27103283, 27103283, 27061067, 27061067, 27061067, 26759908, 26759908, 26759908, 49097765, 26997779, 458571068, 26726923, 26726923, 26726923, 26726923, 26726923, 26726923, 48859894, 26726923, 26726923, 170271049, 26726923, 26726923, 26726923, 26726923, 26726923, 155514538, 26790979, 26645180, 26645180, 26645180, 26645180, 26645180, 26645180, 26645180, 26645180, 26645180, 26645180, 26645180, 26645180, 26645180, 26645180, 26645180, 26645180, 26645180, 26444528, 191932158, 26454608, 26454608, 26454608, 26454608, 26454608, 26428822, 145806818, 26428822, 26428822, 26428822, 26428822, 230628192, 26729656, 26729656, 26729656, 26729656, 26729656, 26729656, 26729656, 26729656, 26729656, 26843454, 26843454, 26843454, 26843454, 26843454, 26843454, 26843454, 26843454, 26843454, 26843454, 26843454, 26843454, 26843454, 26843454, 26843454, 26843454, 26843454, 26843454, 26843454, 26843454, 26843454, 26843454, 26843454, 26573059, 26573059, 26573059, 26573059, 26573059, 26573059, 26573059, 26573059, 26573059, 26573059, 26309846, 26309846, 26309846, 26309846, 26309846, 26309846, 26309846, 26309846, 26309846, 26309846, 26309846, 26309846, 26309846, 26309846, 26309846, 26309846, 26309846, 26309846, 26309846, 26309846, 26309846, 26309846, 26309846, 26309846, 26309846, 26309846, 26309846, 26309846, 26309846, 26467984, 26467984, 26467984, 26467984, 26467984, 26467984, 26467984, 26467984, 26467984, 26467984, 26467984, 26467984, 26467984, 26467984, 26467984, 26467984, 26456112, 26456112, 26456112, 26456112, 26456112, 26456112, 26456112, 26456112, 26456112, 211274517, 26639587, 26639587, 26639587, 26639587, 26639587, 26639587, 26639587, 26639587, 26309846, 26309846]",0,0,0,NPU,0,0,0,0,0,0,1.0,hot,0,0,0,0,1.0,0
0,90,meta-llama/Llama-3.1-8B,226,742,8437928393,73137695698,64699767305,27976471374,28267831863,70741622,"[29983933, 29983933, 29983933, 325719364, 31000079, 2287594770, 31768005, 258033692, 29806160, 2495818020, 1372609992, 32042957, 32013892, 32013892, 30906699, 30810577, 3196788106, 31768005, 29983933, 1264741685, 31601225, 31601225, 31601225, 31601225, 31601225, 29482892, 29482892, 2994837611, 31409793, 31409793, 31181400, 31181400, 31181400, 31181400, 31181400, 31181400, 31181400, 259375379, 31000079, 31000079, 31000079, 31000079, 31000079, 31000079, 31000079, 31000079, 31000079, 31000079, 31000079, 31000079, 31000079, 31000079, 31000079, 31000079, 57757903, 30906699, 30906699, 30906699, 30906699, 28871748, 1026027863, 30810577, 30410660, 30410660, 30410660, 30410660, 30410660, 30410660, 30343401, 30343401, 30343401, 30283506, 30283506, 30283506, 30283506, 30093409, 30093409, 30093409, 30093409, 30093409, 30093409, 30093409, 30093409, 30093409, 29482892, 314800498, 29983933, 29983933, 29983933, 29983933, 29983933, 29983933, 29983933, 29983933, 29983933, 29983933, 4824001403, 29482892, 29482892, 29482892, 29482892, 29482892, 29482892, 29482892, 28857449, 28857449, 28863593, 50264528, 127753184, 28871748, 28875556, 28680716, 28680716, 28680716, 28680716, 28680716, 28680716, 28680716, 28680716, 28680716, 28680716, 28680716, 28680716, 28680716, 28501850, 28501850, 28501850, 28501850, 50276491, 28875556, 28875556, 28875556, 28680716, 28680716, 28680716, 28680716, 28680716, 28680716, 28680716, 28501850, 28501850, 28501850, 28501850, 28501850, 28501850, 27511680, 183249568, 28422327, 28422327, 28422327, 28422327, 28422327, 28422327, 28422327, 28422327, 28422327, 26851204, 281113196, 28107904, 50293661, 28193675, 28193675, 28272208, 28272208, 28272208, 28272208, 26520888, 26520888, 26520888, 26520888, 26520888, 26520888, 25649622, 49864939, 27764953, 27764953, 27764953, 27764953, 27764953, 27764953, 27764953, 27764953, 27764953, 27764953, 27764953, 27684411, 27684411, 27684411, 27685307, 27685307, 27685307, 27685307, 27685307, 27685307, 27685307, 27685307, 27512576, 27512576, 27512576, 27512576, 27512576, 27512576, 27512576, 27512576, 27512576, 27512576, 27512576, 27512576, 27512576, 27512576, 27512576, 27512576, 27512576, 27512576, 27512576, 27512576, 27512576, 27512576, 27278932, 27278932, 27278932, 27278932, 27278932, 27278932, 27278932, 27278932, 27278932, 27278932, 27278932, 27278932, 27278932, 27278932, 27278932, 27278932, 27278932, 27232760, 27232760, 27232760, 27232760, 27232760, 27232760, 27232760, 27232760, 27232760, 27232760, 27232760, 27232760, 27103283, 27103283, 27103283, 27103283, 27103283, 27103283, 27103283, 27103283, 27103283, 27103283, 27103283, 27103283, 27103283, 27103283, 27061067, 27061067, 27061067, 26759908, 26759908, 26759908, 49097765, 26997779, 458571068, 26726923, 26726923, 26726923, 26726923, 26726923, 26726923, 48859894, 26726923, 26726923, 170271049, 26726923, 26726923, 26726923, 26726923, 26726923, 155514538, 26790979, 26645180, 26645180, 26645180, 26645180, 26645180, 26645180, 26645180, 26645180, 26645180, 26645180, 26645180, 26645180, 26645180, 26645180, 26645180, 26645180, 26645180, 26444528, 191932158, 26454608, 26454608, 26454608, 26454608, 26454608, 26428822, 145806818, 26428822, 26428822, 26428822, 26428822, 25487317, 25487317, 25487317, 25487317, 25487317, 25487317, 25487317, 25487317, 26729656, 26729656, 26729656, 26729656, 26729656, 26729656, 26729656, 26729656, 26729656, 26729656, 26843454, 26843454, 26843454, 26843454, 26843454, 26843454, 26843454, 26843454, 26843454, 26843454, 26843454, 26843454, 26843454, 26843454, 26843454, 26843454, 26843454, 26843454, 26843454, 26843454, 26843454, 26843454, 26843454, 26573059, 26573059, 26573059, 26573059, 26573059, 26573059, 26573059, 26573059, 26573059, 26573059, 26309846, 26309846, 26309846, 26309846, 26309846, 26309846, 26309846, 26309846, 26309846, 26309846, 26309846, 26309846, 26309846, 26309846, 26309846, 26309846, 26309846, 26309846, 26309846, 26309846, 26309846, 26309846, 26309846, 26309846, 26309846, 26309846, 26309846, 26309846, 26309846, 26467984, 26467984, 26467984, 26467984, 26467984, 26467984, 26467984, 26467984, 26467984, 26467984, 26467984, 26467984, 26467984, 26467984, 26467984, 26467984, 26456112, 26456112, 26456112, 26456112, 26456112, 26456112, 26456112, 26456112, 26456112, 211274517, 26639587, 26639587, 26639587, 26639587, 26639587, 26639587, 26639587, 26639587, 26309846, 26309846, 93821943, 26639587, 26639587, 26639587, 26639587, 26639587, 26639587, 26639587, 26639587, 26639587, 26639587, 26639587, 26639587, 26639587, 26639587, 25921863, 25929013, 25929013, 25929013, 26016091, 26016091, 26016091, 26016091, 26016091, 26016091, 26016091, 26016091, 26016091, 51837179, 25892415, 25892415, 25892415, 25892415, 25892415, 25892415, 25892415, 25892415, 25892415, 25892415, 25892415, 25892415, 25892415, 25892415, 25892415, 25892415, 25892415, 25892415, 25892415, 25892415, 25892415, 25892415, 25892415, 25892415, 25892415, 25892415, 25892415, 25892415, 25892415, 25892415, 25892415, 25892415, 25892415, 25892415, 25892415, 25892415, 25892415, 25892415, 25892415, 25892415, 26032767, 26032767, 26032767, 26032767, 26032767, 26032767, 26032767, 26032767, 26032767, 26032767, 26032767, 26032767, 26032767]",0,0,0,NPU,0,0,0,0,0,0,1.0,hot,0,0,0,0,1.0,0
0,111,meta-llama/Llama-3.1-8B,13,490,9906919404,73338094696,63431175292,29442601962,29533106864,71214429,"[31768005, 258033692, 2525624180, 1372609992, 32042957, 32013892, 32013892, 3258505382, 31768005, 1294725618, 31601225, 31601225, 31601225, 31601225, 31601225, 3053803395, 31409793, 31409793, 31181400, 31181400, 31181400, 31181400, 31181400, 31181400, 31181400, 259375379, 31000079, 31000079, 31000079, 31000079, 31000079, 31000079, 31000079, 31000079, 31000079, 31000079, 31000079, 31000079, 31000079, 31000079, 31000079, 31000079, 57757903, 30906699, 30906699, 30906699, 30906699, 1054899611, 30810577, 30410660, 30410660, 30410660, 30410660, 30410660, 30410660, 30343401, 30343401, 30343401, 30283506, 30283506, 30283506, 30283506, 30093409, 30093409, 30093409, 30093409, 30093409, 30093409, 30093409, 30093409, 30093409, 344283390, 29983933, 29983933, 29983933, 29983933, 29983933, 29983933, 29983933, 29983933, 29983933, 29983933, 4824001403, 29482892, 29482892, 29482892, 29482892, 29482892, 29482892, 29482892, 28857449, 28857449, 28863593, 50264528, 127753184, 28871748, 28875556, 28680716, 28680716, 28680716, 28680716, 28680716, 28680716, 28680716, 28680716, 28680716, 28680716, 28680716, 28680716, 28680716, 28501850, 28501850, 28501850, 28501850, 50276491, 28875556, 28875556, 28875556, 28680716, 28680716, 28680716, 28680716, 28680716, 28680716, 28680716, 28501850, 28501850, 28501850, 28501850, 28501850, 28501850, 210761248, 28422327, 28422327, 28422327, 28422327, 28422327, 28422327, 28422327, 28422327, 28422327, 307964400, 28107904, 50293661, 28193675, 28193675, 28272208, 28272208, 28272208, 28272208, 234639889, 27764953, 27764953, 27764953, 27764953, 27764953, 27764953, 27764953, 27764953, 27764953, 27764953, 27764953, 27684411, 27684411, 27684411, 27685307, 27685307, 27685307, 27685307, 27685307, 27685307, 27685307, 27685307, 27512576, 27512576, 27512576, 27512576, 27512576, 27512576, 27512576, 27512576, 27512576, 27512576, 27512576, 27512576, 27512576, 27512576, 27512576, 27512576, 27512576, 27512576, 27512576, 27512576, 27512576, 27512576, 27278932, 27278932, 27278932, 27278932, 27278932, 27278932, 27278932, 27278932, 27278932, 27278932, 27278932, 27278932, 27278932, 27278932, 27278932, 27278932, 27278932, 27232760, 27232760, 27232760, 27232760, 27232760, 27232760, 27232760, 27232760, 27232760, 27232760, 27232760, 27232760, 27103283, 27103283, 27103283, 27103283, 27103283, 27103283, 27103283, 27103283, 27103283, 27103283, 27103283, 27103283, 27103283, 27103283, 27061067, 27061067, 27061067, 26759908, 26759908, 26759908, 49097765, 26997779, 458571068, 26726923, 26726923, 26726923, 26726923, 26726923, 26726923, 48859894, 26726923, 26726923, 170271049, 26726923, 26726923, 26726923, 26726923, 26726923, 155514538, 26790979, 26645180, 26645180, 26645180, 26645180, 26645180, 26645180, 26645180, 26645180, 26645180, 26645180, 26645180, 26645180, 26645180, 26645180, 26645180, 26645180, 26645180, 26444528, 191932158, 26454608, 26454608, 26454608, 26454608, 26454608, 26428822, 145806818, 26428822, 26428822, 26428822, 26428822, 230628192, 26729656, 26729656, 26729656, 26729656, 26729656, 26729656, 26729656, 26729656, 26729656, 26843454, 26843454, 26843454, 26843454, 26843454, 26843454, 26843454, 26843454, 26843454, 26843454, 26843454, 26843454, 26843454, 26843454, 26843454, 26843454, 26843454, 26843454, 26843454, 26843454, 26843454, 26843454, 26843454, 26573059, 26573059, 26573059, 26573059, 26573059, 26573059, 26573059, 26573059, 26573059, 26573059, 26309846, 26309846, 26309846, 26309846, 26309846, 26309846, 26309846, 26309846, 26309846, 26309846, 26309846, 26309846, 26309846, 26309846, 26309846, 26309846, 26309846, 26309846, 26309846, 26309846, 26309846, 26309846, 26309846, 26309846, 26309846, 26309846, 26309846, 26309846, 26309846, 26467984, 26467984, 26467984, 26467984, 26467984, 26467984, 26467984, 26467984, 26467984, 26467984, 26467984, 26467984, 26467984, 26467984, 26467984, 26467984, 26456112, 26456112, 26456112, 26456112, 26456112, 26456112, 26456112, 26456112, 26456112, 211274517, 26639587, 26639587, 26639587, 26639587, 26639587, 26639587, 26639587, 26639587, 26309846, 26309846, 93821943, 26639587, 26639587, 26639587, 26639587, 26639587, 26639587, 26639587, 26639587, 26639587, 26639587, 26639587, 26639587, 26639587, 26639587, 25921863, 363769037, 25892415, 25892415, 25892415, 25892415, 25892415, 25892415, 25892415, 25892415, 25892415, 25892415, 25892415, 25892415, 25892415, 25892415, 25892415, 25892415, 25892415, 25892415, 25892415, 25892415, 25892415, 25892415, 25892415, 25892415, 25892415, 25892415, 25892415, 25892415, 25892415, 25892415, 25892415, 25892415, 25892415, 25892415, 25892415, 25892415, 25892415, 25892415, 25892415, 25892415, 26032767, 26032767, 26032767, 26032767, 26032767, 26032767, 26032767, 26032767, 26032767, 26032767, 26032767, 26032767, 26032767, 120480237, 26639587, 26639587, 26639587]",0,0,0,NPU,0,0,0,0,0,0,1.0,hot,0,0,0,0,1.0,0
0,80,meta-llama/Llama-3.1-8B,11,590,7689823776,74285197120,66595373344,28724575991,29015936480,65016326,"[29983933, 29983933, 29983933, 27512576, 298206788, 31000079, 2287594770, 31768005, 258033692, 29806160, 2495818020, 1372609992, 32042957, 32013892, 32013892, 30906699, 30810577, 3196788106, 31768005, 29983933, 1264741685, 31601225, 31601225, 31601225, 31601225, 31601225, 29482892, 29482892, 2994837611, 31409793, 31409793, 31181400, 31181400, 31181400, 31181400, 31181400, 31181400, 31181400, 27218200, 27218200, 27218200, 177720779, 31000079, 31000079, 31000079, 31000079, 31000079, 31000079, 31000079, 31000079, 31000079, 31000079, 31000079, 31000079, 31000079, 31000079, 31000079, 31000079, 26851204, 30906699, 30906699, 30906699, 30906699, 30906699, 28871748, 1026027863, 30810577, 30410660, 30410660, 30410660, 30410660, 30410660, 30410660, 30343401, 30343401, 30343401, 30283506, 30283506, 30283506, 30283506, 30093409, 30093409, 30093409, 30093409, 30093409, 30093409, 30093409, 30093409, 30093409, 29482892, 314800498, 29983933, 29983933, 29983933, 29983933, 29983933, 29983933, 29983933, 29983933, 29983933, 29983933, 26118142, 4797883261, 29482892, 29482892, 29482892, 29482892, 29482892, 29482892, 29482892, 28857449, 28857449, 28863593, 50264528, 25811664, 25811664, 76129856, 28871748, 28875556, 28680716, 28680716, 28680716, 28680716, 28680716, 28680716, 28680716, 28680716, 28680716, 28680716, 28680716, 28680716, 28680716, 28501850, 28501850, 28501850, 28501850, 50276491, 28875556, 28875556, 28875556, 28680716, 28680716, 28680716, 28680716, 28680716, 28680716, 28680716, 28501850, 28501850, 28501850, 28501850, 28501850, 28501850, 27511680, 25802576, 25802576, 25802576, 25802576, 25712916, 54326348, 28422327, 28422327, 28422327, 28422327, 28422327, 28422327, 28422327, 28422327, 28422327, 26851204, 25637526, 25637526, 25637526, 25637526, 25637526, 152925566, 28107904, 50293661, 28193675, 28193675, 28272208, 28272208, 28272208, 28272208, 26520888, 26520888, 26520888, 26520888, 26520888, 26520888, 25649622, 49864939, 27764953, 27764953, 27764953, 27764953, 27764953, 27764953, 27764953, 27764953, 27764953, 27764953, 27764953, 27684411, 27684411, 27684411, 27685307, 27685307, 27685307, 27685307, 27685307, 27685307, 27685307, 27685307, 27512576, 27512576, 27512576, 27512576, 27512576, 27512576, 27512576, 27512576, 27512576, 27512576, 27512576, 27512576, 27512576, 27512576, 27512576, 27512576, 27512576, 27512576, 27512576, 27512576, 27512576, 27512576, 27278932, 27278932, 27278932, 27278932, 27278932, 27278932, 27278932, 27278932, 27278932, 27278932, 27278932, 27278932, 27278932, 27278932, 27278932, 27278932, 27278932, 27232760, 27232760, 27232760, 27232760, 27232760, 27232760, 27232760, 27232760, 27232760, 27232760, 27232760, 27232760, 27103283, 27103283, 27103283, 27103283, 27103283, 27103283, 27103283, 27103283, 27103283, 27103283, 27103283, 27103283, 27103283, 27103283, 27061067, 27061067, 27061067, 26759908, 26759908, 26759908, 49097765, 26997779, 25454110, 25454110, 25454110, 25454110, 25454110, 331300518, 26726923, 26726923, 26726923, 26726923, 26726923, 26726923, 48859894, 26726923, 26726923, 170271049, 26726923, 26726923, 26726923, 26726923, 26726923, 155514538, 26790979, 26645180, 26645180, 26645180, 26645180, 26645180, 26645180, 26645180, 26645180, 26645180, 26645180, 26645180, 26645180, 26645180, 26645180, 26645180, 26645180, 26645180, 26444528, 191932158, 26454608, 26454608, 26454608, 26454608, 26454608, 26428822, 145806818, 26428822, 26428822, 26428822, 26428822, 25487317, 25487317, 25487317, 25487317, 25487317, 25487317, 25487317, 25487317, 26729656, 26729656, 26729656, 26729656, 26729656, 26729656, 26729656, 26729656, 26729656, 26729656, 26843454, 26843454, 26843454, 26843454, 26843454, 26843454, 26843454, 26843454, 26843454, 26843454, 26843454, 26843454, 26843454, 26843454, 26843454, 26843454, 26843454, 26843454, 26843454, 26843454, 26843454, 26843454, 26843454, 26573059, 26573059, 26573059, 26573059, 26573059, 26573059, 26573059, 26573059, 26573059, 26573059, 26309846, 26309846, 26309846, 26309846, 26309846, 26309846, 26309846, 26309846, 26309846, 26309846, 26309846, 26309846, 26309846, 26309846, 26309846, 26309846, 26309846, 26309846, 26309846, 26309846, 26309846, 26309846, 26309846, 26309846, 26309846, 26309846, 26309846, 26309846, 26309846, 26467984, 26467984, 26467984, 26467984, 26467984, 26467984, 26467984, 26467984, 26467984, 26467984, 26467984, 26467984, 26467984, 26467984, 26467984, 26467984, 26456112, 26456112, 26456112, 26456112, 26456112, 26456112, 26456112, 26456112, 26456112, 211274517, 26639587, 26639587, 26639587, 26639587, 26639587, 26639587, 26639587, 26639587, 26309846, 26309846, 93821943, 26639587, 26639587, 26639587, 26639587, 26639587, 26639587, 26639587, 26639587, 26639587, 26639587, 26639587, 26639587, 26639587, 26639587, 25921863, 25929013, 25929013, 25929013, 26016091, 26016091, 26016091, 26016091, 26016091, 26016091, 26016091, 26016091, 26016091, 51837179, 25892415, 25892415, 25892415, 25892415, 25892415, 25892415, 25892415, 25892415, 25892415, 25892415, 25892415, 25892415, 25892415, 25892415, 25892415, 25892415, 25892415, 25892415, 25892415, 25892415, 25892415, 25892415, 25892415, 25892415, 25892415, 25892415, 25892415, 25892415, 25892415, 25892415, 25892415, 25892415, 25892415, 25892415, 25892415, 25892415, 25892415, 25892415, 25892415, 25892415, 26032767, 26032767, 26032767, 26032767, 26032767, 26032767, 26032767, 26032767, 26032767, 26032767, 26032767, 26032767, 26032767, 120480237, 26639587, 26639587, 26639587, 26309846, 26309846, 26309846, 26309846, 26309846, 26309846, 26309846, 26309846, 26309846, 26309846, 26309846, 26309846, 26309846, 26309846, 26309846, 26309846, 26309846, 26309846, 26309846, 26309846, 26309846, 26309846, 26309846, 26309846, 26309846, 26309846, 26309846, 26309846, 26309846, 26309846, 26309846, 26309846, 26309846, 26292502, 26292502, 26292502]",0,0,0,NPU,0,0,0,0,0,0,1.0,hot,0,0,0,0,1.0,0
0,114,meta-llama/Llama-3.1-8B,946,1244,10437852539,75158248816,64720396277,31593532180,31817599606,110783827,"[1372609992, 32042957, 32013892, 32013892, 3258505382, 31768005, 1294725618, 31601225, 31601225, 31601225, 31601225, 31601225, 3053803395, 31409793, 31409793, 31181400, 31181400, 31181400, 31181400, 31181400, 31181400, 31181400, 8499287784, 722633687, 28875556, 28875556, 28875556, 28680716, 28680716, 28680716, 28680716, 28680716, 28680716, 28680716, 28501850, 28501850, 28501850, 28501850, 28501850, 28501850, 210761248, 28422327, 28422327, 28422327, 28422327, 28422327, 28422327, 28422327, 28422327, 28422327, 386365965, 28193675, 28193675, 28272208, 28272208, 28272208, 28272208, 2830408349, 26997779, 667792500, 26726923, 26726923, 170271049, 26726923, 26726923, 26726923, 26726923, 26726923, 155514538, 26790979, 26645180, 26645180, 26645180, 26645180, 26645180, 26645180, 26645180, 26645180, 26645180, 26645180, 26645180, 26645180, 26645180, 26645180, 26645180, 26645180, 26645180, 26444528, 191932158, 26454608, 26454608, 26454608, 26454608, 26454608, 26428822, 145806818, 26428822, 26428822, 26428822, 26428822, 230628192, 26729656, 26729656, 26729656, 26729656, 26729656, 26729656, 26729656, 26729656, 26729656, 26843454, 26843454, 26843454, 26843454, 26843454, 26843454, 26843454, 26843454, 26843454, 26843454, 26843454, 26843454, 26843454, 26843454, 26843454, 26843454, 26843454, 26843454, 26843454, 26843454, 26843454, 26843454, 26843454, 26573059, 26573059, 26573059, 26573059, 26573059, 26573059, 26573059, 26573059, 26573059, 26573059, 26309846, 26309846, 26309846, 26309846, 26309846, 26309846, 26309846, 26309846, 26309846, 26309846, 26309846, 26309846, 26309846, 26309846, 26309846, 26309846, 26309846, 26309846, 26309846, 26309846, 26309846, 26309846, 26309846, 26309846, 26309846, 26309846, 26309846, 26309846, 26309846, 26467984, 26467984, 26467984, 26467984, 26467984, 26467984, 26467984, 26467984, 26467984, 26467984, 26467984, 26467984, 26467984, 26467984, 26467984, 26467984, 26456112, 26456112, 26456112, 26456112, 26456112, 26456112, 26456112, 26456112, 26456112, 211274517, 26639587, 26639587, 26639587, 26639587, 26639587, 26639587, 26639587, 26639587, 26309846, 26309846, 93821943, 26639587, 26639587, 26639587, 26639587, 26639587, 26639587, 26639587, 26639587, 26639587, 26639587, 26639587, 26639587, 26639587, 26639587, 25921863, 1858371845, 26639587, 26639587, 26639587, 26309846, 26309846, 26309846, 26309846, 26309846, 26309846, 26309846, 26309846, 26309846, 26309846, 26309846, 26309846, 26309846, 26309846, 26309846, 26309846, 26309846, 26309846, 26309846, 26309846, 26309846, 26309846, 26309846, 26309846, 26309846, 26309846, 26309846, 26309846, 26309846, 26309846, 26309846, 26309846, 26309846, 26292502, 26292502, 26292502, 26456112, 26456112, 26456112, 26456112, 26456112, 26456112, 26456112, 26456112, 26456112, 26456112, 26456112, 26456112, 26456112, 26456112, 26456112, 26456112, 26456112, 26456112, 26456112, 26456112, 26456112, 26456112, 26456112, 26456112, 26456112, 26456112, 26456112, 26456112, 26456112, 26456112, 26456112, 26456112, 26456112]",0,0,0,PCIE_NVME,0,807403520,0,807403520,807403520,807403520,1.0,hot,0,0,0,0,1.0,1614807040
0,121,meta-llama/Llama-3.1-8B,8,127,11518201376,75848665847,64330464471,58911893785,59123168302,44129628,"[26639587, 26639587, 26639587, 26639587, 26639587, 26639587, 26639587, 26639587, 26309846, 26309846, 93821943, 26639587, 26639587, 26639587, 26639587, 26639587, 26639587, 26639587, 26639587, 26639587, 26639587, 26639587, 26639587, 26639587, 26639587, 1884293708, 26639587, 26639587, 26639587, 26309846, 26309846, 26309846, 26309846, 26309846, 26309846, 26309846, 26309846, 26309846, 26309846, 26309846, 26309846, 26309846, 26309846, 26309846, 26309846, 26309846, 26309846, 26309846, 26309846, 26309846, 26309846, 26309846, 26309846, 26309846, 26309846, 26309846, 26309846, 26309846, 26309846, 26309846, 26309846, 26309846, 26292502, 26292502, 26292502, 26456112, 26456112, 26456112, 26456112, 26456112, 26456112, 26456112, 26456112, 26456112, 26456112, 26456112, 26456112, 26456112, 26456112, 26456112, 26456112, 26456112, 26456112, 26456112, 26456112, 26456112, 26456112, 26456112, 26456112, 26456112, 26456112, 26456112, 26456112, 26456112, 26456112, 26456112, 26456112, 26456112, 190529957, 26309846, 26309846, 26309846, 26309846, 26309846, 26309846, 26309846, 26309846, 26309846, 26309846, 26309846, 26309846, 26309846, 26309846, 26309846, 26309846, 26309846, 26309846, 26309846]",0,0,0,NPU,0,0,0,0,0,0,1.0,hot,0,0,0,0,1.0,0
0,117,meta-llama/Llama-3.1-8B,879,1146,10826450953,76192595303,65366144350,55256960899,55427231948,37364332,"[26726923, 26726923, 26726923, 26726923, 26726923, 155514538, 26790979, 26645180, 26645180, 26645180, 26645180, 26645180, 26645180, 26645180, 26645180, 26645180, 26645180, 26645180, 26645180, 26645180, 26645180, 26645180, 26645180, 26645180, 26444528, 191932158, 26454608, 26454608, 26454608, 26454608, 26454608, 26428822, 145806818, 26428822, 26428822, 26428822, 26428822, 230628192, 26729656, 26729656, 26729656, 26729656, 26729656, 26729656, 26729656, 26729656, 26729656, 26843454, 26843454, 26843454, 26843454, 26843454, 26843454, 26843454, 26843454, 26843454, 26843454, 26843454, 26843454, 26843454, 26843454, 26843454, 26843454, 26843454, 26843454, 26843454, 26843454, 26843454, 26843454, 26843454, 26573059, 26573059, 26573059, 26573059, 26573059, 26573059, 26573059, 26573059, 26573059, 26573059, 26309846, 26309846, 26309846, 26309846, 26309846, 26309846, 26309846, 26309846, 26309846, 26309846, 26309846, 26309846, 26309846, 26309846, 26309846, 26309846, 26309846, 26309846, 26309846, 26309846, 26309846, 26309846, 26309846, 26309846, 26309846, 26309846, 26309846, 26309846, 26309846, 26467984, 26467984, 26467984, 26467984, 26467984, 26467984, 26467984, 26467984, 26467984, 26467984, 26467984, 26467984, 26467984, 26467984, 26467984, 26467984, 26456112, 26456112, 26456112, 26456112, 26456112, 26456112, 26456112, 26456112, 26456112, 211274517, 26639587, 26639587, 26639587, 26639587, 26639587, 26639587, 26639587, 26639587, 26309846, 26309846, 93821943, 26639587, 26639587, 26639587, 26639587, 26639587, 26639587, 26639587, 26639587, 26639587, 26639587, 26639587, 26639587, 26639587, 26639587, 1884293708, 26639587, 26639587, 26639587, 26309846, 26309846, 26309846, 26309846, 26309846, 26309846, 26309846, 26309846, 26309846, 26309846, 26309846, 26309846, 26309846, 26309846, 26309846, 26309846, 26309846, 26309846, 26309846, 26309846, 26309846, 26309846, 26309846, 26309846, 26309846, 26309846, 26309846, 26309846, 26309846, 26309846, 26309846, 26309846, 26309846, 26292502, 26292502, 26292502, 26456112, 26456112, 26456112, 26456112, 26456112, 26456112, 26456112, 26456112, 26456112, 26456112, 26456112, 26456112, 26456112, 26456112, 26456112, 26456112, 26456112, 26456112, 26456112, 26456112, 26456112, 26456112, 26456112, 26456112, 26456112, 26456112, 26456112, 26456112, 26456112, 26456112, 26456112, 26456112, 26456112, 190529957, 26309846, 26309846, 26309846, 26309846, 26309846, 26309846, 26309846, 26309846, 26309846, 26309846, 26309846, 26309846, 26309846, 26309846, 26309846, 26309846, 26309846, 26309846, 26309846, 26456112, 26456112, 26456112, 26456112, 26456112, 26456112, 26456112, 26456112, 26456112, 26456112, 26456112, 26456112, 26456112]",0,0,0,NPU,0,0,0,0,0,0,1.0,hot,0,0,0,0,1.0,0
0,116,meta-llama/Llama-3.1-8B,15,426,10805801406,78752408590,67946607184,31225583313,31449650739,89016966,"[1372609992, 32042957, 32013892, 32013892, 3258505382, 31768005, 1294725618, 31601225, 31601225, 31601225, 31601225, 31601225, 3053803395, 31409793, 31409793, 31181400, 31181400, 31181400, 31181400, 31181400, 31181400, 31181400, 9221921471, 28875556, 28875556, 28875556, 28680716, 28680716, 28680716, 28680716, 28680716, 28680716, 28680716, 28501850, 28501850, 28501850, 28501850, 28501850, 28501850, 210761248, 28422327, 28422327, 28422327, 28422327, 28422327, 28422327, 28422327, 28422327, 28422327, 386365965, 28193675, 28193675, 28272208, 28272208, 28272208, 28272208, 2830408349, 26997779, 667792500, 26726923, 26726923, 170271049, 26726923, 26726923, 26726923, 26726923, 26726923, 155514538, 26790979, 26645180, 26645180, 26645180, 26645180, 26645180, 26645180, 26645180, 26645180, 26645180, 26645180, 26645180, 26645180, 26645180, 26645180, 26645180, 26645180, 26645180, 26444528, 191932158, 26454608, 26454608, 26454608, 26454608, 26454608, 26428822, 145806818, 26428822, 26428822, 26428822, 26428822, 230628192, 26729656, 26729656, 26729656, 26729656, 26729656, 26729656, 26729656, 26729656, 26729656, 26843454, 26843454, 26843454, 26843454, 26843454, 26843454, 26843454, 26843454, 26843454, 26843454, 26843454, 26843454, 26843454, 26843454, 26843454, 26843454, 26843454, 26843454, 26843454, 26843454, 26843454, 26843454, 26843454, 26573059, 26573059, 26573059, 26573059, 26573059, 26573059, 26573059, 26573059, 26573059, 26573059, 26309846, 26309846, 26309846, 26309846, 26309846, 26309846, 26309846, 26309846, 26309846, 26309846, 26309846, 26309846, 26309846, 26309846, 26309846, 26309846, 26309846, 26309846, 26309846, 26309846, 26309846, 26309846, 26309846, 26309846, 26309846, 26309846, 26309846, 26309846, 26309846, 26467984, 26467984, 26467984, 26467984, 26467984, 26467984, 26467984, 26467984, 26467984, 26467984, 26467984, 26467984, 26467984, 26467984, 26467984, 26467984, 26456112, 26456112, 26456112, 26456112, 26456112, 26456112, 26456112, 26456112, 26456112, 211274517, 26639587, 26639587, 26639587, 26639587, 26639587, 26639587, 26639587, 26639587, 26309846, 26309846, 93821943, 26639587, 26639587, 26639587, 26639587, 26639587, 26639587, 26639587, 26639587, 26639587, 26639587, 26639587, 26639587, 26639587, 26639587, 25921863, 1858371845, 26639587, 26639587, 26639587, 26309846, 26309846, 26309846, 26309846, 26309846, 26309846, 26309846, 26309846, 26309846, 26309846, 26309846, 26309846, 26309846, 26309846, 26309846, 26309846, 26309846, 26309846, 26309846, 26309846, 26309846, 26309846, 26309846, 26309846, 26309846, 26309846, 26309846, 26309846, 26309846, 26309846, 26309846, 26309846, 26309846, 26292502, 26292502, 26292502, 26456112, 26456112, 26456112, 26456112, 26456112, 26456112, 26456112, 26456112, 26456112, 26456112, 26456112, 26456112, 26456112, 26456112, 26456112, 26456112, 26456112, 26456112, 26456112, 26456112, 26456112, 26456112, 26456112, 26456112, 26456112, 26456112, 26456112, 26456112, 26456112, 26456112, 26456112, 26456112, 26456112, 190529957, 26309846, 26309846, 26309846, 26309846, 26309846, 26309846, 26309846, 26309846, 26309846, 26309846, 26309846, 26309846, 26309846, 26309846, 26309846, 26309846, 26309846, 26309846, 26309846, 26456112, 26456112, 26456112, 26456112, 26456112, 26456112, 26456112, 26456112, 26456112, 26456112, 26456112, 26456112, 26456112, 211019358, 26790979, 26790979, 26790979, 26790979, 26790979, 26456112, 290500013, 25892533, 25892533, 25892533, 25892533, 25892533, 25892533, 25892533, 25892533, 25892533, 25892533, 25892533, 25892533, 25892533, 25892533, 25892533, 25892533, 25892533, 25892533, 25892533, 25892533, 25892533, 25892533, 25892533, 25892533, 25892533, 25892533, 25892533, 25892533, 25892533, 25892533, 25892533, 25892533, 25892533, 25892533, 25892533, 25892533, 25892533, 25892533, 25892533, 25892533, 25892533, 25892533, 25892533, 26150133, 26150133, 26150133, 26150133, 26150133, 26150133, 26150133, 26150133, 26150133, 26150133, 26150133, 26150133, 26150133, 26150133, 26150133, 26150133, 26150133, 26150133, 26150133, 26150133, 26150133, 26150133, 26150133, 26150133, 26150133, 26150133, 26150133, 26150133, 26150133, 26150133]",0,0,0,NPU,0,0,0,0,0,0,1.0,hot,0,0,0,0,1.0,0
0,105,meta-llama/Llama-3.1-8B,102,795,9627430486,79253194741,69625764255,29722090880,29812595782,57533480,"[31768005, 258033692, 2525624180, 1372609992, 32042957, 32013892, 32013892, 30906699, 30810577, 3196788106, 31768005, 1294725618, 31601225, 31601225, 31601225, 31601225, 31601225, 3053803395, 31409793, 31409793, 31181400, 31181400, 31181400, 31181400, 31181400, 31181400, 31181400, 259375379, 31000079, 31000079, 31000079, 31000079, 31000079, 31000079, 31000079, 31000079, 31000079, 31000079, 31000079, 31000079, 31000079, 31000079, 31000079, 31000079, 57757903, 30906699, 30906699, 30906699, 30906699, 1054899611, 30810577, 30410660, 30410660, 30410660, 30410660, 30410660, 30410660, 30343401, 30343401, 30343401, 30283506, 30283506, 30283506, 30283506, 30093409, 30093409, 30093409, 30093409, 30093409, 30093409, 30093409, 30093409, 30093409, 29482892, 314800498, 29983933, 29983933, 29983933, 29983933, 29983933, 29983933, 29983933, 29983933, 29983933, 29983933, 4824001403, 29482892, 29482892, 29482892, 29482892, 29482892, 29482892, 29482892, 28857449, 28857449, 28863593, 50264528, 127753184, 28871748, 28875556, 28680716, 28680716, 28680716, 28680716, 28680716, 28680716, 28680716, 28680716, 28680716, 28680716, 28680716, 28680716, 28680716, 28501850, 28501850, 28501850, 28501850, 50276491, 28875556, 28875556, 28875556, 28680716, 28680716, 28680716, 28680716, 28680716, 28680716, 28680716, 28501850, 28501850, 28501850, 28501850, 28501850, 28501850, 27511680, 183249568, 28422327, 28422327, 28422327, 28422327, 28422327, 28422327, 28422327, 28422327, 28422327, 307964400, 28107904, 50293661, 28193675, 28193675, 28272208, 28272208, 28272208, 28272208, 234639889, 27764953, 27764953, 27764953, 27764953, 27764953, 27764953, 27764953, 27764953, 27764953, 27764953, 27764953, 27684411, 27684411, 27684411, 27685307, 27685307, 27685307, 27685307, 27685307, 27685307, 27685307, 27685307, 27512576, 27512576, 27512576, 27512576, 27512576, 27512576, 27512576, 27512576, 27512576, 27512576, 27512576, 27512576, 27512576, 27512576, 27512576, 27512576, 27512576, 27512576, 27512576, 27512576, 27512576, 27512576, 27278932, 27278932, 27278932, 27278932, 27278932, 27278932, 27278932, 27278932, 27278932, 27278932, 27278932, 27278932, 27278932, 27278932, 27278932, 27278932, 27278932, 27232760, 27232760, 27232760, 27232760, 27232760, 27232760, 27232760, 27232760, 27232760, 27232760, 27232760, 27232760, 27103283, 27103283, 27103283, 27103283, 27103283, 27103283, 27103283, 27103283, 27103283, 27103283, 27103283, 27103283, 27103283, 27103283, 27061067, 27061067, 27061067, 26759908, 26759908, 26759908, 49097765, 26997779, 458571068, 26726923, 26726923, 26726923, 26726923, 26726923, 26726923, 48859894, 26726923, 26726923, 170271049, 26726923, 26726923, 26726923, 26726923, 26726923, 155514538, 26790979, 26645180, 26645180, 26645180, 26645180, 26645180, 26645180, 26645180, 26645180, 26645180, 26645180, 26645180, 26645180, 26645180, 26645180, 26645180, 26645180, 26645180, 26444528, 191932158, 26454608, 26454608, 26454608, 26454608, 26454608, 26428822, 145806818, 26428822, 26428822, 26428822, 26428822, 230628192, 26729656, 26729656, 26729656, 26729656, 26729656, 26729656, 26729656, 26729656, 26729656, 26843454, 26843454, 26843454, 26843454, 26843454, 26843454, 26843454, 26843454, 26843454, 26843454, 26843454, 26843454, 26843454, 26843454, 26843454, 26843454, 26843454, 26843454, 26843454, 26843454, 26843454, 26843454, 26843454, 26573059, 26573059, 26573059, 26573059, 26573059, 26573059, 26573059, 26573059, 26573059, 26573059, 26309846, 26309846, 26309846, 26309846, 26309846, 26309846, 26309846, 26309846, 26309846, 26309846, 26309846, 26309846, 26309846, 26309846, 26309846, 26309846, 26309846, 26309846, 26309846, 26309846, 26309846, 26309846, 26309846, 26309846, 26309846, 26309846, 26309846, 26309846, 26309846, 26467984, 26467984, 26467984, 26467984, 26467984, 26467984, 26467984, 26467984, 26467984, 26467984, 26467984, 26467984, 26467984, 26467984, 26467984, 26467984, 26456112, 26456112, 26456112, 26456112, 26456112, 26456112, 26456112, 26456112, 26456112, 211274517, 26639587, 26639587, 26639587, 26639587, 26639587, 26639587, 26639587, 26639587, 26309846, 26309846, 93821943, 26639587, 26639587, 26639587, 26639587, 26639587, 26639587, 26639587, 26639587, 26639587, 26639587, 26639587, 26639587, 26639587, 26639587, 25921863, 25929013, 25929013, 25929013, 285981998, 25892415, 25892415, 25892415, 25892415, 25892415, 25892415, 25892415, 25892415, 25892415, 25892415, 25892415, 25892415, 25892415, 25892415, 25892415, 25892415, 25892415, 25892415, 25892415, 25892415, 25892415, 25892415, 25892415, 25892415, 25892415, 25892415, 25892415, 25892415, 25892415, 25892415, 25892415, 25892415, 25892415, 25892415, 25892415, 25892415, 25892415, 25892415, 25892415, 25892415, 26032767, 26032767, 26032767, 26032767, 26032767, 26032767, 26032767, 26032767, 26032767, 26032767, 26032767, 26032767, 26032767, 120480237, 26639587, 26639587, 26639587, 26309846, 26309846, 26309846, 26309846, 26309846, 26309846, 26309846, 26309846, 26309846, 26309846, 26309846, 26309846, 26309846, 26309846, 26309846, 26309846, 26309846, 26309846, 26309846, 26309846, 26309846, 26309846, 26309846, 26309846, 26309846, 26309846, 26309846, 26309846, 26309846, 26309846, 26309846, 26309846, 26309846, 26292502, 26292502, 26292502, 26456112, 26456112, 26456112, 26456112, 26456112, 26456112, 26456112, 26456112, 26456112, 26456112, 26456112, 26456112, 26456112, 26456112, 26456112, 26456112, 26456112, 26456112, 26456112, 26456112, 26456112, 26456112, 26456112, 26456112, 26456112, 26456112, 26456112, 26456112, 26456112, 26456112, 26456112, 26456112, 26456112, 190529957, 26309846, 26309846, 26309846, 26309846, 26309846, 26309846, 26309846, 26309846, 26309846, 26309846, 26309846, 26309846, 26309846, 26309846, 26309846, 26309846, 26309846, 26309846, 26309846, 26456112, 26456112, 26456112, 26456112, 26456112, 26456112, 26456112, 26456112, 26456112, 26456112, 26456112, 26456112, 26456112, 211019358, 26790979, 26790979, 26790979, 26790979, 26790979, 26456112, 25763867, 25763867, 25763867, 25763867, 25763867, 25763867, 27327454, 27327454, 27327454, 53934449, 25892533, 25892533, 25892533, 25892533, 25892533, 25892533, 25892533, 25892533, 25892533, 25892533, 25892533, 25892533, 25892533, 25892533, 25892533, 25892533, 25892533, 25892533, 25892533, 25892533, 25892533, 25892533, 25892533, 25892533, 25892533, 25892533, 25892533, 25892533, 25892533, 25892533, 25892533, 25892533, 25892533, 25892533, 25892533, 25892533, 25892533, 25892533, 25892533, 25892533, 25892533, 25892533, 25892533, 26150133, 26150133, 26150133, 26150133, 26150133, 26150133, 26150133, 26150133, 26150133, 26150133, 26150133, 26150133, 26150133, 26150133, 26150133, 26150133, 26150133, 26150133, 26150133, 26150133, 26150133, 26150133, 26150133, 26150133, 26150133, 26150133, 26150133, 26150133, 26150133, 26150133, 54748105, 26706189, 26016091, 26016091, 26016091, 26016091, 55106583, 26016091, 26016091, 26016091, 26016091, 26016091, 26016091, 26016091, 26016091, 26016091, 26016091]",0,0,0,NPU,0,0,0,0,0,0,1.0,hot,0,0,0,0,1.0,0
0,119,meta-llama/Llama-3.1-8B,726,1044,11127042283,79308930413,68181888130,56272627358,56418434176,37108687,"[26428822, 26428822, 26428822, 26428822, 230628192, 26729656, 26729656, 26729656, 26729656, 26729656, 26729656, 26729656, 26729656, 26729656, 26843454, 26843454, 26843454, 26843454, 26843454, 26843454, 26843454, 26843454, 26843454, 26843454, 26843454, 26843454, 26843454, 26843454, 26843454, 26843454, 26843454, 26843454, 26843454, 26843454, 26843454, 26843454, 26843454, 26573059, 26573059, 26573059, 26573059, 26573059, 26573059, 26573059, 26573059, 26573059, 26573059, 26309846, 26309846, 26309846, 26309846, 26309846, 26309846, 26309846, 26309846, 26309846, 26309846, 26309846, 26309846, 26309846, 26309846, 26309846, 26309846, 26309846, 26309846, 26309846, 26309846, 26309846, 26309846, 26309846, 26309846, 26309846, 26309846, 26309846, 26309846, 26309846, 26467984, 26467984, 26467984, 26467984, 26467984, 26467984, 26467984, 26467984, 26467984, 26467984, 26467984, 26467984, 26467984, 26467984, 26467984, 26467984, 26456112, 26456112, 26456112, 26456112, 26456112, 26456112, 26456112, 26456112, 26456112, 211274517, 26639587, 26639587, 26639587, 26639587, 26639587, 26639587, 26639587, 26639587, 26309846, 26309846, 93821943, 26639587, 26639587, 26639587, 26639587, 26639587, 26639587, 26639587, 26639587, 26639587, 26639587, 26639587, 26639587, 26639587, 26639587, 1884293708, 26639587, 26639587, 26639587, 26309846, 26309846, 26309846, 26309846, 26309846, 26309846, 26309846, 26309846, 26309846, 26309846, 26309846, 26309846, 26309846, 26309846, 26309846, 26309846, 26309846, 26309846, 26309846, 26309846, 26309846, 26309846, 26309846, 26309846, 26309846, 26309846, 26309846, 26309846, 26309846, 26309846, 26309846, 26309846, 26309846, 26292502, 26292502, 26292502, 26456112, 26456112, 26456112, 26456112, 26456112, 26456112, 26456112, 26456112, 26456112, 26456112, 26456112, 26456112, 26456112, 26456112, 26456112, 26456112, 26456112, 26456112, 26456112, 26456112, 26456112, 26456112, 26456112, 26456112, 26456112, 26456112, 26456112, 26456112, 26456112, 26456112, 26456112, 26456112, 26456112, 190529957, 26309846, 26309846, 26309846, 26309846, 26309846, 26309846, 26309846, 26309846, 26309846, 26309846, 26309846, 26309846, 26309846, 26309846, 26309846, 26309846, 26309846, 26309846, 26309846, 26456112, 26456112, 26456112, 26456112, 26456112, 26456112, 26456112, 26456112, 26456112, 26456112, 26456112, 26456112, 26456112, 211019358, 26790979, 26790979, 26790979, 26790979, 26790979, 26456112, 290500013, 25892533, 25892533, 25892533, 25892533, 25892533, 25892533, 25892533, 25892533, 25892533, 25892533, 25892533, 25892533, 25892533, 25892533, 25892533, 25892533, 25892533, 25892533, 25892533, 25892533, 25892533, 25892533, 25892533, 25892533, 25892533, 25892533, 25892533, 25892533, 25892533, 25892533, 25892533, 25892533, 25892533, 25892533, 25892533, 25892533, 25892533, 25892533, 25892533, 25892533, 25892533, 25892533, 25892533, 26150133, 26150133, 26150133, 26150133, 26150133, 26150133, 26150133, 26150133, 26150133, 26150133, 26150133, 26150133, 26150133, 26150133, 26150133, 26150133, 26150133, 26150133, 26150133, 26150133, 26150133, 26150133, 26150133, 26150133, 26150133, 26150133, 26150133, 26150133, 26150133, 26150133, 54748105, 26706189, 475067529]",0,0,0,NPU,0,0,0,0,0,0,1.0,hot,0,0,0,0,1.0,0
0,126,meta-llama/Llama-3.1-8B,970,1017,11820091078,79586972885,67766881807,63338157738,63528687695,92134654,"[26309846, 26309846, 26309846, 26309846, 26309846, 26309846, 26309846, 26309846, 26309846, 26309846, 26309846, 26309846, 26309846, 26309846, 26309846, 26309846, 26309846, 26309846, 26309846, 26456112, 26456112, 26456112, 26456112, 26456112, 26456112, 26456112, 26456112, 26456112, 26456112, 26456112, 26456112, 26456112, 211019358, 26790979, 26790979, 26790979, 26790979, 26790979, 26456112, 2243131027, 26706189, 475067529, 198106932, 26645180, 26645180, 26645180]",0,0,0,NPU,0,0,0,0,0,0,1.0,hot,0,0,0,0,1.0,0
0,140,meta-llama/Llama-3.1-8B,90,95,13472596508,79907970551,66435374043,66114376377,66327547695,26956587,"[26956587, 26956587, 26956587, 26956587]",0,0,0,NPU,0,0,0,0,0,0,1.0,hot,0,0,0,0,1.0,0
0,115,meta-llama/Llama-3.1-8B,9,503,10643004512,81264793588,70621789076,31388380207,31612447633,79126453,"[1372609992, 32042957, 32013892, 32013892, 3258505382, 31768005, 1294725618, 31601225, 31601225, 31601225, 31601225, 31601225, 3053803395, 31409793, 31409793, 31181400, 31181400, 31181400, 31181400, 31181400, 31181400, 31181400, 9221921471, 28875556, 28875556, 28875556, 28680716, 28680716, 28680716, 28680716, 28680716, 28680716, 28680716, 28501850, 28501850, 28501850, 28501850, 28501850, 28501850, 210761248, 28422327, 28422327, 28422327, 28422327, 28422327, 28422327, 28422327, 28422327, 28422327, 386365965, 28193675, 28193675, 28272208, 28272208, 28272208, 28272208, 2830408349, 26997779, 667792500, 26726923, 26726923, 170271049, 26726923, 26726923, 26726923, 26726923, 26726923, 155514538, 26790979, 26645180, 26645180, 26645180, 26645180, 26645180, 26645180, 26645180, 26645180, 26645180, 26645180, 26645180, 26645180, 26645180, 26645180, 26645180, 26645180, 26645180, 26444528, 191932158, 26454608, 26454608, 26454608, 26454608, 26454608, 26428822, 145806818, 26428822, 26428822, 26428822, 26428822, 230628192, 26729656, 26729656, 26729656, 26729656, 26729656, 26729656, 26729656, 26729656, 26729656, 26843454, 26843454, 26843454, 26843454, 26843454, 26843454, 26843454, 26843454, 26843454, 26843454, 26843454, 26843454, 26843454, 26843454, 26843454, 26843454, 26843454, 26843454, 26843454, 26843454, 26843454, 26843454, 26843454, 26573059, 26573059, 26573059, 26573059, 26573059, 26573059, 26573059, 26573059, 26573059, 26573059, 26309846, 26309846, 26309846, 26309846, 26309846, 26309846, 26309846, 26309846, 26309846, 26309846, 26309846, 26309846, 26309846, 26309846, 26309846, 26309846, 26309846, 26309846, 26309846, 26309846, 26309846, 26309846, 26309846, 26309846, 26309846, 26309846, 26309846, 26309846, 26309846, 26467984, 26467984, 26467984, 26467984, 26467984, 26467984, 26467984, 26467984, 26467984, 26467984, 26467984, 26467984, 26467984, 26467984, 26467984, 26467984, 26456112, 26456112, 26456112, 26456112, 26456112, 26456112, 26456112, 26456112, 26456112, 211274517, 26639587, 26639587, 26639587, 26639587, 26639587, 26639587, 26639587, 26639587, 26309846, 26309846, 93821943, 26639587, 26639587, 26639587, 26639587, 26639587, 26639587, 26639587, 26639587, 26639587, 26639587, 26639587, 26639587, 26639587, 26639587, 25921863, 1858371845, 26639587, 26639587, 26639587, 26309846, 26309846, 26309846, 26309846, 26309846, 26309846, 26309846, 26309846, 26309846, 26309846, 26309846, 26309846, 26309846, 26309846, 26309846, 26309846, 26309846, 26309846, 26309846, 26309846, 26309846, 26309846, 26309846, 26309846, 26309846, 26309846, 26309846, 26309846, 26309846, 26309846, 26309846, 26309846, 26309846, 26292502, 26292502, 26292502, 26456112, 26456112, 26456112, 26456112, 26456112, 26456112, 26456112, 26456112, 26456112, 26456112, 26456112, 26456112, 26456112, 26456112, 26456112, 26456112, 26456112, 26456112, 26456112, 26456112, 26456112, 26456112, 26456112, 26456112, 26456112, 26456112, 26456112, 26456112, 26456112, 26456112, 26456112, 26456112, 26456112, 190529957, 26309846, 26309846, 26309846, 26309846, 26309846, 26309846, 26309846, 26309846, 26309846, 26309846, 26309846, 26309846, 26309846, 26309846, 26309846, 26309846, 26309846, 26309846, 26309846, 26456112, 26456112, 26456112, 26456112, 26456112, 26456112, 26456112, 26456112, 26456112, 26456112, 26456112, 26456112, 26456112, 211019358, 26790979, 26790979, 26790979, 26790979, 26790979, 26456112, 25763867, 25763867, 25763867, 25763867, 25763867, 25763867, 135916811, 25892533, 25892533, 25892533, 25892533, 25892533, 25892533, 25892533, 25892533, 25892533, 25892533, 25892533, 25892533, 25892533, 25892533, 25892533, 25892533, 25892533, 25892533, 25892533, 25892533, 25892533, 25892533, 25892533, 25892533, 25892533, 25892533, 25892533, 25892533, 25892533, 25892533, 25892533, 25892533, 25892533, 25892533, 25892533, 25892533, 25892533, 25892533, 25892533, 25892533, 25892533, 25892533, 25892533, 26150133, 26150133, 26150133, 26150133, 26150133, 26150133, 26150133, 26150133, 26150133, 26150133, 26150133, 26150133, 26150133, 26150133, 26150133, 26150133, 26150133, 26150133, 26150133, 26150133, 26150133, 26150133, 26150133, 26150133, 26150133, 26150133, 26150133, 26150133, 26150133, 26150133, 54748105, 26706189, 26016091, 26016091, 26016091, 26016091, 55106583, 26016091, 26016091, 26016091, 26016091, 26016091, 26016091, 26016091, 26016091, 26016091, 26016091, 55735672, 198106932, 26645180, 26645180, 26645180, 213171318, 26956587, 26956587, 26956587, 26956587, 26759908, 26759908, 26759908, 26759908, 26759908, 26759908, 26759908, 26759908, 26759908, 26759908, 26759908, 26759908, 26759908, 26759908, 26759908, 26759908, 26759908, 26759908, 26759908, 26759908, 26887103, 26887103, 26359326, 26359326, 26359326, 26359326, 26359326, 56148869, 26359326, 26359326, 26359326, 26359326, 26359326, 26359326, 26359326, 26359326, 26359326, 26359326, 26359326, 26359326, 26359326, 26359326, 26359326, 26359326, 26359326, 26359326, 26359326, 26359326, 26359326, 26359326]",0,0,0,NPU,0,0,0,0,0,0,1.0,hot,0,0,0,0,1.0,0
0,131,meta-llama/Llama-3.1-8B,64,103,12168554895,81321310054,69152755159,64024040408,64235059766,129413036,"[26790979, 26790979, 26790979, 26790979, 26790979, 2269587139, 26706189, 475067529, 198106932, 26645180, 26645180, 26645180, 213171318, 26956587, 26956587, 26956587, 26956587, 26759908, 26759908, 26759908, 26759908, 26759908, 26759908, 26759908, 26759908, 26759908, 26759908, 26759908, 26759908, 26759908, 26759908, 26759908, 26759908, 26759908, 26759908, 26759908, 26759908, 878141343]",0,0,0,NPU,0,0,0,0,0,0,1.0,hot,0,0,0,0,1.0,0
0,118,meta-llama/Llama-3.1-8B,1004,1369,11049532293,81534871678,70485339385,55999503328,56191435486,39268966,"[26454608, 26454608, 26454608, 26454608, 26454608, 26428822, 145806818, 26428822, 26428822, 26428822, 26428822, 230628192, 26729656, 26729656, 26729656, 26729656, 26729656, 26729656, 26729656, 26729656, 26729656, 26843454, 26843454, 26843454, 26843454, 26843454, 26843454, 26843454, 26843454, 26843454, 26843454, 26843454, 26843454, 26843454, 26843454, 26843454, 26843454, 26843454, 26843454, 26843454, 26843454, 26843454, 26843454, 26843454, 26573059, 26573059, 26573059, 26573059, 26573059, 26573059, 26573059, 26573059, 26573059, 26573059, 26309846, 26309846, 26309846, 26309846, 26309846, 26309846, 26309846, 26309846, 26309846, 26309846, 26309846, 26309846, 26309846, 26309846, 26309846, 26309846, 26309846, 26309846, 26309846, 26309846, 26309846, 26309846, 26309846, 26309846, 26309846, 26309846, 26309846, 26309846, 26309846, 26467984, 26467984, 26467984, 26467984, 26467984, 26467984, 26467984, 26467984, 26467984, 26467984, 26467984, 26467984, 26467984, 26467984, 26467984, 26467984, 26456112, 26456112, 26456112, 26456112, 26456112, 26456112, 26456112, 26456112, 26456112, 211274517, 26639587, 26639587, 26639587, 26639587, 26639587, 26639587, 26639587, 26639587, 26309846, 26309846, 93821943, 26639587, 26639587, 26639587, 26639587, 26639587, 26639587, 26639587, 26639587, 26639587, 26639587, 26639587, 26639587, 26639587, 26639587, 1884293708, 26639587, 26639587, 26639587, 26309846, 26309846, 26309846, 26309846, 26309846, 26309846, 26309846, 26309846, 26309846, 26309846, 26309846, 26309846, 26309846, 26309846, 26309846, 26309846, 26309846, 26309846, 26309846, 26309846, 26309846, 26309846, 26309846, 26309846, 26309846, 26309846, 26309846, 26309846, 26309846, 26309846, 26309846, 26309846, 26309846, 26292502, 26292502, 26292502, 26456112, 26456112, 26456112, 26456112, 26456112, 26456112, 26456112, 26456112, 26456112, 26456112, 26456112, 26456112, 26456112, 26456112, 26456112, 26456112, 26456112, 26456112, 26456112, 26456112, 26456112, 26456112, 26456112, 26456112, 26456112, 26456112, 26456112, 26456112, 26456112, 26456112, 26456112, 26456112, 26456112, 190529957, 26309846, 26309846, 26309846, 26309846, 26309846, 26309846, 26309846, 26309846, 26309846, 26309846, 26309846, 26309846, 26309846, 26309846, 26309846, 26309846, 26309846, 26309846, 26309846, 26456112, 26456112, 26456112, 26456112, 26456112, 26456112, 26456112, 26456112, 26456112, 26456112, 26456112, 26456112, 26456112, 211019358, 26790979, 26790979, 26790979, 26790979, 26790979, 26456112, 290500013, 25892533, 25892533, 25892533, 25892533, 25892533, 25892533, 25892533, 25892533, 25892533, 25892533, 25892533, 25892533, 25892533, 25892533, 25892533, 25892533, 25892533, 25892533, 25892533, 25892533, 25892533, 25892533, 25892533, 25892533, 25892533, 25892533, 25892533, 25892533, 25892533, 25892533, 25892533, 25892533, 25892533, 25892533, 25892533, 25892533, 25892533, 25892533, 25892533, 25892533, 25892533, 25892533, 25892533, 26150133, 26150133, 26150133, 26150133, 26150133, 26150133, 26150133, 26150133, 26150133, 26150133, 26150133, 26150133, 26150133, 26150133, 26150133, 26150133, 26150133, 26150133, 26150133, 26150133, 26150133, 26150133, 26150133, 26150133, 26150133, 26150133, 26150133, 26150133, 26150133, 26150133, 54748105, 26706189, 475067529, 198106932, 26645180, 26645180, 26645180, 213171318, 26956587, 26956587, 26956587, 26956587, 26759908, 26759908, 26759908, 26759908, 26759908, 26759908, 26759908, 26759908, 26759908, 26759908, 26759908, 26759908, 26759908, 26759908, 26759908, 26759908, 26759908, 26759908, 26759908, 26759908, 26887103, 26887103, 824367137, 26695203, 26695203, 26695203, 26695203, 26695203, 26695203, 26695203, 26695203]",0,0,0,PCIE_NVME,0,352321536,0,352321536,352321536,352321536,1.0,hot,0,0,0,0,1.0,704643072
0,135,meta-llama/Llama-3.1-8B,17,65,12547864283,81730847797,69182983514,63644731020,63855750378,113345385,"[26790979, 26790979, 26790979, 26790979, 26790979, 2269587139, 26706189, 475067529, 198106932, 26645180, 26645180, 26645180, 213171318, 26956587, 26956587, 26956587, 26956587, 26759908, 26759908, 26759908, 26759908, 26759908, 26759908, 26759908, 26759908, 26759908, 26759908, 26759908, 26759908, 26759908, 26759908, 26759908, 26759908, 26759908, 26759908, 26759908, 26759908, 878141343, 26695203, 26695203, 26695203, 26695203, 26695203, 26695203, 26695203, 26695203, 195976119]",0,0,0,NPU,0,0,0,0,0,0,1.0,hot,0,0,0,0,1.0,0
0,143,meta-llama/Llama-3.1-8B,81,154,13606161610,82746797927,69140636317,65980811275,66193982593,40925746,"[26956587, 26956587, 26956587, 26956587, 26759908, 26759908, 26759908, 26759908, 26759908, 26759908, 26759908, 26759908, 26759908, 26759908, 26759908, 26759908, 26759908, 26759908, 26759908, 26759908, 26759908, 26759908, 26759908, 26759908, 878141343, 26695203, 26695203, 26695203, 26695203, 26695203, 26695203, 26695203, 26695203, 195976119, 26695203, 26695203, 26695203, 26695203, 26695203, 26695203, 26695203, 26695203, 26695203, 26695203, 26695203, 26695203, 26695203, 26695203, 26695203, 26695203, 26695203, 26695203, 26695203, 26695203, 26695203, 26695203, 26790979, 26790979, 26790979, 26790979, 26790979, 26790979, 26790979, 26790979, 26790979, 26790979, 26790979, 26790979, 26790979, 26790979, 26790979, 26790979]",0,0,0,NPU,0,0,0,0,0,0,1.0,hot,0,0,0,0,1.0,0
0,124,meta-llama/Llama-3.1-8B,48,258,11594002337,82800210305,71206207968,59313103729,59406925672,56455896,"[26639587, 26639587, 26639587, 26639587, 26639587, 26639587, 26639587, 26639587, 26639587, 26639587, 26639587, 26639587, 26639587, 26639587, 1884293708, 26639587, 26639587, 26639587, 26309846, 26309846, 26309846, 26309846, 26309846, 26309846, 26309846, 26309846, 26309846, 26309846, 26309846, 26309846, 26309846, 26309846, 26309846, 26309846, 26309846, 26309846, 26309846, 26309846, 26309846, 26309846, 26309846, 26309846, 26309846, 26309846, 26309846, 26309846, 26309846, 26309846, 26309846, 26309846, 26309846, 26292502, 26292502, 26292502, 26456112, 26456112, 26456112, 26456112, 26456112, 26456112, 26456112, 26456112, 26456112, 26456112, 26456112, 26456112, 26456112, 26456112, 26456112, 26456112, 26456112, 26456112, 26456112, 26456112, 26456112, 26456112, 26456112, 26456112, 26456112, 26456112, 26456112, 26456112, 26456112, 26456112, 26456112, 26456112, 26456112, 190529957, 26309846, 26309846, 26309846, 26309846, 26309846, 26309846, 26309846, 26309846, 26309846, 26309846, 26309846, 26309846, 26309846, 26309846, 26309846, 26309846, 26309846, 26309846, 26309846, 26456112, 26456112, 26456112, 26456112, 26456112, 26456112, 26456112, 26456112, 26456112, 26456112, 26456112, 26456112, 26456112, 211019358, 26790979, 26790979, 26790979, 26790979, 26790979, 26456112, 2243131027, 26706189, 475067529, 198106932, 26645180, 26645180, 26645180, 213171318, 26956587, 26956587, 26956587, 26956587, 26759908, 26759908, 26759908, 26759908, 26759908, 26759908, 26759908, 26759908, 26759908, 26759908, 26759908, 26759908, 26759908, 26759908, 26759908, 26759908, 26759908, 26759908, 26759908, 26759908, 878141343, 26695203, 26695203, 26695203, 26695203, 26695203, 26695203, 26695203, 26695203, 195976119, 26695203, 26695203, 26695203, 26695203, 26695203, 26695203, 26695203, 26695203, 26695203, 26695203, 26695203, 26695203, 26695203, 26695203, 26695203, 26695203, 26695203, 26695203, 26695203, 26695203, 26695203, 26695203, 26790979, 26790979, 26790979, 26790979, 26790979, 26790979, 26790979, 26790979, 26790979, 26790979, 26790979, 26790979, 26790979, 26790979, 26790979, 26790979, 26706189, 26706189]",0,0,0,NPU,0,0,0,0,0,0,1.0,hot,0,0,0,0,1.0,0
0,127,meta-llama/Llama-3.1-8B,12,168,12017225575,84158570335,72141344760,63141023241,63331553198,56837364,"[26309846, 26309846, 26309846, 26309846, 26309846, 26309846, 26309846, 26309846, 26309846, 26309846, 26309846, 26309846, 26309846, 26309846, 26309846, 26309846, 26309846, 26309846, 26309846, 26456112, 26456112, 26456112, 26456112, 26456112, 26456112, 26456112, 26456112, 26456112, 26456112, 26456112, 26456112, 26456112, 211019358, 26790979, 26790979, 26790979, 26790979, 26790979, 26456112, 2243131027, 26706189, 475067529, 198106932, 26645180, 26645180, 26645180, 213171318, 26956587, 26956587, 26956587, 26956587, 26759908, 26759908, 26759908, 26759908, 26759908, 26759908, 26759908, 26759908, 26759908, 26759908, 26759908, 26759908, 26759908, 26759908, 26759908, 26759908, 26759908, 26759908, 26759908, 26759908, 878141343, 26695203, 26695203, 26695203, 26695203, 26695203, 26695203, 26695203, 26695203, 195976119, 26695203, 26695203, 26695203, 26695203, 26695203, 26695203, 26695203, 26695203, 26695203, 26695203, 26695203, 26695203, 26695203, 26695203, 26695203, 26695203, 26695203, 26695203, 26695203, 26695203, 26695203, 26695203, 26790979, 26790979, 26790979, 26790979, 26790979, 26790979, 26790979, 26790979, 26790979, 26790979, 26790979, 26790979, 26790979, 26790979, 26790979, 26790979, 26706189, 26706189, 26645180, 26645180, 26645180, 26645180, 26645180, 26645180, 26645180, 26645180, 26645180, 26645180, 26645180, 26645180, 26645180, 26645180, 26645180, 26645180, 26645180, 26294878, 26294878, 26294878, 26294878, 482633130, 26464944, 26464944, 26464944, 26464944, 26464944, 26464944, 26464944, 26464944, 26464944, 26464944, 26464944, 26464944]",0,0,0,NPU,0,0,0,0,0,0,1.0,hot,0,0,0,0,1.0,0
0,133,meta-llama/Llama-3.1-8B,26,148,12222513791,84264255703,72041741912,63970081512,64181100870,64963975,"[26790979, 26790979, 26790979, 26790979, 26790979, 2269587139, 26706189, 475067529, 198106932, 26645180, 26645180, 26645180, 213171318, 26956587, 26956587, 26956587, 26956587, 26759908, 26759908, 26759908, 26759908, 26759908, 26759908, 26759908, 26759908, 26759908, 26759908, 26759908, 26759908, 26759908, 26759908, 26759908, 26759908, 26759908, 26759908, 26759908, 26759908, 878141343, 26695203, 26695203, 26695203, 26695203, 26695203, 26695203, 26695203, 26695203, 195976119, 26695203, 26695203, 26695203, 26695203, 26695203, 26695203, 26695203, 26695203, 26695203, 26695203, 26695203, 26695203, 26695203, 26695203, 26695203, 26695203, 26695203, 26695203, 26695203, 26695203, 26695203, 26695203, 26790979, 26790979, 26790979, 26790979, 26790979, 26790979, 26790979, 26790979, 26790979, 26790979, 26790979, 26790979, 26790979, 26790979, 26790979, 26790979, 26706189, 26706189, 26645180, 26645180, 26645180, 26645180, 26645180, 26645180, 26645180, 26645180, 26645180, 26645180, 26645180, 26645180, 26645180, 26645180, 26645180, 26645180, 26645180, 587812642, 26464944, 26464944, 26464944, 26464944, 26464944, 26464944, 26464944, 26464944, 26464944, 26464944, 26464944, 26464944, 26421342, 26421342, 26421342, 26421342]",0,0,0,NPU,0,0,0,0,0,0,1.0,hot,0,0,0,0,1.0,0
0,125,meta-llama/Llama-3.1-8B,412,733,11649708106,86787289175,75137581069,61487987592,61608467829,42278478,"[26639587, 26639587, 26639587, 26309846, 26309846, 26309846, 26309846, 26309846, 26309846, 26309846, 26309846, 26309846, 26309846, 26309846, 26309846, 26309846, 26309846, 26309846, 26309846, 26309846, 26309846, 26309846, 26309846, 26309846, 26309846, 26309846, 26309846, 26309846, 26309846, 26309846, 26309846, 26309846, 26309846, 26309846, 26309846, 26309846, 26292502, 26292502, 26292502, 26456112, 26456112, 26456112, 26456112, 26456112, 26456112, 26456112, 26456112, 26456112, 26456112, 26456112, 26456112, 26456112, 26456112, 26456112, 26456112, 26456112, 26456112, 26456112, 26456112, 26456112, 26456112, 26456112, 26456112, 26456112, 26456112, 26456112, 26456112, 26456112, 26456112, 26456112, 26456112, 26456112, 190529957, 26309846, 26309846, 26309846, 26309846, 26309846, 26309846, 26309846, 26309846, 26309846, 26309846, 26309846, 26309846, 26309846, 26309846, 26309846, 26309846, 26309846, 26309846, 26309846, 26456112, 26456112, 26456112, 26456112, 26456112, 26456112, 26456112, 26456112, 26456112, 26456112, 26456112, 26456112, 26456112, 211019358, 26790979, 26790979, 26790979, 26790979, 26790979, 26456112, 2243131027, 26706189, 475067529, 198106932, 26645180, 26645180, 26645180, 213171318, 26956587, 26956587, 26956587, 26956587, 26759908, 26759908, 26759908, 26759908, 26759908, 26759908, 26759908, 26759908, 26759908, 26759908, 26759908, 26759908, 26759908, 26759908, 26759908, 26759908, 26759908, 26759908, 26759908, 26759908, 878141343, 26695203, 26695203, 26695203, 26695203, 26695203, 26695203, 26695203, 26695203, 195976119, 26695203, 26695203, 26695203, 26695203, 26695203, 26695203, 26695203, 26695203, 26695203, 26695203, 26695203, 26695203, 26695203, 26695203, 26695203, 26695203, 26695203, 26695203, 26695203, 26695203, 26695203, 26695203, 26790979, 26790979, 26790979, 26790979, 26790979, 26790979, 26790979, 26790979, 26790979, 26790979, 26790979, 26790979, 26790979, 26790979, 26790979, 26790979, 26706189, 26706189, 26645180, 26645180, 26645180, 26645180, 26645180, 26645180, 26645180, 26645180, 26645180, 26645180, 26645180, 26645180, 26645180, 26645180, 26645180, 26645180, 26645180, 26294878, 26294878, 26294878, 26294878, 482633130, 26464944, 26464944, 26464944, 26464944, 26464944, 26464944, 26464944, 26464944, 26464944, 26464944, 26464944, 26464944, 26421342, 26421342, 26421342, 26421342, 51674536, 26428822, 26428822, 26428822, 26637795, 26637795, 26637795, 25846330, 26887103, 26887103, 26887103, 221745478, 26125428, 26125428, 26125428, 26125428, 26125428, 26125428, 26125428, 26125428, 26125428, 26125428, 26125428, 26125428, 26125428, 26125428, 26125428, 26125428, 26125428, 26125428, 26125428, 26125428, 26125428, 26125428, 26125428, 26125428, 26125428, 26125428, 26125428, 26125428, 26125428, 26125428, 26125428, 26125428, 26125428, 26125428, 26125428, 26125428, 26125428, 26125428, 26125428, 26125428, 26125428, 26125428, 26077588, 26077588, 26077588, 26077588, 26077588, 26077588, 26077588, 26077588, 26077588, 26077588, 26077588, 26077588, 26077588, 26077588, 26077588, 26077588, 26077588, 26077588, 26077588, 26077588, 26077588, 26077588, 26077588, 26077588, 26077588, 26077588, 26077588, 26077588, 26077588, 26077588, 26077588, 26077588, 26077588, 26077588]",0,0,0,NPU,0,0,0,0,0,0,1.0,hot,0,0,0,0,1.0,0
0,130,meta-llama/Llama-3.1-8B,7,234,12143438162,87304366175,75160928013,64049157141,64260176499,48233413,"[26790979, 26790979, 26790979, 26790979, 26790979, 2269587139, 26706189, 475067529, 198106932, 26645180, 26645180, 26645180, 213171318, 26956587, 26956587, 26956587, 26956587, 26759908, 26759908, 26759908, 26759908, 26759908, 26759908, 26759908, 26759908, 26759908, 26759908, 26759908, 26759908, 26759908, 26759908, 26759908, 26759908, 26759908, 26759908, 26759908, 26759908, 878141343, 26695203, 26695203, 26695203, 26695203, 26695203, 26695203, 26695203, 26695203, 195976119, 26695203, 26695203, 26695203, 26695203, 26695203, 26695203, 26695203, 26695203, 26695203, 26695203, 26695203, 26695203, 26695203, 26695203, 26695203, 26695203, 26695203, 26695203, 26695203, 26695203, 26695203, 26695203, 26790979, 26790979, 26790979, 26790979, 26790979, 26790979, 26790979, 26790979, 26790979, 26790979, 26790979, 26790979, 26790979, 26790979, 26790979, 26790979, 26706189, 26706189, 26645180, 26645180, 26645180, 26645180, 26645180, 26645180, 26645180, 26645180, 26645180, 26645180, 26645180, 26645180, 26645180, 26645180, 26645180, 26645180, 26645180, 587812642, 26464944, 26464944, 26464944, 26464944, 26464944, 26464944, 26464944, 26464944, 26464944, 26464944, 26464944, 26464944, 26421342, 26421342, 26421342, 26421342, 51674536, 26428822, 26428822, 26428822, 26637795, 26637795, 26637795, 25846330, 302406787, 26125428, 26125428, 26125428, 26125428, 26125428, 26125428, 26125428, 26125428, 26125428, 26125428, 26125428, 26125428, 26125428, 26125428, 26125428, 26125428, 26125428, 26125428, 26125428, 26125428, 26125428, 26125428, 26125428, 26125428, 26125428, 26125428, 26125428, 26125428, 26125428, 26125428, 26125428, 26125428, 26125428, 26125428, 26125428, 26125428, 26125428, 26125428, 26125428, 26125428, 26125428, 26125428, 26077588, 26077588, 26077588, 26077588, 26077588, 26077588, 26077588, 26077588, 26077588, 26077588, 26077588, 26077588, 26077588, 26077588, 26077588, 26077588, 26077588, 26077588, 26077588, 26077588, 26077588, 26077588, 26077588, 26077588, 26077588, 26077588, 26077588, 26077588, 26077588, 26077588, 26077588, 26077588, 26077588, 26077588, 25853850, 25853850, 25853850, 25853850, 25853850, 25853850, 25853850, 25853850, 25853850, 25853850, 25853850, 25853850, 25853850, 25853850, 25853850, 25853850, 25853850, 25853850, 25853850, 25853850]",0,0,0,NPU,0,0,0,0,0,0,1.0,hot,0,0,0,0,1.0,0
0,120,meta-llama/Llama-3.1-8B,1136,1573,11291777112,88680714915,77388937803,59138318049,59349592566,41374645,"[26639587, 26639587, 26639587, 26639587, 26639587, 26639587, 26639587, 26639587, 26309846, 26309846, 93821943, 26639587, 26639587, 26639587, 26639587, 26639587, 26639587, 26639587, 26639587, 26639587, 26639587, 26639587, 26639587, 26639587, 26639587, 1884293708, 26639587, 26639587, 26639587, 26309846, 26309846, 26309846, 26309846, 26309846, 26309846, 26309846, 26309846, 26309846, 26309846, 26309846, 26309846, 26309846, 26309846, 26309846, 26309846, 26309846, 26309846, 26309846, 26309846, 26309846, 26309846, 26309846, 26309846, 26309846, 26309846, 26309846, 26309846, 26309846, 26309846, 26309846, 26309846, 26309846, 26292502, 26292502, 26292502, 26456112, 26456112, 26456112, 26456112, 26456112, 26456112, 26456112, 26456112, 26456112, 26456112, 26456112, 26456112, 26456112, 26456112, 26456112, 26456112, 26456112, 26456112, 26456112, 26456112, 26456112, 26456112, 26456112, 26456112, 26456112, 26456112, 26456112, 26456112, 26456112, 26456112, 26456112, 26456112, 26456112, 190529957, 26309846, 26309846, 26309846, 26309846, 26309846, 26309846, 26309846, 26309846, 26309846, 26309846, 26309846, 26309846, 26309846, 26309846, 26309846, 26309846, 26309846, 26309846, 26309846, 26456112, 26456112, 26456112, 26456112, 26456112, 26456112, 26456112, 26456112, 26456112, 26456112, 26456112, 26456112, 26456112, 211019358, 26790979, 26790979, 26790979, 26790979, 26790979, 26456112, 2243131027, 26706189, 475067529, 198106932, 26645180, 26645180, 26645180, 213171318, 26956587, 26956587, 26956587, 26956587, 26759908, 26759908, 26759908, 26759908, 26759908, 26759908, 26759908, 26759908, 26759908, 26759908, 26759908, 26759908, 26759908, 26759908, 26759908, 26759908, 26759908, 26759908, 26759908, 26759908, 26887103, 26887103, 824367137, 26695203, 26695203, 26695203, 26695203, 26695203, 26695203, 26695203, 26695203, 195976119, 26695203, 26695203, 26695203, 26695203, 26695203, 26695203, 26695203, 26695203, 26695203, 26695203, 26695203, 26695203, 26695203, 26695203, 26695203, 26695203, 26695203, 26695203, 26695203, 26695203, 26695203, 26695203, 26790979, 26790979, 26790979, 26790979, 26790979, 26790979, 26790979, 26790979, 26790979, 26790979, 26790979, 26790979, 26790979, 26790979, 26790979, 26790979, 26706189, 26706189, 26645180, 26645180, 26645180, 26645180, 26645180, 26645180, 26645180, 26645180, 26645180, 26645180, 26645180, 26645180, 26645180, 26645180, 26645180, 26645180, 26645180, 26294878, 26294878, 26294878, 26294878, 30835422, 30835422, 30835422, 30835422, 30835422, 30835422, 30835422, 30835422, 30835422, 30835422, 30835422, 30835422, 112608066, 26464944, 26464944, 26464944, 26464944, 26464944, 26464944, 26464944, 26464944, 26464944, 26464944, 26464944, 26464944, 26421342, 26421342, 26421342, 26421342, 51674536, 26428822, 26428822, 26428822, 26637795, 26637795, 26637795, 25846330, 26887103, 26887103, 26887103, 27019707, 27019707, 27019707, 27019707, 113666650, 26125428, 26125428, 26125428, 26125428, 26125428, 26125428, 26125428, 26125428, 26125428, 26125428, 26125428, 26125428, 26125428, 26125428, 26125428, 26125428, 26125428, 26125428, 26125428, 26125428, 26125428, 26125428, 26125428, 26125428, 26125428, 26125428, 26125428, 26125428, 26125428, 26125428, 26125428, 26125428, 26125428, 26125428, 26125428, 26125428, 26125428, 26125428, 26125428, 26125428, 26125428, 26125428, 26077588, 26077588, 26077588, 26077588, 26077588, 26077588, 26077588, 26077588, 26077588, 26077588, 26077588, 26077588, 26077588, 26077588, 26077588, 26077588, 26077588, 26077588, 26077588, 26077588, 26077588, 26077588, 26077588, 26077588, 26077588, 26077588, 26077588, 26077588, 26077588, 26077588, 26077588, 26077588, 26077588, 26077588, 25853850, 25853850, 25853850, 25853850, 25853850, 25853850, 25853850, 25853850, 25853850, 25853850, 25853850, 25853850, 25853850, 25853850, 25853850, 25853850, 25853850, 25853850, 25853850, 25853850, 26468245, 26468245, 26468245, 26468245, 26468245, 26468245, 26468245, 26468245, 26468245, 26468245, 26468245, 26468245, 26468245, 26468245, 26468245, 26468245, 26468245, 26468245, 26468245, 26468245, 26468245, 26468245, 26468245, 26468245, 26468245, 26468245, 26468245, 26468245, 26468245, 26468245, 26468245, 26468245, 26468245, 26468245, 26468245, 26468245, 26468245, 26468245, 26468245, 26468245, 26468245, 26468245, 26468245, 26468245, 26468245, 26468245, 26468245, 26468245, 26468245, 26468245, 26468245, 26468245]",0,0,0,PCIE_NVME,0,536870912,0,536870912,536870912,536870912,1.0,hot,0,0,0,0,1.0,1073741824
0,136,meta-llama/Llama-3.1-8B,20,307,12621009563,89091217931,76470208368,63571585740,63782605098,44362249,"[26790979, 26790979, 26790979, 26790979, 26790979, 2269587139, 26706189, 475067529, 198106932, 26645180, 26645180, 26645180, 213171318, 26956587, 26956587, 26956587, 26956587, 26759908, 26759908, 26759908, 26759908, 26759908, 26759908, 26759908, 26759908, 26759908, 26759908, 26759908, 26759908, 26759908, 26759908, 26759908, 26759908, 26759908, 26759908, 26759908, 26759908, 878141343, 26695203, 26695203, 26695203, 26695203, 26695203, 26695203, 26695203, 26695203, 195976119, 26695203, 26695203, 26695203, 26695203, 26695203, 26695203, 26695203, 26695203, 26695203, 26695203, 26695203, 26695203, 26695203, 26695203, 26695203, 26695203, 26695203, 26695203, 26695203, 26695203, 26695203, 26695203, 26790979, 26790979, 26790979, 26790979, 26790979, 26790979, 26790979, 26790979, 26790979, 26790979, 26790979, 26790979, 26790979, 26790979, 26790979, 26790979, 26706189, 26706189, 26645180, 26645180, 26645180, 26645180, 26645180, 26645180, 26645180, 26645180, 26645180, 26645180, 26645180, 26645180, 26645180, 26645180, 26645180, 26645180, 26645180, 587812642, 26464944, 26464944, 26464944, 26464944, 26464944, 26464944, 26464944, 26464944, 26464944, 26464944, 26464944, 26464944, 26421342, 26421342, 26421342, 26421342, 51674536, 26428822, 26428822, 26428822, 26637795, 26637795, 26637795, 25846330, 302406787, 26125428, 26125428, 26125428, 26125428, 26125428, 26125428, 26125428, 26125428, 26125428, 26125428, 26125428, 26125428, 26125428, 26125428, 26125428, 26125428, 26125428, 26125428, 26125428, 26125428, 26125428, 26125428, 26125428, 26125428, 26125428, 26125428, 26125428, 26125428, 26125428, 26125428, 26125428, 26125428, 26125428, 26125428, 26125428, 26125428, 26125428, 26125428, 26125428, 26125428, 26125428, 26125428, 26077588, 26077588, 26077588, 26077588, 26077588, 26077588, 26077588, 26077588, 26077588, 26077588, 26077588, 26077588, 26077588, 26077588, 26077588, 26077588, 26077588, 26077588, 26077588, 26077588, 26077588, 26077588, 26077588, 26077588, 26077588, 26077588, 26077588, 26077588, 26077588, 26077588, 26077588, 26077588, 26077588, 26077588, 25853850, 25853850, 25853850, 25853850, 25853850, 25853850, 25853850, 25853850, 25853850, 25853850, 25853850, 25853850, 25853850, 25853850, 25853850, 25853850, 25853850, 25853850, 25853850, 25853850, 26468245, 26468245, 26468245, 26468245, 26468245, 26468245, 26468245, 26468245, 26468245, 26468245, 26468245, 26468245, 26468245, 26468245, 26468245, 26468245, 26468245, 26468245, 26468245, 26468245, 26468245, 26468245, 26468245, 26468245, 26468245, 26468245, 26468245, 26468245, 26468245, 26468245, 26468245, 26468245, 26468245, 26468245, 26468245, 26468245, 26468245, 26468245, 26468245, 26468245, 26468245, 26468245, 26468245, 26468245, 26468245, 26468245, 26468245, 26468245, 26468245, 26468245, 26468245, 26468245, 222598838, 26843454, 26843454, 26843454, 26843454, 26843454, 26843454, 26843454]",0,0,0,NPU,0,0,0,0,0,0,1.0,hot,0,0,0,0,1.0,0
0,129,meta-llama/Llama-3.1-8B,10,305,12089410830,89704315889,77614905059,64103184473,64314203831,45240480,"[26790979, 26790979, 26790979, 26790979, 26790979, 2269587139, 26706189, 475067529, 198106932, 26645180, 26645180, 26645180, 213171318, 26956587, 26956587, 26956587, 26956587, 26759908, 26759908, 26759908, 26759908, 26759908, 26759908, 26759908, 26759908, 26759908, 26759908, 26759908, 26759908, 26759908, 26759908, 26759908, 26759908, 26759908, 26759908, 26759908, 26759908, 878141343, 26695203, 26695203, 26695203, 26695203, 26695203, 26695203, 26695203, 26695203, 195976119, 26695203, 26695203, 26695203, 26695203, 26695203, 26695203, 26695203, 26695203, 26695203, 26695203, 26695203, 26695203, 26695203, 26695203, 26695203, 26695203, 26695203, 26695203, 26695203, 26695203, 26695203, 26695203, 26790979, 26790979, 26790979, 26790979, 26790979, 26790979, 26790979, 26790979, 26790979, 26790979, 26790979, 26790979, 26790979, 26790979, 26790979, 26790979, 26706189, 26706189, 26645180, 26645180, 26645180, 26645180, 26645180, 26645180, 26645180, 26645180, 26645180, 26645180, 26645180, 26645180, 26645180, 26645180, 26645180, 26645180, 26645180, 26294878, 26294878, 26294878, 26294878, 482633130, 26464944, 26464944, 26464944, 26464944, 26464944, 26464944, 26464944, 26464944, 26464944, 26464944, 26464944, 26464944, 26421342, 26421342, 26421342, 26421342, 51674536, 26428822, 26428822, 26428822, 26637795, 26637795, 26637795, 25846330, 302406787, 26125428, 26125428, 26125428, 26125428, 26125428, 26125428, 26125428, 26125428, 26125428, 26125428, 26125428, 26125428, 26125428, 26125428, 26125428, 26125428, 26125428, 26125428, 26125428, 26125428, 26125428, 26125428, 26125428, 26125428, 26125428, 26125428, 26125428, 26125428, 26125428, 26125428, 26125428, 26125428, 26125428, 26125428, 26125428, 26125428, 26125428, 26125428, 26125428, 26125428, 26125428, 26125428, 26077588, 26077588, 26077588, 26077588, 26077588, 26077588, 26077588, 26077588, 26077588, 26077588, 26077588, 26077588, 26077588, 26077588, 26077588, 26077588, 26077588, 26077588, 26077588, 26077588, 26077588, 26077588, 26077588, 26077588, 26077588, 26077588, 26077588, 26077588, 26077588, 26077588, 26077588, 26077588, 26077588, 26077588, 25853850, 25853850, 25853850, 25853850, 25853850, 25853850, 25853850, 25853850, 25853850, 25853850, 25853850, 25853850, 25853850, 25853850, 25853850, 25853850, 25853850, 25853850, 25853850, 25853850, 26468245, 26468245, 26468245, 26468245, 26468245, 26468245, 26468245, 26468245, 26468245, 26468245, 26468245, 26468245, 26468245, 26468245, 26468245, 26468245, 26468245, 26468245, 26468245, 26468245, 26468245, 26468245, 26468245, 26468245, 26468245, 26468245, 26468245, 26468245, 26468245, 26468245, 26468245, 26468245, 26468245, 26468245, 26468245, 26468245, 26468245, 26468245, 26468245, 26468245, 26468245, 26468245, 26468245, 26468245, 26468245, 26468245, 26468245, 26468245, 26468245, 26468245, 26468245, 26468245, 222598838, 26843454, 26843454, 26843454, 26843454, 26843454, 26843454, 26843454, 66363127, 26843454, 26843454, 493047923]",0,0,0,NPU,0,0,0,0,0,0,1.0,hot,0,0,0,0,1.0,0
0,137,meta-llama/Llama-3.1-8B,15,483,12742418260,94376555975,81634137715,63450177043,63661196401,38485955,"[26790979, 26790979, 26790979, 26790979, 26790979, 2269587139, 26706189, 475067529, 198106932, 26645180, 26645180, 26645180, 213171318, 26956587, 26956587, 26956587, 26956587, 26759908, 26759908, 26759908, 26759908, 26759908, 26759908, 26759908, 26759908, 26759908, 26759908, 26759908, 26759908, 26759908, 26759908, 26759908, 26759908, 26759908, 26759908, 26759908, 26759908, 878141343, 26695203, 26695203, 26695203, 26695203, 26695203, 26695203, 26695203, 26695203, 195976119, 26695203, 26695203, 26695203, 26695203, 26695203, 26695203, 26695203, 26695203, 26695203, 26695203, 26695203, 26695203, 26695203, 26695203, 26695203, 26695203, 26695203, 26695203, 26695203, 26695203, 26695203, 26695203, 26790979, 26790979, 26790979, 26790979, 26790979, 26790979, 26790979, 26790979, 26790979, 26790979, 26790979, 26790979, 26790979, 26790979, 26790979, 26790979, 26706189, 26706189, 26645180, 26645180, 26645180, 26645180, 26645180, 26645180, 26645180, 26645180, 26645180, 26645180, 26645180, 26645180, 26645180, 26645180, 26645180, 26645180, 26645180, 587812642, 26464944, 26464944, 26464944, 26464944, 26464944, 26464944, 26464944, 26464944, 26464944, 26464944, 26464944, 26464944, 26421342, 26421342, 26421342, 26421342, 51674536, 26428822, 26428822, 26428822, 26637795, 26637795, 26637795, 328253117, 26125428, 26125428, 26125428, 26125428, 26125428, 26125428, 26125428, 26125428, 26125428, 26125428, 26125428, 26125428, 26125428, 26125428, 26125428, 26125428, 26125428, 26125428, 26125428, 26125428, 26125428, 26125428, 26125428, 26125428, 26125428, 26125428, 26125428, 26125428, 26125428, 26125428, 26125428, 26125428, 26125428, 26125428, 26125428, 26125428, 26125428, 26125428, 26125428, 26125428, 26125428, 26125428, 26077588, 26077588, 26077588, 26077588, 26077588, 26077588, 26077588, 26077588, 26077588, 26077588, 26077588, 26077588, 26077588, 26077588, 26077588, 26077588, 26077588, 26077588, 26077588, 26077588, 26077588, 26077588, 26077588, 26077588, 26077588, 26077588, 26077588, 26077588, 26077588, 26077588, 26077588, 26077588, 26077588, 26077588, 25853850, 25853850, 25853850, 25853850, 25853850, 25853850, 25853850, 25853850, 25853850, 25853850, 25853850, 25853850, 25853850, 25853850, 25853850, 25853850, 25853850, 25853850, 25853850, 25853850, 26468245, 26468245, 26468245, 26468245, 26468245, 26468245, 26468245, 26468245, 26468245, 26468245, 26468245, 26468245, 26468245, 26468245, 26468245, 26468245, 26468245, 26468245, 26468245, 26468245, 26468245, 26468245, 26468245, 26468245, 26468245, 26468245, 26468245, 26468245, 26468245, 26468245, 26468245, 26468245, 26468245, 26468245, 26468245, 26468245, 26468245, 26468245, 26468245, 26468245, 26468245, 26468245, 26468245, 26468245, 26468245, 26468245, 26468245, 26468245, 26468245, 26468245, 26468245, 26468245, 222598838, 26843454, 26843454, 26843454, 26843454, 26843454, 26843454, 26843454, 66363127, 26843454, 26843454, 493047923, 57108471, 26843454, 26843454, 26843454, 26843454, 26843454, 26843454, 26843454, 26843454, 26843454, 26843454, 26843454, 26843454, 26843454, 26409918, 51564689, 25619925, 25619925, 25619925, 25619925, 25619925, 25619925, 25619925, 25619925, 25619925, 25619925, 25619925, 25619925, 25619925, 25619925, 25619925, 25619925, 25619925, 25619925, 25619925, 25619925, 25619925, 25829685, 25829685, 25829685, 25829685, 25829685, 25829685, 25829685, 25829685, 25829685, 25829685, 25829685, 25829685, 25829685, 25829685, 25829685, 25829685, 25829685, 25829685, 25829685, 25829685, 25829685, 25829685, 25829685, 25829685, 25829685, 25829685, 25829685, 25829685, 25829685, 25829685, 25829685, 25829685, 25829685, 25829685, 25829685, 25829685, 25829685, 25829685, 25829685, 25829685, 25829685, 25829685, 25829685, 25829685, 25829685, 25829685, 25829685, 25829685, 25829685, 25829685, 25829685, 25829685, 25829685, 25829685, 25829685, 25829685, 25829685, 25829685, 25829685, 25829685, 25829685, 25829685, 25829685, 25829685, 25892533, 25892533, 25892533, 25892533, 25892533, 25892533, 25892533, 25892533, 25892533, 25892533, 25892533, 25892533, 25892533, 25892533, 25892533, 25892533, 25892533, 25892533, 25892533, 25892533, 25892533, 25892533, 25892533, 25892533, 25892533, 25892533, 25892533, 25892533, 25892533, 25892533, 25892533, 25892533, 25892533, 25892533, 25892533, 25892533, 25892533, 25892533, 25892533, 25892533, 25892533, 25892533, 25892533, 25892533, 25892533, 25892533, 25892533, 25892533, 25892533, 25892533, 25892533, 25892533, 25892533, 25892533, 25892533, 25892533, 25892533, 25892533, 25892533, 25892533, 25892533, 25892533, 25892533, 25892533, 26150133, 26150133, 26150133, 26150133, 26150133, 26150133, 26150133, 26150133, 26150133, 26150133, 26150133, 26150133, 26150133]",0,0,0,NPU,0,0,0,0,0,0,1.0,hot,0,0,0,0,1.0,0
0,132,meta-llama/Llama-3.1-8B,20,506,12181322934,94827955190,82646632256,64011272369,64222291727,37988330,"[26790979, 26790979, 26790979, 26790979, 26790979, 2269587139, 26706189, 475067529, 198106932, 26645180, 26645180, 26645180, 213171318, 26956587, 26956587, 26956587, 26956587, 26759908, 26759908, 26759908, 26759908, 26759908, 26759908, 26759908, 26759908, 26759908, 26759908, 26759908, 26759908, 26759908, 26759908, 26759908, 26759908, 26759908, 26759908, 26759908, 26759908, 878141343, 26695203, 26695203, 26695203, 26695203, 26695203, 26695203, 26695203, 26695203, 195976119, 26695203, 26695203, 26695203, 26695203, 26695203, 26695203, 26695203, 26695203, 26695203, 26695203, 26695203, 26695203, 26695203, 26695203, 26695203, 26695203, 26695203, 26695203, 26695203, 26695203, 26695203, 26695203, 26790979, 26790979, 26790979, 26790979, 26790979, 26790979, 26790979, 26790979, 26790979, 26790979, 26790979, 26790979, 26790979, 26790979, 26790979, 26790979, 26706189, 26706189, 26645180, 26645180, 26645180, 26645180, 26645180, 26645180, 26645180, 26645180, 26645180, 26645180, 26645180, 26645180, 26645180, 26645180, 26645180, 26645180, 26645180, 587812642, 26464944, 26464944, 26464944, 26464944, 26464944, 26464944, 26464944, 26464944, 26464944, 26464944, 26464944, 26464944, 26421342, 26421342, 26421342, 26421342, 51674536, 26428822, 26428822, 26428822, 26637795, 26637795, 26637795, 25846330, 302406787, 26125428, 26125428, 26125428, 26125428, 26125428, 26125428, 26125428, 26125428, 26125428, 26125428, 26125428, 26125428, 26125428, 26125428, 26125428, 26125428, 26125428, 26125428, 26125428, 26125428, 26125428, 26125428, 26125428, 26125428, 26125428, 26125428, 26125428, 26125428, 26125428, 26125428, 26125428, 26125428, 26125428, 26125428, 26125428, 26125428, 26125428, 26125428, 26125428, 26125428, 26125428, 26125428, 26077588, 26077588, 26077588, 26077588, 26077588, 26077588, 26077588, 26077588, 26077588, 26077588, 26077588, 26077588, 26077588, 26077588, 26077588, 26077588, 26077588, 26077588, 26077588, 26077588, 26077588, 26077588, 26077588, 26077588, 26077588, 26077588, 26077588, 26077588, 26077588, 26077588, 26077588, 26077588, 26077588, 26077588, 25853850, 25853850, 25853850, 25853850, 25853850, 25853850, 25853850, 25853850, 25853850, 25853850, 25853850, 25853850, 25853850, 25853850, 25853850, 25853850, 25853850, 25853850, 25853850, 25853850, 26468245, 26468245, 26468245, 26468245, 26468245, 26468245, 26468245, 26468245, 26468245, 26468245, 26468245, 26468245, 26468245, 26468245, 26468245, 26468245, 26468245, 26468245, 26468245, 26468245, 26468245, 26468245, 26468245, 26468245, 26468245, 26468245, 26468245, 26468245, 26468245, 26468245, 26468245, 26468245, 26468245, 26468245, 26468245, 26468245, 26468245, 26468245, 26468245, 26468245, 26468245, 26468245, 26468245, 26468245, 26468245, 26468245, 26468245, 26468245, 26468245, 26468245, 26468245, 26468245, 222598838, 26843454, 26843454, 26843454, 26843454, 26843454, 26843454, 26843454, 66363127, 26843454, 26843454, 493047923, 57108471, 26843454, 26843454, 26843454, 26843454, 26843454, 26843454, 26843454, 26843454, 26843454, 26843454, 26843454, 26843454, 26843454, 26409918, 51564689, 25619925, 25619925, 25619925, 25619925, 25619925, 25619925, 25619925, 25619925, 25619925, 25619925, 25619925, 25619925, 25619925, 25619925, 25619925, 25619925, 25619925, 25619925, 25619925, 25619925, 25619925, 25829685, 25829685, 25829685, 25829685, 25829685, 25829685, 25829685, 25829685, 25829685, 25829685, 25829685, 25829685, 25829685, 25829685, 25829685, 25829685, 25829685, 25829685, 25829685, 25829685, 25829685, 25829685, 25829685, 25829685, 25829685, 25829685, 25829685, 25829685, 25829685, 25829685, 25829685, 25829685, 25829685, 25829685, 25829685, 25829685, 25829685, 25829685, 25829685, 25829685, 25829685, 25829685, 25829685, 25829685, 25829685, 25829685, 25829685, 25829685, 25829685, 25829685, 25829685, 25829685, 25829685, 25829685, 25829685, 25829685, 25829685, 25829685, 25829685, 25829685, 25829685, 25829685, 25829685, 25829685, 25892533, 25892533, 25892533, 25892533, 25892533, 25892533, 25892533, 25892533, 25892533, 25892533, 25892533, 25892533, 25892533, 25892533, 25892533, 25892533, 25892533, 25892533, 25892533, 25892533, 25892533, 25892533, 25892533, 25892533, 25892533, 25892533, 25892533, 25892533, 25892533, 25892533, 25892533, 25892533, 25892533, 25892533, 25892533, 25892533, 25892533, 25892533, 25892533, 25892533, 25892533, 25892533, 25892533, 25892533, 25892533, 25892533, 25892533, 25892533, 25892533, 25892533, 25892533, 25892533, 25892533, 25892533, 25892533, 25892533, 25892533, 25892533, 25892533, 25892533, 25892533, 25892533, 25892533, 25892533, 26150133, 26150133, 26150133, 26150133, 26150133, 26150133, 26150133, 26150133, 26150133, 26150133, 26150133, 26150133, 26150133, 26552895, 26552895, 26552895, 26552895, 26552895, 26552895, 26552895, 26552895, 26552895, 26552895, 26552895, 26552895, 26552895, 26552895, 26552895, 26552895, 26552895]",0,0,0,NPU,0,0,0,0,0,0,1.0,hot,0,0,0,0,1.0,0
0,123,meta-llama/Llama-3.1-8B,359,1025,11568133663,95692284682,84124151019,59338972403,59432794346,37129859,"[26639587, 26639587, 26639587, 26639587, 26639587, 26639587, 26639587, 26639587, 26639587, 26639587, 26639587, 26639587, 26639587, 26639587, 1884293708, 26639587, 26639587, 26639587, 26309846, 26309846, 26309846, 26309846, 26309846, 26309846, 26309846, 26309846, 26309846, 26309846, 26309846, 26309846, 26309846, 26309846, 26309846, 26309846, 26309846, 26309846, 26309846, 26309846, 26309846, 26309846, 26309846, 26309846, 26309846, 26309846, 26309846, 26309846, 26309846, 26309846, 26309846, 26309846, 26309846, 26292502, 26292502, 26292502, 26456112, 26456112, 26456112, 26456112, 26456112, 26456112, 26456112, 26456112, 26456112, 26456112, 26456112, 26456112, 26456112, 26456112, 26456112, 26456112, 26456112, 26456112, 26456112, 26456112, 26456112, 26456112, 26456112, 26456112, 26456112, 26456112, 26456112, 26456112, 26456112, 26456112, 26456112, 26456112, 26456112, 190529957, 26309846, 26309846, 26309846, 26309846, 26309846, 26309846, 26309846, 26309846, 26309846, 26309846, 26309846, 26309846, 26309846, 26309846, 26309846, 26309846, 26309846, 26309846, 26309846, 26456112, 26456112, 26456112, 26456112, 26456112, 26456112, 26456112, 26456112, 26456112, 26456112, 26456112, 26456112, 26456112, 211019358, 26790979, 26790979, 26790979, 26790979, 26790979, 26456112, 2243131027, 26706189, 475067529, 198106932, 26645180, 26645180, 26645180, 213171318, 26956587, 26956587, 26956587, 26956587, 26759908, 26759908, 26759908, 26759908, 26759908, 26759908, 26759908, 26759908, 26759908, 26759908, 26759908, 26759908, 26759908, 26759908, 26759908, 26759908, 26759908, 26759908, 26759908, 26759908, 26887103, 26887103, 824367137, 26695203, 26695203, 26695203, 26695203, 26695203, 26695203, 26695203, 26695203, 195976119, 26695203, 26695203, 26695203, 26695203, 26695203, 26695203, 26695203, 26695203, 26695203, 26695203, 26695203, 26695203, 26695203, 26695203, 26695203, 26695203, 26695203, 26695203, 26695203, 26695203, 26695203, 26695203, 26790979, 26790979, 26790979, 26790979, 26790979, 26790979, 26790979, 26790979, 26790979, 26790979, 26790979, 26790979, 26790979, 26790979, 26790979, 26790979, 26706189, 26706189, 26645180, 26645180, 26645180, 26645180, 26645180, 26645180, 26645180, 26645180, 26645180, 26645180, 26645180, 26645180, 26645180, 26645180, 26645180, 26645180, 26645180, 26294878, 26294878, 26294878, 26294878, 482633130, 26464944, 26464944, 26464944, 26464944, 26464944, 26464944, 26464944, 26464944, 26464944, 26464944, 26464944, 26464944, 26421342, 26421342, 26421342, 26421342, 51674536, 26428822, 26428822, 26428822, 26637795, 26637795, 26637795, 25846330, 26887103, 26887103, 26887103, 27019707, 27019707, 27019707, 27019707, 113666650, 26125428, 26125428, 26125428, 26125428, 26125428, 26125428, 26125428, 26125428, 26125428, 26125428, 26125428, 26125428, 26125428, 26125428, 26125428, 26125428, 26125428, 26125428, 26125428, 26125428, 26125428, 26125428, 26125428, 26125428, 26125428, 26125428, 26125428, 26125428, 26125428, 26125428, 26125428, 26125428, 26125428, 26125428, 26125428, 26125428, 26125428, 26125428, 26125428, 26125428, 26125428, 26125428, 26077588, 26077588, 26077588, 26077588, 26077588, 26077588, 26077588, 26077588, 26077588, 26077588, 26077588, 26077588, 26077588, 26077588, 26077588, 26077588, 26077588, 26077588, 26077588, 26077588, 26077588, 26077588, 26077588, 26077588, 26077588, 26077588, 26077588, 26077588, 26077588, 26077588, 26077588, 26077588, 26077588, 26077588, 25853850, 25853850, 25853850, 25853850, 25853850, 25853850, 25853850, 25853850, 25853850, 25853850, 25853850, 25853850, 25853850, 25853850, 25853850, 25853850, 25853850, 25853850, 25853850, 25853850, 26468245, 26468245, 26468245, 26468245, 26468245, 26468245, 26468245, 26468245, 26468245, 26468245, 26468245, 26468245, 26468245, 26468245, 26468245, 26468245, 26468245, 26468245, 26468245, 26468245, 26468245, 26468245, 26468245, 26468245, 26468245, 26468245, 26468245, 26468245, 26468245, 26468245, 26468245, 26468245, 26468245, 26468245, 26468245, 26468245, 26468245, 26468245, 26468245, 26468245, 26468245, 26468245, 26468245, 26468245, 26468245, 26468245, 26468245, 26468245, 26468245, 26468245, 26468245, 26468245, 222598838, 26843454, 26843454, 26843454, 26843454, 26843454, 26843454, 26843454, 66363127, 26843454, 26843454, 26851835, 26851835, 26851835, 26851835, 26851835, 26851835, 28044382, 28044382, 28044382, 28044382, 28044382, 28044382, 28044382, 28044382, 28044382, 28044382, 51493093, 57108471, 26843454, 26843454, 26843454, 26843454, 26843454, 26843454, 26843454, 26843454, 26843454, 26843454, 26843454, 26843454, 26843454, 26409918, 51564689, 25619925, 25619925, 25619925, 25619925, 25619925, 25619925, 25619925, 25619925, 25619925, 25619925, 25619925, 25619925, 25619925, 25619925, 25619925, 25619925, 25619925, 25619925, 25619925, 25619925, 25619925, 25829685, 25829685, 25829685, 25829685, 25829685, 25829685, 25829685, 25829685, 25829685, 25829685, 25829685, 25829685, 25829685, 25829685, 25829685, 25829685, 25829685, 25829685, 25829685, 25829685, 25829685, 25829685, 25829685, 25829685, 25829685, 25829685, 25829685, 25829685, 25829685, 25829685, 25829685, 25829685, 25829685, 25829685, 25829685, 25829685, 25829685, 25829685, 25829685, 25829685, 25829685, 25829685, 25829685, 25829685, 25829685, 25829685, 25829685, 25829685, 25829685, 25829685, 25829685, 25829685, 25829685, 25829685, 25829685, 25829685, 25829685, 25829685, 25829685, 25829685, 25829685, 25829685, 25829685, 25829685, 25892533, 25892533, 25892533, 25892533, 25892533, 25892533, 25892533, 25892533, 25892533, 25892533, 25892533, 25892533, 25892533, 25892533, 25892533, 25892533, 25892533, 25892533, 25892533, 25892533, 25892533, 25892533, 25892533, 25892533, 25892533, 25892533, 25892533, 25892533, 25892533, 25892533, 25892533, 25892533, 25892533, 25892533, 25892533, 25892533, 25892533, 25892533, 25892533, 25892533, 25892533, 25892533, 25892533, 25892533, 25892533, 25892533, 25892533, 25892533, 25892533, 25892533, 25892533, 25892533, 25892533, 25892533, 25892533, 25892533, 25892533, 25892533, 25892533, 25892533, 25892533, 25892533, 25892533, 25892533, 26150133, 26150133, 26150133, 26150133, 26150133, 26150133, 26150133, 26150133, 26150133, 26150133, 26150133, 26150133, 26150133, 26552895, 26552895, 26552895, 26552895, 26552895, 26552895, 26552895, 26552895, 26552895, 26552895, 26552895, 26552895, 26552895, 26552895, 26552895, 26552895, 26552895, 52254610, 26309846, 26309846, 26292502, 26292502, 26292502, 26292502, 26292502, 26292502, 26292502, 26292502, 26292502, 57475632, 29084190, 29084190, 29084190, 29084190, 29084190, 29084190, 29084190, 29084190, 29084190, 29084190, 29084190, 29084190, 29084190, 29084190, 29084190, 29084190]",0,0,0,NPU,0,0,0,0,0,0,1.0,hot,0,0,0,0,1.0,0
0,142,meta-llama/Llama-3.1-8B,132,325,13570368564,97202467708,83632099144,66016604321,66229775639,90637101,"[26956587, 26956587, 26956587, 26956587, 26759908, 26759908, 26759908, 26759908, 26759908, 26759908, 26759908, 26759908, 26759908, 26759908, 26759908, 26759908, 26759908, 26759908, 26759908, 26759908, 26759908, 26759908, 26759908, 26759908, 878141343, 26695203, 26695203, 26695203, 26695203, 26695203, 26695203, 26695203, 26695203, 195976119, 26695203, 26695203, 26695203, 26695203, 26695203, 26695203, 26695203, 26695203, 26695203, 26695203, 26695203, 26695203, 26695203, 26695203, 26695203, 26695203, 26695203, 26695203, 26695203, 26695203, 26695203, 26695203, 26790979, 26790979, 26790979, 26790979, 26790979, 26790979, 26790979, 26790979, 26790979, 26790979, 26790979, 26790979, 26790979, 26790979, 26790979, 26790979, 26706189, 26706189, 26645180, 26645180, 26645180, 26645180, 26645180, 26645180, 26645180, 26645180, 26645180, 26645180, 26645180, 26645180, 26645180, 26645180, 26645180, 26645180, 26645180, 1062751874, 26428822, 26428822, 26428822, 26637795, 26637795, 26637795, 4428183663, 26843454, 26843454, 26843454, 26843454, 26843454, 26843454, 26843454, 66363127, 26843454, 26843454, 550156394, 26843454, 26843454, 26843454, 26843454, 26843454, 26843454, 26843454, 26843454, 26843454, 26843454, 26843454, 26843454, 26843454, 26409918, 4743410620, 26309846, 26309846, 26292502, 26292502, 26292502, 26292502, 26292502, 26292502, 26292502, 26292502, 26292502, 577682098, 26467984, 26467984, 26467984, 26467984, 26467984, 26467984, 26467984, 26467984, 26467984, 26467984, 26467984, 26467984, 26467984, 26467984, 26467984, 26467984, 26467984, 26467984, 26467984, 26467984, 26456112, 26456112, 26456112, 26456112, 26456112, 26456112, 26456112, 26456112, 26456112, 26456112, 26456112, 26456112, 26456112, 26456112, 26456112, 26456112, 26456112, 26456112, 26456112, 26456112, 26456112, 26456112, 26456112, 26456112, 26456112, 26456112, 26456112, 26456112, 26456112, 26456112, 26456112, 26456112, 26456112, 26456112, 26456112]",0,0,0,NPU,0,0,0,0,0,0,1.0,hot,0,0,0,0,1.0,0
0,145,meta-llama/Llama-3.1-8B,651,811,13643445024,97310927988,83667482964,67891426654,68087402773,97987925,"[26695203, 26695203, 26695203, 26695203, 26695203, 26695203, 26695203, 26695203, 26695203, 26695203, 26695203, 26695203, 26695203, 26695203, 26695203, 26695203, 26695203, 26695203, 26695203, 26695203, 26695203, 26695203, 26790979, 26790979, 26790979, 26790979, 26790979, 26790979, 26790979, 26790979, 26790979, 26790979, 26790979, 26790979, 26790979, 26790979, 26790979, 26790979, 26706189, 26706189, 26645180, 26645180, 26645180, 26645180, 26645180, 26645180, 26645180, 26645180, 26645180, 26645180, 26645180, 26645180, 26645180, 26645180, 26645180, 26645180, 26645180, 1062751874, 26428822, 26428822, 26428822, 4508097048, 26843454, 26843454, 26843454, 26843454, 26843454, 26843454, 26843454, 66363127, 26843454, 26843454, 550156394, 26843454, 26843454, 26843454, 26843454, 26843454, 26843454, 26843454, 26843454, 26843454, 26843454, 26843454, 26843454, 26843454, 26409918, 4743410620, 26309846, 26309846, 26292502, 26292502, 26292502, 26292502, 26292502, 26292502, 26292502, 26292502, 26292502, 577682098, 26467984, 26467984, 26467984, 26467984, 26467984, 26467984, 26467984, 26467984, 26467984, 26467984, 26467984, 26467984, 26467984, 26467984, 26467984, 26467984, 26467984, 26467984, 26467984, 26467984, 26456112, 26456112, 26456112, 26456112, 26456112, 26456112, 26456112, 26456112, 26456112, 26456112, 26456112, 26456112, 26456112, 26456112, 26456112, 26456112, 26456112, 26456112, 26456112, 26456112, 26456112, 26456112, 26456112, 26456112, 26456112, 26456112, 26456112, 26456112, 26456112, 26456112, 26456112, 26456112, 26456112, 26456112, 26456112, 27115070, 27115070, 27115070, 27115070]",0,0,0,NPU,0,0,0,0,0,0,1.0,hot,0,0,0,0,1.0,0
0,134,meta-llama/Llama-3.1-8B,227,791,12508825903,97471099436,84962273533,63683769400,63894788758,37420044,"[26790979, 26790979, 26790979, 26790979, 26790979, 2269587139, 26706189, 475067529, 198106932, 26645180, 26645180, 26645180, 213171318, 26956587, 26956587, 26956587, 26956587, 26759908, 26759908, 26759908, 26759908, 26759908, 26759908, 26759908, 26759908, 26759908, 26759908, 26759908, 26759908, 26759908, 26759908, 26759908, 26759908, 26759908, 26759908, 26759908, 26759908, 878141343, 26695203, 26695203, 26695203, 26695203, 26695203, 26695203, 26695203, 26695203, 195976119, 26695203, 26695203, 26695203, 26695203, 26695203, 26695203, 26695203, 26695203, 26695203, 26695203, 26695203, 26695203, 26695203, 26695203, 26695203, 26695203, 26695203, 26695203, 26695203, 26695203, 26695203, 26695203, 26790979, 26790979, 26790979, 26790979, 26790979, 26790979, 26790979, 26790979, 26790979, 26790979, 26790979, 26790979, 26790979, 26790979, 26790979, 26790979, 26706189, 26706189, 26645180, 26645180, 26645180, 26645180, 26645180, 26645180, 26645180, 26645180, 26645180, 26645180, 26645180, 26645180, 26645180, 26645180, 26645180, 26645180, 26645180, 587812642, 26464944, 26464944, 26464944, 26464944, 26464944, 26464944, 26464944, 26464944, 26464944, 26464944, 26464944, 26464944, 26421342, 26421342, 26421342, 26421342, 51674536, 26428822, 26428822, 26428822, 26637795, 26637795, 26637795, 25846330, 302406787, 26125428, 26125428, 26125428, 26125428, 26125428, 26125428, 26125428, 26125428, 26125428, 26125428, 26125428, 26125428, 26125428, 26125428, 26125428, 26125428, 26125428, 26125428, 26125428, 26125428, 26125428, 26125428, 26125428, 26125428, 26125428, 26125428, 26125428, 26125428, 26125428, 26125428, 26125428, 26125428, 26125428, 26125428, 26125428, 26125428, 26125428, 26125428, 26125428, 26125428, 26125428, 26125428, 26077588, 26077588, 26077588, 26077588, 26077588, 26077588, 26077588, 26077588, 26077588, 26077588, 26077588, 26077588, 26077588, 26077588, 26077588, 26077588, 26077588, 26077588, 26077588, 26077588, 26077588, 26077588, 26077588, 26077588, 26077588, 26077588, 26077588, 26077588, 26077588, 26077588, 26077588, 26077588, 26077588, 26077588, 25853850, 25853850, 25853850, 25853850, 25853850, 25853850, 25853850, 25853850, 25853850, 25853850, 25853850, 25853850, 25853850, 25853850, 25853850, 25853850, 25853850, 25853850, 25853850, 25853850, 26468245, 26468245, 26468245, 26468245, 26468245, 26468245, 26468245, 26468245, 26468245, 26468245, 26468245, 26468245, 26468245, 26468245, 26468245, 26468245, 26468245, 26468245, 26468245, 26468245, 26468245, 26468245, 26468245, 26468245, 26468245, 26468245, 26468245, 26468245, 26468245, 26468245, 26468245, 26468245, 26468245, 26468245, 26468245, 26468245, 26468245, 26468245, 26468245, 26468245, 26468245, 26468245, 26468245, 26468245, 26468245, 26468245, 26468245, 26468245, 26468245, 26468245, 26468245, 26468245, 222598838, 26843454, 26843454, 26843454, 26843454, 26843454, 26843454, 26843454, 66363127, 26843454, 26843454, 493047923, 57108471, 26843454, 26843454, 26843454, 26843454, 26843454, 26843454, 26843454, 26843454, 26843454, 26843454, 26843454, 26843454, 26843454, 26409918, 51564689, 25619925, 25619925, 25619925, 25619925, 25619925, 25619925, 25619925, 25619925, 25619925, 25619925, 25619925, 25619925, 25619925, 25619925, 25619925, 25619925, 25619925, 25619925, 25619925, 25619925, 25619925, 25829685, 25829685, 25829685, 25829685, 25829685, 25829685, 25829685, 25829685, 25829685, 25829685, 25829685, 25829685, 25829685, 25829685, 25829685, 25829685, 25829685, 25829685, 25829685, 25829685, 25829685, 25829685, 25829685, 25829685, 25829685, 25829685, 25829685, 25829685, 25829685, 25829685, 25829685, 25829685, 25829685, 25829685, 25829685, 25829685, 25829685, 25829685, 25829685, 25829685, 25829685, 25829685, 25829685, 25829685, 25829685, 25829685, 25829685, 25829685, 25829685, 25829685, 25829685, 25829685, 25829685, 25829685, 25829685, 25829685, 25829685, 25829685, 25829685, 25829685, 25829685, 25829685, 25829685, 25829685, 25892533, 25892533, 25892533, 25892533, 25892533, 25892533, 25892533, 25892533, 25892533, 25892533, 25892533, 25892533, 25892533, 25892533, 25892533, 25892533, 25892533, 25892533, 25892533, 25892533, 25892533, 25892533, 25892533, 25892533, 25892533, 25892533, 25892533, 25892533, 25892533, 25892533, 25892533, 25892533, 25892533, 25892533, 25892533, 25892533, 25892533, 25892533, 25892533, 25892533, 25892533, 25892533, 25892533, 25892533, 25892533, 25892533, 25892533, 25892533, 25892533, 25892533, 25892533, 25892533, 25892533, 25892533, 25892533, 25892533, 25892533, 25892533, 25892533, 25892533, 25892533, 25892533, 25892533, 25892533, 26150133, 26150133, 26150133, 26150133, 26150133, 26150133, 26150133, 26150133, 26150133, 26150133, 26150133, 26150133, 26150133, 26552895, 26552895, 26552895, 26552895, 26552895, 26552895, 26552895, 26552895, 26552895, 26552895, 26552895, 26552895, 26552895, 26552895, 26552895, 26552895, 26552895, 52254610, 26309846, 26309846, 26292502, 26292502, 26292502, 26292502, 26292502, 26292502, 26292502, 26292502, 26292502, 577682098, 26467984, 26467984, 26467984, 26467984, 26467984, 26467984, 26467984, 26467984, 26467984, 26467984, 26467984, 26467984, 26467984, 26467984, 26467984, 26467984, 26467984, 26467984, 26467984, 26467984, 26456112, 26456112, 26456112, 26456112, 26456112, 26456112, 26456112, 26456112, 26456112, 26456112, 26456112, 26456112, 26456112, 26456112, 26456112, 26456112, 26456112, 26456112, 26456112, 26456112, 26456112, 26456112, 26456112, 26456112, 26456112, 26456112, 26456112, 26456112, 26456112, 26456112, 26456112, 26456112, 26456112, 26456112, 26456112, 27115070, 27115070, 27115070, 27115070, 26638708, 26638708, 26723508, 26723508, 26723508, 26723508]",0,0,0,NPU,0,0,0,0,0,0,1.0,hot,0,0,0,0,1.0,0
0,147,meta-llama/Llama-3.1-8B,1021,1140,13807346194,98718531477,84911185283,74873368721,75095967559,83179811,"[26843454, 26843454, 26843454, 26843454, 26843454, 26843454, 26843454, 66363127, 26843454, 26843454, 550156394, 26843454, 26843454, 26843454, 26843454, 26843454, 26843454, 26843454, 26843454, 26843454, 26843454, 26843454, 26843454, 26843454, 4769820538, 26309846, 26309846, 26292502, 26292502, 26292502, 26292502, 26292502, 26292502, 26292502, 26292502, 26292502, 577682098, 26467984, 26467984, 26467984, 26467984, 26467984, 26467984, 26467984, 26467984, 26467984, 26467984, 26467984, 26467984, 26467984, 26467984, 26467984, 26467984, 26467984, 26467984, 26467984, 26467984, 26456112, 26456112, 26456112, 26456112, 26456112, 26456112, 26456112, 26456112, 26456112, 26456112, 26456112, 26456112, 26456112, 26456112, 26456112, 26456112, 26456112, 26456112, 26456112, 26456112, 26456112, 26456112, 26456112, 26456112, 26456112, 26456112, 26456112, 26456112, 26456112, 26456112, 26456112, 26456112, 26456112, 26456112, 26456112, 27115070, 27115070, 27115070, 27115070, 26638708, 26638708, 26723508, 26723508, 26723508, 26723508, 350837629, 26639587, 26639587, 26639587, 26639587, 26639587, 26639587, 26639587, 26639587, 26639587, 26639587, 26639587, 26639587, 26639587, 26439258, 523840523]",0,0,0,NPU,0,0,0,0,0,0,1.0,hot,0,0,0,0,1.0,0
0,128,meta-llama/Llama-3.1-8B,784,1417,12017923215,99616721422,87598798207,64174672088,64385691446,36729599,"[26790979, 26790979, 26790979, 26790979, 26790979, 26456112, 2243131027, 26706189, 475067529, 198106932, 26645180, 26645180, 26645180, 213171318, 26956587, 26956587, 26956587, 26956587, 26759908, 26759908, 26759908, 26759908, 26759908, 26759908, 26759908, 26759908, 26759908, 26759908, 26759908, 26759908, 26759908, 26759908, 26759908, 26759908, 26759908, 26759908, 26759908, 26759908, 878141343, 26695203, 26695203, 26695203, 26695203, 26695203, 26695203, 26695203, 26695203, 195976119, 26695203, 26695203, 26695203, 26695203, 26695203, 26695203, 26695203, 26695203, 26695203, 26695203, 26695203, 26695203, 26695203, 26695203, 26695203, 26695203, 26695203, 26695203, 26695203, 26695203, 26695203, 26695203, 26790979, 26790979, 26790979, 26790979, 26790979, 26790979, 26790979, 26790979, 26790979, 26790979, 26790979, 26790979, 26790979, 26790979, 26790979, 26790979, 26706189, 26706189, 26645180, 26645180, 26645180, 26645180, 26645180, 26645180, 26645180, 26645180, 26645180, 26645180, 26645180, 26645180, 26645180, 26645180, 26645180, 26645180, 26645180, 26294878, 26294878, 26294878, 26294878, 482633130, 26464944, 26464944, 26464944, 26464944, 26464944, 26464944, 26464944, 26464944, 26464944, 26464944, 26464944, 26464944, 26421342, 26421342, 26421342, 26421342, 51674536, 26428822, 26428822, 26428822, 26637795, 26637795, 26637795, 25846330, 26887103, 26887103, 26887103, 221745478, 26125428, 26125428, 26125428, 26125428, 26125428, 26125428, 26125428, 26125428, 26125428, 26125428, 26125428, 26125428, 26125428, 26125428, 26125428, 26125428, 26125428, 26125428, 26125428, 26125428, 26125428, 26125428, 26125428, 26125428, 26125428, 26125428, 26125428, 26125428, 26125428, 26125428, 26125428, 26125428, 26125428, 26125428, 26125428, 26125428, 26125428, 26125428, 26125428, 26125428, 26125428, 26125428, 26077588, 26077588, 26077588, 26077588, 26077588, 26077588, 26077588, 26077588, 26077588, 26077588, 26077588, 26077588, 26077588, 26077588, 26077588, 26077588, 26077588, 26077588, 26077588, 26077588, 26077588, 26077588, 26077588, 26077588, 26077588, 26077588, 26077588, 26077588, 26077588, 26077588, 26077588, 26077588, 26077588, 26077588, 25853850, 25853850, 25853850, 25853850, 25853850, 25853850, 25853850, 25853850, 25853850, 25853850, 25853850, 25853850, 25853850, 25853850, 25853850, 25853850, 25853850, 25853850, 25853850, 25853850, 26468245, 26468245, 26468245, 26468245, 26468245, 26468245, 26468245, 26468245, 26468245, 26468245, 26468245, 26468245, 26468245, 26468245, 26468245, 26468245, 26468245, 26468245, 26468245, 26468245, 26468245, 26468245, 26468245, 26468245, 26468245, 26468245, 26468245, 26468245, 26468245, 26468245, 26468245, 26468245, 26468245, 26468245, 26468245, 26468245, 26468245, 26468245, 26468245, 26468245, 26468245, 26468245, 26468245, 26468245, 26468245, 26468245, 26468245, 26468245, 26468245, 26468245, 26468245, 26468245, 222598838, 26843454, 26843454, 26843454, 26843454, 26843454, 26843454, 26843454, 66363127, 26843454, 26843454, 26851835, 26851835, 26851835, 26851835, 26851835, 26851835, 331936913, 57108471, 26843454, 26843454, 26843454, 26843454, 26843454, 26843454, 26843454, 26843454, 26843454, 26843454, 26843454, 26843454, 26843454, 26409918, 51564689, 25619925, 25619925, 25619925, 25619925, 25619925, 25619925, 25619925, 25619925, 25619925, 25619925, 25619925, 25619925, 25619925, 25619925, 25619925, 25619925, 25619925, 25619925, 25619925, 25619925, 25619925, 25829685, 25829685, 25829685, 25829685, 25829685, 25829685, 25829685, 25829685, 25829685, 25829685, 25829685, 25829685, 25829685, 25829685, 25829685, 25829685, 25829685, 25829685, 25829685, 25829685, 25829685, 25829685, 25829685, 25829685, 25829685, 25829685, 25829685, 25829685, 25829685, 25829685, 25829685, 25829685, 25829685, 25829685, 25829685, 25829685, 25829685, 25829685, 25829685, 25829685, 25829685, 25829685, 25829685, 25829685, 25829685, 25829685, 25829685, 25829685, 25829685, 25829685, 25829685, 25829685, 25829685, 25829685, 25829685, 25829685, 25829685, 25829685, 25829685, 25829685, 25829685, 25829685, 25829685, 25829685, 25892533, 25892533, 25892533, 25892533, 25892533, 25892533, 25892533, 25892533, 25892533, 25892533, 25892533, 25892533, 25892533, 25892533, 25892533, 25892533, 25892533, 25892533, 25892533, 25892533, 25892533, 25892533, 25892533, 25892533, 25892533, 25892533, 25892533, 25892533, 25892533, 25892533, 25892533, 25892533, 25892533, 25892533, 25892533, 25892533, 25892533, 25892533, 25892533, 25892533, 25892533, 25892533, 25892533, 25892533, 25892533, 25892533, 25892533, 25892533, 25892533, 25892533, 25892533, 25892533, 25892533, 25892533, 25892533, 25892533, 25892533, 25892533, 25892533, 25892533, 25892533, 25892533, 25892533, 25892533, 26150133, 26150133, 26150133, 26150133, 26150133, 26150133, 26150133, 26150133, 26150133, 26150133, 26150133, 26150133, 26150133, 26552895, 26552895, 26552895, 26552895, 26552895, 26552895, 26552895, 26552895, 26552895, 26552895, 26552895, 26552895, 26552895, 26552895, 26552895, 26552895, 26552895, 52254610, 26309846, 26309846, 26292502, 26292502, 26292502, 26292502, 26292502, 26292502, 26292502, 26292502, 26292502, 577682098, 26467984, 26467984, 26467984, 26467984, 26467984, 26467984, 26467984, 26467984, 26467984, 26467984, 26467984, 26467984, 26467984, 26467984, 26467984, 26467984, 26467984, 26467984, 26467984, 26467984, 26456112, 26456112, 26456112, 26456112, 26456112, 26456112, 26456112, 26456112, 26456112, 26456112, 26456112, 26456112, 26456112, 26456112, 26456112, 26456112, 26456112, 26456112, 26456112, 26456112, 26456112, 26456112, 26456112, 26456112, 26456112, 26456112, 26456112, 26456112, 26456112, 26456112, 26456112, 26456112, 26456112, 26456112, 26456112, 27115070, 27115070, 27115070, 27115070, 26638708, 26638708, 26723508, 26723508, 26723508, 26723508, 350837629, 26639587, 26639587, 26639587, 26639587, 26639587, 26639587, 26639587, 26639587, 26639587, 26639587, 26639587, 26639587, 26639587, 26439258, 27876731, 30835422, 30835422, 30835422, 30835422, 30835422, 30835422, 30835422, 30835422, 30835422, 30835422, 30835422, 30835422, 30835422, 30835422, 64267884, 235665510, 26843454, 26128629, 26128629, 26128629, 27948373, 27948373, 27948373, 27948373, 27948373, 27948373, 28253013, 28253013, 28253013, 28253013, 64668668, 26490517, 26490517, 26490517, 26490517, 26490517, 26490517, 26490517, 26490517]",0,0,0,PCIE_NVME,0,169869312,0,169869312,169869312,169869312,1.0,hot,0,0,0,0,1.0,339738624
0,144,meta-llama/Llama-3.1-8B,160,440,13639686577,101210843113,87571156536,65947286308,66160457626,76740856,"[26956587, 26956587, 26956587, 26956587, 26759908, 26759908, 26759908, 26759908, 26759908, 26759908, 26759908, 26759908, 26759908, 26759908, 26759908, 26759908, 26759908, 26759908, 26759908, 26759908, 26759908, 26759908, 26759908, 26759908, 878141343, 26695203, 26695203, 26695203, 26695203, 26695203, 26695203, 26695203, 26695203, 195976119, 26695203, 26695203, 26695203, 26695203, 26695203, 26695203, 26695203, 26695203, 26695203, 26695203, 26695203, 26695203, 26695203, 26695203, 26695203, 26695203, 26695203, 26695203, 26695203, 26695203, 26695203, 26695203, 26790979, 26790979, 26790979, 26790979, 26790979, 26790979, 26790979, 26790979, 26790979, 26790979, 26790979, 26790979, 26790979, 26790979, 26790979, 26790979, 26706189, 26706189, 26645180, 26645180, 26645180, 26645180, 26645180, 26645180, 26645180, 26645180, 26645180, 26645180, 26645180, 26645180, 26645180, 26645180, 26645180, 26645180, 26645180, 1062751874, 26428822, 26428822, 26428822, 4508097048, 26843454, 26843454, 26843454, 26843454, 26843454, 26843454, 26843454, 66363127, 26843454, 26843454, 550156394, 26843454, 26843454, 26843454, 26843454, 26843454, 26843454, 26843454, 26843454, 26843454, 26843454, 26843454, 26843454, 26843454, 26409918, 4743410620, 26309846, 26309846, 26292502, 26292502, 26292502, 26292502, 26292502, 26292502, 26292502, 26292502, 26292502, 577682098, 26467984, 26467984, 26467984, 26467984, 26467984, 26467984, 26467984, 26467984, 26467984, 26467984, 26467984, 26467984, 26467984, 26467984, 26467984, 26467984, 26467984, 26467984, 26467984, 26467984, 26456112, 26456112, 26456112, 26456112, 26456112, 26456112, 26456112, 26456112, 26456112, 26456112, 26456112, 26456112, 26456112, 26456112, 26456112, 26456112, 26456112, 26456112, 26456112, 26456112, 26456112, 26456112, 26456112, 26456112, 26456112, 26456112, 26456112, 26456112, 26456112, 26456112, 26456112, 26456112, 26456112, 26456112, 26456112, 27115070, 27115070, 27115070, 27115070, 26638708, 26638708, 26723508, 26723508, 26723508, 26723508, 350837629, 26639587, 26639587, 26639587, 26639587, 26639587, 26639587, 26639587, 26639587, 26639587, 26639587, 26639587, 26639587, 26639587, 26439258, 523840523, 235665510, 26843454, 26128629, 26128629, 26128629, 345370958, 26490517, 26490517, 26490517, 26490517, 26490517, 26490517, 26490517, 26490517, 280026971, 26637795, 25829685, 25829685, 25829685, 25829685, 25829685, 64227694, 26049543, 26049543, 26049543, 26049543, 26049543, 26049543, 26049543, 26049543, 26049543, 26049543, 26049543, 26049543, 26049543, 26049543, 26049543, 26049543, 26049543, 26049543, 26049543, 26049543, 26049543, 26049543, 26049543, 26049543, 26049543, 26049543, 26049543, 26049543, 26049543, 26049543, 26049543, 26049543, 26049543, 26049543, 26049543, 26049543, 26049543, 26049543, 26049543, 26049543, 26049543, 26049543]",0,0,0,NPU,0,0,0,0,0,0,1.0,hot,0,0,0,0,1.0,0
0,139,meta-llama/Llama-3.1-8B,742,1077,13144395522,102411354355,89266958833,66442577363,66655748681,67698233,"[26956587, 26956587, 26956587, 26956587, 26759908, 26759908, 26759908, 26759908, 26759908, 26759908, 26759908, 26759908, 26759908, 26759908, 26759908, 26759908, 26759908, 26759908, 26759908, 26759908, 26759908, 26759908, 26759908, 26759908, 878141343, 26695203, 26695203, 26695203, 26695203, 26695203, 26695203, 26695203, 26695203, 195976119, 26695203, 26695203, 26695203, 26695203, 26695203, 26695203, 26695203, 26695203, 26695203, 26695203, 26695203, 26695203, 26695203, 26695203, 26695203, 26695203, 26695203, 26695203, 26695203, 26695203, 26695203, 26695203, 26790979, 26790979, 26790979, 26790979, 26790979, 26790979, 26790979, 26790979, 26790979, 26790979, 26790979, 26790979, 26790979, 26790979, 26790979, 26790979, 26706189, 26706189, 26645180, 26645180, 26645180, 26645180, 26645180, 26645180, 26645180, 26645180, 26645180, 26645180, 26645180, 26645180, 26645180, 26645180, 26645180, 26645180, 26645180, 1062751874, 26428822, 26428822, 26428822, 26637795, 26637795, 26637795, 4428183663, 26843454, 26843454, 26843454, 26843454, 26843454, 26843454, 26843454, 66363127, 26843454, 26843454, 550156394, 26843454, 26843454, 26843454, 26843454, 26843454, 26843454, 26843454, 26843454, 26843454, 26843454, 26843454, 26843454, 26843454, 26409918, 4743410620, 26309846, 26309846, 26292502, 26292502, 26292502, 26292502, 26292502, 26292502, 26292502, 26292502, 26292502, 577682098, 26467984, 26467984, 26467984, 26467984, 26467984, 26467984, 26467984, 26467984, 26467984, 26467984, 26467984, 26467984, 26467984, 26467984, 26467984, 26467984, 26467984, 26467984, 26467984, 26467984, 26456112, 26456112, 26456112, 26456112, 26456112, 26456112, 26456112, 26456112, 26456112, 26456112, 26456112, 26456112, 26456112, 26456112, 26456112, 26456112, 26456112, 26456112, 26456112, 26456112, 26456112, 26456112, 26456112, 26456112, 26456112, 26456112, 26456112, 26456112, 26456112, 26456112, 26456112, 26456112, 26456112, 26456112, 26456112, 27115070, 27115070, 27115070, 27115070, 26638708, 26638708, 26723508, 26723508, 26723508, 26723508, 350837629, 26639587, 26639587, 26639587, 26639587, 26639587, 26639587, 26639587, 26639587, 26639587, 26639587, 26639587, 26639587, 26639587, 26439258, 523840523, 235665510, 26843454, 26128629, 26128629, 26128629, 27948373, 27948373, 27948373, 27948373, 27948373, 27948373, 28253013, 28253013, 28253013, 28253013, 64668668, 26490517, 26490517, 26490517, 26490517, 26490517, 26490517, 26490517, 26490517, 280026971, 26637795, 25829685, 25829685, 25829685, 25829685, 25829685, 64227694, 26049543, 26049543, 26049543, 26049543, 26049543, 26049543, 26049543, 26049543, 26049543, 26049543, 26049543, 26049543, 26049543, 26049543, 26049543, 26049543, 26049543, 26049543, 26049543, 26049543, 26049543, 26049543, 26049543, 26049543, 26049543, 26049543, 26049543, 26049543, 26049543, 26049543, 26049543, 26049543, 26049543, 26049543, 26049543, 26049543, 26049543, 26049543, 26049543, 26049543, 26049543, 26049543, 65021605, 26843454, 26843454, 26843454, 26843454, 27029173, 27275701, 27275701, 27275701, 27275701, 27275701, 27275701, 27275701, 27275701, 27275701, 27275701, 27275701, 27275701, 27275701, 27275701, 27275701, 64548293, 26370142, 26370142, 26370142, 26370142, 26370142, 26370142, 26370142, 26370142, 26370142, 26370142, 26370142, 26370142, 26370142, 26370142, 26370142, 26370142, 26370142, 26370142, 26370142, 26370142]",0,0,0,NPU,0,0,0,0,0,0,1.0,hot,0,0,0,0,1.0,0
0,150,meta-llama/Llama-3.1-8B,1714,1742,14084179989,102582397801,88498217812,83386919447,83737757076,176313360,"[26639587, 26639587, 26639587, 26639587, 26639587, 26639587, 26639587, 26639587, 26639587, 26639587, 26639587, 26639587, 26639587, 785945291, 26843454, 915707952, 26637795, 1352478530, 26843454, 26843454, 26843454, 26843454, 1092867031, 26573059, 26573059, 26573059, 26573059]",0,0,0,PCIE_NVME,0,912261120,0,912261120,912261120,912261120,1.0,hot,0,0,0,0,1.0,1824522240
0,146,meta-llama/Llama-3.1-8B,361,642,13737494231,103284638609,89547144378,67797377447,67993353566,76977824,"[26695203, 26695203, 26695203, 26695203, 26695203, 26695203, 26695203, 26695203, 26695203, 26695203, 26695203, 26695203, 26695203, 26695203, 26695203, 26695203, 26695203, 26695203, 26695203, 26695203, 26695203, 26695203, 26790979, 26790979, 26790979, 26790979, 26790979, 26790979, 26790979, 26790979, 26790979, 26790979, 26790979, 26790979, 26790979, 26790979, 26790979, 26790979, 26706189, 26706189, 26645180, 26645180, 26645180, 26645180, 26645180, 26645180, 26645180, 26645180, 26645180, 26645180, 26645180, 26645180, 26645180, 26645180, 26645180, 26645180, 26645180, 1062751874, 26428822, 26428822, 26428822, 4508097048, 26843454, 26843454, 26843454, 26843454, 26843454, 26843454, 26843454, 66363127, 26843454, 26843454, 550156394, 26843454, 26843454, 26843454, 26843454, 26843454, 26843454, 26843454, 26843454, 26843454, 26843454, 26843454, 26843454, 26843454, 4769820538, 26309846, 26309846, 26292502, 26292502, 26292502, 26292502, 26292502, 26292502, 26292502, 26292502, 26292502, 577682098, 26467984, 26467984, 26467984, 26467984, 26467984, 26467984, 26467984, 26467984, 26467984, 26467984, 26467984, 26467984, 26467984, 26467984, 26467984, 26467984, 26467984, 26467984, 26467984, 26467984, 26456112, 26456112, 26456112, 26456112, 26456112, 26456112, 26456112, 26456112, 26456112, 26456112, 26456112, 26456112, 26456112, 26456112, 26456112, 26456112, 26456112, 26456112, 26456112, 26456112, 26456112, 26456112, 26456112, 26456112, 26456112, 26456112, 26456112, 26456112, 26456112, 26456112, 26456112, 26456112, 26456112, 26456112, 26456112, 27115070, 27115070, 27115070, 27115070, 26638708, 26638708, 26723508, 26723508, 26723508, 26723508, 350837629, 26639587, 26639587, 26639587, 26639587, 26639587, 26639587, 26639587, 26639587, 26639587, 26639587, 26639587, 26639587, 26639587, 26439258, 523840523, 235665510, 26843454, 423756845, 26490517, 26490517, 26490517, 26490517, 26490517, 26490517, 26490517, 26490517, 280026971, 26637795, 25829685, 25829685, 25829685, 25829685, 25829685, 64227694, 26049543, 26049543, 26049543, 26049543, 26049543, 26049543, 26049543, 26049543, 26049543, 26049543, 26049543, 26049543, 26049543, 26049543, 26049543, 26049543, 26049543, 26049543, 26049543, 26049543, 26049543, 26049543, 26049543, 26049543, 26049543, 26049543, 26049543, 26049543, 26049543, 26049543, 26049543, 26049543, 26049543, 26049543, 26049543, 26049543, 26049543, 26049543, 26049543, 26049543, 26049543, 26049543, 65021605, 26843454, 26843454, 26843454, 26843454, 500712981, 26370142, 26370142, 26370142, 26370142, 26370142, 26370142, 26370142, 26370142, 26370142, 26370142, 26370142, 26370142, 26370142, 26370142, 26370142, 26370142, 26370142, 26370142, 26370142, 26370142, 64751210, 26573059, 26573059, 26573059, 26573059, 197139889, 258641506, 26759908, 25739482, 25739482, 25739482, 116059717, 26421342]",0,0,0,NPU,0,0,0,0,0,0,1.0,hot,0,0,0,0,1.0,0
0,167,meta-llama/Llama-3.1-8B,8,21,15631053583,103634123788,88003070205,87148484107,87407125613,49662049,"[26759908, 299618814, 26956587, 26956587, 26956587, 26956587, 26956587, 26956587, 26956587, 26956587, 26956587, 26956587]",0,0,0,NPU,0,0,0,0,0,0,1.0,hot,0,0,0,0,1.0,0
0,148,meta-llama/Llama-3.1-8B,260,496,13812631302,104133080874,90320449572,75278586629,75344949756,63725531,"[26843454, 26843454, 550156394, 26843454, 26843454, 26843454, 26843454, 26843454, 26843454, 26843454, 26843454, 26843454, 26843454, 26843454, 26843454, 26843454, 4769820538, 26309846, 26309846, 26292502, 26292502, 26292502, 26292502, 26292502, 26292502, 26292502, 26292502, 26292502, 577682098, 26467984, 26467984, 26467984, 26467984, 26467984, 26467984, 26467984, 26467984, 26467984, 26467984, 26467984, 26467984, 26467984, 26467984, 26467984, 26467984, 26467984, 26467984, 26467984, 26467984, 26456112, 26456112, 26456112, 26456112, 26456112, 26456112, 26456112, 26456112, 26456112, 26456112, 26456112, 26456112, 26456112, 26456112, 26456112, 26456112, 26456112, 26456112, 26456112, 26456112, 26456112, 26456112, 26456112, 26456112, 26456112, 26456112, 26456112, 26456112, 26456112, 26456112, 26456112, 26456112, 26456112, 26456112, 26456112, 27115070, 27115070, 27115070, 27115070, 26638708, 26638708, 26723508, 26723508, 26723508, 26723508, 350837629, 26639587, 26639587, 26639587, 26639587, 26639587, 26639587, 26639587, 26639587, 26639587, 26639587, 26639587, 26639587, 26639587, 26439258, 523840523, 235665510, 26843454, 423756845, 26490517, 26490517, 26490517, 26490517, 26490517, 26490517, 26490517, 26490517, 280026971, 26637795, 193376119, 26049543, 26049543, 26049543, 26049543, 26049543, 26049543, 26049543, 26049543, 26049543, 26049543, 26049543, 26049543, 26049543, 26049543, 26049543, 26049543, 26049543, 26049543, 26049543, 26049543, 26049543, 26049543, 26049543, 26049543, 26049543, 26049543, 26049543, 26049543, 26049543, 26049543, 26049543, 26049543, 26049543, 26049543, 26049543, 26049543, 26049543, 26049543, 26049543, 26049543, 26049543, 26049543, 65021605, 26843454, 26843454, 26843454, 26843454, 500712981, 26370142, 26370142, 26370142, 26370142, 26370142, 26370142, 26370142, 26370142, 26370142, 26370142, 26370142, 26370142, 26370142, 26370142, 26370142, 26370142, 26370142, 26370142, 26370142, 26370142, 64751210, 26573059, 26573059, 26573059, 26573059, 197139889, 258641506, 26759908, 25739482, 25739482, 25739482, 116059717, 26421342, 79919309, 26956587, 26956587, 26956587, 26956587, 26956587, 26956587, 26956587, 26956587, 26956587, 26956587, 26759908, 26759908, 26759908, 26759908, 26759908, 25954302, 25954302, 25954302, 25954302, 25954302, 25954302, 25954302, 25954302, 26253855, 26253855, 26253855, 26253855, 26253855, 26253855]",0,0,0,NPU,0,0,0,0,0,0,1.0,hot,0,0,0,0,1.0,0
0,152,meta-llama/Llama-3.1-8B,14,100,14127219130,105175100163,91047881033,83343880306,83694717935,86507801,"[26639587, 26639587, 26639587, 26639587, 26639587, 26639587, 26639587, 26639587, 26639587, 26639587, 26639587, 26639587, 26639587, 785945291, 26843454, 915707952, 26637795, 1352478530, 26843454, 26843454, 26843454, 26843454, 1092867031, 26573059, 26573059, 26573059, 26573059, 197139889, 258641506, 26759908, 25739482, 25739482, 25739482, 116059717, 26421342, 79919309, 26956587, 26956587, 26956587, 26956587, 26956587, 26956587, 26956587, 26956587, 26956587, 26956587, 26759908, 26759908, 26759908, 26759908, 26759908, 25954302, 25954302, 25954302, 25954302, 25954302, 25954302, 25954302, 25954302, 184250053, 26726923, 26726923, 26726923, 26726923, 26726923, 26726923, 26726923, 26726923, 26726923, 26726923, 26726923, 26726923, 26726923, 26726923, 26726923, 26726923, 26726923, 26726923, 25820922, 25820922, 25820922, 379282220, 25820922, 25820922, 25820922]",0,0,0,NPU,0,0,0,0,0,0,1.0,hot,0,0,0,0,1.0,0
0,138,meta-llama/Llama-3.1-8B,1041,1509,12787615709,106581266505,93793650796,66521314704,66719421636,57974794,"[26645180, 26645180, 26645180, 213171318, 26956587, 26956587, 26956587, 26956587, 26759908, 26759908, 26759908, 26759908, 26759908, 26759908, 26759908, 26759908, 26759908, 26759908, 26759908, 26759908, 26759908, 26759908, 26759908, 26759908, 26759908, 26759908, 26759908, 26759908, 878141343, 26695203, 26695203, 26695203, 26695203, 26695203, 26695203, 26695203, 26695203, 195976119, 26695203, 26695203, 26695203, 26695203, 26695203, 26695203, 26695203, 26695203, 26695203, 26695203, 26695203, 26695203, 26695203, 26695203, 26695203, 26695203, 26695203, 26695203, 26695203, 26695203, 26695203, 26695203, 26790979, 26790979, 26790979, 26790979, 26790979, 26790979, 26790979, 26790979, 26790979, 26790979, 26790979, 26790979, 26790979, 26790979, 26790979, 26790979, 26706189, 26706189, 26645180, 26645180, 26645180, 26645180, 26645180, 26645180, 26645180, 26645180, 26645180, 26645180, 26645180, 26645180, 26645180, 26645180, 26645180, 26645180, 26645180, 1062751874, 26428822, 26428822, 26428822, 26637795, 26637795, 26637795, 4428183663, 26843454, 26843454, 26843454, 26843454, 26843454, 26843454, 26843454, 66363127, 26843454, 26843454, 550156394, 26843454, 26843454, 26843454, 26843454, 26843454, 26843454, 26843454, 26843454, 26843454, 26843454, 26843454, 26843454, 26843454, 26409918, 4743410620, 26309846, 26309846, 26292502, 26292502, 26292502, 26292502, 26292502, 26292502, 26292502, 26292502, 26292502, 577682098, 26467984, 26467984, 26467984, 26467984, 26467984, 26467984, 26467984, 26467984, 26467984, 26467984, 26467984, 26467984, 26467984, 26467984, 26467984, 26467984, 26467984, 26467984, 26467984, 26467984, 26456112, 26456112, 26456112, 26456112, 26456112, 26456112, 26456112, 26456112, 26456112, 26456112, 26456112, 26456112, 26456112, 26456112, 26456112, 26456112, 26456112, 26456112, 26456112, 26456112, 26456112, 26456112, 26456112, 26456112, 26456112, 26456112, 26456112, 26456112, 26456112, 26456112, 26456112, 26456112, 26456112, 26456112, 26456112, 27115070, 27115070, 27115070, 27115070, 26638708, 26638708, 26723508, 26723508, 26723508, 26723508, 350837629, 26639587, 26639587, 26639587, 26639587, 26639587, 26639587, 26639587, 26639587, 26639587, 26639587, 26639587, 26639587, 26639587, 26439258, 27876731, 495963792, 235665510, 26843454, 26128629, 26128629, 26128629, 27948373, 27948373, 27948373, 27948373, 27948373, 27948373, 28253013, 28253013, 28253013, 28253013, 64668668, 26490517, 26490517, 26490517, 26490517, 26490517, 26490517, 26490517, 26490517, 280026971, 26637795, 25829685, 25829685, 25829685, 25829685, 25829685, 64227694, 26049543, 26049543, 26049543, 26049543, 26049543, 26049543, 26049543, 26049543, 26049543, 26049543, 26049543, 26049543, 26049543, 26049543, 26049543, 26049543, 26049543, 26049543, 26049543, 26049543, 26049543, 26049543, 26049543, 26049543, 26049543, 26049543, 26049543, 26049543, 26049543, 26049543, 26049543, 26049543, 26049543, 26049543, 26049543, 26049543, 26049543, 26049543, 26049543, 26049543, 26049543, 26049543, 65021605, 26843454, 26843454, 26843454, 26843454, 27029173, 27275701, 27275701, 27275701, 27275701, 27275701, 27275701, 27275701, 27275701, 27275701, 27275701, 27275701, 27275701, 27275701, 27275701, 27275701, 64548293, 26370142, 26370142, 26370142, 26370142, 26370142, 26370142, 26370142, 26370142, 26370142, 26370142, 26370142, 26370142, 26370142, 26370142, 26370142, 26370142, 26370142, 26370142, 26370142, 26370142, 64751210, 26573059, 26573059, 26573059, 26573059, 197139889, 258641506, 26759908, 25739482, 25739482, 25739482, 116059717, 26421342, 79919309, 26956587, 26956587, 26956587, 26956587, 26956587, 26956587, 26956587, 26956587, 26956587, 26956587, 26759908, 26759908, 26759908, 26759908, 26759908, 25954302, 25954302, 25954302, 25954302, 25954302, 25954302, 25954302, 25954302, 26253855, 26253855, 26253855, 26253855, 26253855, 26253855, 26726923, 26726923, 26726923, 26726923, 26726923, 26726923, 26726923, 26726923, 26726923, 26726923, 26726923, 26726923, 26726923, 26726923, 26726923, 26726923, 26726923, 26726923, 26726923, 25820922, 25820922, 25820922, 26032767, 26032767, 26032767, 26032767, 26032767, 26032767, 26032767, 26032767, 26032767, 26032767, 118954550, 25820922, 25820922, 25820922, 56230997, 26790979, 26573059, 26467984, 25954302, 25954302, 26032767, 26032767, 26032767, 26032767, 26032767, 26032767, 120224721, 26042517, 26042517, 26042517, 26042517, 26042517, 26042517, 26042517, 26042517, 26042517, 26042517, 26042517, 26042517, 26042517, 26042517, 26042517, 26042517, 26042517, 26042517, 26042517, 26042517, 26042517, 26042517, 26042517, 26368885, 26368885, 26368885, 26368885, 26368885, 26368885, 26368885, 26368885, 26368885, 26368885, 26368885, 26368885, 26368885]",0,0,0,PCIE_NVME,0,1176502272,0,1176502272,1176502272,1176502272,1.0,hot,0,0,0,0,1.0,2353004544
0,170,meta-llama/Llama-3.1-8B,111,196,15837779571,107890784288,92053004717,87446859038,87526778347,53883647,"[26956587, 26956587, 26956587, 26956587, 26956587, 26956587, 26956587, 26956587, 26956587, 26956587, 26759908, 26759908, 26759908, 26759908, 26759908, 391884469, 26726923, 26726923, 26726923, 26726923, 26726923, 26726923, 26726923, 26726923, 26726923, 26726923, 26726923, 26726923, 26726923, 26726923, 26726923, 26726923, 26726923, 26726923, 590438749, 26790979, 1379549730, 26615821, 26615821, 26615821, 26615821, 26615821, 26615821, 26615821, 26615821, 26615821, 26615821, 26615821, 26615821, 26615821, 26615821, 26615821, 26615821, 26615821, 26615821, 26615821, 26615821, 26615821, 26615821, 26615821, 26706189, 26706189, 26706189, 26706189, 26706189, 26706189, 26706189, 26706189, 26706189, 26706189, 26706189, 26706189, 26706189, 26706189, 26706189, 26706189, 26706189, 26706189, 26706189, 26706189, 26706189, 26706189, 26706189, 26706189]",0,0,0,NPU,0,0,0,0,0,0,1.0,hot,0,0,0,0,1.0,0
0,154,meta-llama/Llama-3.1-8B,12,182,14618850038,107917429468,93298579430,82852249398,83203087027,59736641,"[26639587, 26639587, 26639587, 26639587, 26639587, 26639587, 26639587, 26639587, 26639587, 26639587, 26639587, 26639587, 26639587, 785945291, 26843454, 915707952, 26637795, 1352478530, 26843454, 26843454, 26843454, 26843454, 1092867031, 26573059, 26573059, 26573059, 26573059, 197139889, 258641506, 26759908, 25739482, 25739482, 25739482, 116059717, 26421342, 79919309, 26956587, 26956587, 26956587, 26956587, 26956587, 26956587, 26956587, 26956587, 26956587, 26956587, 26759908, 26759908, 26759908, 26759908, 26759908, 391884469, 26726923, 26726923, 26726923, 26726923, 26726923, 26726923, 26726923, 26726923, 26726923, 26726923, 26726923, 26726923, 26726923, 26726923, 26726923, 26726923, 26726923, 26726923, 25820922, 25820922, 25820922, 379282220, 25820922, 25820922, 25820922, 56230997, 26790979, 26573059, 26467984, 25954302, 25954302, 276421323, 26042517, 26042517, 26042517, 26042517, 26042517, 26042517, 26042517, 26042517, 26042517, 26042517, 26042517, 26042517, 26042517, 26042517, 26042517, 26042517, 26042517, 26042517, 26042517, 26042517, 26042517, 26042517, 26042517, 26368885, 26368885, 26368885, 26368885, 26368885, 26368885, 26368885, 26368885, 26368885, 26368885, 26368885, 26368885, 26368885, 56405364, 26615821, 26615821, 26615821, 26615821, 26615821, 26615821, 26615821, 26615821, 26615821, 26615821, 26615821, 26615821, 26615821, 26615821, 26615821, 26615821, 26615821, 26615821, 26615821, 26615821, 26615821, 26615821, 26615821, 26706189, 26706189, 26706189, 26706189, 26706189, 26706189, 26706189, 26706189, 26706189, 26706189, 26706189, 26706189, 26706189, 26706189, 26706189, 26706189, 26706189, 26706189, 26706189, 26706189, 26706189, 26706189, 26706189, 26706189, 26645180]",0,0,0,NPU,0,0,0,0,0,0,1.0,hot,0,0,0,0,1.0,0
0,155,meta-llama/Llama-3.1-8B,847,1015,14646564519,108367016684,93720452165,84071966958,84307632468,56364189,"[26843454, 915707952, 26637795, 1352478530, 26843454, 26843454, 26843454, 26843454, 1092867031, 26573059, 26573059, 26573059, 26573059, 197139889, 258641506, 26759908, 193278163, 26421342, 79919309, 26956587, 26956587, 26956587, 26956587, 26956587, 26956587, 26956587, 26956587, 26956587, 26956587, 26759908, 26759908, 26759908, 26759908, 26759908, 391884469, 26726923, 26726923, 26726923, 26726923, 26726923, 26726923, 26726923, 26726923, 26726923, 26726923, 26726923, 26726923, 26726923, 26726923, 26726923, 26726923, 26726923, 26726923, 25820922, 25820922, 25820922, 379282220, 25820922, 25820922, 25820922, 56230997, 26790979, 26573059, 26467984, 328329927, 26042517, 26042517, 26042517, 26042517, 26042517, 26042517, 26042517, 26042517, 26042517, 26042517, 26042517, 26042517, 26042517, 26042517, 26042517, 26042517, 26042517, 26042517, 26042517, 26042517, 26042517, 26042517, 26042517, 26368885, 26368885, 26368885, 26368885, 26368885, 26368885, 26368885, 26368885, 26368885, 26368885, 26368885, 26368885, 26368885, 56405364, 26615821, 26615821, 26615821, 26615821, 26615821, 26615821, 26615821, 26615821, 26615821, 26615821, 26615821, 26615821, 26615821, 26615821, 26615821, 26615821, 26615821, 26615821, 26615821, 26615821, 26615821, 26615821, 26615821, 26706189, 26706189, 26706189, 26706189, 26706189, 26706189, 26706189, 26706189, 26706189, 26706189, 26706189, 26706189, 26706189, 26706189, 26706189, 26706189, 26706189, 26706189, 26706189, 26706189, 26706189, 26706189, 26706189, 26706189, 26645180, 26444528, 26444528, 26444528, 26444528, 26444528, 26444528, 26444528, 26444528, 26444528, 26444528, 26444528, 26444528, 26444528, 26444528, 26454608, 26454608, 26454608]",0,0,0,NPU,0,0,0,0,0,0,1.0,hot,0,0,0,0,1.0,0
0,163,meta-llama/Llama-3.1-8B,217,330,15381901950,108578063772,93196161822,87397635740,87656277246,49463255,"[26759908, 299618814, 26956587, 26956587, 26956587, 26956587, 26956587, 26956587, 26956587, 26956587, 26956587, 26956587, 26759908, 26759908, 26759908, 26759908, 26759908, 391884469, 26726923, 26726923, 26726923, 26726923, 26726923, 26726923, 26726923, 26726923, 26726923, 26726923, 26726923, 26726923, 26726923, 26726923, 26726923, 26726923, 26726923, 26726923, 590438749, 26790979, 1379549730, 26615821, 26615821, 26615821, 26615821, 26615821, 26615821, 26615821, 26615821, 26615821, 26615821, 26615821, 26615821, 26615821, 26615821, 26615821, 26615821, 26615821, 26615821, 26615821, 26615821, 26615821, 26615821, 26615821, 26706189, 26706189, 26706189, 26706189, 26706189, 26706189, 26706189, 26706189, 26706189, 26706189, 26706189, 26706189, 26706189, 26706189, 26706189, 26706189, 26706189, 26706189, 26706189, 26706189, 26706189, 26706189, 26706189, 26706189, 26645180, 26444528, 26444528, 26444528, 26444528, 26444528, 26444528, 26444528, 26444528, 26444528, 26444528, 26444528, 26444528, 26444528, 26444528, 26454608, 26454608, 26454608, 26380886, 26380886, 26380886, 26380886, 26380886, 26380886, 26380886, 26380886]",0,0,0,NPU,0,0,0,0,0,0,1.0,hot,0,0,0,0,1.0,0
0,156,meta-llama/Llama-3.1-8B,205,473,14758080020,111588893142,96830813122,83960451457,84196116967,47320959,"[26843454, 915707952, 26637795, 1352478530, 26843454, 26843454, 26843454, 26843454, 1092867031, 26573059, 26573059, 26573059, 26573059, 197139889, 258641506, 26759908, 193278163, 26421342, 79919309, 26956587, 26956587, 26956587, 26956587, 26956587, 26956587, 26956587, 26956587, 26956587, 26956587, 26759908, 26759908, 26759908, 26759908, 26759908, 391884469, 26726923, 26726923, 26726923, 26726923, 26726923, 26726923, 26726923, 26726923, 26726923, 26726923, 26726923, 26726923, 26726923, 26726923, 26726923, 26726923, 26726923, 26726923, 25820922, 25820922, 25820922, 379282220, 25820922, 25820922, 25820922, 56230997, 26790979, 26573059, 26467984, 328329927, 26042517, 26042517, 26042517, 26042517, 26042517, 26042517, 26042517, 26042517, 26042517, 26042517, 26042517, 26042517, 26042517, 26042517, 26042517, 26042517, 26042517, 26042517, 26042517, 26042517, 26042517, 26042517, 26042517, 26368885, 26368885, 26368885, 26368885, 26368885, 26368885, 26368885, 26368885, 26368885, 26368885, 26368885, 26368885, 26368885, 56405364, 26615821, 26615821, 26615821, 26615821, 26615821, 26615821, 26615821, 26615821, 26615821, 26615821, 26615821, 26615821, 26615821, 26615821, 26615821, 26615821, 26615821, 26615821, 26615821, 26615821, 26615821, 26615821, 26615821, 26706189, 26706189, 26706189, 26706189, 26706189, 26706189, 26706189, 26706189, 26706189, 26706189, 26706189, 26706189, 26706189, 26706189, 26706189, 26706189, 26706189, 26706189, 26706189, 26706189, 26706189, 26706189, 26706189, 26706189, 26645180, 26444528, 26444528, 26444528, 26444528, 26444528, 26444528, 26444528, 26444528, 26444528, 26444528, 26444528, 26444528, 26444528, 26444528, 26454608, 26454608, 26454608, 26380886, 26380886, 26380886, 26380886, 26380886, 26380886, 26380886, 26380886, 246660665, 480400255, 25263093, 25263093, 25263093, 25263093, 25263093, 25263093, 25263093, 25263093, 25263093, 25263093, 25263093, 25263093, 25263093, 25263093, 25263093, 25263093, 25263093, 25263093, 25263093, 25263093, 25263093, 25263093, 25263093, 25263093, 25263093, 25263093, 25263093, 25263093, 25263093, 25263093, 25263093, 25263093, 25263093, 25263093, 25263093, 25263093, 25263093, 25263093, 25263093, 25263093, 25263093, 25263093, 25263093, 25263093, 25263093, 25487317, 25487317, 25487317, 25487317, 25487317, 25487317, 25487317, 25487317, 25487317, 25487317, 25487317, 25487317, 25487317, 25487317, 25487317, 25487317, 25487317, 25487317, 25487317, 25487317, 25487317, 25487317, 25487317, 25487317, 25487317, 25487317, 25487317, 25487317, 25487317, 25487317, 25487317, 25487317, 25487317, 25487317, 25487317, 25487317, 25487317, 25487317, 25487317, 25487317, 25487317, 25487317, 25487317, 25487317, 25487317]",0,0,0,NPU,0,0,0,0,0,0,1.0,hot,0,0,0,0,1.0,0
0,171,meta-llama/Llama-3.1-8B,1316,1319,15839452265,111673371146,95833918881,92738611507,92985272172,1424323354,"[2822001529, 26645180]",0,0,0,NPU,0,0,0,0,0,0,1.0,hot,0,0,0,0,1.0,0
0,159,meta-llama/Llama-3.1-8B,1020,1141,15058876991,111864293641,96805416650,87523520810,87720660699,75706299,"[258641506, 26759908, 299618814, 26956587, 26956587, 26956587, 26956587, 26956587, 26956587, 26956587, 26956587, 26956587, 26956587, 26759908, 26759908, 26759908, 26759908, 26759908, 391884469, 26726923, 26726923, 26726923, 26726923, 26726923, 26726923, 26726923, 26726923, 26726923, 26726923, 26726923, 26726923, 26726923, 26726923, 26726923, 26726923, 26726923, 26726923, 590438749, 26790979, 26573059, 26467984, 1326508687, 26615821, 26615821, 26615821, 26615821, 26615821, 26615821, 26615821, 26615821, 26615821, 26615821, 26615821, 26615821, 26615821, 26615821, 26615821, 26615821, 26615821, 26615821, 26615821, 26615821, 26615821, 26615821, 26615821, 26706189, 26706189, 26706189, 26706189, 26706189, 26706189, 26706189, 26706189, 26706189, 26706189, 26706189, 26706189, 26706189, 26706189, 26706189, 26706189, 26706189, 26706189, 26706189, 26706189, 26706189, 26706189, 26706189, 26706189, 26645180, 26444528, 26444528, 26444528, 26444528, 26444528, 26444528, 26444528, 26444528, 26444528, 26444528, 26444528, 26444528, 26444528, 26444528, 26454608, 26454608, 26454608, 26380886, 26380886, 26380886, 26380886, 26380886, 26380886, 26380886, 26380886, 246660665, 2822001529, 26645180, 163819212, 27103283]",0,0,0,NPU,0,0,0,0,0,0,1.0,hot,0,0,0,0,1.0,0
0,153,meta-llama/Llama-3.1-8B,12,371,14194446340,113933318836,99738872496,83276653096,83627490725,45003859,"[26639587, 26639587, 26639587, 26639587, 26639587, 26639587, 26639587, 26639587, 26639587, 26639587, 26639587, 26639587, 26639587, 785945291, 26843454, 915707952, 26637795, 1352478530, 26843454, 26843454, 26843454, 26843454, 1092867031, 26573059, 26573059, 26573059, 26573059, 197139889, 258641506, 26759908, 25739482, 25739482, 25739482, 116059717, 26421342, 79919309, 26956587, 26956587, 26956587, 26956587, 26956587, 26956587, 26956587, 26956587, 26956587, 26956587, 26759908, 26759908, 26759908, 26759908, 26759908, 391884469, 26726923, 26726923, 26726923, 26726923, 26726923, 26726923, 26726923, 26726923, 26726923, 26726923, 26726923, 26726923, 26726923, 26726923, 26726923, 26726923, 26726923, 26726923, 25820922, 25820922, 25820922, 379282220, 25820922, 25820922, 25820922, 56230997, 26790979, 26573059, 26467984, 25954302, 25954302, 276421323, 26042517, 26042517, 26042517, 26042517, 26042517, 26042517, 26042517, 26042517, 26042517, 26042517, 26042517, 26042517, 26042517, 26042517, 26042517, 26042517, 26042517, 26042517, 26042517, 26042517, 26042517, 26042517, 26042517, 26368885, 26368885, 26368885, 26368885, 26368885, 26368885, 26368885, 26368885, 26368885, 26368885, 26368885, 26368885, 26368885, 56405364, 26615821, 26615821, 26615821, 26615821, 26615821, 26615821, 26615821, 26615821, 26615821, 26615821, 26615821, 26615821, 26615821, 26615821, 26615821, 26615821, 26615821, 26615821, 26615821, 26615821, 26615821, 26615821, 26615821, 26706189, 26706189, 26706189, 26706189, 26706189, 26706189, 26706189, 26706189, 26706189, 26706189, 26706189, 26706189, 26706189, 26706189, 26706189, 26706189, 26706189, 26706189, 26706189, 26706189, 26706189, 26706189, 26706189, 26706189, 26645180, 26444528, 26444528, 26444528, 26444528, 26444528, 26444528, 26444528, 26444528, 26444528, 26444528, 26444528, 26444528, 26444528, 26444528, 26454608, 26454608, 26454608, 26380886, 26380886, 26380886, 26380886, 26380886, 26380886, 26380886, 26380886, 246660665, 480400255, 25263093, 25263093, 25263093, 25263093, 25263093, 25263093, 25263093, 25263093, 25263093, 25263093, 25263093, 25263093, 25263093, 25263093, 25263093, 25263093, 25263093, 25263093, 25263093, 25263093, 25263093, 25263093, 25263093, 25263093, 25263093, 25263093, 25263093, 25263093, 25263093, 25263093, 25263093, 25263093, 25263093, 25263093, 25263093, 25263093, 25263093, 25263093, 25263093, 25263093, 25263093, 25263093, 25263093, 25263093, 25263093, 25487317, 25487317, 25487317, 25487317, 25487317, 25487317, 25487317, 25487317, 25487317, 25487317, 25487317, 25487317, 25487317, 25487317, 25487317, 25487317, 25487317, 25487317, 25487317, 25487317, 25487317, 25487317, 25487317, 25487317, 25487317, 25487317, 25487317, 25487317, 25487317, 25487317, 25487317, 25487317, 25487317, 25487317, 25487317, 25487317, 25487317, 25487317, 25487317, 25487317, 25487317, 25487317, 25487317, 25487317, 25487317, 57832824, 26645180, 163819212, 27103283, 250018853, 25853850, 25853850, 25853850, 25853850, 25853850, 26468245, 26468245, 25829685, 25829685, 25829685, 25829685, 25829685, 25892415, 25892415, 109461767, 25892415, 25892415, 25892415, 25892415, 25892415, 25892415, 25892415, 25892415, 25892415, 25892415, 25892415, 25892415, 25892415, 25892415, 25892415, 25892415, 25892415, 25892415, 25892415, 25892415, 25892415, 25892415, 25892415, 25892415, 25892415, 25892415, 25892415, 25892415, 25892415, 25892415, 25892415, 25892415, 25892415, 25892415, 25892415, 25892415, 25892415, 25892415, 25892415, 25892415, 25892415, 25892415, 25892415, 25892415, 25892415, 25892415, 25892415, 25892415, 25892415, 25892415, 25892415, 25892415]",0,0,0,NPU,0,0,0,0,0,0,1.0,hot,0,0,0,0,1.0,0
0,141,meta-llama/Llama-3.1-8B,16,752,13501602637,114711942890,101210340253,66085370248,66298541566,47499045,"[26956587, 26956587, 26956587, 26956587, 26759908, 26759908, 26759908, 26759908, 26759908, 26759908, 26759908, 26759908, 26759908, 26759908, 26759908, 26759908, 26759908, 26759908, 26759908, 26759908, 26759908, 26759908, 26759908, 26759908, 878141343, 26695203, 26695203, 26695203, 26695203, 26695203, 26695203, 26695203, 26695203, 195976119, 26695203, 26695203, 26695203, 26695203, 26695203, 26695203, 26695203, 26695203, 26695203, 26695203, 26695203, 26695203, 26695203, 26695203, 26695203, 26695203, 26695203, 26695203, 26695203, 26695203, 26695203, 26695203, 26790979, 26790979, 26790979, 26790979, 26790979, 26790979, 26790979, 26790979, 26790979, 26790979, 26790979, 26790979, 26790979, 26790979, 26790979, 26790979, 26706189, 26706189, 26645180, 26645180, 26645180, 26645180, 26645180, 26645180, 26645180, 26645180, 26645180, 26645180, 26645180, 26645180, 26645180, 26645180, 26645180, 26645180, 26645180, 1062751874, 26428822, 26428822, 26428822, 26637795, 26637795, 26637795, 4428183663, 26843454, 26843454, 26843454, 26843454, 26843454, 26843454, 26843454, 66363127, 26843454, 26843454, 550156394, 26843454, 26843454, 26843454, 26843454, 26843454, 26843454, 26843454, 26843454, 26843454, 26843454, 26843454, 26843454, 26843454, 26409918, 4743410620, 26309846, 26309846, 26292502, 26292502, 26292502, 26292502, 26292502, 26292502, 26292502, 26292502, 26292502, 577682098, 26467984, 26467984, 26467984, 26467984, 26467984, 26467984, 26467984, 26467984, 26467984, 26467984, 26467984, 26467984, 26467984, 26467984, 26467984, 26467984, 26467984, 26467984, 26467984, 26467984, 26456112, 26456112, 26456112, 26456112, 26456112, 26456112, 26456112, 26456112, 26456112, 26456112, 26456112, 26456112, 26456112, 26456112, 26456112, 26456112, 26456112, 26456112, 26456112, 26456112, 26456112, 26456112, 26456112, 26456112, 26456112, 26456112, 26456112, 26456112, 26456112, 26456112, 26456112, 26456112, 26456112, 26456112, 26456112, 27115070, 27115070, 27115070, 27115070, 26638708, 26638708, 26723508, 26723508, 26723508, 26723508, 350837629, 26639587, 26639587, 26639587, 26639587, 26639587, 26639587, 26639587, 26639587, 26639587, 26639587, 26639587, 26639587, 26639587, 26439258, 523840523, 235665510, 26843454, 26128629, 26128629, 26128629, 345370958, 26490517, 26490517, 26490517, 26490517, 26490517, 26490517, 26490517, 26490517, 280026971, 26637795, 25829685, 25829685, 25829685, 25829685, 25829685, 64227694, 26049543, 26049543, 26049543, 26049543, 26049543, 26049543, 26049543, 26049543, 26049543, 26049543, 26049543, 26049543, 26049543, 26049543, 26049543, 26049543, 26049543, 26049543, 26049543, 26049543, 26049543, 26049543, 26049543, 26049543, 26049543, 26049543, 26049543, 26049543, 26049543, 26049543, 26049543, 26049543, 26049543, 26049543, 26049543, 26049543, 26049543, 26049543, 26049543, 26049543, 26049543, 26049543, 65021605, 26843454, 26843454, 26843454, 26843454, 27029173, 27275701, 27275701, 27275701, 27275701, 27275701, 27275701, 27275701, 27275701, 27275701, 27275701, 27275701, 27275701, 27275701, 27275701, 27275701, 64548293, 26370142, 26370142, 26370142, 26370142, 26370142, 26370142, 26370142, 26370142, 26370142, 26370142, 26370142, 26370142, 26370142, 26370142, 26370142, 26370142, 26370142, 26370142, 26370142, 26370142, 64751210, 26573059, 26573059, 26573059, 26573059, 197139889, 258641506, 26759908, 25739482, 25739482, 25739482, 116059717, 26421342, 79919309, 26956587, 26956587, 26956587, 26956587, 26956587, 26956587, 26956587, 26956587, 26956587, 26956587, 26759908, 26759908, 26759908, 26759908, 26759908, 25954302, 25954302, 25954302, 25954302, 25954302, 25954302, 25954302, 25954302, 26253855, 26253855, 26253855, 26253855, 26253855, 26253855, 26726923, 26726923, 26726923, 26726923, 26726923, 26726923, 26726923, 26726923, 26726923, 26726923, 26726923, 26726923, 26726923, 26726923, 26726923, 26726923, 26726923, 26726923, 26726923, 25820922, 25820922, 25820922, 26032767, 26032767, 26032767, 26032767, 26032767, 26032767, 26032767, 26032767, 26032767, 26032767, 118954550, 25820922, 25820922, 25820922, 56230997, 26790979, 26573059, 26467984, 25954302, 25954302, 26032767, 26032767, 26032767, 26032767, 26032767, 26032767, 120224721, 26042517, 26042517, 26042517, 26042517, 26042517, 26042517, 26042517, 26042517, 26042517, 26042517, 26042517, 26042517, 26042517, 26042517, 26042517, 26042517, 26042517, 26042517, 26042517, 26042517, 26042517, 26042517, 26042517, 26368885, 26368885, 26368885, 26368885, 26368885, 26368885, 26368885, 26368885, 26368885, 26368885, 26368885, 26368885, 26368885, 56405364, 26615821, 26615821, 26615821, 26615821, 26615821, 26615821, 26615821, 26615821, 26615821, 26615821, 26615821, 26615821, 26615821, 26615821, 26615821, 26615821, 26615821, 26615821, 26615821, 26615821, 26615821, 26615821, 26615821, 26706189, 26706189, 26706189, 26706189, 26706189, 26706189, 26706189, 26706189, 26706189, 26706189, 26706189, 26706189, 26706189, 26706189, 26706189, 26706189, 26706189, 26706189, 26706189, 26706189, 26706189, 26706189, 26706189, 26706189, 26645180, 26444528, 26444528, 26444528, 26444528, 26444528, 26444528, 26444528, 26444528, 26444528, 26444528, 26444528, 26444528, 26444528, 26444528, 26454608, 26454608, 26454608, 26380886, 26380886, 26380886, 26380886, 26380886, 26380886, 26380886, 26380886, 246660665, 25904021, 25904021, 26581534, 26581534, 26581534, 26581534, 26581534, 26581534, 26581534, 26581534, 26581534, 26581534, 26581534, 26581534, 26581534, 26581534, 56450737, 25263093, 25263093, 25263093, 25263093, 25263093, 25263093, 25263093, 25263093, 25263093, 25263093, 25263093, 25263093, 25263093, 25263093, 25263093, 25263093, 25263093, 25263093, 25263093, 25263093, 25263093, 25263093, 25263093, 25263093, 25263093, 25263093, 25263093, 25263093, 25263093, 25263093, 25263093, 25263093, 25263093, 25263093, 25263093, 25263093, 25263093, 25263093, 25263093, 25263093, 25263093, 25263093, 25263093, 25263093, 25263093, 25487317, 25487317, 25487317, 25487317, 25487317, 25487317, 25487317, 25487317, 25487317, 25487317, 25487317, 25487317, 25487317, 25487317, 25487317, 25487317, 25487317, 25487317, 25487317, 25487317, 25487317, 25487317, 25487317, 25487317, 25487317, 25487317, 25487317, 25487317, 25487317, 25487317, 25487317, 25487317, 25487317, 25487317, 25487317, 25487317, 25487317, 25487317, 25487317, 25487317, 25487317, 25487317, 25487317, 25487317, 25487317, 57832824, 26645180, 163819212, 27103283, 250018853, 25853850, 25853850, 25853850, 25853850, 25853850, 26468245, 26468245, 25829685, 25829685, 25829685, 25829685, 25829685, 25892415, 25892415, 26016091, 26016091, 57429585, 25892415, 25892415, 25892415, 25892415, 25892415, 25892415, 25892415, 25892415, 25892415, 25892415, 25892415, 25892415, 25892415, 25892415, 25892415, 25892415, 25892415, 25892415, 25892415, 25892415, 25892415, 25892415, 25892415, 25892415, 25892415, 25892415, 25892415, 25892415, 25892415, 25892415, 25892415, 25892415, 25892415, 25892415, 25892415, 25892415, 25892415, 25892415, 25892415, 25892415, 25892415, 25892415, 25892415, 25892415, 25892415, 25892415, 25892415, 25892415, 25892415, 25892415, 25892415, 25892415, 59222477, 27685307, 27685307, 26354138, 26354138, 26354138, 26354138, 25892533, 25892533, 25892533, 25892533, 58334044, 26447349, 26447349, 26447349, 26447349, 26447349, 26447349, 26447349, 26447349, 26447349, 26447349, 26447349, 26447349, 26447349, 26447349, 26447349]",0,0,0,NPU,0,0,0,0,0,0,1.0,hot,0,0,0,0,1.0,0
0,158,meta-llama/Llama-3.1-8B,4,175,14928602099,115294081105,100365479006,84688119323,84968146294,90572545,"[1379116325, 26843454, 26843454, 26843454, 26843454, 1092867031, 26573059, 26573059, 26573059, 26573059, 197139889, 258641506, 26759908, 299618814, 26956587, 26956587, 26956587, 26956587, 26956587, 26956587, 26956587, 26956587, 26956587, 26956587, 26759908, 26759908, 26759908, 26759908, 26759908, 391884469, 26726923, 26726923, 26726923, 26726923, 26726923, 26726923, 26726923, 26726923, 26726923, 26726923, 26726923, 26726923, 26726923, 26726923, 26726923, 26726923, 26726923, 26726923, 590438749, 26790979, 26573059, 26467984, 1326508687, 26615821, 26615821, 26615821, 26615821, 26615821, 26615821, 26615821, 26615821, 26615821, 26615821, 26615821, 26615821, 26615821, 26615821, 26615821, 26615821, 26615821, 26615821, 26615821, 26615821, 26615821, 26615821, 26615821, 26706189, 26706189, 26706189, 26706189, 26706189, 26706189, 26706189, 26706189, 26706189, 26706189, 26706189, 26706189, 26706189, 26706189, 26706189, 26706189, 26706189, 26706189, 26706189, 26706189, 26706189, 26706189, 26706189, 26706189, 26645180, 26444528, 26444528, 26444528, 26444528, 26444528, 26444528, 26444528, 26444528, 26444528, 26444528, 26444528, 26444528, 26444528, 26444528, 26454608, 26454608, 26454608, 26380886, 26380886, 26380886, 26380886, 26380886, 26380886, 26380886, 26380886, 246660665, 2822001529, 26645180, 163819212, 27103283, 250018853, 25853850, 25853850, 25853850, 25853850, 25853850, 26468245, 26468245, 1696023079, 27685307, 27685307, 26354138, 26354138, 26354138, 26354138, 25892533, 25892533, 25892533, 25892533, 514443550, 27512576, 27512576, 27512576, 27512576, 27512576, 27512576, 27512576, 27512576, 27512576, 27512576, 27512576, 27512576, 27512576, 27512576, 27512576, 27512576, 27512576, 27512576, 27512576]",0,0,0,NPU,0,0,0,0,0,0,1.0,hot,0,0,0,0,1.0,0
0,151,meta-llama/Llama-3.1-8B,180,721,14111566044,118200753390,104089187346,83359533392,83710371021,37738548,"[26639587, 26639587, 26639587, 26639587, 26639587, 26639587, 26639587, 26639587, 26639587, 26639587, 26639587, 26639587, 26639587, 785945291, 26843454, 915707952, 26637795, 1352478530, 26843454, 26843454, 26843454, 26843454, 1092867031, 26573059, 26573059, 26573059, 26573059, 197139889, 258641506, 26759908, 25739482, 25739482, 25739482, 116059717, 26421342, 79919309, 26956587, 26956587, 26956587, 26956587, 26956587, 26956587, 26956587, 26956587, 26956587, 26956587, 26759908, 26759908, 26759908, 26759908, 26759908, 25954302, 25954302, 25954302, 25954302, 25954302, 25954302, 25954302, 25954302, 184250053, 26726923, 26726923, 26726923, 26726923, 26726923, 26726923, 26726923, 26726923, 26726923, 26726923, 26726923, 26726923, 26726923, 26726923, 26726923, 26726923, 26726923, 26726923, 25820922, 25820922, 25820922, 26032767, 26032767, 26032767, 26032767, 26032767, 26032767, 26032767, 26032767, 26032767, 26032767, 118954550, 25820922, 25820922, 25820922, 56230997, 26790979, 26573059, 26467984, 25954302, 25954302, 26032767, 26032767, 26032767, 26032767, 26032767, 26032767, 120224721, 26042517, 26042517, 26042517, 26042517, 26042517, 26042517, 26042517, 26042517, 26042517, 26042517, 26042517, 26042517, 26042517, 26042517, 26042517, 26042517, 26042517, 26042517, 26042517, 26042517, 26042517, 26042517, 26042517, 26368885, 26368885, 26368885, 26368885, 26368885, 26368885, 26368885, 26368885, 26368885, 26368885, 26368885, 26368885, 26368885, 56405364, 26615821, 26615821, 26615821, 26615821, 26615821, 26615821, 26615821, 26615821, 26615821, 26615821, 26615821, 26615821, 26615821, 26615821, 26615821, 26615821, 26615821, 26615821, 26615821, 26615821, 26615821, 26615821, 26615821, 26706189, 26706189, 26706189, 26706189, 26706189, 26706189, 26706189, 26706189, 26706189, 26706189, 26706189, 26706189, 26706189, 26706189, 26706189, 26706189, 26706189, 26706189, 26706189, 26706189, 26706189, 26706189, 26706189, 26706189, 26645180, 26444528, 26444528, 26444528, 26444528, 26444528, 26444528, 26444528, 26444528, 26444528, 26444528, 26444528, 26444528, 26444528, 26444528, 26454608, 26454608, 26454608, 26380886, 26380886, 26380886, 26380886, 26380886, 26380886, 26380886, 26380886, 246660665, 25904021, 25904021, 428592213, 25263093, 25263093, 25263093, 25263093, 25263093, 25263093, 25263093, 25263093, 25263093, 25263093, 25263093, 25263093, 25263093, 25263093, 25263093, 25263093, 25263093, 25263093, 25263093, 25263093, 25263093, 25263093, 25263093, 25263093, 25263093, 25263093, 25263093, 25263093, 25263093, 25263093, 25263093, 25263093, 25263093, 25263093, 25263093, 25263093, 25263093, 25263093, 25263093, 25263093, 25263093, 25263093, 25263093, 25263093, 25263093, 25487317, 25487317, 25487317, 25487317, 25487317, 25487317, 25487317, 25487317, 25487317, 25487317, 25487317, 25487317, 25487317, 25487317, 25487317, 25487317, 25487317, 25487317, 25487317, 25487317, 25487317, 25487317, 25487317, 25487317, 25487317, 25487317, 25487317, 25487317, 25487317, 25487317, 25487317, 25487317, 25487317, 25487317, 25487317, 25487317, 25487317, 25487317, 25487317, 25487317, 25487317, 25487317, 25487317, 25487317, 25487317, 57832824, 26645180, 163819212, 27103283, 250018853, 25853850, 25853850, 25853850, 25853850, 25853850, 26468245, 26468245, 25829685, 25829685, 25829685, 25829685, 25829685, 25892415, 25892415, 109461767, 25892415, 25892415, 25892415, 25892415, 25892415, 25892415, 25892415, 25892415, 25892415, 25892415, 25892415, 25892415, 25892415, 25892415, 25892415, 25892415, 25892415, 25892415, 25892415, 25892415, 25892415, 25892415, 25892415, 25892415, 25892415, 25892415, 25892415, 25892415, 25892415, 25892415, 25892415, 25892415, 25892415, 25892415, 25892415, 25892415, 25892415, 25892415, 25892415, 25892415, 25892415, 25892415, 25892415, 25892415, 25892415, 25892415, 25892415, 25892415, 25892415, 25892415, 25892415, 25892415, 59222477, 27685307, 27685307, 26354138, 26354138, 26354138, 26354138, 25892533, 25892533, 25892533, 25892533, 58334044, 26447349, 26447349, 26447349, 26447349, 26447349, 26447349, 26447349, 26447349, 26447349, 26447349, 26447349, 26447349, 26447349, 26447349, 26447349, 59399271, 27512576, 27512576, 27512576, 27512576, 27512576, 27512576, 27512576, 27512576, 27512576, 27512576, 27512576, 27512576, 27512576, 27512576, 27512576, 27512576, 27512576, 27512576, 27512576, 27278932, 27278932, 27278932, 27278932, 27278932, 27278932, 27278932, 27278932, 27278932, 27278932, 27278932, 27278932, 58740365, 26154619, 26154619, 26154619, 26154619, 26154619, 26154619, 26154619, 26154619, 26154619, 26154619, 26154619, 26154619, 26154619, 26154619, 26154619, 26154619, 26154619, 26154619, 26154619, 26154619, 26154619, 26154619, 26154619, 26154619, 26154619, 26154619, 26154619, 26154619, 26154619, 26154619, 26154619, 26154619, 26154619, 26154619, 26154619, 26154619, 26154619, 26154619, 26154619, 26154619, 26154619, 26154619, 26154619, 26154619, 26154619, 26154619, 26154619, 26154619, 26357563, 26357563, 26357563, 26357563, 26357563, 26357563, 26357563, 26357563, 26357563, 26357563, 26357563, 26357563, 26357563, 26357563, 26357563, 26357563, 26357563, 26357563, 26357563, 26357563, 26357563, 26357563, 26357563, 26357563, 26357563, 26357563, 26357563, 26357563, 26357563, 26357563, 26357563, 26357563, 26357563, 26357563, 26357563, 26357563, 26357563, 26357563, 26357563, 26357563, 26357563, 26357563, 26357563, 26357563, 26357563, 26357563, 26357563, 26357563]",0,0,0,NPU,0,0,0,0,0,0,1.0,hot,0,0,0,0,1.0,0
0,160,meta-llama/Llama-3.1-8B,1033,1207,15104729270,118423968456,103319239186,87674808420,87933449926,88935198,"[26759908, 299618814, 26956587, 26956587, 26956587, 26956587, 26956587, 26956587, 26956587, 26956587, 26956587, 26956587, 26759908, 26759908, 26759908, 26759908, 26759908, 391884469, 26726923, 26726923, 26726923, 26726923, 26726923, 26726923, 26726923, 26726923, 26726923, 26726923, 26726923, 26726923, 26726923, 26726923, 26726923, 26726923, 26726923, 26726923, 590438749, 26790979, 26573059, 26467984, 1326508687, 26615821, 26615821, 26615821, 26615821, 26615821, 26615821, 26615821, 26615821, 26615821, 26615821, 26615821, 26615821, 26615821, 26615821, 26615821, 26615821, 26615821, 26615821, 26615821, 26615821, 26615821, 26615821, 26615821, 26706189, 26706189, 26706189, 26706189, 26706189, 26706189, 26706189, 26706189, 26706189, 26706189, 26706189, 26706189, 26706189, 26706189, 26706189, 26706189, 26706189, 26706189, 26706189, 26706189, 26706189, 26706189, 26706189, 26706189, 26645180, 26444528, 26444528, 26444528, 26444528, 26444528, 26444528, 26444528, 26444528, 26444528, 26444528, 26444528, 26444528, 26444528, 26444528, 26454608, 26454608, 26454608, 26380886, 26380886, 26380886, 26380886, 26380886, 26380886, 26380886, 26380886, 246660665, 2822001529, 26645180, 163819212, 27103283, 250018853, 25853850, 25853850, 25853850, 25853850, 25853850, 26468245, 26468245, 1696023079, 27685307, 27685307, 26354138, 26354138, 26354138, 26354138, 618013682, 27512576, 27512576, 27512576, 27512576, 27512576, 27512576, 27512576, 27512576, 27512576, 27512576, 27512576, 27512576, 27512576, 27512576, 27512576, 27512576, 27512576, 27512576, 27512576, 27278932, 27278932, 27278932, 27278932, 27278932, 27278932, 27278932, 27278932, 27278932, 27278932, 27278932, 27278932, 2639143607, 27232760, 27232760, 27232760, 27232760, 27232760, 27232760]",0,0,0,NPU,0,0,0,0,0,0,1.0,hot,0,0,0,0,1.0,0
0,149,meta-llama/Llama-3.1-8B,69,833,13845293894,119821027249,105975733355,75859021995,75916130466,39396596,"[26843454, 26843454, 26843454, 26843454, 26843454, 26843454, 26843454, 26843454, 26843454, 26843454, 26843454, 26843454, 26843454, 4769820538, 26309846, 26309846, 26292502, 26292502, 26292502, 26292502, 26292502, 26292502, 26292502, 26292502, 26292502, 577682098, 26467984, 26467984, 26467984, 26467984, 26467984, 26467984, 26467984, 26467984, 26467984, 26467984, 26467984, 26467984, 26467984, 26467984, 26467984, 26467984, 26467984, 26467984, 26467984, 26467984, 26456112, 26456112, 26456112, 26456112, 26456112, 26456112, 26456112, 26456112, 26456112, 26456112, 26456112, 26456112, 26456112, 26456112, 26456112, 26456112, 26456112, 26456112, 26456112, 26456112, 26456112, 26456112, 26456112, 26456112, 26456112, 26456112, 26456112, 26456112, 26456112, 26456112, 26456112, 26456112, 26456112, 26456112, 26456112, 27115070, 27115070, 27115070, 27115070, 26638708, 26638708, 26723508, 26723508, 26723508, 26723508, 350837629, 26639587, 26639587, 26639587, 26639587, 26639587, 26639587, 26639587, 26639587, 26639587, 26639587, 26639587, 26639587, 26639587, 26439258, 523840523, 235665510, 26843454, 423756845, 26490517, 26490517, 26490517, 26490517, 26490517, 26490517, 26490517, 26490517, 280026971, 26637795, 193376119, 26049543, 26049543, 26049543, 26049543, 26049543, 26049543, 26049543, 26049543, 26049543, 26049543, 26049543, 26049543, 26049543, 26049543, 26049543, 26049543, 26049543, 26049543, 26049543, 26049543, 26049543, 26049543, 26049543, 26049543, 26049543, 26049543, 26049543, 26049543, 26049543, 26049543, 26049543, 26049543, 26049543, 26049543, 26049543, 26049543, 26049543, 26049543, 26049543, 26049543, 26049543, 26049543, 65021605, 26843454, 26843454, 26843454, 26843454, 500712981, 26370142, 26370142, 26370142, 26370142, 26370142, 26370142, 26370142, 26370142, 26370142, 26370142, 26370142, 26370142, 26370142, 26370142, 26370142, 26370142, 26370142, 26370142, 26370142, 26370142, 64751210, 26573059, 26573059, 26573059, 26573059, 197139889, 258641506, 26759908, 25739482, 25739482, 25739482, 116059717, 26421342, 79919309, 26956587, 26956587, 26956587, 26956587, 26956587, 26956587, 26956587, 26956587, 26956587, 26956587, 26759908, 26759908, 26759908, 26759908, 26759908, 25954302, 25954302, 25954302, 25954302, 25954302, 25954302, 25954302, 25954302, 26253855, 26253855, 26253855, 26253855, 26253855, 26253855, 26726923, 26726923, 26726923, 26726923, 26726923, 26726923, 26726923, 26726923, 26726923, 26726923, 26726923, 26726923, 26726923, 26726923, 26726923, 26726923, 26726923, 26726923, 26726923, 25820922, 25820922, 25820922, 26032767, 26032767, 26032767, 26032767, 26032767, 26032767, 26032767, 26032767, 26032767, 26032767, 118954550, 25820922, 25820922, 25820922, 56230997, 26790979, 26573059, 26467984, 25954302, 25954302, 26032767, 26032767, 26032767, 26032767, 26032767, 26032767, 120224721, 26042517, 26042517, 26042517, 26042517, 26042517, 26042517, 26042517, 26042517, 26042517, 26042517, 26042517, 26042517, 26042517, 26042517, 26042517, 26042517, 26042517, 26042517, 26042517, 26042517, 26042517, 26042517, 26042517, 26368885, 26368885, 26368885, 26368885, 26368885, 26368885, 26368885, 26368885, 26368885, 26368885, 26368885, 26368885, 26368885, 56405364, 26615821, 26615821, 26615821, 26615821, 26615821, 26615821, 26615821, 26615821, 26615821, 26615821, 26615821, 26615821, 26615821, 26615821, 26615821, 26615821, 26615821, 26615821, 26615821, 26615821, 26615821, 26615821, 26615821, 26706189, 26706189, 26706189, 26706189, 26706189, 26706189, 26706189, 26706189, 26706189, 26706189, 26706189, 26706189, 26706189, 26706189, 26706189, 26706189, 26706189, 26706189, 26706189, 26706189, 26706189, 26706189, 26706189, 26706189, 26645180, 26444528, 26444528, 26444528, 26444528, 26444528, 26444528, 26444528, 26444528, 26444528, 26444528, 26444528, 26444528, 26444528, 26444528, 26454608, 26454608, 26454608, 26380886, 26380886, 26380886, 26380886, 26380886, 26380886, 26380886, 26380886, 246660665, 25904021, 25904021, 428592213, 25263093, 25263093, 25263093, 25263093, 25263093, 25263093, 25263093, 25263093, 25263093, 25263093, 25263093, 25263093, 25263093, 25263093, 25263093, 25263093, 25263093, 25263093, 25263093, 25263093, 25263093, 25263093, 25263093, 25263093, 25263093, 25263093, 25263093, 25263093, 25263093, 25263093, 25263093, 25263093, 25263093, 25263093, 25263093, 25263093, 25263093, 25263093, 25263093, 25263093, 25263093, 25263093, 25263093, 25263093, 25263093, 25487317, 25487317, 25487317, 25487317, 25487317, 25487317, 25487317, 25487317, 25487317, 25487317, 25487317, 25487317, 25487317, 25487317, 25487317, 25487317, 25487317, 25487317, 25487317, 25487317, 25487317, 25487317, 25487317, 25487317, 25487317, 25487317, 25487317, 25487317, 25487317, 25487317, 25487317, 25487317, 25487317, 25487317, 25487317, 25487317, 25487317, 25487317, 25487317, 25487317, 25487317, 25487317, 25487317, 25487317, 25487317, 57832824, 26645180, 163819212, 27103283, 250018853, 25853850, 25853850, 25853850, 25853850, 25853850, 26468245, 26468245, 25829685, 25829685, 25829685, 25829685, 25829685, 25892415, 25892415, 26016091, 26016091, 57429585, 25892415, 25892415, 25892415, 25892415, 25892415, 25892415, 25892415, 25892415, 25892415, 25892415, 25892415, 25892415, 25892415, 25892415, 25892415, 25892415, 25892415, 25892415, 25892415, 25892415, 25892415, 25892415, 25892415, 25892415, 25892415, 25892415, 25892415, 25892415, 25892415, 25892415, 25892415, 25892415, 25892415, 25892415, 25892415, 25892415, 25892415, 25892415, 25892415, 25892415, 25892415, 25892415, 25892415, 25892415, 25892415, 25892415, 25892415, 25892415, 25892415, 25892415, 25892415, 25892415, 59222477, 27685307, 27685307, 26354138, 26354138, 26354138, 26354138, 25892533, 25892533, 25892533, 25892533, 58334044, 26447349, 26447349, 26447349, 26447349, 26447349, 26447349, 26447349, 26447349, 26447349, 26447349, 26447349, 26447349, 26447349, 26447349, 26447349, 59399271, 27512576, 27512576, 27512576, 27512576, 27512576, 27512576, 27512576, 27512576, 27512576, 27512576, 27512576, 27512576, 27512576, 27512576, 27512576, 27512576, 27512576, 27512576, 27512576, 27278932, 27278932, 27278932, 27278932, 27278932, 27278932, 27278932, 27278932, 27278932, 27278932, 27278932, 27278932, 58740365, 26154619, 26154619, 26154619, 26154619, 26154619, 26154619, 26154619, 26154619, 26154619, 26154619, 26154619, 26154619, 26154619, 26154619, 26154619, 26154619, 26154619, 26154619, 26154619, 26154619, 26154619, 26154619, 26154619, 26154619, 26154619, 26154619, 26154619, 26154619, 26154619, 26154619, 26154619, 26154619, 26154619, 26154619, 26154619, 26154619, 26154619, 26154619, 26154619, 26154619, 26154619, 26154619, 26154619, 26154619, 26154619, 26154619, 26154619, 26154619, 26357563, 26357563, 26357563, 26357563, 26357563, 26357563, 26357563, 26357563, 26357563, 26357563, 26357563, 26357563, 26357563, 26357563, 26357563, 26357563, 26357563, 26357563, 26357563, 26357563, 26357563, 26357563, 26357563, 26357563, 26357563, 26357563, 26357563, 26357563, 26357563, 26357563, 26357563, 26357563, 26357563, 26357563, 26357563, 26357563, 26357563, 26357563, 26357563, 26357563, 26357563, 26357563, 26357563, 26357563, 26357563, 26357563, 26357563, 26357563, 59818506, 27232760, 27232760, 27232760, 27232760, 27232760, 27232760, 250662050, 27232760, 27232760, 27232760, 27232760, 27232760, 25916533, 25916533, 60979653, 28044382, 28044382, 28044382, 28044382, 28044382, 28044382, 28044382, 28044382, 28044382, 28044382, 28044382, 28044382, 28044382, 28044382, 28044382, 28044382, 28044382, 28044382, 28044382, 28044382, 28044382, 28044382, 28044382, 28044382, 28044382, 28044382, 28044382, 28044382, 28044382, 28044382, 28044382, 28044382]",0,0,0,NPU,0,0,0,0,0,0,1.0,hot,0,0,0,0,1.0,0
0,164,meta-llama/Llama-3.1-8B,9,193,15391364865,120356056226,104964691361,87388172825,87646814331,94633207,"[26759908, 299618814, 26956587, 26956587, 26956587, 26956587, 26956587, 26956587, 26956587, 26956587, 26956587, 26956587, 26759908, 26759908, 26759908, 26759908, 26759908, 391884469, 26726923, 26726923, 26726923, 26726923, 26726923, 26726923, 26726923, 26726923, 26726923, 26726923, 26726923, 26726923, 26726923, 26726923, 26726923, 26726923, 26726923, 26726923, 590438749, 26790979, 1379549730, 26615821, 26615821, 26615821, 26615821, 26615821, 26615821, 26615821, 26615821, 26615821, 26615821, 26615821, 26615821, 26615821, 26615821, 26615821, 26615821, 26615821, 26615821, 26615821, 26615821, 26615821, 26615821, 26615821, 26706189, 26706189, 26706189, 26706189, 26706189, 26706189, 26706189, 26706189, 26706189, 26706189, 26706189, 26706189, 26706189, 26706189, 26706189, 26706189, 26706189, 26706189, 26706189, 26706189, 26706189, 26706189, 26706189, 26706189, 26645180, 26444528, 26444528, 26444528, 26444528, 26444528, 26444528, 26444528, 26444528, 26444528, 26444528, 26444528, 26444528, 26444528, 26444528, 26454608, 26454608, 26454608, 26380886, 26380886, 26380886, 26380886, 26380886, 26380886, 26380886, 26380886, 246660665, 2822001529, 26645180, 163819212, 27103283, 250018853, 1878228819, 27685307, 27685307, 26354138, 26354138, 26354138, 26354138, 618013682, 27512576, 27512576, 27512576, 27512576, 27512576, 27512576, 27512576, 27512576, 27512576, 27512576, 27512576, 27512576, 27512576, 27512576, 27512576, 27512576, 27512576, 27512576, 27512576, 27278932, 27278932, 27278932, 27278932, 27278932, 27278932, 27278932, 27278932, 27278932, 27278932, 27278932, 27278932, 2639143607, 27232760, 27232760, 27232760, 27232760, 27232760, 27232760, 250662050, 27232760, 27232760, 27232760, 27232760, 27232760, 25916533, 25916533, 1126526188, 27278932, 27278932, 27278932, 27061067, 26420112, 123340423, 27061067, 27061067, 27061067, 27061067]",0,0,0,NPU,0,0,0,0,0,0,1.0,hot,0,0,0,0,1.0,0
0,165,meta-llama/Llama-3.1-8B,22,204,15571729344,120409776106,104838046762,87207808346,87466449852,95975673,"[26759908, 299618814, 26956587, 26956587, 26956587, 26956587, 26956587, 26956587, 26956587, 26956587, 26956587, 26956587, 26759908, 26759908, 26759908, 26759908, 26759908, 391884469, 26726923, 26726923, 26726923, 26726923, 26726923, 26726923, 26726923, 26726923, 26726923, 26726923, 26726923, 26726923, 26726923, 26726923, 26726923, 26726923, 26726923, 26726923, 590438749, 26790979, 1379549730, 26615821, 26615821, 26615821, 26615821, 26615821, 26615821, 26615821, 26615821, 26615821, 26615821, 26615821, 26615821, 26615821, 26615821, 26615821, 26615821, 26615821, 26615821, 26615821, 26615821, 26615821, 26615821, 26615821, 26706189, 26706189, 26706189, 26706189, 26706189, 26706189, 26706189, 26706189, 26706189, 26706189, 26706189, 26706189, 26706189, 26706189, 26706189, 26706189, 26706189, 26706189, 26706189, 26706189, 26706189, 26706189, 26706189, 26706189, 26645180, 26444528, 26444528, 26444528, 26444528, 26444528, 26444528, 26444528, 26444528, 26444528, 26444528, 26444528, 26444528, 26444528, 26444528, 26454608, 26454608, 26454608, 26380886, 26380886, 26380886, 26380886, 26380886, 26380886, 26380886, 26380886, 246660665, 2822001529, 26645180, 163819212, 27103283, 250018853, 1878228819, 27685307, 27685307, 723430234, 27512576, 27512576, 27512576, 27512576, 27512576, 27512576, 27512576, 27512576, 27512576, 27512576, 27512576, 27512576, 27512576, 27512576, 27512576, 27512576, 27512576, 27512576, 27512576, 27278932, 27278932, 27278932, 27278932, 27278932, 27278932, 27278932, 27278932, 27278932, 27278932, 27278932, 27278932, 2639143607, 27232760, 27232760, 27232760, 27232760, 27232760, 27232760, 250662050, 27232760, 27232760, 27232760, 27232760, 27232760, 25916533, 25916533, 1126526188, 27278932, 27278932, 27278932, 27061067, 26420112, 123340423, 27061067, 27061067, 27061067, 27061067, 26859940, 26859940]",0,0,0,NPU,0,0,0,0,0,0,1.0,hot,0,0,0,0,1.0,0
0,178,meta-llama/Llama-3.1-8B,4,102,16502022096,121891070260,105389048164,95171349050,95335168262,103648246,"[27103283, 250018853, 1878228819, 27685307, 27685307, 723430234, 27512576, 27512576, 27512576, 27512576, 27512576, 27512576, 27512576, 27512576, 27512576, 27512576, 27512576, 27512576, 27512576, 27512576, 27512576, 27512576, 27512576, 27512576, 27512576, 27278932, 27278932, 27278932, 27278932, 27278932, 27278932, 27278932, 27278932, 27278932, 27278932, 27278932, 27278932, 2639143607, 27232760, 27232760, 27232760, 27232760, 27232760, 27232760, 250662050, 27232760, 27232760, 27232760, 27232760, 27232760, 1178359254, 27278932, 27278932, 27278932, 27061067, 26420112, 123340423, 27061067, 27061067, 27061067, 27061067, 26859940, 26859940, 57486373, 26997779, 26997779, 26997779, 26997779, 26997779, 26997779, 26997779, 26997779, 563887237, 26830763, 26830763, 26830763, 26830763, 26830763, 26830763, 26830763, 26830763, 26830763, 26830763, 26830763, 26830763, 26830763, 26830763, 26830763, 26830763, 26830763, 26830763, 26830763, 26830763, 26830763, 26830763, 26830763, 26830763]",0,0,0,NPU,0,0,0,0,0,0,1.0,hot,0,0,0,0,1.0,0
0,157,meta-llama/Llama-3.1-8B,1295,1577,14901468782,122318193508,107416724726,84715252640,84995279611,79791619,"[1379116325, 26843454, 26843454, 26843454, 26843454, 1092867031, 26573059, 26573059, 26573059, 26573059, 197139889, 258641506, 26759908, 299618814, 26956587, 26956587, 26956587, 26956587, 26956587, 26956587, 26956587, 26956587, 26956587, 26956587, 26759908, 26759908, 26759908, 26759908, 26759908, 391884469, 26726923, 26726923, 26726923, 26726923, 26726923, 26726923, 26726923, 26726923, 26726923, 26726923, 26726923, 26726923, 26726923, 26726923, 26726923, 26726923, 26726923, 26726923, 590438749, 26790979, 26573059, 26467984, 1326508687, 26615821, 26615821, 26615821, 26615821, 26615821, 26615821, 26615821, 26615821, 26615821, 26615821, 26615821, 26615821, 26615821, 26615821, 26615821, 26615821, 26615821, 26615821, 26615821, 26615821, 26615821, 26615821, 26615821, 26706189, 26706189, 26706189, 26706189, 26706189, 26706189, 26706189, 26706189, 26706189, 26706189, 26706189, 26706189, 26706189, 26706189, 26706189, 26706189, 26706189, 26706189, 26706189, 26706189, 26706189, 26706189, 26706189, 26706189, 26645180, 26444528, 26444528, 26444528, 26444528, 26444528, 26444528, 26444528, 26444528, 26444528, 26444528, 26444528, 26444528, 26444528, 26444528, 26454608, 26454608, 26454608, 26380886, 26380886, 26380886, 26380886, 26380886, 26380886, 26380886, 26380886, 246660665, 2822001529, 26645180, 163819212, 27103283, 250018853, 25853850, 25853850, 25853850, 25853850, 25853850, 26468245, 26468245, 25829685, 25829685, 25829685, 25829685, 25829685, 1566874654, 27685307, 27685307, 26354138, 26354138, 26354138, 26354138, 25892533, 25892533, 25892533, 25892533, 514443550, 27512576, 27512576, 27512576, 27512576, 27512576, 27512576, 27512576, 27512576, 27512576, 27512576, 27512576, 27512576, 27512576, 27512576, 27512576, 27512576, 27512576, 27512576, 27512576, 27278932, 27278932, 27278932, 27278932, 27278932, 27278932, 27278932, 27278932, 27278932, 27278932, 27278932, 27278932, 2639143607, 27232760, 27232760, 27232760, 27232760, 27232760, 27232760, 250662050, 27232760, 27232760, 27232760, 27232760, 27232760, 25916533, 25916533, 1126526188, 27278932, 27278932, 27278932, 27061067, 26420112, 123340423, 27061067, 27061067, 27061067, 27061067, 26859940, 26859940, 57486373, 26997779, 26997779, 26997779, 26997779, 26997779, 26997779, 26997779, 26997779, 25857173, 25668423, 26447349, 26447349, 26603195, 26603195, 26603195, 26603195, 26603195, 26603195, 26603195, 26603195, 26603195, 31726814, 31726814, 31726814, 124857746, 26830763, 26830763, 26830763, 26830763, 26830763, 26830763, 26830763, 26830763, 26830763, 26830763, 26830763, 26830763, 26830763, 26830763, 26830763, 26830763, 26830763, 26830763, 26830763, 26830763, 26830763, 26830763, 26830763, 26830763, 26695203, 26695203, 26695203, 26695203, 26695203, 26695203, 26695203, 26695203, 26695203, 26695203, 26695203, 26695203, 26695203, 26695203, 26695203, 26695203]",0,0,0,PCIE_NVME,0,1883242496,0,1883242496,1883242496,1883242496,1.0,hot,0,0,0,0,1.0,3766484992
0,174,meta-llama/Llama-3.1-8B,52,169,16040510171,122318193508,106277683337,92537553601,92784214266,116323009,"[2822001529, 26645180, 163819212, 27103283, 250018853, 1878228819, 27685307, 27685307, 723430234, 27512576, 27512576, 27512576, 27512576, 27512576, 27512576, 27512576, 27512576, 27512576, 27512576, 27512576, 27512576, 27512576, 27512576, 27512576, 27512576, 27512576, 27512576, 27512576, 27278932, 27278932, 27278932, 27278932, 27278932, 27278932, 27278932, 27278932, 27278932, 27278932, 27278932, 27278932, 2639143607, 27232760, 27232760, 27232760, 27232760, 27232760, 27232760, 250662050, 27232760, 27232760, 27232760, 27232760, 27232760, 1178359254, 27278932, 27278932, 27278932, 27061067, 26420112, 123340423, 27061067, 27061067, 27061067, 27061067, 26859940, 26859940, 57486373, 26997779, 26997779, 26997779, 26997779, 26997779, 26997779, 26997779, 26997779, 563887237, 26830763, 26830763, 26830763, 26830763, 26830763, 26830763, 26830763, 26830763, 26830763, 26830763, 26830763, 26830763, 26830763, 26830763, 26830763, 26830763, 26830763, 26830763, 26830763, 26830763, 26830763, 26830763, 26830763, 26830763, 26695203, 26695203, 26695203, 26695203, 26695203, 26695203, 26695203, 26695203, 26695203, 26695203, 26695203, 26695203, 26695203, 26695203, 26695203, 26695203]",0,0,0,NPU,0,0,0,0,0,0,1.0,hot,0,0,0,0,1.0,0
0,176,meta-llama/Llama-3.1-8B,566,683,16177091845,122429212396,106252120551,95496279301,95660098513,91310534,"[27103283, 250018853, 1878228819, 27685307, 27685307, 723430234, 27512576, 27512576, 27512576, 27512576, 27512576, 27512576, 27512576, 27512576, 27512576, 27512576, 27512576, 27512576, 27512576, 27512576, 27512576, 27512576, 27512576, 27512576, 27512576, 27278932, 27278932, 27278932, 27278932, 27278932, 27278932, 27278932, 27278932, 27278932, 27278932, 27278932, 27278932, 2639143607, 27232760, 27232760, 27232760, 27232760, 27232760, 27232760, 250662050, 27232760, 27232760, 27232760, 27232760, 27232760, 1178359254, 27278932, 27278932, 27278932, 27061067, 26420112, 123340423, 27061067, 27061067, 27061067, 27061067, 26859940, 26859940, 57486373, 26997779, 26997779, 26997779, 26997779, 26997779, 26997779, 26997779, 26997779, 563887237, 26830763, 26830763, 26830763, 26830763, 26830763, 26830763, 26830763, 26830763, 26830763, 26830763, 26830763, 26830763, 26830763, 26830763, 26830763, 26830763, 26830763, 26830763, 26830763, 26830763, 26830763, 26830763, 26830763, 26830763, 26695203, 26695203, 26695203, 26695203, 26695203, 26695203, 26695203, 26695203, 26695203, 26695203, 26695203, 26695203, 26695203, 26695203, 26695203, 26695203, 57565042, 26726923, 26726923]",0,0,0,NPU,0,0,0,0,0,0,1.0,hot,0,0,0,0,1.0,0
0,188,meta-llama/Llama-3.1-8B,1382,1407,17503125211,122694638314,105191513103,100920843245,101171505295,167500325,"[27232760, 27232760, 27232760, 27232760, 27232760, 1178359254, 27278932, 27278932, 27278932, 396272123, 26997779, 26997779, 26997779, 26997779, 26997779, 26997779, 26997779, 26997779, 1692513839, 26726923, 26726923, 210960398, 27232760, 27232760]",0,0,0,PCIE_NVME,0,367001600,0,367001600,367001600,367001600,1.0,hot,0,0,0,0,1.0,734003200
0,166,meta-llama/Llama-3.1-8B,15,277,15610410373,123425435002,107815024629,87169127317,87427768823,78112091,"[26759908, 299618814, 26956587, 26956587, 26956587, 26956587, 26956587, 26956587, 26956587, 26956587, 26956587, 26956587, 26759908, 26759908, 26759908, 26759908, 26759908, 391884469, 26726923, 26726923, 26726923, 26726923, 26726923, 26726923, 26726923, 26726923, 26726923, 26726923, 26726923, 26726923, 26726923, 26726923, 26726923, 26726923, 26726923, 26726923, 590438749, 26790979, 1379549730, 26615821, 26615821, 26615821, 26615821, 26615821, 26615821, 26615821, 26615821, 26615821, 26615821, 26615821, 26615821, 26615821, 26615821, 26615821, 26615821, 26615821, 26615821, 26615821, 26615821, 26615821, 26615821, 26615821, 26706189, 26706189, 26706189, 26706189, 26706189, 26706189, 26706189, 26706189, 26706189, 26706189, 26706189, 26706189, 26706189, 26706189, 26706189, 26706189, 26706189, 26706189, 26706189, 26706189, 26706189, 26706189, 26706189, 26706189, 26645180, 26444528, 26444528, 26444528, 26444528, 26444528, 26444528, 26444528, 26444528, 26444528, 26444528, 26444528, 26444528, 26444528, 26444528, 26454608, 26454608, 26454608, 26380886, 26380886, 26380886, 26380886, 26380886, 26380886, 26380886, 26380886, 246660665, 2822001529, 26645180, 163819212, 27103283, 250018853, 1878228819, 27685307, 27685307, 723430234, 27512576, 27512576, 27512576, 27512576, 27512576, 27512576, 27512576, 27512576, 27512576, 27512576, 27512576, 27512576, 27512576, 27512576, 27512576, 27512576, 27512576, 27512576, 27512576, 27278932, 27278932, 27278932, 27278932, 27278932, 27278932, 27278932, 27278932, 27278932, 27278932, 27278932, 27278932, 2639143607, 27232760, 27232760, 27232760, 27232760, 27232760, 27232760, 250662050, 27232760, 27232760, 27232760, 27232760, 27232760, 25916533, 25916533, 1126526188, 27278932, 27278932, 27278932, 27061067, 26420112, 123340423, 27061067, 27061067, 27061067, 27061067, 26859940, 26859940, 57486373, 26997779, 26997779, 26997779, 26997779, 26997779, 26997779, 26997779, 26997779, 25857173, 25668423, 512361641, 26830763, 26830763, 26830763, 26830763, 26830763, 26830763, 26830763, 26830763, 26830763, 26830763, 26830763, 26830763, 26830763, 26830763, 26830763, 26830763, 26830763, 26830763, 26830763, 26830763, 26830763, 26830763, 26830763, 26830763, 26695203, 26695203, 26695203, 26695203, 26695203, 26695203, 26695203, 26695203, 26695203, 26695203, 26695203, 26695203, 26695203, 26695203, 26695203, 26695203, 57565042, 26726923, 26726923, 210960398, 27232760, 27232760, 137080320, 28272208, 28272208, 28272208, 28272208, 28272208, 28272208, 28272208, 28272208, 28272208, 28272208, 28272208, 28272208, 28272208, 28272208, 28272208, 28272208, 28272208, 28272208, 28272208, 28272208, 28272208]",0,0,0,NPU,0,0,0,0,0,0,1.0,hot,0,0,0,0,1.0,0
0,169,meta-llama/Llama-3.1-8B,75,362,15724594398,124445143265,108720548867,87560044211,87639963520,73708340,"[26956587, 26956587, 26956587, 26956587, 26956587, 26956587, 26956587, 26956587, 26956587, 26956587, 26759908, 26759908, 26759908, 26759908, 26759908, 391884469, 26726923, 26726923, 26726923, 26726923, 26726923, 26726923, 26726923, 26726923, 26726923, 26726923, 26726923, 26726923, 26726923, 26726923, 26726923, 26726923, 26726923, 26726923, 590438749, 26790979, 1379549730, 26615821, 26615821, 26615821, 26615821, 26615821, 26615821, 26615821, 26615821, 26615821, 26615821, 26615821, 26615821, 26615821, 26615821, 26615821, 26615821, 26615821, 26615821, 26615821, 26615821, 26615821, 26615821, 26615821, 26706189, 26706189, 26706189, 26706189, 26706189, 26706189, 26706189, 26706189, 26706189, 26706189, 26706189, 26706189, 26706189, 26706189, 26706189, 26706189, 26706189, 26706189, 26706189, 26706189, 26706189, 26706189, 26706189, 26706189, 26645180, 26444528, 26444528, 26444528, 26444528, 26444528, 26444528, 26444528, 26444528, 26444528, 26444528, 26444528, 26444528, 26444528, 26444528, 26454608, 26454608, 26454608, 26380886, 26380886, 26380886, 26380886, 26380886, 26380886, 26380886, 26380886, 246660665, 2822001529, 26645180, 163819212, 27103283, 250018853, 1878228819, 27685307, 27685307, 723430234, 27512576, 27512576, 27512576, 27512576, 27512576, 27512576, 27512576, 27512576, 27512576, 27512576, 27512576, 27512576, 27512576, 27512576, 27512576, 27512576, 27512576, 27512576, 27512576, 27278932, 27278932, 27278932, 27278932, 27278932, 27278932, 27278932, 27278932, 27278932, 27278932, 27278932, 27278932, 2639143607, 27232760, 27232760, 27232760, 27232760, 27232760, 27232760, 250662050, 27232760, 27232760, 27232760, 27232760, 27232760, 1178359254, 27278932, 27278932, 27278932, 27061067, 26420112, 123340423, 27061067, 27061067, 27061067, 27061067, 26859940, 26859940, 57486373, 26997779, 26997779, 26997779, 26997779, 26997779, 26997779, 26997779, 26997779, 25857173, 25668423, 512361641, 26830763, 26830763, 26830763, 26830763, 26830763, 26830763, 26830763, 26830763, 26830763, 26830763, 26830763, 26830763, 26830763, 26830763, 26830763, 26830763, 26830763, 26830763, 26830763, 26830763, 26830763, 26830763, 26830763, 26830763, 26695203, 26695203, 26695203, 26695203, 26695203, 26695203, 26695203, 26695203, 26695203, 26695203, 26695203, 26695203, 26695203, 26695203, 26695203, 26695203, 57565042, 26726923, 26726923, 210960398, 27232760, 27232760, 137080320, 28272208, 28272208, 28272208, 28272208, 28272208, 28272208, 28272208, 28272208, 28272208, 28272208, 28272208, 28272208, 28272208, 28272208, 28272208, 28272208, 28272208, 28272208, 28272208, 28272208, 28272208, 28107904, 28107904, 28107904, 28107904, 28107904, 28107904, 28107904, 28107904, 28107904, 28107904, 28107904, 28107904, 28107904, 28107904, 28107904, 26695203, 26520888, 26520888, 26520888, 259863982, 25774206, 25774206, 25774206, 25774206, 25774206, 25774206, 25774206, 25774206, 25774206]",0,0,0,NPU,0,0,0,0,0,0,1.0,hot,0,0,0,0,1.0,0
0,161,meta-llama/Llama-3.1-8B,24,354,15204779644,124695162947,109490383303,87574758046,87833399552,65826698,"[26759908, 299618814, 26956587, 26956587, 26956587, 26956587, 26956587, 26956587, 26956587, 26956587, 26956587, 26956587, 26759908, 26759908, 26759908, 26759908, 26759908, 391884469, 26726923, 26726923, 26726923, 26726923, 26726923, 26726923, 26726923, 26726923, 26726923, 26726923, 26726923, 26726923, 26726923, 26726923, 26726923, 26726923, 26726923, 26726923, 590438749, 26790979, 26573059, 1352976671, 26615821, 26615821, 26615821, 26615821, 26615821, 26615821, 26615821, 26615821, 26615821, 26615821, 26615821, 26615821, 26615821, 26615821, 26615821, 26615821, 26615821, 26615821, 26615821, 26615821, 26615821, 26615821, 26615821, 26706189, 26706189, 26706189, 26706189, 26706189, 26706189, 26706189, 26706189, 26706189, 26706189, 26706189, 26706189, 26706189, 26706189, 26706189, 26706189, 26706189, 26706189, 26706189, 26706189, 26706189, 26706189, 26706189, 26706189, 26645180, 26444528, 26444528, 26444528, 26444528, 26444528, 26444528, 26444528, 26444528, 26444528, 26444528, 26444528, 26444528, 26444528, 26444528, 26454608, 26454608, 26454608, 26380886, 26380886, 26380886, 26380886, 26380886, 26380886, 26380886, 26380886, 246660665, 2822001529, 26645180, 163819212, 27103283, 250018853, 25853850, 25853850, 25853850, 25853850, 25853850, 26468245, 26468245, 1696023079, 27685307, 27685307, 26354138, 26354138, 26354138, 26354138, 618013682, 27512576, 27512576, 27512576, 27512576, 27512576, 27512576, 27512576, 27512576, 27512576, 27512576, 27512576, 27512576, 27512576, 27512576, 27512576, 27512576, 27512576, 27512576, 27512576, 27278932, 27278932, 27278932, 27278932, 27278932, 27278932, 27278932, 27278932, 27278932, 27278932, 27278932, 27278932, 2639143607, 27232760, 27232760, 27232760, 27232760, 27232760, 27232760, 250662050, 27232760, 27232760, 27232760, 27232760, 27232760, 25916533, 25916533, 1126526188, 27278932, 27278932, 27278932, 27061067, 26420112, 123340423, 27061067, 27061067, 27061067, 27061067, 26859940, 26859940, 57486373, 26997779, 26997779, 26997779, 26997779, 26997779, 26997779, 26997779, 26997779, 25857173, 25668423, 26447349, 26447349, 26603195, 26603195, 26603195, 26603195, 26603195, 26603195, 26603195, 26603195, 26603195, 220038188, 26830763, 26830763, 26830763, 26830763, 26830763, 26830763, 26830763, 26830763, 26830763, 26830763, 26830763, 26830763, 26830763, 26830763, 26830763, 26830763, 26830763, 26830763, 26830763, 26830763, 26830763, 26830763, 26830763, 26830763, 26695203, 26695203, 26695203, 26695203, 26695203, 26695203, 26695203, 26695203, 26695203, 26695203, 26695203, 26695203, 26695203, 26695203, 26695203, 26695203, 57565042, 26726923, 26726923, 210960398, 27232760, 27232760, 137080320, 28272208, 28272208, 28272208, 28272208, 28272208, 28272208, 28272208, 28272208, 28272208, 28272208, 28272208, 28272208, 28272208, 28272208, 28272208, 28272208, 28272208, 28272208, 28272208, 28272208, 28272208, 28107904, 28107904, 28107904, 28107904, 28107904, 28107904, 28107904, 28107904, 28107904, 28107904, 28107904, 28107904, 28107904, 28107904, 28107904, 26695203, 26520888, 26520888, 26520888, 25304821, 25304821, 25304821, 25304821, 25304821, 25304821, 25536603, 25536603, 56961850, 25774206, 25774206, 25774206, 25774206, 25774206, 25774206, 25774206, 25774206, 25774206, 58953965, 27766321, 27766321, 27766321, 27766321, 27766321, 26349776, 25884336]",0,0,0,NPU,0,0,0,0,0,0,1.0,hot,0,0,0,0,1.0,0
0,173,meta-llama/Llama-3.1-8B,3,190,15936897737,124806255527,108869357790,92641166035,92887826700,85922210,"[2822001529, 26645180, 163819212, 27103283, 250018853, 1878228819, 27685307, 27685307, 723430234, 27512576, 27512576, 27512576, 27512576, 27512576, 27512576, 27512576, 27512576, 27512576, 27512576, 27512576, 27512576, 27512576, 27512576, 27512576, 27512576, 27512576, 27512576, 27512576, 27278932, 27278932, 27278932, 27278932, 27278932, 27278932, 27278932, 27278932, 27278932, 27278932, 27278932, 27278932, 2639143607, 27232760, 27232760, 27232760, 27232760, 27232760, 27232760, 250662050, 27232760, 27232760, 27232760, 27232760, 27232760, 1178359254, 27278932, 27278932, 27278932, 27061067, 26420112, 123340423, 27061067, 27061067, 27061067, 27061067, 26859940, 26859940, 57486373, 26997779, 26997779, 26997779, 26997779, 26997779, 26997779, 26997779, 26997779, 25857173, 538030064, 26830763, 26830763, 26830763, 26830763, 26830763, 26830763, 26830763, 26830763, 26830763, 26830763, 26830763, 26830763, 26830763, 26830763, 26830763, 26830763, 26830763, 26830763, 26830763, 26830763, 26830763, 26830763, 26830763, 26830763, 26695203, 26695203, 26695203, 26695203, 26695203, 26695203, 26695203, 26695203, 26695203, 26695203, 26695203, 26695203, 26695203, 26695203, 26695203, 26695203, 57565042, 26726923, 26726923, 210960398, 27232760, 27232760, 137080320, 28272208, 28272208, 28272208, 28272208, 28272208, 28272208, 28272208, 28272208, 28272208, 28272208, 28272208, 28272208, 28272208, 28272208, 28272208, 28272208, 28272208, 28272208, 28272208, 28272208, 28272208, 28107904, 28107904, 28107904, 28107904, 28107904, 28107904, 28107904, 28107904, 28107904, 28107904, 28107904, 28107904, 28107904, 28107904, 28107904, 26695203, 26520888, 26520888, 26520888, 259863982, 25774206, 25774206, 25774206, 25774206, 25774206, 25774206, 25774206, 25774206, 25774206, 58953965, 27766321, 27766321, 27766321, 27766321, 27766321, 26349776, 25884336, 27773145, 27773145, 27773145, 27773145]",0,0,0,NPU,0,0,0,0,0,0,1.0,hot,0,0,0,0,1.0,0
0,183,meta-llama/Llama-3.1-8B,17,187,17039026617,124806255527,107767228910,94825267024,95075285877,75100254,"[1878228819, 27685307, 27685307, 723430234, 27512576, 27512576, 27512576, 27512576, 27512576, 27512576, 27512576, 27512576, 27512576, 27512576, 27512576, 27512576, 27512576, 27512576, 27512576, 27512576, 27512576, 27512576, 27512576, 27278932, 27278932, 27278932, 27278932, 27278932, 27278932, 27278932, 27278932, 27278932, 27278932, 27278932, 27278932, 2639143607, 27232760, 27232760, 27232760, 27232760, 27232760, 27232760, 250662050, 27232760, 27232760, 27232760, 27232760, 27232760, 1178359254, 27278932, 27278932, 27278932, 27061067, 149760535, 27061067, 27061067, 27061067, 27061067, 26859940, 26859940, 57486373, 26997779, 26997779, 26997779, 26997779, 26997779, 26997779, 26997779, 26997779, 563887237, 26830763, 26830763, 26830763, 26830763, 26830763, 26830763, 26830763, 26830763, 26830763, 26830763, 26830763, 26830763, 26830763, 26830763, 26830763, 26830763, 26830763, 26830763, 26830763, 26830763, 26830763, 26830763, 26830763, 26830763, 26695203, 26695203, 26695203, 26695203, 26695203, 26695203, 26695203, 26695203, 26695203, 26695203, 26695203, 26695203, 26695203, 26695203, 26695203, 26695203, 57565042, 26726923, 26726923, 210960398, 27232760, 27232760, 137080320, 28272208, 28272208, 28272208, 28272208, 28272208, 28272208, 28272208, 28272208, 28272208, 28272208, 28272208, 28272208, 28272208, 28272208, 28272208, 28272208, 28272208, 28272208, 28272208, 28272208, 28272208, 28107904, 28107904, 28107904, 28107904, 28107904, 28107904, 28107904, 28107904, 28107904, 28107904, 28107904, 28107904, 28107904, 28107904, 28107904, 26695203, 26520888, 26520888, 26520888, 550785801, 27766321, 27766321, 27766321, 27766321, 27766321, 26349776, 25884336, 27773145, 27773145, 27773145, 27773145]",0,0,0,NPU,0,0,0,0,0,0,1.0,hot,0,0,0,0,1.0,0
0,168,meta-llama/Llama-3.1-8B,17,370,15635216558,126014829086,110379612528,87144321132,87402962638,65274573,"[26759908, 299618814, 26956587, 26956587, 26956587, 26956587, 26956587, 26956587, 26956587, 26956587, 26956587, 26956587, 26759908, 26759908, 26759908, 26759908, 26759908, 391884469, 26726923, 26726923, 26726923, 26726923, 26726923, 26726923, 26726923, 26726923, 26726923, 26726923, 26726923, 26726923, 26726923, 26726923, 26726923, 26726923, 26726923, 26726923, 590438749, 26790979, 1379549730, 26615821, 26615821, 26615821, 26615821, 26615821, 26615821, 26615821, 26615821, 26615821, 26615821, 26615821, 26615821, 26615821, 26615821, 26615821, 26615821, 26615821, 26615821, 26615821, 26615821, 26615821, 26615821, 26615821, 26706189, 26706189, 26706189, 26706189, 26706189, 26706189, 26706189, 26706189, 26706189, 26706189, 26706189, 26706189, 26706189, 26706189, 26706189, 26706189, 26706189, 26706189, 26706189, 26706189, 26706189, 26706189, 26706189, 26706189, 26645180, 26444528, 26444528, 26444528, 26444528, 26444528, 26444528, 26444528, 26444528, 26444528, 26444528, 26444528, 26444528, 26444528, 26444528, 26454608, 26454608, 26454608, 26380886, 26380886, 26380886, 26380886, 26380886, 26380886, 26380886, 26380886, 246660665, 2822001529, 26645180, 163819212, 27103283, 250018853, 1878228819, 27685307, 27685307, 723430234, 27512576, 27512576, 27512576, 27512576, 27512576, 27512576, 27512576, 27512576, 27512576, 27512576, 27512576, 27512576, 27512576, 27512576, 27512576, 27512576, 27512576, 27512576, 27512576, 27278932, 27278932, 27278932, 27278932, 27278932, 27278932, 27278932, 27278932, 27278932, 27278932, 27278932, 27278932, 2639143607, 27232760, 27232760, 27232760, 27232760, 27232760, 27232760, 250662050, 27232760, 27232760, 27232760, 27232760, 27232760, 25916533, 25916533, 1126526188, 27278932, 27278932, 27278932, 27061067, 26420112, 123340423, 27061067, 27061067, 27061067, 27061067, 26859940, 26859940, 57486373, 26997779, 26997779, 26997779, 26997779, 26997779, 26997779, 26997779, 26997779, 25857173, 25668423, 512361641, 26830763, 26830763, 26830763, 26830763, 26830763, 26830763, 26830763, 26830763, 26830763, 26830763, 26830763, 26830763, 26830763, 26830763, 26830763, 26830763, 26830763, 26830763, 26830763, 26830763, 26830763, 26830763, 26830763, 26830763, 26695203, 26695203, 26695203, 26695203, 26695203, 26695203, 26695203, 26695203, 26695203, 26695203, 26695203, 26695203, 26695203, 26695203, 26695203, 26695203, 57565042, 26726923, 26726923, 210960398, 27232760, 27232760, 137080320, 28272208, 28272208, 28272208, 28272208, 28272208, 28272208, 28272208, 28272208, 28272208, 28272208, 28272208, 28272208, 28272208, 28272208, 28272208, 28272208, 28272208, 28272208, 28272208, 28272208, 28272208, 28107904, 28107904, 28107904, 28107904, 28107904, 28107904, 28107904, 28107904, 28107904, 28107904, 28107904, 28107904, 28107904, 28107904, 28107904, 26695203, 26520888, 26520888, 26520888, 25304821, 25304821, 25304821, 25304821, 25304821, 25304821, 108035056, 25774206, 25774206, 25774206, 25774206, 25774206, 25774206, 25774206, 25774206, 25774206, 58953965, 27766321, 27766321, 27766321, 27766321, 27766321, 26349776, 25884336, 27773145, 27773145, 27773145, 27773145, 27512576, 27512576, 27512576, 27512576, 27512576, 27512576, 27512576, 27512576, 27512576, 27512576, 27512576, 27512576, 27512576, 27512576, 27512576, 27512576, 27512576, 27512576, 27512576, 27512576, 27512576, 27512576, 26380886, 26380886, 26380886, 26097524, 57800860, 25914165, 25914165, 25914165, 25914165, 25914165, 25914165, 25914165, 25914165, 25914165, 25914165, 25914165, 25914165, 25857173, 25857173, 25857173, 25857173, 25857173]",0,0,0,NPU,0,0,0,0,0,0,1.0,hot,0,0,0,0,1.0,0
0,162,meta-llama/Llama-3.1-8B,147,536,15305163426,126650628211,111345464785,87474374264,87733015770,60856827,"[26759908, 299618814, 26956587, 26956587, 26956587, 26956587, 26956587, 26956587, 26956587, 26956587, 26956587, 26956587, 26759908, 26759908, 26759908, 26759908, 26759908, 391884469, 26726923, 26726923, 26726923, 26726923, 26726923, 26726923, 26726923, 26726923, 26726923, 26726923, 26726923, 26726923, 26726923, 26726923, 26726923, 26726923, 26726923, 26726923, 590438749, 26790979, 26573059, 1352976671, 26615821, 26615821, 26615821, 26615821, 26615821, 26615821, 26615821, 26615821, 26615821, 26615821, 26615821, 26615821, 26615821, 26615821, 26615821, 26615821, 26615821, 26615821, 26615821, 26615821, 26615821, 26615821, 26615821, 26706189, 26706189, 26706189, 26706189, 26706189, 26706189, 26706189, 26706189, 26706189, 26706189, 26706189, 26706189, 26706189, 26706189, 26706189, 26706189, 26706189, 26706189, 26706189, 26706189, 26706189, 26706189, 26706189, 26706189, 26645180, 26444528, 26444528, 26444528, 26444528, 26444528, 26444528, 26444528, 26444528, 26444528, 26444528, 26444528, 26444528, 26444528, 26444528, 26454608, 26454608, 26454608, 26380886, 26380886, 26380886, 26380886, 26380886, 26380886, 26380886, 26380886, 246660665, 2822001529, 26645180, 163819212, 27103283, 250018853, 25853850, 25853850, 25853850, 25853850, 25853850, 1748959569, 27685307, 27685307, 26354138, 26354138, 26354138, 26354138, 618013682, 27512576, 27512576, 27512576, 27512576, 27512576, 27512576, 27512576, 27512576, 27512576, 27512576, 27512576, 27512576, 27512576, 27512576, 27512576, 27512576, 27512576, 27512576, 27512576, 27278932, 27278932, 27278932, 27278932, 27278932, 27278932, 27278932, 27278932, 27278932, 27278932, 27278932, 27278932, 2639143607, 27232760, 27232760, 27232760, 27232760, 27232760, 27232760, 250662050, 27232760, 27232760, 27232760, 27232760, 27232760, 25916533, 25916533, 1126526188, 27278932, 27278932, 27278932, 27061067, 26420112, 123340423, 27061067, 27061067, 27061067, 27061067, 26859940, 26859940, 57486373, 26997779, 26997779, 26997779, 26997779, 26997779, 26997779, 26997779, 26997779, 25857173, 25668423, 26447349, 26447349, 459466943, 26830763, 26830763, 26830763, 26830763, 26830763, 26830763, 26830763, 26830763, 26830763, 26830763, 26830763, 26830763, 26830763, 26830763, 26830763, 26830763, 26830763, 26830763, 26830763, 26830763, 26830763, 26830763, 26830763, 26830763, 26695203, 26695203, 26695203, 26695203, 26695203, 26695203, 26695203, 26695203, 26695203, 26695203, 26695203, 26695203, 26695203, 26695203, 26695203, 26695203, 57565042, 26726923, 26726923, 210960398, 27232760, 27232760, 137080320, 28272208, 28272208, 28272208, 28272208, 28272208, 28272208, 28272208, 28272208, 28272208, 28272208, 28272208, 28272208, 28272208, 28272208, 28272208, 28272208, 28272208, 28272208, 28272208, 28272208, 28272208, 28107904, 28107904, 28107904, 28107904, 28107904, 28107904, 28107904, 28107904, 28107904, 28107904, 28107904, 28107904, 28107904, 28107904, 28107904, 26695203, 26520888, 26520888, 26520888, 25304821, 25304821, 25304821, 25304821, 25304821, 25304821, 25536603, 25536603, 56961850, 25774206, 25774206, 25774206, 25774206, 25774206, 25774206, 25774206, 25774206, 25774206, 58953965, 27766321, 27766321, 27766321, 27766321, 27766321, 26349776, 25884336, 27773145, 27773145, 27773145, 27773145, 27512576, 27512576, 27512576, 27512576, 27512576, 27512576, 27512576, 27512576, 27512576, 27512576, 27512576, 27512576, 27512576, 27512576, 27512576, 27512576, 27512576, 27512576, 27512576, 27512576, 27512576, 27512576, 26380886, 26380886, 26380886, 26097524, 57800860, 25914165, 25914165, 25914165, 25914165, 25914165, 25914165, 25914165, 25914165, 25914165, 25914165, 25914165, 25914165, 25857173, 25857173, 25857173, 25857173, 25857173, 59165627, 27278932, 27278932, 27278932, 27278932, 27278932, 26349776, 26097524, 25304821, 25304821, 25304821, 25304821, 25304821, 25304821, 57702019, 25465799, 25465799, 25465799, 25465799, 25465799, 25465799, 25465799]",0,0,0,NPU,0,0,0,0,0,0,1.0,hot,0,0,0,0,1.0,0
0,179,meta-llama/Llama-3.1-8B,4,366,16516816537,129841014326,113324197789,95156554609,95320373821,49872088,"[27103283, 250018853, 1878228819, 27685307, 27685307, 723430234, 27512576, 27512576, 27512576, 27512576, 27512576, 27512576, 27512576, 27512576, 27512576, 27512576, 27512576, 27512576, 27512576, 27512576, 27512576, 27512576, 27512576, 27512576, 27512576, 27278932, 27278932, 27278932, 27278932, 27278932, 27278932, 27278932, 27278932, 27278932, 27278932, 27278932, 27278932, 2639143607, 27232760, 27232760, 27232760, 27232760, 27232760, 27232760, 250662050, 27232760, 27232760, 27232760, 27232760, 27232760, 1178359254, 27278932, 27278932, 27278932, 27061067, 26420112, 123340423, 27061067, 27061067, 27061067, 27061067, 26859940, 26859940, 57486373, 26997779, 26997779, 26997779, 26997779, 26997779, 26997779, 26997779, 26997779, 563887237, 26830763, 26830763, 26830763, 26830763, 26830763, 26830763, 26830763, 26830763, 26830763, 26830763, 26830763, 26830763, 26830763, 26830763, 26830763, 26830763, 26830763, 26830763, 26830763, 26830763, 26830763, 26830763, 26830763, 26830763, 26695203, 26695203, 26695203, 26695203, 26695203, 26695203, 26695203, 26695203, 26695203, 26695203, 26695203, 26695203, 26695203, 26695203, 26695203, 26695203, 57565042, 26726923, 26726923, 210960398, 27232760, 27232760, 137080320, 28272208, 28272208, 28272208, 28272208, 28272208, 28272208, 28272208, 28272208, 28272208, 28272208, 28272208, 28272208, 28272208, 28272208, 28272208, 28272208, 28272208, 28272208, 28272208, 28272208, 28272208, 28107904, 28107904, 28107904, 28107904, 28107904, 28107904, 28107904, 28107904, 28107904, 28107904, 28107904, 28107904, 28107904, 28107904, 28107904, 26695203, 26520888, 26520888, 26520888, 259863982, 25774206, 25774206, 25774206, 25774206, 25774206, 25774206, 25774206, 25774206, 25774206, 58953965, 27766321, 27766321, 27766321, 27766321, 27766321, 26349776, 25884336, 27773145, 27773145, 27773145, 27773145, 27512576, 27512576, 27512576, 27512576, 27512576, 27512576, 27512576, 27512576, 27512576, 27512576, 27512576, 27512576, 27512576, 27512576, 27512576, 27512576, 27512576, 27512576, 27512576, 27512576, 27512576, 27512576, 26380886, 26380886, 26380886, 26097524, 57800860, 25914165, 25914165, 25914165, 25914165, 25914165, 25914165, 25914165, 25914165, 25914165, 25914165, 25914165, 25914165, 25857173, 25857173, 25857173, 25857173, 25857173, 59165627, 27278932, 27278932, 27278932, 27278932, 27278932, 26349776, 26097524, 209530945, 25465799, 25465799, 25465799, 25465799, 25465799, 25465799, 25465799, 59468980, 27232760, 27232760, 27232760, 27232760, 27232760, 27232760, 27232760, 27232760, 27232760, 27232760, 27232760, 27232760, 27232760, 27232760, 27232760, 26380886, 26380886, 26380886, 25322687, 25322687, 25322687, 25322687, 25335007, 108564262, 25454110, 25454110, 25454110, 25454110, 25454110, 25454110, 25454110, 25454110, 25454110, 25454110, 25454110, 25454110, 25454110, 25454110, 25454110, 25454110, 25454110, 25454110, 25454110, 25454110, 25454110, 25454110, 25454110, 25454110, 25454110, 25454110, 25454110, 25454110, 25454110, 25454110, 25454110, 25454110, 25454110, 25454110, 25454110, 25454110, 25454110, 25454110, 25454110, 25454110, 25454110, 25454110, 25454110, 25454110, 25454110, 25454110, 25454110, 25454110, 25454110, 25454110, 25454110, 25454110, 25454110, 25454110, 25454110, 25454110, 25859550, 25859550, 25859550, 25859550, 25859550, 25859550, 25859550, 25859550, 25859550, 25859550, 25859550, 25859550, 25859550, 25859550, 25859550, 25859550, 25859550, 25859550, 25859550, 25859550, 25859550, 25859550, 25859550, 25859550, 25859550, 25859550, 25859550, 25859550, 25859550, 25859550, 25859550, 25859550, 25859550, 25859550, 25859550, 25859550, 25859550, 25859550]",0,0,0,NPU,0,0,0,0,0,0,1.0,hot,0,0,0,0,1.0,0
0,180,meta-llama/Llama-3.1-8B,106,532,16558529780,131596500063,115037970283,95114841366,95278660578,46492493,"[27103283, 250018853, 1878228819, 27685307, 27685307, 723430234, 27512576, 27512576, 27512576, 27512576, 27512576, 27512576, 27512576, 27512576, 27512576, 27512576, 27512576, 27512576, 27512576, 27512576, 27512576, 27512576, 27512576, 27512576, 27512576, 27278932, 27278932, 27278932, 27278932, 27278932, 27278932, 27278932, 27278932, 27278932, 27278932, 27278932, 27278932, 2639143607, 27232760, 27232760, 27232760, 27232760, 27232760, 27232760, 250662050, 27232760, 27232760, 27232760, 27232760, 27232760, 1178359254, 27278932, 27278932, 27278932, 27061067, 26420112, 123340423, 27061067, 27061067, 27061067, 27061067, 26859940, 26859940, 57486373, 26997779, 26997779, 26997779, 26997779, 26997779, 26997779, 26997779, 26997779, 563887237, 26830763, 26830763, 26830763, 26830763, 26830763, 26830763, 26830763, 26830763, 26830763, 26830763, 26830763, 26830763, 26830763, 26830763, 26830763, 26830763, 26830763, 26830763, 26830763, 26830763, 26830763, 26830763, 26830763, 26830763, 26695203, 26695203, 26695203, 26695203, 26695203, 26695203, 26695203, 26695203, 26695203, 26695203, 26695203, 26695203, 26695203, 26695203, 26695203, 26695203, 57565042, 26726923, 26726923, 210960398, 27232760, 27232760, 137080320, 28272208, 28272208, 28272208, 28272208, 28272208, 28272208, 28272208, 28272208, 28272208, 28272208, 28272208, 28272208, 28272208, 28272208, 28272208, 28272208, 28272208, 28272208, 28272208, 28272208, 28272208, 28107904, 28107904, 28107904, 28107904, 28107904, 28107904, 28107904, 28107904, 28107904, 28107904, 28107904, 28107904, 28107904, 28107904, 28107904, 26695203, 26520888, 26520888, 26520888, 259863982, 25774206, 25774206, 25774206, 25774206, 25774206, 25774206, 25774206, 25774206, 25774206, 58953965, 27766321, 27766321, 27766321, 27766321, 27766321, 26349776, 25884336, 27773145, 27773145, 27773145, 27773145, 27512576, 27512576, 27512576, 27512576, 27512576, 27512576, 27512576, 27512576, 27512576, 27512576, 27512576, 27512576, 27512576, 27512576, 27512576, 27512576, 27512576, 27512576, 27512576, 27512576, 27512576, 27512576, 26380886, 26380886, 26380886, 26097524, 57800860, 25914165, 25914165, 25914165, 25914165, 25914165, 25914165, 25914165, 25914165, 25914165, 25914165, 25914165, 25914165, 25857173, 25857173, 25857173, 25857173, 25857173, 59165627, 27278932, 27278932, 27278932, 27278932, 27278932, 26349776, 26097524, 209530945, 25465799, 25465799, 25465799, 25465799, 25465799, 25465799, 25465799, 59468980, 27232760, 27232760, 27232760, 27232760, 27232760, 27232760, 27232760, 27232760, 27232760, 27232760, 27232760, 27232760, 27232760, 27232760, 27232760, 26380886, 26380886, 26380886, 235190017, 25454110, 25454110, 25454110, 25454110, 25454110, 25454110, 25454110, 25454110, 25454110, 25454110, 25454110, 25454110, 25454110, 25454110, 25454110, 25454110, 25454110, 25454110, 25454110, 25454110, 25454110, 25454110, 25454110, 25454110, 25454110, 25454110, 25454110, 25454110, 25454110, 25454110, 25454110, 25454110, 25454110, 25454110, 25454110, 25454110, 25454110, 25454110, 25454110, 25454110, 25454110, 25454110, 25454110, 25454110, 25454110, 25454110, 25454110, 25454110, 25454110, 25454110, 25454110, 25454110, 25454110, 25454110, 25454110, 25454110, 25859550, 25859550, 25859550, 25859550, 25859550, 25859550, 25859550, 25859550, 25859550, 25859550, 25859550, 25859550, 25859550, 25859550, 25859550, 25859550, 25859550, 25859550, 25859550, 25859550, 25859550, 25859550, 25859550, 25859550, 25859550, 25859550, 25859550, 25859550, 25859550, 25859550, 25859550, 25859550, 25859550, 25859550, 25859550, 25859550, 25859550, 25859550, 25263093, 25263093, 25263093, 25263093, 25263093, 25263093, 25263093, 25263093, 25263093, 25263093, 25263093, 25263093, 25263093, 25263093, 25487317, 25487317, 25487317, 25487317, 25487317, 25487317, 25487317, 25487317, 25487317, 25487317, 25487317, 25487317, 25487317, 25487317, 25487317, 25487317, 25487317, 25487317, 25487317, 25487317, 25487317, 25487317, 25487317, 25487317, 25487317, 25487317, 25487317, 25487317, 25487317, 25487317, 25487317, 25487317, 25487317, 25487317, 25487317, 25487317, 25487317, 25487317, 25487317, 25487317, 25487317, 25487317, 25487317, 25487317, 25487317, 25487317, 25487317, 25487317, 25487317, 25487317, 25487317, 25487317, 25487317, 25487317, 25487317]",0,0,0,NPU,0,0,0,0,0,0,1.0,hot,0,0,0,0,1.0,0
0,175,meta-llama/Llama-3.1-8B,77,526,16059670593,131853824853,115794154260,95613700553,95777519765,44679987,"[27103283, 250018853, 1878228819, 27685307, 27685307, 723430234, 27512576, 27512576, 27512576, 27512576, 27512576, 27512576, 27512576, 27512576, 27512576, 27512576, 27512576, 27512576, 27512576, 27512576, 27512576, 27512576, 27512576, 27512576, 27512576, 27278932, 27278932, 27278932, 27278932, 27278932, 27278932, 27278932, 27278932, 27278932, 27278932, 27278932, 27278932, 2639143607, 27232760, 27232760, 27232760, 27232760, 27232760, 27232760, 250662050, 27232760, 27232760, 27232760, 27232760, 27232760, 1178359254, 27278932, 27278932, 27278932, 27061067, 26420112, 123340423, 27061067, 27061067, 27061067, 27061067, 26859940, 26859940, 57486373, 26997779, 26997779, 26997779, 26997779, 26997779, 26997779, 26997779, 26997779, 563887237, 26830763, 26830763, 26830763, 26830763, 26830763, 26830763, 26830763, 26830763, 26830763, 26830763, 26830763, 26830763, 26830763, 26830763, 26830763, 26830763, 26830763, 26830763, 26830763, 26830763, 26830763, 26830763, 26830763, 26830763, 26695203, 26695203, 26695203, 26695203, 26695203, 26695203, 26695203, 26695203, 26695203, 26695203, 26695203, 26695203, 26695203, 26695203, 26695203, 26695203, 57565042, 26726923, 26726923, 210960398, 27232760, 27232760, 137080320, 28272208, 28272208, 28272208, 28272208, 28272208, 28272208, 28272208, 28272208, 28272208, 28272208, 28272208, 28272208, 28272208, 28272208, 28272208, 28272208, 28272208, 28272208, 28272208, 28272208, 28272208, 28107904, 28107904, 28107904, 28107904, 28107904, 28107904, 28107904, 28107904, 28107904, 28107904, 28107904, 28107904, 28107904, 28107904, 28107904, 26695203, 26520888, 26520888, 26520888, 259863982, 25774206, 25774206, 25774206, 25774206, 25774206, 25774206, 25774206, 25774206, 25774206, 58953965, 27766321, 27766321, 27766321, 27766321, 27766321, 26349776, 25884336, 27773145, 27773145, 27773145, 27773145, 27512576, 27512576, 27512576, 27512576, 27512576, 27512576, 27512576, 27512576, 27512576, 27512576, 27512576, 27512576, 27512576, 27512576, 27512576, 27512576, 27512576, 27512576, 27512576, 27512576, 27512576, 27512576, 26380886, 26380886, 26380886, 26097524, 57800860, 25914165, 25914165, 25914165, 25914165, 25914165, 25914165, 25914165, 25914165, 25914165, 25914165, 25914165, 25914165, 25857173, 25857173, 25857173, 25857173, 25857173, 59165627, 27278932, 27278932, 27278932, 27278932, 27278932, 26349776, 26097524, 25304821, 25304821, 25304821, 25304821, 25304821, 25304821, 57702019, 25465799, 25465799, 25465799, 25465799, 25465799, 25465799, 25465799, 59468980, 27232760, 27232760, 27232760, 27232760, 27232760, 27232760, 27232760, 27232760, 27232760, 27232760, 27232760, 27232760, 27232760, 27232760, 27232760, 26380886, 26380886, 26380886, 25322687, 25322687, 25322687, 25322687, 25335007, 25262203, 25262203, 58039856, 25454110, 25454110, 25454110, 25454110, 25454110, 25454110, 25454110, 25454110, 25454110, 25454110, 25454110, 25454110, 25454110, 25454110, 25454110, 25454110, 25454110, 25454110, 25454110, 25454110, 25454110, 25454110, 25454110, 25454110, 25454110, 25454110, 25454110, 25454110, 25454110, 25454110, 25454110, 25454110, 25454110, 25454110, 25454110, 25454110, 25454110, 25454110, 25454110, 25454110, 25454110, 25454110, 25454110, 25454110, 25454110, 25454110, 25454110, 25454110, 25454110, 25454110, 25454110, 25454110, 25454110, 25454110, 25454110, 25454110, 25859550, 25859550, 25859550, 25859550, 25859550, 25859550, 25859550, 25859550, 25859550, 25859550, 25859550, 25859550, 25859550, 25859550, 25859550, 25859550, 25859550, 25859550, 25859550, 25859550, 25859550, 25859550, 25859550, 25859550, 25859550, 25859550, 25859550, 25859550, 25859550, 25859550, 25859550, 25859550, 25859550, 25859550, 25859550, 25859550, 25859550, 25859550, 25263093, 25263093, 25263093, 25263093, 25263093, 25263093, 25263093, 25263093, 25263093, 25263093, 25263093, 25263093, 25263093, 25263093, 25487317, 25487317, 25487317, 25487317, 25487317, 25487317, 25487317, 25487317, 25487317, 25487317, 25487317, 25487317, 25487317, 25487317, 25487317, 25487317, 25487317, 25487317, 25487317, 25487317, 25487317, 25487317, 25487317, 25487317, 25487317, 25487317, 25487317, 25487317, 25487317, 25487317, 25487317, 25487317, 25487317, 25487317, 25487317, 25487317, 25487317, 25487317, 25487317, 25487317, 25487317, 25487317, 25487317, 25487317, 25487317, 25487317, 25487317, 25487317, 25487317, 25487317, 25487317, 25487317, 25487317, 25487317, 25487317, 25732479, 25732479, 25732479, 25732479, 25732479, 25732479, 25732479, 25732479, 25732479, 25732479]",0,0,0,NPU,0,0,0,0,0,0,1.0,hot,0,0,0,0,1.0,0
0,181,meta-llama/Llama-3.1-8B,47,492,16570574208,132127249771,115556675563,95102796938,95266616150,45698332,"[27103283, 250018853, 1878228819, 27685307, 27685307, 723430234, 27512576, 27512576, 27512576, 27512576, 27512576, 27512576, 27512576, 27512576, 27512576, 27512576, 27512576, 27512576, 27512576, 27512576, 27512576, 27512576, 27512576, 27512576, 27512576, 27278932, 27278932, 27278932, 27278932, 27278932, 27278932, 27278932, 27278932, 27278932, 27278932, 27278932, 27278932, 2639143607, 27232760, 27232760, 27232760, 27232760, 27232760, 27232760, 250662050, 27232760, 27232760, 27232760, 27232760, 27232760, 1178359254, 27278932, 27278932, 27278932, 27061067, 26420112, 123340423, 27061067, 27061067, 27061067, 27061067, 26859940, 26859940, 57486373, 26997779, 26997779, 26997779, 26997779, 26997779, 26997779, 26997779, 26997779, 563887237, 26830763, 26830763, 26830763, 26830763, 26830763, 26830763, 26830763, 26830763, 26830763, 26830763, 26830763, 26830763, 26830763, 26830763, 26830763, 26830763, 26830763, 26830763, 26830763, 26830763, 26830763, 26830763, 26830763, 26830763, 26695203, 26695203, 26695203, 26695203, 26695203, 26695203, 26695203, 26695203, 26695203, 26695203, 26695203, 26695203, 26695203, 26695203, 26695203, 26695203, 57565042, 26726923, 26726923, 210960398, 27232760, 27232760, 137080320, 28272208, 28272208, 28272208, 28272208, 28272208, 28272208, 28272208, 28272208, 28272208, 28272208, 28272208, 28272208, 28272208, 28272208, 28272208, 28272208, 28272208, 28272208, 28272208, 28272208, 28272208, 28107904, 28107904, 28107904, 28107904, 28107904, 28107904, 28107904, 28107904, 28107904, 28107904, 28107904, 28107904, 28107904, 28107904, 28107904, 26695203, 26520888, 26520888, 26520888, 259863982, 25774206, 25774206, 25774206, 25774206, 25774206, 25774206, 25774206, 25774206, 25774206, 58953965, 27766321, 27766321, 27766321, 27766321, 27766321, 26349776, 25884336, 27773145, 27773145, 27773145, 27773145, 27512576, 27512576, 27512576, 27512576, 27512576, 27512576, 27512576, 27512576, 27512576, 27512576, 27512576, 27512576, 27512576, 27512576, 27512576, 27512576, 27512576, 27512576, 27512576, 27512576, 27512576, 27512576, 26380886, 26380886, 26380886, 26097524, 57800860, 25914165, 25914165, 25914165, 25914165, 25914165, 25914165, 25914165, 25914165, 25914165, 25914165, 25914165, 25914165, 25857173, 25857173, 25857173, 25857173, 25857173, 59165627, 27278932, 27278932, 27278932, 27278932, 27278932, 26349776, 26097524, 209530945, 25465799, 25465799, 25465799, 25465799, 25465799, 25465799, 25465799, 59468980, 27232760, 27232760, 27232760, 27232760, 27232760, 27232760, 27232760, 27232760, 27232760, 27232760, 27232760, 27232760, 27232760, 27232760, 27232760, 26380886, 26380886, 26380886, 235190017, 25454110, 25454110, 25454110, 25454110, 25454110, 25454110, 25454110, 25454110, 25454110, 25454110, 25454110, 25454110, 25454110, 25454110, 25454110, 25454110, 25454110, 25454110, 25454110, 25454110, 25454110, 25454110, 25454110, 25454110, 25454110, 25454110, 25454110, 25454110, 25454110, 25454110, 25454110, 25454110, 25454110, 25454110, 25454110, 25454110, 25454110, 25454110, 25454110, 25454110, 25454110, 25454110, 25454110, 25454110, 25454110, 25454110, 25454110, 25454110, 25454110, 25454110, 25454110, 25454110, 25454110, 25454110, 25454110, 25454110, 25859550, 25859550, 25859550, 25859550, 25859550, 25859550, 25859550, 25859550, 25859550, 25859550, 25859550, 25859550, 25859550, 25859550, 25859550, 25859550, 25859550, 25859550, 25859550, 25859550, 25859550, 25859550, 25859550, 25859550, 25859550, 25859550, 25859550, 25859550, 25859550, 25859550, 25859550, 25859550, 25859550, 25859550, 25859550, 25859550, 25859550, 25859550, 25263093, 25263093, 25263093, 25263093, 25263093, 25263093, 25263093, 25263093, 25263093, 25263093, 25263093, 25263093, 25263093, 25263093, 25487317, 25487317, 25487317, 25487317, 25487317, 25487317, 25487317, 25487317, 25487317, 25487317, 25487317, 25487317, 25487317, 25487317, 25487317, 25487317, 25487317, 25487317, 25487317, 25487317, 25487317, 25487317, 25487317, 25487317, 25487317, 25487317, 25487317, 25487317, 25487317, 25487317, 25487317, 25487317, 25487317, 25487317, 25487317, 25487317, 25487317, 25487317, 25487317, 25487317, 25487317, 25487317, 25487317, 25487317, 25487317, 25487317, 25487317, 25487317, 25487317, 25487317, 25487317, 25487317, 25487317, 25487317, 25487317, 25732479, 25732479, 25732479, 25732479, 25732479, 25732479, 25732479, 25732479, 25732479, 25732479, 59345654, 26759908, 26759908, 26759908, 26759908, 26759908, 26759908, 26759908, 26759908]",0,0,0,NPU,0,0,0,0,0,0,1.0,hot,0,0,0,0,1.0,0
0,184,meta-llama/Llama-3.1-8B,11,246,17068859354,132234157463,115165298109,94795434287,95045453140,85982243,"[1878228819, 27685307, 27685307, 723430234, 27512576, 27512576, 27512576, 27512576, 27512576, 27512576, 27512576, 27512576, 27512576, 27512576, 27512576, 27512576, 27512576, 27512576, 27512576, 27512576, 27512576, 27512576, 27512576, 27278932, 27278932, 27278932, 27278932, 27278932, 27278932, 27278932, 27278932, 27278932, 27278932, 27278932, 27278932, 2639143607, 27232760, 27232760, 27232760, 27232760, 27232760, 27232760, 250662050, 27232760, 27232760, 27232760, 27232760, 27232760, 1178359254, 27278932, 27278932, 27278932, 27061067, 149760535, 27061067, 27061067, 27061067, 27061067, 26859940, 26859940, 57486373, 26997779, 26997779, 26997779, 26997779, 26997779, 26997779, 26997779, 26997779, 563887237, 26830763, 26830763, 26830763, 26830763, 26830763, 26830763, 26830763, 26830763, 26830763, 26830763, 26830763, 26830763, 26830763, 26830763, 26830763, 26830763, 26830763, 26830763, 26830763, 26830763, 26830763, 26830763, 26830763, 26830763, 26695203, 26695203, 26695203, 26695203, 26695203, 26695203, 26695203, 26695203, 26695203, 26695203, 26695203, 26695203, 26695203, 26695203, 26695203, 26695203, 57565042, 26726923, 26726923, 210960398, 27232760, 27232760, 137080320, 28272208, 28272208, 28272208, 28272208, 28272208, 28272208, 28272208, 28272208, 28272208, 28272208, 28272208, 28272208, 28272208, 28272208, 28272208, 28272208, 28272208, 28272208, 28272208, 28272208, 28272208, 28107904, 28107904, 28107904, 28107904, 28107904, 28107904, 28107904, 28107904, 28107904, 28107904, 28107904, 28107904, 28107904, 28107904, 28107904, 26695203, 26520888, 26520888, 26520888, 550785801, 27766321, 27766321, 27766321, 27766321, 27766321, 26349776, 53657481, 27773145, 27773145, 27773145, 27512576, 27512576, 27512576, 27512576, 27512576, 27512576, 27512576, 27512576, 27512576, 27512576, 27512576, 27512576, 27512576, 27512576, 27512576, 27512576, 27512576, 27512576, 27512576, 27512576, 27512576, 27512576, 26380886, 26380886, 26380886, 26097524, 557222332, 27278932, 27278932, 27278932, 27278932, 27278932, 26349776, 26097524, 447260518, 27232760, 27232760, 27232760, 27232760, 27232760, 27232760, 27232760, 27232760, 27232760, 27232760, 27232760, 27232760, 27232760, 27232760, 27232760, 26380886, 26380886, 26380886, 4715439258, 26759908, 26759908, 26759908, 26759908, 26759908, 26759908, 26759908, 26759908, 26726923, 26726923, 26726923, 26726923]",0,0,0,NPU,0,0,0,0,0,0,1.0,hot,0,0,0,0,1.0,0
0,194,meta-llama/Llama-3.1-8B,10,142,18140446934,132794756726,114654309792,104288765462,104499725860,77515907,"[27232760, 27232760, 137080320, 28272208, 28272208, 28272208, 28272208, 28272208, 28272208, 28272208, 28272208, 28272208, 28272208, 28272208, 28272208, 28272208, 28272208, 28272208, 28272208, 28272208, 28272208, 28272208, 28272208, 28272208, 28107904, 28107904, 28107904, 28107904, 28107904, 28107904, 28107904, 28107904, 28107904, 28107904, 28107904, 28107904, 28107904, 28107904, 28107904, 657043668, 27766321, 27766321, 27766321, 27766321, 27766321, 80007257, 27773145, 27773145, 27773145, 27512576, 27512576, 27512576, 27512576, 27512576, 27512576, 27512576, 27512576, 27512576, 27512576, 27512576, 27512576, 27512576, 27512576, 27512576, 27512576, 27512576, 27512576, 27512576, 27512576, 27512576, 27512576, 662462514, 27278932, 27278932, 27278932, 27278932, 27278932, 26349776, 473358042, 27232760, 27232760, 27232760, 27232760, 27232760, 27232760, 27232760, 27232760, 27232760, 27232760, 27232760, 27232760, 27232760, 27232760, 27232760, 26380886, 26380886, 26380886, 4715439258, 26759908, 26759908, 26759908, 26759908, 26759908, 26759908, 26759908, 26759908, 26726923, 26726923, 26726923, 26726923, 26695203, 26695203, 26695203, 26695203, 26695203, 26695203, 26695203, 26695203, 26695203, 26695203, 26695203, 26695203, 26695203, 26695203, 26695203, 26695203, 26695203, 26695203, 26695203, 26695203, 26695203]",0,0,0,NPU,0,0,0,0,0,0,1.0,hot,0,0,0,0,1.0,0
0,198,meta-llama/Llama-3.1-8B,91,216,18758373227,132794756726,114036383499,103936265087,104073345407,80347081,"[28272208, 28272208, 28272208, 28272208, 28272208, 28272208, 28272208, 28272208, 28272208, 28272208, 28272208, 28272208, 28272208, 28272208, 28272208, 28272208, 28272208, 28272208, 28272208, 28272208, 28272208, 28107904, 28107904, 28107904, 28107904, 28107904, 28107904, 28107904, 28107904, 28107904, 28107904, 28107904, 28107904, 28107904, 28107904, 28107904, 657043668, 27766321, 27766321, 27766321, 27766321, 27766321, 80007257, 27773145, 27773145, 27773145, 27512576, 27512576, 27512576, 27512576, 27512576, 27512576, 27512576, 27512576, 27512576, 27512576, 27512576, 27512576, 27512576, 27512576, 27512576, 27512576, 27512576, 27512576, 27512576, 27512576, 27512576, 27512576, 662462514, 27278932, 27278932, 27278932, 27278932, 27278932, 499707818, 27232760, 27232760, 27232760, 27232760, 27232760, 27232760, 27232760, 27232760, 27232760, 27232760, 27232760, 27232760, 27232760, 27232760, 27232760, 4794581916, 26759908, 26759908, 26759908, 26759908, 26759908, 26759908, 26759908, 26759908, 26726923, 26726923, 26726923, 26726923, 26695203, 26695203, 26695203, 26695203, 26695203, 26695203, 26695203, 26695203, 26695203, 26695203, 26695203, 26695203, 26695203, 26695203, 26695203, 26695203, 26695203, 26695203, 26695203, 26695203, 26695203]",0,0,0,NPU,0,0,0,0,0,0,1.0,hot,0,0,0,0,1.0,0
0,185,meta-llama/Llama-3.1-8B,62,325,17176735627,133007918166,115831182539,94687558014,94937576867,79746586,"[1878228819, 27685307, 27685307, 723430234, 27512576, 27512576, 27512576, 27512576, 27512576, 27512576, 27512576, 27512576, 27512576, 27512576, 27512576, 27512576, 27512576, 27512576, 27512576, 27512576, 27512576, 27512576, 27512576, 27278932, 27278932, 27278932, 27278932, 27278932, 27278932, 27278932, 27278932, 27278932, 27278932, 27278932, 27278932, 2639143607, 27232760, 27232760, 27232760, 27232760, 27232760, 27232760, 250662050, 27232760, 27232760, 27232760, 27232760, 27232760, 1178359254, 27278932, 27278932, 27278932, 27061067, 149760535, 27061067, 27061067, 27061067, 27061067, 26859940, 26859940, 57486373, 26997779, 26997779, 26997779, 26997779, 26997779, 26997779, 26997779, 26997779, 563887237, 26830763, 26830763, 26830763, 26830763, 26830763, 26830763, 26830763, 26830763, 26830763, 26830763, 26830763, 26830763, 26830763, 26830763, 26830763, 26830763, 26830763, 26830763, 26830763, 26830763, 26830763, 26830763, 26830763, 26830763, 26695203, 26695203, 26695203, 26695203, 26695203, 26695203, 26695203, 26695203, 26695203, 26695203, 26695203, 26695203, 26695203, 26695203, 26695203, 26695203, 57565042, 26726923, 26726923, 210960398, 27232760, 27232760, 137080320, 28272208, 28272208, 28272208, 28272208, 28272208, 28272208, 28272208, 28272208, 28272208, 28272208, 28272208, 28272208, 28272208, 28272208, 28272208, 28272208, 28272208, 28272208, 28272208, 28272208, 28272208, 28107904, 28107904, 28107904, 28107904, 28107904, 28107904, 28107904, 28107904, 28107904, 28107904, 28107904, 28107904, 28107904, 28107904, 28107904, 26695203, 26520888, 26520888, 26520888, 550785801, 27766321, 27766321, 27766321, 27766321, 27766321, 26349776, 53657481, 27773145, 27773145, 27773145, 27512576, 27512576, 27512576, 27512576, 27512576, 27512576, 27512576, 27512576, 27512576, 27512576, 27512576, 27512576, 27512576, 27512576, 27512576, 27512576, 27512576, 27512576, 27512576, 27512576, 27512576, 27512576, 26380886, 26380886, 26380886, 583319856, 27278932, 27278932, 27278932, 27278932, 27278932, 26349776, 26097524, 447260518, 27232760, 27232760, 27232760, 27232760, 27232760, 27232760, 27232760, 27232760, 27232760, 27232760, 27232760, 27232760, 27232760, 27232760, 27232760, 26380886, 26380886, 26380886, 4715439258, 26759908, 26759908, 26759908, 26759908, 26759908, 26759908, 26759908, 26759908, 26726923, 26726923, 26726923, 26726923, 26695203, 26695203, 26695203, 26695203, 26695203, 26695203, 26695203, 26695203, 26695203, 26695203, 26695203, 26695203, 26695203, 26695203, 26695203, 26695203, 26695203, 26695203, 26695203, 26695203, 26695203, 26645180, 26645180, 26645180, 26645180, 26645180, 26645180, 26645180, 26645180]",0,0,0,NPU,0,0,0,0,0,0,1.0,hot,0,0,0,0,1.0,0
0,192,meta-llama/Llama-3.1-8B,29,176,17998775293,133087251750,115088476457,104430437103,104641397501,71555335,"[27232760, 27232760, 137080320, 28272208, 28272208, 28272208, 28272208, 28272208, 28272208, 28272208, 28272208, 28272208, 28272208, 28272208, 28272208, 28272208, 28272208, 28272208, 28272208, 28272208, 28272208, 28272208, 28272208, 28272208, 28107904, 28107904, 28107904, 28107904, 28107904, 28107904, 28107904, 28107904, 28107904, 28107904, 28107904, 28107904, 28107904, 28107904, 28107904, 26695203, 630348465, 27766321, 27766321, 27766321, 27766321, 27766321, 80007257, 27773145, 27773145, 27773145, 27512576, 27512576, 27512576, 27512576, 27512576, 27512576, 27512576, 27512576, 27512576, 27512576, 27512576, 27512576, 27512576, 27512576, 27512576, 27512576, 27512576, 27512576, 27512576, 27512576, 27512576, 27512576, 26380886, 26380886, 26380886, 583319856, 27278932, 27278932, 27278932, 27278932, 27278932, 26349776, 473358042, 27232760, 27232760, 27232760, 27232760, 27232760, 27232760, 27232760, 27232760, 27232760, 27232760, 27232760, 27232760, 27232760, 27232760, 27232760, 26380886, 26380886, 26380886, 4715439258, 26759908, 26759908, 26759908, 26759908, 26759908, 26759908, 26759908, 26759908, 26726923, 26726923, 26726923, 26726923, 26695203, 26695203, 26695203, 26695203, 26695203, 26695203, 26695203, 26695203, 26695203, 26695203, 26695203, 26695203, 26695203, 26695203, 26695203, 26695203, 26695203, 26695203, 26695203, 26695203, 26695203, 26645180, 26645180, 26645180, 26645180, 26645180, 26645180, 26645180, 26645180, 26444528, 26444528, 26444528]",0,0,0,NPU,0,0,0,0,0,0,1.0,hot,0,0,0,0,1.0,0
0,189,meta-llama/Llama-3.1-8B,99,277,17530812915,133456584154,115925771239,102290214334,102458340645,76087178,"[27278932, 27278932, 27278932, 396272123, 26997779, 26997779, 26997779, 26997779, 26997779, 26997779, 26997779, 26997779, 1692513839, 26726923, 26726923, 210960398, 27232760, 27232760, 137080320, 28272208, 28272208, 28272208, 28272208, 28272208, 28272208, 28272208, 28272208, 28272208, 28272208, 28272208, 28272208, 28272208, 28272208, 28272208, 28272208, 28272208, 28272208, 28272208, 28272208, 28272208, 28107904, 28107904, 28107904, 28107904, 28107904, 28107904, 28107904, 28107904, 28107904, 28107904, 28107904, 28107904, 28107904, 28107904, 28107904, 26695203, 630348465, 27766321, 27766321, 27766321, 27766321, 27766321, 26349776, 53657481, 27773145, 27773145, 27773145, 27512576, 27512576, 27512576, 27512576, 27512576, 27512576, 27512576, 27512576, 27512576, 27512576, 27512576, 27512576, 27512576, 27512576, 27512576, 27512576, 27512576, 27512576, 27512576, 27512576, 27512576, 27512576, 26380886, 26380886, 26380886, 583319856, 27278932, 27278932, 27278932, 27278932, 27278932, 26349776, 473358042, 27232760, 27232760, 27232760, 27232760, 27232760, 27232760, 27232760, 27232760, 27232760, 27232760, 27232760, 27232760, 27232760, 27232760, 27232760, 26380886, 26380886, 26380886, 4715439258, 26759908, 26759908, 26759908, 26759908, 26759908, 26759908, 26759908, 26759908, 26726923, 26726923, 26726923, 26726923, 26695203, 26695203, 26695203, 26695203, 26695203, 26695203, 26695203, 26695203, 26695203, 26695203, 26695203, 26695203, 26695203, 26695203, 26695203, 26695203, 26695203, 26695203, 26695203, 26695203, 26695203, 26645180, 26645180, 26645180, 26645180, 26645180, 26645180, 26645180, 26645180, 26444528, 26444528, 26444528, 26380886, 26380886, 26380886, 26380886, 26380886, 26380886, 26380886, 26380886, 26380886, 26380886, 26380886, 26380886, 26380886, 26380886]",0,0,0,NPU,0,0,0,0,0,0,1.0,hot,0,0,0,0,1.0,0
0,182,meta-llama/Llama-3.1-8B,1258,1543,16829193247,133536773122,116707579875,95035100394,95285119247,75431199,"[1878228819, 27685307, 27685307, 723430234, 27512576, 27512576, 27512576, 27512576, 27512576, 27512576, 27512576, 27512576, 27512576, 27512576, 27512576, 27512576, 27512576, 27512576, 27512576, 27512576, 27512576, 27512576, 27512576, 27278932, 27278932, 27278932, 27278932, 27278932, 27278932, 27278932, 27278932, 27278932, 27278932, 27278932, 27278932, 2639143607, 27232760, 27232760, 27232760, 27232760, 27232760, 27232760, 250662050, 27232760, 27232760, 27232760, 27232760, 27232760, 1178359254, 27278932, 27278932, 27278932, 27061067, 149760535, 27061067, 27061067, 27061067, 27061067, 26859940, 26859940, 57486373, 26997779, 26997779, 26997779, 26997779, 26997779, 26997779, 26997779, 26997779, 563887237, 26830763, 26830763, 26830763, 26830763, 26830763, 26830763, 26830763, 26830763, 26830763, 26830763, 26830763, 26830763, 26830763, 26830763, 26830763, 26830763, 26830763, 26830763, 26830763, 26830763, 26830763, 26830763, 26830763, 26830763, 26695203, 26695203, 26695203, 26695203, 26695203, 26695203, 26695203, 26695203, 26695203, 26695203, 26695203, 26695203, 26695203, 26695203, 26695203, 26695203, 57565042, 26726923, 26726923, 210960398, 27232760, 27232760, 137080320, 28272208, 28272208, 28272208, 28272208, 28272208, 28272208, 28272208, 28272208, 28272208, 28272208, 28272208, 28272208, 28272208, 28272208, 28272208, 28272208, 28272208, 28272208, 28272208, 28272208, 28272208, 28107904, 28107904, 28107904, 28107904, 28107904, 28107904, 28107904, 28107904, 28107904, 28107904, 28107904, 28107904, 28107904, 28107904, 28107904, 26695203, 26520888, 26520888, 26520888, 550785801, 27766321, 27766321, 27766321, 27766321, 27766321, 26349776, 25884336, 27773145, 27773145, 27773145, 27773145, 27512576, 27512576, 27512576, 27512576, 27512576, 27512576, 27512576, 27512576, 27512576, 27512576, 27512576, 27512576, 27512576, 27512576, 27512576, 27512576, 27512576, 27512576, 27512576, 27512576, 27512576, 27512576, 26380886, 26380886, 26380886, 26097524, 557222332, 27278932, 27278932, 27278932, 27278932, 27278932, 26349776, 26097524, 447260518, 27232760, 27232760, 27232760, 27232760, 27232760, 27232760, 27232760, 27232760, 27232760, 27232760, 27232760, 27232760, 27232760, 27232760, 27232760, 26380886, 26380886, 26380886, 4715439258, 26759908, 26759908, 26759908, 26759908, 26759908, 26759908, 26759908, 26759908, 26726923, 26726923, 26726923, 26726923, 26695203, 26695203, 26695203, 26695203, 26695203, 26695203, 26695203, 26695203, 26695203, 26695203, 26695203, 26695203, 26695203, 26695203, 26695203, 26695203, 26695203, 26695203, 26695203, 26695203, 26695203, 26645180, 26645180, 26645180, 26645180, 26645180, 26645180, 26645180, 26645180, 26444528, 26444528, 26444528, 26380886, 26380886, 26380886, 26380886, 26380886, 26380886, 26380886, 26380886, 26380886, 26380886, 26380886, 26380886, 26380886, 26380886, 26729656, 26729656, 26729656]",0,0,0,PCIE_NVME,0,765460480,0,765460480,765460480,765460480,1.0,hot,0,0,0,0,1.0,1530920960
0,172,meta-llama/Llama-3.1-8B,40,559,15911215323,134019170581,118107955258,92666848449,92913509114,48637926,"[2822001529, 26645180, 163819212, 27103283, 250018853, 1878228819, 27685307, 27685307, 723430234, 27512576, 27512576, 27512576, 27512576, 27512576, 27512576, 27512576, 27512576, 27512576, 27512576, 27512576, 27512576, 27512576, 27512576, 27512576, 27512576, 27512576, 27512576, 27512576, 27278932, 27278932, 27278932, 27278932, 27278932, 27278932, 27278932, 27278932, 27278932, 27278932, 27278932, 27278932, 2639143607, 27232760, 27232760, 27232760, 27232760, 27232760, 27232760, 250662050, 27232760, 27232760, 27232760, 27232760, 27232760, 1178359254, 27278932, 27278932, 27278932, 27061067, 26420112, 123340423, 27061067, 27061067, 27061067, 27061067, 26859940, 26859940, 57486373, 26997779, 26997779, 26997779, 26997779, 26997779, 26997779, 26997779, 26997779, 25857173, 25668423, 512361641, 26830763, 26830763, 26830763, 26830763, 26830763, 26830763, 26830763, 26830763, 26830763, 26830763, 26830763, 26830763, 26830763, 26830763, 26830763, 26830763, 26830763, 26830763, 26830763, 26830763, 26830763, 26830763, 26830763, 26830763, 26695203, 26695203, 26695203, 26695203, 26695203, 26695203, 26695203, 26695203, 26695203, 26695203, 26695203, 26695203, 26695203, 26695203, 26695203, 26695203, 57565042, 26726923, 26726923, 210960398, 27232760, 27232760, 137080320, 28272208, 28272208, 28272208, 28272208, 28272208, 28272208, 28272208, 28272208, 28272208, 28272208, 28272208, 28272208, 28272208, 28272208, 28272208, 28272208, 28272208, 28272208, 28272208, 28272208, 28272208, 28107904, 28107904, 28107904, 28107904, 28107904, 28107904, 28107904, 28107904, 28107904, 28107904, 28107904, 28107904, 28107904, 28107904, 28107904, 26695203, 26520888, 26520888, 26520888, 259863982, 25774206, 25774206, 25774206, 25774206, 25774206, 25774206, 25774206, 25774206, 25774206, 58953965, 27766321, 27766321, 27766321, 27766321, 27766321, 26349776, 25884336, 27773145, 27773145, 27773145, 27773145, 27512576, 27512576, 27512576, 27512576, 27512576, 27512576, 27512576, 27512576, 27512576, 27512576, 27512576, 27512576, 27512576, 27512576, 27512576, 27512576, 27512576, 27512576, 27512576, 27512576, 27512576, 27512576, 26380886, 26380886, 26380886, 26097524, 57800860, 25914165, 25914165, 25914165, 25914165, 25914165, 25914165, 25914165, 25914165, 25914165, 25914165, 25914165, 25914165, 25857173, 25857173, 25857173, 25857173, 25857173, 59165627, 27278932, 27278932, 27278932, 27278932, 27278932, 26349776, 26097524, 25304821, 25304821, 25304821, 25304821, 25304821, 25304821, 57702019, 25465799, 25465799, 25465799, 25465799, 25465799, 25465799, 25465799, 59468980, 27232760, 27232760, 27232760, 27232760, 27232760, 27232760, 27232760, 27232760, 27232760, 27232760, 27232760, 27232760, 27232760, 27232760, 27232760, 26380886, 26380886, 26380886, 25322687, 25322687, 25322687, 25322687, 25335007, 25262203, 25262203, 58039856, 25454110, 25454110, 25454110, 25454110, 25454110, 25454110, 25454110, 25454110, 25454110, 25454110, 25454110, 25454110, 25454110, 25454110, 25454110, 25454110, 25454110, 25454110, 25454110, 25454110, 25454110, 25454110, 25454110, 25454110, 25454110, 25454110, 25454110, 25454110, 25454110, 25454110, 25454110, 25454110, 25454110, 25454110, 25454110, 25454110, 25454110, 25454110, 25454110, 25454110, 25454110, 25454110, 25454110, 25454110, 25454110, 25454110, 25454110, 25454110, 25454110, 25454110, 25454110, 25454110, 25454110, 25454110, 25454110, 25454110, 25859550, 25859550, 25859550, 25859550, 25859550, 25859550, 25859550, 25859550, 25859550, 25859550, 25859550, 25859550, 25859550, 25859550, 25859550, 25859550, 25859550, 25859550, 25859550, 25859550, 25859550, 25859550, 25859550, 25859550, 25859550, 25859550, 25859550, 25859550, 25859550, 25859550, 25859550, 25859550, 25859550, 25859550, 25859550, 25859550, 25859550, 25859550, 25263093, 25263093, 25263093, 25263093, 25263093, 25263093, 25263093, 25263093, 25263093, 25263093, 25263093, 25263093, 25263093, 25263093, 25487317, 25487317, 25487317, 25487317, 25487317, 25487317, 25487317, 25487317, 25487317, 25487317, 25487317, 25487317, 25487317, 25487317, 25487317, 25487317, 25487317, 25487317, 25487317, 25487317, 25487317, 25487317, 25487317, 25487317, 25487317, 25487317, 25487317, 25487317, 25487317, 25487317, 25487317, 25487317, 25487317, 25487317, 25487317, 25487317, 25487317, 25487317, 25487317, 25487317, 25487317, 25487317, 25487317, 25487317, 25487317, 25487317, 25487317, 25487317, 25487317, 25487317, 25487317, 25487317, 25487317, 25487317, 25487317, 25732479, 25732479, 25732479, 25732479, 25732479, 25732479, 25732479, 25732479, 25732479, 25732479, 59345654, 26759908, 26759908, 26759908, 26759908, 26759908, 26759908, 26759908, 26759908, 26726923, 26726923, 26726923, 26726923, 26695203, 26695203, 26695203, 26695203, 26695203, 26695203, 26695203, 26695203, 26695203, 26695203, 26695203, 26695203, 26695203, 26695203, 26695203, 26695203, 26695203, 26695203, 26695203, 26695203, 26695203, 26645180, 26645180, 26645180, 26645180, 26645180, 26645180, 26645180, 26645180, 26444528, 26444528, 26444528, 26380886, 26380886, 26380886, 26380886, 26380886, 26380886, 26380886, 26380886, 26380886, 26380886, 26380886, 26380886, 26380886, 26380886, 26729656, 26729656, 26729656, 258893321, 196777215, 26726923]",0,0,0,NPU,0,0,0,0,0,0,1.0,hot,0,0,0,0,1.0,0
0,177,meta-llama/Llama-3.1-8B,85,646,16225987715,135563178188,119337190473,95447383431,95611202643,42367835,"[27103283, 250018853, 1878228819, 27685307, 27685307, 723430234, 27512576, 27512576, 27512576, 27512576, 27512576, 27512576, 27512576, 27512576, 27512576, 27512576, 27512576, 27512576, 27512576, 27512576, 27512576, 27512576, 27512576, 27512576, 27512576, 27278932, 27278932, 27278932, 27278932, 27278932, 27278932, 27278932, 27278932, 27278932, 27278932, 27278932, 27278932, 2639143607, 27232760, 27232760, 27232760, 27232760, 27232760, 27232760, 250662050, 27232760, 27232760, 27232760, 27232760, 27232760, 1178359254, 27278932, 27278932, 27278932, 27061067, 26420112, 123340423, 27061067, 27061067, 27061067, 27061067, 26859940, 26859940, 57486373, 26997779, 26997779, 26997779, 26997779, 26997779, 26997779, 26997779, 26997779, 563887237, 26830763, 26830763, 26830763, 26830763, 26830763, 26830763, 26830763, 26830763, 26830763, 26830763, 26830763, 26830763, 26830763, 26830763, 26830763, 26830763, 26830763, 26830763, 26830763, 26830763, 26830763, 26830763, 26830763, 26830763, 26695203, 26695203, 26695203, 26695203, 26695203, 26695203, 26695203, 26695203, 26695203, 26695203, 26695203, 26695203, 26695203, 26695203, 26695203, 26695203, 57565042, 26726923, 26726923, 210960398, 27232760, 27232760, 137080320, 28272208, 28272208, 28272208, 28272208, 28272208, 28272208, 28272208, 28272208, 28272208, 28272208, 28272208, 28272208, 28272208, 28272208, 28272208, 28272208, 28272208, 28272208, 28272208, 28272208, 28272208, 28107904, 28107904, 28107904, 28107904, 28107904, 28107904, 28107904, 28107904, 28107904, 28107904, 28107904, 28107904, 28107904, 28107904, 28107904, 26695203, 26520888, 26520888, 26520888, 259863982, 25774206, 25774206, 25774206, 25774206, 25774206, 25774206, 25774206, 25774206, 25774206, 58953965, 27766321, 27766321, 27766321, 27766321, 27766321, 26349776, 25884336, 27773145, 27773145, 27773145, 27773145, 27512576, 27512576, 27512576, 27512576, 27512576, 27512576, 27512576, 27512576, 27512576, 27512576, 27512576, 27512576, 27512576, 27512576, 27512576, 27512576, 27512576, 27512576, 27512576, 27512576, 27512576, 27512576, 26380886, 26380886, 26380886, 26097524, 57800860, 25914165, 25914165, 25914165, 25914165, 25914165, 25914165, 25914165, 25914165, 25914165, 25914165, 25914165, 25914165, 25857173, 25857173, 25857173, 25857173, 25857173, 59165627, 27278932, 27278932, 27278932, 27278932, 27278932, 26349776, 26097524, 209530945, 25465799, 25465799, 25465799, 25465799, 25465799, 25465799, 25465799, 59468980, 27232760, 27232760, 27232760, 27232760, 27232760, 27232760, 27232760, 27232760, 27232760, 27232760, 27232760, 27232760, 27232760, 27232760, 27232760, 26380886, 26380886, 26380886, 25322687, 25322687, 25322687, 25322687, 25335007, 108564262, 25454110, 25454110, 25454110, 25454110, 25454110, 25454110, 25454110, 25454110, 25454110, 25454110, 25454110, 25454110, 25454110, 25454110, 25454110, 25454110, 25454110, 25454110, 25454110, 25454110, 25454110, 25454110, 25454110, 25454110, 25454110, 25454110, 25454110, 25454110, 25454110, 25454110, 25454110, 25454110, 25454110, 25454110, 25454110, 25454110, 25454110, 25454110, 25454110, 25454110, 25454110, 25454110, 25454110, 25454110, 25454110, 25454110, 25454110, 25454110, 25454110, 25454110, 25454110, 25454110, 25454110, 25454110, 25454110, 25454110, 25859550, 25859550, 25859550, 25859550, 25859550, 25859550, 25859550, 25859550, 25859550, 25859550, 25859550, 25859550, 25859550, 25859550, 25859550, 25859550, 25859550, 25859550, 25859550, 25859550, 25859550, 25859550, 25859550, 25859550, 25859550, 25859550, 25859550, 25859550, 25859550, 25859550, 25859550, 25859550, 25859550, 25859550, 25859550, 25859550, 25859550, 25859550, 25263093, 25263093, 25263093, 25263093, 25263093, 25263093, 25263093, 25263093, 25263093, 25263093, 25263093, 25263093, 25263093, 25263093, 25487317, 25487317, 25487317, 25487317, 25487317, 25487317, 25487317, 25487317, 25487317, 25487317, 25487317, 25487317, 25487317, 25487317, 25487317, 25487317, 25487317, 25487317, 25487317, 25487317, 25487317, 25487317, 25487317, 25487317, 25487317, 25487317, 25487317, 25487317, 25487317, 25487317, 25487317, 25487317, 25487317, 25487317, 25487317, 25487317, 25487317, 25487317, 25487317, 25487317, 25487317, 25487317, 25487317, 25487317, 25487317, 25487317, 25487317, 25487317, 25487317, 25487317, 25487317, 25487317, 25487317, 25487317, 25487317, 25732479, 25732479, 25732479, 25732479, 25732479, 25732479, 25732479, 25732479, 25732479, 25732479, 59345654, 26759908, 26759908, 26759908, 26759908, 26759908, 26759908, 26759908, 26759908, 26726923, 26726923, 26726923, 26726923, 26695203, 26695203, 26695203, 26695203, 26695203, 26695203, 26695203, 26695203, 26695203, 26695203, 26695203, 26695203, 26695203, 26695203, 26695203, 26695203, 26695203, 26695203, 26695203, 26695203, 26695203, 26645180, 26645180, 26645180, 26645180, 26645180, 26645180, 26645180, 26645180, 26444528, 26444528, 26444528, 26380886, 26380886, 26380886, 26380886, 26380886, 26380886, 26380886, 26380886, 26380886, 26380886, 26380886, 26380886, 26380886, 26380886, 26729656, 26729656, 26729656, 258893321, 196777215, 26726923, 111906868, 25679419, 25679419, 25679419, 25679419, 25679419, 25679419, 25679419, 25679419, 25679419, 25679419, 25679419, 26971646, 26971646, 26971646, 26971646, 26971646, 55222133, 25782115, 25782115, 25782115, 25782115, 25782115, 25782115, 25782115, 25782115, 25782115, 25782115, 25782115, 25997827, 25997827, 25997827, 25997827, 25997827, 25997827, 25997827, 25997827, 25997827, 25997827, 25997827, 25997827, 25997827, 25997827, 25997827, 25997827, 25997827, 25997827, 25997827, 25997827, 25997827, 25997827, 25997827, 25997827, 25997827, 25997827]",0,0,0,NPU,0,0,0,0,0,0,1.0,hot,0,0,0,0,1.0,0
0,193,meta-llama/Llama-3.1-8B,8,223,18099042284,135963784108,117864741824,104330170112,104541130510,62259865,"[27232760, 27232760, 137080320, 28272208, 28272208, 28272208, 28272208, 28272208, 28272208, 28272208, 28272208, 28272208, 28272208, 28272208, 28272208, 28272208, 28272208, 28272208, 28272208, 28272208, 28272208, 28272208, 28272208, 28272208, 28107904, 28107904, 28107904, 28107904, 28107904, 28107904, 28107904, 28107904, 28107904, 28107904, 28107904, 28107904, 28107904, 28107904, 28107904, 657043668, 27766321, 27766321, 27766321, 27766321, 27766321, 80007257, 27773145, 27773145, 27773145, 27512576, 27512576, 27512576, 27512576, 27512576, 27512576, 27512576, 27512576, 27512576, 27512576, 27512576, 27512576, 27512576, 27512576, 27512576, 27512576, 27512576, 27512576, 27512576, 27512576, 27512576, 27512576, 662462514, 27278932, 27278932, 27278932, 27278932, 27278932, 26349776, 473358042, 27232760, 27232760, 27232760, 27232760, 27232760, 27232760, 27232760, 27232760, 27232760, 27232760, 27232760, 27232760, 27232760, 27232760, 27232760, 26380886, 26380886, 26380886, 4715439258, 26759908, 26759908, 26759908, 26759908, 26759908, 26759908, 26759908, 26759908, 26726923, 26726923, 26726923, 26726923, 26695203, 26695203, 26695203, 26695203, 26695203, 26695203, 26695203, 26695203, 26695203, 26695203, 26695203, 26695203, 26695203, 26695203, 26695203, 26695203, 26695203, 26695203, 26695203, 26695203, 26695203, 26645180, 26645180, 26645180, 26645180, 26645180, 26645180, 26645180, 26645180, 26444528, 26444528, 26444528, 26380886, 26380886, 26380886, 26380886, 26380886, 26380886, 26380886, 26380886, 26380886, 26380886, 26380886, 26380886, 26380886, 26380886, 26729656, 26729656, 26729656, 258893321, 196777215, 26726923, 111906868, 472553972, 25782115, 25782115, 25782115, 25782115, 25782115, 25782115, 25782115, 25782115, 25782115, 25782115, 25782115, 25997827, 25997827, 25997827, 25997827, 25997827, 25997827, 25997827, 25997827, 25997827, 25997827, 25997827, 25997827, 25997827, 25997827, 25997827, 25997827, 25997827, 25997827, 25997827, 25997827, 25997827, 25997827, 25997827, 25997827, 25997827, 25997827, 56437797, 26997779, 26535544, 26535544, 26421342, 26097524, 26097524, 26097524, 25619925, 25619925, 55675176, 26235158, 26235158]",0,0,0,NPU,0,0,0,0,0,0,1.0,hot,0,0,0,0,1.0,0
0,202,meta-llama/Llama-3.1-8B,9,263,19038879108,137603996964,118565117856,103655759206,103792839526,58388451,"[28272208, 28272208, 28272208, 28272208, 28272208, 28272208, 28272208, 28272208, 28272208, 28272208, 28272208, 28272208, 28272208, 28272208, 28272208, 28272208, 28272208, 28272208, 28272208, 28272208, 28272208, 28107904, 28107904, 28107904, 28107904, 28107904, 28107904, 28107904, 28107904, 28107904, 28107904, 28107904, 28107904, 28107904, 28107904, 28107904, 657043668, 27766321, 27766321, 27766321, 27766321, 27766321, 80007257, 27773145, 27773145, 27773145, 27512576, 27512576, 27512576, 27512576, 27512576, 27512576, 27512576, 27512576, 27512576, 27512576, 27512576, 27512576, 27512576, 27512576, 27512576, 27512576, 27512576, 27512576, 27512576, 27512576, 27512576, 27512576, 662462514, 27278932, 27278932, 27278932, 27278932, 27278932, 499707818, 27232760, 27232760, 27232760, 27232760, 27232760, 27232760, 27232760, 27232760, 27232760, 27232760, 27232760, 27232760, 27232760, 27232760, 27232760, 4794581916, 26759908, 26759908, 26759908, 26759908, 26759908, 26759908, 26759908, 26759908, 26726923, 26726923, 26726923, 26726923, 26695203, 26695203, 26695203, 26695203, 26695203, 26695203, 26695203, 26695203, 26695203, 26695203, 26695203, 26695203, 26695203, 26695203, 26695203, 26695203, 26695203, 26695203, 26695203, 26695203, 26695203, 26645180, 26645180, 26645180, 26645180, 26645180, 26645180, 26645180, 26645180, 26444528, 26444528, 26444528, 26380886, 26380886, 26380886, 26380886, 26380886, 26380886, 26380886, 26380886, 26380886, 26380886, 26380886, 26380886, 26380886, 26380886, 26729656, 26729656, 26729656, 258893321, 196777215, 26726923, 111906868, 472553972, 25782115, 25782115, 25782115, 25782115, 25782115, 25782115, 25782115, 25782115, 25782115, 25782115, 25782115, 25997827, 25997827, 25997827, 25997827, 25997827, 25997827, 25997827, 25997827, 25997827, 25997827, 25997827, 25997827, 25997827, 25997827, 25997827, 25997827, 25997827, 25997827, 25997827, 25997827, 25997827, 25997827, 25997827, 25997827, 25997827, 25997827, 56437797, 26997779, 26535544, 26535544, 211628940, 26235158, 26235158, 56396605, 26956587, 26956587, 26956587, 26956587, 258352111, 26464944, 26464944, 26464944, 26464944, 26464944, 26464944, 26464944, 26464944, 26464944, 26464944, 26464944, 26464944, 26464944, 26464944, 26464944, 26464944, 26464944, 26464944, 26464944, 26464944, 26464944, 26464944, 26475376, 26475376, 26475376, 26475376, 26475376, 26475376, 26475376, 26475376, 26475376, 26475376, 26475376, 26475376, 26475376, 26475376, 26475376, 26475376, 26475376, 26475376, 26475376, 26475376, 26475376, 26475376, 26475376, 26475376]",0,0,0,NPU,0,0,0,0,0,0,1.0,hot,0,0,0,0,1.0,0
0,190,meta-llama/Llama-3.1-8B,543,881,17540585529,138923815712,121383230183,102280441720,102448568031,56185941,"[27278932, 27278932, 27278932, 396272123, 26997779, 26997779, 26997779, 26997779, 26997779, 26997779, 26997779, 26997779, 1692513839, 26726923, 26726923, 210960398, 27232760, 27232760, 137080320, 28272208, 28272208, 28272208, 28272208, 28272208, 28272208, 28272208, 28272208, 28272208, 28272208, 28272208, 28272208, 28272208, 28272208, 28272208, 28272208, 28272208, 28272208, 28272208, 28272208, 28272208, 28107904, 28107904, 28107904, 28107904, 28107904, 28107904, 28107904, 28107904, 28107904, 28107904, 28107904, 28107904, 28107904, 28107904, 28107904, 26695203, 630348465, 27766321, 27766321, 27766321, 27766321, 27766321, 26349776, 53657481, 27773145, 27773145, 27773145, 27512576, 27512576, 27512576, 27512576, 27512576, 27512576, 27512576, 27512576, 27512576, 27512576, 27512576, 27512576, 27512576, 27512576, 27512576, 27512576, 27512576, 27512576, 27512576, 27512576, 27512576, 27512576, 26380886, 26380886, 26380886, 583319856, 27278932, 27278932, 27278932, 27278932, 27278932, 26349776, 473358042, 27232760, 27232760, 27232760, 27232760, 27232760, 27232760, 27232760, 27232760, 27232760, 27232760, 27232760, 27232760, 27232760, 27232760, 27232760, 26380886, 26380886, 26380886, 4715439258, 26759908, 26759908, 26759908, 26759908, 26759908, 26759908, 26759908, 26759908, 26726923, 26726923, 26726923, 26726923, 26695203, 26695203, 26695203, 26695203, 26695203, 26695203, 26695203, 26695203, 26695203, 26695203, 26695203, 26695203, 26695203, 26695203, 26695203, 26695203, 26695203, 26695203, 26695203, 26695203, 26695203, 26645180, 26645180, 26645180, 26645180, 26645180, 26645180, 26645180, 26645180, 26444528, 26444528, 26444528, 26380886, 26380886, 26380886, 26380886, 26380886, 26380886, 26380886, 26380886, 26380886, 26380886, 26380886, 26380886, 26380886, 26380886, 26729656, 26729656, 26729656, 258893321, 196777215, 26726923, 111906868, 472553972, 25782115, 25782115, 25782115, 25782115, 25782115, 25782115, 25782115, 25782115, 25782115, 25782115, 25782115, 25997827, 25997827, 25997827, 25997827, 25997827, 25997827, 25997827, 25997827, 25997827, 25997827, 25997827, 25997827, 25997827, 25997827, 25997827, 25997827, 25997827, 25997827, 25997827, 25997827, 25997827, 25997827, 25997827, 25997827, 25997827, 25997827, 56437797, 26997779, 26535544, 26535544, 26421342, 26097524, 26097524, 26097524, 25619925, 25619925, 55675176, 26235158, 26235158, 56396605, 26956587, 26956587, 26956587, 26956587, 258352111, 26464944, 26464944, 26464944, 26464944, 26464944, 26464944, 26464944, 26464944, 26464944, 26464944, 26464944, 26464944, 26464944, 26464944, 26464944, 26464944, 26464944, 26464944, 26464944, 26464944, 26464944, 26464944, 26475376, 26475376, 26475376, 26475376, 26475376, 26475376, 26475376, 26475376, 26475376, 26475376, 26475376, 26475376, 26475376, 26475376, 26475376, 26475376, 26475376, 26475376, 26475376, 26475376, 26475376, 26475376, 26475376, 26475376, 26437374, 26437374, 26437374, 26437374, 26437374, 26437374, 26437374, 26437374, 26437374, 26437374, 26437374, 26437374, 26437374, 26437374, 26437374, 26437374, 26437374, 26437374, 26437374, 26437374, 26437374, 26366686, 26366686, 26366686, 26366686, 26366686, 26366686, 26366686, 26366686, 26366686, 26366686, 26366686, 26366686, 26366686, 26366686, 26366686, 26366686, 26366686, 26366686, 26366686, 26366686, 26366686, 26366686, 26366686, 26366686, 26366686, 26366686, 26366686, 26366686, 26366686]",0,0,0,NPU,0,0,0,0,0,0,1.0,hot,0,0,0,0,1.0,0
0,201,meta-llama/Llama-3.1-8B,120,434,19021249687,139158753204,120137503517,103673388627,103810468947,52163049,"[28272208, 28272208, 28272208, 28272208, 28272208, 28272208, 28272208, 28272208, 28272208, 28272208, 28272208, 28272208, 28272208, 28272208, 28272208, 28272208, 28272208, 28272208, 28272208, 28272208, 28272208, 28107904, 28107904, 28107904, 28107904, 28107904, 28107904, 28107904, 28107904, 28107904, 28107904, 28107904, 28107904, 28107904, 28107904, 28107904, 657043668, 27766321, 27766321, 27766321, 27766321, 27766321, 80007257, 27773145, 27773145, 27773145, 27512576, 27512576, 27512576, 27512576, 27512576, 27512576, 27512576, 27512576, 27512576, 27512576, 27512576, 27512576, 27512576, 27512576, 27512576, 27512576, 27512576, 27512576, 27512576, 27512576, 27512576, 27512576, 662462514, 27278932, 27278932, 27278932, 27278932, 27278932, 499707818, 27232760, 27232760, 27232760, 27232760, 27232760, 27232760, 27232760, 27232760, 27232760, 27232760, 27232760, 27232760, 27232760, 27232760, 27232760, 4794581916, 26759908, 26759908, 26759908, 26759908, 26759908, 26759908, 26759908, 26759908, 26726923, 26726923, 26726923, 26726923, 26695203, 26695203, 26695203, 26695203, 26695203, 26695203, 26695203, 26695203, 26695203, 26695203, 26695203, 26695203, 26695203, 26695203, 26695203, 26695203, 26695203, 26695203, 26695203, 26695203, 26695203, 26645180, 26645180, 26645180, 26645180, 26645180, 26645180, 26645180, 26645180, 26444528, 26444528, 26444528, 26380886, 26380886, 26380886, 26380886, 26380886, 26380886, 26380886, 26380886, 26380886, 26380886, 26380886, 26380886, 26380886, 26380886, 26729656, 26729656, 26729656, 258893321, 196777215, 26726923, 111906868, 472553972, 25782115, 25782115, 25782115, 25782115, 25782115, 25782115, 25782115, 25782115, 25782115, 25782115, 25782115, 25997827, 25997827, 25997827, 25997827, 25997827, 25997827, 25997827, 25997827, 25997827, 25997827, 25997827, 25997827, 25997827, 25997827, 25997827, 25997827, 25997827, 25997827, 25997827, 25997827, 25997827, 25997827, 25997827, 25997827, 25997827, 25997827, 56437797, 26997779, 26535544, 26535544, 26421342, 185207598, 26235158, 26235158, 56396605, 26956587, 26956587, 26956587, 26956587, 258352111, 26464944, 26464944, 26464944, 26464944, 26464944, 26464944, 26464944, 26464944, 26464944, 26464944, 26464944, 26464944, 26464944, 26464944, 26464944, 26464944, 26464944, 26464944, 26464944, 26464944, 26464944, 26464944, 26475376, 26475376, 26475376, 26475376, 26475376, 26475376, 26475376, 26475376, 26475376, 26475376, 26475376, 26475376, 26475376, 26475376, 26475376, 26475376, 26475376, 26475376, 26475376, 26475376, 26475376, 26475376, 26475376, 26475376, 26437374, 26437374, 26437374, 26437374, 26437374, 26437374, 26437374, 26437374, 26437374, 26437374, 26437374, 26437374, 26437374, 26437374, 26437374, 26437374, 26437374, 26437374, 26437374, 26437374, 26437374, 26366686, 26366686, 26366686, 26366686, 26366686, 26366686, 26366686, 26366686, 26366686, 26366686, 26366686, 26366686, 26366686, 26366686, 26366686, 26366686, 26366686, 26366686, 26366686, 26366686, 26366686, 26366686, 26366686, 26366686, 26366686, 26366686, 26366686, 26366686, 26366686, 26125428, 26125428, 26125428, 26125428, 26125428, 26077588, 26077588, 26077588, 26077588]",0,0,0,NPU,0,0,0,0,0,0,1.0,hot,0,0,0,0,1.0,0
0,186,meta-llama/Llama-3.1-8B,23,506,17346684034,139674456346,122327772312,94517609607,94767628460,57178721,"[1878228819, 27685307, 27685307, 723430234, 27512576, 27512576, 27512576, 27512576, 27512576, 27512576, 27512576, 27512576, 27512576, 27512576, 27512576, 27512576, 27512576, 27512576, 27512576, 27512576, 27512576, 27512576, 27512576, 27278932, 27278932, 27278932, 27278932, 27278932, 27278932, 27278932, 27278932, 27278932, 27278932, 27278932, 27278932, 2639143607, 27232760, 27232760, 27232760, 27232760, 27232760, 27232760, 250662050, 27232760, 27232760, 27232760, 27232760, 27232760, 1178359254, 27278932, 27278932, 27278932, 27061067, 149760535, 27061067, 27061067, 27061067, 27061067, 26859940, 26859940, 57486373, 26997779, 26997779, 26997779, 26997779, 26997779, 26997779, 26997779, 26997779, 563887237, 26830763, 26830763, 26830763, 26830763, 26830763, 26830763, 26830763, 26830763, 26830763, 26830763, 26830763, 26830763, 26830763, 26830763, 26830763, 26830763, 26830763, 26830763, 26830763, 26830763, 26830763, 26830763, 26830763, 26830763, 26695203, 26695203, 26695203, 26695203, 26695203, 26695203, 26695203, 26695203, 26695203, 26695203, 26695203, 26695203, 26695203, 26695203, 26695203, 26695203, 57565042, 26726923, 26726923, 210960398, 27232760, 27232760, 137080320, 28272208, 28272208, 28272208, 28272208, 28272208, 28272208, 28272208, 28272208, 28272208, 28272208, 28272208, 28272208, 28272208, 28272208, 28272208, 28272208, 28272208, 28272208, 28272208, 28272208, 28272208, 28107904, 28107904, 28107904, 28107904, 28107904, 28107904, 28107904, 28107904, 28107904, 28107904, 28107904, 28107904, 28107904, 28107904, 28107904, 26695203, 26520888, 26520888, 26520888, 550785801, 27766321, 27766321, 27766321, 27766321, 27766321, 26349776, 53657481, 27773145, 27773145, 27773145, 27512576, 27512576, 27512576, 27512576, 27512576, 27512576, 27512576, 27512576, 27512576, 27512576, 27512576, 27512576, 27512576, 27512576, 27512576, 27512576, 27512576, 27512576, 27512576, 27512576, 27512576, 27512576, 26380886, 26380886, 26380886, 583319856, 27278932, 27278932, 27278932, 27278932, 27278932, 26349776, 473358042, 27232760, 27232760, 27232760, 27232760, 27232760, 27232760, 27232760, 27232760, 27232760, 27232760, 27232760, 27232760, 27232760, 27232760, 27232760, 26380886, 26380886, 26380886, 4715439258, 26759908, 26759908, 26759908, 26759908, 26759908, 26759908, 26759908, 26759908, 26726923, 26726923, 26726923, 26726923, 26695203, 26695203, 26695203, 26695203, 26695203, 26695203, 26695203, 26695203, 26695203, 26695203, 26695203, 26695203, 26695203, 26695203, 26695203, 26695203, 26695203, 26695203, 26695203, 26695203, 26695203, 26645180, 26645180, 26645180, 26645180, 26645180, 26645180, 26645180, 26645180, 26444528, 26444528, 26444528, 26380886, 26380886, 26380886, 26380886, 26380886, 26380886, 26380886, 26380886, 26380886, 26380886, 26380886, 26380886, 26380886, 26380886, 26729656, 26729656, 26729656, 258893321, 196777215, 26726923, 111906868, 25679419, 25679419, 25679419, 25679419, 25679419, 25679419, 25679419, 25679419, 25679419, 25679419, 25679419, 190080363, 25782115, 25782115, 25782115, 25782115, 25782115, 25782115, 25782115, 25782115, 25782115, 25782115, 25782115, 25997827, 25997827, 25997827, 25997827, 25997827, 25997827, 25997827, 25997827, 25997827, 25997827, 25997827, 25997827, 25997827, 25997827, 25997827, 25997827, 25997827, 25997827, 25997827, 25997827, 25997827, 25997827, 25997827, 25997827, 25997827, 25997827, 56437797, 26997779, 26535544, 26535544, 26421342, 26097524, 26097524, 26097524, 25619925, 25619925, 55675176, 26235158, 26235158, 56396605, 26956587, 26956587, 26956587, 26956587, 25262203, 25262203, 25262203, 25262203, 25262203, 25262203, 25262203, 25262203, 56254487, 26464944, 26464944, 26464944, 26464944, 26464944, 26464944, 26464944, 26464944, 26464944, 26464944, 26464944, 26464944, 26464944, 26464944, 26464944, 26464944, 26464944, 26464944, 26464944, 26464944, 26464944, 26464944, 26475376, 26475376, 26475376, 26475376, 26475376, 26475376, 26475376, 26475376, 26475376, 26475376, 26475376, 26475376, 26475376, 26475376, 26475376, 26475376, 26475376, 26475376, 26475376, 26475376, 26475376, 26475376, 26475376, 26475376, 26437374, 26437374, 26437374, 26437374, 26437374, 26437374, 26437374, 26437374, 26437374, 26437374, 26437374, 26437374, 26437374, 26437374, 26437374, 26437374, 26437374, 26437374, 26437374, 26437374, 26437374, 26366686, 26366686, 26366686, 26366686, 26366686, 26366686, 26366686, 26366686, 26366686, 26366686, 26366686, 26366686, 26366686, 26366686, 26366686, 26366686, 26366686, 26366686, 26366686, 26366686, 26366686, 26366686, 26366686, 26366686, 26366686, 26366686, 26366686, 26366686, 26366686, 26125428, 26125428, 26125428, 26125428, 26125428, 26077588, 26077588, 26077588, 26077588, 96666330, 26260820, 26260820, 26253855, 26253855, 25679419, 55643393, 25853850, 25853850, 25853850, 25853850, 25853850, 25853850, 25853850, 25853850, 25853850]",0,0,0,NPU,0,0,0,0,0,0,1.0,hot,0,0,0,0,1.0,0
0,221,meta-llama/Llama-3.1-8B,3,13,20641253004,139981452654,119340199650,119033203342,119094689262,27278932,"[27278932, 27278932, 27278932, 27278932, 27278932, 27278932, 27278932, 27278932, 27278932]",0,0,0,NPU,0,0,0,0,0,0,1.0,hot,0,0,0,0,1.0,0
0,191,meta-llama/Llama-3.1-8B,1009,1392,17768097851,140754496709,122986398858,104661114545,104872074943,47419696,"[27232760, 27232760, 137080320, 28272208, 28272208, 28272208, 28272208, 28272208, 28272208, 28272208, 28272208, 28272208, 28272208, 28272208, 28272208, 28272208, 28272208, 28272208, 28272208, 28272208, 28272208, 28272208, 28272208, 28272208, 28107904, 28107904, 28107904, 28107904, 28107904, 28107904, 28107904, 28107904, 28107904, 28107904, 28107904, 28107904, 28107904, 28107904, 28107904, 26695203, 630348465, 27766321, 27766321, 27766321, 27766321, 27766321, 80007257, 27773145, 27773145, 27773145, 27512576, 27512576, 27512576, 27512576, 27512576, 27512576, 27512576, 27512576, 27512576, 27512576, 27512576, 27512576, 27512576, 27512576, 27512576, 27512576, 27512576, 27512576, 27512576, 27512576, 27512576, 27512576, 26380886, 26380886, 26380886, 583319856, 27278932, 27278932, 27278932, 27278932, 27278932, 26349776, 473358042, 27232760, 27232760, 27232760, 27232760, 27232760, 27232760, 27232760, 27232760, 27232760, 27232760, 27232760, 27232760, 27232760, 27232760, 27232760, 26380886, 26380886, 26380886, 4715439258, 26759908, 26759908, 26759908, 26759908, 26759908, 26759908, 26759908, 26759908, 26726923, 26726923, 26726923, 26726923, 26695203, 26695203, 26695203, 26695203, 26695203, 26695203, 26695203, 26695203, 26695203, 26695203, 26695203, 26695203, 26695203, 26695203, 26695203, 26695203, 26695203, 26695203, 26695203, 26695203, 26695203, 26645180, 26645180, 26645180, 26645180, 26645180, 26645180, 26645180, 26645180, 26444528, 26444528, 26444528, 26380886, 26380886, 26380886, 26380886, 26380886, 26380886, 26380886, 26380886, 26380886, 26380886, 26380886, 26380886, 26380886, 26380886, 26729656, 26729656, 26729656, 258893321, 196777215, 26726923, 111906868, 472553972, 25782115, 25782115, 25782115, 25782115, 25782115, 25782115, 25782115, 25782115, 25782115, 25782115, 25782115, 25997827, 25997827, 25997827, 25997827, 25997827, 25997827, 25997827, 25997827, 25997827, 25997827, 25997827, 25997827, 25997827, 25997827, 25997827, 25997827, 25997827, 25997827, 25997827, 25997827, 25997827, 25997827, 25997827, 25997827, 25997827, 25997827, 56437797, 26997779, 26535544, 26535544, 26421342, 26097524, 26097524, 26097524, 25619925, 25619925, 55675176, 26235158, 26235158, 56396605, 26956587, 26956587, 26956587, 26956587, 258352111, 26464944, 26464944, 26464944, 26464944, 26464944, 26464944, 26464944, 26464944, 26464944, 26464944, 26464944, 26464944, 26464944, 26464944, 26464944, 26464944, 26464944, 26464944, 26464944, 26464944, 26464944, 26464944, 26475376, 26475376, 26475376, 26475376, 26475376, 26475376, 26475376, 26475376, 26475376, 26475376, 26475376, 26475376, 26475376, 26475376, 26475376, 26475376, 26475376, 26475376, 26475376, 26475376, 26475376, 26475376, 26475376, 26475376, 26437374, 26437374, 26437374, 26437374, 26437374, 26437374, 26437374, 26437374, 26437374, 26437374, 26437374, 26437374, 26437374, 26437374, 26437374, 26437374, 26437374, 26437374, 26437374, 26437374, 26437374, 26366686, 26366686, 26366686, 26366686, 26366686, 26366686, 26366686, 26366686, 26366686, 26366686, 26366686, 26366686, 26366686, 26366686, 26366686, 26366686, 26366686, 26366686, 26366686, 26366686, 26366686, 26366686, 26366686, 26366686, 26366686, 26366686, 26366686, 26366686, 26366686, 26125428, 26125428, 26125428, 26125428, 26125428, 26077588, 26077588, 26077588, 26077588, 96666330, 26260820, 26260820, 26253855, 26253855, 81322812, 25853850, 25853850, 25853850, 25853850, 25853850, 25853850, 25853850, 25853850, 25853850, 61485920, 27278932, 27278932, 27278932, 27278932, 27278932, 27278932, 27278932, 27278932, 27278932, 27232760, 27232760, 26475376, 26049543, 26049543, 26851835, 26851835, 26851835, 26851835, 26851835, 26851835, 26851835, 56507953, 26368885, 26368885, 26368885, 26368885, 26368885, 26368885, 26368885, 26368885, 26368885, 26368885, 26368885, 26368885, 26368885, 26368885, 26368885]",0,0,0,NPU,0,0,0,0,0,0,1.0,hot,0,0,0,0,1.0,0
0,187,meta-llama/Llama-3.1-8B,5,515,17427697270,141036156244,123608458974,94436596371,94686615224,56820911,"[1878228819, 27685307, 27685307, 723430234, 27512576, 27512576, 27512576, 27512576, 27512576, 27512576, 27512576, 27512576, 27512576, 27512576, 27512576, 27512576, 27512576, 27512576, 27512576, 27512576, 27512576, 27512576, 27512576, 27278932, 27278932, 27278932, 27278932, 27278932, 27278932, 27278932, 27278932, 27278932, 27278932, 27278932, 27278932, 2639143607, 27232760, 27232760, 27232760, 27232760, 27232760, 27232760, 250662050, 27232760, 27232760, 27232760, 27232760, 27232760, 1178359254, 27278932, 27278932, 27278932, 27061067, 149760535, 27061067, 27061067, 27061067, 27061067, 26859940, 26859940, 57486373, 26997779, 26997779, 26997779, 26997779, 26997779, 26997779, 26997779, 26997779, 563887237, 26830763, 26830763, 26830763, 26830763, 26830763, 26830763, 26830763, 26830763, 26830763, 26830763, 26830763, 26830763, 26830763, 26830763, 26830763, 26830763, 26830763, 26830763, 26830763, 26830763, 26830763, 26830763, 26830763, 26830763, 26695203, 26695203, 26695203, 26695203, 26695203, 26695203, 26695203, 26695203, 26695203, 26695203, 26695203, 26695203, 26695203, 26695203, 26695203, 26695203, 57565042, 26726923, 26726923, 210960398, 27232760, 27232760, 137080320, 28272208, 28272208, 28272208, 28272208, 28272208, 28272208, 28272208, 28272208, 28272208, 28272208, 28272208, 28272208, 28272208, 28272208, 28272208, 28272208, 28272208, 28272208, 28272208, 28272208, 28272208, 28107904, 28107904, 28107904, 28107904, 28107904, 28107904, 28107904, 28107904, 28107904, 28107904, 28107904, 28107904, 28107904, 28107904, 28107904, 26695203, 630348465, 27766321, 27766321, 27766321, 27766321, 27766321, 26349776, 53657481, 27773145, 27773145, 27773145, 27512576, 27512576, 27512576, 27512576, 27512576, 27512576, 27512576, 27512576, 27512576, 27512576, 27512576, 27512576, 27512576, 27512576, 27512576, 27512576, 27512576, 27512576, 27512576, 27512576, 27512576, 27512576, 26380886, 26380886, 26380886, 583319856, 27278932, 27278932, 27278932, 27278932, 27278932, 26349776, 473358042, 27232760, 27232760, 27232760, 27232760, 27232760, 27232760, 27232760, 27232760, 27232760, 27232760, 27232760, 27232760, 27232760, 27232760, 27232760, 26380886, 26380886, 26380886, 4715439258, 26759908, 26759908, 26759908, 26759908, 26759908, 26759908, 26759908, 26759908, 26726923, 26726923, 26726923, 26726923, 26695203, 26695203, 26695203, 26695203, 26695203, 26695203, 26695203, 26695203, 26695203, 26695203, 26695203, 26695203, 26695203, 26695203, 26695203, 26695203, 26695203, 26695203, 26695203, 26695203, 26695203, 26645180, 26645180, 26645180, 26645180, 26645180, 26645180, 26645180, 26645180, 26444528, 26444528, 26444528, 26380886, 26380886, 26380886, 26380886, 26380886, 26380886, 26380886, 26380886, 26380886, 26380886, 26380886, 26380886, 26380886, 26380886, 26729656, 26729656, 26729656, 258893321, 196777215, 26726923, 111906868, 472553972, 25782115, 25782115, 25782115, 25782115, 25782115, 25782115, 25782115, 25782115, 25782115, 25782115, 25782115, 25997827, 25997827, 25997827, 25997827, 25997827, 25997827, 25997827, 25997827, 25997827, 25997827, 25997827, 25997827, 25997827, 25997827, 25997827, 25997827, 25997827, 25997827, 25997827, 25997827, 25997827, 25997827, 25997827, 25997827, 25997827, 25997827, 56437797, 26997779, 26535544, 26535544, 26421342, 26097524, 26097524, 26097524, 25619925, 25619925, 55675176, 26235158, 26235158, 56396605, 26956587, 26956587, 26956587, 26956587, 25262203, 25262203, 25262203, 25262203, 25262203, 25262203, 25262203, 25262203, 56254487, 26464944, 26464944, 26464944, 26464944, 26464944, 26464944, 26464944, 26464944, 26464944, 26464944, 26464944, 26464944, 26464944, 26464944, 26464944, 26464944, 26464944, 26464944, 26464944, 26464944, 26464944, 26464944, 26475376, 26475376, 26475376, 26475376, 26475376, 26475376, 26475376, 26475376, 26475376, 26475376, 26475376, 26475376, 26475376, 26475376, 26475376, 26475376, 26475376, 26475376, 26475376, 26475376, 26475376, 26475376, 26475376, 26475376, 26437374, 26437374, 26437374, 26437374, 26437374, 26437374, 26437374, 26437374, 26437374, 26437374, 26437374, 26437374, 26437374, 26437374, 26437374, 26437374, 26437374, 26437374, 26437374, 26437374, 26437374, 26366686, 26366686, 26366686, 26366686, 26366686, 26366686, 26366686, 26366686, 26366686, 26366686, 26366686, 26366686, 26366686, 26366686, 26366686, 26366686, 26366686, 26366686, 26366686, 26366686, 26366686, 26366686, 26366686, 26366686, 26366686, 26366686, 26366686, 26366686, 26366686, 26125428, 26125428, 26125428, 26125428, 26125428, 26077588, 26077588, 26077588, 26077588, 96666330, 26260820, 26260820, 26253855, 26253855, 25679419, 55643393, 25853850, 25853850, 25853850, 25853850, 25853850, 25853850, 25853850, 25853850, 25853850, 61485920, 27278932, 27278932, 27278932, 27278932, 27278932, 27278932, 27278932, 27278932, 27278932, 27232760, 27232760, 26475376, 26049543, 26049543, 26851835, 26851835, 26851835, 26851835, 26851835, 26851835, 26851835, 56507953, 26368885, 26368885, 26368885, 26368885, 26368885, 26368885, 26368885, 26368885, 26368885, 26368885, 26368885, 26368885, 26368885, 26368885, 26368885, 227101671, 27278932, 27278932]",0,0,0,NPU,0,0,0,0,0,0,1.0,hot,0,0,0,0,1.0,0
0,220,meta-llama/Llama-3.1-8B,22,38,20557248574,141099704011,120542455437,119117207772,119178693692,90917449,"[27278932, 27278932, 27278932, 27278932, 27278932, 27278932, 27278932, 27278932, 27278932, 27232760, 27232760, 945680206, 27278932, 27278932, 63547767]",0,0,0,NPU,0,0,0,0,0,0,1.0,hot,0,0,0,0,1.0,0
0,195,meta-llama/Llama-3.1-8B,82,456,18183403695,141209754315,123026350620,104245808701,104456769099,49784400,"[27232760, 27232760, 137080320, 28272208, 28272208, 28272208, 28272208, 28272208, 28272208, 28272208, 28272208, 28272208, 28272208, 28272208, 28272208, 28272208, 28272208, 28272208, 28272208, 28272208, 28272208, 28272208, 28272208, 28272208, 28107904, 28107904, 28107904, 28107904, 28107904, 28107904, 28107904, 28107904, 28107904, 28107904, 28107904, 28107904, 28107904, 28107904, 28107904, 657043668, 27766321, 27766321, 27766321, 27766321, 27766321, 80007257, 27773145, 27773145, 27773145, 27512576, 27512576, 27512576, 27512576, 27512576, 27512576, 27512576, 27512576, 27512576, 27512576, 27512576, 27512576, 27512576, 27512576, 27512576, 27512576, 27512576, 27512576, 27512576, 27512576, 27512576, 27512576, 662462514, 27278932, 27278932, 27278932, 27278932, 27278932, 499707818, 27232760, 27232760, 27232760, 27232760, 27232760, 27232760, 27232760, 27232760, 27232760, 27232760, 27232760, 27232760, 27232760, 27232760, 27232760, 4794581916, 26759908, 26759908, 26759908, 26759908, 26759908, 26759908, 26759908, 26759908, 26726923, 26726923, 26726923, 26726923, 26695203, 26695203, 26695203, 26695203, 26695203, 26695203, 26695203, 26695203, 26695203, 26695203, 26695203, 26695203, 26695203, 26695203, 26695203, 26695203, 26695203, 26695203, 26695203, 26695203, 26695203, 26645180, 26645180, 26645180, 26645180, 26645180, 26645180, 26645180, 26645180, 26444528, 26444528, 26444528, 26380886, 26380886, 26380886, 26380886, 26380886, 26380886, 26380886, 26380886, 26380886, 26380886, 26380886, 26380886, 26380886, 26380886, 26729656, 26729656, 26729656, 258893321, 196777215, 26726923, 111906868, 472553972, 25782115, 25782115, 25782115, 25782115, 25782115, 25782115, 25782115, 25782115, 25782115, 25782115, 25782115, 25997827, 25997827, 25997827, 25997827, 25997827, 25997827, 25997827, 25997827, 25997827, 25997827, 25997827, 25997827, 25997827, 25997827, 25997827, 25997827, 25997827, 25997827, 25997827, 25997827, 25997827, 25997827, 25997827, 25997827, 25997827, 25997827, 56437797, 26997779, 26535544, 26535544, 26421342, 26097524, 26097524, 26097524, 106915026, 26235158, 26235158, 56396605, 26956587, 26956587, 26956587, 26956587, 258352111, 26464944, 26464944, 26464944, 26464944, 26464944, 26464944, 26464944, 26464944, 26464944, 26464944, 26464944, 26464944, 26464944, 26464944, 26464944, 26464944, 26464944, 26464944, 26464944, 26464944, 26464944, 26464944, 26475376, 26475376, 26475376, 26475376, 26475376, 26475376, 26475376, 26475376, 26475376, 26475376, 26475376, 26475376, 26475376, 26475376, 26475376, 26475376, 26475376, 26475376, 26475376, 26475376, 26475376, 26475376, 26475376, 26475376, 26437374, 26437374, 26437374, 26437374, 26437374, 26437374, 26437374, 26437374, 26437374, 26437374, 26437374, 26437374, 26437374, 26437374, 26437374, 26437374, 26437374, 26437374, 26437374, 26437374, 26437374, 26366686, 26366686, 26366686, 26366686, 26366686, 26366686, 26366686, 26366686, 26366686, 26366686, 26366686, 26366686, 26366686, 26366686, 26366686, 26366686, 26366686, 26366686, 26366686, 26366686, 26366686, 26366686, 26366686, 26366686, 26366686, 26366686, 26366686, 26366686, 26366686, 26125428, 26125428, 26125428, 26125428, 26125428, 26077588, 26077588, 26077588, 26077588, 96666330, 26260820, 26260820, 26253855, 26253855, 81322812, 25853850, 25853850, 25853850, 25853850, 25853850, 25853850, 25853850, 25853850, 25853850, 61485920, 27278932, 27278932, 27278932, 27278932, 27278932, 27278932, 27278932, 27278932, 27278932, 27232760, 27232760, 26475376, 26049543, 26049543, 244470798, 26368885, 26368885, 26368885, 26368885, 26368885, 26368885, 26368885, 26368885, 26368885, 26368885, 26368885, 26368885, 26368885, 26368885, 26368885, 227101671, 27278932, 27278932, 63547767, 27512576, 27512576, 27512576, 27512576]",0,0,0,NPU,0,0,0,0,0,0,1.0,hot,0,0,0,0,1.0,0
0,223,meta-llama/Llama-3.1-8B,536,545,20696930340,141303627042,120606696702,120057566369,120284668040,40253582,"[27278932, 27278932, 63547767, 27512576, 27512576, 27512576, 27512576, 93872727]",0,0,0,NPU,0,0,0,0,0,0,1.0,hot,0,0,0,0,1.0,0
0,199,meta-llama/Llama-3.1-8B,12,395,18909729446,141658253158,122748523712,103784908868,103921989188,49284121,"[28272208, 28272208, 28272208, 28272208, 28272208, 28272208, 28272208, 28272208, 28272208, 28272208, 28272208, 28272208, 28272208, 28272208, 28272208, 28272208, 28272208, 28272208, 28272208, 28272208, 28272208, 28107904, 28107904, 28107904, 28107904, 28107904, 28107904, 28107904, 28107904, 28107904, 28107904, 28107904, 28107904, 28107904, 28107904, 28107904, 657043668, 27766321, 27766321, 27766321, 27766321, 27766321, 80007257, 27773145, 27773145, 27773145, 27512576, 27512576, 27512576, 27512576, 27512576, 27512576, 27512576, 27512576, 27512576, 27512576, 27512576, 27512576, 27512576, 27512576, 27512576, 27512576, 27512576, 27512576, 27512576, 27512576, 27512576, 27512576, 662462514, 27278932, 27278932, 27278932, 27278932, 27278932, 499707818, 27232760, 27232760, 27232760, 27232760, 27232760, 27232760, 27232760, 27232760, 27232760, 27232760, 27232760, 27232760, 27232760, 27232760, 27232760, 4794581916, 26759908, 26759908, 26759908, 26759908, 26759908, 26759908, 26759908, 26759908, 26726923, 26726923, 26726923, 26726923, 26695203, 26695203, 26695203, 26695203, 26695203, 26695203, 26695203, 26695203, 26695203, 26695203, 26695203, 26695203, 26695203, 26695203, 26695203, 26695203, 26695203, 26695203, 26695203, 26695203, 26695203, 26645180, 26645180, 26645180, 26645180, 26645180, 26645180, 26645180, 26645180, 26444528, 26444528, 26444528, 26380886, 26380886, 26380886, 26380886, 26380886, 26380886, 26380886, 26380886, 26380886, 26380886, 26380886, 26380886, 26380886, 26380886, 26729656, 26729656, 26729656, 258893321, 196777215, 26726923, 111906868, 472553972, 25782115, 25782115, 25782115, 25782115, 25782115, 25782115, 25782115, 25782115, 25782115, 25782115, 25782115, 25997827, 25997827, 25997827, 25997827, 25997827, 25997827, 25997827, 25997827, 25997827, 25997827, 25997827, 25997827, 25997827, 25997827, 25997827, 25997827, 25997827, 25997827, 25997827, 25997827, 25997827, 25997827, 25997827, 25997827, 25997827, 25997827, 56437797, 26997779, 26535544, 26535544, 26421342, 26097524, 26097524, 26097524, 106915026, 26235158, 26235158, 56396605, 26956587, 26956587, 26956587, 26956587, 258352111, 26464944, 26464944, 26464944, 26464944, 26464944, 26464944, 26464944, 26464944, 26464944, 26464944, 26464944, 26464944, 26464944, 26464944, 26464944, 26464944, 26464944, 26464944, 26464944, 26464944, 26464944, 26464944, 26475376, 26475376, 26475376, 26475376, 26475376, 26475376, 26475376, 26475376, 26475376, 26475376, 26475376, 26475376, 26475376, 26475376, 26475376, 26475376, 26475376, 26475376, 26475376, 26475376, 26475376, 26475376, 26475376, 26475376, 26437374, 26437374, 26437374, 26437374, 26437374, 26437374, 26437374, 26437374, 26437374, 26437374, 26437374, 26437374, 26437374, 26437374, 26437374, 26437374, 26437374, 26437374, 26437374, 26437374, 26437374, 26366686, 26366686, 26366686, 26366686, 26366686, 26366686, 26366686, 26366686, 26366686, 26366686, 26366686, 26366686, 26366686, 26366686, 26366686, 26366686, 26366686, 26366686, 26366686, 26366686, 26366686, 26366686, 26366686, 26366686, 26366686, 26366686, 26366686, 26366686, 26366686, 26125428, 26125428, 26125428, 26125428, 26125428, 26077588, 26077588, 26077588, 26077588, 96666330, 26260820, 26260820, 133830522, 25853850, 25853850, 25853850, 25853850, 25853850, 25853850, 25853850, 25853850, 25853850, 61485920, 27278932, 27278932, 27278932, 27278932, 27278932, 27278932, 27278932, 27278932, 27278932, 27232760, 27232760, 26475376, 26049543, 26049543, 244470798, 26368885, 26368885, 26368885, 26368885, 26368885, 26368885, 26368885, 26368885, 26368885, 26368885, 26368885, 26368885, 26368885, 26368885, 26368885, 227101671, 27278932, 27278932, 63547767, 27512576, 27512576, 27512576, 27512576, 93872727, 27278932, 27278932, 27278932, 27278932, 27278932, 27278932, 27278932, 27278932, 27278932, 27278932, 27278932, 27278932, 27278932]",0,0,0,NPU,0,0,0,0,0,0,1.0,hot,0,0,0,0,1.0,0
0,204,meta-llama/Llama-3.1-8B,1333,1386,19360951552,141712718678,122351767126,114175821570,114434714891,152251004,"[196777215, 26726923, 111906868, 1488538536, 26997779, 26535544, 26535544, 320495861, 26956587, 26956587, 26956587, 26956587, 3127412473, 26260820, 26260820, 428001092, 27278932, 27278932, 27278932, 27278932, 27278932, 27278932, 27278932, 27278932, 27278932, 27232760, 27232760, 26475376, 919204830, 27278932, 27278932, 63547767, 27512576, 27512576, 27512576, 27512576, 93872727, 27278932, 27278932, 27278932, 27278932, 27278932, 27278932, 27278932, 27278932, 27278932, 27278932, 27278932, 27278932, 27278932, 27232760, 27232760]",0,0,0,PCIE_NVME,0,889192448,0,889192448,889192448,889192448,1.0,hot,0,0,0,0,1.0,1778384896
0,229,meta-llama/Llama-3.1-8B,1607,1609,21489225022,142054684409,120565459387,120223493656,120537774080,27685307,[27685307],0,0,0,NPU,0,0,0,0,0,0,1.0,hot,0,0,0,0,1.0,0
0,200,meta-llama/Llama-3.1-8B,12,400,19012460515,142405341311,123392880796,103682177799,103819258119,50577836,"[28272208, 28272208, 28272208, 28272208, 28272208, 28272208, 28272208, 28272208, 28272208, 28272208, 28272208, 28272208, 28272208, 28272208, 28272208, 28272208, 28272208, 28272208, 28272208, 28272208, 28272208, 28107904, 28107904, 28107904, 28107904, 28107904, 28107904, 28107904, 28107904, 28107904, 28107904, 28107904, 28107904, 28107904, 28107904, 28107904, 657043668, 27766321, 27766321, 27766321, 27766321, 27766321, 80007257, 27773145, 27773145, 27773145, 27512576, 27512576, 27512576, 27512576, 27512576, 27512576, 27512576, 27512576, 27512576, 27512576, 27512576, 27512576, 27512576, 27512576, 27512576, 27512576, 27512576, 27512576, 27512576, 27512576, 27512576, 27512576, 662462514, 27278932, 27278932, 27278932, 27278932, 27278932, 499707818, 27232760, 27232760, 27232760, 27232760, 27232760, 27232760, 27232760, 27232760, 27232760, 27232760, 27232760, 27232760, 27232760, 27232760, 27232760, 4794581916, 26759908, 26759908, 26759908, 26759908, 26759908, 26759908, 26759908, 26759908, 26726923, 26726923, 26726923, 26726923, 26695203, 26695203, 26695203, 26695203, 26695203, 26695203, 26695203, 26695203, 26695203, 26695203, 26695203, 26695203, 26695203, 26695203, 26695203, 26695203, 26695203, 26695203, 26695203, 26695203, 26695203, 26645180, 26645180, 26645180, 26645180, 26645180, 26645180, 26645180, 26645180, 26444528, 26444528, 26444528, 26380886, 26380886, 26380886, 26380886, 26380886, 26380886, 26380886, 26380886, 26380886, 26380886, 26380886, 26380886, 26380886, 26380886, 26729656, 26729656, 26729656, 258893321, 196777215, 26726923, 111906868, 472553972, 25782115, 25782115, 25782115, 25782115, 25782115, 25782115, 25782115, 25782115, 25782115, 25782115, 25782115, 25997827, 25997827, 25997827, 25997827, 25997827, 25997827, 25997827, 25997827, 25997827, 25997827, 25997827, 25997827, 25997827, 25997827, 25997827, 25997827, 25997827, 25997827, 25997827, 25997827, 25997827, 25997827, 25997827, 25997827, 25997827, 25997827, 56437797, 26997779, 26535544, 26535544, 26421342, 26097524, 26097524, 26097524, 106915026, 26235158, 26235158, 56396605, 26956587, 26956587, 26956587, 26956587, 258352111, 26464944, 26464944, 26464944, 26464944, 26464944, 26464944, 26464944, 26464944, 26464944, 26464944, 26464944, 26464944, 26464944, 26464944, 26464944, 26464944, 26464944, 26464944, 26464944, 26464944, 26464944, 26464944, 26475376, 26475376, 26475376, 26475376, 26475376, 26475376, 26475376, 26475376, 26475376, 26475376, 26475376, 26475376, 26475376, 26475376, 26475376, 26475376, 26475376, 26475376, 26475376, 26475376, 26475376, 26475376, 26475376, 26475376, 26437374, 26437374, 26437374, 26437374, 26437374, 26437374, 26437374, 26437374, 26437374, 26437374, 26437374, 26437374, 26437374, 26437374, 26437374, 26437374, 26437374, 26437374, 26437374, 26437374, 26437374, 26366686, 26366686, 26366686, 26366686, 26366686, 26366686, 26366686, 26366686, 26366686, 26366686, 26366686, 26366686, 26366686, 26366686, 26366686, 26366686, 26366686, 26366686, 26366686, 26366686, 26366686, 26366686, 26366686, 26366686, 26366686, 26366686, 26366686, 26366686, 26366686, 26125428, 26125428, 26125428, 26125428, 26125428, 26077588, 26077588, 26077588, 26077588, 96666330, 26260820, 26260820, 133830522, 25853850, 25853850, 25853850, 25853850, 25853850, 25853850, 25853850, 25853850, 25853850, 61485920, 27278932, 27278932, 27278932, 27278932, 27278932, 27278932, 27278932, 27278932, 27278932, 27232760, 27232760, 26475376, 26049543, 26049543, 244470798, 26368885, 26368885, 26368885, 26368885, 26368885, 26368885, 26368885, 26368885, 26368885, 26368885, 26368885, 26368885, 26368885, 26368885, 26368885, 227101671, 27278932, 27278932, 63547767, 27512576, 27512576, 27512576, 27512576, 93872727, 27278932, 27278932, 27278932, 27278932, 27278932, 27278932, 27278932, 27278932, 27278932, 27278932, 27278932, 27278932, 27278932, 27232760, 27232760, 314280424, 27685307, 350656902]",0,0,0,NPU,0,0,0,0,0,0,1.0,hot,0,0,0,0,1.0,0
0,196,meta-llama/Llama-3.1-8B,416,827,18312850237,143086405682,124773555445,104381788077,104518868397,49401675,"[28272208, 28272208, 28272208, 28272208, 28272208, 28272208, 28272208, 28272208, 28272208, 28272208, 28272208, 28272208, 28272208, 28272208, 28272208, 28272208, 28272208, 28272208, 28272208, 28272208, 28272208, 28107904, 28107904, 28107904, 28107904, 28107904, 28107904, 28107904, 28107904, 28107904, 28107904, 28107904, 28107904, 28107904, 28107904, 28107904, 657043668, 27766321, 27766321, 27766321, 27766321, 27766321, 80007257, 27773145, 27773145, 27773145, 27512576, 27512576, 27512576, 27512576, 27512576, 27512576, 27512576, 27512576, 27512576, 27512576, 27512576, 27512576, 27512576, 27512576, 27512576, 27512576, 27512576, 27512576, 27512576, 27512576, 27512576, 27512576, 662462514, 27278932, 27278932, 27278932, 27278932, 27278932, 499707818, 27232760, 27232760, 27232760, 27232760, 27232760, 27232760, 27232760, 27232760, 27232760, 27232760, 27232760, 27232760, 27232760, 27232760, 27232760, 4794581916, 26759908, 26759908, 26759908, 26759908, 26759908, 26759908, 26759908, 26759908, 26726923, 26726923, 26726923, 26726923, 26695203, 26695203, 26695203, 26695203, 26695203, 26695203, 26695203, 26695203, 26695203, 26695203, 26695203, 26695203, 26695203, 26695203, 26695203, 26695203, 26695203, 26695203, 26695203, 26695203, 26695203, 26645180, 26645180, 26645180, 26645180, 26645180, 26645180, 26645180, 26645180, 26444528, 26444528, 26444528, 26380886, 26380886, 26380886, 26380886, 26380886, 26380886, 26380886, 26380886, 26380886, 26380886, 26380886, 26380886, 26380886, 26380886, 26729656, 26729656, 26729656, 258893321, 196777215, 26726923, 111906868, 472553972, 25782115, 25782115, 25782115, 25782115, 25782115, 25782115, 25782115, 25782115, 25782115, 25782115, 25782115, 25997827, 25997827, 25997827, 25997827, 25997827, 25997827, 25997827, 25997827, 25997827, 25997827, 25997827, 25997827, 25997827, 25997827, 25997827, 25997827, 25997827, 25997827, 25997827, 25997827, 25997827, 25997827, 25997827, 25997827, 25997827, 25997827, 56437797, 26997779, 26535544, 26535544, 26421342, 26097524, 26097524, 26097524, 106915026, 26235158, 26235158, 56396605, 26956587, 26956587, 26956587, 26956587, 258352111, 26464944, 26464944, 26464944, 26464944, 26464944, 26464944, 26464944, 26464944, 26464944, 26464944, 26464944, 26464944, 26464944, 26464944, 26464944, 26464944, 26464944, 26464944, 26464944, 26464944, 26464944, 26464944, 26475376, 26475376, 26475376, 26475376, 26475376, 26475376, 26475376, 26475376, 26475376, 26475376, 26475376, 26475376, 26475376, 26475376, 26475376, 26475376, 26475376, 26475376, 26475376, 26475376, 26475376, 26475376, 26475376, 26475376, 26437374, 26437374, 26437374, 26437374, 26437374, 26437374, 26437374, 26437374, 26437374, 26437374, 26437374, 26437374, 26437374, 26437374, 26437374, 26437374, 26437374, 26437374, 26437374, 26437374, 26437374, 26366686, 26366686, 26366686, 26366686, 26366686, 26366686, 26366686, 26366686, 26366686, 26366686, 26366686, 26366686, 26366686, 26366686, 26366686, 26366686, 26366686, 26366686, 26366686, 26366686, 26366686, 26366686, 26366686, 26366686, 26366686, 26366686, 26366686, 26366686, 26366686, 26125428, 26125428, 26125428, 26125428, 26125428, 26077588, 26077588, 26077588, 26077588, 96666330, 26260820, 26260820, 133830522, 25853850, 25853850, 25853850, 25853850, 25853850, 25853850, 25853850, 25853850, 25853850, 61485920, 27278932, 27278932, 27278932, 27278932, 27278932, 27278932, 27278932, 27278932, 27278932, 27232760, 27232760, 26475376, 26049543, 26049543, 244470798, 26368885, 26368885, 26368885, 26368885, 26368885, 26368885, 26368885, 26368885, 26368885, 26368885, 26368885, 26368885, 26368885, 26368885, 26368885, 227101671, 27278932, 27278932, 63547767, 27512576, 27512576, 27512576, 27512576, 93872727, 27278932, 27278932, 27278932, 27278932, 27278932, 27278932, 27278932, 27278932, 27278932, 27278932, 27278932, 27278932, 27278932, 27232760, 27232760, 314280424, 27685307, 350656902, 52098405, 29498668, 29498668, 29498668, 29498668, 29498668, 25649622, 25739482, 25929013, 25929013, 25929013, 25929013, 53573670, 27279380, 27279380, 27279380, 27279380, 27279380, 27279380, 27279380, 27279380, 27279380, 27279380]",0,0,0,NPU,0,0,0,0,0,0,1.0,hot,0,0,0,0,1.0,0
0,197,meta-llama/Llama-3.1-8B,16,489,18540259971,144838034300,126297774329,104154378343,104291458663,46623550,"[28272208, 28272208, 28272208, 28272208, 28272208, 28272208, 28272208, 28272208, 28272208, 28272208, 28272208, 28272208, 28272208, 28272208, 28272208, 28272208, 28272208, 28272208, 28272208, 28272208, 28272208, 28107904, 28107904, 28107904, 28107904, 28107904, 28107904, 28107904, 28107904, 28107904, 28107904, 28107904, 28107904, 28107904, 28107904, 28107904, 657043668, 27766321, 27766321, 27766321, 27766321, 27766321, 80007257, 27773145, 27773145, 27773145, 27512576, 27512576, 27512576, 27512576, 27512576, 27512576, 27512576, 27512576, 27512576, 27512576, 27512576, 27512576, 27512576, 27512576, 27512576, 27512576, 27512576, 27512576, 27512576, 27512576, 27512576, 27512576, 662462514, 27278932, 27278932, 27278932, 27278932, 27278932, 499707818, 27232760, 27232760, 27232760, 27232760, 27232760, 27232760, 27232760, 27232760, 27232760, 27232760, 27232760, 27232760, 27232760, 27232760, 27232760, 4794581916, 26759908, 26759908, 26759908, 26759908, 26759908, 26759908, 26759908, 26759908, 26726923, 26726923, 26726923, 26726923, 26695203, 26695203, 26695203, 26695203, 26695203, 26695203, 26695203, 26695203, 26695203, 26695203, 26695203, 26695203, 26695203, 26695203, 26695203, 26695203, 26695203, 26695203, 26695203, 26695203, 26695203, 26645180, 26645180, 26645180, 26645180, 26645180, 26645180, 26645180, 26645180, 26444528, 26444528, 26444528, 26380886, 26380886, 26380886, 26380886, 26380886, 26380886, 26380886, 26380886, 26380886, 26380886, 26380886, 26380886, 26380886, 26380886, 26729656, 26729656, 26729656, 258893321, 196777215, 26726923, 111906868, 472553972, 25782115, 25782115, 25782115, 25782115, 25782115, 25782115, 25782115, 25782115, 25782115, 25782115, 25782115, 25997827, 25997827, 25997827, 25997827, 25997827, 25997827, 25997827, 25997827, 25997827, 25997827, 25997827, 25997827, 25997827, 25997827, 25997827, 25997827, 25997827, 25997827, 25997827, 25997827, 25997827, 25997827, 25997827, 25997827, 25997827, 25997827, 56437797, 26997779, 26535544, 26535544, 26421342, 26097524, 26097524, 26097524, 106915026, 26235158, 26235158, 56396605, 26956587, 26956587, 26956587, 26956587, 258352111, 26464944, 26464944, 26464944, 26464944, 26464944, 26464944, 26464944, 26464944, 26464944, 26464944, 26464944, 26464944, 26464944, 26464944, 26464944, 26464944, 26464944, 26464944, 26464944, 26464944, 26464944, 26464944, 26475376, 26475376, 26475376, 26475376, 26475376, 26475376, 26475376, 26475376, 26475376, 26475376, 26475376, 26475376, 26475376, 26475376, 26475376, 26475376, 26475376, 26475376, 26475376, 26475376, 26475376, 26475376, 26475376, 26475376, 26437374, 26437374, 26437374, 26437374, 26437374, 26437374, 26437374, 26437374, 26437374, 26437374, 26437374, 26437374, 26437374, 26437374, 26437374, 26437374, 26437374, 26437374, 26437374, 26437374, 26437374, 26366686, 26366686, 26366686, 26366686, 26366686, 26366686, 26366686, 26366686, 26366686, 26366686, 26366686, 26366686, 26366686, 26366686, 26366686, 26366686, 26366686, 26366686, 26366686, 26366686, 26366686, 26366686, 26366686, 26366686, 26366686, 26366686, 26366686, 26366686, 26366686, 26125428, 26125428, 26125428, 26125428, 26125428, 26077588, 26077588, 26077588, 26077588, 96666330, 26260820, 26260820, 133830522, 25853850, 25853850, 25853850, 25853850, 25853850, 25853850, 25853850, 25853850, 25853850, 61485920, 27278932, 27278932, 27278932, 27278932, 27278932, 27278932, 27278932, 27278932, 27278932, 27232760, 27232760, 26475376, 26049543, 26049543, 244470798, 26368885, 26368885, 26368885, 26368885, 26368885, 26368885, 26368885, 26368885, 26368885, 26368885, 26368885, 26368885, 26368885, 26368885, 26368885, 227101671, 27278932, 27278932, 63547767, 27512576, 27512576, 27512576, 27512576, 93872727, 27278932, 27278932, 27278932, 27278932, 27278932, 27278932, 27278932, 27278932, 27278932, 27278932, 27278932, 27278932, 27278932, 27232760, 27232760, 314280424, 27685307, 350656902, 52098405, 29498668, 29498668, 29498668, 29498668, 29498668, 25649622, 25739482, 25929013, 25929013, 25929013, 25929013, 53573670, 27279380, 27279380, 27279380, 27279380, 27279380, 27279380, 27279380, 27279380, 27279380, 27279380, 55157883, 28863593, 28863593, 28863593, 28863593, 28863593, 28863593, 28863593, 28863593, 28863593, 28863593, 28863593, 27219992, 27219992, 26007326, 26007326, 26007326, 26007326, 26007326, 26007326, 26007326, 53514282, 27219992, 27219992, 27219992, 27219992, 27219992, 27219992, 27219992, 27219992, 27219992, 27219992, 27219992, 27219992, 27219992, 27219992, 27219992, 27219992, 27219992, 27219992, 27219992, 27219992, 27219992, 27219992, 27219992, 27219992, 27219992, 27219992, 27219992, 27232760, 27232760, 27232760, 27232760, 27232760, 27232760, 27232760, 27232760, 27232760, 27232760, 27232760, 27232760, 27232760]",0,0,0,NPU,0,0,0,0,0,0,1.0,hot,0,0,0,0,1.0,0
0,224,meta-llama/Llama-3.1-8B,474,574,20727746354,144865137583,124137391229,120026750355,120253852026,39227668,"[27278932, 27278932, 63547767, 27512576, 27512576, 27512576, 27512576, 93872727, 27278932, 27278932, 27278932, 27278932, 27278932, 27278932, 27278932, 27278932, 27278932, 27278932, 27278932, 27278932, 27278932, 27232760, 27232760, 314280424, 27685307, 350656902, 52098405, 29498668, 29498668, 29498668, 29498668, 29498668, 208678826, 27279380, 27279380, 27279380, 27279380, 27279380, 27279380, 27279380, 27279380, 27279380, 27279380, 55157883, 28863593, 28863593, 28863593, 28863593, 28863593, 28863593, 28863593, 28863593, 28863593, 28863593, 28863593, 27219992, 27219992, 235565564, 27219992, 27219992, 27219992, 27219992, 27219992, 27219992, 27219992, 27219992, 27219992, 27219992, 27219992, 27219992, 27219992, 27219992, 27219992, 27219992, 27219992, 27219992, 27219992, 27219992, 27219992, 27219992, 27219992, 27219992, 27219992, 27219992, 27219992, 27232760, 27232760, 27232760, 27232760, 27232760, 27232760, 27232760, 27232760, 27232760, 27232760, 27232760, 27232760, 27232760, 27103283]",0,0,0,NPU,0,0,0,0,0,0,1.0,hot,0,0,0,0,1.0,0
0,216,meta-llama/Llama-3.1-8B,179,303,20018758503,145162799592,125144041089,119139994701,119236661031,48027480,"[480522732, 27278932, 27278932, 27278932, 27278932, 27278932, 27278932, 27278932, 27278932, 27278932, 27232760, 27232760, 945680206, 27278932, 27278932, 63547767, 27512576, 27512576, 27512576, 27512576, 93872727, 27278932, 27278932, 27278932, 27278932, 27278932, 27278932, 27278932, 27278932, 27278932, 27278932, 27278932, 27278932, 27278932, 27232760, 27232760, 314280424, 27685307, 350656902, 52098405, 29498668, 29498668, 29498668, 29498668, 29498668, 208678826, 27279380, 27279380, 27279380, 27279380, 27279380, 27279380, 27279380, 27279380, 27279380, 27279380, 55157883, 28863593, 28863593, 28863593, 28863593, 28863593, 28863593, 28863593, 28863593, 28863593, 28863593, 28863593, 27219992, 27219992, 235565564, 27219992, 27219992, 27219992, 27219992, 27219992, 27219992, 27219992, 27219992, 27219992, 27219992, 27219992, 27219992, 27219992, 27219992, 27219992, 27219992, 27219992, 27219992, 27219992, 27219992, 27219992, 27219992, 27219992, 27219992, 27219992, 27219992, 27219992, 27232760, 27232760, 27232760, 27232760, 27232760, 27232760, 27232760, 27232760, 27232760, 27232760, 27232760, 27232760, 27232760, 27103283, 27059851, 27059851, 27059851, 27059851, 27059851, 27059851, 27059851, 27059851, 27061067, 27061067, 27061067]",0,0,0,NPU,0,0,0,0,0,0,1.0,hot,0,0,0,0,1.0,0
0,228,meta-llama/Llama-3.1-8B,377,485,21389491584,145297099292,123907607708,119820262731,119914135458,37322170,"[27278932, 27278932, 27278932, 27278932, 27278932, 27278932, 27278932, 27278932, 27278932, 27278932, 27278932, 27278932, 27278932, 27232760, 27232760, 314280424, 27685307, 350656902, 52098405, 29498668, 29498668, 29498668, 29498668, 29498668, 208678826, 27279380, 27279380, 27279380, 27279380, 27279380, 27279380, 27279380, 27279380, 27279380, 27279380, 55157883, 28863593, 28863593, 28863593, 28863593, 28863593, 28863593, 28863593, 28863593, 28863593, 28863593, 28863593, 27219992, 27219992, 235565564, 27219992, 27219992, 27219992, 27219992, 27219992, 27219992, 27219992, 27219992, 27219992, 27219992, 27219992, 27219992, 27219992, 27219992, 27219992, 27219992, 27219992, 27219992, 27219992, 27219992, 27219992, 27219992, 27219992, 27219992, 27219992, 27219992, 27219992, 27232760, 27232760, 27232760, 27232760, 27232760, 27232760, 27232760, 27232760, 27232760, 27232760, 27232760, 27232760, 27232760, 27103283, 27059851, 27059851, 27059851, 27059851, 27059851, 27059851, 27059851, 27059851, 27061067, 27061067, 27061067, 26859940, 26859940, 26859940, 26859940, 26859940]",0,0,0,NPU,0,0,0,0,0,0,1.0,hot,0,0,0,0,1.0,0
0,239,meta-llama/Llama-3.1-8B,46,66,22179803300,145351815909,123172012609,119874881109,120225538011,155077610,"[52098405, 29498668, 29498668, 29498668, 29498668, 29498668, 536630509, 28863593, 28863593, 28863593, 28863593, 28863593, 28863593, 28863593, 28863593, 28863593, 28863593, 28863593, 1892752821]",0,0,0,NPU,0,0,0,0,0,0,1.0,hot,0,0,0,0,1.0,0
0,210,meta-llama/Llama-3.1-8B,245,397,19579100248,145633752659,126054652411,114216566195,114413343410,77094761,"[26726923, 111906868, 1488538536, 26997779, 373566949, 26956587, 26956587, 26956587, 26956587, 3127412473, 480522732, 27278932, 27278932, 27278932, 27278932, 27278932, 27278932, 27278932, 27278932, 27278932, 27232760, 27232760, 945680206, 27278932, 27278932, 63547767, 27512576, 27512576, 27512576, 27512576, 93872727, 27278932, 27278932, 27278932, 27278932, 27278932, 27278932, 27278932, 27278932, 27278932, 27278932, 27278932, 27278932, 27278932, 27232760, 27232760, 314280424, 27685307, 350656902, 52098405, 29498668, 29498668, 29498668, 29498668, 29498668, 25649622, 25739482, 157289722, 27279380, 27279380, 27279380, 27279380, 27279380, 27279380, 27279380, 27279380, 27279380, 27279380, 55157883, 28863593, 28863593, 28863593, 28863593, 28863593, 28863593, 28863593, 28863593, 28863593, 28863593, 28863593, 27219992, 27219992, 235565564, 27219992, 27219992, 27219992, 27219992, 27219992, 27219992, 27219992, 27219992, 27219992, 27219992, 27219992, 27219992, 27219992, 27219992, 27219992, 27219992, 27219992, 27219992, 27219992, 27219992, 27219992, 27219992, 27219992, 27219992, 27219992, 27219992, 27219992, 27232760, 27232760, 27232760, 27232760, 27232760, 27232760, 27232760, 27232760, 27232760, 27232760, 27232760, 27232760, 27232760, 27103283, 27059851, 27059851, 27059851, 27059851, 27059851, 27059851, 27059851, 27059851, 27061067, 27061067, 27061067, 26859940, 26859940, 26859940, 26859940, 26859940, 54716617, 28193675, 28193675, 28193675, 28193675, 28193675, 28193675, 28193675, 28193675, 28193675, 28193675]",0,0,0,NPU,0,0,0,0,0,0,1.0,hot,0,0,0,0,1.0,0
0,218,meta-llama/Llama-3.1-8B,98,253,20260871639,146056824005,125795952366,118897881565,118994547895,44164964,"[480522732, 27278932, 27278932, 27278932, 27278932, 27278932, 27278932, 27278932, 27278932, 27278932, 27232760, 27232760, 945680206, 27278932, 27278932, 63547767, 27512576, 27512576, 27512576, 27512576, 93872727, 27278932, 27278932, 27278932, 27278932, 27278932, 27278932, 27278932, 27278932, 27278932, 27278932, 27278932, 27278932, 27278932, 27232760, 27232760, 314280424, 27685307, 350656902, 52098405, 29498668, 29498668, 29498668, 29498668, 29498668, 208678826, 27279380, 27279380, 27279380, 27279380, 27279380, 27279380, 27279380, 27279380, 27279380, 27279380, 55157883, 28863593, 28863593, 28863593, 28863593, 28863593, 28863593, 28863593, 28863593, 28863593, 28863593, 28863593, 27219992, 27219992, 235565564, 27219992, 27219992, 27219992, 27219992, 27219992, 27219992, 27219992, 27219992, 27219992, 27219992, 27219992, 27219992, 27219992, 27219992, 27219992, 27219992, 27219992, 27219992, 27219992, 27219992, 27219992, 27219992, 27219992, 27219992, 27219992, 27219992, 27219992, 27232760, 27232760, 27232760, 27232760, 27232760, 27232760, 27232760, 27232760, 27232760, 27232760, 27232760, 27232760, 27232760, 27103283, 27059851, 27059851, 27059851, 27059851, 27059851, 27059851, 27059851, 27059851, 27061067, 27061067, 27061067, 26859940, 26859940, 26859940, 26859940, 26859940, 54716617, 28193675, 28193675, 28193675, 28193675, 28193675, 28193675, 28193675, 28193675, 28193675, 28193675, 28272208, 28272208, 28272208, 28272208, 28272208, 28272208, 28272208, 28272208, 28272208, 28272208, 28272208, 28272208, 28272208, 27766321, 27766321]",0,0,0,NPU,0,0,0,0,0,0,1.0,hot,0,0,0,0,1.0,0
0,207,meta-llama/Llama-3.1-8B,10,220,19481491440,147183256383,127701764943,114055281682,114314175003,64055454,"[196777215, 26726923, 111906868, 1488538536, 26997779, 373566949, 26956587, 26956587, 26956587, 26956587, 3127412473, 480522732, 27278932, 27278932, 27278932, 27278932, 27278932, 27278932, 27278932, 27278932, 27278932, 27232760, 27232760, 26475376, 919204830, 27278932, 27278932, 63547767, 27512576, 27512576, 27512576, 27512576, 93872727, 27278932, 27278932, 27278932, 27278932, 27278932, 27278932, 27278932, 27278932, 27278932, 27278932, 27278932, 27278932, 27278932, 27232760, 27232760, 314280424, 27685307, 350656902, 52098405, 29498668, 29498668, 29498668, 29498668, 29498668, 25649622, 25739482, 157289722, 27279380, 27279380, 27279380, 27279380, 27279380, 27279380, 27279380, 27279380, 27279380, 27279380, 55157883, 28863593, 28863593, 28863593, 28863593, 28863593, 28863593, 28863593, 28863593, 28863593, 28863593, 28863593, 27219992, 27219992, 235565564, 27219992, 27219992, 27219992, 27219992, 27219992, 27219992, 27219992, 27219992, 27219992, 27219992, 27219992, 27219992, 27219992, 27219992, 27219992, 27219992, 27219992, 27219992, 27219992, 27219992, 27219992, 27219992, 27219992, 27219992, 27219992, 27219992, 27219992, 27232760, 27232760, 27232760, 27232760, 27232760, 27232760, 27232760, 27232760, 27232760, 27232760, 27232760, 27232760, 27232760, 27103283, 27059851, 27059851, 27059851, 27059851, 27059851, 27059851, 27059851, 27059851, 27061067, 27061067, 27061067, 26859940, 26859940, 26859940, 26859940, 26859940, 54716617, 28193675, 28193675, 28193675, 28193675, 28193675, 28193675, 28193675, 28193675, 28193675, 28193675, 28272208, 28272208, 28272208, 28272208, 28272208, 28272208, 28272208, 28272208, 28272208, 28272208, 28272208, 28272208, 28272208, 27766321, 27766321, 28107904, 28107904, 28107904, 28107904, 28107904, 28107904, 28114176, 26520888, 26520888, 24996181, 24996181, 24996181, 54042783, 26699917, 26699917, 26699917, 26699917, 26699917, 26699917, 26699917, 26699917, 26699917, 26699917, 26699917, 26699917, 26699917, 26699917, 26699917, 26699917, 26699917, 26699917, 26699917, 26699917, 26699917, 26699917, 26699917, 26699917, 26699917, 26699917, 26699917, 26699917]",0,0,0,NPU,0,0,0,0,0,0,1.0,hot,0,0,0,0,1.0,0
0,226,meta-llama/Llama-3.1-8B,19,205,21116947314,147422588379,126305641065,119919208930,119982756697,34177753,"[27512576, 27512576, 27512576, 27512576, 93872727, 27278932, 27278932, 27278932, 27278932, 27278932, 27278932, 27278932, 27278932, 27278932, 27278932, 27278932, 27278932, 27278932, 27232760, 27232760, 314280424, 27685307, 350656902, 52098405, 29498668, 29498668, 29498668, 29498668, 29498668, 208678826, 27279380, 27279380, 27279380, 27279380, 27279380, 27279380, 27279380, 27279380, 27279380, 27279380, 55157883, 28863593, 28863593, 28863593, 28863593, 28863593, 28863593, 28863593, 28863593, 28863593, 28863593, 28863593, 27219992, 27219992, 235565564, 27219992, 27219992, 27219992, 27219992, 27219992, 27219992, 27219992, 27219992, 27219992, 27219992, 27219992, 27219992, 27219992, 27219992, 27219992, 27219992, 27219992, 27219992, 27219992, 27219992, 27219992, 27219992, 27219992, 27219992, 27219992, 27219992, 27219992, 27232760, 27232760, 27232760, 27232760, 27232760, 27232760, 27232760, 27232760, 27232760, 27232760, 27232760, 27232760, 27232760, 27103283, 27059851, 27059851, 27059851, 27059851, 27059851, 27059851, 27059851, 27059851, 27061067, 27061067, 27061067, 26859940, 26859940, 26859940, 26859940, 26859940, 54716617, 28193675, 28193675, 28193675, 28193675, 28193675, 28193675, 28193675, 28193675, 28193675, 28193675, 28272208, 28272208, 28272208, 28272208, 28272208, 28272208, 28272208, 28272208, 28272208, 28272208, 28272208, 28272208, 28272208, 27766321, 27766321, 28107904, 28107904, 28107904, 28107904, 28107904, 28107904, 28114176, 26520888, 26520888, 129031326, 26699917, 26699917, 26699917, 26699917, 26699917, 26699917, 26699917, 26699917, 26699917, 26699917, 26699917, 26699917, 26699917, 26699917, 26699917, 26699917, 26699917, 26699917, 26699917, 26699917, 26699917, 26699917, 26699917, 26699917, 26699917, 26699917, 26699917, 26699917, 26641724, 26641724, 26641724, 26641724, 26553020, 26553020, 26553020, 26553020, 26553020]",0,0,0,NPU,0,0,0,0,0,0,1.0,hot,0,0,0,0,1.0,0
0,203,meta-llama/Llama-3.1-8B,13,574,19267702158,147633386587,128365684429,103426936156,103564016476,44288692,"[28272208, 28272208, 28272208, 28272208, 28272208, 28272208, 28272208, 28272208, 28272208, 28272208, 28272208, 28272208, 28272208, 28272208, 28272208, 28272208, 28272208, 28272208, 28272208, 28272208, 28272208, 28107904, 28107904, 28107904, 28107904, 28107904, 28107904, 28107904, 28107904, 28107904, 28107904, 28107904, 28107904, 28107904, 28107904, 28107904, 657043668, 27766321, 27766321, 27766321, 27766321, 27766321, 80007257, 27773145, 27773145, 27773145, 27512576, 27512576, 27512576, 27512576, 27512576, 27512576, 27512576, 27512576, 27512576, 27512576, 27512576, 27512576, 27512576, 27512576, 27512576, 27512576, 27512576, 27512576, 27512576, 27512576, 27512576, 27512576, 662462514, 27278932, 27278932, 27278932, 27278932, 27278932, 499707818, 27232760, 27232760, 27232760, 27232760, 27232760, 27232760, 27232760, 27232760, 27232760, 27232760, 27232760, 27232760, 27232760, 27232760, 27232760, 4794581916, 26759908, 26759908, 26759908, 26759908, 26759908, 26759908, 26759908, 26759908, 26726923, 26726923, 26726923, 26726923, 26695203, 26695203, 26695203, 26695203, 26695203, 26695203, 26695203, 26695203, 26695203, 26695203, 26695203, 26695203, 26695203, 26695203, 26695203, 26695203, 26695203, 26695203, 26695203, 26695203, 26695203, 26645180, 26645180, 26645180, 26645180, 26645180, 26645180, 26645180, 26645180, 26444528, 26444528, 26444528, 26380886, 26380886, 26380886, 26380886, 26380886, 26380886, 26380886, 26380886, 26380886, 26380886, 26380886, 26380886, 26380886, 26380886, 26729656, 26729656, 26729656, 258893321, 196777215, 26726923, 111906868, 472553972, 25782115, 25782115, 25782115, 25782115, 25782115, 25782115, 25782115, 25782115, 25782115, 25782115, 25782115, 25997827, 25997827, 25997827, 25997827, 25997827, 25997827, 25997827, 25997827, 25997827, 25997827, 25997827, 25997827, 25997827, 25997827, 25997827, 25997827, 25997827, 25997827, 25997827, 25997827, 25997827, 25997827, 25997827, 25997827, 25997827, 25997827, 56437797, 26997779, 26535544, 26535544, 211628940, 26235158, 26235158, 56396605, 26956587, 26956587, 26956587, 26956587, 258352111, 26464944, 26464944, 26464944, 26464944, 26464944, 26464944, 26464944, 26464944, 26464944, 26464944, 26464944, 26464944, 26464944, 26464944, 26464944, 26464944, 26464944, 26464944, 26464944, 26464944, 26464944, 26464944, 26475376, 26475376, 26475376, 26475376, 26475376, 26475376, 26475376, 26475376, 26475376, 26475376, 26475376, 26475376, 26475376, 26475376, 26475376, 26475376, 26475376, 26475376, 26475376, 26475376, 26475376, 26475376, 26475376, 26475376, 26437374, 26437374, 26437374, 26437374, 26437374, 26437374, 26437374, 26437374, 26437374, 26437374, 26437374, 26437374, 26437374, 26437374, 26437374, 26437374, 26437374, 26437374, 26437374, 26437374, 26437374, 26366686, 26366686, 26366686, 26366686, 26366686, 26366686, 26366686, 26366686, 26366686, 26366686, 26366686, 26366686, 26366686, 26366686, 26366686, 26366686, 26366686, 26366686, 26366686, 26366686, 26366686, 26366686, 26366686, 26366686, 26366686, 26366686, 26366686, 26366686, 26366686, 26125428, 26125428, 26125428, 26125428, 26125428, 26077588, 26077588, 26077588, 26077588, 96666330, 26260820, 26260820, 133830522, 25853850, 25853850, 25853850, 25853850, 25853850, 25853850, 25853850, 25853850, 25853850, 61485920, 27278932, 27278932, 27278932, 27278932, 27278932, 27278932, 27278932, 27278932, 27278932, 27232760, 27232760, 26475376, 296569884, 26368885, 26368885, 26368885, 26368885, 26368885, 26368885, 26368885, 26368885, 26368885, 26368885, 26368885, 26368885, 26368885, 26368885, 26368885, 227101671, 27278932, 27278932, 63547767, 27512576, 27512576, 27512576, 27512576, 93872727, 27278932, 27278932, 27278932, 27278932, 27278932, 27278932, 27278932, 27278932, 27278932, 27278932, 27278932, 27278932, 27278932, 27232760, 27232760, 314280424, 27685307, 350656902, 52098405, 29498668, 29498668, 29498668, 29498668, 29498668, 25649622, 25739482, 25929013, 25929013, 25929013, 25929013, 53573670, 27279380, 27279380, 27279380, 27279380, 27279380, 27279380, 27279380, 27279380, 27279380, 27279380, 55157883, 28863593, 28863593, 28863593, 28863593, 28863593, 28863593, 28863593, 28863593, 28863593, 28863593, 28863593, 27219992, 27219992, 235565564, 27219992, 27219992, 27219992, 27219992, 27219992, 27219992, 27219992, 27219992, 27219992, 27219992, 27219992, 27219992, 27219992, 27219992, 27219992, 27219992, 27219992, 27219992, 27219992, 27219992, 27219992, 27219992, 27219992, 27219992, 27219992, 27219992, 27219992, 27232760, 27232760, 27232760, 27232760, 27232760, 27232760, 27232760, 27232760, 27232760, 27232760, 27232760, 27232760, 27232760, 27103283, 27059851, 27059851, 27059851, 27059851, 27059851, 27059851, 27059851, 27059851, 27061067, 27061067, 27061067, 26859940, 26859940, 26859940, 26859940, 26859940, 54716617, 28193675, 28193675, 28193675, 28193675, 28193675, 28193675, 28193675, 28193675, 28193675, 28193675, 28272208, 28272208, 28272208, 28272208, 28272208, 28272208, 28272208, 28272208, 28272208, 28272208, 28272208, 28272208, 28272208, 27766321, 27766321, 28107904, 28107904, 28107904, 28107904, 28107904, 28107904, 28114176, 26520888, 26520888, 24996181, 24996181, 24996181, 54042783, 26699917, 26699917, 26699917, 26699917, 26699917, 26699917, 26699917, 26699917, 26699917, 26699917, 26699917, 26699917, 26699917, 26699917, 26699917, 26699917, 26699917, 26699917, 26699917, 26699917, 26699917, 26699917, 26699917, 26699917, 26699917, 26699917, 26699917, 26699917, 26641724, 26641724, 26641724, 26641724, 26553020, 26553020, 26553020, 26553020, 26553020, 26349776, 26349776, 26349776, 26349776, 26349776, 26349776, 26349776, 26349776]",0,0,0,NPU,0,0,0,0,0,0,1.0,hot,0,0,0,0,1.0,0
0,215,meta-llama/Llama-3.1-8B,218,439,19979395013,147743785374,127764390361,114039775568,114151682436,61875945,"[1488538536, 26997779, 373566949, 26956587, 26956587, 26956587, 26956587, 3127412473, 480522732, 27278932, 27278932, 27278932, 27278932, 27278932, 27278932, 27278932, 27278932, 27278932, 27232760, 27232760, 945680206, 27278932, 27278932, 63547767, 27512576, 27512576, 27512576, 27512576, 93872727, 27278932, 27278932, 27278932, 27278932, 27278932, 27278932, 27278932, 27278932, 27278932, 27278932, 27278932, 27278932, 27278932, 27232760, 27232760, 314280424, 27685307, 350656902, 52098405, 29498668, 29498668, 29498668, 29498668, 29498668, 208678826, 27279380, 27279380, 27279380, 27279380, 27279380, 27279380, 27279380, 27279380, 27279380, 27279380, 55157883, 28863593, 28863593, 28863593, 28863593, 28863593, 28863593, 28863593, 28863593, 28863593, 28863593, 28863593, 27219992, 27219992, 235565564, 27219992, 27219992, 27219992, 27219992, 27219992, 27219992, 27219992, 27219992, 27219992, 27219992, 27219992, 27219992, 27219992, 27219992, 27219992, 27219992, 27219992, 27219992, 27219992, 27219992, 27219992, 27219992, 27219992, 27219992, 27219992, 27219992, 27219992, 27232760, 27232760, 27232760, 27232760, 27232760, 27232760, 27232760, 27232760, 27232760, 27232760, 27232760, 27232760, 27232760, 27103283, 27059851, 27059851, 27059851, 27059851, 27059851, 27059851, 27059851, 27059851, 27061067, 27061067, 27061067, 26859940, 26859940, 26859940, 26859940, 26859940, 54716617, 28193675, 28193675, 28193675, 28193675, 28193675, 28193675, 28193675, 28193675, 28193675, 28193675, 28272208, 28272208, 28272208, 28272208, 28272208, 28272208, 28272208, 28272208, 28272208, 28272208, 28272208, 28272208, 28272208, 27766321, 27766321, 28107904, 28107904, 28107904, 28107904, 28107904, 28107904, 28114176, 26520888, 26520888, 129031326, 26699917, 26699917, 26699917, 26699917, 26699917, 26699917, 26699917, 26699917, 26699917, 26699917, 26699917, 26699917, 26699917, 26699917, 26699917, 26699917, 26699917, 26699917, 26699917, 26699917, 26699917, 26699917, 26699917, 26699917, 26699917, 26699917, 26699917, 26699917, 26641724, 26641724, 26641724, 26641724, 26553020, 26553020, 26553020, 26553020, 26553020, 26349776, 26349776, 26349776, 26349776, 26349776, 26349776, 26349776, 26349776, 55028173, 27685307, 27685307]",0,0,0,NPU,0,0,0,0,0,0,1.0,hot,0,0,0,0,1.0,0
0,243,meta-llama/Llama-3.1-8B,106,164,23062247582,147853835678,124791588096,119343093729,119395192134,94673613,"[29498668, 29498668, 29498668, 29498668, 29498668, 536630509, 28863593, 28863593, 28863593, 28863593, 28863593, 28863593, 28863593, 28863593, 28863593, 28863593, 28863593, 1892752821, 28193675, 28193675, 28193675, 28193675, 28193675, 28193675, 28193675, 28193675, 28193675, 28193675, 28272208, 28272208, 28272208, 28272208, 28272208, 28272208, 28272208, 28272208, 28272208, 28272208, 28272208, 28272208, 28272208, 27766321, 27766321, 28107904, 28107904, 28107904, 28107904, 28107904, 28107904, 28114176, 1434829155, 27685307, 27685307, 27512576, 27512576, 27512576, 27512576]",0,0,0,NPU,0,0,0,0,0,0,1.0,hot,0,0,0,0,1.0,0
0,211,meta-llama/Llama-3.1-8B,201,432,19696831776,147990230338,128293398562,114322338805,114434245673,60257186,"[1488538536, 26997779, 373566949, 26956587, 26956587, 26956587, 26956587, 3127412473, 480522732, 27278932, 27278932, 27278932, 27278932, 27278932, 27278932, 27278932, 27278932, 27278932, 27232760, 27232760, 945680206, 27278932, 27278932, 63547767, 27512576, 27512576, 27512576, 27512576, 93872727, 27278932, 27278932, 27278932, 27278932, 27278932, 27278932, 27278932, 27278932, 27278932, 27278932, 27278932, 27278932, 27278932, 27232760, 27232760, 314280424, 27685307, 350656902, 52098405, 29498668, 29498668, 29498668, 29498668, 29498668, 25649622, 183029204, 27279380, 27279380, 27279380, 27279380, 27279380, 27279380, 27279380, 27279380, 27279380, 27279380, 55157883, 28863593, 28863593, 28863593, 28863593, 28863593, 28863593, 28863593, 28863593, 28863593, 28863593, 28863593, 27219992, 27219992, 235565564, 27219992, 27219992, 27219992, 27219992, 27219992, 27219992, 27219992, 27219992, 27219992, 27219992, 27219992, 27219992, 27219992, 27219992, 27219992, 27219992, 27219992, 27219992, 27219992, 27219992, 27219992, 27219992, 27219992, 27219992, 27219992, 27219992, 27219992, 27232760, 27232760, 27232760, 27232760, 27232760, 27232760, 27232760, 27232760, 27232760, 27232760, 27232760, 27232760, 27232760, 27103283, 27059851, 27059851, 27059851, 27059851, 27059851, 27059851, 27059851, 27059851, 27061067, 27061067, 27061067, 26859940, 26859940, 26859940, 26859940, 26859940, 54716617, 28193675, 28193675, 28193675, 28193675, 28193675, 28193675, 28193675, 28193675, 28193675, 28193675, 28272208, 28272208, 28272208, 28272208, 28272208, 28272208, 28272208, 28272208, 28272208, 28272208, 28272208, 28272208, 28272208, 27766321, 27766321, 28107904, 28107904, 28107904, 28107904, 28107904, 28107904, 28114176, 26520888, 26520888, 129031326, 26699917, 26699917, 26699917, 26699917, 26699917, 26699917, 26699917, 26699917, 26699917, 26699917, 26699917, 26699917, 26699917, 26699917, 26699917, 26699917, 26699917, 26699917, 26699917, 26699917, 26699917, 26699917, 26699917, 26699917, 26699917, 26699917, 26699917, 26699917, 26641724, 26641724, 26641724, 26641724, 26553020, 26553020, 26553020, 26553020, 26553020, 26349776, 26349776, 26349776, 26349776, 26349776, 26349776, 26349776, 26349776, 55028173, 27685307, 27685307, 27512576, 27512576, 27512576, 27512576, 27278932, 27278932, 27278932, 27278932, 27278932]",0,0,0,NPU,0,0,0,0,0,0,1.0,hot,0,0,0,0,1.0,0
0,214,meta-llama/Llama-3.1-8B,30,270,19952312638,148235325178,128283012540,114066857943,114178764811,59013588,"[1488538536, 26997779, 373566949, 26956587, 26956587, 26956587, 26956587, 3127412473, 480522732, 27278932, 27278932, 27278932, 27278932, 27278932, 27278932, 27278932, 27278932, 27278932, 27232760, 27232760, 945680206, 27278932, 27278932, 63547767, 27512576, 27512576, 27512576, 27512576, 93872727, 27278932, 27278932, 27278932, 27278932, 27278932, 27278932, 27278932, 27278932, 27278932, 27278932, 27278932, 27278932, 27278932, 27232760, 27232760, 314280424, 27685307, 350656902, 52098405, 29498668, 29498668, 29498668, 29498668, 29498668, 25649622, 183029204, 27279380, 27279380, 27279380, 27279380, 27279380, 27279380, 27279380, 27279380, 27279380, 27279380, 55157883, 28863593, 28863593, 28863593, 28863593, 28863593, 28863593, 28863593, 28863593, 28863593, 28863593, 28863593, 27219992, 27219992, 235565564, 27219992, 27219992, 27219992, 27219992, 27219992, 27219992, 27219992, 27219992, 27219992, 27219992, 27219992, 27219992, 27219992, 27219992, 27219992, 27219992, 27219992, 27219992, 27219992, 27219992, 27219992, 27219992, 27219992, 27219992, 27219992, 27219992, 27219992, 27232760, 27232760, 27232760, 27232760, 27232760, 27232760, 27232760, 27232760, 27232760, 27232760, 27232760, 27232760, 27232760, 27103283, 27059851, 27059851, 27059851, 27059851, 27059851, 27059851, 27059851, 27059851, 27061067, 27061067, 27061067, 26859940, 26859940, 26859940, 26859940, 26859940, 54716617, 28193675, 28193675, 28193675, 28193675, 28193675, 28193675, 28193675, 28193675, 28193675, 28193675, 28272208, 28272208, 28272208, 28272208, 28272208, 28272208, 28272208, 28272208, 28272208, 28272208, 28272208, 28272208, 28272208, 27766321, 27766321, 28107904, 28107904, 28107904, 28107904, 28107904, 28107904, 28114176, 26520888, 26520888, 129031326, 26699917, 26699917, 26699917, 26699917, 26699917, 26699917, 26699917, 26699917, 26699917, 26699917, 26699917, 26699917, 26699917, 26699917, 26699917, 26699917, 26699917, 26699917, 26699917, 26699917, 26699917, 26699917, 26699917, 26699917, 26699917, 26699917, 26699917, 26699917, 26641724, 26641724, 26641724, 26641724, 26553020, 26553020, 26553020, 26553020, 26553020, 26349776, 26349776, 26349776, 26349776, 26349776, 26349776, 26349776, 26349776, 55028173, 27685307, 27685307, 27512576, 27512576, 27512576, 27512576, 27278932, 27278932, 27278932, 27278932, 27278932, 27232760, 27232760, 27232760, 27232760, 27232760, 27232760, 27232760, 27232760, 27232760]",0,0,0,NPU,0,0,0,0,0,0,1.0,hot,0,0,0,0,1.0,0
0,237,meta-llama/Llama-3.1-8B,192,275,22056613065,148506358008,126449744943,119998071344,120348728246,74402642,"[52098405, 29498668, 29498668, 29498668, 29498668, 29498668, 536630509, 28863593, 28863593, 28863593, 28863593, 28863593, 28863593, 28863593, 28863593, 28863593, 28863593, 28863593, 1892752821, 28193675, 28193675, 28193675, 28193675, 28193675, 28193675, 28193675, 28193675, 28193675, 28193675, 28272208, 28272208, 28272208, 28272208, 28272208, 28272208, 28272208, 28272208, 28272208, 28272208, 28272208, 28272208, 28272208, 27766321, 27766321, 28107904, 28107904, 28107904, 28107904, 28107904, 28107904, 28114176, 1434829155, 27685307, 27685307, 27512576, 27512576, 27512576, 27512576, 27278932, 27278932, 27278932, 27278932, 27278932, 27232760, 27232760, 27232760, 27232760, 27232760, 27232760, 27232760, 27232760, 27232760, 27103283, 27103283, 27103283, 27103283, 27103283, 27103283, 27103283, 27103283, 27103283, 27103283]",0,0,0,NPU,0,0,0,0,0,0,1.0,hot,0,0,0,0,1.0,0
0,222,meta-llama/Llama-3.1-8B,34,278,20651088710,148614602276,127963513566,119023367636,119084853556,36537695,"[27278932, 27278932, 27278932, 27278932, 27278932, 27278932, 27278932, 27278932, 27278932, 27232760, 27232760, 945680206, 27278932, 27278932, 63547767, 27512576, 27512576, 27512576, 27512576, 93872727, 27278932, 27278932, 27278932, 27278932, 27278932, 27278932, 27278932, 27278932, 27278932, 27278932, 27278932, 27278932, 27278932, 27232760, 27232760, 314280424, 27685307, 350656902, 52098405, 29498668, 29498668, 29498668, 29498668, 29498668, 208678826, 27279380, 27279380, 27279380, 27279380, 27279380, 27279380, 27279380, 27279380, 27279380, 27279380, 55157883, 28863593, 28863593, 28863593, 28863593, 28863593, 28863593, 28863593, 28863593, 28863593, 28863593, 28863593, 27219992, 27219992, 235565564, 27219992, 27219992, 27219992, 27219992, 27219992, 27219992, 27219992, 27219992, 27219992, 27219992, 27219992, 27219992, 27219992, 27219992, 27219992, 27219992, 27219992, 27219992, 27219992, 27219992, 27219992, 27219992, 27219992, 27219992, 27219992, 27219992, 27219992, 27232760, 27232760, 27232760, 27232760, 27232760, 27232760, 27232760, 27232760, 27232760, 27232760, 27232760, 27232760, 27232760, 27103283, 27059851, 27059851, 27059851, 27059851, 27059851, 27059851, 27059851, 27059851, 27061067, 27061067, 27061067, 26859940, 26859940, 26859940, 26859940, 26859940, 54716617, 28193675, 28193675, 28193675, 28193675, 28193675, 28193675, 28193675, 28193675, 28193675, 28193675, 28272208, 28272208, 28272208, 28272208, 28272208, 28272208, 28272208, 28272208, 28272208, 28272208, 28272208, 28272208, 28272208, 27766321, 27766321, 28107904, 28107904, 28107904, 28107904, 28107904, 28107904, 28114176, 26520888, 26520888, 129031326, 26699917, 26699917, 26699917, 26699917, 26699917, 26699917, 26699917, 26699917, 26699917, 26699917, 26699917, 26699917, 26699917, 26699917, 26699917, 26699917, 26699917, 26699917, 26699917, 26699917, 26699917, 26699917, 26699917, 26699917, 26699917, 26699917, 26699917, 26699917, 26641724, 26641724, 26641724, 26641724, 26553020, 26553020, 26553020, 26553020, 26553020, 26349776, 26349776, 26349776, 26349776, 26349776, 26349776, 26349776, 26349776, 55028173, 27685307, 27685307, 27512576, 27512576, 27512576, 27512576, 27278932, 27278932, 27278932, 27278932, 27278932, 27232760, 27232760, 27232760, 27232760, 27232760, 27232760, 27232760, 27232760, 27232760, 27103283, 27103283, 27103283, 27103283, 27103283, 27103283, 27103283, 27103283, 27103283, 27103283, 27061067, 27061067, 27061067, 27061067]",0,0,0,NPU,0,0,0,0,0,0,1.0,hot,0,0,0,0,1.0,0
0,209,meta-llama/Llama-3.1-8B,768,1060,19499530464,149713609026,130214078562,114296135979,114492913194,54024623,"[26726923, 111906868, 1488538536, 26997779, 373566949, 26956587, 26956587, 26956587, 26956587, 3127412473, 480522732, 27278932, 27278932, 27278932, 27278932, 27278932, 27278932, 27278932, 27278932, 27278932, 27232760, 27232760, 945680206, 27278932, 27278932, 63547767, 27512576, 27512576, 27512576, 27512576, 93872727, 27278932, 27278932, 27278932, 27278932, 27278932, 27278932, 27278932, 27278932, 27278932, 27278932, 27278932, 27278932, 27278932, 27232760, 27232760, 314280424, 27685307, 350656902, 52098405, 29498668, 29498668, 29498668, 29498668, 29498668, 25649622, 25739482, 157289722, 27279380, 27279380, 27279380, 27279380, 27279380, 27279380, 27279380, 27279380, 27279380, 27279380, 55157883, 28863593, 28863593, 28863593, 28863593, 28863593, 28863593, 28863593, 28863593, 28863593, 28863593, 28863593, 27219992, 27219992, 235565564, 27219992, 27219992, 27219992, 27219992, 27219992, 27219992, 27219992, 27219992, 27219992, 27219992, 27219992, 27219992, 27219992, 27219992, 27219992, 27219992, 27219992, 27219992, 27219992, 27219992, 27219992, 27219992, 27219992, 27219992, 27219992, 27219992, 27219992, 27232760, 27232760, 27232760, 27232760, 27232760, 27232760, 27232760, 27232760, 27232760, 27232760, 27232760, 27232760, 27232760, 27103283, 27059851, 27059851, 27059851, 27059851, 27059851, 27059851, 27059851, 27059851, 27061067, 27061067, 27061067, 26859940, 26859940, 26859940, 26859940, 26859940, 54716617, 28193675, 28193675, 28193675, 28193675, 28193675, 28193675, 28193675, 28193675, 28193675, 28193675, 28272208, 28272208, 28272208, 28272208, 28272208, 28272208, 28272208, 28272208, 28272208, 28272208, 28272208, 28272208, 28272208, 27766321, 27766321, 28107904, 28107904, 28107904, 28107904, 28107904, 28107904, 28114176, 26520888, 26520888, 129031326, 26699917, 26699917, 26699917, 26699917, 26699917, 26699917, 26699917, 26699917, 26699917, 26699917, 26699917, 26699917, 26699917, 26699917, 26699917, 26699917, 26699917, 26699917, 26699917, 26699917, 26699917, 26699917, 26699917, 26699917, 26699917, 26699917, 26699917, 26699917, 26641724, 26641724, 26641724, 26641724, 26553020, 26553020, 26553020, 26553020, 26553020, 26349776, 26349776, 26349776, 26349776, 26349776, 26349776, 26349776, 26349776, 55028173, 27685307, 27685307, 27512576, 27512576, 27512576, 27512576, 27278932, 27278932, 27278932, 27278932, 27278932, 27232760, 27232760, 27232760, 27232760, 27232760, 27232760, 27232760, 27232760, 27232760, 27103283, 27103283, 27103283, 27103283, 27103283, 27103283, 27103283, 27103283, 27103283, 27103283, 27061067, 27061067, 27061067, 27061067, 188231245, 26956587, 26956587, 26956587, 26726923, 26726923, 53656594, 25614678, 25614678, 25614678, 25614678, 25614678, 25614678, 25614678, 25614678, 25614678, 25614678, 25614678, 25614678, 25614678, 25614678, 25614678, 25614678, 25614678, 25614678, 25614678, 26235158, 26235158, 26235158, 26235158, 26235158, 26235158, 26235158, 26235158, 26235158]",0,0,0,NPU,0,0,0,0,0,0,1.0,hot,0,0,0,0,1.0,0
0,225,meta-llama/Llama-3.1-8B,160,427,20755716374,149821930666,129066214292,120280439870,120343987637,32790325,"[27512576, 27512576, 27512576, 27512576, 93872727, 27278932, 27278932, 27278932, 27278932, 27278932, 27278932, 27278932, 27278932, 27278932, 27278932, 27278932, 27278932, 27278932, 27232760, 27232760, 314280424, 27685307, 350656902, 52098405, 29498668, 29498668, 29498668, 29498668, 29498668, 208678826, 27279380, 27279380, 27279380, 27279380, 27279380, 27279380, 27279380, 27279380, 27279380, 27279380, 55157883, 28863593, 28863593, 28863593, 28863593, 28863593, 28863593, 28863593, 28863593, 28863593, 28863593, 28863593, 27219992, 27219992, 235565564, 27219992, 27219992, 27219992, 27219992, 27219992, 27219992, 27219992, 27219992, 27219992, 27219992, 27219992, 27219992, 27219992, 27219992, 27219992, 27219992, 27219992, 27219992, 27219992, 27219992, 27219992, 27219992, 27219992, 27219992, 27219992, 27219992, 27219992, 27232760, 27232760, 27232760, 27232760, 27232760, 27232760, 27232760, 27232760, 27232760, 27232760, 27232760, 27232760, 27232760, 27103283, 27059851, 27059851, 27059851, 27059851, 27059851, 27059851, 27059851, 27059851, 27061067, 27061067, 27061067, 26859940, 26859940, 26859940, 26859940, 26859940, 54716617, 28193675, 28193675, 28193675, 28193675, 28193675, 28193675, 28193675, 28193675, 28193675, 28193675, 28272208, 28272208, 28272208, 28272208, 28272208, 28272208, 28272208, 28272208, 28272208, 28272208, 28272208, 28272208, 28272208, 27766321, 27766321, 28107904, 28107904, 28107904, 28107904, 28107904, 28107904, 28114176, 26520888, 26520888, 129031326, 26699917, 26699917, 26699917, 26699917, 26699917, 26699917, 26699917, 26699917, 26699917, 26699917, 26699917, 26699917, 26699917, 26699917, 26699917, 26699917, 26699917, 26699917, 26699917, 26699917, 26699917, 26699917, 26699917, 26699917, 26699917, 26699917, 26699917, 26699917, 26641724, 26641724, 26641724, 26641724, 26553020, 26553020, 26553020, 26553020, 26553020, 26349776, 26349776, 26349776, 26349776, 26349776, 26349776, 26349776, 26349776, 55028173, 27685307, 27685307, 27512576, 27512576, 27512576, 27512576, 27278932, 27278932, 27278932, 27278932, 27278932, 27232760, 27232760, 27232760, 27232760, 27232760, 27232760, 27232760, 27232760, 27232760, 27103283, 27103283, 27103283, 27103283, 27103283, 27103283, 27103283, 27103283, 27103283, 27103283, 27061067, 27061067, 27061067, 27061067, 188231245, 26956587, 26956587, 26956587, 26726923, 26726923, 53656594, 25614678, 25614678, 25614678, 25614678, 25614678, 25614678, 25614678, 25614678, 25614678, 25614678, 25614678, 25614678, 25614678, 25614678, 25614678, 25614678, 25614678, 25614678, 25614678, 26235158, 26235158, 26235158, 26235158, 26235158, 26235158, 26235158, 26235158, 26235158, 54801824, 26759908, 26759908]",0,0,0,NPU,0,0,0,0,0,0,1.0,hot,0,0,0,0,1.0,0
0,230,meta-llama/Llama-3.1-8B,114,391,21647607547,151182950381,129535342834,120065111131,120379391555,33173736,"[27685307, 350656902, 52098405, 29498668, 29498668, 29498668, 29498668, 29498668, 208678826, 27279380, 27279380, 27279380, 27279380, 27279380, 27279380, 27279380, 27279380, 27279380, 27279380, 55157883, 28863593, 28863593, 28863593, 28863593, 28863593, 28863593, 28863593, 28863593, 28863593, 28863593, 28863593, 27219992, 27219992, 235565564, 27219992, 27219992, 27219992, 27219992, 27219992, 27219992, 27219992, 27219992, 27219992, 27219992, 27219992, 27219992, 27219992, 27219992, 27219992, 27219992, 27219992, 27219992, 27219992, 27219992, 27219992, 27219992, 27219992, 27219992, 27219992, 27219992, 27219992, 27232760, 27232760, 27232760, 27232760, 27232760, 27232760, 27232760, 27232760, 27232760, 27232760, 27232760, 27232760, 27232760, 27103283, 27059851, 27059851, 27059851, 27059851, 27059851, 27059851, 27059851, 27059851, 27061067, 27061067, 27061067, 26859940, 26859940, 26859940, 26859940, 26859940, 54716617, 28193675, 28193675, 28193675, 28193675, 28193675, 28193675, 28193675, 28193675, 28193675, 28193675, 28272208, 28272208, 28272208, 28272208, 28272208, 28272208, 28272208, 28272208, 28272208, 28272208, 28272208, 28272208, 28272208, 27766321, 27766321, 28107904, 28107904, 28107904, 28107904, 28107904, 28107904, 28114176, 182073102, 26699917, 26699917, 26699917, 26699917, 26699917, 26699917, 26699917, 26699917, 26699917, 26699917, 26699917, 26699917, 26699917, 26699917, 26699917, 26699917, 26699917, 26699917, 26699917, 26699917, 26699917, 26699917, 26699917, 26699917, 26699917, 26699917, 26699917, 26699917, 26641724, 26641724, 26641724, 26641724, 26553020, 26553020, 26553020, 26553020, 26553020, 26349776, 26349776, 26349776, 26349776, 26349776, 26349776, 26349776, 26349776, 55028173, 27685307, 27685307, 27512576, 27512576, 27512576, 27512576, 27278932, 27278932, 27278932, 27278932, 27278932, 27232760, 27232760, 27232760, 27232760, 27232760, 27232760, 27232760, 27232760, 27232760, 27103283, 27103283, 27103283, 27103283, 27103283, 27103283, 27103283, 27103283, 27103283, 27103283, 27061067, 27061067, 27061067, 27061067, 188231245, 26956587, 26956587, 26956587, 26726923, 26726923, 53656594, 25614678, 25614678, 25614678, 25614678, 25614678, 25614678, 25614678, 25614678, 25614678, 25614678, 25614678, 25614678, 25614678, 25614678, 25614678, 25614678, 25614678, 25614678, 25614678, 26235158, 26235158, 26235158, 26235158, 26235158, 26235158, 26235158, 26235158, 26235158, 54801824, 26759908, 26759908, 187331429, 26956587, 26726923, 26171806, 361022402, 26171806, 26171806, 26171806, 26171806, 26171806, 26171806, 26171806, 26171806, 26171806, 26171806, 26171806, 26171806, 26171806, 26171806, 26171806, 26171806, 26171806, 26171806, 26171806, 26171806, 26171806, 26171806, 26171806, 26171806, 26171806, 26171806, 26171806, 26171806]",0,0,0,NPU,0,0,0,0,0,0,1.0,hot,0,0,0,0,1.0,0
0,205,meta-llama/Llama-3.1-8B,66,457,19361875512,152388407547,133026532035,114174897610,114433790931,47673695,"[196777215, 26726923, 111906868, 1488538536, 26997779, 26535544, 26535544, 320495861, 26956587, 26956587, 26956587, 26956587, 3127412473, 480522732, 27278932, 27278932, 27278932, 27278932, 27278932, 27278932, 27278932, 27278932, 27278932, 27232760, 27232760, 26475376, 919204830, 27278932, 27278932, 63547767, 27512576, 27512576, 27512576, 27512576, 93872727, 27278932, 27278932, 27278932, 27278932, 27278932, 27278932, 27278932, 27278932, 27278932, 27278932, 27278932, 27278932, 27278932, 27232760, 27232760, 314280424, 27685307, 350656902, 52098405, 29498668, 29498668, 29498668, 29498668, 29498668, 25649622, 25739482, 157289722, 27279380, 27279380, 27279380, 27279380, 27279380, 27279380, 27279380, 27279380, 27279380, 27279380, 55157883, 28863593, 28863593, 28863593, 28863593, 28863593, 28863593, 28863593, 28863593, 28863593, 28863593, 28863593, 27219992, 27219992, 235565564, 27219992, 27219992, 27219992, 27219992, 27219992, 27219992, 27219992, 27219992, 27219992, 27219992, 27219992, 27219992, 27219992, 27219992, 27219992, 27219992, 27219992, 27219992, 27219992, 27219992, 27219992, 27219992, 27219992, 27219992, 27219992, 27219992, 27219992, 27232760, 27232760, 27232760, 27232760, 27232760, 27232760, 27232760, 27232760, 27232760, 27232760, 27232760, 27232760, 27232760, 27103283, 27059851, 27059851, 27059851, 27059851, 27059851, 27059851, 27059851, 27059851, 27061067, 27061067, 27061067, 26859940, 26859940, 26859940, 26859940, 26859940, 54716617, 28193675, 28193675, 28193675, 28193675, 28193675, 28193675, 28193675, 28193675, 28193675, 28193675, 28272208, 28272208, 28272208, 28272208, 28272208, 28272208, 28272208, 28272208, 28272208, 28272208, 28272208, 28272208, 28272208, 27766321, 27766321, 28107904, 28107904, 28107904, 28107904, 28107904, 28107904, 28114176, 26520888, 26520888, 24996181, 24996181, 24996181, 54042783, 26699917, 26699917, 26699917, 26699917, 26699917, 26699917, 26699917, 26699917, 26699917, 26699917, 26699917, 26699917, 26699917, 26699917, 26699917, 26699917, 26699917, 26699917, 26699917, 26699917, 26699917, 26699917, 26699917, 26699917, 26699917, 26699917, 26699917, 26699917, 26641724, 26641724, 26641724, 26641724, 26553020, 26553020, 26553020, 26553020, 26553020, 26349776, 26349776, 26349776, 26349776, 26349776, 26349776, 26349776, 26349776, 55028173, 27685307, 27685307, 27512576, 27512576, 27512576, 27512576, 27278932, 27278932, 27278932, 27278932, 27278932, 27232760, 27232760, 27232760, 27232760, 27232760, 27232760, 27232760, 27232760, 27232760, 27103283, 27103283, 27103283, 27103283, 27103283, 27103283, 27103283, 27103283, 27103283, 27103283, 27061067, 27061067, 27061067, 27061067, 188231245, 26956587, 26956587, 26956587, 26726923, 26726923, 53656594, 25614678, 25614678, 25614678, 25614678, 25614678, 25614678, 25614678, 25614678, 25614678, 25614678, 25614678, 25614678, 25614678, 25614678, 25614678, 25614678, 25614678, 25614678, 25614678, 26235158, 26235158, 26235158, 26235158, 26235158, 26235158, 26235158, 26235158, 26235158, 54801824, 26759908, 26759908, 187331429, 26956587, 26726923, 26171806, 25567390, 25567390, 25567390, 25567390, 25567390, 25567390, 25567390, 25567390, 25567390, 25567390, 25567390, 25567390, 54213722, 26171806, 26171806, 26171806, 26171806, 26171806, 26171806, 26171806, 26171806, 26171806, 26171806, 26171806, 26171806, 26171806, 26171806, 26171806, 26171806, 26171806, 26171806, 26171806, 26171806, 26171806, 26171806, 26171806, 26171806, 26171806, 26171806, 26171806, 26171806, 54801824, 26759908, 26759908, 54410566, 26019124, 26019124, 26019124, 26019124, 26019124, 26019124, 26019124, 26019124, 26019124, 26019124, 26019124, 26019124, 26019124, 26019124, 26019124, 26097524, 26097524, 26097524, 26097524, 26097524, 26097524, 26097524, 26097524, 26097524, 26097524, 26097524, 26097524, 26097524, 26097524, 26097524, 26097524, 26097524, 26097524, 26097524, 26097524, 26097524, 26097524, 26097524, 26097524, 26097524]",0,0,0,NPU,0,0,0,0,0,0,1.0,hot,0,0,0,0,1.0,0
0,232,meta-llama/Llama-3.1-8B,20,351,21803466669,152783125069,130979658400,119909252009,120223532433,32594321,"[27685307, 350656902, 52098405, 29498668, 29498668, 29498668, 29498668, 29498668, 208678826, 27279380, 27279380, 27279380, 27279380, 27279380, 27279380, 27279380, 27279380, 27279380, 27279380, 55157883, 28863593, 28863593, 28863593, 28863593, 28863593, 28863593, 28863593, 28863593, 28863593, 28863593, 28863593, 27219992, 27219992, 235565564, 27219992, 27219992, 27219992, 27219992, 27219992, 27219992, 27219992, 27219992, 27219992, 27219992, 27219992, 27219992, 27219992, 27219992, 27219992, 27219992, 27219992, 27219992, 27219992, 27219992, 27219992, 27219992, 27219992, 27219992, 27219992, 27219992, 27219992, 27232760, 27232760, 27232760, 27232760, 27232760, 27232760, 27232760, 27232760, 27232760, 27232760, 27232760, 27232760, 27232760, 27103283, 27059851, 27059851, 27059851, 27059851, 27059851, 27059851, 27059851, 27059851, 27061067, 27061067, 27061067, 26859940, 26859940, 26859940, 26859940, 26859940, 54716617, 28193675, 28193675, 28193675, 28193675, 28193675, 28193675, 28193675, 28193675, 28193675, 28193675, 28272208, 28272208, 28272208, 28272208, 28272208, 28272208, 28272208, 28272208, 28272208, 28272208, 28272208, 28272208, 28272208, 27766321, 27766321, 28107904, 28107904, 28107904, 28107904, 28107904, 28107904, 28114176, 182073102, 26699917, 26699917, 26699917, 26699917, 26699917, 26699917, 26699917, 26699917, 26699917, 26699917, 26699917, 26699917, 26699917, 26699917, 26699917, 26699917, 26699917, 26699917, 26699917, 26699917, 26699917, 26699917, 26699917, 26699917, 26699917, 26699917, 26699917, 26699917, 26641724, 26641724, 26641724, 26641724, 26553020, 26553020, 26553020, 26553020, 26553020, 26349776, 26349776, 26349776, 26349776, 26349776, 26349776, 26349776, 26349776, 55028173, 27685307, 27685307, 27512576, 27512576, 27512576, 27512576, 27278932, 27278932, 27278932, 27278932, 27278932, 27232760, 27232760, 27232760, 27232760, 27232760, 27232760, 27232760, 27232760, 27232760, 27103283, 27103283, 27103283, 27103283, 27103283, 27103283, 27103283, 27103283, 27103283, 27103283, 27061067, 27061067, 27061067, 27061067, 188231245, 26956587, 26956587, 26956587, 26726923, 26726923, 53656594, 25614678, 25614678, 25614678, 25614678, 25614678, 25614678, 25614678, 25614678, 25614678, 25614678, 25614678, 25614678, 25614678, 25614678, 25614678, 25614678, 25614678, 25614678, 25614678, 26235158, 26235158, 26235158, 26235158, 26235158, 26235158, 26235158, 26235158, 26235158, 54801824, 26759908, 26759908, 187331429, 26956587, 26726923, 26171806, 361022402, 26171806, 26171806, 26171806, 26171806, 26171806, 26171806, 26171806, 26171806, 26171806, 26171806, 26171806, 26171806, 26171806, 26171806, 26171806, 26171806, 26171806, 26171806, 26171806, 26171806, 26171806, 26171806, 26171806, 26171806, 26171806, 26171806, 26171806, 26171806, 54801824, 26759908, 26759908, 54410566, 26019124, 26019124, 26019124, 26019124, 26019124, 26019124, 26019124, 26019124, 26019124, 26019124, 26019124, 26019124, 26019124, 26019124, 26019124, 26097524, 26097524, 26097524, 26097524, 26097524, 26097524, 26097524, 26097524, 26097524, 26097524, 26097524, 26097524, 26097524, 26097524, 26097524, 26097524, 26097524, 26097524, 26097524, 26097524, 26097524, 26097524, 26097524, 26097524, 26097524, 55118365, 26445624, 26445624, 26445624, 131157675, 25820922, 25820922, 25820922, 25820922, 25820922]",0,0,0,NPU,0,0,0,0,0,0,1.0,hot,0,0,0,0,1.0,0
0,231,meta-llama/Llama-3.1-8B,14,410,21717451079,154776681923,133059230844,119995267599,120309548023,32277678,"[27685307, 350656902, 52098405, 29498668, 29498668, 29498668, 29498668, 29498668, 208678826, 27279380, 27279380, 27279380, 27279380, 27279380, 27279380, 27279380, 27279380, 27279380, 27279380, 55157883, 28863593, 28863593, 28863593, 28863593, 28863593, 28863593, 28863593, 28863593, 28863593, 28863593, 28863593, 27219992, 27219992, 235565564, 27219992, 27219992, 27219992, 27219992, 27219992, 27219992, 27219992, 27219992, 27219992, 27219992, 27219992, 27219992, 27219992, 27219992, 27219992, 27219992, 27219992, 27219992, 27219992, 27219992, 27219992, 27219992, 27219992, 27219992, 27219992, 27219992, 27219992, 27232760, 27232760, 27232760, 27232760, 27232760, 27232760, 27232760, 27232760, 27232760, 27232760, 27232760, 27232760, 27232760, 27103283, 27059851, 27059851, 27059851, 27059851, 27059851, 27059851, 27059851, 27059851, 27061067, 27061067, 27061067, 26859940, 26859940, 26859940, 26859940, 26859940, 54716617, 28193675, 28193675, 28193675, 28193675, 28193675, 28193675, 28193675, 28193675, 28193675, 28193675, 28272208, 28272208, 28272208, 28272208, 28272208, 28272208, 28272208, 28272208, 28272208, 28272208, 28272208, 28272208, 28272208, 27766321, 27766321, 28107904, 28107904, 28107904, 28107904, 28107904, 28107904, 28114176, 182073102, 26699917, 26699917, 26699917, 26699917, 26699917, 26699917, 26699917, 26699917, 26699917, 26699917, 26699917, 26699917, 26699917, 26699917, 26699917, 26699917, 26699917, 26699917, 26699917, 26699917, 26699917, 26699917, 26699917, 26699917, 26699917, 26699917, 26699917, 26699917, 26641724, 26641724, 26641724, 26641724, 26553020, 26553020, 26553020, 26553020, 26553020, 26349776, 26349776, 26349776, 26349776, 26349776, 26349776, 26349776, 26349776, 55028173, 27685307, 27685307, 27512576, 27512576, 27512576, 27512576, 27278932, 27278932, 27278932, 27278932, 27278932, 27232760, 27232760, 27232760, 27232760, 27232760, 27232760, 27232760, 27232760, 27232760, 27103283, 27103283, 27103283, 27103283, 27103283, 27103283, 27103283, 27103283, 27103283, 27103283, 27061067, 27061067, 27061067, 27061067, 188231245, 26956587, 26956587, 26956587, 26726923, 26726923, 53656594, 25614678, 25614678, 25614678, 25614678, 25614678, 25614678, 25614678, 25614678, 25614678, 25614678, 25614678, 25614678, 25614678, 25614678, 25614678, 25614678, 25614678, 25614678, 25614678, 26235158, 26235158, 26235158, 26235158, 26235158, 26235158, 26235158, 26235158, 26235158, 54801824, 26759908, 26759908, 187331429, 26956587, 26726923, 26171806, 361022402, 26171806, 26171806, 26171806, 26171806, 26171806, 26171806, 26171806, 26171806, 26171806, 26171806, 26171806, 26171806, 26171806, 26171806, 26171806, 26171806, 26171806, 26171806, 26171806, 26171806, 26171806, 26171806, 26171806, 26171806, 26171806, 26171806, 26171806, 26171806, 54801824, 26759908, 26759908, 54410566, 26019124, 26019124, 26019124, 26019124, 26019124, 26019124, 26019124, 26019124, 26019124, 26019124, 26019124, 26019124, 26019124, 26019124, 26019124, 26097524, 26097524, 26097524, 26097524, 26097524, 26097524, 26097524, 26097524, 26097524, 26097524, 26097524, 26097524, 26097524, 26097524, 26097524, 26097524, 26097524, 26097524, 26097524, 26097524, 26097524, 26097524, 26097524, 26097524, 26097524, 55118365, 26445624, 26445624, 26445624, 131157675, 25820922, 25820922, 25820922, 25820922, 25820922, 89885878, 26997779, 264682807, 25916533, 25916533, 25916533, 25916533, 25916533, 25916533, 25916533, 25916533, 25916533, 25916533, 25916533, 25916533, 25916533, 25916533, 25916533, 25916533, 25916533, 25916533, 25916533, 25916533, 25916533, 26042517, 26042517, 26042517, 26042517, 26042517, 26042517, 26042517, 26042517, 26042517, 26042517, 26042517, 26042517, 26042517, 26042517, 26042517, 26042517, 26042517, 26042517, 26042517, 26042517, 26042517, 26042517, 26042517, 26042517, 26042517, 26042517, 26042517, 26042517, 26042517, 26042517, 26042517, 26042517, 26042517, 26042517, 26042517, 26042517, 26042517, 26042517, 26042517, 26042517, 26042517]",0,0,0,NPU,0,0,0,0,0,0,1.0,hot,0,0,0,0,1.0,0
0,227,meta-llama/Llama-3.1-8B,94,520,21166886063,155010409250,133843523187,119869270181,119932817948,32731071,"[27512576, 27512576, 27512576, 27512576, 93872727, 27278932, 27278932, 27278932, 27278932, 27278932, 27278932, 27278932, 27278932, 27278932, 27278932, 27278932, 27278932, 27278932, 27232760, 27232760, 314280424, 27685307, 350656902, 52098405, 29498668, 29498668, 29498668, 29498668, 29498668, 208678826, 27279380, 27279380, 27279380, 27279380, 27279380, 27279380, 27279380, 27279380, 27279380, 27279380, 55157883, 28863593, 28863593, 28863593, 28863593, 28863593, 28863593, 28863593, 28863593, 28863593, 28863593, 28863593, 27219992, 27219992, 235565564, 27219992, 27219992, 27219992, 27219992, 27219992, 27219992, 27219992, 27219992, 27219992, 27219992, 27219992, 27219992, 27219992, 27219992, 27219992, 27219992, 27219992, 27219992, 27219992, 27219992, 27219992, 27219992, 27219992, 27219992, 27219992, 27219992, 27219992, 27232760, 27232760, 27232760, 27232760, 27232760, 27232760, 27232760, 27232760, 27232760, 27232760, 27232760, 27232760, 27232760, 27103283, 27059851, 27059851, 27059851, 27059851, 27059851, 27059851, 27059851, 27059851, 27061067, 27061067, 27061067, 26859940, 26859940, 26859940, 26859940, 26859940, 54716617, 28193675, 28193675, 28193675, 28193675, 28193675, 28193675, 28193675, 28193675, 28193675, 28193675, 28272208, 28272208, 28272208, 28272208, 28272208, 28272208, 28272208, 28272208, 28272208, 28272208, 28272208, 28272208, 28272208, 27766321, 27766321, 28107904, 28107904, 28107904, 28107904, 28107904, 28107904, 28114176, 182073102, 26699917, 26699917, 26699917, 26699917, 26699917, 26699917, 26699917, 26699917, 26699917, 26699917, 26699917, 26699917, 26699917, 26699917, 26699917, 26699917, 26699917, 26699917, 26699917, 26699917, 26699917, 26699917, 26699917, 26699917, 26699917, 26699917, 26699917, 26699917, 26641724, 26641724, 26641724, 26641724, 26553020, 26553020, 26553020, 26553020, 26553020, 26349776, 26349776, 26349776, 26349776, 26349776, 26349776, 26349776, 26349776, 55028173, 27685307, 27685307, 27512576, 27512576, 27512576, 27512576, 27278932, 27278932, 27278932, 27278932, 27278932, 27232760, 27232760, 27232760, 27232760, 27232760, 27232760, 27232760, 27232760, 27232760, 27103283, 27103283, 27103283, 27103283, 27103283, 27103283, 27103283, 27103283, 27103283, 27103283, 27061067, 27061067, 27061067, 27061067, 188231245, 26956587, 26956587, 26956587, 26726923, 26726923, 53656594, 25614678, 25614678, 25614678, 25614678, 25614678, 25614678, 25614678, 25614678, 25614678, 25614678, 25614678, 25614678, 25614678, 25614678, 25614678, 25614678, 25614678, 25614678, 25614678, 26235158, 26235158, 26235158, 26235158, 26235158, 26235158, 26235158, 26235158, 26235158, 54801824, 26759908, 26759908, 187331429, 26956587, 26726923, 26171806, 361022402, 26171806, 26171806, 26171806, 26171806, 26171806, 26171806, 26171806, 26171806, 26171806, 26171806, 26171806, 26171806, 26171806, 26171806, 26171806, 26171806, 26171806, 26171806, 26171806, 26171806, 26171806, 26171806, 26171806, 26171806, 26171806, 26171806, 26171806, 26171806, 54801824, 26759908, 26759908, 54410566, 26019124, 26019124, 26019124, 26019124, 26019124, 26019124, 26019124, 26019124, 26019124, 26019124, 26019124, 26019124, 26019124, 26019124, 26019124, 26097524, 26097524, 26097524, 26097524, 26097524, 26097524, 26097524, 26097524, 26097524, 26097524, 26097524, 26097524, 26097524, 26097524, 26097524, 26097524, 26097524, 26097524, 26097524, 26097524, 26097524, 26097524, 26097524, 26097524, 26097524, 55118365, 26445624, 26445624, 26445624, 131157675, 25820922, 25820922, 25820922, 25820922, 25820922, 89885878, 26997779, 264682807, 25916533, 25916533, 25916533, 25916533, 25916533, 25916533, 25916533, 25916533, 25916533, 25916533, 25916533, 25916533, 25916533, 25916533, 25916533, 25916533, 25916533, 25916533, 25916533, 25916533, 25916533, 26042517, 26042517, 26042517, 26042517, 26042517, 26042517, 26042517, 26042517, 26042517, 26042517, 26042517, 26042517, 26042517, 26042517, 26042517, 26042517, 26042517, 26042517, 26042517, 26042517, 26042517, 26042517, 26042517, 26042517, 26042517, 26042517, 26042517, 26042517, 26042517, 26042517, 26042517, 26042517, 26042517, 26042517, 26042517, 26042517, 26042517, 26042517, 26042517, 26042517, 26042517, 25969703, 25969703, 25969703, 25969703, 25969703, 25969703, 25969703, 25969703, 25969703]",0,0,0,NPU,0,0,0,0,0,0,1.0,hot,0,0,0,0,1.0,0
0,219,meta-llama/Llama-3.1-8B,10,464,20450067246,155358193784,134908126538,119224389100,119285875020,34486206,"[27278932, 27278932, 27278932, 27278932, 27278932, 27278932, 27278932, 27278932, 27278932, 27232760, 27232760, 945680206, 27278932, 27278932, 63547767, 27512576, 27512576, 27512576, 27512576, 93872727, 27278932, 27278932, 27278932, 27278932, 27278932, 27278932, 27278932, 27278932, 27278932, 27278932, 27278932, 27278932, 27278932, 27232760, 27232760, 314280424, 27685307, 350656902, 52098405, 29498668, 29498668, 29498668, 29498668, 29498668, 208678826, 27279380, 27279380, 27279380, 27279380, 27279380, 27279380, 27279380, 27279380, 27279380, 27279380, 55157883, 28863593, 28863593, 28863593, 28863593, 28863593, 28863593, 28863593, 28863593, 28863593, 28863593, 28863593, 27219992, 27219992, 235565564, 27219992, 27219992, 27219992, 27219992, 27219992, 27219992, 27219992, 27219992, 27219992, 27219992, 27219992, 27219992, 27219992, 27219992, 27219992, 27219992, 27219992, 27219992, 27219992, 27219992, 27219992, 27219992, 27219992, 27219992, 27219992, 27219992, 27219992, 27232760, 27232760, 27232760, 27232760, 27232760, 27232760, 27232760, 27232760, 27232760, 27232760, 27232760, 27232760, 27232760, 27103283, 27059851, 27059851, 27059851, 27059851, 27059851, 27059851, 27059851, 27059851, 27061067, 27061067, 27061067, 26859940, 26859940, 26859940, 26859940, 26859940, 54716617, 28193675, 28193675, 28193675, 28193675, 28193675, 28193675, 28193675, 28193675, 28193675, 28193675, 28272208, 28272208, 28272208, 28272208, 28272208, 28272208, 28272208, 28272208, 28272208, 28272208, 28272208, 28272208, 28272208, 27766321, 27766321, 28107904, 28107904, 28107904, 28107904, 28107904, 28107904, 28114176, 26520888, 26520888, 129031326, 26699917, 26699917, 26699917, 26699917, 26699917, 26699917, 26699917, 26699917, 26699917, 26699917, 26699917, 26699917, 26699917, 26699917, 26699917, 26699917, 26699917, 26699917, 26699917, 26699917, 26699917, 26699917, 26699917, 26699917, 26699917, 26699917, 26699917, 26699917, 26641724, 26641724, 26641724, 26641724, 26553020, 26553020, 26553020, 26553020, 26553020, 26349776, 26349776, 26349776, 26349776, 26349776, 26349776, 26349776, 26349776, 55028173, 27685307, 27685307, 27512576, 27512576, 27512576, 27512576, 27278932, 27278932, 27278932, 27278932, 27278932, 27232760, 27232760, 27232760, 27232760, 27232760, 27232760, 27232760, 27232760, 27232760, 27103283, 27103283, 27103283, 27103283, 27103283, 27103283, 27103283, 27103283, 27103283, 27103283, 27061067, 27061067, 27061067, 27061067, 188231245, 26956587, 26956587, 26956587, 26726923, 26726923, 53656594, 25614678, 25614678, 25614678, 25614678, 25614678, 25614678, 25614678, 25614678, 25614678, 25614678, 25614678, 25614678, 25614678, 25614678, 25614678, 25614678, 25614678, 25614678, 25614678, 26235158, 26235158, 26235158, 26235158, 26235158, 26235158, 26235158, 26235158, 26235158, 54801824, 26759908, 26759908, 187331429, 26956587, 26726923, 26171806, 361022402, 26171806, 26171806, 26171806, 26171806, 26171806, 26171806, 26171806, 26171806, 26171806, 26171806, 26171806, 26171806, 26171806, 26171806, 26171806, 26171806, 26171806, 26171806, 26171806, 26171806, 26171806, 26171806, 26171806, 26171806, 26171806, 26171806, 26171806, 26171806, 54801824, 26759908, 26759908, 54410566, 26019124, 26019124, 26019124, 26019124, 26019124, 26019124, 26019124, 26019124, 26019124, 26019124, 26019124, 26019124, 26019124, 26019124, 26019124, 26097524, 26097524, 26097524, 26097524, 26097524, 26097524, 26097524, 26097524, 26097524, 26097524, 26097524, 26097524, 26097524, 26097524, 26097524, 26097524, 26097524, 26097524, 26097524, 26097524, 26097524, 26097524, 26097524, 26097524, 26097524, 55118365, 26445624, 26445624, 26445624, 131157675, 25820922, 25820922, 25820922, 25820922, 25820922, 89885878, 26997779, 25859550, 238823257, 25916533, 25916533, 25916533, 25916533, 25916533, 25916533, 25916533, 25916533, 25916533, 25916533, 25916533, 25916533, 25916533, 25916533, 25916533, 25916533, 25916533, 25916533, 25916533, 25916533, 25916533, 26042517, 26042517, 26042517, 26042517, 26042517, 26042517, 26042517, 26042517, 26042517, 26042517, 26042517, 26042517, 26042517, 26042517, 26042517, 26042517, 26042517, 26042517, 26042517, 26042517, 26042517, 26042517, 26042517, 26042517, 26042517, 26042517, 26042517, 26042517, 26042517, 26042517, 26042517, 26042517, 26042517, 26042517, 26042517, 26042517, 26042517, 26042517, 26042517, 26042517, 26042517, 25969703, 25969703, 25969703, 25969703, 25969703, 25969703, 25969703, 25969703, 25969703, 84070056, 27773145, 25853850, 25853850, 26049543, 26049543, 26049543, 25897854, 54289296, 25897854]",0,0,0,NPU,0,0,0,0,0,0,1.0,hot,0,0,0,0,1.0,0
0,244,meta-llama/Llama-3.1-8B,38,156,23063805313,155774179524,132710374211,119341535998,119393634403,113818288,"[29498668, 29498668, 29498668, 29498668, 29498668, 536630509, 28863593, 28863593, 28863593, 28863593, 28863593, 28863593, 28863593, 28863593, 28863593, 28863593, 28863593, 1892752821, 28193675, 28193675, 28193675, 28193675, 28193675, 28193675, 28193675, 28193675, 28193675, 28193675, 28272208, 28272208, 28272208, 28272208, 28272208, 28272208, 28272208, 28272208, 28272208, 28272208, 28272208, 28272208, 28272208, 83640546, 28107904, 28107904, 28107904, 28107904, 28107904, 28114176, 1434829155, 27685307, 27685307, 27512576, 27512576, 27512576, 27512576, 27278932, 27278932, 27278932, 27278932, 27278932, 27232760, 27232760, 27232760, 27232760, 27232760, 27232760, 27232760, 27232760, 27232760, 27103283, 27103283, 27103283, 27103283, 27103283, 27103283, 27103283, 27103283, 27103283, 27103283, 27061067, 27061067, 27061067, 27061067, 188231245, 26956587, 26956587, 26956587, 26726923, 26726923, 831253722, 26759908, 26759908, 187331429, 26956587, 26726923, 1174806600, 26759908, 26759908, 1152253891, 429485035, 26997779, 2194470580, 27773145, 292018082, 27685307, 27685307, 27685307, 27685307, 27685307, 27685307, 27685307, 27685307, 27685307, 27685307, 27685307, 27685307, 27685307]",0,0,0,NPU,0,0,0,0,0,0,1.0,hot,0,0,0,0,1.0,0
0,217,meta-llama/Llama-3.1-8B,71,588,20155994258,157348117913,137192123655,119002758946,119099425276,35063368,"[480522732, 27278932, 27278932, 27278932, 27278932, 27278932, 27278932, 27278932, 27278932, 27278932, 27232760, 27232760, 945680206, 27278932, 27278932, 63547767, 27512576, 27512576, 27512576, 27512576, 93872727, 27278932, 27278932, 27278932, 27278932, 27278932, 27278932, 27278932, 27278932, 27278932, 27278932, 27278932, 27278932, 27278932, 27232760, 27232760, 314280424, 27685307, 350656902, 52098405, 29498668, 29498668, 29498668, 29498668, 29498668, 208678826, 27279380, 27279380, 27279380, 27279380, 27279380, 27279380, 27279380, 27279380, 27279380, 27279380, 55157883, 28863593, 28863593, 28863593, 28863593, 28863593, 28863593, 28863593, 28863593, 28863593, 28863593, 28863593, 27219992, 27219992, 235565564, 27219992, 27219992, 27219992, 27219992, 27219992, 27219992, 27219992, 27219992, 27219992, 27219992, 27219992, 27219992, 27219992, 27219992, 27219992, 27219992, 27219992, 27219992, 27219992, 27219992, 27219992, 27219992, 27219992, 27219992, 27219992, 27219992, 27219992, 27232760, 27232760, 27232760, 27232760, 27232760, 27232760, 27232760, 27232760, 27232760, 27232760, 27232760, 27232760, 27232760, 27103283, 27059851, 27059851, 27059851, 27059851, 27059851, 27059851, 27059851, 27059851, 27061067, 27061067, 27061067, 26859940, 26859940, 26859940, 26859940, 26859940, 54716617, 28193675, 28193675, 28193675, 28193675, 28193675, 28193675, 28193675, 28193675, 28193675, 28193675, 28272208, 28272208, 28272208, 28272208, 28272208, 28272208, 28272208, 28272208, 28272208, 28272208, 28272208, 28272208, 28272208, 27766321, 27766321, 28107904, 28107904, 28107904, 28107904, 28107904, 28107904, 28114176, 26520888, 26520888, 129031326, 26699917, 26699917, 26699917, 26699917, 26699917, 26699917, 26699917, 26699917, 26699917, 26699917, 26699917, 26699917, 26699917, 26699917, 26699917, 26699917, 26699917, 26699917, 26699917, 26699917, 26699917, 26699917, 26699917, 26699917, 26699917, 26699917, 26699917, 26699917, 26641724, 26641724, 26641724, 26641724, 26553020, 26553020, 26553020, 26553020, 26553020, 26349776, 26349776, 26349776, 26349776, 26349776, 26349776, 26349776, 26349776, 55028173, 27685307, 27685307, 27512576, 27512576, 27512576, 27512576, 27278932, 27278932, 27278932, 27278932, 27278932, 27232760, 27232760, 27232760, 27232760, 27232760, 27232760, 27232760, 27232760, 27232760, 27103283, 27103283, 27103283, 27103283, 27103283, 27103283, 27103283, 27103283, 27103283, 27103283, 27061067, 27061067, 27061067, 27061067, 188231245, 26956587, 26956587, 26956587, 26726923, 26726923, 53656594, 25614678, 25614678, 25614678, 25614678, 25614678, 25614678, 25614678, 25614678, 25614678, 25614678, 25614678, 25614678, 25614678, 25614678, 25614678, 25614678, 25614678, 25614678, 25614678, 26235158, 26235158, 26235158, 26235158, 26235158, 26235158, 26235158, 26235158, 26235158, 54801824, 26759908, 26759908, 187331429, 26956587, 26726923, 26171806, 361022402, 26171806, 26171806, 26171806, 26171806, 26171806, 26171806, 26171806, 26171806, 26171806, 26171806, 26171806, 26171806, 26171806, 26171806, 26171806, 26171806, 26171806, 26171806, 26171806, 26171806, 26171806, 26171806, 26171806, 26171806, 26171806, 26171806, 26171806, 26171806, 54801824, 26759908, 26759908, 54410566, 26019124, 26019124, 26019124, 26019124, 26019124, 26019124, 26019124, 26019124, 26019124, 26019124, 26019124, 26019124, 26019124, 26019124, 26019124, 26097524, 26097524, 26097524, 26097524, 26097524, 26097524, 26097524, 26097524, 26097524, 26097524, 26097524, 26097524, 26097524, 26097524, 26097524, 26097524, 26097524, 26097524, 26097524, 26097524, 26097524, 26097524, 26097524, 26097524, 26097524, 55118365, 26445624, 26445624, 26445624, 131157675, 25820922, 25820922, 25820922, 25820922, 25820922, 89885878, 26997779, 25859550, 238823257, 25916533, 25916533, 25916533, 25916533, 25916533, 25916533, 25916533, 25916533, 25916533, 25916533, 25916533, 25916533, 25916533, 25916533, 25916533, 25916533, 25916533, 25916533, 25916533, 25916533, 25916533, 26042517, 26042517, 26042517, 26042517, 26042517, 26042517, 26042517, 26042517, 26042517, 26042517, 26042517, 26042517, 26042517, 26042517, 26042517, 26042517, 26042517, 26042517, 26042517, 26042517, 26042517, 26042517, 26042517, 26042517, 26042517, 26042517, 26042517, 26042517, 26042517, 26042517, 26042517, 26042517, 26042517, 26042517, 26042517, 26042517, 26042517, 26042517, 26042517, 26042517, 26042517, 25969703, 25969703, 25969703, 25969703, 25969703, 25969703, 25969703, 25969703, 25969703, 84070056, 27773145, 25853850, 25853850, 26049543, 26049543, 26049543, 25897854, 54289296, 25897854, 56076749, 27685307, 27685307, 27685307, 27685307, 27685307, 27685307, 27685307, 27685307, 27685307, 27685307, 27685307, 27685307, 27685307, 27512576, 27512576, 27512576, 26695203, 365620203, 25491349, 25491349, 25491349, 25491349, 25491349, 25491349, 25491349, 25491349, 25491349, 25491349, 25491349, 25491349, 25491349, 25491349, 25491349, 25491349, 25491349, 25491349, 25491349, 25491349, 25619925, 25619925, 25619925, 25619925, 25619925, 25619925, 25619925, 25619925, 25619925, 25619925, 25619925, 25619925, 25619925, 25619925, 25619925, 25619925, 25619925, 25619925, 25619925, 25619925, 25619925, 25619925, 25619925]",0,0,0,NPU,0,0,0,0,0,0,1.0,hot,0,0,0,0,1.0,0
0,240,meta-llama/Llama-3.1-8B,305,442,22461911614,157622718793,135160807179,119592772795,119943429697,111892481,"[52098405, 29498668, 29498668, 29498668, 29498668, 29498668, 536630509, 28863593, 28863593, 28863593, 28863593, 28863593, 28863593, 28863593, 28863593, 28863593, 28863593, 28863593, 1892752821, 28193675, 28193675, 28193675, 28193675, 28193675, 28193675, 28193675, 28193675, 28193675, 28193675, 28272208, 28272208, 28272208, 28272208, 28272208, 28272208, 28272208, 28272208, 28272208, 28272208, 28272208, 28272208, 28272208, 27766321, 27766321, 28107904, 28107904, 28107904, 28107904, 28107904, 28107904, 28114176, 1434829155, 27685307, 27685307, 27512576, 27512576, 27512576, 27512576, 27278932, 27278932, 27278932, 27278932, 27278932, 27232760, 27232760, 27232760, 27232760, 27232760, 27232760, 27232760, 27232760, 27232760, 27103283, 27103283, 27103283, 27103283, 27103283, 27103283, 27103283, 27103283, 27103283, 27103283, 27061067, 27061067, 27061067, 27061067, 188231245, 26956587, 26956587, 26956587, 26726923, 26726923, 831253722, 26759908, 26759908, 187331429, 26956587, 26726923, 1174806600, 26759908, 26759908, 1152253891, 26445624, 26445624, 26445624, 350148163, 26997779, 2194470580, 27773145, 292018082, 27685307, 27685307, 27685307, 27685307, 27685307, 27685307, 27685307, 27685307, 27685307, 27685307, 27685307, 27685307, 27685307, 27512576, 27512576, 27512576, 26695203, 1521074882, 27278932, 27278932, 27278932, 27278932, 27278932, 27278932, 27278932, 27278932]",0,0,0,NPU,0,0,0,0,0,0,1.0,hot,0,0,0,0,1.0,0
0,213,meta-llama/Llama-3.1-8B,91,748,19827770910,160860922144,141033151234,114191399671,114303306539,40746714,"[1488538536, 26997779, 373566949, 26956587, 26956587, 26956587, 26956587, 3127412473, 480522732, 27278932, 27278932, 27278932, 27278932, 27278932, 27278932, 27278932, 27278932, 27278932, 27232760, 27232760, 945680206, 27278932, 27278932, 63547767, 27512576, 27512576, 27512576, 27512576, 93872727, 27278932, 27278932, 27278932, 27278932, 27278932, 27278932, 27278932, 27278932, 27278932, 27278932, 27278932, 27278932, 27278932, 27232760, 27232760, 314280424, 27685307, 350656902, 52098405, 29498668, 29498668, 29498668, 29498668, 29498668, 25649622, 183029204, 27279380, 27279380, 27279380, 27279380, 27279380, 27279380, 27279380, 27279380, 27279380, 27279380, 55157883, 28863593, 28863593, 28863593, 28863593, 28863593, 28863593, 28863593, 28863593, 28863593, 28863593, 28863593, 27219992, 27219992, 235565564, 27219992, 27219992, 27219992, 27219992, 27219992, 27219992, 27219992, 27219992, 27219992, 27219992, 27219992, 27219992, 27219992, 27219992, 27219992, 27219992, 27219992, 27219992, 27219992, 27219992, 27219992, 27219992, 27219992, 27219992, 27219992, 27219992, 27219992, 27232760, 27232760, 27232760, 27232760, 27232760, 27232760, 27232760, 27232760, 27232760, 27232760, 27232760, 27232760, 27232760, 27103283, 27059851, 27059851, 27059851, 27059851, 27059851, 27059851, 27059851, 27059851, 27061067, 27061067, 27061067, 26859940, 26859940, 26859940, 26859940, 26859940, 54716617, 28193675, 28193675, 28193675, 28193675, 28193675, 28193675, 28193675, 28193675, 28193675, 28193675, 28272208, 28272208, 28272208, 28272208, 28272208, 28272208, 28272208, 28272208, 28272208, 28272208, 28272208, 28272208, 28272208, 27766321, 27766321, 28107904, 28107904, 28107904, 28107904, 28107904, 28107904, 28114176, 26520888, 26520888, 129031326, 26699917, 26699917, 26699917, 26699917, 26699917, 26699917, 26699917, 26699917, 26699917, 26699917, 26699917, 26699917, 26699917, 26699917, 26699917, 26699917, 26699917, 26699917, 26699917, 26699917, 26699917, 26699917, 26699917, 26699917, 26699917, 26699917, 26699917, 26699917, 26641724, 26641724, 26641724, 26641724, 26553020, 26553020, 26553020, 26553020, 26553020, 26349776, 26349776, 26349776, 26349776, 26349776, 26349776, 26349776, 26349776, 55028173, 27685307, 27685307, 27512576, 27512576, 27512576, 27512576, 27278932, 27278932, 27278932, 27278932, 27278932, 27232760, 27232760, 27232760, 27232760, 27232760, 27232760, 27232760, 27232760, 27232760, 27103283, 27103283, 27103283, 27103283, 27103283, 27103283, 27103283, 27103283, 27103283, 27103283, 27061067, 27061067, 27061067, 27061067, 188231245, 26956587, 26956587, 26956587, 26726923, 26726923, 53656594, 25614678, 25614678, 25614678, 25614678, 25614678, 25614678, 25614678, 25614678, 25614678, 25614678, 25614678, 25614678, 25614678, 25614678, 25614678, 25614678, 25614678, 25614678, 25614678, 26235158, 26235158, 26235158, 26235158, 26235158, 26235158, 26235158, 26235158, 26235158, 54801824, 26759908, 26759908, 187331429, 26956587, 26726923, 26171806, 361022402, 26171806, 26171806, 26171806, 26171806, 26171806, 26171806, 26171806, 26171806, 26171806, 26171806, 26171806, 26171806, 26171806, 26171806, 26171806, 26171806, 26171806, 26171806, 26171806, 26171806, 26171806, 26171806, 26171806, 26171806, 26171806, 26171806, 26171806, 26171806, 54801824, 26759908, 26759908, 54410566, 26019124, 26019124, 26019124, 26019124, 26019124, 26019124, 26019124, 26019124, 26019124, 26019124, 26019124, 26019124, 26019124, 26019124, 26019124, 26097524, 26097524, 26097524, 26097524, 26097524, 26097524, 26097524, 26097524, 26097524, 26097524, 26097524, 26097524, 26097524, 26097524, 26097524, 26097524, 26097524, 26097524, 26097524, 26097524, 26097524, 26097524, 26097524, 26097524, 26097524, 55118365, 26445624, 26445624, 26445624, 131157675, 25820922, 25820922, 25820922, 25820922, 25820922, 89885878, 26997779, 25859550, 238823257, 25916533, 25916533, 25916533, 25916533, 25916533, 25916533, 25916533, 25916533, 25916533, 25916533, 25916533, 25916533, 25916533, 25916533, 25916533, 25916533, 25916533, 25916533, 25916533, 25916533, 25916533, 26042517, 26042517, 26042517, 26042517, 26042517, 26042517, 26042517, 26042517, 26042517, 26042517, 26042517, 26042517, 26042517, 26042517, 26042517, 26042517, 26042517, 26042517, 26042517, 26042517, 26042517, 26042517, 26042517, 26042517, 26042517, 26042517, 26042517, 26042517, 26042517, 26042517, 26042517, 26042517, 26042517, 26042517, 26042517, 26042517, 26042517, 26042517, 26042517, 26042517, 26042517, 25969703, 25969703, 25969703, 25969703, 25969703, 25969703, 25969703, 25969703, 25969703, 84070056, 27773145, 25853850, 25853850, 26049543, 26049543, 26049543, 25897854, 54289296, 25897854, 56076749, 27685307, 27685307, 27685307, 27685307, 27685307, 27685307, 27685307, 27685307, 27685307, 27685307, 27685307, 27685307, 27685307, 27512576, 27512576, 27512576, 26695203, 25892415, 25892415, 25892415, 287942958, 25491349, 25491349, 25491349, 25491349, 25491349, 25491349, 25491349, 25491349, 25491349, 25491349, 25491349, 25491349, 25491349, 25491349, 25491349, 25491349, 25491349, 25491349, 25491349, 25491349, 25619925, 25619925, 25619925, 25619925, 25619925, 25619925, 25619925, 25619925, 25619925, 25619925, 25619925, 25619925, 25619925, 25619925, 25619925, 25619925, 25619925, 25619925, 25619925, 25619925, 25619925, 25619925, 25619925, 56369424, 27278932, 27278932, 27278932, 27278932, 27278932, 27278932, 27278932, 27278932, 115350397, 26125428, 26125428, 26125428, 26125428, 26032767, 26032767, 26032767, 26032767, 26032767, 26032767, 55123259, 26032767, 26032767, 26032767, 26032767, 26032767, 26032767, 26032767, 26032767, 26032767, 26032767, 26032767, 26032767, 26032767, 26032767, 26032767, 26032767, 26032767, 26253855, 26253855, 26253855, 26253855, 26253855, 26253855, 26253855, 26253855, 26253855, 26253855, 26253855, 26253855, 26253855, 26253855, 26253855, 26253855, 26253855, 26253855, 26253855, 26253855, 26253855, 26253855, 26253855, 26253855, 26253855, 26253855, 26253855, 26253855, 26253855, 26253855, 26253855, 26253855, 26253855, 26253855, 26253855, 26253855, 26253855, 26253855, 26253855, 26253855, 26253855, 26253855, 26253855, 26253855, 26253855, 26253855, 26253855, 26253855, 26253855, 26253855, 26253855, 26253855, 26253855, 26253855, 26253855, 26253855, 26253855, 26253855, 26253855, 26253855, 26253855, 26253855, 26253855, 26253855, 26316447, 26316447, 26316447, 26316447, 26316447, 26316447, 26316447, 26316447, 26316447, 26316447, 26316447, 26316447, 26316447, 26316447, 26316447, 26316447, 26316447, 26316447, 26316447, 26316447, 26316447, 26316447, 26316447, 26316447, 26316447, 26316447]",0,0,0,NPU,0,0,0,0,0,0,1.0,hot,0,0,0,0,1.0,0
0,257,meta-llama/Llama-3.1-8B,63,95,25052699487,160977811544,135925112057,129957709763,130041779819,189784910,"[27773145, 292018082, 27685307, 27685307, 27685307, 27685307, 27685307, 27685307, 27685307, 27685307, 27685307, 27685307, 27685307, 27685307, 27685307, 27512576, 27512576, 27512576, 1547770085, 27278932, 27278932, 27278932, 27278932, 27278932, 27278932, 27278932, 27278932, 115350397, 3184371740, 27685307, 27685307]",0,0,0,NPU,0,0,0,0,0,0,1.0,hot,0,0,0,0,1.0,0
0,212,meta-llama/Llama-3.1-8B,46,778,19802375924,162614584297,142812208373,114216794657,114328701525,38965125,"[1488538536, 26997779, 373566949, 26956587, 26956587, 26956587, 26956587, 3127412473, 480522732, 27278932, 27278932, 27278932, 27278932, 27278932, 27278932, 27278932, 27278932, 27278932, 27232760, 27232760, 945680206, 27278932, 27278932, 63547767, 27512576, 27512576, 27512576, 27512576, 93872727, 27278932, 27278932, 27278932, 27278932, 27278932, 27278932, 27278932, 27278932, 27278932, 27278932, 27278932, 27278932, 27278932, 27232760, 27232760, 314280424, 27685307, 350656902, 52098405, 29498668, 29498668, 29498668, 29498668, 29498668, 25649622, 183029204, 27279380, 27279380, 27279380, 27279380, 27279380, 27279380, 27279380, 27279380, 27279380, 27279380, 55157883, 28863593, 28863593, 28863593, 28863593, 28863593, 28863593, 28863593, 28863593, 28863593, 28863593, 28863593, 27219992, 27219992, 235565564, 27219992, 27219992, 27219992, 27219992, 27219992, 27219992, 27219992, 27219992, 27219992, 27219992, 27219992, 27219992, 27219992, 27219992, 27219992, 27219992, 27219992, 27219992, 27219992, 27219992, 27219992, 27219992, 27219992, 27219992, 27219992, 27219992, 27219992, 27232760, 27232760, 27232760, 27232760, 27232760, 27232760, 27232760, 27232760, 27232760, 27232760, 27232760, 27232760, 27232760, 27103283, 27059851, 27059851, 27059851, 27059851, 27059851, 27059851, 27059851, 27059851, 27061067, 27061067, 27061067, 26859940, 26859940, 26859940, 26859940, 26859940, 54716617, 28193675, 28193675, 28193675, 28193675, 28193675, 28193675, 28193675, 28193675, 28193675, 28193675, 28272208, 28272208, 28272208, 28272208, 28272208, 28272208, 28272208, 28272208, 28272208, 28272208, 28272208, 28272208, 28272208, 27766321, 27766321, 28107904, 28107904, 28107904, 28107904, 28107904, 28107904, 28114176, 26520888, 26520888, 129031326, 26699917, 26699917, 26699917, 26699917, 26699917, 26699917, 26699917, 26699917, 26699917, 26699917, 26699917, 26699917, 26699917, 26699917, 26699917, 26699917, 26699917, 26699917, 26699917, 26699917, 26699917, 26699917, 26699917, 26699917, 26699917, 26699917, 26699917, 26699917, 26641724, 26641724, 26641724, 26641724, 26553020, 26553020, 26553020, 26553020, 26553020, 26349776, 26349776, 26349776, 26349776, 26349776, 26349776, 26349776, 26349776, 55028173, 27685307, 27685307, 27512576, 27512576, 27512576, 27512576, 27278932, 27278932, 27278932, 27278932, 27278932, 27232760, 27232760, 27232760, 27232760, 27232760, 27232760, 27232760, 27232760, 27232760, 27103283, 27103283, 27103283, 27103283, 27103283, 27103283, 27103283, 27103283, 27103283, 27103283, 27061067, 27061067, 27061067, 27061067, 188231245, 26956587, 26956587, 26956587, 26726923, 26726923, 53656594, 25614678, 25614678, 25614678, 25614678, 25614678, 25614678, 25614678, 25614678, 25614678, 25614678, 25614678, 25614678, 25614678, 25614678, 25614678, 25614678, 25614678, 25614678, 25614678, 26235158, 26235158, 26235158, 26235158, 26235158, 26235158, 26235158, 26235158, 26235158, 54801824, 26759908, 26759908, 187331429, 26956587, 26726923, 26171806, 361022402, 26171806, 26171806, 26171806, 26171806, 26171806, 26171806, 26171806, 26171806, 26171806, 26171806, 26171806, 26171806, 26171806, 26171806, 26171806, 26171806, 26171806, 26171806, 26171806, 26171806, 26171806, 26171806, 26171806, 26171806, 26171806, 26171806, 26171806, 26171806, 54801824, 26759908, 26759908, 54410566, 26019124, 26019124, 26019124, 26019124, 26019124, 26019124, 26019124, 26019124, 26019124, 26019124, 26019124, 26019124, 26019124, 26019124, 26019124, 26097524, 26097524, 26097524, 26097524, 26097524, 26097524, 26097524, 26097524, 26097524, 26097524, 26097524, 26097524, 26097524, 26097524, 26097524, 26097524, 26097524, 26097524, 26097524, 26097524, 26097524, 26097524, 26097524, 26097524, 26097524, 55118365, 26445624, 26445624, 26445624, 25648437, 25648437, 25648437, 54212364, 25820922, 25820922, 25820922, 25820922, 25820922, 89885878, 26997779, 25859550, 238823257, 25916533, 25916533, 25916533, 25916533, 25916533, 25916533, 25916533, 25916533, 25916533, 25916533, 25916533, 25916533, 25916533, 25916533, 25916533, 25916533, 25916533, 25916533, 25916533, 25916533, 25916533, 26042517, 26042517, 26042517, 26042517, 26042517, 26042517, 26042517, 26042517, 26042517, 26042517, 26042517, 26042517, 26042517, 26042517, 26042517, 26042517, 26042517, 26042517, 26042517, 26042517, 26042517, 26042517, 26042517, 26042517, 26042517, 26042517, 26042517, 26042517, 26042517, 26042517, 26042517, 26042517, 26042517, 26042517, 26042517, 26042517, 26042517, 26042517, 26042517, 26042517, 26042517, 25969703, 25969703, 25969703, 25969703, 25969703, 25969703, 25969703, 25969703, 25969703, 84070056, 27773145, 25853850, 25853850, 26049543, 26049543, 26049543, 25897854, 54289296, 25897854, 56076749, 27685307, 27685307, 27685307, 27685307, 27685307, 27685307, 27685307, 27685307, 27685307, 27685307, 27685307, 27685307, 27685307, 27512576, 27512576, 27512576, 26695203, 25892415, 25892415, 25892415, 25929013, 25929013, 25929013, 25929013, 25929013, 25929013, 25929013, 25929013, 25929013, 54581841, 25491349, 25491349, 25491349, 25491349, 25491349, 25491349, 25491349, 25491349, 25491349, 25491349, 25491349, 25491349, 25491349, 25491349, 25491349, 25491349, 25491349, 25491349, 25491349, 25491349, 25619925, 25619925, 25619925, 25619925, 25619925, 25619925, 25619925, 25619925, 25619925, 25619925, 25619925, 25619925, 25619925, 25619925, 25619925, 25619925, 25619925, 25619925, 25619925, 25619925, 25619925, 25619925, 25619925, 56369424, 27278932, 27278932, 27278932, 27278932, 27278932, 27278932, 27278932, 27278932, 115350397, 26125428, 26125428, 26125428, 26125428, 26032767, 26032767, 26032767, 26032767, 26032767, 26032767, 55123259, 26032767, 26032767, 26032767, 26032767, 26032767, 26032767, 26032767, 26032767, 26032767, 26032767, 26032767, 26032767, 26032767, 26032767, 26032767, 26032767, 26032767, 26253855, 26253855, 26253855, 26253855, 26253855, 26253855, 26253855, 26253855, 26253855, 26253855, 26253855, 26253855, 26253855, 26253855, 26253855, 26253855, 26253855, 26253855, 26253855, 26253855, 26253855, 26253855, 26253855, 26253855, 26253855, 26253855, 26253855, 26253855, 26253855, 26253855, 26253855, 26253855, 26253855, 26253855, 26253855, 26253855, 26253855, 26253855, 26253855, 26253855, 26253855, 26253855, 26253855, 26253855, 26253855, 26253855, 26253855, 26253855, 26253855, 26253855, 26253855, 26253855, 26253855, 26253855, 26253855, 26253855, 26253855, 26253855, 26253855, 26253855, 26253855, 26253855, 26253855, 26253855, 26316447, 26316447, 26316447, 26316447, 26316447, 26316447, 26316447, 26316447, 26316447, 26316447, 26316447, 26316447, 26316447, 26316447, 26316447, 26316447, 26316447, 26316447, 26316447, 26316447, 26316447, 26316447, 26316447, 26316447, 26316447, 26316447, 61518786, 27685307, 27685307, 27512576, 27512576, 27512576, 27512576, 27512576, 27512576, 27512576, 26535544, 26535544, 26368885, 26368885, 26368885, 26368885, 26600885, 26600885, 26600885, 26600885, 56040903, 26600885, 26600885, 26600885, 26600885, 26600885, 26600885, 26600885, 26600885, 26600885, 26600885, 26600885, 26600885, 26600885, 26600885, 26600885, 26600885, 26600885, 26600885, 26600885, 26600885, 26600885, 26600885, 26898709, 26898709, 26898709, 26898709, 26898709, 26898709, 26898709, 26898709, 26898709, 26898709, 26898709, 26898709, 26898709, 26898709, 26898709, 26898709, 26898709, 26898709, 26898709, 26898709]",0,0,0,NPU,0,0,0,0,0,0,1.0,hot,0,0,0,0,1.0,0
0,259,meta-llama/Llama-3.1-8B,14,55,25147333539,162698582179,137551248640,129863075711,129947145767,190102571,"[27773145, 292018082, 27685307, 27685307, 27685307, 27685307, 27685307, 27685307, 27685307, 27685307, 27685307, 27685307, 27685307, 27685307, 27685307, 27512576, 27512576, 27512576, 1547770085, 27278932, 27278932, 27278932, 27278932, 27278932, 27278932, 27278932, 27278932, 115350397, 3184371740, 27685307, 27685307, 27512576, 27512576, 27512576, 27512576, 27512576, 27512576, 27512576, 1500903671, 27278932]",0,0,0,NPU,0,0,0,0,0,0,1.0,hot,0,0,0,0,1.0,0
0,249,meta-llama/Llama-3.1-8B,205,258,24246447934,162889211499,138642763565,128536677135,128626563013,192619241,"[26997779, 2194470580, 27773145, 292018082, 27685307, 27685307, 27685307, 27685307, 27685307, 27685307, 27685307, 27685307, 27685307, 27685307, 27685307, 27685307, 27685307, 27512576, 27512576, 27512576, 26695203, 1521074882, 27278932, 27278932, 27278932, 27278932, 27278932, 27278932, 27278932, 27278932, 115350397, 3184371740, 27685307, 27685307, 27512576, 27512576, 27512576, 27512576, 27512576, 27512576, 27512576, 26535544, 26535544, 1447832583, 27278932, 27232760, 27232760, 27232760, 27232760, 27232760, 27232760, 27232760]",0,0,0,NPU,0,0,0,0,0,0,1.0,hot,0,0,0,0,1.0,0
0,206,meta-llama/Llama-3.1-8B,94,858,19372575202,163051831197,143679255995,114164197920,114423091241,38343597,"[196777215, 26726923, 111906868, 1488538536, 26997779, 26535544, 26535544, 320495861, 26956587, 26956587, 26956587, 26956587, 3127412473, 480522732, 27278932, 27278932, 27278932, 27278932, 27278932, 27278932, 27278932, 27278932, 27278932, 27232760, 27232760, 26475376, 919204830, 27278932, 27278932, 63547767, 27512576, 27512576, 27512576, 27512576, 93872727, 27278932, 27278932, 27278932, 27278932, 27278932, 27278932, 27278932, 27278932, 27278932, 27278932, 27278932, 27278932, 27278932, 27232760, 27232760, 314280424, 27685307, 350656902, 52098405, 29498668, 29498668, 29498668, 29498668, 29498668, 25649622, 25739482, 157289722, 27279380, 27279380, 27279380, 27279380, 27279380, 27279380, 27279380, 27279380, 27279380, 27279380, 55157883, 28863593, 28863593, 28863593, 28863593, 28863593, 28863593, 28863593, 28863593, 28863593, 28863593, 28863593, 27219992, 27219992, 235565564, 27219992, 27219992, 27219992, 27219992, 27219992, 27219992, 27219992, 27219992, 27219992, 27219992, 27219992, 27219992, 27219992, 27219992, 27219992, 27219992, 27219992, 27219992, 27219992, 27219992, 27219992, 27219992, 27219992, 27219992, 27219992, 27219992, 27219992, 27232760, 27232760, 27232760, 27232760, 27232760, 27232760, 27232760, 27232760, 27232760, 27232760, 27232760, 27232760, 27232760, 27103283, 27059851, 27059851, 27059851, 27059851, 27059851, 27059851, 27059851, 27059851, 27061067, 27061067, 27061067, 26859940, 26859940, 26859940, 26859940, 26859940, 54716617, 28193675, 28193675, 28193675, 28193675, 28193675, 28193675, 28193675, 28193675, 28193675, 28193675, 28272208, 28272208, 28272208, 28272208, 28272208, 28272208, 28272208, 28272208, 28272208, 28272208, 28272208, 28272208, 28272208, 27766321, 27766321, 28107904, 28107904, 28107904, 28107904, 28107904, 28107904, 28114176, 26520888, 26520888, 24996181, 24996181, 24996181, 54042783, 26699917, 26699917, 26699917, 26699917, 26699917, 26699917, 26699917, 26699917, 26699917, 26699917, 26699917, 26699917, 26699917, 26699917, 26699917, 26699917, 26699917, 26699917, 26699917, 26699917, 26699917, 26699917, 26699917, 26699917, 26699917, 26699917, 26699917, 26699917, 26641724, 26641724, 26641724, 26641724, 26553020, 26553020, 26553020, 26553020, 26553020, 26349776, 26349776, 26349776, 26349776, 26349776, 26349776, 26349776, 26349776, 55028173, 27685307, 27685307, 27512576, 27512576, 27512576, 27512576, 27278932, 27278932, 27278932, 27278932, 27278932, 27232760, 27232760, 27232760, 27232760, 27232760, 27232760, 27232760, 27232760, 27232760, 27103283, 27103283, 27103283, 27103283, 27103283, 27103283, 27103283, 27103283, 27103283, 27103283, 27061067, 27061067, 27061067, 27061067, 188231245, 26956587, 26956587, 26956587, 26726923, 26726923, 53656594, 25614678, 25614678, 25614678, 25614678, 25614678, 25614678, 25614678, 25614678, 25614678, 25614678, 25614678, 25614678, 25614678, 25614678, 25614678, 25614678, 25614678, 25614678, 25614678, 26235158, 26235158, 26235158, 26235158, 26235158, 26235158, 26235158, 26235158, 26235158, 54801824, 26759908, 26759908, 187331429, 26956587, 26726923, 26171806, 361022402, 26171806, 26171806, 26171806, 26171806, 26171806, 26171806, 26171806, 26171806, 26171806, 26171806, 26171806, 26171806, 26171806, 26171806, 26171806, 26171806, 26171806, 26171806, 26171806, 26171806, 26171806, 26171806, 26171806, 26171806, 26171806, 26171806, 26171806, 26171806, 54801824, 26759908, 26759908, 54410566, 26019124, 26019124, 26019124, 26019124, 26019124, 26019124, 26019124, 26019124, 26019124, 26019124, 26019124, 26019124, 26019124, 26019124, 26019124, 26097524, 26097524, 26097524, 26097524, 26097524, 26097524, 26097524, 26097524, 26097524, 26097524, 26097524, 26097524, 26097524, 26097524, 26097524, 26097524, 26097524, 26097524, 26097524, 26097524, 26097524, 26097524, 26097524, 26097524, 26097524, 55118365, 26445624, 26445624, 26445624, 25648437, 25648437, 25648437, 54212364, 25820922, 25820922, 25820922, 25820922, 25820922, 89885878, 26997779, 25859550, 26359326, 26359326, 26359326, 26359326, 26359326, 26359326, 26359326, 54307975, 25916533, 25916533, 25916533, 25916533, 25916533, 25916533, 25916533, 25916533, 25916533, 25916533, 25916533, 25916533, 25916533, 25916533, 25916533, 25916533, 25916533, 25916533, 25916533, 25916533, 25916533, 26042517, 26042517, 26042517, 26042517, 26042517, 26042517, 26042517, 26042517, 26042517, 26042517, 26042517, 26042517, 26042517, 26042517, 26042517, 26042517, 26042517, 26042517, 26042517, 26042517, 26042517, 26042517, 26042517, 26042517, 26042517, 26042517, 26042517, 26042517, 26042517, 26042517, 26042517, 26042517, 26042517, 26042517, 26042517, 26042517, 26042517, 26042517, 26042517, 26042517, 26042517, 25969703, 25969703, 25969703, 25969703, 25969703, 25969703, 25969703, 25969703, 25969703, 84070056, 27773145, 25853850, 25853850, 26049543, 26049543, 26049543, 25897854, 54289296, 25897854, 56076749, 27685307, 27685307, 27685307, 27685307, 27685307, 27685307, 27685307, 27685307, 27685307, 27685307, 27685307, 27685307, 27685307, 27512576, 27512576, 27512576, 26695203, 25892415, 25892415, 25892415, 25929013, 25929013, 25929013, 25929013, 25929013, 25929013, 25929013, 25929013, 25929013, 54581841, 25491349, 25491349, 25491349, 25491349, 25491349, 25491349, 25491349, 25491349, 25491349, 25491349, 25491349, 25491349, 25491349, 25491349, 25491349, 25491349, 25491349, 25491349, 25491349, 25491349, 25619925, 25619925, 25619925, 25619925, 25619925, 25619925, 25619925, 25619925, 25619925, 25619925, 25619925, 25619925, 25619925, 25619925, 25619925, 25619925, 25619925, 25619925, 25619925, 25619925, 25619925, 25619925, 25619925, 56369424, 27278932, 27278932, 27278932, 27278932, 27278932, 27278932, 27278932, 27278932, 115350397, 26125428, 26125428, 26125428, 26125428, 26032767, 26032767, 26032767, 26032767, 26032767, 26032767, 55123259, 26032767, 26032767, 26032767, 26032767, 26032767, 26032767, 26032767, 26032767, 26032767, 26032767, 26032767, 26032767, 26032767, 26032767, 26032767, 26032767, 26032767, 26253855, 26253855, 26253855, 26253855, 26253855, 26253855, 26253855, 26253855, 26253855, 26253855, 26253855, 26253855, 26253855, 26253855, 26253855, 26253855, 26253855, 26253855, 26253855, 26253855, 26253855, 26253855, 26253855, 26253855, 26253855, 26253855, 26253855, 26253855, 26253855, 26253855, 26253855, 26253855, 26253855, 26253855, 26253855, 26253855, 26253855, 26253855, 26253855, 26253855, 26253855, 26253855, 26253855, 26253855, 26253855, 26253855, 26253855, 26253855, 26253855, 26253855, 26253855, 26253855, 26253855, 26253855, 26253855, 26253855, 26253855, 26253855, 26253855, 26253855, 26253855, 26253855, 26253855, 26253855, 26316447, 26316447, 26316447, 26316447, 26316447, 26316447, 26316447, 26316447, 26316447, 26316447, 26316447, 26316447, 26316447, 26316447, 26316447, 26316447, 26316447, 26316447, 26316447, 26316447, 26316447, 26316447, 26316447, 26316447, 26316447, 26316447, 61518786, 27685307, 27685307, 27512576, 27512576, 27512576, 27512576, 27512576, 27512576, 27512576, 26535544, 26535544, 26368885, 26368885, 26368885, 26368885, 26600885, 26600885, 26600885, 26600885, 56040903, 26600885, 26600885, 26600885, 26600885, 26600885, 26600885, 26600885, 26600885, 26600885, 26600885, 26600885, 26600885, 26600885, 26600885, 26600885, 26600885, 26600885, 26600885, 26600885, 26600885, 26600885, 26600885, 26898709, 26898709, 26898709, 26898709, 26898709, 26898709, 26898709, 26898709, 26898709, 26898709, 26898709, 26898709, 26898709, 26898709, 26898709, 26898709, 26898709, 26898709, 26898709, 26898709, 56718950, 27278932, 27232760, 27232760, 27232760, 27232760, 27232760, 27232760, 27232760, 27103283, 27103283, 27103283, 27103283, 27103283, 27103283]",0,0,0,NPU,0,0,0,0,0,0,1.0,hot,0,0,0,0,1.0,0
0,208,meta-llama/Llama-3.1-8B,8,777,19481998883,163704668455,144222669572,114054774239,114313667560,38944013,"[196777215, 26726923, 111906868, 1488538536, 26997779, 373566949, 26956587, 26956587, 26956587, 26956587, 3127412473, 480522732, 27278932, 27278932, 27278932, 27278932, 27278932, 27278932, 27278932, 27278932, 27278932, 27232760, 27232760, 945680206, 27278932, 27278932, 63547767, 27512576, 27512576, 27512576, 27512576, 93872727, 27278932, 27278932, 27278932, 27278932, 27278932, 27278932, 27278932, 27278932, 27278932, 27278932, 27278932, 27278932, 27278932, 27232760, 27232760, 314280424, 27685307, 350656902, 52098405, 29498668, 29498668, 29498668, 29498668, 29498668, 25649622, 25739482, 157289722, 27279380, 27279380, 27279380, 27279380, 27279380, 27279380, 27279380, 27279380, 27279380, 27279380, 55157883, 28863593, 28863593, 28863593, 28863593, 28863593, 28863593, 28863593, 28863593, 28863593, 28863593, 28863593, 27219992, 27219992, 235565564, 27219992, 27219992, 27219992, 27219992, 27219992, 27219992, 27219992, 27219992, 27219992, 27219992, 27219992, 27219992, 27219992, 27219992, 27219992, 27219992, 27219992, 27219992, 27219992, 27219992, 27219992, 27219992, 27219992, 27219992, 27219992, 27219992, 27219992, 27232760, 27232760, 27232760, 27232760, 27232760, 27232760, 27232760, 27232760, 27232760, 27232760, 27232760, 27232760, 27232760, 27103283, 27059851, 27059851, 27059851, 27059851, 27059851, 27059851, 27059851, 27059851, 27061067, 27061067, 27061067, 26859940, 26859940, 26859940, 26859940, 26859940, 54716617, 28193675, 28193675, 28193675, 28193675, 28193675, 28193675, 28193675, 28193675, 28193675, 28193675, 28272208, 28272208, 28272208, 28272208, 28272208, 28272208, 28272208, 28272208, 28272208, 28272208, 28272208, 28272208, 28272208, 27766321, 27766321, 28107904, 28107904, 28107904, 28107904, 28107904, 28107904, 28114176, 26520888, 26520888, 24996181, 24996181, 24996181, 54042783, 26699917, 26699917, 26699917, 26699917, 26699917, 26699917, 26699917, 26699917, 26699917, 26699917, 26699917, 26699917, 26699917, 26699917, 26699917, 26699917, 26699917, 26699917, 26699917, 26699917, 26699917, 26699917, 26699917, 26699917, 26699917, 26699917, 26699917, 26699917, 26641724, 26641724, 26641724, 26641724, 26553020, 26553020, 26553020, 26553020, 26553020, 26349776, 26349776, 26349776, 26349776, 26349776, 26349776, 26349776, 26349776, 55028173, 27685307, 27685307, 27512576, 27512576, 27512576, 27512576, 27278932, 27278932, 27278932, 27278932, 27278932, 27232760, 27232760, 27232760, 27232760, 27232760, 27232760, 27232760, 27232760, 27232760, 27103283, 27103283, 27103283, 27103283, 27103283, 27103283, 27103283, 27103283, 27103283, 27103283, 27061067, 27061067, 27061067, 27061067, 188231245, 26956587, 26956587, 26956587, 26726923, 26726923, 53656594, 25614678, 25614678, 25614678, 25614678, 25614678, 25614678, 25614678, 25614678, 25614678, 25614678, 25614678, 25614678, 25614678, 25614678, 25614678, 25614678, 25614678, 25614678, 25614678, 26235158, 26235158, 26235158, 26235158, 26235158, 26235158, 26235158, 26235158, 26235158, 54801824, 26759908, 26759908, 187331429, 26956587, 26726923, 26171806, 361022402, 26171806, 26171806, 26171806, 26171806, 26171806, 26171806, 26171806, 26171806, 26171806, 26171806, 26171806, 26171806, 26171806, 26171806, 26171806, 26171806, 26171806, 26171806, 26171806, 26171806, 26171806, 26171806, 26171806, 26171806, 26171806, 26171806, 26171806, 26171806, 54801824, 26759908, 26759908, 54410566, 26019124, 26019124, 26019124, 26019124, 26019124, 26019124, 26019124, 26019124, 26019124, 26019124, 26019124, 26019124, 26019124, 26019124, 26019124, 26097524, 26097524, 26097524, 26097524, 26097524, 26097524, 26097524, 26097524, 26097524, 26097524, 26097524, 26097524, 26097524, 26097524, 26097524, 26097524, 26097524, 26097524, 26097524, 26097524, 26097524, 26097524, 26097524, 26097524, 26097524, 55118365, 26445624, 26445624, 26445624, 25648437, 25648437, 25648437, 54212364, 25820922, 25820922, 25820922, 25820922, 25820922, 89885878, 26997779, 25859550, 238823257, 25916533, 25916533, 25916533, 25916533, 25916533, 25916533, 25916533, 25916533, 25916533, 25916533, 25916533, 25916533, 25916533, 25916533, 25916533, 25916533, 25916533, 25916533, 25916533, 25916533, 25916533, 26042517, 26042517, 26042517, 26042517, 26042517, 26042517, 26042517, 26042517, 26042517, 26042517, 26042517, 26042517, 26042517, 26042517, 26042517, 26042517, 26042517, 26042517, 26042517, 26042517, 26042517, 26042517, 26042517, 26042517, 26042517, 26042517, 26042517, 26042517, 26042517, 26042517, 26042517, 26042517, 26042517, 26042517, 26042517, 26042517, 26042517, 26042517, 26042517, 26042517, 26042517, 25969703, 25969703, 25969703, 25969703, 25969703, 25969703, 25969703, 25969703, 25969703, 84070056, 27773145, 25853850, 25853850, 26049543, 26049543, 26049543, 25897854, 54289296, 25897854, 56076749, 27685307, 27685307, 27685307, 27685307, 27685307, 27685307, 27685307, 27685307, 27685307, 27685307, 27685307, 27685307, 27685307, 27512576, 27512576, 27512576, 26695203, 25892415, 25892415, 25892415, 25929013, 25929013, 25929013, 25929013, 25929013, 25929013, 25929013, 25929013, 25929013, 54581841, 25491349, 25491349, 25491349, 25491349, 25491349, 25491349, 25491349, 25491349, 25491349, 25491349, 25491349, 25491349, 25491349, 25491349, 25491349, 25491349, 25491349, 25491349, 25491349, 25491349, 25619925, 25619925, 25619925, 25619925, 25619925, 25619925, 25619925, 25619925, 25619925, 25619925, 25619925, 25619925, 25619925, 25619925, 25619925, 25619925, 25619925, 25619925, 25619925, 25619925, 25619925, 25619925, 25619925, 56369424, 27278932, 27278932, 27278932, 27278932, 27278932, 27278932, 27278932, 27278932, 115350397, 26125428, 26125428, 26125428, 26125428, 26032767, 26032767, 26032767, 26032767, 26032767, 26032767, 55123259, 26032767, 26032767, 26032767, 26032767, 26032767, 26032767, 26032767, 26032767, 26032767, 26032767, 26032767, 26032767, 26032767, 26032767, 26032767, 26032767, 26032767, 26253855, 26253855, 26253855, 26253855, 26253855, 26253855, 26253855, 26253855, 26253855, 26253855, 26253855, 26253855, 26253855, 26253855, 26253855, 26253855, 26253855, 26253855, 26253855, 26253855, 26253855, 26253855, 26253855, 26253855, 26253855, 26253855, 26253855, 26253855, 26253855, 26253855, 26253855, 26253855, 26253855, 26253855, 26253855, 26253855, 26253855, 26253855, 26253855, 26253855, 26253855, 26253855, 26253855, 26253855, 26253855, 26253855, 26253855, 26253855, 26253855, 26253855, 26253855, 26253855, 26253855, 26253855, 26253855, 26253855, 26253855, 26253855, 26253855, 26253855, 26253855, 26253855, 26253855, 26253855, 26316447, 26316447, 26316447, 26316447, 26316447, 26316447, 26316447, 26316447, 26316447, 26316447, 26316447, 26316447, 26316447, 26316447, 26316447, 26316447, 26316447, 26316447, 26316447, 26316447, 26316447, 26316447, 26316447, 26316447, 26316447, 26316447, 61518786, 27685307, 27685307, 27512576, 27512576, 27512576, 27512576, 27512576, 27512576, 27512576, 26535544, 26535544, 26368885, 26368885, 26368885, 26368885, 26600885, 26600885, 26600885, 26600885, 56040903, 26600885, 26600885, 26600885, 26600885, 26600885, 26600885, 26600885, 26600885, 26600885, 26600885, 26600885, 26600885, 26600885, 26600885, 26600885, 26600885, 26600885, 26600885, 26600885, 26600885, 26600885, 26600885, 26898709, 26898709, 26898709, 26898709, 26898709, 26898709, 26898709, 26898709, 26898709, 26898709, 26898709, 26898709, 26898709, 26898709, 26898709, 26898709, 26898709, 26898709, 26898709, 26898709, 56718950, 27278932, 27232760, 27232760, 27232760, 27232760, 27232760, 27232760, 27232760, 27103283, 27103283, 27103283, 27103283, 27103283, 27103283, 240472485, 26032767, 26032767, 26032767, 26032767, 26032767, 57845882, 28044382, 28044382, 28044382, 28044382, 28044382, 28044382, 28044382, 28044382]",0,0,0,NPU,0,0,0,0,0,0,1.0,hot,0,0,0,0,1.0,0
0,246,meta-llama/Llama-3.1-8B,955,1051,23383251485,164517396583,141134145098,125231350791,125419582036,165416453,"[26956587, 26956587, 26956587, 884707568, 26759908, 26759908, 187331429, 26956587, 26726923, 1174806600, 26759908, 26759908, 1152253891, 429485035, 26997779, 2194470580, 27773145, 292018082, 27685307, 27685307, 27685307, 27685307, 27685307, 27685307, 27685307, 27685307, 27685307, 27685307, 27685307, 27685307, 27685307, 27512576, 27512576, 27512576, 26695203, 1521074882, 27278932, 27278932, 27278932, 27278932, 27278932, 27278932, 27278932, 27278932, 115350397, 3184371740, 27685307, 27685307, 27512576, 27512576, 27512576, 27512576, 27512576, 27512576, 27512576, 26535544, 26535544, 1447832583, 27278932, 27232760, 27232760, 27232760, 27232760, 27232760, 27232760, 27232760, 27103283, 27103283, 27103283, 27103283, 27103283, 27103283, 240472485, 536864367, 28272208, 28272208, 28272208, 28272208, 28272208, 28272208, 28272208, 28272208, 27773145, 138818385, 26859940, 26859940, 26859940, 26859940, 26859940, 26859940, 26859940, 26859940, 26859940, 26859940, 26859940]",0,0,0,NPU,0,0,0,0,0,0,1.0,hot,0,0,0,0,1.0,0
0,242,meta-llama/Llama-3.1-8B,41,240,23016018843,164909093625,141893074782,119038665566,119389322468,113655314,"[52098405, 29498668, 29498668, 29498668, 29498668, 29498668, 536630509, 28863593, 28863593, 28863593, 28863593, 28863593, 28863593, 28863593, 28863593, 28863593, 28863593, 28863593, 1892752821, 28193675, 28193675, 28193675, 28193675, 28193675, 28193675, 28193675, 28193675, 28193675, 28193675, 28272208, 28272208, 28272208, 28272208, 28272208, 28272208, 28272208, 28272208, 28272208, 28272208, 28272208, 28272208, 28272208, 27766321, 27766321, 28107904, 28107904, 28107904, 28107904, 28107904, 28107904, 28114176, 1434829155, 27685307, 27685307, 27512576, 27512576, 27512576, 27512576, 27278932, 27278932, 27278932, 27278932, 27278932, 27232760, 27232760, 27232760, 27232760, 27232760, 27232760, 27232760, 27232760, 27232760, 27103283, 27103283, 27103283, 27103283, 27103283, 27103283, 27103283, 27103283, 27103283, 27103283, 27061067, 27061067, 27061067, 27061067, 188231245, 26956587, 26956587, 26956587, 26726923, 26726923, 831253722, 26759908, 26759908, 187331429, 26956587, 26726923, 1174806600, 26759908, 26759908, 1152253891, 429485035, 26997779, 2194470580, 27773145, 292018082, 27685307, 27685307, 27685307, 27685307, 27685307, 27685307, 27685307, 27685307, 27685307, 27685307, 27685307, 27685307, 27685307, 27512576, 27512576, 27512576, 26695203, 1521074882, 27278932, 27278932, 27278932, 27278932, 27278932, 27278932, 27278932, 27278932, 115350397, 3184371740, 27685307, 27685307, 27512576, 27512576, 27512576, 27512576, 27512576, 27512576, 27512576, 26535544, 26535544, 1447832583, 27278932, 27232760, 27232760, 27232760, 27232760, 27232760, 27232760, 27232760, 27103283, 27103283, 27103283, 27103283, 27103283, 27103283, 240472485, 536864367, 28272208, 28272208, 28272208, 28272208, 28272208, 28272208, 28272208, 28272208, 27773145, 25465799, 113352586, 26859940, 26859940, 26859940, 26859940, 26859940, 26859940, 26859940, 26859940, 26859940, 26859940, 26859940, 54402194, 28107904, 28107904, 28107904, 28107904, 28107904, 28107904, 28107904, 28107904, 28107904, 28107904, 28107904, 28107904]",0,0,0,NPU,0,0,0,0,0,0,1.0,hot,0,0,0,0,1.0,0
0,245,meta-llama/Llama-3.1-8B,24,240,23327357658,165543244707,142215887049,119077983653,119130082058,107375837,"[29498668, 29498668, 29498668, 29498668, 29498668, 536630509, 28863593, 28863593, 28863593, 28863593, 28863593, 28863593, 28863593, 28863593, 28863593, 28863593, 28863593, 1892752821, 28193675, 28193675, 28193675, 28193675, 28193675, 28193675, 28193675, 28193675, 28193675, 28193675, 28272208, 28272208, 28272208, 28272208, 28272208, 28272208, 28272208, 28272208, 28272208, 28272208, 28272208, 28272208, 28272208, 83640546, 28107904, 28107904, 28107904, 28107904, 28107904, 28114176, 1434829155, 27685307, 27685307, 27512576, 27512576, 27512576, 27512576, 27278932, 27278932, 27278932, 27278932, 27278932, 27232760, 27232760, 27232760, 27232760, 27232760, 27232760, 27232760, 27232760, 27232760, 27103283, 27103283, 27103283, 27103283, 27103283, 27103283, 27103283, 27103283, 27103283, 27103283, 27061067, 27061067, 27061067, 27061067, 188231245, 26956587, 26956587, 26956587, 884707568, 26759908, 26759908, 187331429, 26956587, 26726923, 1174806600, 26759908, 26759908, 1152253891, 429485035, 26997779, 2194470580, 27773145, 292018082, 27685307, 27685307, 27685307, 27685307, 27685307, 27685307, 27685307, 27685307, 27685307, 27685307, 27685307, 27685307, 27685307, 27512576, 27512576, 27512576, 26695203, 1521074882, 27278932, 27278932, 27278932, 27278932, 27278932, 27278932, 27278932, 27278932, 115350397, 3184371740, 27685307, 27685307, 27512576, 27512576, 27512576, 27512576, 27512576, 27512576, 27512576, 26535544, 26535544, 1447832583, 27278932, 27232760, 27232760, 27232760, 27232760, 27232760, 27232760, 27232760, 27103283, 27103283, 27103283, 27103283, 27103283, 27103283, 240472485, 536864367, 28272208, 28272208, 28272208, 28272208, 28272208, 28272208, 28272208, 28272208, 27773145, 138818385, 26859940, 26859940, 26859940, 26859940, 26859940, 26859940, 26859940, 26859940, 26859940, 26859940, 26859940, 54402194, 28107904, 28107904, 28107904, 28107904, 28107904, 28107904, 28107904, 28107904, 28107904, 28107904, 28107904, 28107904, 27761521, 27761521, 27761521, 27761521, 27761521, 27761521, 27761521, 27761521, 27761521, 27766321, 27766321, 27766321, 27766321, 27766321, 27766321, 27766321, 27766321, 27766321, 27766321, 27512576, 27232760, 25846330, 26042517]",0,0,0,NPU,0,0,0,0,0,0,1.0,hot,0,0,0,0,1.0,0
0,238,meta-llama/Llama-3.1-8B,28,310,22160309943,167236480003,145076170060,119894374466,120245031368,88367041,"[52098405, 29498668, 29498668, 29498668, 29498668, 29498668, 536630509, 28863593, 28863593, 28863593, 28863593, 28863593, 28863593, 28863593, 28863593, 28863593, 28863593, 28863593, 1892752821, 28193675, 28193675, 28193675, 28193675, 28193675, 28193675, 28193675, 28193675, 28193675, 28193675, 28272208, 28272208, 28272208, 28272208, 28272208, 28272208, 28272208, 28272208, 28272208, 28272208, 28272208, 28272208, 28272208, 27766321, 27766321, 28107904, 28107904, 28107904, 28107904, 28107904, 28107904, 28114176, 1434829155, 27685307, 27685307, 27512576, 27512576, 27512576, 27512576, 27278932, 27278932, 27278932, 27278932, 27278932, 27232760, 27232760, 27232760, 27232760, 27232760, 27232760, 27232760, 27232760, 27232760, 27103283, 27103283, 27103283, 27103283, 27103283, 27103283, 27103283, 27103283, 27103283, 27103283, 27061067, 27061067, 27061067, 27061067, 188231245, 26956587, 26956587, 26956587, 26726923, 26726923, 831253722, 26759908, 26759908, 187331429, 26956587, 26726923, 1174806600, 26759908, 26759908, 1152253891, 26445624, 26445624, 26445624, 350148163, 26997779, 2194470580, 27773145, 292018082, 27685307, 27685307, 27685307, 27685307, 27685307, 27685307, 27685307, 27685307, 27685307, 27685307, 27685307, 27685307, 27685307, 27512576, 27512576, 27512576, 26695203, 1521074882, 27278932, 27278932, 27278932, 27278932, 27278932, 27278932, 27278932, 27278932, 115350397, 26125428, 26125428, 26125428, 26125428, 3079870028, 27685307, 27685307, 27512576, 27512576, 27512576, 27512576, 27512576, 27512576, 27512576, 26535544, 26535544, 26368885, 26368885, 26368885, 26368885, 1342357043, 27278932, 27232760, 27232760, 27232760, 27232760, 27232760, 27232760, 27232760, 27103283, 27103283, 27103283, 27103283, 27103283, 27103283, 240472485, 536864367, 28272208, 28272208, 28272208, 28272208, 28272208, 28272208, 28272208, 28272208, 27773145, 25465799, 113352586, 26859940, 26859940, 26859940, 26859940, 26859940, 26859940, 26859940, 26859940, 26859940, 26859940, 26859940, 54402194, 28107904, 28107904, 28107904, 28107904, 28107904, 28107904, 28107904, 28107904, 28107904, 28107904, 28107904, 28107904, 27761521, 27761521, 27761521, 27761521, 27761521, 27761521, 27761521, 27761521, 27761521, 27766321, 27766321, 27766321, 27766321, 27766321, 27766321, 27766321, 27766321, 27766321, 27766321, 27512576, 27232760, 25846330, 26042517, 27773145, 27773145, 27773145, 27773145, 27773145, 408543732, 26699917, 26699917, 26699917, 26699917, 26699917, 26699917, 26699917, 26699917, 26699917, 26699917, 26699917, 26699917, 26699917, 26699917, 26699917, 26699917, 26615821, 26615821, 26615821, 26615821, 26615821, 26615821, 26615821, 26615821, 26615821, 26615821, 26615821, 26615821, 26615821, 26615821, 26615821, 26615821, 26615821, 26615821, 26615821, 26615821, 26615821, 26615821, 26615821, 26615821, 26615821, 26615821, 26615821]",0,0,0,NPU,0,0,0,0,0,0,1.0,hot,0,0,0,0,1.0,0
0,254,meta-llama/Llama-3.1-8B,23,197,24577113882,167608222283,143031108401,130433295368,130517365424,72333774,"[27773145, 292018082, 27685307, 27685307, 27685307, 27685307, 27685307, 27685307, 27685307, 27685307, 27685307, 27685307, 27685307, 27685307, 27685307, 27512576, 27512576, 27512576, 1547770085, 27278932, 27278932, 27278932, 27278932, 27278932, 27278932, 27278932, 27278932, 115350397, 3184371740, 27685307, 27685307, 27512576, 27512576, 27512576, 27512576, 27512576, 27512576, 27512576, 1500903671, 27278932, 27232760, 27232760, 27232760, 27232760, 27232760, 27232760, 27232760, 27103283, 27103283, 27103283, 27103283, 27103283, 27103283, 240472485, 536864367, 28272208, 28272208, 28272208, 28272208, 28272208, 28272208, 28272208, 28272208, 27773145, 138818385, 26859940, 26859940, 26859940, 26859940, 26859940, 26859940, 26859940, 26859940, 26859940, 26859940, 26859940, 54402194, 28107904, 28107904, 28107904, 28107904, 28107904, 28107904, 28107904, 28107904, 28107904, 28107904, 28107904, 28107904, 27761521, 27761521, 27761521, 27761521, 27761521, 27761521, 27761521, 27761521, 27761521, 27766321, 27766321, 27766321, 27766321, 27766321, 27766321, 27766321, 27766321, 27766321, 27766321, 27512576, 27232760, 79661992, 27773145, 27773145, 27773145, 27773145, 408543732, 26699917, 26699917, 26699917, 26699917, 26699917, 26699917, 26699917, 26699917, 26699917, 26699917, 26699917, 26699917, 26699917, 26699917, 26699917, 26699917, 26615821, 26615821, 26615821, 26615821, 26615821, 26615821, 26615821, 26615821, 26615821, 26615821, 26615821, 26615821, 26615821, 26615821, 26615821, 26615821, 26615821, 26615821, 26615821, 26615821, 26615821, 26615821, 26615821, 26615821, 26615821, 26615821, 26615821, 26553020, 26553020, 26553020, 26553020, 26553020, 26553020, 26553020, 26553020, 26553020, 26553020, 26553020, 26553020, 26553020, 26553020]",0,0,0,NPU,0,0,0,0,0,0,1.0,hot,0,0,0,0,1.0,0
0,258,meta-llama/Llama-3.1-8B,4,182,25137110720,167713621387,142576510667,129873298530,129957368586,71294588,"[27773145, 292018082, 27685307, 27685307, 27685307, 27685307, 27685307, 27685307, 27685307, 27685307, 27685307, 27685307, 27685307, 27685307, 27685307, 27512576, 27512576, 27512576, 1547770085, 27278932, 27278932, 27278932, 27278932, 27278932, 27278932, 27278932, 27278932, 115350397, 3184371740, 27685307, 27685307, 27512576, 27512576, 27512576, 27512576, 27512576, 27512576, 27512576, 1500903671, 27278932, 27232760, 27232760, 27232760, 27232760, 27232760, 27232760, 27232760, 27103283, 27103283, 27103283, 27103283, 27103283, 27103283, 240472485, 536864367, 28272208, 28272208, 28272208, 28272208, 28272208, 28272208, 28272208, 28272208, 27773145, 138818385, 26859940, 26859940, 26859940, 26859940, 26859940, 26859940, 26859940, 26859940, 26859940, 26859940, 26859940, 54402194, 28107904, 28107904, 28107904, 28107904, 28107904, 28107904, 28107904, 28107904, 28107904, 28107904, 28107904, 28107904, 27761521, 27761521, 27761521, 27761521, 27761521, 27761521, 27761521, 27761521, 27761521, 27766321, 27766321, 27766321, 27766321, 27766321, 27766321, 27766321, 27766321, 27766321, 27766321, 27512576, 27232760, 79661992, 27773145, 27773145, 27773145, 27773145, 408543732, 26699917, 26699917, 26699917, 26699917, 26699917, 26699917, 26699917, 26699917, 26699917, 26699917, 26699917, 26699917, 26699917, 26699917, 26699917, 26699917, 26615821, 26615821, 26615821, 26615821, 26615821, 26615821, 26615821, 26615821, 26615821, 26615821, 26615821, 26615821, 26615821, 26615821, 26615821, 26615821, 26615821, 26615821, 26615821, 26615821, 26615821, 26615821, 26615821, 26615821, 26615821, 26615821, 26615821, 26553020, 26553020, 26553020, 26553020, 26553020, 26553020, 26553020, 26553020, 26553020, 26553020, 26553020, 26553020, 26553020, 26553020, 26349776, 26349776, 26349776, 26349776]",0,0,0,NPU,0,0,0,0,0,0,1.0,hot,0,0,0,0,1.0,0
0,234,meta-llama/Llama-3.1-8B,48,382,21893017501,168135715563,146242698062,120161666908,120512323810,77268391,"[52098405, 29498668, 29498668, 29498668, 29498668, 29498668, 536630509, 28863593, 28863593, 28863593, 28863593, 28863593, 28863593, 28863593, 28863593, 28863593, 28863593, 28863593, 1892752821, 28193675, 28193675, 28193675, 28193675, 28193675, 28193675, 28193675, 28193675, 28193675, 28193675, 28272208, 28272208, 28272208, 28272208, 28272208, 28272208, 28272208, 28272208, 28272208, 28272208, 28272208, 28272208, 28272208, 27766321, 27766321, 28107904, 28107904, 28107904, 28107904, 28107904, 28107904, 28114176, 1434829155, 27685307, 27685307, 27512576, 27512576, 27512576, 27512576, 27278932, 27278932, 27278932, 27278932, 27278932, 27232760, 27232760, 27232760, 27232760, 27232760, 27232760, 27232760, 27232760, 27232760, 27103283, 27103283, 27103283, 27103283, 27103283, 27103283, 27103283, 27103283, 27103283, 27103283, 27061067, 27061067, 27061067, 27061067, 188231245, 26956587, 26956587, 26956587, 26726923, 26726923, 831253722, 26759908, 26759908, 187331429, 26956587, 26726923, 1174806600, 26759908, 26759908, 1152253891, 26445624, 26445624, 26445624, 350148163, 26997779, 2194470580, 27773145, 25853850, 25853850, 240310382, 27685307, 27685307, 27685307, 27685307, 27685307, 27685307, 27685307, 27685307, 27685307, 27685307, 27685307, 27685307, 27685307, 27512576, 27512576, 27512576, 26695203, 1521074882, 27278932, 27278932, 27278932, 27278932, 27278932, 27278932, 27278932, 27278932, 115350397, 26125428, 26125428, 26125428, 26125428, 3079870028, 27685307, 27685307, 27512576, 27512576, 27512576, 27512576, 27512576, 27512576, 27512576, 26535544, 26535544, 26368885, 26368885, 26368885, 26368885, 1342357043, 27278932, 27232760, 27232760, 27232760, 27232760, 27232760, 27232760, 27232760, 27103283, 27103283, 27103283, 27103283, 27103283, 27103283, 240472485, 26032767, 26032767, 26032767, 26032767, 26032767, 406700532, 28272208, 28272208, 28272208, 28272208, 28272208, 28272208, 28272208, 28272208, 27773145, 25465799, 113352586, 26859940, 26859940, 26859940, 26859940, 26859940, 26859940, 26859940, 26859940, 26859940, 26859940, 26859940, 54402194, 28107904, 28107904, 28107904, 28107904, 28107904, 28107904, 28107904, 28107904, 28107904, 28107904, 28107904, 28107904, 27761521, 27761521, 27761521, 27761521, 27761521, 27761521, 27761521, 27761521, 27761521, 27766321, 27766321, 27766321, 27766321, 27766321, 27766321, 27766321, 27766321, 27766321, 27766321, 27512576, 27232760, 25846330, 26042517, 27773145, 27773145, 27773145, 27773145, 27773145, 26447349, 26447349, 26447349, 26447349, 26447349, 26603195, 26603195, 26603195, 26603195, 26603195, 26603195, 116687817, 26699917, 26699917, 26699917, 26699917, 26699917, 26699917, 26699917, 26699917, 26699917, 26699917, 26699917, 26699917, 26699917, 26699917, 26699917, 26699917, 26615821, 26615821, 26615821, 26615821, 26615821, 26615821, 26615821, 26615821, 26615821, 26615821, 26615821, 26615821, 26615821, 26615821, 26615821, 26615821, 26615821, 26615821, 26615821, 26615821, 26615821, 26615821, 26615821, 26615821, 26615821, 26615821, 26615821, 26553020, 26553020, 26553020, 26553020, 26553020, 26553020, 26553020, 26553020, 26553020, 26553020, 26553020, 26553020, 26553020, 26553020, 26349776, 26349776, 26349776, 26349776, 26380886, 26380886, 26380886, 26380886, 26380886, 26380886, 26380886, 26380886, 26380886, 26380886, 26380886, 26380886, 26380886, 26380886, 26380886, 26380886]",0,0,0,NPU,0,0,0,0,0,0,1.0,hot,0,0,0,0,1.0,0
0,253,meta-llama/Llama-3.1-8B,13,214,24558542021,168321464371,143762922350,130451867229,130535937285,66134925,"[27773145, 292018082, 27685307, 27685307, 27685307, 27685307, 27685307, 27685307, 27685307, 27685307, 27685307, 27685307, 27685307, 27685307, 27685307, 27512576, 27512576, 27512576, 1547770085, 27278932, 27278932, 27278932, 27278932, 27278932, 27278932, 27278932, 27278932, 115350397, 3184371740, 27685307, 27685307, 27512576, 27512576, 27512576, 27512576, 27512576, 27512576, 27512576, 1500903671, 27278932, 27232760, 27232760, 27232760, 27232760, 27232760, 27232760, 27232760, 27103283, 27103283, 27103283, 27103283, 27103283, 27103283, 240472485, 536864367, 28272208, 28272208, 28272208, 28272208, 28272208, 28272208, 28272208, 28272208, 27773145, 138818385, 26859940, 26859940, 26859940, 26859940, 26859940, 26859940, 26859940, 26859940, 26859940, 26859940, 26859940, 54402194, 28107904, 28107904, 28107904, 28107904, 28107904, 28107904, 28107904, 28107904, 28107904, 28107904, 28107904, 28107904, 27761521, 27761521, 27761521, 27761521, 27761521, 27761521, 27761521, 27761521, 27761521, 27766321, 27766321, 27766321, 27766321, 27766321, 27766321, 27766321, 27766321, 27766321, 27766321, 27512576, 27232760, 79661992, 27773145, 27773145, 27773145, 27773145, 408543732, 26699917, 26699917, 26699917, 26699917, 26699917, 26699917, 26699917, 26699917, 26699917, 26699917, 26699917, 26699917, 26699917, 26699917, 26699917, 26699917, 26615821, 26615821, 26615821, 26615821, 26615821, 26615821, 26615821, 26615821, 26615821, 26615821, 26615821, 26615821, 26615821, 26615821, 26615821, 26615821, 26615821, 26615821, 26615821, 26615821, 26615821, 26615821, 26615821, 26615821, 26615821, 26615821, 26615821, 26553020, 26553020, 26553020, 26553020, 26553020, 26553020, 26553020, 26553020, 26553020, 26553020, 26553020, 26553020, 26553020, 26553020, 26349776, 26349776, 26349776, 26349776, 26380886, 26380886, 26380886, 26380886, 26380886, 26380886, 26380886, 26380886, 26380886, 26380886, 26380886, 26380886, 26380886, 26380886, 26380886, 26380886, 26535544, 26535544, 26535544, 26535544, 26535544, 26535544, 26535544]",0,0,0,NPU,0,0,0,0,0,0,1.0,hot,0,0,0,0,1.0,0
0,247,meta-llama/Llama-3.1-8B,942,1174,23723335686,168792417487,145069081801,126098594980,126285926409,81312361,"[26956587, 1201533523, 26759908, 26759908, 1152253891, 429485035, 26997779, 2194470580, 27773145, 292018082, 27685307, 27685307, 27685307, 27685307, 27685307, 27685307, 27685307, 27685307, 27685307, 27685307, 27685307, 27685307, 27685307, 27512576, 27512576, 27512576, 26695203, 1521074882, 27278932, 27278932, 27278932, 27278932, 27278932, 27278932, 27278932, 27278932, 115350397, 3184371740, 27685307, 27685307, 27512576, 27512576, 27512576, 27512576, 27512576, 27512576, 27512576, 26535544, 26535544, 1447832583, 27278932, 27232760, 27232760, 27232760, 27232760, 27232760, 27232760, 27232760, 27103283, 27103283, 27103283, 27103283, 27103283, 27103283, 240472485, 536864367, 28272208, 28272208, 28272208, 28272208, 28272208, 28272208, 28272208, 28272208, 27773145, 138818385, 26859940, 26859940, 26859940, 26859940, 26859940, 26859940, 26859940, 26859940, 26859940, 26859940, 26859940, 54402194, 28107904, 28107904, 28107904, 28107904, 28107904, 28107904, 28107904, 28107904, 28107904, 28107904, 28107904, 28107904, 27761521, 27761521, 27761521, 27761521, 27761521, 27761521, 27761521, 27761521, 27761521, 27766321, 27766321, 27766321, 27766321, 27766321, 27766321, 27766321, 27766321, 27766321, 27766321, 27512576, 27232760, 25846330, 26042517, 27773145, 27773145, 27773145, 27773145, 27773145, 408543732, 26699917, 26699917, 26699917, 26699917, 26699917, 26699917, 26699917, 26699917, 26699917, 26699917, 26699917, 26699917, 26699917, 26699917, 26699917, 26699917, 26615821, 26615821, 26615821, 26615821, 26615821, 26615821, 26615821, 26615821, 26615821, 26615821, 26615821, 26615821, 26615821, 26615821, 26615821, 26615821, 26615821, 26615821, 26615821, 26615821, 26615821, 26615821, 26615821, 26615821, 26615821, 26615821, 26615821, 26553020, 26553020, 26553020, 26553020, 26553020, 26553020, 26553020, 26553020, 26553020, 26553020, 26553020, 26553020, 26553020, 26553020, 26349776, 26349776, 26349776, 26349776, 26380886, 26380886, 26380886, 26380886, 26380886, 26380886, 26380886, 26380886, 26380886, 26380886, 26380886, 26380886, 26380886, 26380886, 26380886, 26380886, 26535544, 26535544, 26535544, 26535544, 26535544, 26535544, 26535544, 26164062, 26164062, 26164062, 26164062, 26164062, 26164062, 26164062, 26164062, 26164062, 26164062, 26164062, 26164062, 26164062, 26164062, 26164062, 26164062, 26164062, 26164062]",0,0,0,NPU,0,0,0,0,0,0,1.0,hot,0,0,0,0,1.0,0
0,251,meta-llama/Llama-3.1-8B,6,236,24329954733,169035063523,144705108790,128453170336,128543056214,70576648,"[26997779, 2194470580, 27773145, 292018082, 27685307, 27685307, 27685307, 27685307, 27685307, 27685307, 27685307, 27685307, 27685307, 27685307, 27685307, 27685307, 27685307, 27512576, 27512576, 27512576, 26695203, 1521074882, 27278932, 27278932, 27278932, 27278932, 27278932, 27278932, 27278932, 27278932, 115350397, 3184371740, 27685307, 27685307, 27512576, 27512576, 27512576, 27512576, 27512576, 27512576, 27512576, 1500903671, 27278932, 27232760, 27232760, 27232760, 27232760, 27232760, 27232760, 27232760, 27103283, 27103283, 27103283, 27103283, 27103283, 27103283, 240472485, 536864367, 28272208, 28272208, 28272208, 28272208, 28272208, 28272208, 28272208, 28272208, 27773145, 138818385, 26859940, 26859940, 26859940, 26859940, 26859940, 26859940, 26859940, 26859940, 26859940, 26859940, 26859940, 54402194, 28107904, 28107904, 28107904, 28107904, 28107904, 28107904, 28107904, 28107904, 28107904, 28107904, 28107904, 28107904, 27761521, 27761521, 27761521, 27761521, 27761521, 27761521, 27761521, 27761521, 27761521, 27766321, 27766321, 27766321, 27766321, 27766321, 27766321, 27766321, 27766321, 27766321, 27766321, 27512576, 27232760, 79661992, 27773145, 27773145, 27773145, 27773145, 408543732, 26699917, 26699917, 26699917, 26699917, 26699917, 26699917, 26699917, 26699917, 26699917, 26699917, 26699917, 26699917, 26699917, 26699917, 26699917, 26699917, 26615821, 26615821, 26615821, 26615821, 26615821, 26615821, 26615821, 26615821, 26615821, 26615821, 26615821, 26615821, 26615821, 26615821, 26615821, 26615821, 26615821, 26615821, 26615821, 26615821, 26615821, 26615821, 26615821, 26615821, 26615821, 26615821, 26615821, 26553020, 26553020, 26553020, 26553020, 26553020, 26553020, 26553020, 26553020, 26553020, 26553020, 26553020, 26553020, 26553020, 26553020, 26349776, 26349776, 26349776, 26349776, 26380886, 26380886, 26380886, 26380886, 26380886, 26380886, 26380886, 26380886, 26380886, 26380886, 26380886, 26380886, 26380886, 26380886, 26380886, 26380886, 26535544, 26535544, 26535544, 26535544, 26535544, 26535544, 26535544, 26164062, 26164062, 26164062, 26164062, 26164062, 26164062, 26164062, 26164062, 26164062, 26164062, 26164062, 26164062, 26164062, 26164062, 26164062, 26164062, 26164062, 26164062, 53949927, 26956587, 26956587, 26956587, 26956587, 26956587, 26956587, 26956587]",0,0,0,NPU,0,0,0,0,0,0,1.0,hot,0,0,0,0,1.0,0
0,265,meta-llama/Llama-3.1-8B,7,72,26136849461,169222382879,143085533418,136914981736,137155454221,92657487,"[536864367, 28272208, 28272208, 28272208, 28272208, 28272208, 28272208, 28272208, 28272208, 27773145, 488679919, 28107904, 28107904, 28107904, 28107904, 28107904, 28107904, 28107904, 28107904, 28107904, 28107904, 28107904, 28107904, 27761521, 27761521, 27761521, 27761521, 27761521, 27761521, 27761521, 27761521, 27761521, 27766321, 27766321, 27766321, 27766321, 27766321, 27766321, 27766321, 27766321, 27766321, 27766321, 27512576, 27232760, 79661992, 27773145, 27773145, 27773145, 27773145, 3164256982, 26956587, 26956587, 26956587, 26956587, 26956587, 26956587, 26956587, 26759908, 26759908, 26759908, 26759908, 26759908, 26759908, 26759908]",0,0,0,NPU,0,0,0,0,0,0,1.0,hot,0,0,0,0,1.0,0
0,248,meta-llama/Llama-3.1-8B,5,253,24054709233,169275836725,145221127492,125767221433,125954552862,78002326,"[26956587, 1201533523, 26759908, 26759908, 1152253891, 429485035, 26997779, 2194470580, 27773145, 292018082, 27685307, 27685307, 27685307, 27685307, 27685307, 27685307, 27685307, 27685307, 27685307, 27685307, 27685307, 27685307, 27685307, 27512576, 27512576, 27512576, 26695203, 1521074882, 27278932, 27278932, 27278932, 27278932, 27278932, 27278932, 27278932, 27278932, 115350397, 3184371740, 27685307, 27685307, 27512576, 27512576, 27512576, 27512576, 27512576, 27512576, 27512576, 26535544, 26535544, 1447832583, 27278932, 27232760, 27232760, 27232760, 27232760, 27232760, 27232760, 27232760, 27103283, 27103283, 27103283, 27103283, 27103283, 27103283, 240472485, 536864367, 28272208, 28272208, 28272208, 28272208, 28272208, 28272208, 28272208, 28272208, 27773145, 138818385, 26859940, 26859940, 26859940, 26859940, 26859940, 26859940, 26859940, 26859940, 26859940, 26859940, 26859940, 54402194, 28107904, 28107904, 28107904, 28107904, 28107904, 28107904, 28107904, 28107904, 28107904, 28107904, 28107904, 28107904, 27761521, 27761521, 27761521, 27761521, 27761521, 27761521, 27761521, 27761521, 27761521, 27766321, 27766321, 27766321, 27766321, 27766321, 27766321, 27766321, 27766321, 27766321, 27766321, 27512576, 27232760, 25846330, 53815662, 27773145, 27773145, 27773145, 27773145, 408543732, 26699917, 26699917, 26699917, 26699917, 26699917, 26699917, 26699917, 26699917, 26699917, 26699917, 26699917, 26699917, 26699917, 26699917, 26699917, 26699917, 26615821, 26615821, 26615821, 26615821, 26615821, 26615821, 26615821, 26615821, 26615821, 26615821, 26615821, 26615821, 26615821, 26615821, 26615821, 26615821, 26615821, 26615821, 26615821, 26615821, 26615821, 26615821, 26615821, 26615821, 26615821, 26615821, 26615821, 26553020, 26553020, 26553020, 26553020, 26553020, 26553020, 26553020, 26553020, 26553020, 26553020, 26553020, 26553020, 26553020, 26553020, 26349776, 26349776, 26349776, 26349776, 26380886, 26380886, 26380886, 26380886, 26380886, 26380886, 26380886, 26380886, 26380886, 26380886, 26380886, 26380886, 26380886, 26380886, 26380886, 26380886, 26535544, 26535544, 26535544, 26535544, 26535544, 26535544, 26535544, 26164062, 26164062, 26164062, 26164062, 26164062, 26164062, 26164062, 26164062, 26164062, 26164062, 26164062, 26164062, 26164062, 26164062, 26164062, 26164062, 26164062, 26164062, 53949927, 26956587, 26956587, 26956587, 26956587, 26956587, 26956587, 26956587, 26759908, 26759908, 26759908, 26759908, 26759908, 26759908, 26759908, 26726923, 26726923]",0,0,0,NPU,0,0,0,0,0,0,1.0,hot,0,0,0,0,1.0,0
0,236,meta-llama/Llama-3.1-8B,34,421,22054151417,170050284940,147996133523,120000532992,120351189894,71619024,"[52098405, 29498668, 29498668, 29498668, 29498668, 29498668, 536630509, 28863593, 28863593, 28863593, 28863593, 28863593, 28863593, 28863593, 28863593, 28863593, 28863593, 28863593, 1892752821, 28193675, 28193675, 28193675, 28193675, 28193675, 28193675, 28193675, 28193675, 28193675, 28193675, 28272208, 28272208, 28272208, 28272208, 28272208, 28272208, 28272208, 28272208, 28272208, 28272208, 28272208, 28272208, 28272208, 27766321, 27766321, 28107904, 28107904, 28107904, 28107904, 28107904, 28107904, 28114176, 1434829155, 27685307, 27685307, 27512576, 27512576, 27512576, 27512576, 27278932, 27278932, 27278932, 27278932, 27278932, 27232760, 27232760, 27232760, 27232760, 27232760, 27232760, 27232760, 27232760, 27232760, 27103283, 27103283, 27103283, 27103283, 27103283, 27103283, 27103283, 27103283, 27103283, 27103283, 27061067, 27061067, 27061067, 27061067, 188231245, 26956587, 26956587, 26956587, 26726923, 26726923, 831253722, 26759908, 26759908, 187331429, 26956587, 26726923, 1174806600, 26759908, 26759908, 1152253891, 26445624, 26445624, 26445624, 350148163, 26997779, 2194470580, 27773145, 292018082, 27685307, 27685307, 27685307, 27685307, 27685307, 27685307, 27685307, 27685307, 27685307, 27685307, 27685307, 27685307, 27685307, 27512576, 27512576, 27512576, 26695203, 1521074882, 27278932, 27278932, 27278932, 27278932, 27278932, 27278932, 27278932, 27278932, 115350397, 26125428, 26125428, 26125428, 26125428, 3079870028, 27685307, 27685307, 27512576, 27512576, 27512576, 27512576, 27512576, 27512576, 27512576, 26535544, 26535544, 26368885, 26368885, 26368885, 26368885, 1342357043, 27278932, 27232760, 27232760, 27232760, 27232760, 27232760, 27232760, 27232760, 27103283, 27103283, 27103283, 27103283, 27103283, 27103283, 240472485, 536864367, 28272208, 28272208, 28272208, 28272208, 28272208, 28272208, 28272208, 28272208, 27773145, 25465799, 113352586, 26859940, 26859940, 26859940, 26859940, 26859940, 26859940, 26859940, 26859940, 26859940, 26859940, 26859940, 54402194, 28107904, 28107904, 28107904, 28107904, 28107904, 28107904, 28107904, 28107904, 28107904, 28107904, 28107904, 28107904, 27761521, 27761521, 27761521, 27761521, 27761521, 27761521, 27761521, 27761521, 27761521, 27766321, 27766321, 27766321, 27766321, 27766321, 27766321, 27766321, 27766321, 27766321, 27766321, 27512576, 27232760, 25846330, 26042517, 27773145, 27773145, 27773145, 27773145, 27773145, 408543732, 26699917, 26699917, 26699917, 26699917, 26699917, 26699917, 26699917, 26699917, 26699917, 26699917, 26699917, 26699917, 26699917, 26699917, 26699917, 26699917, 26615821, 26615821, 26615821, 26615821, 26615821, 26615821, 26615821, 26615821, 26615821, 26615821, 26615821, 26615821, 26615821, 26615821, 26615821, 26615821, 26615821, 26615821, 26615821, 26615821, 26615821, 26615821, 26615821, 26615821, 26615821, 26615821, 26615821, 26553020, 26553020, 26553020, 26553020, 26553020, 26553020, 26553020, 26553020, 26553020, 26553020, 26553020, 26553020, 26553020, 26553020, 26349776, 26349776, 26349776, 26349776, 26380886, 26380886, 26380886, 26380886, 26380886, 26380886, 26380886, 26380886, 26380886, 26380886, 26380886, 26380886, 26380886, 26380886, 26380886, 26380886, 26535544, 26535544, 26535544, 26535544, 26535544, 26535544, 26535544, 26164062, 26164062, 26164062, 26164062, 26164062, 26164062, 26164062, 26164062, 26164062, 26164062, 26164062, 26164062, 26164062, 26164062, 26164062, 26164062, 26164062, 26164062, 53949927, 26956587, 26956587, 26956587, 26956587, 26956587, 26956587, 26956587, 26759908, 26759908, 26759908, 26759908, 26759908, 26759908, 26759908, 26726923, 26726923, 26695203, 26695203, 26695203, 26695203, 26695203, 26695203, 26695203, 26695203, 26695203, 26695203, 26695203, 26695203, 26695203, 26695203, 26695203, 26695203, 26695203, 26695203, 26695203, 26695203, 26695203, 26695203, 26695203, 26695203, 26695203, 26695203, 26790979, 26790979, 26790979]",0,0,0,NPU,0,0,0,0,0,0,1.0,hot,0,0,0,0,1.0,0
0,250,meta-llama/Llama-3.1-8B,12,308,24281325540,170744645854,146463320314,128501799529,128591685407,60581813,"[26997779, 2194470580, 27773145, 292018082, 27685307, 27685307, 27685307, 27685307, 27685307, 27685307, 27685307, 27685307, 27685307, 27685307, 27685307, 27685307, 27685307, 27512576, 27512576, 27512576, 26695203, 1521074882, 27278932, 27278932, 27278932, 27278932, 27278932, 27278932, 27278932, 27278932, 115350397, 3184371740, 27685307, 27685307, 27512576, 27512576, 27512576, 27512576, 27512576, 27512576, 27512576, 26535544, 26535544, 1447832583, 27278932, 27232760, 27232760, 27232760, 27232760, 27232760, 27232760, 27232760, 27103283, 27103283, 27103283, 27103283, 27103283, 27103283, 240472485, 536864367, 28272208, 28272208, 28272208, 28272208, 28272208, 28272208, 28272208, 28272208, 27773145, 138818385, 26859940, 26859940, 26859940, 26859940, 26859940, 26859940, 26859940, 26859940, 26859940, 26859940, 26859940, 54402194, 28107904, 28107904, 28107904, 28107904, 28107904, 28107904, 28107904, 28107904, 28107904, 28107904, 28107904, 28107904, 27761521, 27761521, 27761521, 27761521, 27761521, 27761521, 27761521, 27761521, 27761521, 27766321, 27766321, 27766321, 27766321, 27766321, 27766321, 27766321, 27766321, 27766321, 27766321, 27512576, 27232760, 79661992, 27773145, 27773145, 27773145, 27773145, 408543732, 26699917, 26699917, 26699917, 26699917, 26699917, 26699917, 26699917, 26699917, 26699917, 26699917, 26699917, 26699917, 26699917, 26699917, 26699917, 26699917, 26615821, 26615821, 26615821, 26615821, 26615821, 26615821, 26615821, 26615821, 26615821, 26615821, 26615821, 26615821, 26615821, 26615821, 26615821, 26615821, 26615821, 26615821, 26615821, 26615821, 26615821, 26615821, 26615821, 26615821, 26615821, 26615821, 26615821, 26553020, 26553020, 26553020, 26553020, 26553020, 26553020, 26553020, 26553020, 26553020, 26553020, 26553020, 26553020, 26553020, 26553020, 26349776, 26349776, 26349776, 26349776, 26380886, 26380886, 26380886, 26380886, 26380886, 26380886, 26380886, 26380886, 26380886, 26380886, 26380886, 26380886, 26380886, 26380886, 26380886, 26380886, 26535544, 26535544, 26535544, 26535544, 26535544, 26535544, 26535544, 26164062, 26164062, 26164062, 26164062, 26164062, 26164062, 26164062, 26164062, 26164062, 26164062, 26164062, 26164062, 26164062, 26164062, 26164062, 26164062, 26164062, 26164062, 53949927, 26956587, 26956587, 26956587, 26956587, 26956587, 26956587, 26956587, 26759908, 26759908, 26759908, 26759908, 26759908, 26759908, 26759908, 26726923, 26726923, 26695203, 26695203, 26695203, 26695203, 26695203, 26695203, 26695203, 26695203, 26695203, 26695203, 26695203, 26695203, 26695203, 26695203, 26695203, 26695203, 26695203, 26695203, 26695203, 26695203, 26695203, 26695203, 26695203, 26695203, 26695203, 26695203, 26790979, 26790979, 26790979, 26706189, 26706189, 26706189, 26706189, 26706189, 26706189, 26706189, 26706189, 26706189, 26706189, 26706189, 26706189, 26706189, 26706189, 26706189, 26706189, 26706189, 26706189, 26706189, 26706189, 26706189, 26706189, 26706189, 26706189, 26706189, 26706189]",0,0,0,NPU,0,0,0,0,0,0,1.0,hot,0,0,0,0,1.0,0
0,256,meta-llama/Llama-3.1-8B,45,342,24933616928,170904516934,145970900006,130076792322,130160862378,53412289,"[27773145, 292018082, 27685307, 27685307, 27685307, 27685307, 27685307, 27685307, 27685307, 27685307, 27685307, 27685307, 27685307, 27685307, 27685307, 27512576, 27512576, 27512576, 1547770085, 27278932, 27278932, 27278932, 27278932, 27278932, 27278932, 27278932, 27278932, 115350397, 3184371740, 27685307, 27685307, 27512576, 27512576, 27512576, 27512576, 27512576, 27512576, 27512576, 1500903671, 27278932, 27232760, 27232760, 27232760, 27232760, 27232760, 27232760, 27232760, 27103283, 27103283, 27103283, 27103283, 27103283, 27103283, 240472485, 536864367, 28272208, 28272208, 28272208, 28272208, 28272208, 28272208, 28272208, 28272208, 27773145, 138818385, 26859940, 26859940, 26859940, 26859940, 26859940, 26859940, 26859940, 26859940, 26859940, 26859940, 26859940, 54402194, 28107904, 28107904, 28107904, 28107904, 28107904, 28107904, 28107904, 28107904, 28107904, 28107904, 28107904, 28107904, 27761521, 27761521, 27761521, 27761521, 27761521, 27761521, 27761521, 27761521, 27761521, 27766321, 27766321, 27766321, 27766321, 27766321, 27766321, 27766321, 27766321, 27766321, 27766321, 27512576, 27232760, 79661992, 27773145, 27773145, 27773145, 27773145, 408543732, 26699917, 26699917, 26699917, 26699917, 26699917, 26699917, 26699917, 26699917, 26699917, 26699917, 26699917, 26699917, 26699917, 26699917, 26699917, 26699917, 26615821, 26615821, 26615821, 26615821, 26615821, 26615821, 26615821, 26615821, 26615821, 26615821, 26615821, 26615821, 26615821, 26615821, 26615821, 26615821, 26615821, 26615821, 26615821, 26615821, 26615821, 26615821, 26615821, 26615821, 26615821, 26615821, 26615821, 26553020, 26553020, 26553020, 26553020, 26553020, 26553020, 26553020, 26553020, 26553020, 26553020, 26553020, 26553020, 26553020, 26553020, 26349776, 26349776, 26349776, 26349776, 26380886, 26380886, 26380886, 26380886, 26380886, 26380886, 26380886, 26380886, 26380886, 26380886, 26380886, 26380886, 26380886, 26380886, 26380886, 26380886, 26535544, 26535544, 26535544, 26535544, 26535544, 26535544, 26535544, 26164062, 26164062, 26164062, 26164062, 26164062, 26164062, 26164062, 26164062, 26164062, 26164062, 26164062, 26164062, 26164062, 26164062, 26164062, 26164062, 26164062, 26164062, 53949927, 26956587, 26956587, 26956587, 26956587, 26956587, 26956587, 26956587, 26759908, 26759908, 26759908, 26759908, 26759908, 26759908, 26759908, 26726923, 26726923, 26695203, 26695203, 26695203, 26695203, 26695203, 26695203, 26695203, 26695203, 26695203, 26695203, 26695203, 26695203, 26695203, 26695203, 26695203, 26695203, 26695203, 26695203, 26695203, 26695203, 26695203, 26695203, 26695203, 26695203, 26695203, 26695203, 26790979, 26790979, 26790979, 26706189, 26706189, 26706189, 26706189, 26706189, 26706189, 26706189, 26706189, 26706189, 26706189, 26706189, 26706189, 26706189, 26706189, 26706189, 26706189, 26706189, 26706189, 26706189, 26706189, 26706189, 26706189, 26706189, 26706189, 26706189, 26706189, 26645180, 26645180, 26645180, 26645180, 26645180, 26645180]",0,0,0,NPU,0,0,0,0,0,0,1.0,hot,0,0,0,0,1.0,0
0,260,meta-llama/Llama-3.1-8B,500,783,25242786610,171274740326,146031953716,132379932183,132495282580,48002379,"[3184371740, 27685307, 27685307, 27512576, 27512576, 27512576, 27512576, 27512576, 27512576, 27512576, 1500903671, 27278932, 27232760, 27232760, 27232760, 27232760, 27232760, 27232760, 27232760, 27103283, 27103283, 27103283, 27103283, 27103283, 27103283, 240472485, 536864367, 28272208, 28272208, 28272208, 28272208, 28272208, 28272208, 28272208, 28272208, 27773145, 138818385, 26859940, 26859940, 26859940, 26859940, 26859940, 26859940, 26859940, 26859940, 26859940, 26859940, 26859940, 54402194, 28107904, 28107904, 28107904, 28107904, 28107904, 28107904, 28107904, 28107904, 28107904, 28107904, 28107904, 28107904, 27761521, 27761521, 27761521, 27761521, 27761521, 27761521, 27761521, 27761521, 27761521, 27766321, 27766321, 27766321, 27766321, 27766321, 27766321, 27766321, 27766321, 27766321, 27766321, 27512576, 27232760, 79661992, 27773145, 27773145, 27773145, 27773145, 408543732, 26699917, 26699917, 26699917, 26699917, 26699917, 26699917, 26699917, 26699917, 26699917, 26699917, 26699917, 26699917, 26699917, 26699917, 26699917, 26699917, 26615821, 26615821, 26615821, 26615821, 26615821, 26615821, 26615821, 26615821, 26615821, 26615821, 26615821, 26615821, 26615821, 26615821, 26615821, 26615821, 26615821, 26615821, 26615821, 26615821, 26615821, 26615821, 26615821, 26615821, 26615821, 26615821, 26615821, 26553020, 26553020, 26553020, 26553020, 26553020, 26553020, 26553020, 26553020, 26553020, 26553020, 26553020, 26553020, 26553020, 26553020, 26349776, 26349776, 26349776, 26349776, 26380886, 26380886, 26380886, 26380886, 26380886, 26380886, 26380886, 26380886, 26380886, 26380886, 26380886, 26380886, 26380886, 26380886, 26380886, 26380886, 26535544, 26535544, 26535544, 26535544, 26535544, 26535544, 26535544, 26164062, 26164062, 26164062, 26164062, 26164062, 26164062, 26164062, 26164062, 26164062, 26164062, 26164062, 26164062, 26164062, 26164062, 26164062, 26164062, 26164062, 26164062, 53949927, 26956587, 26956587, 26956587, 26956587, 26956587, 26956587, 26956587, 26759908, 26759908, 26759908, 26759908, 26759908, 26759908, 26759908, 26726923, 26726923, 26695203, 26695203, 26695203, 26695203, 26695203, 26695203, 26695203, 26695203, 26695203, 26695203, 26695203, 26695203, 26695203, 26695203, 26695203, 26695203, 26695203, 26695203, 26695203, 26695203, 26695203, 26695203, 26695203, 26695203, 26695203, 26695203, 26790979, 26790979, 26790979, 26706189, 26706189, 26706189, 26706189, 26706189, 26706189, 26706189, 26706189, 26706189, 26706189, 26706189, 26706189, 26706189, 26706189, 26706189, 26706189, 26706189, 26706189, 26706189, 26706189, 26706189, 26706189, 26706189, 26706189, 26706189, 26706189, 26645180, 26645180, 26645180, 26645180, 26645180, 26645180, 26444528, 26444528, 26444528, 26444528, 26444528, 26444528, 26444528, 26444528, 26444528, 26444528, 26444528, 26444528, 26444528, 26444528]",0,0,0,NPU,0,0,0,0,0,0,1.0,hot,0,0,0,0,1.0,0
0,252,meta-llama/Llama-3.1-8B,30,352,24520427398,171667873371,147147445973,128262697671,128352583549,58550973,"[26997779, 2194470580, 27773145, 292018082, 27685307, 27685307, 27685307, 27685307, 27685307, 27685307, 27685307, 27685307, 27685307, 27685307, 27685307, 27685307, 27685307, 27512576, 27512576, 27512576, 26695203, 1521074882, 27278932, 27278932, 27278932, 27278932, 27278932, 27278932, 27278932, 27278932, 115350397, 3184371740, 27685307, 27685307, 27512576, 27512576, 27512576, 27512576, 27512576, 27512576, 27512576, 1500903671, 27278932, 27232760, 27232760, 27232760, 27232760, 27232760, 27232760, 27232760, 27103283, 27103283, 27103283, 27103283, 27103283, 27103283, 240472485, 536864367, 28272208, 28272208, 28272208, 28272208, 28272208, 28272208, 28272208, 28272208, 27773145, 138818385, 26859940, 26859940, 26859940, 26859940, 26859940, 26859940, 26859940, 26859940, 26859940, 26859940, 26859940, 54402194, 28107904, 28107904, 28107904, 28107904, 28107904, 28107904, 28107904, 28107904, 28107904, 28107904, 28107904, 28107904, 27761521, 27761521, 27761521, 27761521, 27761521, 27761521, 27761521, 27761521, 27761521, 27766321, 27766321, 27766321, 27766321, 27766321, 27766321, 27766321, 27766321, 27766321, 27766321, 27512576, 27232760, 79661992, 27773145, 27773145, 27773145, 27773145, 408543732, 26699917, 26699917, 26699917, 26699917, 26699917, 26699917, 26699917, 26699917, 26699917, 26699917, 26699917, 26699917, 26699917, 26699917, 26699917, 26699917, 26615821, 26615821, 26615821, 26615821, 26615821, 26615821, 26615821, 26615821, 26615821, 26615821, 26615821, 26615821, 26615821, 26615821, 26615821, 26615821, 26615821, 26615821, 26615821, 26615821, 26615821, 26615821, 26615821, 26615821, 26615821, 26615821, 26615821, 26553020, 26553020, 26553020, 26553020, 26553020, 26553020, 26553020, 26553020, 26553020, 26553020, 26553020, 26553020, 26553020, 26553020, 26349776, 26349776, 26349776, 26349776, 26380886, 26380886, 26380886, 26380886, 26380886, 26380886, 26380886, 26380886, 26380886, 26380886, 26380886, 26380886, 26380886, 26380886, 26380886, 26380886, 26535544, 26535544, 26535544, 26535544, 26535544, 26535544, 26535544, 26164062, 26164062, 26164062, 26164062, 26164062, 26164062, 26164062, 26164062, 26164062, 26164062, 26164062, 26164062, 26164062, 26164062, 26164062, 26164062, 26164062, 26164062, 53949927, 26956587, 26956587, 26956587, 26956587, 26956587, 26956587, 26956587, 26759908, 26759908, 26759908, 26759908, 26759908, 26759908, 26759908, 26726923, 26726923, 26695203, 26695203, 26695203, 26695203, 26695203, 26695203, 26695203, 26695203, 26695203, 26695203, 26695203, 26695203, 26695203, 26695203, 26695203, 26695203, 26695203, 26695203, 26695203, 26695203, 26695203, 26695203, 26695203, 26695203, 26695203, 26695203, 26790979, 26790979, 26790979, 26706189, 26706189, 26706189, 26706189, 26706189, 26706189, 26706189, 26706189, 26706189, 26706189, 26706189, 26706189, 26706189, 26706189, 26706189, 26706189, 26706189, 26706189, 26706189, 26706189, 26706189, 26706189, 26706189, 26706189, 26706189, 26706189, 26645180, 26645180, 26645180, 26645180, 26645180, 26645180, 26444528, 26444528, 26444528, 26444528, 26444528, 26444528, 26444528, 26444528, 26444528, 26444528, 26444528, 26444528, 26444528, 26444528, 209464885, 26164062, 25921863, 26316447, 26316447, 26316447, 26316447, 26316447]",0,0,0,NPU,0,0,0,0,0,0,1.0,hot,0,0,0,0,1.0,0
0,262,meta-llama/Llama-3.1-8B,9,305,25718935642,172376339075,146657403433,131903783151,132019133548,49621253,"[3184371740, 27685307, 27685307, 27512576, 27512576, 27512576, 27512576, 27512576, 27512576, 27512576, 1500903671, 27278932, 27232760, 27232760, 27232760, 27232760, 27232760, 27232760, 27232760, 27103283, 27103283, 27103283, 27103283, 27103283, 27103283, 240472485, 536864367, 28272208, 28272208, 28272208, 28272208, 28272208, 28272208, 28272208, 28272208, 27773145, 138818385, 26859940, 26859940, 26859940, 26859940, 26859940, 26859940, 26859940, 26859940, 26859940, 26859940, 26859940, 54402194, 28107904, 28107904, 28107904, 28107904, 28107904, 28107904, 28107904, 28107904, 28107904, 28107904, 28107904, 28107904, 27761521, 27761521, 27761521, 27761521, 27761521, 27761521, 27761521, 27761521, 27761521, 27766321, 27766321, 27766321, 27766321, 27766321, 27766321, 27766321, 27766321, 27766321, 27766321, 27512576, 27232760, 79661992, 27773145, 27773145, 27773145, 27773145, 408543732, 26699917, 26699917, 26699917, 26699917, 26699917, 26699917, 26699917, 26699917, 26699917, 26699917, 26699917, 26699917, 26699917, 26699917, 26699917, 26699917, 26615821, 26615821, 26615821, 26615821, 26615821, 26615821, 26615821, 26615821, 26615821, 26615821, 26615821, 26615821, 26615821, 26615821, 26615821, 26615821, 26615821, 26615821, 26615821, 26615821, 26615821, 26615821, 26615821, 26615821, 26615821, 26615821, 26615821, 26553020, 26553020, 26553020, 26553020, 26553020, 26553020, 26553020, 26553020, 26553020, 26553020, 26553020, 26553020, 26553020, 26553020, 26349776, 26349776, 26349776, 26349776, 26380886, 26380886, 26380886, 26380886, 26380886, 26380886, 26380886, 26380886, 26380886, 26380886, 26380886, 26380886, 26380886, 26380886, 26380886, 26380886, 26535544, 26535544, 26535544, 26535544, 26535544, 26535544, 26535544, 26164062, 26164062, 26164062, 26164062, 26164062, 26164062, 26164062, 26164062, 26164062, 26164062, 26164062, 26164062, 26164062, 26164062, 26164062, 26164062, 26164062, 26164062, 53949927, 26956587, 26956587, 26956587, 26956587, 26956587, 26956587, 26956587, 26759908, 26759908, 26759908, 26759908, 26759908, 26759908, 26759908, 26726923, 26726923, 26695203, 26695203, 26695203, 26695203, 26695203, 26695203, 26695203, 26695203, 26695203, 26695203, 26695203, 26695203, 26695203, 26695203, 26695203, 26695203, 26695203, 26695203, 26695203, 26695203, 26695203, 26695203, 26695203, 26695203, 26695203, 26695203, 26790979, 26790979, 26790979, 26706189, 26706189, 26706189, 26706189, 26706189, 26706189, 26706189, 26706189, 26706189, 26706189, 26706189, 26706189, 26706189, 26706189, 26706189, 26706189, 26706189, 26706189, 26706189, 26706189, 26706189, 26706189, 26706189, 26706189, 26706189, 26706189, 26645180, 26645180, 26645180, 26645180, 26645180, 26645180, 26444528, 26444528, 26444528, 26444528, 26444528, 26444528, 26444528, 26444528, 26444528, 26444528, 26444528, 26444528, 26444528, 26444528, 209464885, 26164062, 25921863, 182221391, 26759908, 26759908, 26759908, 26759908, 26759908, 26759908, 26759908, 26759908, 443747284]",0,0,0,NPU,0,0,0,0,0,0,1.0,hot,0,0,0,0,1.0,0
0,263,meta-llama/Llama-3.1-8B,68,376,25791985174,172776791334,146984806160,135068936970,135130455756,38613519,"[27685307, 27685307, 27512576, 27512576, 27512576, 27512576, 27512576, 27512576, 27512576, 1500903671, 27278932, 27232760, 27232760, 27232760, 27232760, 27232760, 27232760, 27232760, 27103283, 27103283, 27103283, 27103283, 27103283, 27103283, 240472485, 536864367, 28272208, 28272208, 28272208, 28272208, 28272208, 28272208, 28272208, 28272208, 27773145, 138818385, 26859940, 26859940, 26859940, 26859940, 26859940, 26859940, 26859940, 26859940, 26859940, 26859940, 26859940, 54402194, 28107904, 28107904, 28107904, 28107904, 28107904, 28107904, 28107904, 28107904, 28107904, 28107904, 28107904, 28107904, 27761521, 27761521, 27761521, 27761521, 27761521, 27761521, 27761521, 27761521, 27761521, 27766321, 27766321, 27766321, 27766321, 27766321, 27766321, 27766321, 27766321, 27766321, 27766321, 27512576, 27232760, 79661992, 27773145, 27773145, 27773145, 27773145, 408543732, 26699917, 26699917, 26699917, 26699917, 26699917, 26699917, 26699917, 26699917, 26699917, 26699917, 26699917, 26699917, 26699917, 26699917, 26699917, 26699917, 26615821, 26615821, 26615821, 26615821, 26615821, 26615821, 26615821, 26615821, 26615821, 26615821, 26615821, 26615821, 26615821, 26615821, 26615821, 26615821, 26615821, 26615821, 26615821, 26615821, 26615821, 26615821, 26615821, 26615821, 26615821, 26615821, 26615821, 26553020, 26553020, 26553020, 26553020, 26553020, 26553020, 26553020, 26553020, 26553020, 26553020, 26553020, 26553020, 26553020, 26553020, 26349776, 26349776, 26349776, 26349776, 26380886, 26380886, 26380886, 26380886, 26380886, 26380886, 26380886, 26380886, 26380886, 26380886, 26380886, 26380886, 26380886, 26380886, 26380886, 26380886, 26535544, 26535544, 26535544, 26535544, 26535544, 26535544, 26535544, 26164062, 26164062, 26164062, 26164062, 26164062, 26164062, 26164062, 26164062, 26164062, 26164062, 26164062, 26164062, 26164062, 26164062, 26164062, 26164062, 26164062, 26164062, 53949927, 26956587, 26956587, 26956587, 26956587, 26956587, 26956587, 26956587, 26759908, 26759908, 26759908, 26759908, 26759908, 26759908, 26759908, 26726923, 26726923, 26695203, 26695203, 26695203, 26695203, 26695203, 26695203, 26695203, 26695203, 26695203, 26695203, 26695203, 26695203, 26695203, 26695203, 26695203, 26695203, 26695203, 26695203, 26695203, 26695203, 26695203, 26695203, 26695203, 26695203, 26695203, 26695203, 26790979, 26790979, 26790979, 26706189, 26706189, 26706189, 26706189, 26706189, 26706189, 26706189, 26706189, 26706189, 26706189, 26706189, 26706189, 26706189, 26706189, 26706189, 26706189, 26706189, 26706189, 26706189, 26706189, 26706189, 26706189, 26706189, 26706189, 26706189, 26706189, 26645180, 26645180, 26645180, 26645180, 26645180, 26645180, 26444528, 26444528, 26444528, 26444528, 26444528, 26444528, 26444528, 26444528, 26444528, 26444528, 26444528, 26444528, 26444528, 26444528, 209464885, 26164062, 208143254, 26759908, 26759908, 26759908, 26759908, 26759908, 26759908, 26759908, 26759908, 443747284, 55817415, 26726923, 26726923, 26726923, 26726923, 26726923, 26726923, 26324758, 26324758, 26324758, 26324758, 26324758, 26324758, 26324758]",0,0,0,NPU,0,0,0,0,0,0,1.0,hot,0,0,0,0,1.0,0
0,241,meta-llama/Llama-3.1-8B,6,639,22769667855,177105099655,154335431800,119285016554,119635673456,54904680,"[52098405, 29498668, 29498668, 29498668, 29498668, 29498668, 536630509, 28863593, 28863593, 28863593, 28863593, 28863593, 28863593, 28863593, 28863593, 28863593, 28863593, 28863593, 1892752821, 28193675, 28193675, 28193675, 28193675, 28193675, 28193675, 28193675, 28193675, 28193675, 28193675, 28272208, 28272208, 28272208, 28272208, 28272208, 28272208, 28272208, 28272208, 28272208, 28272208, 28272208, 28272208, 28272208, 27766321, 27766321, 28107904, 28107904, 28107904, 28107904, 28107904, 28107904, 28114176, 1434829155, 27685307, 27685307, 27512576, 27512576, 27512576, 27512576, 27278932, 27278932, 27278932, 27278932, 27278932, 27232760, 27232760, 27232760, 27232760, 27232760, 27232760, 27232760, 27232760, 27232760, 27103283, 27103283, 27103283, 27103283, 27103283, 27103283, 27103283, 27103283, 27103283, 27103283, 27061067, 27061067, 27061067, 27061067, 188231245, 26956587, 26956587, 26956587, 26726923, 26726923, 831253722, 26759908, 26759908, 187331429, 26956587, 26726923, 1174806600, 26759908, 26759908, 1152253891, 26445624, 26445624, 26445624, 350148163, 26997779, 2194470580, 27773145, 292018082, 27685307, 27685307, 27685307, 27685307, 27685307, 27685307, 27685307, 27685307, 27685307, 27685307, 27685307, 27685307, 27685307, 27512576, 27512576, 27512576, 26695203, 1521074882, 27278932, 27278932, 27278932, 27278932, 27278932, 27278932, 27278932, 27278932, 115350397, 26125428, 26125428, 26125428, 26125428, 3079870028, 27685307, 27685307, 27512576, 27512576, 27512576, 27512576, 27512576, 27512576, 27512576, 26535544, 26535544, 1447832583, 27278932, 27232760, 27232760, 27232760, 27232760, 27232760, 27232760, 27232760, 27103283, 27103283, 27103283, 27103283, 27103283, 27103283, 240472485, 536864367, 28272208, 28272208, 28272208, 28272208, 28272208, 28272208, 28272208, 28272208, 27773145, 25465799, 113352586, 26859940, 26859940, 26859940, 26859940, 26859940, 26859940, 26859940, 26859940, 26859940, 26859940, 26859940, 54402194, 28107904, 28107904, 28107904, 28107904, 28107904, 28107904, 28107904, 28107904, 28107904, 28107904, 28107904, 28107904, 27761521, 27761521, 27761521, 27761521, 27761521, 27761521, 27761521, 27761521, 27761521, 27766321, 27766321, 27766321, 27766321, 27766321, 27766321, 27766321, 27766321, 27766321, 27766321, 27512576, 27232760, 25846330, 26042517, 27773145, 27773145, 27773145, 27773145, 27773145, 408543732, 26699917, 26699917, 26699917, 26699917, 26699917, 26699917, 26699917, 26699917, 26699917, 26699917, 26699917, 26699917, 26699917, 26699917, 26699917, 26699917, 26615821, 26615821, 26615821, 26615821, 26615821, 26615821, 26615821, 26615821, 26615821, 26615821, 26615821, 26615821, 26615821, 26615821, 26615821, 26615821, 26615821, 26615821, 26615821, 26615821, 26615821, 26615821, 26615821, 26615821, 26615821, 26615821, 26615821, 26553020, 26553020, 26553020, 26553020, 26553020, 26553020, 26553020, 26553020, 26553020, 26553020, 26553020, 26553020, 26553020, 26553020, 26349776, 26349776, 26349776, 26349776, 26380886, 26380886, 26380886, 26380886, 26380886, 26380886, 26380886, 26380886, 26380886, 26380886, 26380886, 26380886, 26380886, 26380886, 26380886, 26380886, 26535544, 26535544, 26535544, 26535544, 26535544, 26535544, 26535544, 26164062, 26164062, 26164062, 26164062, 26164062, 26164062, 26164062, 26164062, 26164062, 26164062, 26164062, 26164062, 26164062, 26164062, 26164062, 26164062, 26164062, 26164062, 53949927, 26956587, 26956587, 26956587, 26956587, 26956587, 26956587, 26956587, 26759908, 26759908, 26759908, 26759908, 26759908, 26759908, 26759908, 26726923, 26726923, 26695203, 26695203, 26695203, 26695203, 26695203, 26695203, 26695203, 26695203, 26695203, 26695203, 26695203, 26695203, 26695203, 26695203, 26695203, 26695203, 26695203, 26695203, 26695203, 26695203, 26695203, 26695203, 26695203, 26695203, 26695203, 26695203, 26790979, 26790979, 26790979, 26706189, 26706189, 26706189, 26706189, 26706189, 26706189, 26706189, 26706189, 26706189, 26706189, 26706189, 26706189, 26706189, 26706189, 26706189, 26706189, 26706189, 26706189, 26706189, 26706189, 26706189, 26706189, 26706189, 26706189, 26706189, 26706189, 26645180, 26645180, 26645180, 26645180, 26645180, 26645180, 26444528, 26444528, 26444528, 26444528, 26444528, 26444528, 26444528, 26444528, 26444528, 26444528, 26444528, 26444528, 26444528, 26444528, 209464885, 26164062, 25921863, 26316447, 26316447, 26316447, 26316447, 26316447, 50639156, 26759908, 26759908, 26759908, 26759908, 26759908, 26759908, 26759908, 26759908, 25829685, 25829685, 25829685, 25829685, 25829685, 25829685, 25829685, 27029173, 27029173, 27029173, 27029173, 27029173, 127793624, 55817415, 26726923, 26726923, 26726923, 26726923, 26726923, 26726923, 26324758, 26324758, 26324758, 26324758, 26324758, 26324758, 26324758, 70930682, 27029173, 27029173, 27029173, 27029173, 27029173, 27029173, 27029173, 27275701, 27275701, 27275701, 27275701, 27275701, 27275701, 27275701, 27275701, 27275701, 129449073, 25829685, 25829685, 25829685, 25829685, 25829685, 25829685, 25829685, 25829685, 25829685, 25829685, 25829685, 25892533, 25892533, 25892533, 25892533, 25892533, 25892533, 25892533, 25892533, 25892533, 25892533, 25892533, 25892533, 25892533, 25892533, 25892533, 25892533, 25892533, 25892533, 25892533, 25892533, 25892533, 25892533, 25892533, 25892533, 25892533, 25892533, 25892533, 25892533, 25892533, 25892533, 25892533, 25892533, 25892533, 25892533, 25892533, 25892533, 25892533, 25892533, 25892533, 25892533, 25892533, 25892533, 25892533, 25892533, 25892533, 25892533, 25892533, 25892533, 25892533, 25892533, 25892533, 25892533, 25892533, 25892533, 25892533, 25892533, 25892533, 25892533, 25892533, 25892533, 25892533, 25892533, 25892533, 25892533, 26150133, 26150133, 26150133, 26150133, 26150133, 26150133, 26150133, 26150133, 26150133, 26150133, 26150133, 26150133, 26150133, 26150133, 26150133, 26150133, 26150133, 26150133, 26150133, 26150133, 26150133, 26150133, 26150133, 26150133, 26150133, 26150133, 26150133, 26150133, 26150133, 26150133, 26150133, 26150133, 26150133, 26150133, 26150133, 26150133, 26150133, 26150133, 26150133, 26150133, 26150133, 26150133, 26150133, 26150133, 26150133, 26150133, 26150133, 26150133, 26150133, 26150133, 26150133, 26150133, 26150133, 26150133, 26150133, 26150133, 26150133, 26150133, 26150133, 26150133, 26150133, 26150133, 26150133, 26150133, 26128629, 26128629, 26128629]",0,0,0,NPU,0,0,0,0,0,0,1.0,hot,0,0,0,0,1.0,0
0,261,meta-llama/Llama-3.1-8B,13,502,25703843584,177853928043,152150084459,131918875209,132034225606,41221022,"[3184371740, 27685307, 27685307, 27512576, 27512576, 27512576, 27512576, 27512576, 27512576, 27512576, 1500903671, 27278932, 27232760, 27232760, 27232760, 27232760, 27232760, 27232760, 27232760, 27103283, 27103283, 27103283, 27103283, 27103283, 27103283, 240472485, 536864367, 28272208, 28272208, 28272208, 28272208, 28272208, 28272208, 28272208, 28272208, 27773145, 138818385, 26859940, 26859940, 26859940, 26859940, 26859940, 26859940, 26859940, 26859940, 26859940, 26859940, 26859940, 54402194, 28107904, 28107904, 28107904, 28107904, 28107904, 28107904, 28107904, 28107904, 28107904, 28107904, 28107904, 28107904, 27761521, 27761521, 27761521, 27761521, 27761521, 27761521, 27761521, 27761521, 27761521, 27766321, 27766321, 27766321, 27766321, 27766321, 27766321, 27766321, 27766321, 27766321, 27766321, 27512576, 27232760, 79661992, 27773145, 27773145, 27773145, 27773145, 408543732, 26699917, 26699917, 26699917, 26699917, 26699917, 26699917, 26699917, 26699917, 26699917, 26699917, 26699917, 26699917, 26699917, 26699917, 26699917, 26699917, 26615821, 26615821, 26615821, 26615821, 26615821, 26615821, 26615821, 26615821, 26615821, 26615821, 26615821, 26615821, 26615821, 26615821, 26615821, 26615821, 26615821, 26615821, 26615821, 26615821, 26615821, 26615821, 26615821, 26615821, 26615821, 26615821, 26615821, 26553020, 26553020, 26553020, 26553020, 26553020, 26553020, 26553020, 26553020, 26553020, 26553020, 26553020, 26553020, 26553020, 26553020, 26349776, 26349776, 26349776, 26349776, 26380886, 26380886, 26380886, 26380886, 26380886, 26380886, 26380886, 26380886, 26380886, 26380886, 26380886, 26380886, 26380886, 26380886, 26380886, 26380886, 26535544, 26535544, 26535544, 26535544, 26535544, 26535544, 26535544, 26164062, 26164062, 26164062, 26164062, 26164062, 26164062, 26164062, 26164062, 26164062, 26164062, 26164062, 26164062, 26164062, 26164062, 26164062, 26164062, 26164062, 26164062, 53949927, 26956587, 26956587, 26956587, 26956587, 26956587, 26956587, 26956587, 26759908, 26759908, 26759908, 26759908, 26759908, 26759908, 26759908, 26726923, 26726923, 26695203, 26695203, 26695203, 26695203, 26695203, 26695203, 26695203, 26695203, 26695203, 26695203, 26695203, 26695203, 26695203, 26695203, 26695203, 26695203, 26695203, 26695203, 26695203, 26695203, 26695203, 26695203, 26695203, 26695203, 26695203, 26695203, 26790979, 26790979, 26790979, 26706189, 26706189, 26706189, 26706189, 26706189, 26706189, 26706189, 26706189, 26706189, 26706189, 26706189, 26706189, 26706189, 26706189, 26706189, 26706189, 26706189, 26706189, 26706189, 26706189, 26706189, 26706189, 26706189, 26706189, 26706189, 26706189, 26645180, 26645180, 26645180, 26645180, 26645180, 26645180, 26444528, 26444528, 26444528, 26444528, 26444528, 26444528, 26444528, 26444528, 26444528, 26444528, 26444528, 26444528, 26444528, 26444528, 209464885, 26164062, 25921863, 182221391, 26759908, 26759908, 26759908, 26759908, 26759908, 26759908, 26759908, 26759908, 25829685, 25829685, 25829685, 25829685, 25829685, 25829685, 25829685, 262939489, 55817415, 26726923, 26726923, 26726923, 26726923, 26726923, 26726923, 26324758, 26324758, 26324758, 26324758, 26324758, 26324758, 26324758, 70930682, 564134593, 25829685, 25829685, 25829685, 25829685, 25829685, 25829685, 25829685, 25829685, 25829685, 25829685, 25829685, 25892533, 25892533, 25892533, 25892533, 25892533, 25892533, 25892533, 25892533, 25892533, 25892533, 25892533, 25892533, 25892533, 25892533, 25892533, 25892533, 25892533, 25892533, 25892533, 25892533, 25892533, 25892533, 25892533, 25892533, 25892533, 25892533, 25892533, 25892533, 25892533, 25892533, 25892533, 25892533, 25892533, 25892533, 25892533, 25892533, 25892533, 25892533, 25892533, 25892533, 25892533, 25892533, 25892533, 25892533, 25892533, 25892533, 25892533, 25892533, 25892533, 25892533, 25892533, 25892533, 25892533, 25892533, 25892533, 25892533, 25892533, 25892533, 25892533, 25892533, 25892533, 25892533, 25892533, 25892533, 26150133, 26150133, 26150133, 26150133, 26150133, 26150133, 26150133, 26150133, 26150133, 26150133, 26150133, 26150133, 26150133, 26150133, 26150133, 26150133, 26150133, 26150133, 26150133, 26150133, 26150133, 26150133, 26150133, 26150133, 26150133, 26150133, 26150133, 26150133, 26150133, 26150133, 26150133, 26150133, 26150133, 26150133, 26150133, 26150133, 26150133, 26150133, 26150133, 26150133, 26150133, 26150133, 26150133, 26150133, 26150133, 26150133, 26150133, 26150133, 26150133, 26150133, 26150133, 26150133, 26150133, 26150133, 26150133, 26150133, 26150133, 26150133, 26150133, 26150133, 26150133, 26150133, 26150133, 26150133, 26128629, 26128629, 26128629, 26552895, 26552895, 26552895, 26552895, 26552895, 26552895, 26552895, 26552895, 26552895, 26552895, 26552895, 26552895, 26887103, 26887103, 26887103, 26887103, 26887103, 26887103, 26887103, 26887103, 26887103, 26887103, 26887103, 26887103, 26887103, 26887103, 26887103, 26887103]",0,0,0,NPU,0,0,0,0,0,0,1.0,hot,0,0,0,0,1.0,0
0,273,meta-llama/Llama-3.1-8B,329,490,27234917969,178017322956,150782404987,136469750486,136594250080,88675968,"[28272208, 28272208, 28272208, 28272208, 28272208, 28272208, 28272208, 28272208, 516453064, 28107904, 28107904, 28107904, 28107904, 28107904, 28107904, 28107904, 28107904, 28107904, 28107904, 28107904, 28107904, 27761521, 27761521, 27761521, 27761521, 27761521, 27761521, 27761521, 27761521, 27761521, 27766321, 27766321, 27766321, 27766321, 27766321, 27766321, 27766321, 27766321, 27766321, 27766321, 134407328, 27773145, 27773145, 27773145, 27773145, 3164256982, 26956587, 26956587, 26956587, 26956587, 26956587, 26956587, 26956587, 26759908, 26759908, 26759908, 26759908, 26759908, 26759908, 26759908, 26726923, 26726923, 26695203, 26695203, 26695203, 26695203, 26695203, 26695203, 26695203, 26695203, 26695203, 26695203, 26695203, 26695203, 26695203, 26695203, 26695203, 26695203, 26695203, 26695203, 26695203, 26695203, 26695203, 26695203, 26695203, 26695203, 26695203, 26695203, 26790979, 26790979, 26790979, 26706189, 26706189, 26706189, 26706189, 26706189, 26706189, 26706189, 26706189, 26706189, 26706189, 26706189, 26706189, 26706189, 26706189, 26706189, 26706189, 26706189, 26706189, 26706189, 26706189, 26706189, 26706189, 26706189, 26706189, 26706189, 26706189, 26645180, 26645180, 26645180, 26645180, 26645180, 26645180, 26444528, 26444528, 26444528, 26444528, 26444528, 26444528, 26444528, 26444528, 26444528, 26444528, 26444528, 26444528, 26444528, 26444528, 209464885, 234307316, 26759908, 26759908, 26759908, 26759908, 26759908, 26759908, 26759908, 26759908, 499564699, 26726923, 26726923, 26726923, 26726923, 26726923, 26726923, 255203988, 5062437024, 26790979, 26790979, 26790979, 26790979]",0,0,0,NPU,0,0,0,0,0,0,1.0,hot,0,0,0,0,1.0,0
0,233,meta-llama/Llama-3.1-8B,1181,1882,21871296012,178371400413,156500104401,120183388397,120534045299,51380084,"[52098405, 29498668, 29498668, 29498668, 29498668, 29498668, 536630509, 28863593, 28863593, 28863593, 28863593, 28863593, 28863593, 28863593, 28863593, 28863593, 28863593, 28863593, 1892752821, 28193675, 28193675, 28193675, 28193675, 28193675, 28193675, 28193675, 28193675, 28193675, 28193675, 28272208, 28272208, 28272208, 28272208, 28272208, 28272208, 28272208, 28272208, 28272208, 28272208, 28272208, 28272208, 28272208, 27766321, 27766321, 28107904, 28107904, 28107904, 28107904, 28107904, 28107904, 28114176, 1434829155, 27685307, 27685307, 27512576, 27512576, 27512576, 27512576, 27278932, 27278932, 27278932, 27278932, 27278932, 27232760, 27232760, 27232760, 27232760, 27232760, 27232760, 27232760, 27232760, 27232760, 27103283, 27103283, 27103283, 27103283, 27103283, 27103283, 27103283, 27103283, 27103283, 27103283, 27061067, 27061067, 27061067, 27061067, 188231245, 26956587, 26956587, 26956587, 26726923, 26726923, 831253722, 26759908, 26759908, 187331429, 26956587, 26726923, 1174806600, 26759908, 26759908, 1152253891, 26445624, 26445624, 26445624, 350148163, 26997779, 2194470580, 27773145, 25853850, 25853850, 26049543, 26049543, 26049543, 162161753, 27685307, 27685307, 27685307, 27685307, 27685307, 27685307, 27685307, 27685307, 27685307, 27685307, 27685307, 27685307, 27685307, 27512576, 27512576, 27512576, 26695203, 1521074882, 27278932, 27278932, 27278932, 27278932, 27278932, 27278932, 27278932, 27278932, 115350397, 26125428, 26125428, 26125428, 26125428, 3079870028, 27685307, 27685307, 27512576, 27512576, 27512576, 27512576, 27512576, 27512576, 27512576, 26535544, 26535544, 26368885, 26368885, 26368885, 26368885, 1342357043, 27278932, 27232760, 27232760, 27232760, 27232760, 27232760, 27232760, 27232760, 27103283, 27103283, 27103283, 27103283, 27103283, 27103283, 240472485, 26032767, 26032767, 26032767, 26032767, 26032767, 406700532, 28272208, 28272208, 28272208, 28272208, 28272208, 28272208, 28272208, 28272208, 27773145, 25465799, 113352586, 26859940, 26859940, 26859940, 26859940, 26859940, 26859940, 26859940, 26859940, 26859940, 26859940, 26859940, 54402194, 28107904, 28107904, 28107904, 28107904, 28107904, 28107904, 28107904, 28107904, 28107904, 28107904, 28107904, 28107904, 27761521, 27761521, 27761521, 27761521, 27761521, 27761521, 27761521, 27761521, 27761521, 27766321, 27766321, 27766321, 27766321, 27766321, 27766321, 27766321, 27766321, 27766321, 27766321, 27512576, 27232760, 25846330, 26042517, 27773145, 27773145, 27773145, 27773145, 27773145, 26447349, 26447349, 26447349, 26447349, 26447349, 26603195, 26603195, 26603195, 26603195, 26603195, 26603195, 116687817, 26699917, 26699917, 26699917, 26699917, 26699917, 26699917, 26699917, 26699917, 26699917, 26699917, 26699917, 26699917, 26699917, 26699917, 26699917, 26699917, 26615821, 26615821, 26615821, 26615821, 26615821, 26615821, 26615821, 26615821, 26615821, 26615821, 26615821, 26615821, 26615821, 26615821, 26615821, 26615821, 26615821, 26615821, 26615821, 26615821, 26615821, 26615821, 26615821, 26615821, 26615821, 26615821, 26615821, 26553020, 26553020, 26553020, 26553020, 26553020, 26553020, 26553020, 26553020, 26553020, 26553020, 26553020, 26553020, 26553020, 26553020, 26349776, 26349776, 26349776, 26349776, 26380886, 26380886, 26380886, 26380886, 26380886, 26380886, 26380886, 26380886, 26380886, 26380886, 26380886, 26380886, 26380886, 26380886, 26380886, 26380886, 26535544, 26535544, 26535544, 26535544, 26535544, 26535544, 26535544, 26164062, 26164062, 26164062, 26164062, 26164062, 26164062, 26164062, 26164062, 26164062, 26164062, 26164062, 26164062, 26164062, 26164062, 26164062, 26164062, 26164062, 26164062, 53949927, 26956587, 26956587, 26956587, 26956587, 26956587, 26956587, 26956587, 26759908, 26759908, 26759908, 26759908, 26759908, 26759908, 26759908, 26726923, 26726923, 26695203, 26695203, 26695203, 26695203, 26695203, 26695203, 26695203, 26695203, 26695203, 26695203, 26695203, 26695203, 26695203, 26695203, 26695203, 26695203, 26695203, 26695203, 26695203, 26695203, 26695203, 26695203, 26695203, 26695203, 26695203, 26695203, 26790979, 26790979, 26790979, 26706189, 26706189, 26706189, 26706189, 26706189, 26706189, 26706189, 26706189, 26706189, 26706189, 26706189, 26706189, 26706189, 26706189, 26706189, 26706189, 26706189, 26706189, 26706189, 26706189, 26706189, 26706189, 26706189, 26706189, 26706189, 26706189, 26645180, 26645180, 26645180, 26645180, 26645180, 26645180, 26444528, 26444528, 26444528, 26444528, 26444528, 26444528, 26444528, 26444528, 26444528, 26444528, 26444528, 26444528, 26444528, 26444528, 209464885, 26164062, 25921863, 26316447, 26316447, 26316447, 26316447, 26316447, 50639156, 26759908, 26759908, 26759908, 26759908, 26759908, 26759908, 26759908, 26759908, 25829685, 25829685, 25829685, 25829685, 25829685, 25829685, 25829685, 27029173, 27029173, 27029173, 27029173, 27029173, 127793624, 55817415, 26726923, 26726923, 26726923, 26726923, 26726923, 26726923, 26324758, 26324758, 26324758, 26324758, 26324758, 26324758, 26324758, 70930682, 27029173, 27029173, 27029173, 27029173, 27029173, 27029173, 27029173, 27275701, 27275701, 27275701, 27275701, 27275701, 27275701, 27275701, 27275701, 27275701, 129449073, 25829685, 25829685, 25829685, 25829685, 25829685, 25829685, 25829685, 25829685, 25829685, 25829685, 25829685, 25892533, 25892533, 25892533, 25892533, 25892533, 25892533, 25892533, 25892533, 25892533, 25892533, 25892533, 25892533, 25892533, 25892533, 25892533, 25892533, 25892533, 25892533, 25892533, 25892533, 25892533, 25892533, 25892533, 25892533, 25892533, 25892533, 25892533, 25892533, 25892533, 25892533, 25892533, 25892533, 25892533, 25892533, 25892533, 25892533, 25892533, 25892533, 25892533, 25892533, 25892533, 25892533, 25892533, 25892533, 25892533, 25892533, 25892533, 25892533, 25892533, 25892533, 25892533, 25892533, 25892533, 25892533, 25892533, 25892533, 25892533, 25892533, 25892533, 25892533, 25892533, 25892533, 25892533, 25892533, 26150133, 26150133, 26150133, 26150133, 26150133, 26150133, 26150133, 26150133, 26150133, 26150133, 26150133, 26150133, 26150133, 26150133, 26150133, 26150133, 26150133, 26150133, 26150133, 26150133, 26150133, 26150133, 26150133, 26150133, 26150133, 26150133, 26150133, 26150133, 26150133, 26150133, 26150133, 26150133, 26150133, 26150133, 26150133, 26150133, 26150133, 26150133, 26150133, 26150133, 26150133, 26150133, 26150133, 26150133, 26150133, 26150133, 26150133, 26150133, 26150133, 26150133, 26150133, 26150133, 26150133, 26150133, 26150133, 26150133, 26150133, 26150133, 26150133, 26150133, 26150133, 26150133, 26150133, 26150133, 26128629, 26128629, 26128629, 26552895, 26552895, 26552895, 26552895, 26552895, 26552895, 26552895, 26552895, 26552895, 26552895, 26552895, 26552895, 26887103, 26887103, 26887103, 26887103, 26887103, 26887103, 26887103, 26887103, 26887103, 26887103, 26887103, 26887103, 26887103, 26887103, 26887103, 26887103, 56230997, 26790979, 26790979, 26790979, 26790979, 116323641, 26726923, 26726923, 26820478, 26246582, 26246582, 26246582, 26246582, 26246582, 26246582]",0,0,0,PCIE_NVME,0,3007315968,0,3007315968,3007315968,3007315968,1.0,hot,0,0,0,0,1.0,6014631936
0,293,meta-llama/Llama-3.1-8B,1,10,28818589284,178853661738,150035072454,149552811129,149812887294,27773145,"[27773145, 27773145, 27773145, 27773145, 27773145, 27773145, 27773145, 27773145]",0,0,0,NPU,0,0,0,0,0,0,1.0,hot,0,0,0,0,1.0,0
0,274,meta-llama/Llama-3.1-8B,1065,1110,27306527292,178933470350,151626943058,143968213034,144177677919,169301480,"[234307316, 26759908, 26759908, 26759908, 26759908, 26759908, 26759908, 26759908, 26759908, 499564699, 26726923, 26726923, 26726923, 26726923, 26726923, 26726923, 255203988, 5062437024, 26790979, 26790979, 26790979, 26790979, 116323641, 26726923, 26726923, 26820478, 26246582, 26246582, 26246582, 26246582, 26246582, 26246582, 260076165, 27773145, 27773145, 27773145, 27773145, 27773145, 27773145, 27773145, 27773145, 27232760, 26287926, 26287926]",0,0,0,NPU,0,0,0,0,0,0,1.0,hot,0,0,0,0,1.0,0
0,285,meta-llama/Llama-3.1-8B,172,188,28330075320,179188779382,150858704062,150041325093,150301401258,37153520,"[27773145, 27773145, 27773145, 27773145, 27773145, 27773145, 27773145, 27773145, 27232760, 169019159, 27773145, 27773145, 27773145, 27773145, 27773145]",0,0,0,NPU,0,0,0,0,0,0,1.0,hot,0,0,0,0,1.0,0
0,271,meta-llama/Llama-3.1-8B,23,227,26788661369,179382576531,152593915162,136916007086,137040506680,76617775,"[28272208, 28272208, 28272208, 28272208, 28272208, 28272208, 28272208, 28272208, 516453064, 28107904, 28107904, 28107904, 28107904, 28107904, 28107904, 28107904, 28107904, 28107904, 28107904, 28107904, 28107904, 27761521, 27761521, 27761521, 27761521, 27761521, 27761521, 27761521, 27761521, 27761521, 27766321, 27766321, 27766321, 27766321, 27766321, 27766321, 27766321, 27766321, 27766321, 27766321, 134407328, 27773145, 27773145, 27773145, 27773145, 3164256982, 26956587, 26956587, 26956587, 26956587, 26956587, 26956587, 26956587, 26759908, 26759908, 26759908, 26759908, 26759908, 26759908, 26759908, 26726923, 26726923, 26695203, 26695203, 26695203, 26695203, 26695203, 26695203, 26695203, 26695203, 26695203, 26695203, 26695203, 26695203, 26695203, 26695203, 26695203, 26695203, 26695203, 26695203, 26695203, 26695203, 26695203, 26695203, 26695203, 26695203, 26695203, 26695203, 26790979, 26790979, 26790979, 26706189, 26706189, 26706189, 26706189, 26706189, 26706189, 26706189, 26706189, 26706189, 26706189, 26706189, 26706189, 26706189, 26706189, 26706189, 26706189, 26706189, 26706189, 26706189, 26706189, 26706189, 26706189, 26706189, 26706189, 26706189, 26706189, 26645180, 26645180, 26645180, 26645180, 26645180, 26645180, 26444528, 26444528, 26444528, 26444528, 26444528, 26444528, 26444528, 26444528, 26444528, 26444528, 26444528, 26444528, 26444528, 26444528, 209464885, 26164062, 208143254, 26759908, 26759908, 26759908, 26759908, 26759908, 26759908, 26759908, 26759908, 499564699, 26726923, 26726923, 26726923, 26726923, 26726923, 26726923, 26324758, 26324758, 26324758, 26324758, 26324758, 26324758, 26324758, 70930682, 5062437024, 26790979, 26790979, 26790979, 26790979, 116323641, 26726923, 26726923, 26820478, 26246582, 26246582, 26246582, 26246582, 26246582, 26246582, 260076165, 27773145, 27773145, 27773145, 27773145, 27773145, 27773145, 27773145, 27773145, 27232760, 26287926, 26287926, 116443307, 27773145, 27773145, 27773145, 27773145, 27773145, 27685307, 27685307, 27685307, 27685307, 27685307, 27685307, 27685307]",0,0,0,NPU,0,0,0,0,0,0,1.0,hot,0,0,0,0,1.0,0
0,266,meta-llama/Llama-3.1-8B,23,234,26256256903,179465114259,153208857356,136795574294,137036046779,77013383,"[536864367, 28272208, 28272208, 28272208, 28272208, 28272208, 28272208, 28272208, 28272208, 27773145, 488679919, 28107904, 28107904, 28107904, 28107904, 28107904, 28107904, 28107904, 28107904, 28107904, 28107904, 28107904, 28107904, 27761521, 27761521, 27761521, 27761521, 27761521, 27761521, 27761521, 27761521, 27761521, 27766321, 27766321, 27766321, 27766321, 27766321, 27766321, 27766321, 27766321, 27766321, 27766321, 27512576, 27232760, 79661992, 27773145, 27773145, 27773145, 27773145, 3164256982, 26956587, 26956587, 26956587, 26956587, 26956587, 26956587, 26956587, 26759908, 26759908, 26759908, 26759908, 26759908, 26759908, 26759908, 26726923, 26726923, 26695203, 26695203, 26695203, 26695203, 26695203, 26695203, 26695203, 26695203, 26695203, 26695203, 26695203, 26695203, 26695203, 26695203, 26695203, 26695203, 26695203, 26695203, 26695203, 26695203, 26695203, 26695203, 26695203, 26695203, 26695203, 26695203, 26790979, 26790979, 26790979, 26706189, 26706189, 26706189, 26706189, 26706189, 26706189, 26706189, 26706189, 26706189, 26706189, 26706189, 26706189, 26706189, 26706189, 26706189, 26706189, 26706189, 26706189, 26706189, 26706189, 26706189, 26706189, 26706189, 26706189, 26706189, 26706189, 26645180, 26645180, 26645180, 26645180, 26645180, 26645180, 26444528, 26444528, 26444528, 26444528, 26444528, 26444528, 26444528, 26444528, 26444528, 26444528, 26444528, 26444528, 26444528, 26444528, 209464885, 26164062, 208143254, 26759908, 26759908, 26759908, 26759908, 26759908, 26759908, 26759908, 26759908, 499564699, 26726923, 26726923, 26726923, 26726923, 26726923, 26726923, 26324758, 26324758, 26324758, 26324758, 26324758, 26324758, 26324758, 70930682, 5062437024, 26790979, 26790979, 26790979, 26790979, 116323641, 26726923, 26726923, 26820478, 26246582, 26246582, 26246582, 26246582, 26246582, 26246582, 260076165, 27773145, 27773145, 27773145, 27773145, 27773145, 27773145, 27773145, 27773145, 27232760, 26287926, 26287926, 116443307, 27773145, 27773145, 27773145, 27773145, 27773145, 27685307, 27685307, 27685307, 27685307, 27685307, 27685307, 27685307, 27512576, 27512576, 27512576]",0,0,0,NPU,0,0,0,0,0,0,1.0,hot,0,0,0,0,1.0,0
0,235,meta-llama/Llama-3.1-8B,22,788,22021193681,180731837249,158710643568,120033490728,120384147630,50099994,"[52098405, 29498668, 29498668, 29498668, 29498668, 29498668, 536630509, 28863593, 28863593, 28863593, 28863593, 28863593, 28863593, 28863593, 28863593, 28863593, 28863593, 28863593, 1892752821, 28193675, 28193675, 28193675, 28193675, 28193675, 28193675, 28193675, 28193675, 28193675, 28193675, 28272208, 28272208, 28272208, 28272208, 28272208, 28272208, 28272208, 28272208, 28272208, 28272208, 28272208, 28272208, 28272208, 27766321, 27766321, 28107904, 28107904, 28107904, 28107904, 28107904, 28107904, 28114176, 1434829155, 27685307, 27685307, 27512576, 27512576, 27512576, 27512576, 27278932, 27278932, 27278932, 27278932, 27278932, 27232760, 27232760, 27232760, 27232760, 27232760, 27232760, 27232760, 27232760, 27232760, 27103283, 27103283, 27103283, 27103283, 27103283, 27103283, 27103283, 27103283, 27103283, 27103283, 27061067, 27061067, 27061067, 27061067, 188231245, 26956587, 26956587, 26956587, 26726923, 26726923, 831253722, 26759908, 26759908, 187331429, 26956587, 26726923, 1174806600, 26759908, 26759908, 1152253891, 26445624, 26445624, 26445624, 350148163, 26997779, 2194470580, 27773145, 25853850, 25853850, 240310382, 27685307, 27685307, 27685307, 27685307, 27685307, 27685307, 27685307, 27685307, 27685307, 27685307, 27685307, 27685307, 27685307, 27512576, 27512576, 27512576, 26695203, 1521074882, 27278932, 27278932, 27278932, 27278932, 27278932, 27278932, 27278932, 27278932, 115350397, 26125428, 26125428, 26125428, 26125428, 3079870028, 27685307, 27685307, 27512576, 27512576, 27512576, 27512576, 27512576, 27512576, 27512576, 26535544, 26535544, 26368885, 26368885, 26368885, 26368885, 1342357043, 27278932, 27232760, 27232760, 27232760, 27232760, 27232760, 27232760, 27232760, 27103283, 27103283, 27103283, 27103283, 27103283, 27103283, 240472485, 26032767, 26032767, 26032767, 26032767, 26032767, 406700532, 28272208, 28272208, 28272208, 28272208, 28272208, 28272208, 28272208, 28272208, 27773145, 25465799, 113352586, 26859940, 26859940, 26859940, 26859940, 26859940, 26859940, 26859940, 26859940, 26859940, 26859940, 26859940, 54402194, 28107904, 28107904, 28107904, 28107904, 28107904, 28107904, 28107904, 28107904, 28107904, 28107904, 28107904, 28107904, 27761521, 27761521, 27761521, 27761521, 27761521, 27761521, 27761521, 27761521, 27761521, 27766321, 27766321, 27766321, 27766321, 27766321, 27766321, 27766321, 27766321, 27766321, 27766321, 27512576, 27232760, 25846330, 26042517, 27773145, 27773145, 27773145, 27773145, 27773145, 26447349, 26447349, 26447349, 26447349, 26447349, 276306987, 26699917, 26699917, 26699917, 26699917, 26699917, 26699917, 26699917, 26699917, 26699917, 26699917, 26699917, 26699917, 26699917, 26699917, 26699917, 26699917, 26615821, 26615821, 26615821, 26615821, 26615821, 26615821, 26615821, 26615821, 26615821, 26615821, 26615821, 26615821, 26615821, 26615821, 26615821, 26615821, 26615821, 26615821, 26615821, 26615821, 26615821, 26615821, 26615821, 26615821, 26615821, 26615821, 26615821, 26553020, 26553020, 26553020, 26553020, 26553020, 26553020, 26553020, 26553020, 26553020, 26553020, 26553020, 26553020, 26553020, 26553020, 26349776, 26349776, 26349776, 26349776, 26380886, 26380886, 26380886, 26380886, 26380886, 26380886, 26380886, 26380886, 26380886, 26380886, 26380886, 26380886, 26380886, 26380886, 26380886, 26380886, 26535544, 26535544, 26535544, 26535544, 26535544, 26535544, 26535544, 26164062, 26164062, 26164062, 26164062, 26164062, 26164062, 26164062, 26164062, 26164062, 26164062, 26164062, 26164062, 26164062, 26164062, 26164062, 26164062, 26164062, 26164062, 53949927, 26956587, 26956587, 26956587, 26956587, 26956587, 26956587, 26956587, 26759908, 26759908, 26759908, 26759908, 26759908, 26759908, 26759908, 26726923, 26726923, 26695203, 26695203, 26695203, 26695203, 26695203, 26695203, 26695203, 26695203, 26695203, 26695203, 26695203, 26695203, 26695203, 26695203, 26695203, 26695203, 26695203, 26695203, 26695203, 26695203, 26695203, 26695203, 26695203, 26695203, 26695203, 26695203, 26790979, 26790979, 26790979, 26706189, 26706189, 26706189, 26706189, 26706189, 26706189, 26706189, 26706189, 26706189, 26706189, 26706189, 26706189, 26706189, 26706189, 26706189, 26706189, 26706189, 26706189, 26706189, 26706189, 26706189, 26706189, 26706189, 26706189, 26706189, 26706189, 26645180, 26645180, 26645180, 26645180, 26645180, 26645180, 26444528, 26444528, 26444528, 26444528, 26444528, 26444528, 26444528, 26444528, 26444528, 26444528, 26444528, 26444528, 26444528, 26444528, 209464885, 26164062, 25921863, 26316447, 26316447, 26316447, 26316447, 26316447, 50639156, 26759908, 26759908, 26759908, 26759908, 26759908, 26759908, 26759908, 26759908, 25829685, 25829685, 25829685, 25829685, 25829685, 25829685, 25829685, 27029173, 27029173, 27029173, 27029173, 27029173, 127793624, 55817415, 26726923, 26726923, 26726923, 26726923, 26726923, 26726923, 26324758, 26324758, 26324758, 26324758, 26324758, 26324758, 26324758, 70930682, 27029173, 27029173, 27029173, 27029173, 27029173, 27029173, 27029173, 27275701, 27275701, 27275701, 27275701, 27275701, 27275701, 27275701, 27275701, 27275701, 129449073, 25829685, 25829685, 25829685, 25829685, 25829685, 25829685, 25829685, 25829685, 25829685, 25829685, 25829685, 25892533, 25892533, 25892533, 25892533, 25892533, 25892533, 25892533, 25892533, 25892533, 25892533, 25892533, 25892533, 25892533, 25892533, 25892533, 25892533, 25892533, 25892533, 25892533, 25892533, 25892533, 25892533, 25892533, 25892533, 25892533, 25892533, 25892533, 25892533, 25892533, 25892533, 25892533, 25892533, 25892533, 25892533, 25892533, 25892533, 25892533, 25892533, 25892533, 25892533, 25892533, 25892533, 25892533, 25892533, 25892533, 25892533, 25892533, 25892533, 25892533, 25892533, 25892533, 25892533, 25892533, 25892533, 25892533, 25892533, 25892533, 25892533, 25892533, 25892533, 25892533, 25892533, 25892533, 25892533, 26150133, 26150133, 26150133, 26150133, 26150133, 26150133, 26150133, 26150133, 26150133, 26150133, 26150133, 26150133, 26150133, 26150133, 26150133, 26150133, 26150133, 26150133, 26150133, 26150133, 26150133, 26150133, 26150133, 26150133, 26150133, 26150133, 26150133, 26150133, 26150133, 26150133, 26150133, 26150133, 26150133, 26150133, 26150133, 26150133, 26150133, 26150133, 26150133, 26150133, 26150133, 26150133, 26150133, 26150133, 26150133, 26150133, 26150133, 26150133, 26150133, 26150133, 26150133, 26150133, 26150133, 26150133, 26150133, 26150133, 26150133, 26150133, 26150133, 26150133, 26150133, 26150133, 26150133, 26150133, 26128629, 26128629, 26128629, 26552895, 26552895, 26552895, 26552895, 26552895, 26552895, 26552895, 26552895, 26552895, 26552895, 26552895, 26552895, 26887103, 26887103, 26887103, 26887103, 26887103, 26887103, 26887103, 26887103, 26887103, 26887103, 26887103, 26887103, 26887103, 26887103, 26887103, 26887103, 56230997, 26790979, 26790979, 26790979, 26790979, 116323641, 26726923, 26726923, 26820478, 26246582, 26246582, 26246582, 26246582, 26246582, 26246582, 260076165, 27773145, 27773145, 27773145, 27773145, 27773145, 27773145, 27773145, 27773145, 27232760, 26287926, 26287926, 116443307, 27773145, 27773145, 27773145, 27773145, 27773145, 27685307, 27685307, 27685307, 27685307, 27685307, 27685307, 27685307, 27512576, 27512576, 27512576, 27278932, 27278932, 27278932, 27278932, 27278932, 27278932, 27278932, 27278932, 27278932, 27278932, 27278932, 27278932, 27278932, 27278932, 27278932, 27278932, 27278932, 27278932, 27278932, 27278932, 27278932, 27278932, 27278932, 27278932, 27278932, 27278932, 27278932, 27278932, 27278932, 26349776, 26349776, 26349776, 25782115, 25782115, 25782115, 25782115, 25921863, 25921863, 25921863, 26357563, 26357563, 26357563, 57545207, 26357563, 26357563, 26357563]",0,0,0,NPU,0,0,0,0,0,0,1.0,hot,0,0,0,0,1.0,0
0,270,meta-llama/Llama-3.1-8B,35,293,26622528550,181035352493,154412823943,137082139905,137206639499,66950134,"[28272208, 28272208, 28272208, 28272208, 28272208, 28272208, 28272208, 28272208, 27773145, 488679919, 28107904, 28107904, 28107904, 28107904, 28107904, 28107904, 28107904, 28107904, 28107904, 28107904, 28107904, 28107904, 27761521, 27761521, 27761521, 27761521, 27761521, 27761521, 27761521, 27761521, 27761521, 27766321, 27766321, 27766321, 27766321, 27766321, 27766321, 27766321, 27766321, 27766321, 27766321, 27512576, 106894752, 27773145, 27773145, 27773145, 27773145, 3164256982, 26956587, 26956587, 26956587, 26956587, 26956587, 26956587, 26956587, 26759908, 26759908, 26759908, 26759908, 26759908, 26759908, 26759908, 26726923, 26726923, 26695203, 26695203, 26695203, 26695203, 26695203, 26695203, 26695203, 26695203, 26695203, 26695203, 26695203, 26695203, 26695203, 26695203, 26695203, 26695203, 26695203, 26695203, 26695203, 26695203, 26695203, 26695203, 26695203, 26695203, 26695203, 26695203, 26790979, 26790979, 26790979, 26706189, 26706189, 26706189, 26706189, 26706189, 26706189, 26706189, 26706189, 26706189, 26706189, 26706189, 26706189, 26706189, 26706189, 26706189, 26706189, 26706189, 26706189, 26706189, 26706189, 26706189, 26706189, 26706189, 26706189, 26706189, 26706189, 26645180, 26645180, 26645180, 26645180, 26645180, 26645180, 26444528, 26444528, 26444528, 26444528, 26444528, 26444528, 26444528, 26444528, 26444528, 26444528, 26444528, 26444528, 26444528, 26444528, 209464885, 26164062, 208143254, 26759908, 26759908, 26759908, 26759908, 26759908, 26759908, 26759908, 26759908, 499564699, 26726923, 26726923, 26726923, 26726923, 26726923, 26726923, 26324758, 26324758, 26324758, 26324758, 26324758, 26324758, 26324758, 70930682, 5062437024, 26790979, 26790979, 26790979, 26790979, 116323641, 26726923, 26726923, 26820478, 26246582, 26246582, 26246582, 26246582, 26246582, 26246582, 260076165, 27773145, 27773145, 27773145, 27773145, 27773145, 27773145, 27773145, 27773145, 27232760, 26287926, 26287926, 116443307, 27773145, 27773145, 27773145, 27773145, 27773145, 27685307, 27685307, 27685307, 27685307, 27685307, 27685307, 27685307, 27512576, 27512576, 27512576, 27278932, 27278932, 27278932, 27278932, 27278932, 27278932, 27278932, 27278932, 27278932, 27278932, 27278932, 27278932, 27278932, 27278932, 27278932, 27278932, 27278932, 27278932, 27278932, 27278932, 27278932, 27278932, 27278932, 27278932, 27278932, 27278932, 27278932, 27278932, 27278932, 26349776, 26349776, 26349776, 25782115, 25782115, 25782115, 25782115, 25921863, 25921863, 25921863, 274110989, 27232760, 27232760, 27232760, 27232760, 27232760, 27232760, 27232760, 27232760, 27232760]",0,0,0,NPU,0,0,0,0,0,0,1.0,hot,0,0,0,0,1.0,0
0,264,meta-llama/Llama-3.1-8B,1174,1439,26001846037,181170868908,155169022871,137049985160,137290457645,67721837,"[536864367, 28272208, 28272208, 28272208, 28272208, 28272208, 28272208, 28272208, 28272208, 27773145, 488679919, 28107904, 28107904, 28107904, 28107904, 28107904, 28107904, 28107904, 28107904, 28107904, 28107904, 28107904, 28107904, 27761521, 27761521, 27761521, 27761521, 27761521, 27761521, 27761521, 27761521, 27761521, 27766321, 27766321, 27766321, 27766321, 27766321, 27766321, 27766321, 27766321, 27766321, 27766321, 27512576, 27232760, 79661992, 27773145, 27773145, 27773145, 27773145, 3164256982, 26956587, 26956587, 26956587, 26956587, 26956587, 26956587, 26956587, 26759908, 26759908, 26759908, 26759908, 26759908, 26759908, 26759908, 26726923, 26726923, 26695203, 26695203, 26695203, 26695203, 26695203, 26695203, 26695203, 26695203, 26695203, 26695203, 26695203, 26695203, 26695203, 26695203, 26695203, 26695203, 26695203, 26695203, 26695203, 26695203, 26695203, 26695203, 26695203, 26695203, 26695203, 26695203, 26790979, 26790979, 26790979, 26706189, 26706189, 26706189, 26706189, 26706189, 26706189, 26706189, 26706189, 26706189, 26706189, 26706189, 26706189, 26706189, 26706189, 26706189, 26706189, 26706189, 26706189, 26706189, 26706189, 26706189, 26706189, 26706189, 26706189, 26706189, 26706189, 26645180, 26645180, 26645180, 26645180, 26645180, 26645180, 26444528, 26444528, 26444528, 26444528, 26444528, 26444528, 26444528, 26444528, 26444528, 26444528, 26444528, 26444528, 26444528, 26444528, 209464885, 26164062, 208143254, 26759908, 26759908, 26759908, 26759908, 26759908, 26759908, 26759908, 26759908, 499564699, 26726923, 26726923, 26726923, 26726923, 26726923, 26726923, 26324758, 26324758, 26324758, 26324758, 26324758, 26324758, 26324758, 70930682, 5062437024, 26790979, 26790979, 26790979, 26790979, 116323641, 26726923, 26726923, 26820478, 26246582, 26246582, 26246582, 26246582, 26246582, 26246582, 260076165, 27773145, 27773145, 27773145, 27773145, 27773145, 27773145, 27773145, 27773145, 27232760, 26287926, 26287926, 116443307, 27773145, 27773145, 27773145, 27773145, 27773145, 27685307, 27685307, 27685307, 27685307, 27685307, 27685307, 27685307, 27512576, 27512576, 27512576, 27278932, 27278932, 27278932, 27278932, 27278932, 27278932, 27278932, 27278932, 27278932, 27278932, 27278932, 27278932, 27278932, 27278932, 27278932, 27278932, 27278932, 27278932, 27278932, 27278932, 27278932, 27278932, 27278932, 27278932, 27278932, 27278932, 27278932, 27278932, 27278932, 26349776, 26349776, 26349776, 25782115, 25782115, 25782115, 25782115, 25921863, 25921863, 25921863, 274110989, 27232760, 27232760, 27232760, 27232760, 27232760, 27232760, 27232760, 27232760, 27232760, 27103283, 27103283, 27103283, 27103283, 27103283]",0,0,0,PCIE_NVME,0,855638016,0,855638016,855638016,855638016,1.0,hot,0,0,0,0,1.0,1711276032
0,286,meta-llama/Llama-3.1-8B,9,96,28392736014,182249785382,153857049368,149978664399,150238740564,42073358,"[27773145, 27773145, 27773145, 27773145, 27773145, 27773145, 27773145, 27773145, 27232760, 169019159, 27773145, 27773145, 27773145, 27773145, 27773145, 27685307, 27685307, 27685307, 27685307, 27685307, 27685307, 27685307, 27512576, 27512576, 27512576, 27278932, 27278932, 27278932, 27278932, 27278932, 27278932, 27278932, 27278932, 27278932, 27278932, 27278932, 27278932, 27278932, 27278932, 27278932, 27278932, 27278932, 27278932, 27278932, 27278932, 27278932, 27278932, 27278932, 27278932, 27278932, 27278932, 27278932, 27278932, 27278932, 534054366, 27232760, 27232760, 27232760, 27232760, 27232760, 27232760, 27232760, 27232760, 27232760, 27103283, 27103283, 27103283, 27103283, 27103283, 352826632, 27061067, 26694765, 320540139, 27061067, 27061067, 27061067, 27061067, 27061067, 27061067, 27061067, 27061067, 27061067, 27061067, 27061067, 27061067, 27061067]",0,0,0,NPU,0,0,0,0,0,0,1.0,hot,0,0,0,0,1.0,0
0,267,meta-llama/Llama-3.1-8B,34,342,26377485658,182894423942,156516938284,136674345539,136914818024,63850554,"[536864367, 28272208, 28272208, 28272208, 28272208, 28272208, 28272208, 28272208, 28272208, 27773145, 488679919, 28107904, 28107904, 28107904, 28107904, 28107904, 28107904, 28107904, 28107904, 28107904, 28107904, 28107904, 28107904, 27761521, 27761521, 27761521, 27761521, 27761521, 27761521, 27761521, 27761521, 27761521, 27766321, 27766321, 27766321, 27766321, 27766321, 27766321, 27766321, 27766321, 27766321, 27766321, 27512576, 27232760, 79661992, 27773145, 27773145, 27773145, 27773145, 3164256982, 26956587, 26956587, 26956587, 26956587, 26956587, 26956587, 26956587, 26759908, 26759908, 26759908, 26759908, 26759908, 26759908, 26759908, 26726923, 26726923, 26695203, 26695203, 26695203, 26695203, 26695203, 26695203, 26695203, 26695203, 26695203, 26695203, 26695203, 26695203, 26695203, 26695203, 26695203, 26695203, 26695203, 26695203, 26695203, 26695203, 26695203, 26695203, 26695203, 26695203, 26695203, 26695203, 26790979, 26790979, 26790979, 26706189, 26706189, 26706189, 26706189, 26706189, 26706189, 26706189, 26706189, 26706189, 26706189, 26706189, 26706189, 26706189, 26706189, 26706189, 26706189, 26706189, 26706189, 26706189, 26706189, 26706189, 26706189, 26706189, 26706189, 26706189, 26706189, 26645180, 26645180, 26645180, 26645180, 26645180, 26645180, 26444528, 26444528, 26444528, 26444528, 26444528, 26444528, 26444528, 26444528, 26444528, 26444528, 26444528, 26444528, 26444528, 26444528, 209464885, 26164062, 208143254, 26759908, 26759908, 26759908, 26759908, 26759908, 26759908, 26759908, 26759908, 499564699, 26726923, 26726923, 26726923, 26726923, 26726923, 26726923, 26324758, 26324758, 26324758, 26324758, 26324758, 26324758, 26324758, 70930682, 5062437024, 26790979, 26790979, 26790979, 26790979, 116323641, 26726923, 26726923, 26820478, 26246582, 26246582, 26246582, 26246582, 26246582, 26246582, 260076165, 27773145, 27773145, 27773145, 27773145, 27773145, 27773145, 27773145, 27773145, 27232760, 26287926, 26287926, 116443307, 27773145, 27773145, 27773145, 27773145, 27773145, 27685307, 27685307, 27685307, 27685307, 27685307, 27685307, 27685307, 27512576, 27512576, 27512576, 27278932, 27278932, 27278932, 27278932, 27278932, 27278932, 27278932, 27278932, 27278932, 27278932, 27278932, 27278932, 27278932, 27278932, 27278932, 27278932, 27278932, 27278932, 27278932, 27278932, 27278932, 27278932, 27278932, 27278932, 27278932, 27278932, 27278932, 27278932, 27278932, 26349776, 26349776, 26349776, 25782115, 25782115, 25782115, 25782115, 25921863, 25921863, 25921863, 274110989, 27232760, 27232760, 27232760, 27232760, 27232760, 27232760, 27232760, 27232760, 27232760, 27103283, 27103283, 27103283, 27103283, 27103283, 352826632, 27061067, 26694765, 25712916, 25648437, 269178786, 27061067, 27061067, 27061067, 27061067, 27061067, 27061067, 27061067, 27061067, 27061067, 27061067, 27061067, 27061067, 27061067, 26859940, 26859940, 26859940, 26859940, 26859940, 26859940, 26859940, 26859940, 26859940, 26859940, 26859940, 26859940, 26859940, 26859940, 26859940, 26859940, 26859940, 26859940, 26859940, 26859940, 26859940, 26859940, 26859940, 26859940]",0,0,0,NPU,0,0,0,0,0,0,1.0,hot,0,0,0,0,1.0,0
0,281,meta-llama/Llama-3.1-8B,301,436,28183110227,183216185418,155033075191,144593681107,144664611789,77376592,"[5062437024, 26790979, 26790979, 26790979, 26790979, 116323641, 26726923, 26726923, 444376135, 27773145, 27773145, 27773145, 27773145, 27773145, 27773145, 27773145, 27773145, 27232760, 169019159, 27773145, 27773145, 27773145, 27773145, 27773145, 27685307, 27685307, 27685307, 27685307, 27685307, 27685307, 27685307, 27512576, 27512576, 27512576, 27278932, 27278932, 27278932, 27278932, 27278932, 27278932, 27278932, 27278932, 27278932, 27278932, 27278932, 27278932, 27278932, 27278932, 27278932, 27278932, 27278932, 27278932, 27278932, 27278932, 27278932, 27278932, 27278932, 27278932, 27278932, 27278932, 27278932, 27278932, 27278932, 26349776, 26349776, 26349776, 455005038, 27232760, 27232760, 27232760, 27232760, 27232760, 27232760, 27232760, 27232760, 27232760, 27103283, 27103283, 27103283, 27103283, 27103283, 352826632, 27061067, 26694765, 320540139, 27061067, 27061067, 27061067, 27061067, 27061067, 27061067, 27061067, 27061067, 27061067, 27061067, 27061067, 27061067, 27061067, 26859940, 26859940, 26859940, 26859940, 26859940, 26859940, 26859940, 26859940, 26859940, 26859940, 26859940, 26859940, 26859940, 26859940, 26859940, 26859940, 26859940, 26859940, 26859940, 26859940, 26859940, 26859940, 26859940, 26859940, 26830763, 26830763, 26830763, 26830763, 26830763, 26830763, 26830763, 26830763, 26830763, 26830763, 26726923, 26726923]",0,0,0,NPU,0,0,0,0,0,0,1.0,hot,0,0,0,0,1.0,0
0,269,meta-llama/Llama-3.1-8B,20,339,26456791100,183242972365,156786181265,136595040097,136835512582,62737951,"[536864367, 28272208, 28272208, 28272208, 28272208, 28272208, 28272208, 28272208, 28272208, 27773145, 488679919, 28107904, 28107904, 28107904, 28107904, 28107904, 28107904, 28107904, 28107904, 28107904, 28107904, 28107904, 28107904, 27761521, 27761521, 27761521, 27761521, 27761521, 27761521, 27761521, 27761521, 27761521, 27766321, 27766321, 27766321, 27766321, 27766321, 27766321, 27766321, 27766321, 27766321, 27766321, 27512576, 106894752, 27773145, 27773145, 27773145, 27773145, 3164256982, 26956587, 26956587, 26956587, 26956587, 26956587, 26956587, 26956587, 26759908, 26759908, 26759908, 26759908, 26759908, 26759908, 26759908, 26726923, 26726923, 26695203, 26695203, 26695203, 26695203, 26695203, 26695203, 26695203, 26695203, 26695203, 26695203, 26695203, 26695203, 26695203, 26695203, 26695203, 26695203, 26695203, 26695203, 26695203, 26695203, 26695203, 26695203, 26695203, 26695203, 26695203, 26695203, 26790979, 26790979, 26790979, 26706189, 26706189, 26706189, 26706189, 26706189, 26706189, 26706189, 26706189, 26706189, 26706189, 26706189, 26706189, 26706189, 26706189, 26706189, 26706189, 26706189, 26706189, 26706189, 26706189, 26706189, 26706189, 26706189, 26706189, 26706189, 26706189, 26645180, 26645180, 26645180, 26645180, 26645180, 26645180, 26444528, 26444528, 26444528, 26444528, 26444528, 26444528, 26444528, 26444528, 26444528, 26444528, 26444528, 26444528, 26444528, 26444528, 209464885, 26164062, 208143254, 26759908, 26759908, 26759908, 26759908, 26759908, 26759908, 26759908, 26759908, 499564699, 26726923, 26726923, 26726923, 26726923, 26726923, 26726923, 26324758, 26324758, 26324758, 26324758, 26324758, 26324758, 26324758, 70930682, 5062437024, 26790979, 26790979, 26790979, 26790979, 116323641, 26726923, 26726923, 26820478, 26246582, 26246582, 26246582, 26246582, 26246582, 26246582, 260076165, 27773145, 27773145, 27773145, 27773145, 27773145, 27773145, 27773145, 27773145, 27232760, 26287926, 26287926, 116443307, 27773145, 27773145, 27773145, 27773145, 27773145, 27685307, 27685307, 27685307, 27685307, 27685307, 27685307, 27685307, 27512576, 27512576, 27512576, 27278932, 27278932, 27278932, 27278932, 27278932, 27278932, 27278932, 27278932, 27278932, 27278932, 27278932, 27278932, 27278932, 27278932, 27278932, 27278932, 27278932, 27278932, 27278932, 27278932, 27278932, 27278932, 27278932, 27278932, 27278932, 27278932, 27278932, 27278932, 27278932, 26349776, 26349776, 26349776, 25782115, 25782115, 25782115, 25782115, 25921863, 25921863, 25921863, 274110989, 27232760, 27232760, 27232760, 27232760, 27232760, 27232760, 27232760, 27232760, 27232760, 27103283, 27103283, 27103283, 27103283, 27103283, 352826632, 27061067, 26694765, 25712916, 294827223, 27061067, 27061067, 27061067, 27061067, 27061067, 27061067, 27061067, 27061067, 27061067, 27061067, 27061067, 27061067, 27061067, 26859940, 26859940, 26859940, 26859940, 26859940, 26859940, 26859940, 26859940, 26859940, 26859940, 26859940, 26859940, 26859940, 26859940, 26859940, 26859940, 26859940, 26859940, 26859940, 26859940, 26859940, 26859940, 26859940, 26859940, 26830763, 26830763, 26830763, 26830763, 26830763, 26830763, 26830763, 26830763, 26830763, 26830763, 26726923, 26726923, 26786947]",0,0,0,NPU,0,0,0,0,0,0,1.0,hot,0,0,0,0,1.0,0
0,276,meta-llama/Llama-3.1-8B,37,201,27536240722,183323072116,155786831394,143738499604,143947964489,72631085,"[234307316, 26759908, 26759908, 26759908, 26759908, 26759908, 26759908, 26759908, 26759908, 499564699, 26726923, 26726923, 26726923, 26726923, 26726923, 26726923, 255203988, 5062437024, 26790979, 26790979, 26790979, 26790979, 116323641, 26726923, 26726923, 26820478, 417555657, 27773145, 27773145, 27773145, 27773145, 27773145, 27773145, 27773145, 27773145, 27232760, 26287926, 26287926, 116443307, 27773145, 27773145, 27773145, 27773145, 27773145, 27685307, 27685307, 27685307, 27685307, 27685307, 27685307, 27685307, 27512576, 27512576, 27512576, 27278932, 27278932, 27278932, 27278932, 27278932, 27278932, 27278932, 27278932, 27278932, 27278932, 27278932, 27278932, 27278932, 27278932, 27278932, 27278932, 27278932, 27278932, 27278932, 27278932, 27278932, 27278932, 27278932, 27278932, 27278932, 27278932, 27278932, 27278932, 27278932, 26349776, 26349776, 26349776, 25782115, 25782115, 25782115, 25782115, 351876578, 27232760, 27232760, 27232760, 27232760, 27232760, 27232760, 27232760, 27232760, 27232760, 27103283, 27103283, 27103283, 27103283, 27103283, 352826632, 27061067, 26694765, 25712916, 294827223, 27061067, 27061067, 27061067, 27061067, 27061067, 27061067, 27061067, 27061067, 27061067, 27061067, 27061067, 27061067, 27061067, 26859940, 26859940, 26859940, 26859940, 26859940, 26859940, 26859940, 26859940, 26859940, 26859940, 26859940, 26859940, 26859940, 26859940, 26859940, 26859940, 26859940, 26859940, 26859940, 26859940, 26859940, 26859940, 26859940, 26859940, 26830763, 26830763, 26830763, 26830763, 26830763, 26830763, 26830763, 26830763, 26830763, 26830763, 26726923, 26726923, 26786947, 26699917, 26699917, 26699917]",0,0,0,NPU,0,0,0,0,0,0,1.0,hot,0,0,0,0,1.0,0
0,277,meta-llama/Llama-3.1-8B,5,170,27641212629,183373297126,155732084497,143633527697,143842992582,72494462,"[234307316, 26759908, 26759908, 26759908, 26759908, 26759908, 26759908, 26759908, 26759908, 499564699, 26726923, 26726923, 26726923, 26726923, 26726923, 26726923, 255203988, 5062437024, 26790979, 26790979, 26790979, 26790979, 116323641, 26726923, 26726923, 26820478, 417555657, 27773145, 27773145, 27773145, 27773145, 27773145, 27773145, 27773145, 27773145, 27232760, 26287926, 26287926, 116443307, 27773145, 27773145, 27773145, 27773145, 27773145, 27685307, 27685307, 27685307, 27685307, 27685307, 27685307, 27685307, 27512576, 27512576, 27512576, 27278932, 27278932, 27278932, 27278932, 27278932, 27278932, 27278932, 27278932, 27278932, 27278932, 27278932, 27278932, 27278932, 27278932, 27278932, 27278932, 27278932, 27278932, 27278932, 27278932, 27278932, 27278932, 27278932, 27278932, 27278932, 27278932, 27278932, 27278932, 27278932, 26349776, 26349776, 26349776, 25782115, 25782115, 25782115, 25782115, 351876578, 27232760, 27232760, 27232760, 27232760, 27232760, 27232760, 27232760, 27232760, 27232760, 27103283, 27103283, 27103283, 27103283, 27103283, 352826632, 27061067, 26694765, 25712916, 294827223, 27061067, 27061067, 27061067, 27061067, 27061067, 27061067, 27061067, 27061067, 27061067, 27061067, 27061067, 27061067, 27061067, 26859940, 26859940, 26859940, 26859940, 26859940, 26859940, 26859940, 26859940, 26859940, 26859940, 26859940, 26859940, 26859940, 26859940, 26859940, 26859940, 26859940, 26859940, 26859940, 26859940, 26859940, 26859940, 26859940, 26859940, 26830763, 26830763, 26830763, 26830763, 26830763, 26830763, 26830763, 26830763, 26830763, 26830763, 26726923, 26726923, 26786947, 26699917, 26699917, 26699917, 50225010]",0,0,0,NPU,0,0,0,0,0,0,1.0,hot,0,0,0,0,1.0,0
0,295,meta-llama/Llama-3.1-8B,16,145,28906043546,183694501546,154788458000,150027426804,150143870111,36285842,"[27773145, 27773145, 27773145, 27773145, 27773145, 27685307, 27685307, 27685307, 27685307, 27685307, 27685307, 27685307, 27512576, 27512576, 27512576, 27278932, 27278932, 27278932, 27278932, 27278932, 27278932, 27278932, 27278932, 27278932, 27278932, 27278932, 27278932, 27278932, 27278932, 27278932, 27278932, 27278932, 27278932, 27278932, 27278932, 27278932, 27278932, 27278932, 27278932, 27278932, 27278932, 27278932, 27278932, 27278932, 534054366, 27232760, 27232760, 27232760, 27232760, 27232760, 27232760, 27232760, 27232760, 27232760, 27103283, 27103283, 27103283, 27103283, 27103283, 352826632, 27061067, 347234904, 27061067, 27061067, 27061067, 27061067, 27061067, 27061067, 27061067, 27061067, 27061067, 27061067, 27061067, 27061067, 27061067, 26859940, 26859940, 26859940, 26859940, 26859940, 26859940, 26859940, 26859940, 26859940, 26859940, 26859940, 26859940, 26859940, 26859940, 26859940, 26859940, 26859940, 26859940, 26859940, 26859940, 26859940, 26859940, 26859940, 26859940, 26830763, 26830763, 26830763, 26830763, 26830763, 26830763, 26830763, 26830763, 26830763, 26830763, 26726923, 26726923, 26786947, 26699917, 26699917, 26699917, 50225010, 26695203, 26695203, 26695203, 26790979, 26790979, 26790979, 26790979, 26790979, 26790979, 26790979, 26790979, 26790979]",0,0,0,NPU,0,0,0,0,0,0,1.0,hot,0,0,0,0,1.0,0
0,290,meta-llama/Llama-3.1-8B,439,585,28597189297,183881444869,155284255572,149774211116,150034287281,36206677,"[27773145, 27773145, 27773145, 27773145, 27773145, 27773145, 27773145, 27773145, 196251919, 27773145, 27773145, 27773145, 27773145, 27773145, 27685307, 27685307, 27685307, 27685307, 27685307, 27685307, 27685307, 27512576, 27512576, 27512576, 27278932, 27278932, 27278932, 27278932, 27278932, 27278932, 27278932, 27278932, 27278932, 27278932, 27278932, 27278932, 27278932, 27278932, 27278932, 27278932, 27278932, 27278932, 27278932, 27278932, 27278932, 27278932, 27278932, 27278932, 27278932, 27278932, 27278932, 27278932, 27278932, 534054366, 27232760, 27232760, 27232760, 27232760, 27232760, 27232760, 27232760, 27232760, 27232760, 27103283, 27103283, 27103283, 27103283, 27103283, 352826632, 27061067, 26694765, 320540139, 27061067, 27061067, 27061067, 27061067, 27061067, 27061067, 27061067, 27061067, 27061067, 27061067, 27061067, 27061067, 27061067, 26859940, 26859940, 26859940, 26859940, 26859940, 26859940, 26859940, 26859940, 26859940, 26859940, 26859940, 26859940, 26859940, 26859940, 26859940, 26859940, 26859940, 26859940, 26859940, 26859940, 26859940, 26859940, 26859940, 26859940, 26830763, 26830763, 26830763, 26830763, 26830763, 26830763, 26830763, 26830763, 26830763, 26830763, 26726923, 26726923, 26786947, 26699917, 26699917, 26699917, 50225010, 26695203, 26695203, 26695203, 26790979, 26790979, 26790979, 26790979, 26790979, 26790979, 26790979, 26790979, 26790979, 26706189, 26706189, 26706189, 26706189, 26706189, 26706189, 26706189]",0,0,0,NPU,0,0,0,0,0,0,1.0,hot,0,0,0,0,1.0,0
0,272,meta-llama/Llama-3.1-8B,21,351,26990456373,183985029863,156994573490,136714212082,136838711676,61264017,"[28272208, 28272208, 28272208, 28272208, 28272208, 28272208, 28272208, 28272208, 516453064, 28107904, 28107904, 28107904, 28107904, 28107904, 28107904, 28107904, 28107904, 28107904, 28107904, 28107904, 28107904, 27761521, 27761521, 27761521, 27761521, 27761521, 27761521, 27761521, 27761521, 27761521, 27766321, 27766321, 27766321, 27766321, 27766321, 27766321, 27766321, 27766321, 27766321, 27766321, 134407328, 27773145, 27773145, 27773145, 27773145, 3164256982, 26956587, 26956587, 26956587, 26956587, 26956587, 26956587, 26956587, 26759908, 26759908, 26759908, 26759908, 26759908, 26759908, 26759908, 26726923, 26726923, 26695203, 26695203, 26695203, 26695203, 26695203, 26695203, 26695203, 26695203, 26695203, 26695203, 26695203, 26695203, 26695203, 26695203, 26695203, 26695203, 26695203, 26695203, 26695203, 26695203, 26695203, 26695203, 26695203, 26695203, 26695203, 26695203, 26790979, 26790979, 26790979, 26706189, 26706189, 26706189, 26706189, 26706189, 26706189, 26706189, 26706189, 26706189, 26706189, 26706189, 26706189, 26706189, 26706189, 26706189, 26706189, 26706189, 26706189, 26706189, 26706189, 26706189, 26706189, 26706189, 26706189, 26706189, 26706189, 26645180, 26645180, 26645180, 26645180, 26645180, 26645180, 26444528, 26444528, 26444528, 26444528, 26444528, 26444528, 26444528, 26444528, 26444528, 26444528, 26444528, 26444528, 26444528, 26444528, 209464885, 234307316, 26759908, 26759908, 26759908, 26759908, 26759908, 26759908, 26759908, 26759908, 499564699, 26726923, 26726923, 26726923, 26726923, 26726923, 26726923, 255203988, 5062437024, 26790979, 26790979, 26790979, 26790979, 116323641, 26726923, 26726923, 26820478, 26246582, 26246582, 26246582, 26246582, 26246582, 26246582, 260076165, 27773145, 27773145, 27773145, 27773145, 27773145, 27773145, 27773145, 27773145, 27232760, 26287926, 26287926, 116443307, 27773145, 27773145, 27773145, 27773145, 27773145, 27685307, 27685307, 27685307, 27685307, 27685307, 27685307, 27685307, 27512576, 27512576, 27512576, 27278932, 27278932, 27278932, 27278932, 27278932, 27278932, 27278932, 27278932, 27278932, 27278932, 27278932, 27278932, 27278932, 27278932, 27278932, 27278932, 27278932, 27278932, 27278932, 27278932, 27278932, 27278932, 27278932, 27278932, 27278932, 27278932, 27278932, 27278932, 27278932, 26349776, 26349776, 26349776, 25782115, 25782115, 25782115, 25782115, 351876578, 27232760, 27232760, 27232760, 27232760, 27232760, 27232760, 27232760, 27232760, 27232760, 27103283, 27103283, 27103283, 27103283, 27103283, 352826632, 27061067, 26694765, 25712916, 294827223, 27061067, 27061067, 27061067, 27061067, 27061067, 27061067, 27061067, 27061067, 27061067, 27061067, 27061067, 27061067, 27061067, 26859940, 26859940, 26859940, 26859940, 26859940, 26859940, 26859940, 26859940, 26859940, 26859940, 26859940, 26859940, 26859940, 26859940, 26859940, 26859940, 26859940, 26859940, 26859940, 26859940, 26859940, 26859940, 26859940, 26859940, 26830763, 26830763, 26830763, 26830763, 26830763, 26830763, 26830763, 26830763, 26830763, 26830763, 26726923, 26726923, 26786947, 26699917, 26699917, 26699917, 50225010, 26695203, 26695203, 26695203, 26790979, 26790979, 26790979, 26790979, 26790979, 26790979, 26790979, 26790979, 26790979, 26706189, 26706189, 26706189, 26706189, 26706189, 26706189, 26706189, 76878805, 26706189]",0,0,0,NPU,0,0,0,0,0,0,1.0,hot,0,0,0,0,1.0,0
0,288,meta-llama/Llama-3.1-8B,12,174,28504728538,184331417203,155826688665,149866671875,150126748040,35403357,"[27773145, 27773145, 27773145, 27773145, 27773145, 27773145, 27773145, 27773145, 27232760, 169019159, 27773145, 27773145, 27773145, 27773145, 27773145, 27685307, 27685307, 27685307, 27685307, 27685307, 27685307, 27685307, 27512576, 27512576, 27512576, 27278932, 27278932, 27278932, 27278932, 27278932, 27278932, 27278932, 27278932, 27278932, 27278932, 27278932, 27278932, 27278932, 27278932, 27278932, 27278932, 27278932, 27278932, 27278932, 27278932, 27278932, 27278932, 27278932, 27278932, 27278932, 27278932, 27278932, 27278932, 27278932, 534054366, 27232760, 27232760, 27232760, 27232760, 27232760, 27232760, 27232760, 27232760, 27232760, 27103283, 27103283, 27103283, 27103283, 27103283, 352826632, 27061067, 26694765, 320540139, 27061067, 27061067, 27061067, 27061067, 27061067, 27061067, 27061067, 27061067, 27061067, 27061067, 27061067, 27061067, 27061067, 26859940, 26859940, 26859940, 26859940, 26859940, 26859940, 26859940, 26859940, 26859940, 26859940, 26859940, 26859940, 26859940, 26859940, 26859940, 26859940, 26859940, 26859940, 26859940, 26859940, 26859940, 26859940, 26859940, 26859940, 26830763, 26830763, 26830763, 26830763, 26830763, 26830763, 26830763, 26830763, 26830763, 26830763, 26726923, 26726923, 26786947, 26699917, 26699917, 26699917, 50225010, 26695203, 26695203, 26695203, 26790979, 26790979, 26790979, 26790979, 26790979, 26790979, 26790979, 26790979, 26790979, 26706189, 26706189, 26706189, 26706189, 26706189, 26706189, 26706189, 76878805, 26706189, 26645180, 26645180, 26645180, 26645180, 26645180, 26645180, 26645180, 26645180, 26645180, 26645180, 26645180, 26645180, 26645180]",0,0,0,NPU,0,0,0,0,0,0,1.0,hot,0,0,0,0,1.0,0
0,291,meta-llama/Llama-3.1-8B,761,954,28600995646,185205446613,156604450967,149770404767,150030480932,34239427,"[27773145, 27773145, 27773145, 27773145, 27773145, 27773145, 27773145, 27773145, 196251919, 27773145, 27773145, 27773145, 27773145, 27773145, 27685307, 27685307, 27685307, 27685307, 27685307, 27685307, 27685307, 27512576, 27512576, 27512576, 27278932, 27278932, 27278932, 27278932, 27278932, 27278932, 27278932, 27278932, 27278932, 27278932, 27278932, 27278932, 27278932, 27278932, 27278932, 27278932, 27278932, 27278932, 27278932, 27278932, 27278932, 27278932, 27278932, 27278932, 27278932, 27278932, 27278932, 27278932, 27278932, 534054366, 27232760, 27232760, 27232760, 27232760, 27232760, 27232760, 27232760, 27232760, 27232760, 27103283, 27103283, 27103283, 27103283, 27103283, 352826632, 27061067, 347234904, 27061067, 27061067, 27061067, 27061067, 27061067, 27061067, 27061067, 27061067, 27061067, 27061067, 27061067, 27061067, 27061067, 26859940, 26859940, 26859940, 26859940, 26859940, 26859940, 26859940, 26859940, 26859940, 26859940, 26859940, 26859940, 26859940, 26859940, 26859940, 26859940, 26859940, 26859940, 26859940, 26859940, 26859940, 26859940, 26859940, 26859940, 26830763, 26830763, 26830763, 26830763, 26830763, 26830763, 26830763, 26830763, 26830763, 26830763, 26726923, 26726923, 26786947, 26699917, 26699917, 26699917, 50225010, 26695203, 26695203, 26695203, 26790979, 26790979, 26790979, 26790979, 26790979, 26790979, 26790979, 26790979, 26790979, 26706189, 26706189, 26706189, 26706189, 26706189, 26706189, 26706189, 76878805, 26706189, 26645180, 26645180, 26645180, 26645180, 26645180, 26645180, 26645180, 26645180, 26645180, 26645180, 26645180, 26645180, 26645180, 26444528, 26444528, 26444528, 26444528, 26444528, 26444528, 26444528, 26444528, 26444528, 26444528, 26444528, 26444528, 26444528, 26444528, 26444528, 26454608, 26454608, 26454608, 26454608, 26454608, 26454608, 26454608, 26454608, 26454608, 26454608, 26454608, 26454608, 26454608, 26454608, 26535544, 26820478, 26820478, 26820478]",0,0,0,NPU,0,0,0,0,0,0,1.0,hot,0,0,0,0,1.0,0
0,255,meta-llama/Llama-3.1-8B,70,839,24658487581,185548494003,160890006422,130351921669,130435991725,39653664,"[27773145, 292018082, 27685307, 27685307, 27685307, 27685307, 27685307, 27685307, 27685307, 27685307, 27685307, 27685307, 27685307, 27685307, 27685307, 27512576, 27512576, 27512576, 1547770085, 27278932, 27278932, 27278932, 27278932, 27278932, 27278932, 27278932, 27278932, 115350397, 3184371740, 27685307, 27685307, 27512576, 27512576, 27512576, 27512576, 27512576, 27512576, 27512576, 1500903671, 27278932, 27232760, 27232760, 27232760, 27232760, 27232760, 27232760, 27232760, 27103283, 27103283, 27103283, 27103283, 27103283, 27103283, 240472485, 536864367, 28272208, 28272208, 28272208, 28272208, 28272208, 28272208, 28272208, 28272208, 27773145, 138818385, 26859940, 26859940, 26859940, 26859940, 26859940, 26859940, 26859940, 26859940, 26859940, 26859940, 26859940, 54402194, 28107904, 28107904, 28107904, 28107904, 28107904, 28107904, 28107904, 28107904, 28107904, 28107904, 28107904, 28107904, 27761521, 27761521, 27761521, 27761521, 27761521, 27761521, 27761521, 27761521, 27761521, 27766321, 27766321, 27766321, 27766321, 27766321, 27766321, 27766321, 27766321, 27766321, 27766321, 27512576, 27232760, 79661992, 27773145, 27773145, 27773145, 27773145, 408543732, 26699917, 26699917, 26699917, 26699917, 26699917, 26699917, 26699917, 26699917, 26699917, 26699917, 26699917, 26699917, 26699917, 26699917, 26699917, 26699917, 26615821, 26615821, 26615821, 26615821, 26615821, 26615821, 26615821, 26615821, 26615821, 26615821, 26615821, 26615821, 26615821, 26615821, 26615821, 26615821, 26615821, 26615821, 26615821, 26615821, 26615821, 26615821, 26615821, 26615821, 26615821, 26615821, 26615821, 26553020, 26553020, 26553020, 26553020, 26553020, 26553020, 26553020, 26553020, 26553020, 26553020, 26553020, 26553020, 26553020, 26553020, 26349776, 26349776, 26349776, 26349776, 26380886, 26380886, 26380886, 26380886, 26380886, 26380886, 26380886, 26380886, 26380886, 26380886, 26380886, 26380886, 26380886, 26380886, 26380886, 26380886, 26535544, 26535544, 26535544, 26535544, 26535544, 26535544, 26535544, 26164062, 26164062, 26164062, 26164062, 26164062, 26164062, 26164062, 26164062, 26164062, 26164062, 26164062, 26164062, 26164062, 26164062, 26164062, 26164062, 26164062, 26164062, 53949927, 26956587, 26956587, 26956587, 26956587, 26956587, 26956587, 26956587, 26759908, 26759908, 26759908, 26759908, 26759908, 26759908, 26759908, 26726923, 26726923, 26695203, 26695203, 26695203, 26695203, 26695203, 26695203, 26695203, 26695203, 26695203, 26695203, 26695203, 26695203, 26695203, 26695203, 26695203, 26695203, 26695203, 26695203, 26695203, 26695203, 26695203, 26695203, 26695203, 26695203, 26695203, 26695203, 26790979, 26790979, 26790979, 26706189, 26706189, 26706189, 26706189, 26706189, 26706189, 26706189, 26706189, 26706189, 26706189, 26706189, 26706189, 26706189, 26706189, 26706189, 26706189, 26706189, 26706189, 26706189, 26706189, 26706189, 26706189, 26706189, 26706189, 26706189, 26706189, 26645180, 26645180, 26645180, 26645180, 26645180, 26645180, 26444528, 26444528, 26444528, 26444528, 26444528, 26444528, 26444528, 26444528, 26444528, 26444528, 26444528, 26444528, 26444528, 26444528, 209464885, 26164062, 25921863, 182221391, 26759908, 26759908, 26759908, 26759908, 26759908, 26759908, 26759908, 26759908, 25829685, 25829685, 25829685, 25829685, 25829685, 25829685, 25829685, 262939489, 55817415, 26726923, 26726923, 26726923, 26726923, 26726923, 26726923, 26324758, 26324758, 26324758, 26324758, 26324758, 26324758, 26324758, 70930682, 564134593, 25829685, 25829685, 25829685, 25829685, 25829685, 25829685, 25829685, 25829685, 25829685, 25829685, 25829685, 25892533, 25892533, 25892533, 25892533, 25892533, 25892533, 25892533, 25892533, 25892533, 25892533, 25892533, 25892533, 25892533, 25892533, 25892533, 25892533, 25892533, 25892533, 25892533, 25892533, 25892533, 25892533, 25892533, 25892533, 25892533, 25892533, 25892533, 25892533, 25892533, 25892533, 25892533, 25892533, 25892533, 25892533, 25892533, 25892533, 25892533, 25892533, 25892533, 25892533, 25892533, 25892533, 25892533, 25892533, 25892533, 25892533, 25892533, 25892533, 25892533, 25892533, 25892533, 25892533, 25892533, 25892533, 25892533, 25892533, 25892533, 25892533, 25892533, 25892533, 25892533, 25892533, 25892533, 25892533, 26150133, 26150133, 26150133, 26150133, 26150133, 26150133, 26150133, 26150133, 26150133, 26150133, 26150133, 26150133, 26150133, 26150133, 26150133, 26150133, 26150133, 26150133, 26150133, 26150133, 26150133, 26150133, 26150133, 26150133, 26150133, 26150133, 26150133, 26150133, 26150133, 26150133, 26150133, 26150133, 26150133, 26150133, 26150133, 26150133, 26150133, 26150133, 26150133, 26150133, 26150133, 26150133, 26150133, 26150133, 26150133, 26150133, 26150133, 26150133, 26150133, 26150133, 26150133, 26150133, 26150133, 26150133, 26150133, 26150133, 26150133, 26150133, 26150133, 26150133, 26150133, 26150133, 26150133, 26150133, 26128629, 26128629, 26128629, 26552895, 26552895, 26552895, 26552895, 26552895, 26552895, 26552895, 26552895, 26552895, 26552895, 26552895, 26552895, 26887103, 26887103, 26887103, 26887103, 26887103, 26887103, 26887103, 26887103, 26887103, 26887103, 26887103, 26887103, 26887103, 26887103, 26887103, 26887103, 56230997, 26790979, 26790979, 26790979, 26790979, 116323641, 26726923, 26726923, 26820478, 26246582, 26246582, 26246582, 26246582, 26246582, 26246582, 260076165, 27773145, 27773145, 27773145, 27773145, 27773145, 27773145, 27773145, 27773145, 27232760, 26287926, 26287926, 116443307, 27773145, 27773145, 27773145, 27773145, 27773145, 27685307, 27685307, 27685307, 27685307, 27685307, 27685307, 27685307, 27512576, 27512576, 27512576, 27278932, 27278932, 27278932, 27278932, 27278932, 27278932, 27278932, 27278932, 27278932, 27278932, 27278932, 27278932, 27278932, 27278932, 27278932, 27278932, 27278932, 27278932, 27278932, 27278932, 27278932, 27278932, 27278932, 27278932, 27278932, 27278932, 27278932, 27278932, 27278932, 26349776, 26349776, 26349776, 25782115, 25782115, 25782115, 25782115, 25921863, 25921863, 25921863, 26357563, 26357563, 26357563, 57545207, 26357563, 26357563, 26357563, 58420404, 27232760, 27232760, 27232760, 27232760, 27232760, 27232760, 27232760, 27232760, 27232760, 27103283, 27103283, 27103283, 27103283, 27103283, 352826632, 27061067, 26694765, 25712916, 25648437, 27327454, 27327454, 27327454, 27327454, 27327454, 27327454, 27327454, 27327454, 50559154, 27061067, 27061067, 27061067, 27061067, 27061067, 27061067, 27061067, 27061067, 27061067, 27061067, 27061067, 27061067, 27061067, 26859940, 26859940, 26859940, 26859940, 26859940, 26859940, 26859940, 26859940, 26859940, 26859940, 26859940, 26859940, 26859940, 26859940, 26859940, 26859940, 26859940, 26859940, 26859940, 26859940, 26859940, 26859940, 26859940, 26859940, 26830763, 26830763, 26830763, 26830763, 26830763, 26830763, 26830763, 26830763, 26830763, 26830763, 26726923, 26726923, 26786947, 26699917, 26699917, 26699917, 50225010, 26695203, 26695203, 26695203, 26790979, 26790979, 26790979, 26790979, 26790979, 26790979, 26790979, 26790979, 26790979, 26706189, 26706189, 26706189, 26706189, 26706189, 26706189, 26706189, 76878805, 26706189, 26645180, 26645180, 26645180, 26645180, 26645180, 26645180, 26645180, 26645180, 26645180, 26645180, 26645180, 26645180, 26645180, 26444528, 26444528, 26444528, 26444528, 26444528, 26444528, 26444528, 26444528, 26444528, 26444528, 26444528, 26444528, 26444528, 26444528, 26444528, 26454608, 26454608, 26454608, 26454608, 26454608, 26454608, 26454608, 26454608, 26454608, 26454608, 26454608, 26454608, 26454608, 26454608, 26535544, 26820478, 26820478, 26820478, 26380886, 26380886, 26380886, 26380886, 26380886, 26380886, 26380886, 26380886, 26380886, 26380886, 26380886, 26428822, 26428822]",0,0,0,NPU,0,0,0,0,0,0,1.0,hot,0,0,0,0,1.0,0
0,280,meta-llama/Llama-3.1-8B,5,252,28141861987,185681171723,157539309736,143526011384,143576650540,56758777,"[26759908, 26759908, 26759908, 26759908, 26759908, 26759908, 26759908, 26759908, 499564699, 26726923, 26726923, 26726923, 26726923, 26726923, 26726923, 255203988, 5062437024, 26790979, 26790979, 26790979, 26790979, 116323641, 26726923, 26726923, 444376135, 27773145, 27773145, 27773145, 27773145, 27773145, 27773145, 27773145, 27773145, 27232760, 26287926, 26287926, 116443307, 27773145, 27773145, 27773145, 27773145, 27773145, 27685307, 27685307, 27685307, 27685307, 27685307, 27685307, 27685307, 27512576, 27512576, 27512576, 27278932, 27278932, 27278932, 27278932, 27278932, 27278932, 27278932, 27278932, 27278932, 27278932, 27278932, 27278932, 27278932, 27278932, 27278932, 27278932, 27278932, 27278932, 27278932, 27278932, 27278932, 27278932, 27278932, 27278932, 27278932, 27278932, 27278932, 27278932, 27278932, 26349776, 26349776, 26349776, 25782115, 25782115, 25782115, 25782115, 351876578, 27232760, 27232760, 27232760, 27232760, 27232760, 27232760, 27232760, 27232760, 27232760, 27103283, 27103283, 27103283, 27103283, 27103283, 352826632, 27061067, 26694765, 320540139, 27061067, 27061067, 27061067, 27061067, 27061067, 27061067, 27061067, 27061067, 27061067, 27061067, 27061067, 27061067, 27061067, 26859940, 26859940, 26859940, 26859940, 26859940, 26859940, 26859940, 26859940, 26859940, 26859940, 26859940, 26859940, 26859940, 26859940, 26859940, 26859940, 26859940, 26859940, 26859940, 26859940, 26859940, 26859940, 26859940, 26859940, 26830763, 26830763, 26830763, 26830763, 26830763, 26830763, 26830763, 26830763, 26830763, 26830763, 26726923, 26726923, 26786947, 26699917, 26699917, 26699917, 50225010, 26695203, 26695203, 26695203, 26790979, 26790979, 26790979, 26790979, 26790979, 26790979, 26790979, 26790979, 26790979, 26706189, 26706189, 26706189, 26706189, 26706189, 26706189, 26706189, 76878805, 26706189, 26645180, 26645180, 26645180, 26645180, 26645180, 26645180, 26645180, 26645180, 26645180, 26645180, 26645180, 26645180, 26645180, 26444528, 26444528, 26444528, 26444528, 26444528, 26444528, 26444528, 26444528, 26444528, 26444528, 26444528, 26444528, 26444528, 26444528, 26444528, 26454608, 26454608, 26454608, 26454608, 26454608, 26454608, 26454608, 26454608, 26454608, 26454608, 26454608, 26454608, 26454608, 26454608, 26535544, 26820478, 26820478, 26820478, 26380886, 26380886, 26380886, 26380886, 26380886, 26380886, 26380886, 26380886, 26380886, 26380886, 26380886, 26428822, 26428822, 26535544, 26535544, 26535544, 26535544, 26535544]",0,0,0,NPU,0,0,0,0,0,0,1.0,hot,0,0,0,0,1.0,0
0,284,meta-llama/Llama-3.1-8B,12,234,28326414910,185759663909,157433248999,149690908046,149807231687,34506865,"[26726923, 26726923, 444376135, 27773145, 27773145, 27773145, 27773145, 27773145, 27773145, 27773145, 27773145, 27232760, 169019159, 27773145, 27773145, 27773145, 27773145, 27773145, 27685307, 27685307, 27685307, 27685307, 27685307, 27685307, 27685307, 27512576, 27512576, 27512576, 27278932, 27278932, 27278932, 27278932, 27278932, 27278932, 27278932, 27278932, 27278932, 27278932, 27278932, 27278932, 27278932, 27278932, 27278932, 27278932, 27278932, 27278932, 27278932, 27278932, 27278932, 27278932, 27278932, 27278932, 27278932, 27278932, 27278932, 27278932, 27278932, 26349776, 26349776, 26349776, 455005038, 27232760, 27232760, 27232760, 27232760, 27232760, 27232760, 27232760, 27232760, 27232760, 27103283, 27103283, 27103283, 27103283, 27103283, 352826632, 27061067, 26694765, 320540139, 27061067, 27061067, 27061067, 27061067, 27061067, 27061067, 27061067, 27061067, 27061067, 27061067, 27061067, 27061067, 27061067, 26859940, 26859940, 26859940, 26859940, 26859940, 26859940, 26859940, 26859940, 26859940, 26859940, 26859940, 26859940, 26859940, 26859940, 26859940, 26859940, 26859940, 26859940, 26859940, 26859940, 26859940, 26859940, 26859940, 26859940, 26830763, 26830763, 26830763, 26830763, 26830763, 26830763, 26830763, 26830763, 26830763, 26830763, 26726923, 26726923, 26786947, 26699917, 26699917, 26699917, 50225010, 26695203, 26695203, 26695203, 26790979, 26790979, 26790979, 26790979, 26790979, 26790979, 26790979, 26790979, 26790979, 26706189, 26706189, 26706189, 26706189, 26706189, 26706189, 26706189, 76878805, 26706189, 26645180, 26645180, 26645180, 26645180, 26645180, 26645180, 26645180, 26645180, 26645180, 26645180, 26645180, 26645180, 26645180, 26444528, 26444528, 26444528, 26444528, 26444528, 26444528, 26444528, 26444528, 26444528, 26444528, 26444528, 26444528, 26444528, 26444528, 26444528, 26454608, 26454608, 26454608, 26454608, 26454608, 26454608, 26454608, 26454608, 26454608, 26454608, 26454608, 26454608, 26454608, 26454608, 26535544, 26820478, 26820478, 26820478, 26380886, 26380886, 26380886, 26380886, 26380886, 26380886, 26380886, 26380886, 26380886, 26380886, 26380886, 26428822, 26428822, 26535544, 26535544, 26535544, 26535544, 26535544, 26164062, 26164062, 26164062]",0,0,0,NPU,0,0,0,0,0,0,1.0,hot,0,0,0,0,1.0,0
0,294,meta-llama/Llama-3.1-8B,516,728,28832178188,185946128474,157113950286,150101292162,150217735469,32683482,"[27773145, 27773145, 27773145, 27773145, 27773145, 27685307, 27685307, 27685307, 27685307, 27685307, 27685307, 27685307, 27512576, 27512576, 27512576, 27278932, 27278932, 27278932, 27278932, 27278932, 27278932, 27278932, 27278932, 27278932, 27278932, 27278932, 27278932, 27278932, 27278932, 27278932, 27278932, 27278932, 27278932, 27278932, 27278932, 27278932, 27278932, 27278932, 27278932, 27278932, 27278932, 27278932, 27278932, 27278932, 534054366, 27232760, 27232760, 27232760, 27232760, 27232760, 27232760, 27232760, 27232760, 27232760, 27103283, 27103283, 27103283, 27103283, 27103283, 352826632, 27061067, 347234904, 27061067, 27061067, 27061067, 27061067, 27061067, 27061067, 27061067, 27061067, 27061067, 27061067, 27061067, 27061067, 27061067, 26859940, 26859940, 26859940, 26859940, 26859940, 26859940, 26859940, 26859940, 26859940, 26859940, 26859940, 26859940, 26859940, 26859940, 26859940, 26859940, 26859940, 26859940, 26859940, 26859940, 26859940, 26859940, 26859940, 26859940, 26830763, 26830763, 26830763, 26830763, 26830763, 26830763, 26830763, 26830763, 26830763, 26830763, 26726923, 26726923, 26786947, 26699917, 26699917, 26699917, 50225010, 26695203, 26695203, 26695203, 26790979, 26790979, 26790979, 26790979, 26790979, 26790979, 26790979, 26790979, 26790979, 26706189, 26706189, 26706189, 26706189, 26706189, 26706189, 26706189, 76878805, 26706189, 26645180, 26645180, 26645180, 26645180, 26645180, 26645180, 26645180, 26645180, 26645180, 26645180, 26645180, 26645180, 26645180, 26444528, 26444528, 26444528, 26444528, 26444528, 26444528, 26444528, 26444528, 26444528, 26444528, 26444528, 26444528, 26444528, 26444528, 26444528, 26454608, 26454608, 26454608, 26454608, 26454608, 26454608, 26454608, 26454608, 26454608, 26454608, 26454608, 26454608, 26454608, 26454608, 26535544, 26820478, 26820478, 26820478, 26380886, 26380886, 26380886, 26380886, 26380886, 26380886, 26380886, 26380886, 26380886, 26380886, 26380886, 26428822, 26428822, 26535544, 26535544, 26535544, 26535544, 26535544, 26164062, 26164062, 26164062, 26637795, 26637795, 26637795, 26637795, 26637795, 26637795, 26637795]",0,0,0,NPU,0,0,0,0,0,0,1.0,hot,0,0,0,0,1.0,0
0,279,meta-llama/Llama-3.1-8B,158,467,27921129640,187288691132,159367561492,143746743731,143797382887,50552527,"[26759908, 26759908, 26759908, 26759908, 26759908, 26759908, 26759908, 26759908, 499564699, 26726923, 26726923, 26726923, 26726923, 26726923, 26726923, 255203988, 5062437024, 26790979, 26790979, 26790979, 26790979, 116323641, 26726923, 26726923, 444376135, 27773145, 27773145, 27773145, 27773145, 27773145, 27773145, 27773145, 27773145, 27232760, 26287926, 26287926, 116443307, 27773145, 27773145, 27773145, 27773145, 27773145, 27685307, 27685307, 27685307, 27685307, 27685307, 27685307, 27685307, 27512576, 27512576, 27512576, 27278932, 27278932, 27278932, 27278932, 27278932, 27278932, 27278932, 27278932, 27278932, 27278932, 27278932, 27278932, 27278932, 27278932, 27278932, 27278932, 27278932, 27278932, 27278932, 27278932, 27278932, 27278932, 27278932, 27278932, 27278932, 27278932, 27278932, 27278932, 27278932, 26349776, 26349776, 26349776, 25782115, 25782115, 25782115, 25782115, 351876578, 27232760, 27232760, 27232760, 27232760, 27232760, 27232760, 27232760, 27232760, 27232760, 27103283, 27103283, 27103283, 27103283, 27103283, 352826632, 27061067, 26694765, 25712916, 294827223, 27061067, 27061067, 27061067, 27061067, 27061067, 27061067, 27061067, 27061067, 27061067, 27061067, 27061067, 27061067, 27061067, 26859940, 26859940, 26859940, 26859940, 26859940, 26859940, 26859940, 26859940, 26859940, 26859940, 26859940, 26859940, 26859940, 26859940, 26859940, 26859940, 26859940, 26859940, 26859940, 26859940, 26859940, 26859940, 26859940, 26859940, 26830763, 26830763, 26830763, 26830763, 26830763, 26830763, 26830763, 26830763, 26830763, 26830763, 26726923, 26726923, 26786947, 26699917, 26699917, 26699917, 50225010, 26695203, 26695203, 26695203, 26790979, 26790979, 26790979, 26790979, 26790979, 26790979, 26790979, 26790979, 26790979, 26706189, 26706189, 26706189, 26706189, 26706189, 26706189, 26706189, 76878805, 26706189, 26645180, 26645180, 26645180, 26645180, 26645180, 26645180, 26645180, 26645180, 26645180, 26645180, 26645180, 26645180, 26645180, 26444528, 26444528, 26444528, 26444528, 26444528, 26444528, 26444528, 26444528, 26444528, 26444528, 26444528, 26444528, 26444528, 26444528, 26444528, 26454608, 26454608, 26454608, 26454608, 26454608, 26454608, 26454608, 26454608, 26454608, 26454608, 26454608, 26454608, 26454608, 26454608, 26535544, 26820478, 26820478, 26820478, 26380886, 26380886, 26380886, 26380886, 26380886, 26380886, 26380886, 26380886, 26380886, 26380886, 26380886, 26428822, 26428822, 26535544, 26535544, 26535544, 26535544, 26535544, 26164062, 26164062, 26164062, 26637795, 26637795, 26637795, 26637795, 26637795, 26637795, 26637795, 26324758, 26324758, 26324758, 26324758, 26324758, 26324758, 26324758, 26324758, 26324758, 26324758, 26324758, 26324758, 26324758, 26324758, 26324758, 26324758, 26324758, 26324758, 26324758, 26324758, 26324758, 26324758, 26324758, 26324758, 26324758, 26324758, 26324758, 26324758, 26324758, 26324758, 26324758, 26324758, 26324758, 26324758, 26324758, 26324758, 26324758, 26324758, 26324758, 26324758, 26324758, 26324758, 26324758, 26324758, 26324758, 26324758, 26324758, 26324758, 26324758, 26324758, 26324758]",0,0,0,NPU,0,0,0,0,0,0,1.0,hot,0,0,0,0,1.0,0
0,278,meta-llama/Llama-3.1-8B,23,345,27762267693,187632663660,159870395967,143905605678,143956244834,49576794,"[26759908, 26759908, 26759908, 26759908, 26759908, 26759908, 26759908, 26759908, 499564699, 26726923, 26726923, 26726923, 26726923, 26726923, 26726923, 255203988, 5062437024, 26790979, 26790979, 26790979, 26790979, 116323641, 26726923, 26726923, 444376135, 27773145, 27773145, 27773145, 27773145, 27773145, 27773145, 27773145, 27773145, 27232760, 26287926, 26287926, 116443307, 27773145, 27773145, 27773145, 27773145, 27773145, 27685307, 27685307, 27685307, 27685307, 27685307, 27685307, 27685307, 27512576, 27512576, 27512576, 27278932, 27278932, 27278932, 27278932, 27278932, 27278932, 27278932, 27278932, 27278932, 27278932, 27278932, 27278932, 27278932, 27278932, 27278932, 27278932, 27278932, 27278932, 27278932, 27278932, 27278932, 27278932, 27278932, 27278932, 27278932, 27278932, 27278932, 27278932, 27278932, 26349776, 26349776, 26349776, 25782115, 25782115, 25782115, 25782115, 351876578, 27232760, 27232760, 27232760, 27232760, 27232760, 27232760, 27232760, 27232760, 27232760, 27103283, 27103283, 27103283, 27103283, 27103283, 352826632, 27061067, 26694765, 25712916, 294827223, 27061067, 27061067, 27061067, 27061067, 27061067, 27061067, 27061067, 27061067, 27061067, 27061067, 27061067, 27061067, 27061067, 26859940, 26859940, 26859940, 26859940, 26859940, 26859940, 26859940, 26859940, 26859940, 26859940, 26859940, 26859940, 26859940, 26859940, 26859940, 26859940, 26859940, 26859940, 26859940, 26859940, 26859940, 26859940, 26859940, 26859940, 26830763, 26830763, 26830763, 26830763, 26830763, 26830763, 26830763, 26830763, 26830763, 26830763, 26726923, 26726923, 26786947, 26699917, 26699917, 26699917, 50225010, 26695203, 26695203, 26695203, 26790979, 26790979, 26790979, 26790979, 26790979, 26790979, 26790979, 26790979, 26790979, 26706189, 26706189, 26706189, 26706189, 26706189, 26706189, 26706189, 76878805, 26706189, 26645180, 26645180, 26645180, 26645180, 26645180, 26645180, 26645180, 26645180, 26645180, 26645180, 26645180, 26645180, 26645180, 26444528, 26444528, 26444528, 26444528, 26444528, 26444528, 26444528, 26444528, 26444528, 26444528, 26444528, 26444528, 26444528, 26444528, 26444528, 26454608, 26454608, 26454608, 26454608, 26454608, 26454608, 26454608, 26454608, 26454608, 26454608, 26454608, 26454608, 26454608, 26454608, 26535544, 26820478, 26820478, 26820478, 26380886, 26380886, 26380886, 26380886, 26380886, 26380886, 26380886, 26380886, 26380886, 26380886, 26380886, 26428822, 26428822, 26535544, 26535544, 26535544, 26535544, 26535544, 26164062, 26164062, 26164062, 26637795, 26637795, 26637795, 26637795, 26637795, 26637795, 26637795, 26324758, 26324758, 26324758, 26324758, 26324758, 26324758, 26324758, 26324758, 26324758, 26324758, 26324758, 26324758, 26324758, 26324758, 26324758, 26324758, 26324758, 26324758, 26324758, 26324758, 26324758, 26324758, 26324758, 26324758, 26324758, 26324758, 26324758, 26324758, 26324758, 26324758, 26324758, 26324758, 26324758, 26324758, 26324758, 26324758, 26324758, 26324758, 26324758, 26324758, 26324758, 26324758, 26324758, 26324758, 26324758, 26324758, 26324758, 26324758, 26324758, 26324758, 26324758, 26475376, 26475376, 26475376, 26475376, 26475376, 26475376, 26475376, 26475376, 26475376, 26475376, 26406256, 26406256, 26406256]",0,0,0,NPU,0,0,0,0,0,0,1.0,hot,0,0,0,0,1.0,0
0,298,meta-llama/Llama-3.1-8B,831,994,29174842101,187790863776,158616021675,151996026807,152348853439,38686223,"[1849601586, 26695203, 26695203, 26695203, 26790979, 26790979, 26790979, 26790979, 26790979, 26790979, 26790979, 26790979, 26790979, 26706189, 26706189, 26706189, 26706189, 26706189, 26706189, 26706189, 76878805, 26706189, 26645180, 26645180, 26645180, 26645180, 26645180, 26645180, 26645180, 26645180, 26645180, 26645180, 26645180, 26645180, 26645180, 26444528, 26444528, 26444528, 26444528, 26444528, 26444528, 26444528, 26444528, 26444528, 26444528, 26444528, 26444528, 26444528, 26444528, 26444528, 26454608, 26454608, 26454608, 26454608, 26454608, 26454608, 26454608, 26454608, 26454608, 26454608, 26454608, 26454608, 26454608, 26454608, 133377864, 26380886, 26380886, 26380886, 26380886, 26380886, 26380886, 26380886, 26380886, 26380886, 26380886, 26428822, 26428822, 26535544, 26535544, 26535544, 26535544, 26535544, 26164062, 26164062, 26164062, 26637795, 26637795, 26637795, 26637795, 26637795, 26637795, 26637795, 26324758, 26324758, 26324758, 26324758, 26324758, 26324758, 26324758, 26324758, 26324758, 26324758, 26324758, 26324758, 26324758, 26324758, 26324758, 26324758, 26324758, 26324758, 26324758, 26324758, 26324758, 26324758, 26324758, 26324758, 26324758, 26324758, 26324758, 26324758, 26324758, 26324758, 26324758, 26324758, 26324758, 26324758, 26324758, 26324758, 26324758, 26324758, 26324758, 26324758, 26324758, 26324758, 26324758, 26324758, 26324758, 26324758, 26324758, 26324758, 26324758, 26324758, 26324758, 26475376, 26475376, 26475376, 26475376, 26475376, 26475376, 26475376, 26475376, 26475376, 26475376, 26406256, 26406256, 26406256, 26366686, 26366686, 26366686, 26366686, 26366686, 26366686]",0,0,0,NPU,0,0,0,0,0,0,1.0,hot,0,0,0,0,1.0,0
0,268,meta-llama/Llama-3.1-8B,66,573,26422034892,188234996052,161812961160,136629796305,136870268790,49293858,"[536864367, 28272208, 28272208, 28272208, 28272208, 28272208, 28272208, 28272208, 28272208, 27773145, 488679919, 28107904, 28107904, 28107904, 28107904, 28107904, 28107904, 28107904, 28107904, 28107904, 28107904, 28107904, 28107904, 27761521, 27761521, 27761521, 27761521, 27761521, 27761521, 27761521, 27761521, 27761521, 27766321, 27766321, 27766321, 27766321, 27766321, 27766321, 27766321, 27766321, 27766321, 27766321, 27512576, 27232760, 79661992, 27773145, 27773145, 27773145, 27773145, 3164256982, 26956587, 26956587, 26956587, 26956587, 26956587, 26956587, 26956587, 26759908, 26759908, 26759908, 26759908, 26759908, 26759908, 26759908, 26726923, 26726923, 26695203, 26695203, 26695203, 26695203, 26695203, 26695203, 26695203, 26695203, 26695203, 26695203, 26695203, 26695203, 26695203, 26695203, 26695203, 26695203, 26695203, 26695203, 26695203, 26695203, 26695203, 26695203, 26695203, 26695203, 26695203, 26695203, 26790979, 26790979, 26790979, 26706189, 26706189, 26706189, 26706189, 26706189, 26706189, 26706189, 26706189, 26706189, 26706189, 26706189, 26706189, 26706189, 26706189, 26706189, 26706189, 26706189, 26706189, 26706189, 26706189, 26706189, 26706189, 26706189, 26706189, 26706189, 26706189, 26645180, 26645180, 26645180, 26645180, 26645180, 26645180, 26444528, 26444528, 26444528, 26444528, 26444528, 26444528, 26444528, 26444528, 26444528, 26444528, 26444528, 26444528, 26444528, 26444528, 209464885, 26164062, 208143254, 26759908, 26759908, 26759908, 26759908, 26759908, 26759908, 26759908, 26759908, 499564699, 26726923, 26726923, 26726923, 26726923, 26726923, 26726923, 26324758, 26324758, 26324758, 26324758, 26324758, 26324758, 26324758, 70930682, 5062437024, 26790979, 26790979, 26790979, 26790979, 116323641, 26726923, 26726923, 26820478, 26246582, 26246582, 26246582, 26246582, 26246582, 26246582, 260076165, 27773145, 27773145, 27773145, 27773145, 27773145, 27773145, 27773145, 27773145, 27232760, 26287926, 26287926, 116443307, 27773145, 27773145, 27773145, 27773145, 27773145, 27685307, 27685307, 27685307, 27685307, 27685307, 27685307, 27685307, 27512576, 27512576, 27512576, 27278932, 27278932, 27278932, 27278932, 27278932, 27278932, 27278932, 27278932, 27278932, 27278932, 27278932, 27278932, 27278932, 27278932, 27278932, 27278932, 27278932, 27278932, 27278932, 27278932, 27278932, 27278932, 27278932, 27278932, 27278932, 27278932, 27278932, 27278932, 27278932, 26349776, 26349776, 26349776, 25782115, 25782115, 25782115, 25782115, 25921863, 25921863, 25921863, 274110989, 27232760, 27232760, 27232760, 27232760, 27232760, 27232760, 27232760, 27232760, 27232760, 27103283, 27103283, 27103283, 27103283, 27103283, 352826632, 27061067, 26694765, 25712916, 25648437, 269178786, 27061067, 27061067, 27061067, 27061067, 27061067, 27061067, 27061067, 27061067, 27061067, 27061067, 27061067, 27061067, 27061067, 26859940, 26859940, 26859940, 26859940, 26859940, 26859940, 26859940, 26859940, 26859940, 26859940, 26859940, 26859940, 26859940, 26859940, 26859940, 26859940, 26859940, 26859940, 26859940, 26859940, 26859940, 26859940, 26859940, 26859940, 26830763, 26830763, 26830763, 26830763, 26830763, 26830763, 26830763, 26830763, 26830763, 26830763, 26726923, 26726923, 26786947, 26699917, 26699917, 26699917, 50225010, 26695203, 26695203, 26695203, 26790979, 26790979, 26790979, 26790979, 26790979, 26790979, 26790979, 26790979, 26790979, 26706189, 26706189, 26706189, 26706189, 26706189, 26706189, 26706189, 76878805, 26706189, 26645180, 26645180, 26645180, 26645180, 26645180, 26645180, 26645180, 26645180, 26645180, 26645180, 26645180, 26645180, 26645180, 26444528, 26444528, 26444528, 26444528, 26444528, 26444528, 26444528, 26444528, 26444528, 26444528, 26444528, 26444528, 26444528, 26444528, 26444528, 26454608, 26454608, 26454608, 26454608, 26454608, 26454608, 26454608, 26454608, 26454608, 26454608, 26454608, 26454608, 26454608, 26454608, 26535544, 26820478, 26820478, 26820478, 26380886, 26380886, 26380886, 26380886, 26380886, 26380886, 26380886, 26380886, 26380886, 26380886, 26380886, 26428822, 26428822, 26535544, 26535544, 26535544, 26535544, 26535544, 26164062, 26164062, 26164062, 26637795, 26637795, 26637795, 26637795, 26637795, 26637795, 26637795, 26324758, 26324758, 26324758, 26324758, 26324758, 26324758, 26324758, 26324758, 26324758, 26324758, 26324758, 26324758, 26324758, 26324758, 26324758, 26324758, 26324758, 26324758, 26324758, 26324758, 26324758, 26324758, 26324758, 26324758, 26324758, 26324758, 26324758, 26324758, 26324758, 26324758, 26324758, 26324758, 26324758, 26324758, 26324758, 26324758, 26324758, 26324758, 26324758, 26324758, 26324758, 26324758, 26324758, 26324758, 26324758, 26324758, 26324758, 26324758, 26324758, 26324758, 26324758, 26475376, 26475376, 26475376, 26475376, 26475376, 26475376, 26475376, 26475376, 26475376, 26475376, 26406256, 26406256, 26406256, 26366686, 26366686, 26366686, 26366686, 26366686, 26366686, 26125428, 26125428, 26125428, 26125428, 26125428, 26125428, 26125428, 26125428, 26125428, 26125428, 26125428, 26125428, 26125428, 26125428, 26125428, 26125428, 26125428]",0,0,0,NPU,0,0,0,0,0,0,1.0,hot,0,0,0,0,1.0,0
0,283,meta-llama/Llama-3.1-8B,540,864,28240073508,188441766692,160201693184,149777249448,149893573089,31913684,"[26726923, 26726923, 444376135, 27773145, 27773145, 27773145, 27773145, 27773145, 27773145, 27773145, 27773145, 27232760, 169019159, 27773145, 27773145, 27773145, 27773145, 27773145, 27685307, 27685307, 27685307, 27685307, 27685307, 27685307, 27685307, 27512576, 27512576, 27512576, 27278932, 27278932, 27278932, 27278932, 27278932, 27278932, 27278932, 27278932, 27278932, 27278932, 27278932, 27278932, 27278932, 27278932, 27278932, 27278932, 27278932, 27278932, 27278932, 27278932, 27278932, 27278932, 27278932, 27278932, 27278932, 27278932, 27278932, 27278932, 27278932, 26349776, 26349776, 26349776, 455005038, 27232760, 27232760, 27232760, 27232760, 27232760, 27232760, 27232760, 27232760, 27232760, 27103283, 27103283, 27103283, 27103283, 27103283, 352826632, 27061067, 26694765, 320540139, 27061067, 27061067, 27061067, 27061067, 27061067, 27061067, 27061067, 27061067, 27061067, 27061067, 27061067, 27061067, 27061067, 26859940, 26859940, 26859940, 26859940, 26859940, 26859940, 26859940, 26859940, 26859940, 26859940, 26859940, 26859940, 26859940, 26859940, 26859940, 26859940, 26859940, 26859940, 26859940, 26859940, 26859940, 26859940, 26859940, 26859940, 26830763, 26830763, 26830763, 26830763, 26830763, 26830763, 26830763, 26830763, 26830763, 26830763, 26726923, 26726923, 26786947, 26699917, 26699917, 26699917, 50225010, 26695203, 26695203, 26695203, 26790979, 26790979, 26790979, 26790979, 26790979, 26790979, 26790979, 26790979, 26790979, 26706189, 26706189, 26706189, 26706189, 26706189, 26706189, 26706189, 76878805, 26706189, 26645180, 26645180, 26645180, 26645180, 26645180, 26645180, 26645180, 26645180, 26645180, 26645180, 26645180, 26645180, 26645180, 26444528, 26444528, 26444528, 26444528, 26444528, 26444528, 26444528, 26444528, 26444528, 26444528, 26444528, 26444528, 26444528, 26444528, 26444528, 26454608, 26454608, 26454608, 26454608, 26454608, 26454608, 26454608, 26454608, 26454608, 26454608, 26454608, 26454608, 26454608, 26454608, 26535544, 26820478, 26820478, 26820478, 26380886, 26380886, 26380886, 26380886, 26380886, 26380886, 26380886, 26380886, 26380886, 26380886, 26380886, 26428822, 26428822, 26535544, 26535544, 26535544, 26535544, 26535544, 26164062, 26164062, 26164062, 26637795, 26637795, 26637795, 26637795, 26637795, 26637795, 26637795, 26324758, 26324758, 26324758, 26324758, 26324758, 26324758, 26324758, 26324758, 26324758, 26324758, 26324758, 26324758, 26324758, 26324758, 26324758, 26324758, 26324758, 26324758, 26324758, 26324758, 26324758, 26324758, 26324758, 26324758, 26324758, 26324758, 26324758, 26324758, 26324758, 26324758, 26324758, 26324758, 26324758, 26324758, 26324758, 26324758, 26324758, 26324758, 26324758, 26324758, 26324758, 26324758, 26324758, 26324758, 26324758, 26324758, 26324758, 26324758, 26324758, 26324758, 26324758, 26475376, 26475376, 26475376, 26475376, 26475376, 26475376, 26475376, 26475376, 26475376, 26475376, 26406256, 26406256, 26406256, 26366686, 26366686, 26366686, 26366686, 26366686, 26366686, 26125428, 26125428, 26125428, 26125428, 26125428, 26125428, 26125428, 26125428, 26125428, 26125428, 26125428, 26125428, 26125428, 26125428, 26125428, 26125428, 26125428, 25846330, 25846330, 25846330, 25846330, 25846330, 25846330, 25846330, 25846330]",0,0,0,NPU,0,0,0,0,0,0,1.0,hot,0,0,0,0,1.0,0
0,275,meta-llama/Llama-3.1-8B,6,375,27376145729,188650106828,161273961099,143898594597,144108059482,46646471,"[234307316, 26759908, 26759908, 26759908, 26759908, 26759908, 26759908, 26759908, 26759908, 499564699, 26726923, 26726923, 26726923, 26726923, 26726923, 26726923, 255203988, 5062437024, 26790979, 26790979, 26790979, 26790979, 116323641, 26726923, 26726923, 26820478, 26246582, 26246582, 26246582, 26246582, 26246582, 26246582, 260076165, 27773145, 27773145, 27773145, 27773145, 27773145, 27773145, 27773145, 27773145, 27232760, 26287926, 26287926, 116443307, 27773145, 27773145, 27773145, 27773145, 27773145, 27685307, 27685307, 27685307, 27685307, 27685307, 27685307, 27685307, 27512576, 27512576, 27512576, 27278932, 27278932, 27278932, 27278932, 27278932, 27278932, 27278932, 27278932, 27278932, 27278932, 27278932, 27278932, 27278932, 27278932, 27278932, 27278932, 27278932, 27278932, 27278932, 27278932, 27278932, 27278932, 27278932, 27278932, 27278932, 27278932, 27278932, 27278932, 27278932, 26349776, 26349776, 26349776, 25782115, 25782115, 25782115, 25782115, 351876578, 27232760, 27232760, 27232760, 27232760, 27232760, 27232760, 27232760, 27232760, 27232760, 27103283, 27103283, 27103283, 27103283, 27103283, 352826632, 27061067, 26694765, 25712916, 294827223, 27061067, 27061067, 27061067, 27061067, 27061067, 27061067, 27061067, 27061067, 27061067, 27061067, 27061067, 27061067, 27061067, 26859940, 26859940, 26859940, 26859940, 26859940, 26859940, 26859940, 26859940, 26859940, 26859940, 26859940, 26859940, 26859940, 26859940, 26859940, 26859940, 26859940, 26859940, 26859940, 26859940, 26859940, 26859940, 26859940, 26859940, 26830763, 26830763, 26830763, 26830763, 26830763, 26830763, 26830763, 26830763, 26830763, 26830763, 26726923, 26726923, 26786947, 26699917, 26699917, 26699917, 50225010, 26695203, 26695203, 26695203, 26790979, 26790979, 26790979, 26790979, 26790979, 26790979, 26790979, 26790979, 26790979, 26706189, 26706189, 26706189, 26706189, 26706189, 26706189, 26706189, 76878805, 26706189, 26645180, 26645180, 26645180, 26645180, 26645180, 26645180, 26645180, 26645180, 26645180, 26645180, 26645180, 26645180, 26645180, 26444528, 26444528, 26444528, 26444528, 26444528, 26444528, 26444528, 26444528, 26444528, 26444528, 26444528, 26444528, 26444528, 26444528, 26444528, 26454608, 26454608, 26454608, 26454608, 26454608, 26454608, 26454608, 26454608, 26454608, 26454608, 26454608, 26454608, 26454608, 26454608, 26535544, 26820478, 26820478, 26820478, 26380886, 26380886, 26380886, 26380886, 26380886, 26380886, 26380886, 26380886, 26380886, 26380886, 26380886, 26428822, 26428822, 26535544, 26535544, 26535544, 26535544, 26535544, 26164062, 26164062, 26164062, 26637795, 26637795, 26637795, 26637795, 26637795, 26637795, 26637795, 26324758, 26324758, 26324758, 26324758, 26324758, 26324758, 26324758, 26324758, 26324758, 26324758, 26324758, 26324758, 26324758, 26324758, 26324758, 26324758, 26324758, 26324758, 26324758, 26324758, 26324758, 26324758, 26324758, 26324758, 26324758, 26324758, 26324758, 26324758, 26324758, 26324758, 26324758, 26324758, 26324758, 26324758, 26324758, 26324758, 26324758, 26324758, 26324758, 26324758, 26324758, 26324758, 26324758, 26324758, 26324758, 26324758, 26324758, 26324758, 26324758, 26324758, 26324758, 26475376, 26475376, 26475376, 26475376, 26475376, 26475376, 26475376, 26475376, 26475376, 26475376, 26406256, 26406256, 26406256, 26366686, 26366686, 26366686, 26366686, 26366686, 26366686, 26125428, 26125428, 26125428, 26125428, 26125428, 26125428, 26125428, 26125428, 26125428, 26125428, 26125428, 26125428, 26125428, 26125428, 26125428, 26125428, 26125428, 25846330, 25846330, 25846330, 25846330, 25846330, 25846330, 25846330, 25846330, 26042517, 26042517, 26042517, 26042517, 26042517, 26042517, 26042517, 26042517]",0,0,0,NPU,0,0,0,0,0,0,1.0,hot,0,0,0,0,1.0,0
0,289,meta-llama/Llama-3.1-8B,7,394,28594091791,190232584311,161638492520,149777308622,150037384787,30054683,"[27773145, 27773145, 27773145, 27773145, 27773145, 27773145, 27773145, 27773145, 27232760, 169019159, 27773145, 27773145, 27773145, 27773145, 27773145, 27685307, 27685307, 27685307, 27685307, 27685307, 27685307, 27685307, 27512576, 27512576, 27512576, 27278932, 27278932, 27278932, 27278932, 27278932, 27278932, 27278932, 27278932, 27278932, 27278932, 27278932, 27278932, 27278932, 27278932, 27278932, 27278932, 27278932, 27278932, 27278932, 27278932, 27278932, 27278932, 27278932, 27278932, 27278932, 27278932, 27278932, 27278932, 27278932, 534054366, 27232760, 27232760, 27232760, 27232760, 27232760, 27232760, 27232760, 27232760, 27232760, 27103283, 27103283, 27103283, 27103283, 27103283, 352826632, 27061067, 26694765, 320540139, 27061067, 27061067, 27061067, 27061067, 27061067, 27061067, 27061067, 27061067, 27061067, 27061067, 27061067, 27061067, 27061067, 26859940, 26859940, 26859940, 26859940, 26859940, 26859940, 26859940, 26859940, 26859940, 26859940, 26859940, 26859940, 26859940, 26859940, 26859940, 26859940, 26859940, 26859940, 26859940, 26859940, 26859940, 26859940, 26859940, 26859940, 26830763, 26830763, 26830763, 26830763, 26830763, 26830763, 26830763, 26830763, 26830763, 26830763, 26726923, 26726923, 26786947, 26699917, 26699917, 26699917, 50225010, 26695203, 26695203, 26695203, 26790979, 26790979, 26790979, 26790979, 26790979, 26790979, 26790979, 26790979, 26790979, 26706189, 26706189, 26706189, 26706189, 26706189, 26706189, 26706189, 76878805, 26706189, 26645180, 26645180, 26645180, 26645180, 26645180, 26645180, 26645180, 26645180, 26645180, 26645180, 26645180, 26645180, 26645180, 26444528, 26444528, 26444528, 26444528, 26444528, 26444528, 26444528, 26444528, 26444528, 26444528, 26444528, 26444528, 26444528, 26444528, 26444528, 26454608, 26454608, 26454608, 26454608, 26454608, 26454608, 26454608, 26454608, 26454608, 26454608, 26454608, 26454608, 26454608, 26454608, 26535544, 26820478, 26820478, 26820478, 26380886, 26380886, 26380886, 26380886, 26380886, 26380886, 26380886, 26380886, 26380886, 26380886, 26380886, 26428822, 26428822, 26535544, 26535544, 26535544, 26535544, 26535544, 26164062, 26164062, 26164062, 26637795, 26637795, 26637795, 26637795, 26637795, 26637795, 26637795, 26324758, 26324758, 26324758, 26324758, 26324758, 26324758, 26324758, 26324758, 26324758, 26324758, 26324758, 26324758, 26324758, 26324758, 26324758, 26324758, 26324758, 26324758, 26324758, 26324758, 26324758, 26324758, 26324758, 26324758, 26324758, 26324758, 26324758, 26324758, 26324758, 26324758, 26324758, 26324758, 26324758, 26324758, 26324758, 26324758, 26324758, 26324758, 26324758, 26324758, 26324758, 26324758, 26324758, 26324758, 26324758, 26324758, 26324758, 26324758, 26324758, 26324758, 26324758, 26475376, 26475376, 26475376, 26475376, 26475376, 26475376, 26475376, 26475376, 26475376, 26475376, 26406256, 26406256, 26406256, 26366686, 26366686, 26366686, 26366686, 26366686, 26366686, 26125428, 26125428, 26125428, 26125428, 26125428, 26125428, 26125428, 26125428, 26125428, 26125428, 26125428, 26125428, 26125428, 26125428, 26125428, 26125428, 26125428, 25846330, 25846330, 25846330, 25846330, 25846330, 25846330, 25846330, 25846330, 26042517, 26042517, 26042517, 26042517, 26042517, 26042517, 26042517, 26042517, 25969703, 25969703, 25969703, 25969703, 25969703, 25969703, 25969703, 25969703, 25969703, 25969703, 25969703, 25969703, 25969703, 25969703, 25969703, 25969703, 25969703, 25969703, 25969703, 25969703, 25969703, 25969703, 25969703, 25969703, 25969703, 25969703, 25921863, 25921863, 25921863, 25921863, 25921863, 25921863, 25921863, 25921863, 25921863, 25921863, 25921863, 25921863, 25921863, 25921863, 25921863, 25921863, 25921863, 25921863, 25921863, 25921863, 25921863, 25921863, 25921863, 25921863, 25921863, 25921863, 25921863, 25921863, 25921863, 25921863, 25921863, 25921863, 25921863, 25921863, 25921863]",0,0,0,NPU,0,0,0,0,0,0,1.0,hot,0,0,0,0,1.0,0
0,287,meta-llama/Llama-3.1-8B,9,431,28470965472,191151713969,162680748497,149900434941,150160511106,29739281,"[27773145, 27773145, 27773145, 27773145, 27773145, 27773145, 27773145, 27773145, 27232760, 169019159, 27773145, 27773145, 27773145, 27773145, 27773145, 27685307, 27685307, 27685307, 27685307, 27685307, 27685307, 27685307, 27512576, 27512576, 27512576, 27278932, 27278932, 27278932, 27278932, 27278932, 27278932, 27278932, 27278932, 27278932, 27278932, 27278932, 27278932, 27278932, 27278932, 27278932, 27278932, 27278932, 27278932, 27278932, 27278932, 27278932, 27278932, 27278932, 27278932, 27278932, 27278932, 27278932, 27278932, 27278932, 534054366, 27232760, 27232760, 27232760, 27232760, 27232760, 27232760, 27232760, 27232760, 27232760, 27103283, 27103283, 27103283, 27103283, 27103283, 352826632, 27061067, 26694765, 320540139, 27061067, 27061067, 27061067, 27061067, 27061067, 27061067, 27061067, 27061067, 27061067, 27061067, 27061067, 27061067, 27061067, 26859940, 26859940, 26859940, 26859940, 26859940, 26859940, 26859940, 26859940, 26859940, 26859940, 26859940, 26859940, 26859940, 26859940, 26859940, 26859940, 26859940, 26859940, 26859940, 26859940, 26859940, 26859940, 26859940, 26859940, 26830763, 26830763, 26830763, 26830763, 26830763, 26830763, 26830763, 26830763, 26830763, 26830763, 26726923, 26726923, 26786947, 26699917, 26699917, 26699917, 50225010, 26695203, 26695203, 26695203, 26790979, 26790979, 26790979, 26790979, 26790979, 26790979, 26790979, 26790979, 26790979, 26706189, 26706189, 26706189, 26706189, 26706189, 26706189, 26706189, 76878805, 26706189, 26645180, 26645180, 26645180, 26645180, 26645180, 26645180, 26645180, 26645180, 26645180, 26645180, 26645180, 26645180, 26645180, 26444528, 26444528, 26444528, 26444528, 26444528, 26444528, 26444528, 26444528, 26444528, 26444528, 26444528, 26444528, 26444528, 26444528, 26444528, 26454608, 26454608, 26454608, 26454608, 26454608, 26454608, 26454608, 26454608, 26454608, 26454608, 26454608, 26454608, 26454608, 26454608, 26535544, 26820478, 26820478, 26820478, 26380886, 26380886, 26380886, 26380886, 26380886, 26380886, 26380886, 26380886, 26380886, 26380886, 26380886, 26428822, 26428822, 26535544, 26535544, 26535544, 26535544, 26535544, 26164062, 26164062, 26164062, 26637795, 26637795, 26637795, 26637795, 26637795, 26637795, 26637795, 26324758, 26324758, 26324758, 26324758, 26324758, 26324758, 26324758, 26324758, 26324758, 26324758, 26324758, 26324758, 26324758, 26324758, 26324758, 26324758, 26324758, 26324758, 26324758, 26324758, 26324758, 26324758, 26324758, 26324758, 26324758, 26324758, 26324758, 26324758, 26324758, 26324758, 26324758, 26324758, 26324758, 26324758, 26324758, 26324758, 26324758, 26324758, 26324758, 26324758, 26324758, 26324758, 26324758, 26324758, 26324758, 26324758, 26324758, 26324758, 26324758, 26324758, 26324758, 26475376, 26475376, 26475376, 26475376, 26475376, 26475376, 26475376, 26475376, 26475376, 26475376, 26406256, 26406256, 26406256, 26366686, 26366686, 26366686, 26366686, 26366686, 26366686, 26125428, 26125428, 26125428, 26125428, 26125428, 26125428, 26125428, 26125428, 26125428, 26125428, 26125428, 26125428, 26125428, 26125428, 26125428, 26125428, 26125428, 25846330, 25846330, 25846330, 25846330, 25846330, 25846330, 25846330, 25846330, 26042517, 26042517, 26042517, 26042517, 26042517, 26042517, 26042517, 26042517, 25969703, 25969703, 25969703, 25969703, 25969703, 25969703, 25969703, 25969703, 25969703, 25969703, 25969703, 25969703, 25969703, 25969703, 25969703, 25969703, 25969703, 25969703, 25969703, 25969703, 25969703, 25969703, 25969703, 25969703, 25969703, 25969703, 25921863, 25921863, 25921863, 25921863, 25921863, 25921863, 25921863, 25921863, 25921863, 25921863, 25921863, 25921863, 25921863, 25921863, 25921863, 25921863, 25921863, 25921863, 25921863, 25921863, 25921863, 25921863, 25921863, 25921863, 25921863, 25921863, 25921863, 25921863, 25921863, 25921863, 25921863, 25921863, 25921863, 25921863, 25921863, 25897854, 25897854, 25897854, 26294878, 26294878, 26294878, 26294878, 26294878, 26294878, 26294878, 26294878, 26294878, 26294878, 26294878, 26294878, 26294878, 26294878, 26294878, 26294878, 26294878, 26294878, 26294878, 26294878, 26294878, 26294878, 26294878, 26294878, 26294878, 26294878, 26294878, 26294878, 26294878, 26294878, 26294878, 26294878]",0,0,0,NPU,0,0,0,0,0,0,1.0,hot,0,0,0,0,1.0,0
0,292,meta-llama/Llama-3.1-8B,10,509,28773930782,193193453196,164419522414,149597469631,149857545796,29240916,"[27773145, 27773145, 27773145, 27773145, 27773145, 27773145, 27773145, 27773145, 196251919, 27773145, 27773145, 27773145, 27773145, 27773145, 27685307, 27685307, 27685307, 27685307, 27685307, 27685307, 27685307, 27512576, 27512576, 27512576, 27278932, 27278932, 27278932, 27278932, 27278932, 27278932, 27278932, 27278932, 27278932, 27278932, 27278932, 27278932, 27278932, 27278932, 27278932, 27278932, 27278932, 27278932, 27278932, 27278932, 27278932, 27278932, 27278932, 27278932, 27278932, 27278932, 27278932, 27278932, 27278932, 534054366, 27232760, 27232760, 27232760, 27232760, 27232760, 27232760, 27232760, 27232760, 27232760, 27103283, 27103283, 27103283, 27103283, 27103283, 352826632, 27061067, 347234904, 27061067, 27061067, 27061067, 27061067, 27061067, 27061067, 27061067, 27061067, 27061067, 27061067, 27061067, 27061067, 27061067, 26859940, 26859940, 26859940, 26859940, 26859940, 26859940, 26859940, 26859940, 26859940, 26859940, 26859940, 26859940, 26859940, 26859940, 26859940, 26859940, 26859940, 26859940, 26859940, 26859940, 26859940, 26859940, 26859940, 26859940, 26830763, 26830763, 26830763, 26830763, 26830763, 26830763, 26830763, 26830763, 26830763, 26830763, 26726923, 26726923, 26786947, 26699917, 26699917, 26699917, 50225010, 26695203, 26695203, 26695203, 26790979, 26790979, 26790979, 26790979, 26790979, 26790979, 26790979, 26790979, 26790979, 26706189, 26706189, 26706189, 26706189, 26706189, 26706189, 26706189, 76878805, 26706189, 26645180, 26645180, 26645180, 26645180, 26645180, 26645180, 26645180, 26645180, 26645180, 26645180, 26645180, 26645180, 26645180, 26444528, 26444528, 26444528, 26444528, 26444528, 26444528, 26444528, 26444528, 26444528, 26444528, 26444528, 26444528, 26444528, 26444528, 26444528, 26454608, 26454608, 26454608, 26454608, 26454608, 26454608, 26454608, 26454608, 26454608, 26454608, 26454608, 26454608, 26454608, 26454608, 26535544, 26820478, 26820478, 26820478, 26380886, 26380886, 26380886, 26380886, 26380886, 26380886, 26380886, 26380886, 26380886, 26380886, 26380886, 26428822, 26428822, 26535544, 26535544, 26535544, 26535544, 26535544, 26164062, 26164062, 26164062, 26637795, 26637795, 26637795, 26637795, 26637795, 26637795, 26637795, 26324758, 26324758, 26324758, 26324758, 26324758, 26324758, 26324758, 26324758, 26324758, 26324758, 26324758, 26324758, 26324758, 26324758, 26324758, 26324758, 26324758, 26324758, 26324758, 26324758, 26324758, 26324758, 26324758, 26324758, 26324758, 26324758, 26324758, 26324758, 26324758, 26324758, 26324758, 26324758, 26324758, 26324758, 26324758, 26324758, 26324758, 26324758, 26324758, 26324758, 26324758, 26324758, 26324758, 26324758, 26324758, 26324758, 26324758, 26324758, 26324758, 26324758, 26324758, 26475376, 26475376, 26475376, 26475376, 26475376, 26475376, 26475376, 26475376, 26475376, 26475376, 26406256, 26406256, 26406256, 26366686, 26366686, 26366686, 26366686, 26366686, 26366686, 26125428, 26125428, 26125428, 26125428, 26125428, 26125428, 26125428, 26125428, 26125428, 26125428, 26125428, 26125428, 26125428, 26125428, 26125428, 26125428, 26125428, 25846330, 25846330, 25846330, 25846330, 25846330, 25846330, 25846330, 25846330, 26042517, 26042517, 26042517, 26042517, 26042517, 26042517, 26042517, 26042517, 25969703, 25969703, 25969703, 25969703, 25969703, 25969703, 25969703, 25969703, 25969703, 25969703, 25969703, 25969703, 25969703, 25969703, 25969703, 25969703, 25969703, 25969703, 25969703, 25969703, 25969703, 25969703, 25969703, 25969703, 25969703, 25969703, 25921863, 25921863, 25921863, 25921863, 25921863, 25921863, 25921863, 25921863, 25921863, 25921863, 25921863, 25921863, 25921863, 25921863, 25921863, 25921863, 25921863, 25921863, 25921863, 25921863, 25921863, 25921863, 25921863, 25921863, 25921863, 25921863, 25921863, 25921863, 25921863, 25921863, 25921863, 25921863, 25921863, 25921863, 25921863, 25897854, 25897854, 25897854, 26294878, 26294878, 26294878, 26294878, 26294878, 26294878, 26294878, 26294878, 26294878, 26294878, 26294878, 26294878, 26294878, 26294878, 26294878, 26294878, 26294878, 26294878, 26294878, 26294878, 26294878, 26294878, 26294878, 26294878, 26294878, 26294878, 26294878, 26294878, 26294878, 26294878, 26294878, 26294878, 25829685, 25829685, 25829685, 25829685, 25829685, 25829685, 25829685, 25829685, 25829685, 25829685, 25829685, 25829685, 25829685, 25829685, 25829685, 25829685, 25829685, 25829685, 25829685, 25829685, 25829685, 25829685, 25829685, 25829685, 25829685, 25829685, 25829685, 25829685, 25829685, 25829685, 25829685, 25829685, 25829685, 25829685, 25829685, 25829685, 25829685, 25829685, 25829685, 25829685, 25829685, 25829685, 25829685, 25829685, 25829685, 25829685, 25829685, 25829685, 25829685, 25829685, 25829685, 25829685, 25829685, 25829685, 25829685, 25829685, 25829685, 25829685, 25829685, 25829685, 25892533, 25892533, 25892533, 25892533, 25892533, 25892533, 25892533, 25892533, 25892533, 25892533, 25892533, 25892533, 25892533, 25892533, 25892533, 25892533, 25892533, 25892533, 25892533]",0,0,0,NPU,0,0,0,0,0,0,1.0,hot,0,0,0,0,1.0,0
0,297,meta-llama/Llama-3.1-8B,62,467,29077320140,194070337611,164993017471,152093548768,152446375400,31056044,"[1849601586, 26695203, 26695203, 26695203, 26790979, 26790979, 26790979, 26790979, 26790979, 26790979, 26790979, 26790979, 26790979, 26706189, 26706189, 26706189, 26706189, 26706189, 26706189, 26706189, 76878805, 26706189, 26645180, 26645180, 26645180, 26645180, 26645180, 26645180, 26645180, 26645180, 26645180, 26645180, 26645180, 26645180, 26645180, 26444528, 26444528, 26444528, 26444528, 26444528, 26444528, 26444528, 26444528, 26444528, 26444528, 26444528, 26444528, 26444528, 26444528, 26444528, 26454608, 26454608, 26454608, 26454608, 26454608, 26454608, 26454608, 26454608, 26454608, 26454608, 26454608, 26454608, 26454608, 26454608, 26535544, 106842320, 26380886, 26380886, 26380886, 26380886, 26380886, 26380886, 26380886, 26380886, 26380886, 26380886, 26428822, 26428822, 26535544, 26535544, 26535544, 26535544, 26535544, 26164062, 26164062, 26164062, 26637795, 26637795, 26637795, 26637795, 26637795, 26637795, 26637795, 26324758, 26324758, 26324758, 26324758, 26324758, 26324758, 26324758, 26324758, 26324758, 26324758, 26324758, 26324758, 26324758, 26324758, 26324758, 26324758, 26324758, 26324758, 26324758, 26324758, 26324758, 26324758, 26324758, 26324758, 26324758, 26324758, 26324758, 26324758, 26324758, 26324758, 26324758, 26324758, 26324758, 26324758, 26324758, 26324758, 26324758, 26324758, 26324758, 26324758, 26324758, 26324758, 26324758, 26324758, 26324758, 26324758, 26324758, 26324758, 26324758, 26324758, 26324758, 26475376, 26475376, 26475376, 26475376, 26475376, 26475376, 26475376, 26475376, 26475376, 26475376, 26406256, 26406256, 26406256, 26366686, 26366686, 26366686, 26366686, 26366686, 26366686, 26125428, 26125428, 26125428, 26125428, 26125428, 26125428, 26125428, 26125428, 26125428, 26125428, 26125428, 26125428, 26125428, 26125428, 26125428, 26125428, 26125428, 25846330, 25846330, 25846330, 25846330, 25846330, 25846330, 25846330, 25846330, 26042517, 26042517, 26042517, 26042517, 26042517, 26042517, 26042517, 26042517, 25969703, 25969703, 25969703, 25969703, 25969703, 25969703, 25969703, 25969703, 25969703, 25969703, 25969703, 25969703, 25969703, 25969703, 25969703, 25969703, 25969703, 25969703, 25969703, 25969703, 25969703, 25969703, 25969703, 25969703, 25969703, 25969703, 25921863, 25921863, 25921863, 25921863, 25921863, 25921863, 25921863, 25921863, 25921863, 25921863, 25921863, 25921863, 25921863, 25921863, 25921863, 25921863, 25921863, 25921863, 25921863, 25921863, 25921863, 25921863, 25921863, 25921863, 25921863, 25921863, 25921863, 25921863, 25921863, 25921863, 25921863, 25921863, 25921863, 25921863, 25921863, 25897854, 25897854, 25897854, 26294878, 26294878, 26294878, 26294878, 26294878, 26294878, 26294878, 26294878, 26294878, 26294878, 26294878, 26294878, 26294878, 26294878, 26294878, 26294878, 26294878, 26294878, 26294878, 26294878, 26294878, 26294878, 26294878, 26294878, 26294878, 26294878, 26294878, 26294878, 26294878, 26294878, 26294878, 26294878, 25829685, 25829685, 25829685, 25829685, 25829685, 25829685, 25829685, 25829685, 25829685, 25829685, 25829685, 25829685, 25829685, 25829685, 25829685, 25829685, 25829685, 25829685, 25829685, 25829685, 25829685, 25829685, 25829685, 25829685, 25829685, 25829685, 25829685, 25829685, 25829685, 25829685, 25829685, 25829685, 25829685, 25829685, 25829685, 25829685, 25829685, 25829685, 25829685, 25829685, 25829685, 25829685, 25829685, 25829685, 25829685, 25829685, 25829685, 25829685, 25829685, 25829685, 25829685, 25829685, 25829685, 25829685, 25829685, 25829685, 25829685, 25829685, 25829685, 25829685, 25892533, 25892533, 25892533, 25892533, 25892533, 25892533, 25892533, 25892533, 25892533, 25892533, 25892533, 25892533, 25892533, 25892533, 25892533, 25892533, 25892533, 25892533, 25892533, 26572255, 26572255, 26572255, 26572255, 26572255, 26572255, 26572255, 26572255, 26572255, 26572255, 26572255, 26572255, 26572255, 26572255, 26572255, 26572255, 26572255, 26572255, 26572255, 26572255, 26572255, 26572255, 26572255, 26572255, 26572255, 26572255, 26572255, 26572255, 26572255, 26572255, 26572255, 26572255, 26572255]",0,0,0,NPU,0,0,0,0,0,0,1.0,hot,0,0,0,0,1.0,0
0,282,meta-llama/Llama-3.1-8B,8,721,28230203905,198675900510,170445696605,144546587429,144617518111,36275531,"[5062437024, 26790979, 26790979, 26790979, 26790979, 116323641, 26726923, 26726923, 444376135, 27773145, 27773145, 27773145, 27773145, 27773145, 27773145, 27773145, 27773145, 27232760, 169019159, 27773145, 27773145, 27773145, 27773145, 27773145, 27685307, 27685307, 27685307, 27685307, 27685307, 27685307, 27685307, 27512576, 27512576, 27512576, 27278932, 27278932, 27278932, 27278932, 27278932, 27278932, 27278932, 27278932, 27278932, 27278932, 27278932, 27278932, 27278932, 27278932, 27278932, 27278932, 27278932, 27278932, 27278932, 27278932, 27278932, 27278932, 27278932, 27278932, 27278932, 27278932, 27278932, 27278932, 27278932, 26349776, 26349776, 26349776, 455005038, 27232760, 27232760, 27232760, 27232760, 27232760, 27232760, 27232760, 27232760, 27232760, 27103283, 27103283, 27103283, 27103283, 27103283, 352826632, 27061067, 26694765, 320540139, 27061067, 27061067, 27061067, 27061067, 27061067, 27061067, 27061067, 27061067, 27061067, 27061067, 27061067, 27061067, 27061067, 26859940, 26859940, 26859940, 26859940, 26859940, 26859940, 26859940, 26859940, 26859940, 26859940, 26859940, 26859940, 26859940, 26859940, 26859940, 26859940, 26859940, 26859940, 26859940, 26859940, 26859940, 26859940, 26859940, 26859940, 26830763, 26830763, 26830763, 26830763, 26830763, 26830763, 26830763, 26830763, 26830763, 26830763, 26726923, 26726923, 26786947, 26699917, 26699917, 26699917, 50225010, 26695203, 26695203, 26695203, 26790979, 26790979, 26790979, 26790979, 26790979, 26790979, 26790979, 26790979, 26790979, 26706189, 26706189, 26706189, 26706189, 26706189, 26706189, 26706189, 76878805, 26706189, 26645180, 26645180, 26645180, 26645180, 26645180, 26645180, 26645180, 26645180, 26645180, 26645180, 26645180, 26645180, 26645180, 26444528, 26444528, 26444528, 26444528, 26444528, 26444528, 26444528, 26444528, 26444528, 26444528, 26444528, 26444528, 26444528, 26444528, 26444528, 26454608, 26454608, 26454608, 26454608, 26454608, 26454608, 26454608, 26454608, 26454608, 26454608, 26454608, 26454608, 26454608, 26454608, 26535544, 26820478, 26820478, 26820478, 26380886, 26380886, 26380886, 26380886, 26380886, 26380886, 26380886, 26380886, 26380886, 26380886, 26380886, 26428822, 26428822, 26535544, 26535544, 26535544, 26535544, 26535544, 26164062, 26164062, 26164062, 26637795, 26637795, 26637795, 26637795, 26637795, 26637795, 26637795, 26324758, 26324758, 26324758, 26324758, 26324758, 26324758, 26324758, 26324758, 26324758, 26324758, 26324758, 26324758, 26324758, 26324758, 26324758, 26324758, 26324758, 26324758, 26324758, 26324758, 26324758, 26324758, 26324758, 26324758, 26324758, 26324758, 26324758, 26324758, 26324758, 26324758, 26324758, 26324758, 26324758, 26324758, 26324758, 26324758, 26324758, 26324758, 26324758, 26324758, 26324758, 26324758, 26324758, 26324758, 26324758, 26324758, 26324758, 26324758, 26324758, 26324758, 26324758, 26475376, 26475376, 26475376, 26475376, 26475376, 26475376, 26475376, 26475376, 26475376, 26475376, 26406256, 26406256, 26406256, 26366686, 26366686, 26366686, 26366686, 26366686, 26366686, 26125428, 26125428, 26125428, 26125428, 26125428, 26125428, 26125428, 26125428, 26125428, 26125428, 26125428, 26125428, 26125428, 26125428, 26125428, 26125428, 26125428, 25846330, 25846330, 25846330, 25846330, 25846330, 25846330, 25846330, 25846330, 26042517, 26042517, 26042517, 26042517, 26042517, 26042517, 26042517, 26042517, 25969703, 25969703, 25969703, 25969703, 25969703, 25969703, 25969703, 25969703, 25969703, 25969703, 25969703, 25969703, 25969703, 25969703, 25969703, 25969703, 25969703, 25969703, 25969703, 25969703, 25969703, 25969703, 25969703, 25969703, 25969703, 25969703, 25921863, 25921863, 25921863, 25921863, 25921863, 25921863, 25921863, 25921863, 25921863, 25921863, 25921863, 25921863, 25921863, 25921863, 25921863, 25921863, 25921863, 25921863, 25921863, 25921863, 25921863, 25921863, 25921863, 25921863, 25921863, 25921863, 25921863, 25921863, 25921863, 25921863, 25921863, 25921863, 25921863, 25921863, 25921863, 25897854, 25897854, 25897854, 26294878, 26294878, 26294878, 26294878, 26294878, 26294878, 26294878, 26294878, 26294878, 26294878, 26294878, 26294878, 26294878, 26294878, 26294878, 26294878, 26294878, 26294878, 26294878, 26294878, 26294878, 26294878, 26294878, 26294878, 26294878, 26294878, 26294878, 26294878, 26294878, 26294878, 26294878, 26294878, 25829685, 25829685, 25829685, 25829685, 25829685, 25829685, 25829685, 25829685, 25829685, 25829685, 25829685, 25829685, 25829685, 25829685, 25829685, 25829685, 25829685, 25829685, 25829685, 25829685, 25829685, 25829685, 25829685, 25829685, 25829685, 25829685, 25829685, 25829685, 25829685, 25829685, 25829685, 25829685, 25829685, 25829685, 25829685, 25829685, 25829685, 25829685, 25829685, 25829685, 25829685, 25829685, 25829685, 25829685, 25829685, 25829685, 25829685, 25829685, 25829685, 25829685, 25829685, 25829685, 25829685, 25829685, 25829685, 25829685, 25829685, 25829685, 25829685, 25829685, 25892533, 25892533, 25892533, 25892533, 25892533, 25892533, 25892533, 25892533, 25892533, 25892533, 25892533, 25892533, 25892533, 25892533, 25892533, 25892533, 25892533, 25892533, 25892533, 26572255, 26572255, 26572255, 26572255, 26572255, 26572255, 26572255, 26572255, 26572255, 26572255, 26572255, 26572255, 26572255, 26572255, 26572255, 26572255, 26572255, 26572255, 26572255, 26572255, 26572255, 26572255, 26572255, 26572255, 26572255, 26572255, 26572255, 26572255, 26572255, 26572255, 26572255, 26572255, 26572255, 27275701, 27275701, 27275701, 27275701, 27275701, 27275701, 27275701, 27275701, 27275701, 27275701, 27275701, 27275701, 27275701, 27275701, 27275701, 27275701, 27275701, 27275701, 27275701, 27275701, 27275701, 27275701, 27275701, 27275701, 27275701, 27275701, 27275701, 27275701, 27275701, 27275701, 27275701, 27275701, 27275701, 27275701, 27275701, 27275701, 27555797, 27555797, 27555797, 27555797, 27555797, 27555797, 27555797, 27555797, 27555797, 27555797, 27555797, 27555797, 27555797, 27555797, 27555797, 27555797, 27555797, 27555797, 27555797, 27555797, 27555797, 27555797, 27555797, 27555797, 27555797, 27555797, 27555797, 27555797, 27555797, 27555797, 27555797, 27555797, 27555797, 27555797, 27555797, 27555797, 27555797, 27555797, 27555797, 27555797, 27555797, 27555797, 27555797, 27555797, 27555797, 27555797, 27555797, 27555797, 27555797, 27555797, 27555797, 27555797, 27555797, 27555797, 27555797, 27555797, 27555797, 27555797, 27555797, 27555797, 27555797, 27555797, 27555797, 27555797, 27757525, 27757525, 27757525, 27757525, 27757525, 27757525, 27757525, 27757525, 27757525, 27757525, 27757525, 27757525, 27757525, 27757525, 27757525, 27757525, 27757525, 27757525, 27757525, 27757525, 27757525, 27757525, 27757525, 27757525, 27757525, 27757525, 27757525, 27757525, 27757525, 27757525, 27757525, 27757525, 27757525, 27757525, 27757525, 27757525, 27757525, 27757525, 27757525, 27757525, 27757525, 27757525, 27757525, 27757525, 27757525, 27757525, 27757525, 27757525, 27757525, 27757525, 27757525, 27757525, 27757525, 27757525, 27757525, 27757525, 27757525, 27757525, 27757525, 27757525, 27757525, 27757525, 27757525, 27757525, 27861685, 27861685, 27861685]",0,0,0,NPU,0,0,0,0,0,0,1.0,hot,0,0,0,0,1.0,0
0,299,meta-llama/Llama-3.1-8B,361,924,29183763203,199037658269,169853895066,154697681666,154774560471,26831556,"[26706189, 26645180, 26645180, 26645180, 26645180, 26645180, 26645180, 26645180, 26645180, 26645180, 26645180, 26645180, 26645180, 26645180, 26444528, 26444528, 26444528, 26444528, 26444528, 26444528, 26444528, 26444528, 26444528, 26444528, 26444528, 26444528, 26444528, 26444528, 26444528, 26454608, 26454608, 26454608, 26454608, 26454608, 26454608, 26454608, 26454608, 26454608, 26454608, 26454608, 26454608, 26454608, 26454608, 133377864, 26380886, 26380886, 26380886, 26380886, 26380886, 26380886, 26380886, 26380886, 26380886, 26380886, 26428822, 26428822, 26535544, 26535544, 26535544, 26535544, 26535544, 26164062, 26164062, 26164062, 26637795, 26637795, 26637795, 26637795, 26637795, 26637795, 26637795, 26324758, 26324758, 26324758, 26324758, 26324758, 26324758, 26324758, 26324758, 26324758, 26324758, 26324758, 26324758, 26324758, 26324758, 26324758, 26324758, 26324758, 26324758, 26324758, 26324758, 26324758, 26324758, 26324758, 26324758, 26324758, 26324758, 26324758, 26324758, 26324758, 26324758, 26324758, 26324758, 26324758, 26324758, 26324758, 26324758, 26324758, 26324758, 26324758, 26324758, 26324758, 26324758, 26324758, 26324758, 26324758, 26324758, 26324758, 26324758, 26324758, 26324758, 26324758, 26475376, 26475376, 26475376, 26475376, 26475376, 26475376, 26475376, 26475376, 26475376, 26475376, 26406256, 26406256, 26406256, 26366686, 26366686, 26366686, 26366686, 26366686, 26366686, 26125428, 26125428, 26125428, 26125428, 26125428, 26125428, 26125428, 26125428, 26125428, 26125428, 26125428, 26125428, 26125428, 26125428, 26125428, 26125428, 26125428, 25846330, 25846330, 25846330, 25846330, 25846330, 25846330, 25846330, 25846330, 26042517, 26042517, 26042517, 26042517, 26042517, 26042517, 26042517, 26042517, 25969703, 25969703, 25969703, 25969703, 25969703, 25969703, 25969703, 25969703, 25969703, 25969703, 25969703, 25969703, 25969703, 25969703, 25969703, 25969703, 25969703, 25969703, 25969703, 25969703, 25969703, 25969703, 25969703, 25969703, 25969703, 25969703, 25921863, 25921863, 25921863, 25921863, 25921863, 25921863, 25921863, 25921863, 25921863, 25921863, 25921863, 25921863, 25921863, 25921863, 25921863, 25921863, 25921863, 25921863, 25921863, 25921863, 25921863, 25921863, 25921863, 25921863, 25921863, 25921863, 25921863, 25921863, 25921863, 25921863, 25921863, 25921863, 25921863, 25921863, 25921863, 25897854, 25897854, 25897854, 26294878, 26294878, 26294878, 26294878, 26294878, 26294878, 26294878, 26294878, 26294878, 26294878, 26294878, 26294878, 26294878, 26294878, 26294878, 26294878, 26294878, 26294878, 26294878, 26294878, 26294878, 26294878, 26294878, 26294878, 26294878, 26294878, 26294878, 26294878, 26294878, 26294878, 26294878, 26294878, 25829685, 25829685, 25829685, 25829685, 25829685, 25829685, 25829685, 25829685, 25829685, 25829685, 25829685, 25829685, 25829685, 25829685, 25829685, 25829685, 25829685, 25829685, 25829685, 25829685, 25829685, 25829685, 25829685, 25829685, 25829685, 25829685, 25829685, 25829685, 25829685, 25829685, 25829685, 25829685, 25829685, 25829685, 25829685, 25829685, 25829685, 25829685, 25829685, 25829685, 25829685, 25829685, 25829685, 25829685, 25829685, 25829685, 25829685, 25829685, 25829685, 25829685, 25829685, 25829685, 25829685, 25829685, 25829685, 25829685, 25829685, 25829685, 25829685, 25829685, 25892533, 25892533, 25892533, 25892533, 25892533, 25892533, 25892533, 25892533, 25892533, 25892533, 25892533, 25892533, 25892533, 25892533, 25892533, 25892533, 25892533, 25892533, 25892533, 26572255, 26572255, 26572255, 26572255, 26572255, 26572255, 26572255, 26572255, 26572255, 26572255, 26572255, 26572255, 26572255, 26572255, 26572255, 26572255, 26572255, 26572255, 26572255, 26572255, 26572255, 26572255, 26572255, 26572255, 26572255, 26572255, 26572255, 26572255, 26572255, 26572255, 26572255, 26572255, 26572255, 27275701, 27275701, 27275701, 27275701, 27275701, 27275701, 27275701, 27275701, 27275701, 27275701, 27275701, 27275701, 27275701, 27275701, 27275701, 27275701, 27275701, 27275701, 27275701, 27275701, 27275701, 27275701, 27275701, 27275701, 27275701, 27275701, 27275701, 27275701, 27275701, 27275701, 27275701, 27275701, 27275701, 27275701, 27275701, 27275701, 27555797, 27555797, 27555797, 27555797, 27555797, 27555797, 27555797, 27555797, 27555797, 27555797, 27555797, 27555797, 27555797, 27555797, 27555797, 27555797, 27555797, 27555797, 27555797, 27555797, 27555797, 27555797, 27555797, 27555797, 27555797, 27555797, 27555797, 27555797, 27555797, 27555797, 27555797, 27555797, 27555797, 27555797, 27555797, 27555797, 27555797, 27555797, 27555797, 27555797, 27555797, 27555797, 27555797, 27555797, 27555797, 27555797, 27555797, 27555797, 27555797, 27555797, 27555797, 27555797, 27555797, 27555797, 27555797, 27555797, 27555797, 27555797, 27555797, 27555797, 27555797, 27555797, 27555797, 27555797, 27757525, 27757525, 27757525, 27757525, 27757525, 27757525, 27757525, 27757525, 27757525, 27757525, 27757525, 27757525, 27757525, 27757525, 27757525, 27757525, 27757525, 27757525, 27757525, 27757525, 27757525, 27757525, 27757525, 27757525, 27757525, 27757525, 27757525, 27757525, 27757525, 27757525, 27757525, 27757525, 27757525, 27757525, 27757525, 27757525, 27757525, 27757525, 27757525, 27757525, 27757525, 27757525, 27757525, 27757525, 27757525, 27757525, 27757525, 27757525, 27757525, 27757525, 27757525, 27757525, 27757525, 27757525, 27757525, 27757525, 27757525, 27757525, 27757525, 27757525, 27757525, 27757525, 27757525, 27757525, 27861685, 27861685, 27861685, 27663483, 27663483, 27663483, 27876731, 27876731, 27876731, 27876731, 27876731, 27876731, 27876731, 27876731, 27876731, 27876731]",0,0,0,NPU,0,0,0,0,0,0,1.0,hot,0,0,0,0,1.0,0
0,296,meta-llama/Llama-3.1-8B,1071,1838,29053008340,204967468855,175914460515,152117860568,152470687200,30605448,"[1849601586, 26695203, 26695203, 26695203, 26790979, 26790979, 26790979, 26790979, 26790979, 26790979, 26790979, 26790979, 26790979, 26706189, 26706189, 26706189, 26706189, 26706189, 26706189, 26706189, 76878805, 26706189, 26645180, 26645180, 26645180, 26645180, 26645180, 26645180, 26645180, 26645180, 26645180, 26645180, 26645180, 26645180, 26645180, 26444528, 26444528, 26444528, 26444528, 26444528, 26444528, 26444528, 26444528, 26444528, 26444528, 26444528, 26444528, 26444528, 26444528, 26444528, 26454608, 26454608, 26454608, 26454608, 26454608, 26454608, 26454608, 26454608, 26454608, 26454608, 26454608, 26454608, 26454608, 26454608, 26535544, 26820478, 26820478, 26820478, 26380886, 26380886, 26380886, 26380886, 26380886, 26380886, 26380886, 26380886, 26380886, 26380886, 26380886, 26428822, 26428822, 26535544, 26535544, 26535544, 26535544, 26535544, 26164062, 26164062, 26164062, 26637795, 26637795, 26637795, 26637795, 26637795, 26637795, 26637795, 26324758, 26324758, 26324758, 26324758, 26324758, 26324758, 26324758, 26324758, 26324758, 26324758, 26324758, 26324758, 26324758, 26324758, 26324758, 26324758, 26324758, 26324758, 26324758, 26324758, 26324758, 26324758, 26324758, 26324758, 26324758, 26324758, 26324758, 26324758, 26324758, 26324758, 26324758, 26324758, 26324758, 26324758, 26324758, 26324758, 26324758, 26324758, 26324758, 26324758, 26324758, 26324758, 26324758, 26324758, 26324758, 26324758, 26324758, 26324758, 26324758, 26324758, 26324758, 26475376, 26475376, 26475376, 26475376, 26475376, 26475376, 26475376, 26475376, 26475376, 26475376, 26406256, 26406256, 26406256, 26366686, 26366686, 26366686, 26366686, 26366686, 26366686, 26125428, 26125428, 26125428, 26125428, 26125428, 26125428, 26125428, 26125428, 26125428, 26125428, 26125428, 26125428, 26125428, 26125428, 26125428, 26125428, 26125428, 25846330, 25846330, 25846330, 25846330, 25846330, 25846330, 25846330, 25846330, 26042517, 26042517, 26042517, 26042517, 26042517, 26042517, 26042517, 26042517, 25969703, 25969703, 25969703, 25969703, 25969703, 25969703, 25969703, 25969703, 25969703, 25969703, 25969703, 25969703, 25969703, 25969703, 25969703, 25969703, 25969703, 25969703, 25969703, 25969703, 25969703, 25969703, 25969703, 25969703, 25969703, 25969703, 25921863, 25921863, 25921863, 25921863, 25921863, 25921863, 25921863, 25921863, 25921863, 25921863, 25921863, 25921863, 25921863, 25921863, 25921863, 25921863, 25921863, 25921863, 25921863, 25921863, 25921863, 25921863, 25921863, 25921863, 25921863, 25921863, 25921863, 25921863, 25921863, 25921863, 25921863, 25921863, 25921863, 25921863, 25921863, 25897854, 25897854, 25897854, 26294878, 26294878, 26294878, 26294878, 26294878, 26294878, 26294878, 26294878, 26294878, 26294878, 26294878, 26294878, 26294878, 26294878, 26294878, 26294878, 26294878, 26294878, 26294878, 26294878, 26294878, 26294878, 26294878, 26294878, 26294878, 26294878, 26294878, 26294878, 26294878, 26294878, 26294878, 26294878, 25829685, 25829685, 25829685, 25829685, 25829685, 25829685, 25829685, 25829685, 25829685, 25829685, 25829685, 25829685, 25829685, 25829685, 25829685, 25829685, 25829685, 25829685, 25829685, 25829685, 25829685, 25829685, 25829685, 25829685, 25829685, 25829685, 25829685, 25829685, 25829685, 25829685, 25829685, 25829685, 25829685, 25829685, 25829685, 25829685, 25829685, 25829685, 25829685, 25829685, 25829685, 25829685, 25829685, 25829685, 25829685, 25829685, 25829685, 25829685, 25829685, 25829685, 25829685, 25829685, 25829685, 25829685, 25829685, 25829685, 25829685, 25829685, 25829685, 25829685, 25892533, 25892533, 25892533, 25892533, 25892533, 25892533, 25892533, 25892533, 25892533, 25892533, 25892533, 25892533, 25892533, 25892533, 25892533, 25892533, 25892533, 25892533, 25892533, 26572255, 26572255, 26572255, 26572255, 26572255, 26572255, 26572255, 26572255, 26572255, 26572255, 26572255, 26572255, 26572255, 26572255, 26572255, 26572255, 26572255, 26572255, 26572255, 26572255, 26572255, 26572255, 26572255, 26572255, 26572255, 26572255, 26572255, 26572255, 26572255, 26572255, 26572255, 26572255, 26572255, 27275701, 27275701, 27275701, 27275701, 27275701, 27275701, 27275701, 27275701, 27275701, 27275701, 27275701, 27275701, 27275701, 27275701, 27275701, 27275701, 27275701, 27275701, 27275701, 27275701, 27275701, 27275701, 27275701, 27275701, 27275701, 27275701, 27275701, 27275701, 27275701, 27275701, 27275701, 27275701, 27275701, 27275701, 27275701, 27275701, 27555797, 27555797, 27555797, 27555797, 27555797, 27555797, 27555797, 27555797, 27555797, 27555797, 27555797, 27555797, 27555797, 27555797, 27555797, 27555797, 27555797, 27555797, 27555797, 27555797, 27555797, 27555797, 27555797, 27555797, 27555797, 27555797, 27555797, 27555797, 27555797, 27555797, 27555797, 27555797, 27555797, 27555797, 27555797, 27555797, 27555797, 27555797, 27555797, 27555797, 27555797, 27555797, 27555797, 27555797, 27555797, 27555797, 27555797, 27555797, 27555797, 27555797, 27555797, 27555797, 27555797, 27555797, 27555797, 27555797, 27555797, 27555797, 27555797, 27555797, 27555797, 27555797, 27555797, 27555797, 27757525, 27757525, 27757525, 27757525, 27757525, 27757525, 27757525, 27757525, 27757525, 27757525, 27757525, 27757525, 27757525, 27757525, 27757525, 27757525, 27757525, 27757525, 27757525, 27757525, 27757525, 27757525, 27757525, 27757525, 27757525, 27757525, 27757525, 27757525, 27757525, 27757525, 27757525, 27757525, 27757525, 27757525, 27757525, 27757525, 27757525, 27757525, 27757525, 27757525, 27757525, 27757525, 27757525, 27757525, 27757525, 27757525, 27757525, 27757525, 27757525, 27757525, 27757525, 27757525, 27757525, 27757525, 27757525, 27757525, 27757525, 27757525, 27757525, 27757525, 27757525, 27757525, 27757525, 27757525, 27861685, 27861685, 27861685, 27663483, 27663483, 27663483, 27876731, 27876731, 27876731, 27876731, 27876731, 27876731, 27876731, 27876731, 27876731, 27876731, 32509598, 32509598, 32509598, 32509598, 32509598, 32509598, 32854654, 32854654, 32854654, 32854654, 32854654, 32854654, 32854654, 32854654, 32854654, 32854654, 32854654, 32854654, 32854654, 32854654, 32854654, 32854654, 32854654, 32854654, 32854654, 32854654, 32854654, 32854654, 32854654, 32854654, 32854654, 32854654, 32854654, 32854654, 32854654, 32854654, 32854654, 32854654, 32854654, 32854654, 32854654, 32854654, 32854654, 32854654, 32854654, 32854654, 32854654, 32854654, 32854654, 32854654, 32854654, 32854654, 32854654, 32854654, 32854654, 32854654, 32854654, 32854654, 32854654, 32854654, 32854654, 32854654, 32854654, 32854654, 32854654, 32854654, 32854654, 32854654, 32854654, 32854654, 33187198, 33187198, 33187198, 33187198, 33187198, 33187198, 33187198, 33187198, 33187198, 33187198, 33187198, 33187198, 33187198, 33187198, 33187198, 33187198, 33187198, 33187198, 33187198, 33187198, 33187198, 33187198, 33187198, 33187198, 33187198, 33187198, 33187198, 33187198, 33187198, 33187198, 33187198, 33187198, 33187198, 33187198, 33187198, 33187198, 33187198, 33187198, 33187198, 33187198, 33187198, 33187198, 33187198, 33187198, 33187198, 33187198, 33187198, 33187198, 33187198, 33187198, 33187198, 33187198, 33187198, 33187198, 33187198, 33187198, 33187198, 33187198, 33187198, 33187198, 33187198, 33187198, 33187198, 33187198, 33512766, 33512766, 33512766, 33512766, 33512766, 33512766, 33512766, 33512766, 33512766, 33512766, 33512766, 33512766, 33512766, 33512766, 33512766, 33512766, 33512766, 33512766, 33512766, 33512766, 33512766, 33512766, 33512766, 33512766, 33512766, 33512766, 33512766, 33512766, 33512766, 33512766, 33512766, 33512766, 33512766, 33512766, 33512766, 33512766, 33512766, 33512766, 33512766, 33512766, 33512766, 33512766, 33512766, 33512766, 33512766]",0,0,0,PCIE_NVME,0,140509184,0,140509184,140509184,140509184,1.0,hot,0,0,0,0,1.0,281018368
