instance id,request id,model,input,output,arrival,end_time,latency,queuing_delay,TTFT,TPOT,ITL,npu_cache_hit,storage_cache_hit,prefix_cache_hit,tier_reload_source,evict_npu_to_cpu_bytes,evict_npu_to_cxl_bytes,load_cpu_to_npu_bytes,load_cxl_to_npu_bytes,evict_raw_bytes,evict_stored_bytes,evict_compression_ratio,harp_state_final,harp_stall_time_ns,harp_stall_events,harp_shadow_hit_tokens,harp_decode_tokens,harp_shadow_ratio,tier_transition_bytes_total
0,4,meta-llama/Llama-3.1-8B,27,55,587870262,1618421347,1030551085,4925957,33473580,36928796,"[26802818, 25052199, 25052199, 25052199, 25052199, 25052199, 25052199, 25052199, 59242245, 25354389, 171718242, 146422271, 25755166, 25755166, 25755166, 25755166, 25755166, 25755166, 27679889, 25802576, 25802576, 25802576, 25802576, 25802576, 25802576, 27579202, 27566604]",0,0,0,NPU,0,0,0,0,0,0,1.0,hot,0,0,0,0,1.0,0
0,14,meta-llama/Llama-3.1-8B,4,28,1601985365,2951140733,1349155368,16435982,43965212,56747398,"[285739312, 50600609, 30154385, 26822699, 29747880, 26844708, 93558915, 27059851, 27059851, 29019418, 190839741, 146937332, 63155925, 27764953, 27764953, 27764953, 27764953, 27764953, 27764953, 27764953, 27764953, 27764953, 27764953]",0,0,0,NPU,0,0,0,0,0,0,1.0,hot,0,0,0,0,1.0,0
0,3,meta-llama/Llama-3.1-8B,26,209,570907775,6713732117,6142824342,21888444,50436067,33474660,"[26802818, 25052199, 25052199, 25052199, 25052199, 25052199, 25052199, 25052199, 59242245, 25354389, 171718242, 146422271, 25755166, 25755166, 25755166, 25755166, 25755166, 25755166, 27679889, 25802576, 25802576, 25802576, 25802576, 25802576, 25802576, 27579202, 27566604, 27529230, 285739312, 50600609, 30154385, 26822699, 29747880, 26844708, 93558915, 27059851, 27059851, 29019418, 190839741, 146937332, 63155925, 27764953, 27764953, 27764953, 27764953, 27764953, 27764953, 27764953, 27764953, 27764953, 27764953, 27684411, 27684411, 27684411, 27684411, 27684411, 27684411, 27684411, 27684411, 27685307, 27685307, 27685307, 27685307, 27685307, 27685307, 27685307, 27685307, 27685307, 27685307, 27685307, 27685307, 27685307, 27685307, 27685307, 27685307, 27685307, 27685307, 27685307, 27685307, 27685307, 27685307, 27685307, 27685307, 27685307, 27685307, 27685307, 27685307, 26520888, 326208931, 26520888, 26520888, 25040478, 25040478, 25040478, 25089086, 25089086, 25089086, 25089086, 25089086, 25089086, 25089086, 101679207, 26363542, 25029791, 25029791, 25029791, 25029791, 25029791, 25029791, 25029791, 25029791, 25029791, 25029791, 25029791, 25029791, 25029791, 25029791, 26863432, 26363542, 26363542, 26363542, 25649622, 25088487, 25088487, 25088487, 25088487, 25088487, 25088487, 25088487, 25088487, 25088487, 25089086, 24842869, 25342759, 24842869, 24842869, 24842869, 24842869, 24842869, 24842869, 24842869, 24842869, 24842869, 24842869, 24842869, 24842869, 24842869, 24842869, 24842869, 25342759, 24842869, 24842869, 24842869, 24842869, 24917685, 24917685, 24917685, 24917685, 24917685, 24917685, 24917685, 24917685, 24917685, 24917685, 24917685, 25417575, 24917685, 24917685, 24917685, 24917685, 24917685, 24917685, 24917685, 24917685, 24917685, 24917685, 24917685, 24917685, 24917685, 24917685, 24917685, 27641614]",0,0,0,NPU,0,0,0,0,0,0,1.0,hot,0,0,0,0,1.0,0
0,2,meta-llama/Llama-3.1-8B,19,263,479613520,8115507705,7635894185,13088220,39885292,31259295,"[24432469, 24432469, 24432469, 28547623, 26802818, 25052199, 25052199, 25052199, 25052199, 25052199, 25052199, 25052199, 59242245, 25354389, 171718242, 146422271, 25755166, 25755166, 25755166, 25755166, 25755166, 25755166, 27679889, 25802576, 25802576, 25802576, 25802576, 25802576, 25802576, 27579202, 27566604, 27529230, 285739312, 50600609, 30154385, 26822699, 29747880, 26844708, 93558915, 27059851, 27059851, 29019418, 190839741, 146937332, 63155925, 27764953, 27764953, 27764953, 27764953, 27764953, 27764953, 27764953, 27764953, 27764953, 27764953, 27684411, 27684411, 27684411, 27684411, 27684411, 27684411, 27684411, 27684411, 27685307, 27685307, 27685307, 27685307, 27685307, 27685307, 27685307, 27685307, 27685307, 27685307, 27685307, 27685307, 27685307, 27685307, 27685307, 27685307, 27685307, 27685307, 27685307, 27685307, 27685307, 27685307, 27685307, 27685307, 27685307, 27685307, 27685307, 27685307, 26520888, 326208931, 26520888, 26520888, 25040478, 25040478, 25040478, 25089086, 25089086, 25089086, 25089086, 25089086, 25089086, 25089086, 24771925, 24771925, 24771925, 27363432, 26363542, 25029791, 25029791, 25029791, 25029791, 25029791, 25029791, 25029791, 25029791, 25029791, 25029791, 25029791, 25029791, 25029791, 25029791, 26863432, 26363542, 26363542, 26363542, 25649622, 25088487, 25088487, 25088487, 25088487, 25088487, 25088487, 25088487, 25088487, 25088487, 25089086, 24842869, 25342759, 24842869, 24842869, 24842869, 24842869, 24842869, 24842869, 24842869, 24842869, 24842869, 24842869, 24842869, 24842869, 24842869, 24842869, 24842869, 25342759, 24842869, 24842869, 24842869, 24842869, 24917685, 24917685, 24917685, 24917685, 24917685, 24917685, 24917685, 24917685, 24917685, 24917685, 24917685, 25417575, 24917685, 24917685, 24917685, 24917685, 24917685, 24917685, 24917685, 24917685, 24917685, 24917685, 24917685, 24917685, 24917685, 24917685, 24917685, 27641614, 27199807, 26699917, 26699917, 26699917, 26699917, 25739482, 25739482, 25739482, 25739482, 25739482, 25739482, 25739482, 25739482, 25739482, 25739482, 25616369, 25116479, 25116479, 25116479, 25116479, 25116479, 25116479, 25116479, 25116479, 25116479, 25116479, 25116479, 25116479, 25116479, 25116479, 25116479, 27859830, 26859940, 26859940, 26859940, 26859940, 26859940, 26859940, 26859940, 26859940, 26859940, 26859940, 26859940, 26859940, 26859940, 26859940, 26859940, 25322687, 25322687, 25322687, 25322687, 25322687, 25322687, 25322687]",0,0,0,NPU,0,0,0,0,0,0,1.0,hot,0,0,0,0,1.0,0
0,1,meta-llama/Llama-3.1-8B,9,342,347938951,10163635392,9815696441,19924492,46838713,29424270,"[24481019, 24481019, 24481019, 24481019, 26797072, 24432469, 24432469, 24432469, 28547623, 26802818, 25052199, 25052199, 25052199, 25052199, 25052199, 25052199, 25052199, 59242245, 25354389, 171718242, 146422271, 25755166, 25755166, 25755166, 25755166, 25755166, 25755166, 27679889, 25802576, 25802576, 25802576, 25802576, 25802576, 25802576, 27579202, 27566604, 27529230, 285739312, 50600609, 30154385, 26822699, 29747880, 26844708, 93558915, 27059851, 27059851, 29019418, 190839741, 146937332, 63155925, 27764953, 27764953, 27764953, 27764953, 27764953, 27764953, 27764953, 27764953, 27764953, 27764953, 27684411, 27684411, 27684411, 27684411, 27684411, 27684411, 27684411, 27684411, 27685307, 27685307, 27685307, 27685307, 27685307, 27685307, 27685307, 27685307, 27685307, 27685307, 27685307, 27685307, 27685307, 27685307, 27685307, 27685307, 27685307, 27685307, 27685307, 27685307, 27685307, 27685307, 27685307, 27685307, 27685307, 27685307, 27685307, 27685307, 26520888, 24833243, 24833243, 24833243, 24833243, 24833243, 202042716, 26520888, 26520888, 25040478, 25040478, 25040478, 25089086, 25089086, 25089086, 25089086, 25089086, 25089086, 25089086, 24771925, 24771925, 24771925, 27363432, 26363542, 25029791, 25029791, 25029791, 25029791, 25029791, 25029791, 25029791, 25029791, 25029791, 25029791, 25029791, 25029791, 25029791, 25029791, 26863432, 26363542, 26363542, 26363542, 25649622, 25088487, 25088487, 25088487, 25088487, 25088487, 25088487, 25088487, 25088487, 25088487, 25089086, 24842869, 25342759, 24842869, 24842869, 24842869, 24842869, 24842869, 24842869, 24842869, 24842869, 24842869, 24842869, 24842869, 24842869, 24842869, 24842869, 24842869, 25342759, 24842869, 24842869, 24842869, 24842869, 24917685, 24917685, 24917685, 24917685, 24917685, 24917685, 24917685, 24917685, 24917685, 24917685, 24917685, 25417575, 24917685, 24917685, 24917685, 24917685, 24917685, 24917685, 24917685, 24917685, 24917685, 24917685, 24917685, 24917685, 24917685, 24917685, 24917685, 27641614, 27199807, 26699917, 26699917, 26699917, 26699917, 25739482, 25739482, 25739482, 25739482, 25739482, 25739482, 25739482, 25739482, 25739482, 25739482, 25616369, 25116479, 25116479, 25116479, 25116479, 25116479, 25116479, 25116479, 25116479, 25116479, 25116479, 25116479, 25116479, 25116479, 25116479, 25116479, 27859830, 26859940, 26859940, 26859940, 26859940, 26859940, 26859940, 26859940, 26859940, 26859940, 26859940, 26859940, 26859940, 26859940, 26859940, 26859940, 25322687, 25322687, 25322687, 25322687, 25322687, 25322687, 25322687, 26830763, 26830763, 26830763, 26830763, 26830763, 26830763, 26726923, 26726923, 26726923, 26726923, 26171806, 26171806, 26171806, 26171806, 26171806, 26171806, 25274357, 25274357, 25274357, 25274357, 25274357, 25274357, 25274357, 25274357, 25274357, 25822577, 25322687, 25322687, 25322687, 25322687, 25322687, 25322687, 25322687, 25322687, 25322687, 25322687, 25322687, 25322687, 25322687, 25322687, 25322687, 25496071, 24996181, 24996181, 24996181, 24996181, 24996181, 24996181, 24996181, 25138869, 25138869, 25138869, 25138869, 25138869, 25138869, 25138869, 25138869, 27226813, 26726923, 26726923, 26726923, 26726923, 26726923, 26726923, 26726923, 26726923, 26726923, 26726923, 26726923, 26726923, 26726923, 26726923, 26726923, 26726923, 26726923, 26726923, 26726923, 26726923, 26726923]",0,0,0,NPU,0,0,0,0,0,0,1.0,hot,0,0,0,0,1.0,0
0,5,meta-llama/Llama-3.1-8B,9,310,604829891,10163635392,9558805501,16513951,43316769,31718295,"[25052199, 25052199, 25052199, 25052199, 25052199, 25052199, 25052199, 59242245, 25354389, 171718242, 146422271, 25755166, 25755166, 25755166, 25755166, 25755166, 25755166, 27679889, 25802576, 25802576, 25802576, 25802576, 25802576, 25802576, 27579202, 27566604, 27529230, 285739312, 50600609, 30154385, 26822699, 29747880, 26844708, 93558915, 27059851, 27059851, 29019418, 190839741, 146937332, 63155925, 27764953, 27764953, 27764953, 27764953, 27764953, 27764953, 27764953, 27764953, 27764953, 27764953, 27684411, 27684411, 27684411, 27684411, 27684411, 27684411, 27684411, 27684411, 27685307, 27685307, 27685307, 27685307, 27685307, 27685307, 27685307, 27685307, 27685307, 27685307, 27685307, 27685307, 27685307, 27685307, 27685307, 27685307, 27685307, 27685307, 27685307, 27685307, 27685307, 27685307, 27685307, 27685307, 27685307, 27685307, 27685307, 27685307, 26520888, 326208931, 26520888, 26520888, 25040478, 25040478, 25040478, 25089086, 25089086, 25089086, 25089086, 25089086, 25089086, 25089086, 101679207, 26363542, 377280506, 26363542, 26363542, 26363542, 25649622, 25088487, 25088487, 25088487, 25088487, 25088487, 25088487, 25088487, 25088487, 25088487, 25089086, 24842869, 25342759, 24842869, 24842869, 24842869, 24842869, 24842869, 24842869, 24842869, 24842869, 24842869, 24842869, 24842869, 24842869, 24842869, 24842869, 24842869, 25342759, 24842869, 24842869, 24842869, 24842869, 24917685, 24917685, 24917685, 24917685, 24917685, 24917685, 24917685, 24917685, 24917685, 24917685, 24917685, 25417575, 24917685, 24917685, 24917685, 24917685, 24917685, 24917685, 24917685, 24917685, 24917685, 24917685, 24917685, 24917685, 24917685, 24917685, 24917685, 27641614, 27199807, 26699917, 26699917, 26699917, 26699917, 25739482, 25739482, 25739482, 25739482, 25739482, 25739482, 25739482, 25739482, 25739482, 25739482, 25616369, 25116479, 25116479, 25116479, 25116479, 25116479, 25116479, 25116479, 25116479, 25116479, 25116479, 25116479, 25116479, 25116479, 25116479, 25116479, 27859830, 26859940, 26859940, 26859940, 26859940, 26859940, 26859940, 26859940, 26859940, 26859940, 26859940, 26859940, 26859940, 26859940, 26859940, 26859940, 25322687, 25322687, 25322687, 25322687, 25322687, 25322687, 25322687, 26830763, 26830763, 26830763, 26830763, 26830763, 26830763, 26726923, 26726923, 26726923, 26726923, 26171806, 26171806, 26171806, 26171806, 26171806, 26171806, 25274357, 25274357, 25274357, 25274357, 25274357, 25274357, 25274357, 25274357, 25274357, 25822577, 25322687, 25322687, 25322687, 25322687, 25322687, 25322687, 25322687, 25322687, 25322687, 25322687, 25322687, 25322687, 25322687, 25322687, 25322687, 25496071, 24996181, 24996181, 24996181, 24996181, 24996181, 24996181, 24996181, 25138869, 25138869, 25138869, 25138869, 25138869, 25138869, 25138869, 25138869, 27226813, 26726923, 26726923, 26726923, 26726923, 26726923, 26726923, 26726923, 26726923, 26726923, 26726923, 26726923, 26726923, 26726923, 26726923, 26726923, 26726923, 26726923, 26726923, 26726923, 26726923, 26726923]",0,0,0,NPU,0,0,0,0,0,0,1.0,hot,0,0,0,0,1.0,0
0,23,meta-llama/Llama-3.1-8B,21,134,2013730478,10429793602,8416063124,25537104,55284984,74649804,"[26844708, 93558915, 27059851, 27059851, 29019418, 190839741, 146937332, 63155925, 27764953, 27764953, 27764953, 27764953, 27764953, 27764953, 27764953, 27764953, 27764953, 27764953, 27684411, 27684411, 27684411, 27684411, 27684411, 27684411, 27684411, 27684411, 27685307, 27685307, 27685307, 27685307, 27685307, 27685307, 27685307, 27685307, 27685307, 27685307, 27685307, 27685307, 27685307, 27685307, 27685307, 27685307, 27685307, 27685307, 27685307, 27685307, 27685307, 27685307, 27685307, 27685307, 27685307, 27685307, 27685307, 27685307, 3587545179, 26859940, 26859940, 26859940, 26859940, 26859940, 26859940, 26859940, 26859940, 26859940, 26859940, 26859940, 26859940, 26859940, 26859940, 26859940, 204089572, 26830763, 26830763, 26830763, 26830763, 26830763, 26726923, 26726923, 26726923, 26726923, 1218970034, 26726923, 26726923, 26726923, 26726923, 26726923, 26726923, 26726923, 26726923, 26726923, 26726923, 26726923, 26726923, 26726923, 26726923, 26726923, 26726923, 26726923, 26726923, 26726923, 26726923, 26726923, 26615821, 26615821, 26615821, 26615821, 26615821, 26615821, 26615821, 26615821, 26615821, 26615821]",0,0,0,SSD,0,10485760,0,10485760,10485760,10485760,1.0,hot,0,0,0,0,1.0,20971520
0,6,meta-llama/Llama-3.1-8B,10,245,610813767,10562835182,9952021415,10530075,37332893,42370463,"[25052199, 25052199, 25052199, 25052199, 25052199, 25052199, 25052199, 59242245, 25354389, 171718242, 146422271, 25755166, 25755166, 25755166, 25755166, 25755166, 25755166, 27679889, 25802576, 25802576, 25802576, 25802576, 25802576, 25802576, 27579202, 27566604, 27529230, 285739312, 50600609, 30154385, 26822699, 29747880, 26844708, 93558915, 27059851, 27059851, 29019418, 190839741, 146937332, 63155925, 27764953, 27764953, 27764953, 27764953, 27764953, 27764953, 27764953, 27764953, 27764953, 27764953, 27684411, 27684411, 27684411, 27684411, 27684411, 27684411, 27684411, 27684411, 27685307, 27685307, 27685307, 27685307, 27685307, 27685307, 27685307, 27685307, 27685307, 27685307, 27685307, 27685307, 27685307, 27685307, 27685307, 27685307, 27685307, 27685307, 27685307, 27685307, 27685307, 27685307, 27685307, 27685307, 27685307, 27685307, 27685307, 27685307, 26520888, 326208931, 26520888, 26520888, 25040478, 25040478, 25040478, 25089086, 25089086, 25089086, 25089086, 25089086, 25089086, 25089086, 101679207, 26363542, 377280506, 26363542, 26363542, 26363542, 25649622, 25088487, 25088487, 25088487, 25088487, 25088487, 25088487, 25088487, 25088487, 25088487, 25089086, 1248461897, 27199807, 26699917, 26699917, 26699917, 26699917, 25739482, 25739482, 25739482, 25739482, 25739482, 25739482, 25739482, 25739482, 25739482, 25739482, 430223384, 26859940, 26859940, 26859940, 26859940, 26859940, 26859940, 26859940, 26859940, 26859940, 26859940, 26859940, 26859940, 26859940, 26859940, 26859940, 204089572, 26830763, 26830763, 26830763, 26830763, 26830763, 26726923, 26726923, 26726923, 26726923, 26171806, 26171806, 26171806, 26171806, 26171806, 26171806, 253291790, 25322687, 25322687, 25322687, 25322687, 25322687, 25322687, 25322687, 25322687, 25322687, 25322687, 25322687, 25322687, 25322687, 25322687, 25322687, 25496071, 24996181, 24996181, 24996181, 24996181, 24996181, 24996181, 24996181, 25138869, 25138869, 25138869, 25138869, 25138869, 25138869, 25138869, 25138869, 27226813, 26726923, 26726923, 26726923, 26726923, 26726923, 26726923, 26726923, 26726923, 26726923, 26726923, 26726923, 26726923, 26726923, 26726923, 26726923, 26726923, 26726923, 26726923, 26726923, 26726923, 26726923, 26615821, 26615821, 26615821, 26615821, 26615821, 26615821, 26615821, 26615821, 26615821, 26615821, 26553020, 26553020, 26645180, 26645180, 26645180]",0,0,0,NPU,0,0,0,0,0,0,1.0,hot,0,0,0,0,1.0,0
0,18,meta-llama/Llama-3.1-8B,6,180,1789468368,11647060830,9857592462,142221521,192822130,55865724,"[30154385, 26822699, 29747880, 26844708, 93558915, 27059851, 27059851, 29019418, 190839741, 146937332, 63155925, 27764953, 27764953, 27764953, 27764953, 27764953, 27764953, 27764953, 27764953, 27764953, 27764953, 27684411, 27684411, 27684411, 27684411, 27684411, 27684411, 27684411, 27684411, 27685307, 27685307, 27685307, 27685307, 27685307, 27685307, 27685307, 27685307, 27685307, 27685307, 27685307, 27685307, 27685307, 27685307, 27685307, 27685307, 27685307, 27685307, 27685307, 27685307, 27685307, 27685307, 27685307, 27685307, 27685307, 27685307, 27685307, 27685307, 758195838, 26363542, 377280506, 26363542, 26363542, 26363542, 1524996988, 27199807, 26699917, 26699917, 26699917, 26699917, 687618204, 26859940, 26859940, 26859940, 26859940, 26859940, 26859940, 26859940, 26859940, 26859940, 26859940, 26859940, 26859940, 26859940, 26859940, 26859940, 204089572, 26830763, 26830763, 26830763, 26830763, 26830763, 26726923, 26726923, 26726923, 26726923, 1218970034, 26726923, 26726923, 26726923, 26726923, 26726923, 26726923, 26726923, 26726923, 26726923, 26726923, 26726923, 26726923, 26726923, 26726923, 26726923, 26726923, 26726923, 26726923, 26726923, 26726923, 26726923, 26615821, 26615821, 26615821, 26615821, 26615821, 26615821, 26615821, 26615821, 26615821, 26615821, 26553020, 26553020, 26645180, 26645180, 26645180, 26444528, 26444528, 26444528, 26444528, 26444528, 26444528, 26444528, 26444528, 26444528, 26444528, 26444528, 26444528, 26444528, 26444528, 26444528, 26444528, 26444528, 26444528, 26444528, 26444528, 26444528, 26444528, 26444528, 26444528, 26444528, 26444528, 26444528, 26444528, 26444528, 26444528, 26444528, 26444528, 26444528, 26444528, 26444528, 26444528, 26444528, 26444528, 26444528, 26444528, 26444528]",0,0,0,SSD,0,8388608,0,8388608,8388608,8388608,1.0,hot,0,0,0,0,1.0,16777216
0,0,meta-llama/Llama-3.1-8B,85,501,46926808,11832062584,11785135776,0,29098963,28327799,"[24319806, 24319806, 24319806, 24319806, 24319806, 24319806, 24319806, 24319806, 24319806, 24319806, 24319806, 24319806, 26914221, 24481019, 24481019, 24481019, 24481019, 26797072, 24432469, 24432469, 24432469, 28547623, 26802818, 25052199, 25052199, 25052199, 25052199, 25052199, 25052199, 25052199, 59242245, 25354389, 171718242, 146422271, 25755166, 25755166, 25755166, 25755166, 25755166, 25755166, 27679889, 25802576, 25802576, 25802576, 25802576, 25802576, 25802576, 27579202, 27566604, 27529230, 285739312, 50600609, 30154385, 26822699, 29747880, 26844708, 93558915, 27059851, 27059851, 29019418, 190839741, 146937332, 63155925, 27764953, 27764953, 27764953, 27764953, 27764953, 27764953, 27764953, 27764953, 27764953, 27764953, 27684411, 27684411, 27684411, 27684411, 27684411, 27684411, 27684411, 27684411, 27685307, 27685307, 27685307, 27685307, 27685307, 27685307, 27685307, 27685307, 27685307, 27685307, 27685307, 27685307, 27685307, 27685307, 27685307, 27685307, 27685307, 27685307, 27685307, 27685307, 27685307, 27685307, 27685307, 27685307, 27685307, 27685307, 27685307, 27685307, 26520888, 24833243, 24833243, 24833243, 24833243, 24833243, 25003134, 25003134, 25003134, 25003134, 25003134, 25003134, 25003134, 27020778, 26520888, 26520888, 25040478, 25040478, 25040478, 25089086, 25089086, 25089086, 25089086, 25089086, 25089086, 25089086, 24771925, 24771925, 24771925, 27363432, 26363542, 25029791, 25029791, 25029791, 25029791, 25029791, 25029791, 25029791, 25029791, 25029791, 25029791, 25029791, 25029791, 25029791, 25029791, 26863432, 26363542, 26363542, 26363542, 25649622, 25088487, 25088487, 25088487, 25088487, 25088487, 25088487, 25088487, 25088487, 25088487, 25089086, 24842869, 25342759, 24842869, 24842869, 24842869, 24842869, 24842869, 24842869, 24842869, 24842869, 24842869, 24842869, 24842869, 24842869, 24842869, 24842869, 24842869, 25342759, 24842869, 24842869, 24842869, 24842869, 24917685, 24917685, 24917685, 24917685, 24917685, 24917685, 24917685, 24917685, 24917685, 24917685, 24917685, 25417575, 24917685, 24917685, 24917685, 24917685, 24917685, 24917685, 24917685, 24917685, 24917685, 24917685, 24917685, 24917685, 24917685, 24917685, 24917685, 27641614, 27199807, 26699917, 26699917, 26699917, 26699917, 25739482, 25739482, 25739482, 25739482, 25739482, 25739482, 25739482, 25739482, 25739482, 25739482, 25616369, 25116479, 25116479, 25116479, 25116479, 25116479, 25116479, 25116479, 25116479, 25116479, 25116479, 25116479, 25116479, 25116479, 25116479, 25116479, 27859830, 26859940, 26859940, 26859940, 26859940, 26859940, 26859940, 26859940, 26859940, 26859940, 26859940, 26859940, 26859940, 26859940, 26859940, 26859940, 25322687, 25322687, 25322687, 25322687, 25322687, 25322687, 25322687, 26830763, 26830763, 26830763, 26830763, 26830763, 26830763, 26726923, 26726923, 26726923, 26726923, 26171806, 26171806, 26171806, 26171806, 26171806, 26171806, 25274357, 25274357, 25274357, 25274357, 25274357, 25274357, 25274357, 25274357, 25274357, 25822577, 25322687, 25322687, 25322687, 25322687, 25322687, 25322687, 25322687, 25322687, 25322687, 25322687, 25322687, 25322687, 25322687, 25322687, 25322687, 25496071, 24996181, 24996181, 24996181, 24996181, 24996181, 24996181, 24996181, 25138869, 25138869, 25138869, 25138869, 25138869, 25138869, 25138869, 25138869, 27226813, 26726923, 26726923, 26726923, 26726923, 26726923, 26726923, 26726923, 26726923, 26726923, 26726923, 26726923, 26726923, 26726923, 26726923, 26726923, 26726923, 26726923, 26726923, 26726923, 26726923, 26726923, 26615821, 26615821, 26615821, 26615821, 26615821, 26615821, 26615821, 26615821, 26615821, 26615821, 26553020, 26553020, 26645180, 26645180, 26645180, 26444528, 26444528, 26444528, 26444528, 26444528, 26444528, 26444528, 26444528, 26444528, 26444528, 26444528, 26444528, 26444528, 26444528, 26444528, 26444528, 26444528, 26444528, 26444528, 26444528, 26444528, 26444528, 26444528, 26444528, 26444528, 26444528, 26444528, 26444528, 26444528, 26444528, 26444528, 26444528, 26444528, 26444528, 26444528, 26444528, 26444528, 26444528, 26444528, 26444528, 26444528, 26428822, 26428822, 26428822, 26428822, 26428822, 26428822, 26428822]",0,0,0,NPU,0,0,0,0,0,0,1.0,hot,0,0,0,0,1.0,0
0,19,meta-llama/Llama-3.1-8B,125,347,1823890667,13088356416,11264465749,107799222,158399831,50253691,"[30154385, 26822699, 29747880, 26844708, 93558915, 27059851, 27059851, 29019418, 190839741, 146937332, 63155925, 27764953, 27764953, 27764953, 27764953, 27764953, 27764953, 27764953, 27764953, 27764953, 27764953, 27684411, 27684411, 27684411, 27684411, 27684411, 27684411, 27684411, 27684411, 27685307, 27685307, 27685307, 27685307, 27685307, 27685307, 27685307, 27685307, 27685307, 27685307, 27685307, 27685307, 27685307, 27685307, 27685307, 27685307, 27685307, 27685307, 27685307, 27685307, 27685307, 27685307, 27685307, 27685307, 27685307, 27685307, 27685307, 27685307, 2765927500, 27199807, 26699917, 26699917, 26699917, 26699917, 687618204, 26859940, 26859940, 26859940, 26859940, 26859940, 26859940, 26859940, 26859940, 26859940, 26859940, 26859940, 26859940, 26859940, 26859940, 26859940, 204089572, 26830763, 26830763, 26830763, 26830763, 26830763, 26726923, 26726923, 26726923, 26726923, 1218970034, 26726923, 26726923, 26726923, 26726923, 26726923, 26726923, 26726923, 26726923, 26726923, 26726923, 26726923, 26726923, 26726923, 26726923, 26726923, 26726923, 26726923, 26726923, 26726923, 26726923, 26726923, 26615821, 26615821, 26615821, 26615821, 26615821, 26615821, 26615821, 26615821, 26615821, 26615821, 26553020, 26553020, 26645180, 26645180, 26645180, 26444528, 26444528, 26444528, 26444528, 26444528, 26444528, 26444528, 26444528, 26444528, 26444528, 26444528, 26444528, 26444528, 26444528, 26444528, 26444528, 26444528, 26444528, 26444528, 26444528, 26444528, 26444528, 26444528, 26444528, 26444528, 26444528, 26444528, 26444528, 26444528, 26444528, 26444528, 26444528, 26444528, 26444528, 26444528, 26444528, 26444528, 26444528, 26444528, 26444528, 26444528, 26428822, 26428822, 26428822, 26428822, 26428822, 26428822, 26428822, 26729656, 26729656, 26729656, 26729656, 26729656, 26729656, 26729656, 26729656, 26729656, 26729656, 26729656, 26729656, 26729656, 26729656, 26729656, 26729656, 26729656, 26729656, 26729656, 26729656, 26729656, 26729656, 26729656, 26729656, 26729656, 26729656, 26729656, 26729656, 26729656, 26729656, 26729656, 26729656, 26729656, 26729656, 26729656, 26729656, 26729656, 26729656, 26729656, 26729656, 26729656, 26729656, 26729656, 26729656, 26729656, 26729656, 26729656]",0,0,0,SSD,0,25165824,0,25165824,25165824,25165824,1.0,hot,0,0,0,0,1.0,50331648
0,8,meta-llama/Llama-3.1-8B,920,1193,903845068,13222573686,12318728618,4263619,175981861,44642451,"[146422271, 25755166, 25755166, 25755166, 25755166, 25755166, 25755166, 27679889, 25802576, 25802576, 25802576, 25802576, 25802576, 25802576, 27579202, 27566604, 27529230, 285739312, 50600609, 30154385, 26822699, 29747880, 26844708, 93558915, 27059851, 27059851, 29019418, 190839741, 146937332, 63155925, 27764953, 27764953, 27764953, 27764953, 27764953, 27764953, 27764953, 27764953, 27764953, 27764953, 27684411, 27684411, 27684411, 27684411, 27684411, 27684411, 27684411, 27684411, 27685307, 27685307, 27685307, 27685307, 27685307, 27685307, 27685307, 27685307, 27685307, 27685307, 27685307, 27685307, 27685307, 27685307, 27685307, 27685307, 27685307, 27685307, 27685307, 27685307, 27685307, 27685307, 27685307, 27685307, 27685307, 27685307, 27685307, 27685307, 26520888, 326208931, 26520888, 26520888, 352424243, 26363542, 377280506, 26363542, 26363542, 26363542, 25649622, 1499347366, 27199807, 26699917, 26699917, 26699917, 26699917, 25739482, 25739482, 25739482, 25739482, 25739482, 25739482, 25739482, 25739482, 25739482, 25739482, 430223384, 26859940, 26859940, 26859940, 26859940, 26859940, 26859940, 26859940, 26859940, 26859940, 26859940, 26859940, 26859940, 26859940, 26859940, 26859940, 204089572, 26830763, 26830763, 26830763, 26830763, 26830763, 26726923, 26726923, 26726923, 26726923, 26171806, 26171806, 26171806, 26171806, 26171806, 26171806, 1061939198, 26726923, 26726923, 26726923, 26726923, 26726923, 26726923, 26726923, 26726923, 26726923, 26726923, 26726923, 26726923, 26726923, 26726923, 26726923, 26726923, 26726923, 26726923, 26726923, 26726923, 26726923, 26615821, 26615821, 26615821, 26615821, 26615821, 26615821, 26615821, 26615821, 26615821, 26615821, 26553020, 26553020, 26645180, 26645180, 26645180, 26444528, 26444528, 26444528, 26444528, 26444528, 26444528, 26444528, 26444528, 26444528, 26444528, 26444528, 26444528, 26444528, 26444528, 26444528, 26444528, 26444528, 26444528, 26444528, 26444528, 26444528, 26444528, 26444528, 26444528, 26444528, 26444528, 26444528, 26444528, 26444528, 26444528, 26444528, 26444528, 26444528, 26444528, 26444528, 26444528, 26444528, 26444528, 26444528, 26444528, 26444528, 26428822, 26428822, 26428822, 26428822, 26428822, 26428822, 26428822, 26729656, 26729656, 26729656, 26729656, 26729656, 26729656, 26729656, 26729656, 26729656, 26729656, 26729656, 26729656, 26729656, 26729656, 26729656, 26729656, 26729656, 26729656, 26729656, 26729656, 26729656, 26729656, 26729656, 26729656, 26729656, 26729656, 26729656, 26729656, 26729656, 26729656, 26729656, 26729656, 26729656, 26729656, 26729656, 26729656, 26729656, 26729656, 26729656, 26729656, 26729656, 26729656, 26729656, 26729656, 26729656, 26729656, 26729656, 26843454, 26843454, 26843454, 26843454, 26843454]",0,0,0,NPU,0,0,0,0,0,0,1.0,hot,0,0,0,0,1.0,0
0,11,meta-llama/Llama-3.1-8B,10,346,1379405751,15695057912,14315652161,1374445,29054334,42646560,"[25802576, 25802576, 25802576, 25802576, 25802576, 25802576, 27579202, 27566604, 27529230, 285739312, 50600609, 30154385, 26822699, 29747880, 26844708, 93558915, 27059851, 27059851, 29019418, 190839741, 146937332, 63155925, 27764953, 27764953, 27764953, 27764953, 27764953, 27764953, 27764953, 27764953, 27764953, 27764953, 27684411, 27684411, 27684411, 27684411, 27684411, 27684411, 27684411, 27684411, 27685307, 27685307, 27685307, 27685307, 27685307, 27685307, 27685307, 27685307, 27685307, 27685307, 27685307, 27685307, 27685307, 27685307, 27685307, 27685307, 27685307, 27685307, 27685307, 27685307, 27685307, 27685307, 27685307, 27685307, 27685307, 27685307, 27685307, 27685307, 26520888, 326208931, 26520888, 26520888, 352424243, 26363542, 377280506, 26363542, 26363542, 26363542, 25649622, 1499347366, 27199807, 26699917, 26699917, 26699917, 26699917, 687618204, 26859940, 26859940, 26859940, 26859940, 26859940, 26859940, 26859940, 26859940, 26859940, 26859940, 26859940, 26859940, 26859940, 26859940, 26859940, 204089572, 26830763, 26830763, 26830763, 26830763, 26830763, 26726923, 26726923, 26726923, 26726923, 26171806, 26171806, 26171806, 26171806, 26171806, 26171806, 1061939198, 26726923, 26726923, 26726923, 26726923, 26726923, 26726923, 26726923, 26726923, 26726923, 26726923, 26726923, 26726923, 26726923, 26726923, 26726923, 26726923, 26726923, 26726923, 26726923, 26726923, 26726923, 26615821, 26615821, 26615821, 26615821, 26615821, 26615821, 26615821, 26615821, 26615821, 26615821, 26553020, 26553020, 26645180, 26645180, 26645180, 26444528, 26444528, 26444528, 26444528, 26444528, 26444528, 26444528, 26444528, 26444528, 26444528, 26444528, 26444528, 26444528, 26444528, 26444528, 26444528, 26444528, 26444528, 26444528, 26444528, 26444528, 26444528, 26444528, 26444528, 26444528, 26444528, 26444528, 26444528, 26444528, 26444528, 26444528, 26444528, 26444528, 26444528, 26444528, 26444528, 26444528, 26444528, 26444528, 26444528, 26444528, 26428822, 26428822, 26428822, 26428822, 26428822, 26428822, 26428822, 26729656, 26729656, 26729656, 26729656, 26729656, 26729656, 26729656, 26729656, 26729656, 26729656, 26729656, 26729656, 26729656, 26729656, 26729656, 26729656, 26729656, 26729656, 26729656, 26729656, 26729656, 26729656, 26729656, 26729656, 26729656, 26729656, 26729656, 26729656, 26729656, 26729656, 26729656, 26729656, 26729656, 26729656, 26729656, 26729656, 26729656, 26729656, 26729656, 26729656, 26729656, 26729656, 26729656, 26729656, 26729656, 26729656, 26729656, 26843454, 26843454, 26843454, 26843454, 26843454, 26928712, 26428822, 26428822, 26428822, 26428822, 26428822, 26428822, 26428822, 26428822, 26428822, 26428822, 26428822, 26428822, 26428822, 26428822, 26428822, 26428822, 26428822, 26428822, 26428822, 26428822, 26428822, 26428822, 26928712, 26428822, 26428822, 26428822, 26428822, 26428822, 26428822, 26428822, 26428822, 26428822, 26428822, 26428822, 26428822, 26428822, 26428822, 26428822, 25954302, 25954302, 25954302, 377085590, 25954302, 25954302, 25954302, 25954302, 25954302, 25954302, 25954302, 25954302, 25954302, 25954302, 25954302, 25954302, 25954302, 25954302, 25954302, 25954302, 25954302, 25954302, 25954302, 25954302, 25954302, 25954302, 25954302, 25954302, 25954302, 25954302, 25954302, 25954302, 25954302, 25954302, 25897854, 25897854, 25897854, 25897854, 25897854, 25897854, 25897854, 25897854]",0,0,0,NPU,0,0,0,0,0,0,1.0,hot,0,0,0,0,1.0,0
0,15,meta-llama/Llama-3.1-8B,1659,1947,1622246507,15992493805,14370247298,23704070,309443382,48992348,"[50600609, 30154385, 26822699, 29747880, 26844708, 93558915, 27059851, 27059851, 29019418, 190839741, 146937332, 63155925, 27764953, 27764953, 27764953, 27764953, 27764953, 27764953, 27764953, 27764953, 27764953, 27764953, 27684411, 27684411, 27684411, 27684411, 27684411, 27684411, 27684411, 27684411, 27685307, 27685307, 27685307, 27685307, 27685307, 27685307, 27685307, 27685307, 27685307, 27685307, 27685307, 27685307, 27685307, 27685307, 27685307, 27685307, 27685307, 27685307, 27685307, 27685307, 27685307, 27685307, 27685307, 27685307, 27685307, 27685307, 27685307, 27685307, 26520888, 326208931, 26520888, 26520888, 352424243, 26363542, 377280506, 26363542, 26363542, 26363542, 1524996988, 27199807, 26699917, 26699917, 26699917, 26699917, 687618204, 26859940, 26859940, 26859940, 26859940, 26859940, 26859940, 26859940, 26859940, 26859940, 26859940, 26859940, 26859940, 26859940, 26859940, 26859940, 204089572, 26830763, 26830763, 26830763, 26830763, 26830763, 26726923, 26726923, 26726923, 26726923, 1218970034, 26726923, 26726923, 26726923, 26726923, 26726923, 26726923, 26726923, 26726923, 26726923, 26726923, 26726923, 26726923, 26726923, 26726923, 26726923, 26726923, 26726923, 26726923, 26726923, 26726923, 26726923, 26615821, 26615821, 26615821, 26615821, 26615821, 26615821, 26615821, 26615821, 26615821, 26615821, 26553020, 26553020, 26645180, 26645180, 26645180, 26444528, 26444528, 26444528, 26444528, 26444528, 26444528, 26444528, 26444528, 26444528, 26444528, 26444528, 26444528, 26444528, 26444528, 26444528, 26444528, 26444528, 26444528, 26444528, 26444528, 26444528, 26444528, 26444528, 26444528, 26444528, 26444528, 26444528, 26444528, 26444528, 26444528, 26444528, 26444528, 26444528, 26444528, 26444528, 26444528, 26444528, 26444528, 26444528, 26444528, 26444528, 26428822, 26428822, 26428822, 26428822, 26428822, 26428822, 26428822, 26729656, 26729656, 26729656, 26729656, 26729656, 26729656, 26729656, 26729656, 26729656, 26729656, 26729656, 26729656, 26729656, 26729656, 26729656, 26729656, 26729656, 26729656, 26729656, 26729656, 26729656, 26729656, 26729656, 26729656, 26729656, 26729656, 26729656, 26729656, 26729656, 26729656, 26729656, 26729656, 26729656, 26729656, 26729656, 26729656, 26729656, 26729656, 26729656, 26729656, 26729656, 26729656, 26729656, 26729656, 26729656, 26729656, 26729656, 26843454, 26843454, 26843454, 26843454, 26843454, 26928712, 26428822, 26428822, 26428822, 26428822, 26428822, 26428822, 26428822, 26428822, 26428822, 26428822, 26428822, 26428822, 26428822, 26428822, 26428822, 26428822, 26428822, 26428822, 26428822, 26428822, 26428822, 26428822, 26928712, 26428822, 26428822, 26428822, 26428822, 26428822, 26428822, 26428822, 26428822, 26428822, 26428822, 26428822, 26428822, 26428822, 26428822, 26428822, 1468547118, 27286840, 27286840, 27286840, 27286840, 26843454, 26490517, 26490517, 26490517, 27343344, 26843454]",0,0,0,SSD,0,253755392,0,253755392,253755392,253755392,1.0,hot,0,0,0,0,1.0,507510784
0,20,meta-llama/Llama-3.1-8B,32,307,1918527754,16019374581,14100846827,13162135,63762744,51230233,"[30154385, 26822699, 29747880, 26844708, 93558915, 27059851, 27059851, 29019418, 190839741, 146937332, 63155925, 27764953, 27764953, 27764953, 27764953, 27764953, 27764953, 27764953, 27764953, 27764953, 27764953, 27684411, 27684411, 27684411, 27684411, 27684411, 27684411, 27684411, 27684411, 27685307, 27685307, 27685307, 27685307, 27685307, 27685307, 27685307, 27685307, 27685307, 27685307, 27685307, 27685307, 27685307, 27685307, 27685307, 27685307, 27685307, 27685307, 27685307, 27685307, 27685307, 27685307, 27685307, 27685307, 27685307, 27685307, 27685307, 27685307, 2765927500, 27199807, 26699917, 26699917, 26699917, 26699917, 687618204, 26859940, 26859940, 26859940, 26859940, 26859940, 26859940, 26859940, 26859940, 26859940, 26859940, 26859940, 26859940, 26859940, 26859940, 26859940, 204089572, 26830763, 26830763, 26830763, 26830763, 26830763, 26726923, 26726923, 26726923, 26726923, 1218970034, 26726923, 26726923, 26726923, 26726923, 26726923, 26726923, 26726923, 26726923, 26726923, 26726923, 26726923, 26726923, 26726923, 26726923, 26726923, 26726923, 26726923, 26726923, 26726923, 26726923, 26726923, 26615821, 26615821, 26615821, 26615821, 26615821, 26615821, 26615821, 26615821, 26615821, 26615821, 26553020, 26553020, 26645180, 26645180, 26645180, 26444528, 26444528, 26444528, 26444528, 26444528, 26444528, 26444528, 26444528, 26444528, 26444528, 26444528, 26444528, 26444528, 26444528, 26444528, 26444528, 26444528, 26444528, 26444528, 26444528, 26444528, 26444528, 26444528, 26444528, 26444528, 26444528, 26444528, 26444528, 26444528, 26444528, 26444528, 26444528, 26444528, 26444528, 26444528, 26444528, 26444528, 26444528, 26444528, 26444528, 26444528, 26428822, 26428822, 26428822, 26428822, 26428822, 26428822, 26428822, 26729656, 26729656, 26729656, 26729656, 26729656, 26729656, 26729656, 26729656, 26729656, 26729656, 26729656, 26729656, 26729656, 26729656, 26729656, 26729656, 26729656, 26729656, 26729656, 26729656, 26729656, 26729656, 26729656, 26729656, 26729656, 26729656, 26729656, 26729656, 26729656, 26729656, 26729656, 26729656, 26729656, 26729656, 26729656, 26729656, 26729656, 26729656, 26729656, 26729656, 26729656, 26729656, 26729656, 26729656, 26729656, 26729656, 26729656, 26843454, 26843454, 26843454, 26843454, 26843454, 26928712, 26428822, 26428822, 26428822, 26428822, 26428822, 26428822, 26428822, 26428822, 26428822, 26428822, 26428822, 26428822, 26428822, 26428822, 26428822, 26428822, 26428822, 26428822, 26428822, 26428822, 26428822, 26428822, 26928712, 26428822, 26428822, 26428822, 26428822, 26428822, 26428822, 26428822, 26428822, 26428822, 26428822, 26428822, 26428822, 26428822, 26428822, 26428822, 1468547118, 27286840, 27286840, 27286840, 27286840, 26843454, 106814895, 26843454, 26880776]",0,0,0,SSD,0,12582912,0,12582912,12582912,12582912,1.0,hot,0,0,0,0,1.0,25165824
0,7,meta-llama/Llama-3.1-8B,253,668,811936853,16259941485,15448004632,11575200,70817445,37142964,"[25354389, 171718242, 146422271, 25755166, 25755166, 25755166, 25755166, 25755166, 25755166, 27679889, 25802576, 25802576, 25802576, 25802576, 25802576, 25802576, 27579202, 27566604, 27529230, 285739312, 50600609, 30154385, 26822699, 29747880, 26844708, 93558915, 27059851, 27059851, 29019418, 190839741, 146937332, 63155925, 27764953, 27764953, 27764953, 27764953, 27764953, 27764953, 27764953, 27764953, 27764953, 27764953, 27684411, 27684411, 27684411, 27684411, 27684411, 27684411, 27684411, 27684411, 27685307, 27685307, 27685307, 27685307, 27685307, 27685307, 27685307, 27685307, 27685307, 27685307, 27685307, 27685307, 27685307, 27685307, 27685307, 27685307, 27685307, 27685307, 27685307, 27685307, 27685307, 27685307, 27685307, 27685307, 27685307, 27685307, 27685307, 27685307, 26520888, 326208931, 26520888, 26520888, 352424243, 26363542, 377280506, 26363542, 26363542, 26363542, 25649622, 25088487, 25088487, 25088487, 25088487, 25088487, 25088487, 25088487, 25088487, 25088487, 1273550983, 27199807, 26699917, 26699917, 26699917, 26699917, 25739482, 25739482, 25739482, 25739482, 25739482, 25739482, 25739482, 25739482, 25739482, 25739482, 430223384, 26859940, 26859940, 26859940, 26859940, 26859940, 26859940, 26859940, 26859940, 26859940, 26859940, 26859940, 26859940, 26859940, 26859940, 26859940, 204089572, 26830763, 26830763, 26830763, 26830763, 26830763, 26726923, 26726923, 26726923, 26726923, 26171806, 26171806, 26171806, 26171806, 26171806, 26171806, 658628166, 24996181, 24996181, 24996181, 24996181, 24996181, 24996181, 24996181, 25138869, 25138869, 25138869, 25138869, 25138869, 25138869, 25138869, 25138869, 27226813, 26726923, 26726923, 26726923, 26726923, 26726923, 26726923, 26726923, 26726923, 26726923, 26726923, 26726923, 26726923, 26726923, 26726923, 26726923, 26726923, 26726923, 26726923, 26726923, 26726923, 26726923, 26615821, 26615821, 26615821, 26615821, 26615821, 26615821, 26615821, 26615821, 26615821, 26615821, 26553020, 26553020, 26645180, 26645180, 26645180, 26444528, 26444528, 26444528, 26444528, 26444528, 26444528, 26444528, 26444528, 26444528, 26444528, 26444528, 26444528, 26444528, 26444528, 26444528, 26444528, 26444528, 26444528, 26444528, 26444528, 26444528, 26444528, 26444528, 26444528, 26444528, 26444528, 26444528, 26444528, 26444528, 26444528, 26444528, 26444528, 26444528, 26444528, 26444528, 26444528, 26444528, 26444528, 26444528, 26444528, 26444528, 26428822, 26428822, 26428822, 26428822, 26428822, 26428822, 26428822, 26729656, 26729656, 26729656, 26729656, 26729656, 26729656, 26729656, 26729656, 26729656, 26729656, 26729656, 26729656, 26729656, 26729656, 26729656, 26729656, 26729656, 26729656, 26729656, 26729656, 26729656, 26729656, 26729656, 26729656, 26729656, 26729656, 26729656, 26729656, 26729656, 26729656, 26729656, 26729656, 26729656, 26729656, 26729656, 26729656, 26729656, 26729656, 26729656, 26729656, 26729656, 26729656, 26729656, 26729656, 26729656, 26729656, 26729656, 26843454, 26843454, 26843454, 26843454, 26843454, 26928712, 26428822, 26428822, 26428822, 26428822, 26428822, 26428822, 26428822, 26428822, 26428822, 26428822, 26428822, 26428822, 26428822, 26428822, 26428822, 26428822, 26428822, 26428822, 26428822, 26428822, 26428822, 26428822, 26928712, 26428822, 26428822, 26428822, 26428822, 26428822, 26428822, 26428822, 26428822, 26428822, 26428822, 26428822, 26428822, 26428822, 26428822, 26428822, 25954302, 25954302, 25954302, 26971646, 26971646, 26971646, 26971646, 26971646, 26971646, 26971646, 26971646, 26971646, 26971646, 26971646, 26971646, 26971646, 26454192, 25954302, 25954302, 25954302, 25954302, 25954302, 25954302, 25954302, 25954302, 25954302, 25954302, 25954302, 25954302, 25954302, 25954302, 25954302, 25954302, 25954302, 25954302, 25954302, 25954302, 25954302, 25954302, 25954302, 25954302, 25954302, 25954302, 25954302, 25954302, 25954302, 25954302, 25897854, 25897854, 25897854, 25897854, 25897854, 25897854, 25897854, 25897854, 27786730, 27286840, 27286840, 27286840, 27286840, 26843454, 26490517, 26490517, 26490517, 27343344, 26843454, 26880776, 26729656, 26729656, 26729656, 26729656, 26729656, 26729656, 26729656, 26729656, 26729656]",0,0,0,NPU,0,0,0,0,0,0,1.0,hot,0,0,0,0,1.0,0
0,25,meta-llama/Llama-3.1-8B,8,283,2228417547,16394043875,14165626328,15121240,44140658,51538268,"[190839741, 146937332, 63155925, 27764953, 27764953, 27764953, 27764953, 27764953, 27764953, 27764953, 27764953, 27764953, 27764953, 27684411, 27684411, 27684411, 27684411, 27684411, 27684411, 27684411, 27684411, 27685307, 27685307, 27685307, 27685307, 27685307, 27685307, 27685307, 27685307, 27685307, 27685307, 27685307, 27685307, 27685307, 27685307, 27685307, 27685307, 27685307, 27685307, 27685307, 27685307, 27685307, 27685307, 27685307, 27685307, 27685307, 27685307, 27685307, 27685307, 3587545179, 26859940, 26859940, 26859940, 26859940, 26859940, 26859940, 26859940, 26859940, 26859940, 26859940, 26859940, 26859940, 26859940, 26859940, 26859940, 204089572, 26830763, 26830763, 26830763, 26830763, 26830763, 26726923, 26726923, 26726923, 26726923, 1218970034, 26726923, 26726923, 26726923, 26726923, 26726923, 26726923, 26726923, 26726923, 26726923, 26726923, 26726923, 26726923, 26726923, 26726923, 26726923, 26726923, 26726923, 26726923, 26726923, 26726923, 26726923, 26615821, 26615821, 26615821, 26615821, 26615821, 26615821, 26615821, 26615821, 26615821, 26615821, 26553020, 26553020, 26645180, 26645180, 26645180, 26444528, 26444528, 26444528, 26444528, 26444528, 26444528, 26444528, 26444528, 26444528, 26444528, 26444528, 26444528, 26444528, 26444528, 26444528, 26444528, 26444528, 26444528, 26444528, 26444528, 26444528, 26444528, 26444528, 26444528, 26444528, 26444528, 26444528, 26444528, 26444528, 26444528, 26444528, 26444528, 26444528, 26444528, 26444528, 26444528, 26444528, 26444528, 26444528, 26444528, 26444528, 26428822, 26428822, 26428822, 26428822, 26428822, 26428822, 26428822, 26729656, 26729656, 26729656, 26729656, 26729656, 26729656, 26729656, 26729656, 26729656, 26729656, 26729656, 26729656, 26729656, 26729656, 26729656, 26729656, 26729656, 26729656, 26729656, 26729656, 26729656, 26729656, 26729656, 26729656, 26729656, 26729656, 26729656, 26729656, 26729656, 26729656, 26729656, 26729656, 26729656, 26729656, 26729656, 26729656, 26729656, 26729656, 26729656, 26729656, 26729656, 26729656, 26729656, 26729656, 26729656, 26729656, 26729656, 26843454, 26843454, 26843454, 26843454, 26843454, 26928712, 26428822, 26428822, 26428822, 26428822, 26428822, 26428822, 26428822, 26428822, 26428822, 26428822, 26428822, 26428822, 26428822, 26428822, 26428822, 26428822, 26428822, 26428822, 26428822, 26428822, 26428822, 26428822, 26928712, 26428822, 26428822, 26428822, 26428822, 26428822, 26428822, 26428822, 26428822, 26428822, 26428822, 26428822, 26428822, 26428822, 26428822, 26428822, 1468547118, 27286840, 27286840, 27286840, 27286840, 26843454, 106814895, 26843454, 26880776, 26729656, 26729656, 26729656, 26729656, 26729656, 26729656, 26729656, 26729656, 26729656, 26820478, 26820478, 26820478, 26820478, 26820478]",0,0,0,SSD,0,8388608,0,8388608,8388608,8388608,1.0,hot,0,0,0,0,1.0,16777216
0,17,meta-llama/Llama-3.1-8B,8,316,1732914662,16553870645,14820955983,198775227,249375836,47464430,"[30154385, 26822699, 29747880, 26844708, 93558915, 27059851, 27059851, 29019418, 190839741, 146937332, 63155925, 27764953, 27764953, 27764953, 27764953, 27764953, 27764953, 27764953, 27764953, 27764953, 27764953, 27684411, 27684411, 27684411, 27684411, 27684411, 27684411, 27684411, 27684411, 27685307, 27685307, 27685307, 27685307, 27685307, 27685307, 27685307, 27685307, 27685307, 27685307, 27685307, 27685307, 27685307, 27685307, 27685307, 27685307, 27685307, 27685307, 27685307, 27685307, 27685307, 27685307, 27685307, 27685307, 27685307, 27685307, 27685307, 27685307, 26520888, 326208931, 26520888, 26520888, 352424243, 26363542, 377280506, 26363542, 26363542, 26363542, 1524996988, 27199807, 26699917, 26699917, 26699917, 26699917, 687618204, 26859940, 26859940, 26859940, 26859940, 26859940, 26859940, 26859940, 26859940, 26859940, 26859940, 26859940, 26859940, 26859940, 26859940, 26859940, 204089572, 26830763, 26830763, 26830763, 26830763, 26830763, 26726923, 26726923, 26726923, 26726923, 1218970034, 26726923, 26726923, 26726923, 26726923, 26726923, 26726923, 26726923, 26726923, 26726923, 26726923, 26726923, 26726923, 26726923, 26726923, 26726923, 26726923, 26726923, 26726923, 26726923, 26726923, 26726923, 26615821, 26615821, 26615821, 26615821, 26615821, 26615821, 26615821, 26615821, 26615821, 26615821, 26553020, 26553020, 26645180, 26645180, 26645180, 26444528, 26444528, 26444528, 26444528, 26444528, 26444528, 26444528, 26444528, 26444528, 26444528, 26444528, 26444528, 26444528, 26444528, 26444528, 26444528, 26444528, 26444528, 26444528, 26444528, 26444528, 26444528, 26444528, 26444528, 26444528, 26444528, 26444528, 26444528, 26444528, 26444528, 26444528, 26444528, 26444528, 26444528, 26444528, 26444528, 26444528, 26444528, 26444528, 26444528, 26444528, 26428822, 26428822, 26428822, 26428822, 26428822, 26428822, 26428822, 26729656, 26729656, 26729656, 26729656, 26729656, 26729656, 26729656, 26729656, 26729656, 26729656, 26729656, 26729656, 26729656, 26729656, 26729656, 26729656, 26729656, 26729656, 26729656, 26729656, 26729656, 26729656, 26729656, 26729656, 26729656, 26729656, 26729656, 26729656, 26729656, 26729656, 26729656, 26729656, 26729656, 26729656, 26729656, 26729656, 26729656, 26729656, 26729656, 26729656, 26729656, 26729656, 26729656, 26729656, 26729656, 26729656, 26729656, 26843454, 26843454, 26843454, 26843454, 26843454, 26928712, 26428822, 26428822, 26428822, 26428822, 26428822, 26428822, 26428822, 26428822, 26428822, 26428822, 26428822, 26428822, 26428822, 26428822, 26428822, 26428822, 26428822, 26428822, 26428822, 26428822, 26428822, 26428822, 26928712, 26428822, 26428822, 26428822, 26428822, 26428822, 26428822, 26428822, 26428822, 26428822, 26428822, 26428822, 26428822, 26428822, 26428822, 26428822, 1468547118, 27286840, 27286840, 27286840, 27286840, 26843454, 26490517, 26490517, 26490517, 27343344, 26843454, 26880776, 26729656, 26729656, 26729656, 26729656, 26729656, 26729656, 26729656, 26729656, 26729656, 26820478, 26820478, 26820478, 26820478, 26820478, 26637795, 26637795, 26637795, 26637795, 26637795, 26637795]",0,0,0,NPU,0,0,0,0,0,0,1.0,hot,0,0,0,0,1.0,0
0,13,meta-llama/Llama-3.1-8B,11,376,1581917467,17014167611,15432250144,8937276,36503880,42296006,"[27529230, 285739312, 50600609, 30154385, 26822699, 29747880, 26844708, 93558915, 27059851, 27059851, 29019418, 190839741, 146937332, 63155925, 27764953, 27764953, 27764953, 27764953, 27764953, 27764953, 27764953, 27764953, 27764953, 27764953, 27684411, 27684411, 27684411, 27684411, 27684411, 27684411, 27684411, 27684411, 27685307, 27685307, 27685307, 27685307, 27685307, 27685307, 27685307, 27685307, 27685307, 27685307, 27685307, 27685307, 27685307, 27685307, 27685307, 27685307, 27685307, 27685307, 27685307, 27685307, 27685307, 27685307, 27685307, 27685307, 27685307, 27685307, 27685307, 27685307, 26520888, 326208931, 26520888, 26520888, 352424243, 26363542, 377280506, 26363542, 26363542, 26363542, 25649622, 1499347366, 27199807, 26699917, 26699917, 26699917, 26699917, 687618204, 26859940, 26859940, 26859940, 26859940, 26859940, 26859940, 26859940, 26859940, 26859940, 26859940, 26859940, 26859940, 26859940, 26859940, 26859940, 204089572, 26830763, 26830763, 26830763, 26830763, 26830763, 26726923, 26726923, 26726923, 26726923, 26171806, 26171806, 26171806, 26171806, 26171806, 26171806, 1061939198, 26726923, 26726923, 26726923, 26726923, 26726923, 26726923, 26726923, 26726923, 26726923, 26726923, 26726923, 26726923, 26726923, 26726923, 26726923, 26726923, 26726923, 26726923, 26726923, 26726923, 26726923, 26615821, 26615821, 26615821, 26615821, 26615821, 26615821, 26615821, 26615821, 26615821, 26615821, 26553020, 26553020, 26645180, 26645180, 26645180, 26444528, 26444528, 26444528, 26444528, 26444528, 26444528, 26444528, 26444528, 26444528, 26444528, 26444528, 26444528, 26444528, 26444528, 26444528, 26444528, 26444528, 26444528, 26444528, 26444528, 26444528, 26444528, 26444528, 26444528, 26444528, 26444528, 26444528, 26444528, 26444528, 26444528, 26444528, 26444528, 26444528, 26444528, 26444528, 26444528, 26444528, 26444528, 26444528, 26444528, 26444528, 26428822, 26428822, 26428822, 26428822, 26428822, 26428822, 26428822, 26729656, 26729656, 26729656, 26729656, 26729656, 26729656, 26729656, 26729656, 26729656, 26729656, 26729656, 26729656, 26729656, 26729656, 26729656, 26729656, 26729656, 26729656, 26729656, 26729656, 26729656, 26729656, 26729656, 26729656, 26729656, 26729656, 26729656, 26729656, 26729656, 26729656, 26729656, 26729656, 26729656, 26729656, 26729656, 26729656, 26729656, 26729656, 26729656, 26729656, 26729656, 26729656, 26729656, 26729656, 26729656, 26729656, 26729656, 26843454, 26843454, 26843454, 26843454, 26843454, 26928712, 26428822, 26428822, 26428822, 26428822, 26428822, 26428822, 26428822, 26428822, 26428822, 26428822, 26428822, 26428822, 26428822, 26428822, 26428822, 26428822, 26428822, 26428822, 26428822, 26428822, 26428822, 26428822, 26928712, 26428822, 26428822, 26428822, 26428822, 26428822, 26428822, 26428822, 26428822, 26428822, 26428822, 26428822, 26428822, 26428822, 26428822, 26428822, 25954302, 25954302, 25954302, 377085590, 25954302, 25954302, 25954302, 25954302, 25954302, 25954302, 25954302, 25954302, 25954302, 25954302, 25954302, 25954302, 25954302, 25954302, 25954302, 25954302, 25954302, 25954302, 25954302, 25954302, 25954302, 25954302, 25954302, 25954302, 25954302, 25954302, 25954302, 25954302, 25954302, 25954302, 25897854, 25897854, 25897854, 25897854, 25897854, 25897854, 25897854, 25897854, 27786730, 27286840, 27286840, 27286840, 27286840, 26843454, 26490517, 26490517, 26490517, 27343344, 26843454, 26880776, 26729656, 26729656, 26729656, 26729656, 26729656, 26729656, 26729656, 26729656, 26729656, 26820478, 26820478, 26820478, 26820478, 26820478, 26637795, 26637795, 26637795, 26637795, 26637795, 26637795, 352923150, 26843454, 26843454, 26843454, 26843454]",0,0,0,NPU,0,0,0,0,0,0,1.0,hot,0,0,0,0,1.0,0
0,9,meta-llama/Llama-3.1-8B,726,1117,1026970074,17078367611,16051397537,52856855,199279126,40646457,"[25755166, 25755166, 25755166, 25755166, 25755166, 25755166, 27679889, 25802576, 25802576, 25802576, 25802576, 25802576, 25802576, 27579202, 27566604, 27529230, 285739312, 50600609, 30154385, 26822699, 29747880, 26844708, 93558915, 27059851, 27059851, 29019418, 190839741, 146937332, 63155925, 27764953, 27764953, 27764953, 27764953, 27764953, 27764953, 27764953, 27764953, 27764953, 27764953, 27684411, 27684411, 27684411, 27684411, 27684411, 27684411, 27684411, 27684411, 27685307, 27685307, 27685307, 27685307, 27685307, 27685307, 27685307, 27685307, 27685307, 27685307, 27685307, 27685307, 27685307, 27685307, 27685307, 27685307, 27685307, 27685307, 27685307, 27685307, 27685307, 27685307, 27685307, 27685307, 27685307, 27685307, 27685307, 27685307, 26520888, 326208931, 26520888, 26520888, 352424243, 26363542, 377280506, 26363542, 26363542, 26363542, 25649622, 1499347366, 27199807, 26699917, 26699917, 26699917, 26699917, 25739482, 25739482, 25739482, 25739482, 25739482, 25739482, 25739482, 25739482, 25739482, 25739482, 430223384, 26859940, 26859940, 26859940, 26859940, 26859940, 26859940, 26859940, 26859940, 26859940, 26859940, 26859940, 26859940, 26859940, 26859940, 26859940, 204089572, 26830763, 26830763, 26830763, 26830763, 26830763, 26726923, 26726923, 26726923, 26726923, 26171806, 26171806, 26171806, 26171806, 26171806, 26171806, 1061939198, 26726923, 26726923, 26726923, 26726923, 26726923, 26726923, 26726923, 26726923, 26726923, 26726923, 26726923, 26726923, 26726923, 26726923, 26726923, 26726923, 26726923, 26726923, 26726923, 26726923, 26726923, 26615821, 26615821, 26615821, 26615821, 26615821, 26615821, 26615821, 26615821, 26615821, 26615821, 26553020, 26553020, 26645180, 26645180, 26645180, 26444528, 26444528, 26444528, 26444528, 26444528, 26444528, 26444528, 26444528, 26444528, 26444528, 26444528, 26444528, 26444528, 26444528, 26444528, 26444528, 26444528, 26444528, 26444528, 26444528, 26444528, 26444528, 26444528, 26444528, 26444528, 26444528, 26444528, 26444528, 26444528, 26444528, 26444528, 26444528, 26444528, 26444528, 26444528, 26444528, 26444528, 26444528, 26444528, 26444528, 26444528, 26428822, 26428822, 26428822, 26428822, 26428822, 26428822, 26428822, 26729656, 26729656, 26729656, 26729656, 26729656, 26729656, 26729656, 26729656, 26729656, 26729656, 26729656, 26729656, 26729656, 26729656, 26729656, 26729656, 26729656, 26729656, 26729656, 26729656, 26729656, 26729656, 26729656, 26729656, 26729656, 26729656, 26729656, 26729656, 26729656, 26729656, 26729656, 26729656, 26729656, 26729656, 26729656, 26729656, 26729656, 26729656, 26729656, 26729656, 26729656, 26729656, 26729656, 26729656, 26729656, 26729656, 26729656, 26843454, 26843454, 26843454, 26843454, 26843454, 26928712, 26428822, 26428822, 26428822, 26428822, 26428822, 26428822, 26428822, 26428822, 26428822, 26428822, 26428822, 26428822, 26428822, 26428822, 26428822, 26428822, 26428822, 26428822, 26428822, 26428822, 26428822, 26428822, 26928712, 26428822, 26428822, 26428822, 26428822, 26428822, 26428822, 26428822, 26428822, 26428822, 26428822, 26428822, 26428822, 26428822, 26428822, 26428822, 25954302, 25954302, 25954302, 377085590, 25954302, 25954302, 25954302, 25954302, 25954302, 25954302, 25954302, 25954302, 25954302, 25954302, 25954302, 25954302, 25954302, 25954302, 25954302, 25954302, 25954302, 25954302, 25954302, 25954302, 25954302, 25954302, 25954302, 25954302, 25954302, 25954302, 25954302, 25954302, 25954302, 25954302, 25897854, 25897854, 25897854, 25897854, 25897854, 25897854, 25897854, 25897854, 27786730, 27286840, 27286840, 27286840, 27286840, 26843454, 26490517, 26490517, 26490517, 27343344, 26843454, 26880776, 26729656, 26729656, 26729656, 26729656, 26729656, 26729656, 26729656, 26729656, 26729656, 26820478, 26820478, 26820478, 26820478, 26820478, 26637795, 26637795, 26637795, 26637795, 26637795, 26637795, 352923150, 26843454, 26843454, 26843454, 26843454, 64200000]",0,0,0,NPU,0,0,0,0,0,0,1.0,hot,0,0,0,0,1.0,0
0,35,meta-llama/Llama-3.1-8B,17,22,3336021694,17273946353,13937924659,13678145917,13742345917,48894685,"[115460175, 26706189, 26706189, 26706189]",0,0,0,NPU,0,0,0,0,0,0,1.0,hot,0,0,0,0,1.0,0
0,28,meta-llama/Llama-3.1-8B,20,153,2412644520,17540398153,15127753633,50753426,197690758,113106536,"[63155925, 27764953, 27764953, 27764953, 27764953, 27764953, 27764953, 27764953, 27764953, 27764953, 27764953, 27684411, 27684411, 27684411, 27684411, 27684411, 27684411, 27684411, 27684411, 27685307, 27685307, 27685307, 27685307, 27685307, 27685307, 27685307, 27685307, 27685307, 27685307, 27685307, 27685307, 27685307, 27685307, 27685307, 27685307, 27685307, 27685307, 27685307, 27685307, 27685307, 27685307, 27685307, 27685307, 27685307, 27685307, 27685307, 27685307, 9301697781, 26428822, 26428822, 26428822, 26428822, 26428822, 26428822, 26428822, 26428822, 26428822, 26428822, 26428822, 26428822, 26428822, 26428822, 26428822, 26428822, 26428822, 26428822, 26428822, 26428822, 26428822, 26428822, 26928712, 26428822, 26428822, 26428822, 26428822, 26428822, 26428822, 26428822, 26428822, 26428822, 26428822, 26428822, 26428822, 26428822, 26428822, 26428822, 1468547118, 27286840, 27286840, 27286840, 27286840, 187382579, 26729656, 26729656, 26729656, 26729656, 26729656, 26729656, 26729656, 26729656, 26729656, 26820478, 26820478, 26820478, 26820478, 26820478, 26637795, 26637795, 26637795, 26637795, 26637795, 26637795, 352923150, 26843454, 26843454, 26843454, 26843454, 64200000, 115460175, 26706189, 26706189, 26706189, 26645180, 26645180, 26645180, 26645180, 26645180, 26645180, 26645180, 26645180, 26645180, 26645180]",0,0,0,SSD,0,25165824,0,25165824,25165824,25165824,1.0,hot,0,0,0,0,1.0,50331648
0,24,meta-llama/Llama-3.1-8B,382,741,2074623946,19109870604,17035246658,21236224,114795139,47263831,"[27059851, 27059851, 29019418, 190839741, 146937332, 63155925, 27764953, 27764953, 27764953, 27764953, 27764953, 27764953, 27764953, 27764953, 27764953, 27764953, 27684411, 27684411, 27684411, 27684411, 27684411, 27684411, 27684411, 27684411, 27685307, 27685307, 27685307, 27685307, 27685307, 27685307, 27685307, 27685307, 27685307, 27685307, 27685307, 27685307, 27685307, 27685307, 27685307, 27685307, 27685307, 27685307, 27685307, 27685307, 27685307, 27685307, 27685307, 27685307, 27685307, 27685307, 27685307, 27685307, 3587545179, 26859940, 26859940, 26859940, 26859940, 26859940, 26859940, 26859940, 26859940, 26859940, 26859940, 26859940, 26859940, 26859940, 26859940, 26859940, 204089572, 26830763, 26830763, 26830763, 26830763, 26830763, 26726923, 26726923, 26726923, 26726923, 1218970034, 26726923, 26726923, 26726923, 26726923, 26726923, 26726923, 26726923, 26726923, 26726923, 26726923, 26726923, 26726923, 26726923, 26726923, 26726923, 26726923, 26726923, 26726923, 26726923, 26726923, 26726923, 26615821, 26615821, 26615821, 26615821, 26615821, 26615821, 26615821, 26615821, 26615821, 26615821, 26553020, 26553020, 26645180, 26645180, 26645180, 26444528, 26444528, 26444528, 26444528, 26444528, 26444528, 26444528, 26444528, 26444528, 26444528, 26444528, 26444528, 26444528, 26444528, 26444528, 26444528, 26444528, 26444528, 26444528, 26444528, 26444528, 26444528, 26444528, 26444528, 26444528, 26444528, 26444528, 26444528, 26444528, 26444528, 26444528, 26444528, 26444528, 26444528, 26444528, 26444528, 26444528, 26444528, 26444528, 26444528, 26444528, 26428822, 26428822, 26428822, 26428822, 26428822, 26428822, 26428822, 26729656, 26729656, 26729656, 26729656, 26729656, 26729656, 26729656, 26729656, 26729656, 26729656, 26729656, 26729656, 26729656, 26729656, 26729656, 26729656, 26729656, 26729656, 26729656, 26729656, 26729656, 26729656, 26729656, 26729656, 26729656, 26729656, 26729656, 26729656, 26729656, 26729656, 26729656, 26729656, 26729656, 26729656, 26729656, 26729656, 26729656, 26729656, 26729656, 26729656, 26729656, 26729656, 26729656, 26729656, 26729656, 26729656, 26729656, 26843454, 26843454, 26843454, 26843454, 26843454, 26928712, 26428822, 26428822, 26428822, 26428822, 26428822, 26428822, 26428822, 26428822, 26428822, 26428822, 26428822, 26428822, 26428822, 26428822, 26428822, 26428822, 26428822, 26428822, 26428822, 26428822, 26428822, 26428822, 26928712, 26428822, 26428822, 26428822, 26428822, 26428822, 26428822, 26428822, 26428822, 26428822, 26428822, 26428822, 26428822, 26428822, 26428822, 26428822, 1468547118, 27286840, 27286840, 27286840, 27286840, 26843454, 106814895, 26843454, 26880776, 26729656, 26729656, 26729656, 26729656, 26729656, 26729656, 26729656, 26729656, 26729656, 26820478, 26820478, 26820478, 26820478, 26820478, 26637795, 26637795, 26637795, 26637795, 26637795, 26637795, 352923150, 26843454, 26843454, 26843454, 26843454, 64200000, 115460175, 26706189, 26706189, 26706189, 26645180, 26645180, 26645180, 26645180, 26645180, 26645180, 26645180, 26645180, 26645180, 26645180, 26444528, 26444528, 26444528, 26444528, 26444528, 26444528, 26444528, 26444528, 26444528, 26444528, 26444528, 26454608, 26454608, 26454608, 26454608, 26454608, 26454608, 26454608, 26454608, 26454608, 26454608, 26454608, 26454608, 26454608, 26454608, 26454608, 26454608, 26454608, 25859550, 25954302, 25954302, 25954302, 154137207, 25954302, 25954302, 25954302, 25954302, 25954302, 25954302, 25954302, 25954302, 25954302, 25954302, 25954302, 25954302, 25954302, 25954302, 25954302, 25954302, 25954302, 25954302, 25954302, 25954302, 25954302, 25954302]",0,0,0,SSD,0,58720256,0,58720256,58720256,58720256,1.0,hot,0,0,0,0,1.0,117440512
0,31,meta-llama/Llama-3.1-8B,1998,2048,2529630331,19163228138,16633597807,14024240314,14377163464,46049680,"[26843454, 26843454, 26843454, 26843454, 64200000, 115460175, 26706189, 26706189, 26706189, 26645180, 26645180, 26645180, 26645180, 26645180, 26645180, 26645180, 26645180, 26645180, 26645180, 26444528, 26444528, 26444528, 26444528, 26444528, 26444528, 26444528, 26444528, 26444528, 26444528, 26444528, 26454608, 26454608, 26454608, 26454608, 26454608, 26454608, 26454608, 26454608, 26454608, 26454608, 26454608, 26454608, 26454608, 26454608, 26454608, 26454608, 26454608, 855783019, 26428822]",0,0,0,NPU,0,0,0,0,0,0,1.0,hot,0,0,0,0,1.0,0
0,10,meta-llama/Llama-3.1-8B,22,492,1029050004,19646012803,18616962799,50776925,197199196,39274549,"[25755166, 25755166, 25755166, 25755166, 25755166, 25755166, 27679889, 25802576, 25802576, 25802576, 25802576, 25802576, 25802576, 27579202, 27566604, 27529230, 285739312, 50600609, 30154385, 26822699, 29747880, 26844708, 93558915, 27059851, 27059851, 29019418, 190839741, 146937332, 63155925, 27764953, 27764953, 27764953, 27764953, 27764953, 27764953, 27764953, 27764953, 27764953, 27764953, 27684411, 27684411, 27684411, 27684411, 27684411, 27684411, 27684411, 27684411, 27685307, 27685307, 27685307, 27685307, 27685307, 27685307, 27685307, 27685307, 27685307, 27685307, 27685307, 27685307, 27685307, 27685307, 27685307, 27685307, 27685307, 27685307, 27685307, 27685307, 27685307, 27685307, 27685307, 27685307, 27685307, 27685307, 27685307, 27685307, 26520888, 326208931, 26520888, 26520888, 352424243, 26363542, 377280506, 26363542, 26363542, 26363542, 25649622, 1499347366, 27199807, 26699917, 26699917, 26699917, 26699917, 25739482, 25739482, 25739482, 25739482, 25739482, 25739482, 25739482, 25739482, 25739482, 25739482, 430223384, 26859940, 26859940, 26859940, 26859940, 26859940, 26859940, 26859940, 26859940, 26859940, 26859940, 26859940, 26859940, 26859940, 26859940, 26859940, 204089572, 26830763, 26830763, 26830763, 26830763, 26830763, 26726923, 26726923, 26726923, 26726923, 26171806, 26171806, 26171806, 26171806, 26171806, 26171806, 1061939198, 26726923, 26726923, 26726923, 26726923, 26726923, 26726923, 26726923, 26726923, 26726923, 26726923, 26726923, 26726923, 26726923, 26726923, 26726923, 26726923, 26726923, 26726923, 26726923, 26726923, 26726923, 26615821, 26615821, 26615821, 26615821, 26615821, 26615821, 26615821, 26615821, 26615821, 26615821, 26553020, 26553020, 26645180, 26645180, 26645180, 26444528, 26444528, 26444528, 26444528, 26444528, 26444528, 26444528, 26444528, 26444528, 26444528, 26444528, 26444528, 26444528, 26444528, 26444528, 26444528, 26444528, 26444528, 26444528, 26444528, 26444528, 26444528, 26444528, 26444528, 26444528, 26444528, 26444528, 26444528, 26444528, 26444528, 26444528, 26444528, 26444528, 26444528, 26444528, 26444528, 26444528, 26444528, 26444528, 26444528, 26444528, 26428822, 26428822, 26428822, 26428822, 26428822, 26428822, 26428822, 26729656, 26729656, 26729656, 26729656, 26729656, 26729656, 26729656, 26729656, 26729656, 26729656, 26729656, 26729656, 26729656, 26729656, 26729656, 26729656, 26729656, 26729656, 26729656, 26729656, 26729656, 26729656, 26729656, 26729656, 26729656, 26729656, 26729656, 26729656, 26729656, 26729656, 26729656, 26729656, 26729656, 26729656, 26729656, 26729656, 26729656, 26729656, 26729656, 26729656, 26729656, 26729656, 26729656, 26729656, 26729656, 26729656, 26729656, 26843454, 26843454, 26843454, 26843454, 26843454, 26928712, 26428822, 26428822, 26428822, 26428822, 26428822, 26428822, 26428822, 26428822, 26428822, 26428822, 26428822, 26428822, 26428822, 26428822, 26428822, 26428822, 26428822, 26428822, 26428822, 26428822, 26428822, 26428822, 26928712, 26428822, 26428822, 26428822, 26428822, 26428822, 26428822, 26428822, 26428822, 26428822, 26428822, 26428822, 26428822, 26428822, 26428822, 26428822, 25954302, 25954302, 25954302, 377085590, 25954302, 25954302, 25954302, 25954302, 25954302, 25954302, 25954302, 25954302, 25954302, 25954302, 25954302, 25954302, 25954302, 25954302, 25954302, 25954302, 25954302, 25954302, 25954302, 25954302, 25954302, 25954302, 25954302, 25954302, 25954302, 25954302, 25954302, 25954302, 25954302, 25954302, 25897854, 25897854, 25897854, 25897854, 25897854, 25897854, 25897854, 25897854, 27786730, 27286840, 27286840, 27286840, 27286840, 26843454, 26490517, 26490517, 26490517, 27343344, 26843454, 26880776, 26729656, 26729656, 26729656, 26729656, 26729656, 26729656, 26729656, 26729656, 26729656, 26820478, 26820478, 26820478, 26820478, 26820478, 26637795, 26637795, 26637795, 26637795, 26637795, 26637795, 352923150, 26843454, 26843454, 26843454, 26843454, 64200000, 115460175, 26706189, 26706189, 26706189, 26645180, 26645180, 26645180, 26645180, 26645180, 26645180, 26645180, 26645180, 26645180, 26645180, 26444528, 26444528, 26444528, 26444528, 26444528, 26444528, 26444528, 26444528, 26444528, 26444528, 26444528, 26454608, 26454608, 26454608, 26454608, 26454608, 26454608, 26454608, 26454608, 26454608, 26454608, 26454608, 26454608, 26454608, 26454608, 26454608, 26454608, 26454608, 25859550, 25954302, 25954302, 25954302, 25536603, 25536603, 25536603, 25536603, 25536603, 26454192, 25954302, 25954302, 25954302, 25954302, 25954302, 25954302, 25954302, 25954302, 25954302, 25954302, 25954302, 25954302, 25954302, 25954302, 25954302, 25954302, 25954302, 25954302, 25954302, 25954302, 25954302, 25954302, 26928712, 26428822, 247008563, 209321494, 26454608]",0,0,0,NPU,0,0,0,0,0,0,1.0,hot,0,0,0,0,1.0,0
0,12,meta-llama/Llama-3.1-8B,13,483,1558048705,20340118482,18782069777,5226836,32806038,39977108,"[27566604, 27529230, 285739312, 50600609, 30154385, 26822699, 29747880, 26844708, 93558915, 27059851, 27059851, 29019418, 190839741, 146937332, 63155925, 27764953, 27764953, 27764953, 27764953, 27764953, 27764953, 27764953, 27764953, 27764953, 27764953, 27684411, 27684411, 27684411, 27684411, 27684411, 27684411, 27684411, 27684411, 27685307, 27685307, 27685307, 27685307, 27685307, 27685307, 27685307, 27685307, 27685307, 27685307, 27685307, 27685307, 27685307, 27685307, 27685307, 27685307, 27685307, 27685307, 27685307, 27685307, 27685307, 27685307, 27685307, 27685307, 27685307, 27685307, 27685307, 27685307, 26520888, 326208931, 26520888, 26520888, 352424243, 26363542, 377280506, 26363542, 26363542, 26363542, 25649622, 1499347366, 27199807, 26699917, 26699917, 26699917, 26699917, 687618204, 26859940, 26859940, 26859940, 26859940, 26859940, 26859940, 26859940, 26859940, 26859940, 26859940, 26859940, 26859940, 26859940, 26859940, 26859940, 204089572, 26830763, 26830763, 26830763, 26830763, 26830763, 26726923, 26726923, 26726923, 26726923, 26171806, 26171806, 26171806, 26171806, 26171806, 26171806, 1061939198, 26726923, 26726923, 26726923, 26726923, 26726923, 26726923, 26726923, 26726923, 26726923, 26726923, 26726923, 26726923, 26726923, 26726923, 26726923, 26726923, 26726923, 26726923, 26726923, 26726923, 26726923, 26615821, 26615821, 26615821, 26615821, 26615821, 26615821, 26615821, 26615821, 26615821, 26615821, 26553020, 26553020, 26645180, 26645180, 26645180, 26444528, 26444528, 26444528, 26444528, 26444528, 26444528, 26444528, 26444528, 26444528, 26444528, 26444528, 26444528, 26444528, 26444528, 26444528, 26444528, 26444528, 26444528, 26444528, 26444528, 26444528, 26444528, 26444528, 26444528, 26444528, 26444528, 26444528, 26444528, 26444528, 26444528, 26444528, 26444528, 26444528, 26444528, 26444528, 26444528, 26444528, 26444528, 26444528, 26444528, 26444528, 26428822, 26428822, 26428822, 26428822, 26428822, 26428822, 26428822, 26729656, 26729656, 26729656, 26729656, 26729656, 26729656, 26729656, 26729656, 26729656, 26729656, 26729656, 26729656, 26729656, 26729656, 26729656, 26729656, 26729656, 26729656, 26729656, 26729656, 26729656, 26729656, 26729656, 26729656, 26729656, 26729656, 26729656, 26729656, 26729656, 26729656, 26729656, 26729656, 26729656, 26729656, 26729656, 26729656, 26729656, 26729656, 26729656, 26729656, 26729656, 26729656, 26729656, 26729656, 26729656, 26729656, 26729656, 26843454, 26843454, 26843454, 26843454, 26843454, 26928712, 26428822, 26428822, 26428822, 26428822, 26428822, 26428822, 26428822, 26428822, 26428822, 26428822, 26428822, 26428822, 26428822, 26428822, 26428822, 26428822, 26428822, 26428822, 26428822, 26428822, 26428822, 26428822, 26928712, 26428822, 26428822, 26428822, 26428822, 26428822, 26428822, 26428822, 26428822, 26428822, 26428822, 26428822, 26428822, 26428822, 26428822, 26428822, 25954302, 25954302, 25954302, 377085590, 25954302, 25954302, 25954302, 25954302, 25954302, 25954302, 25954302, 25954302, 25954302, 25954302, 25954302, 25954302, 25954302, 25954302, 25954302, 25954302, 25954302, 25954302, 25954302, 25954302, 25954302, 25954302, 25954302, 25954302, 25954302, 25954302, 25954302, 25954302, 25954302, 25954302, 25897854, 25897854, 25897854, 25897854, 25897854, 25897854, 25897854, 25897854, 27786730, 27286840, 27286840, 27286840, 27286840, 26843454, 26490517, 26490517, 26490517, 27343344, 26843454, 26880776, 26729656, 26729656, 26729656, 26729656, 26729656, 26729656, 26729656, 26729656, 26729656, 26820478, 26820478, 26820478, 26820478, 26820478, 26637795, 26637795, 26637795, 26637795, 26637795, 26637795, 352923150, 26843454, 26843454, 26843454, 26843454, 64200000, 115460175, 26706189, 26706189, 26706189, 26645180, 26645180, 26645180, 26645180, 26645180, 26645180, 26645180, 26645180, 26645180, 26645180, 26444528, 26444528, 26444528, 26444528, 26444528, 26444528, 26444528, 26444528, 26444528, 26444528, 26444528, 26454608, 26454608, 26454608, 26454608, 26454608, 26454608, 26454608, 26454608, 26454608, 26454608, 26454608, 26454608, 26454608, 26454608, 26454608, 26454608, 26454608, 25859550, 25954302, 25954302, 25954302, 25536603, 25536603, 25536603, 25536603, 25536603, 26454192, 25954302, 25954302, 25954302, 25954302, 25954302, 25954302, 25954302, 25954302, 25954302, 25954302, 25954302, 25954302, 25954302, 25954302, 25954302, 25954302, 25954302, 25954302, 25954302, 25954302, 25954302, 25954302, 26928712, 26428822, 247008563, 209321494, 26454608, 94772216, 26454608, 26454608, 26454608, 26454608, 26428822, 26428822, 26421342, 26421342, 25491349, 25491349, 25536603, 25536603, 25536603, 25679419, 25679419, 25679419, 25679419, 25679419, 25679419, 26359326, 26928712, 26428822, 26428822]",0,0,0,NPU,0,0,0,0,0,0,1.0,hot,0,0,0,0,1.0,0
0,39,meta-llama/Llama-3.1-8B,121,208,3555912370,21306704355,17750791985,13522455241,13637915416,47824146,"[26706189, 26706189, 26706189, 26645180, 26645180, 26645180, 26645180, 26645180, 26645180, 26645180, 26645180, 26645180, 26645180, 26444528, 26444528, 26444528, 26444528, 26444528, 26444528, 26444528, 26444528, 26444528, 26444528, 26444528, 26454608, 26454608, 26454608, 26454608, 26454608, 26454608, 26454608, 26454608, 26454608, 26454608, 26454608, 26454608, 26454608, 26454608, 26454608, 26454608, 26454608, 855783019, 26428822, 247008563, 209321494, 26454608, 94772216, 26454608, 26454608, 26454608, 26454608, 26428822, 26428822, 387799743, 26428822, 26428822, 26928712, 26428822, 26428822, 26428822, 26428822, 26428822, 26428822, 26428822, 26428822, 26428822, 26428822, 26428822, 26428822, 26428822, 26428822, 26428822, 26428822, 26428822, 25782115, 25782115, 25782115, 25782115, 205253938, 25997827, 25997827, 25997827, 25997827, 25997827, 25997827, 25997827]",0,0,0,NPU,0,0,0,0,0,0,1.0,hot,0,0,0,0,1.0,0
0,27,meta-llama/Llama-3.1-8B,14,230,2322894048,21441994653,19119100605,140503898,287441230,87589113,"[63155925, 27764953, 27764953, 27764953, 27764953, 27764953, 27764953, 27764953, 27764953, 27764953, 27764953, 27684411, 27684411, 27684411, 27684411, 27684411, 27684411, 27684411, 27684411, 27685307, 27685307, 27685307, 27685307, 27685307, 27685307, 27685307, 27685307, 27685307, 27685307, 27685307, 27685307, 27685307, 27685307, 27685307, 27685307, 27685307, 27685307, 27685307, 27685307, 27685307, 27685307, 27685307, 27685307, 27685307, 27685307, 27685307, 27685307, 9301697781, 26428822, 26428822, 26428822, 26428822, 26428822, 26428822, 26428822, 26428822, 26428822, 26428822, 26428822, 26428822, 26428822, 26428822, 26428822, 26428822, 26428822, 26428822, 26428822, 26428822, 26428822, 26428822, 26928712, 26428822, 26428822, 26428822, 26428822, 26428822, 26428822, 26428822, 26428822, 26428822, 26428822, 26428822, 26428822, 26428822, 26428822, 26428822, 1468547118, 27286840, 27286840, 27286840, 27286840, 26843454, 106814895, 26843454, 26880776, 26729656, 26729656, 26729656, 26729656, 26729656, 26729656, 26729656, 26729656, 26729656, 26820478, 26820478, 26820478, 26820478, 26820478, 26637795, 26637795, 26637795, 26637795, 26637795, 26637795, 352923150, 26843454, 26843454, 26843454, 26843454, 64200000, 115460175, 26706189, 26706189, 26706189, 26645180, 26645180, 26645180, 26645180, 26645180, 26645180, 26645180, 26645180, 26645180, 26645180, 26444528, 26444528, 26444528, 26444528, 26444528, 26444528, 26444528, 26444528, 26444528, 26444528, 26444528, 26454608, 26454608, 26454608, 26454608, 26454608, 26454608, 26454608, 26454608, 26454608, 26454608, 26454608, 26454608, 26454608, 26454608, 26454608, 26454608, 26454608, 855783019, 26428822, 247008563, 209321494, 26454608, 94772216, 26454608, 26454608, 26454608, 26454608, 26428822, 26428822, 26421342, 26421342, 334957059, 26428822, 26428822, 26928712, 26428822, 26428822, 26428822, 26428822, 26428822, 26428822, 26428822, 26428822, 26428822, 26428822, 26428822, 26428822, 26428822, 26428822, 26428822, 26428822, 26428822, 25782115, 25782115, 25782115, 25782115, 205253938, 25997827, 25997827, 25997827, 25997827, 25997827, 25997827, 25997827, 27786730, 27286840, 27286840, 26464944, 26464944]",0,0,0,SSD,0,8388608,0,8388608,8388608,8388608,1.0,hot,0,0,0,0,1.0,16777216
0,36,meta-llama/Llama-3.1-8B,25,160,3372350479,22559201211,19186850732,13641817132,13706017132,40901743,"[115460175, 26706189, 26706189, 26706189, 26645180, 26645180, 26645180, 26645180, 26645180, 26645180, 26645180, 26645180, 26645180, 26645180, 26444528, 26444528, 26444528, 26444528, 26444528, 26444528, 26444528, 26444528, 26444528, 26444528, 26444528, 26454608, 26454608, 26454608, 26454608, 26454608, 26454608, 26454608, 26454608, 26454608, 26454608, 26454608, 26454608, 26454608, 26454608, 26454608, 26454608, 26454608, 855783019, 26428822, 247008563, 209321494, 26454608, 94772216, 26454608, 26454608, 26454608, 26454608, 26428822, 26428822, 387799743, 26428822, 26428822, 26928712, 26428822, 26428822, 26428822, 26428822, 26428822, 26428822, 26428822, 26428822, 26428822, 26428822, 26428822, 26428822, 26428822, 26428822, 26428822, 26428822, 26428822, 25782115, 25782115, 25782115, 25782115, 205253938, 25997827, 25997827, 25997827, 25997827, 25997827, 25997827, 25997827, 27786730, 27286840, 27286840, 26464944, 26464944, 26843454, 26843454, 26843454, 26843454, 26843454, 26843454, 26843454, 26843454, 26843454, 26843454, 26843454, 26843454, 26843454, 26843454, 26843454, 26843454, 26421342, 26421342, 26421342, 26921232, 26421342, 26421342, 26421342, 26421342, 26421342, 26421342, 26437374, 26437374, 26437374, 26437374, 26437374, 26437374, 26437374, 26437374, 26437374, 26437374, 26437374, 26437374, 26437374, 26437374, 26437374, 26437374]",0,0,0,NPU,0,0,0,0,0,0,1.0,hot,0,0,0,0,1.0,0
0,26,meta-llama/Llama-3.1-8B,971,1236,2250691133,22663702923,20413011790,21867072,212706813,76516306,"[146937332, 63155925, 27764953, 27764953, 27764953, 27764953, 27764953, 27764953, 27764953, 27764953, 27764953, 27764953, 27684411, 27684411, 27684411, 27684411, 27684411, 27684411, 27684411, 27684411, 27685307, 27685307, 27685307, 27685307, 27685307, 27685307, 27685307, 27685307, 27685307, 27685307, 27685307, 27685307, 27685307, 27685307, 27685307, 27685307, 27685307, 27685307, 27685307, 27685307, 27685307, 27685307, 27685307, 27685307, 27685307, 27685307, 27685307, 27685307, 9301697781, 26428822, 26428822, 26428822, 26428822, 26428822, 26428822, 26428822, 26428822, 26428822, 26428822, 26428822, 26428822, 26428822, 26428822, 26428822, 26428822, 26428822, 26428822, 26428822, 26428822, 26428822, 26428822, 26928712, 26428822, 26428822, 26428822, 26428822, 26428822, 26428822, 26428822, 26428822, 26428822, 26428822, 26428822, 26428822, 26428822, 26428822, 26428822, 1468547118, 27286840, 27286840, 27286840, 27286840, 26843454, 106814895, 26843454, 26880776, 26729656, 26729656, 26729656, 26729656, 26729656, 26729656, 26729656, 26729656, 26729656, 26820478, 26820478, 26820478, 26820478, 26820478, 26637795, 26637795, 26637795, 26637795, 26637795, 26637795, 352923150, 26843454, 26843454, 26843454, 26843454, 64200000, 115460175, 26706189, 26706189, 26706189, 26645180, 26645180, 26645180, 26645180, 26645180, 26645180, 26645180, 26645180, 26645180, 26645180, 26444528, 26444528, 26444528, 26444528, 26444528, 26444528, 26444528, 26444528, 26444528, 26444528, 26444528, 26454608, 26454608, 26454608, 26454608, 26454608, 26454608, 26454608, 26454608, 26454608, 26454608, 26454608, 26454608, 26454608, 26454608, 26454608, 26454608, 26454608, 855783019, 26428822, 247008563, 209321494, 26454608, 94772216, 26454608, 26454608, 26454608, 26454608, 26428822, 26428822, 26421342, 26421342, 25491349, 25491349, 283974361, 26428822, 26428822, 26928712, 26428822, 26428822, 26428822, 26428822, 26428822, 26428822, 26428822, 26428822, 26428822, 26428822, 26428822, 26428822, 26428822, 26428822, 26428822, 26428822, 26428822, 25782115, 25782115, 25782115, 25782115, 205253938, 25997827, 25997827, 25997827, 25997827, 25997827, 25997827, 25997827, 27786730, 27286840, 27286840, 26464944, 26464944, 26843454, 26843454, 26843454, 26843454, 26843454, 26843454, 26843454, 26843454, 26843454, 26843454, 26843454, 26843454, 26843454, 26843454, 26843454, 26843454, 26421342, 26421342, 26421342, 26921232, 26421342, 26421342, 26421342, 26421342, 26421342, 26421342, 26437374, 26437374, 26437374, 26437374, 26437374, 26437374, 26437374, 26437374, 26437374, 26437374, 26437374, 26437374, 26437374, 26437374, 26437374, 26437374, 26125428, 26125428, 26125428, 26125428]",0,0,0,SSD,0,283115520,0,283115520,283115520,283115520,1.0,hot,0,0,0,0,1.0,566231040
0,43,meta-llama/Llama-3.1-8B,469,470,3880823975,22798352399,18917528424,18782878948,18917528424,0,[],0,0,0,NPU,0,0,0,0,0,0,1.0,hot,0,0,0,0,1.0,0
0,16,meta-llama/Llama-3.1-8B,24,532,1658521879,23012916223,21354394344,273168010,323768619,41480524,"[30154385, 26822699, 29747880, 26844708, 93558915, 27059851, 27059851, 29019418, 190839741, 146937332, 63155925, 27764953, 27764953, 27764953, 27764953, 27764953, 27764953, 27764953, 27764953, 27764953, 27764953, 27684411, 27684411, 27684411, 27684411, 27684411, 27684411, 27684411, 27684411, 27685307, 27685307, 27685307, 27685307, 27685307, 27685307, 27685307, 27685307, 27685307, 27685307, 27685307, 27685307, 27685307, 27685307, 27685307, 27685307, 27685307, 27685307, 27685307, 27685307, 27685307, 27685307, 27685307, 27685307, 27685307, 27685307, 27685307, 27685307, 26520888, 326208931, 26520888, 26520888, 352424243, 26363542, 377280506, 26363542, 26363542, 26363542, 1524996988, 27199807, 26699917, 26699917, 26699917, 26699917, 687618204, 26859940, 26859940, 26859940, 26859940, 26859940, 26859940, 26859940, 26859940, 26859940, 26859940, 26859940, 26859940, 26859940, 26859940, 26859940, 204089572, 26830763, 26830763, 26830763, 26830763, 26830763, 26726923, 26726923, 26726923, 26726923, 1218970034, 26726923, 26726923, 26726923, 26726923, 26726923, 26726923, 26726923, 26726923, 26726923, 26726923, 26726923, 26726923, 26726923, 26726923, 26726923, 26726923, 26726923, 26726923, 26726923, 26726923, 26726923, 26615821, 26615821, 26615821, 26615821, 26615821, 26615821, 26615821, 26615821, 26615821, 26615821, 26553020, 26553020, 26645180, 26645180, 26645180, 26444528, 26444528, 26444528, 26444528, 26444528, 26444528, 26444528, 26444528, 26444528, 26444528, 26444528, 26444528, 26444528, 26444528, 26444528, 26444528, 26444528, 26444528, 26444528, 26444528, 26444528, 26444528, 26444528, 26444528, 26444528, 26444528, 26444528, 26444528, 26444528, 26444528, 26444528, 26444528, 26444528, 26444528, 26444528, 26444528, 26444528, 26444528, 26444528, 26444528, 26444528, 26428822, 26428822, 26428822, 26428822, 26428822, 26428822, 26428822, 26729656, 26729656, 26729656, 26729656, 26729656, 26729656, 26729656, 26729656, 26729656, 26729656, 26729656, 26729656, 26729656, 26729656, 26729656, 26729656, 26729656, 26729656, 26729656, 26729656, 26729656, 26729656, 26729656, 26729656, 26729656, 26729656, 26729656, 26729656, 26729656, 26729656, 26729656, 26729656, 26729656, 26729656, 26729656, 26729656, 26729656, 26729656, 26729656, 26729656, 26729656, 26729656, 26729656, 26729656, 26729656, 26729656, 26729656, 26843454, 26843454, 26843454, 26843454, 26843454, 26928712, 26428822, 26428822, 26428822, 26428822, 26428822, 26428822, 26428822, 26428822, 26428822, 26428822, 26428822, 26428822, 26428822, 26428822, 26428822, 26428822, 26428822, 26428822, 26428822, 26428822, 26428822, 26428822, 26928712, 26428822, 26428822, 26428822, 26428822, 26428822, 26428822, 26428822, 26428822, 26428822, 26428822, 26428822, 26428822, 26428822, 26428822, 26428822, 1468547118, 27286840, 27286840, 27286840, 27286840, 26843454, 26490517, 26490517, 26490517, 27343344, 26843454, 26880776, 26729656, 26729656, 26729656, 26729656, 26729656, 26729656, 26729656, 26729656, 26729656, 26820478, 26820478, 26820478, 26820478, 26820478, 26637795, 26637795, 26637795, 26637795, 26637795, 26637795, 352923150, 26843454, 26843454, 26843454, 26843454, 64200000, 115460175, 26706189, 26706189, 26706189, 26645180, 26645180, 26645180, 26645180, 26645180, 26645180, 26645180, 26645180, 26645180, 26645180, 26444528, 26444528, 26444528, 26444528, 26444528, 26444528, 26444528, 26444528, 26444528, 26444528, 26444528, 26454608, 26454608, 26454608, 26454608, 26454608, 26454608, 26454608, 26454608, 26454608, 26454608, 26454608, 26454608, 26454608, 26454608, 26454608, 26454608, 26454608, 25859550, 25954302, 25954302, 25954302, 154137207, 25954302, 25954302, 25954302, 25954302, 25954302, 25954302, 25954302, 25954302, 25954302, 25954302, 25954302, 25954302, 25954302, 25954302, 25954302, 25954302, 25954302, 25954302, 25954302, 25954302, 25954302, 25954302, 26928712, 26428822, 247008563, 209321494, 26454608, 94772216, 26454608, 26454608, 26454608, 26454608, 26428822, 26428822, 26421342, 26421342, 25491349, 25491349, 25536603, 25536603, 25536603, 25679419, 25679419, 25679419, 25679419, 25679419, 25679419, 53288038, 26428822, 26428822, 26928712, 26428822, 26428822, 26428822, 26428822, 26428822, 26428822, 26428822, 26428822, 26428822, 26428822, 26428822, 26428822, 26428822, 26428822, 26428822, 26428822, 26428822, 25782115, 25782115, 25782115, 25782115, 25536603, 25536603, 25536603, 25536603, 25536603, 25536603, 25536603, 26497717, 25997827, 25997827, 25997827, 25997827, 25997827, 25997827, 25997827, 27786730, 27286840, 27286840, 26464944, 26464944, 26843454, 26843454, 26843454, 26843454, 26843454, 26843454, 26843454, 26843454, 26843454, 26843454, 26843454, 26843454, 26843454, 26843454, 26843454, 26843454, 26421342, 26421342, 26421342, 26921232, 26421342, 26421342, 26421342, 26421342, 26421342, 26421342, 26437374, 26437374, 26437374, 26437374, 26437374, 26437374, 26437374, 26437374, 26437374, 26437374, 26437374, 26437374, 26437374, 26437374, 26437374, 26437374, 26125428, 26125428, 26125428, 26125428, 134649476, 26820478, 26820478, 26820478, 26820478, 26820478, 26820478, 26820478, 26820478]",0,0,0,NPU,0,0,0,0,0,0,1.0,hot,0,0,0,0,1.0,0
0,33,meta-llama/Llama-3.1-8B,51,232,2833725503,24675015603,21841290100,14180442108,14244642108,42203599,"[115460175, 26706189, 26706189, 26706189, 26645180, 26645180, 26645180, 26645180, 26645180, 26645180, 26645180, 26645180, 26645180, 26645180, 26444528, 26444528, 26444528, 26444528, 26444528, 26444528, 26444528, 26444528, 26444528, 26444528, 26444528, 26454608, 26454608, 26454608, 26454608, 26454608, 26454608, 26454608, 26454608, 26454608, 26454608, 26454608, 26454608, 26454608, 26454608, 26454608, 26454608, 26454608, 855783019, 26428822, 247008563, 209321494, 26454608, 94772216, 26454608, 26454608, 26454608, 26454608, 26428822, 26428822, 26421342, 26421342, 334957059, 26428822, 26428822, 26928712, 26428822, 26428822, 26428822, 26428822, 26428822, 26428822, 26428822, 26428822, 26428822, 26428822, 26428822, 26428822, 26428822, 26428822, 26428822, 26428822, 26428822, 25782115, 25782115, 25782115, 25782115, 205253938, 25997827, 25997827, 25997827, 25997827, 25997827, 25997827, 25997827, 27786730, 27286840, 27286840, 26464944, 26464944, 26843454, 26843454, 26843454, 26843454, 26843454, 26843454, 26843454, 26843454, 26843454, 26843454, 26843454, 26843454, 26843454, 26843454, 26843454, 26843454, 26421342, 26421342, 26421342, 26921232, 26421342, 26421342, 26421342, 26421342, 26421342, 26421342, 26437374, 26437374, 26437374, 26437374, 26437374, 26437374, 26437374, 26437374, 26437374, 26437374, 26437374, 26437374, 26437374, 26437374, 26437374, 26437374, 26125428, 26125428, 26125428, 26125428, 134649476, 26820478, 26820478, 26820478, 26820478, 26820478, 26820478, 26820478, 26820478, 214163247, 26645180, 26467984, 264994015, 26467984, 26467984, 26467984, 26467984, 26467984, 26467984, 26467984, 26467984, 26467984, 26467984, 26467984, 26467984, 26467984, 26467984, 26409918, 440563611, 26573059, 26573059, 26573059, 26573059, 26573059, 26573059, 26573059, 26573059, 26573059, 26573059, 26573059]",0,0,0,NPU,0,0,0,0,0,0,1.0,hot,0,0,0,0,1.0,0
0,22,meta-llama/Llama-3.1-8B,23,576,1968102757,25200516619,23232413862,14187741,44342126,42007376,"[26822699, 29747880, 26844708, 93558915, 27059851, 27059851, 29019418, 190839741, 146937332, 63155925, 27764953, 27764953, 27764953, 27764953, 27764953, 27764953, 27764953, 27764953, 27764953, 27764953, 27684411, 27684411, 27684411, 27684411, 27684411, 27684411, 27684411, 27684411, 27685307, 27685307, 27685307, 27685307, 27685307, 27685307, 27685307, 27685307, 27685307, 27685307, 27685307, 27685307, 27685307, 27685307, 27685307, 27685307, 27685307, 27685307, 27685307, 27685307, 27685307, 27685307, 27685307, 27685307, 27685307, 27685307, 27685307, 27685307, 2793127307, 26699917, 26699917, 26699917, 26699917, 687618204, 26859940, 26859940, 26859940, 26859940, 26859940, 26859940, 26859940, 26859940, 26859940, 26859940, 26859940, 26859940, 26859940, 26859940, 26859940, 204089572, 26830763, 26830763, 26830763, 26830763, 26830763, 26726923, 26726923, 26726923, 26726923, 1218970034, 26726923, 26726923, 26726923, 26726923, 26726923, 26726923, 26726923, 26726923, 26726923, 26726923, 26726923, 26726923, 26726923, 26726923, 26726923, 26726923, 26726923, 26726923, 26726923, 26726923, 26726923, 26615821, 26615821, 26615821, 26615821, 26615821, 26615821, 26615821, 26615821, 26615821, 26615821, 26553020, 26553020, 26645180, 26645180, 26645180, 26444528, 26444528, 26444528, 26444528, 26444528, 26444528, 26444528, 26444528, 26444528, 26444528, 26444528, 26444528, 26444528, 26444528, 26444528, 26444528, 26444528, 26444528, 26444528, 26444528, 26444528, 26444528, 26444528, 26444528, 26444528, 26444528, 26444528, 26444528, 26444528, 26444528, 26444528, 26444528, 26444528, 26444528, 26444528, 26444528, 26444528, 26444528, 26444528, 26444528, 26444528, 26428822, 26428822, 26428822, 26428822, 26428822, 26428822, 26428822, 26729656, 26729656, 26729656, 26729656, 26729656, 26729656, 26729656, 26729656, 26729656, 26729656, 26729656, 26729656, 26729656, 26729656, 26729656, 26729656, 26729656, 26729656, 26729656, 26729656, 26729656, 26729656, 26729656, 26729656, 26729656, 26729656, 26729656, 26729656, 26729656, 26729656, 26729656, 26729656, 26729656, 26729656, 26729656, 26729656, 26729656, 26729656, 26729656, 26729656, 26729656, 26729656, 26729656, 26729656, 26729656, 26729656, 26729656, 26843454, 26843454, 26843454, 26843454, 26843454, 26928712, 26428822, 26428822, 26428822, 26428822, 26428822, 26428822, 26428822, 26428822, 26428822, 26428822, 26428822, 26428822, 26428822, 26428822, 26428822, 26428822, 26428822, 26428822, 26428822, 26428822, 26428822, 26428822, 26928712, 26428822, 26428822, 26428822, 26428822, 26428822, 26428822, 26428822, 26428822, 26428822, 26428822, 26428822, 26428822, 26428822, 26428822, 26428822, 1468547118, 27286840, 27286840, 27286840, 27286840, 26843454, 106814895, 26843454, 26880776, 26729656, 26729656, 26729656, 26729656, 26729656, 26729656, 26729656, 26729656, 26729656, 26820478, 26820478, 26820478, 26820478, 26820478, 26637795, 26637795, 26637795, 26637795, 26637795, 26637795, 352923150, 26843454, 26843454, 26843454, 26843454, 64200000, 115460175, 26706189, 26706189, 26706189, 26645180, 26645180, 26645180, 26645180, 26645180, 26645180, 26645180, 26645180, 26645180, 26645180, 26444528, 26444528, 26444528, 26444528, 26444528, 26444528, 26444528, 26444528, 26444528, 26444528, 26444528, 26454608, 26454608, 26454608, 26454608, 26454608, 26454608, 26454608, 26454608, 26454608, 26454608, 26454608, 26454608, 26454608, 26454608, 26454608, 26454608, 26454608, 25859550, 25954302, 25954302, 25954302, 154137207, 25954302, 25954302, 25954302, 25954302, 25954302, 25954302, 25954302, 25954302, 25954302, 25954302, 25954302, 25954302, 25954302, 25954302, 25954302, 25954302, 25954302, 25954302, 25954302, 25954302, 25954302, 25954302, 26928712, 26428822, 247008563, 209321494, 26454608, 94772216, 26454608, 26454608, 26454608, 26454608, 26428822, 26428822, 26421342, 26421342, 25491349, 25491349, 283974361, 26428822, 26428822, 26928712, 26428822, 26428822, 26428822, 26428822, 26428822, 26428822, 26428822, 26428822, 26428822, 26428822, 26428822, 26428822, 26428822, 26428822, 26428822, 26428822, 26428822, 25782115, 25782115, 25782115, 25782115, 205253938, 25997827, 25997827, 25997827, 25997827, 25997827, 25997827, 25997827, 27786730, 27286840, 27286840, 26464944, 26464944, 26843454, 26843454, 26843454, 26843454, 26843454, 26843454, 26843454, 26843454, 26843454, 26843454, 26843454, 26843454, 26843454, 26843454, 26843454, 26843454, 26421342, 26421342, 26421342, 26921232, 26421342, 26421342, 26421342, 26421342, 26421342, 26421342, 26437374, 26437374, 26437374, 26437374, 26437374, 26437374, 26437374, 26437374, 26437374, 26437374, 26437374, 26437374, 26437374, 26437374, 26437374, 26437374, 26125428, 26125428, 26125428, 26125428, 134649476, 26820478, 26820478, 26820478, 26820478, 26820478, 26820478, 26820478, 26820478, 214163247, 26645180, 26467984, 26447349, 26447349, 26447349, 26447349, 26447349, 26447349, 26447349, 26447349, 26447349, 26967874, 26467984, 26467984, 26467984, 26467984, 26467984, 26467984, 26467984, 26467984, 26467984, 26467984, 26467984, 26467984, 26467984, 26467984, 26409918, 26532657, 25763867, 25763867, 25763867, 25763867, 25763867, 25763867, 25763867, 25763867, 25763867, 25763867, 25763867, 25763867, 25763867, 25763867, 25763867, 27572949, 26573059, 26573059, 26573059, 26573059, 26573059, 26573059, 26573059, 26573059, 26573059, 26573059, 26573059, 26246582, 26246582, 26246582, 26246582, 26246582, 26246582, 26246582, 26246582, 26246582, 26246582, 26246582, 26309846, 26309846, 26309846, 26309846, 26309846, 26309846, 26309846, 26309846, 26309846]",0,0,0,SSD,0,10485760,0,10485760,10485760,10485760,1.0,hot,0,0,0,0,1.0,20971520
0,30,meta-llama/Llama-3.1-8B,254,569,2510934206,26269187627,23758253421,99401072,162556997,75145530,"[27764953, 27764953, 27764953, 27764953, 27764953, 27764953, 27764953, 27764953, 27764953, 27764953, 27684411, 27684411, 27684411, 27684411, 27684411, 27684411, 27684411, 27684411, 27685307, 27685307, 27685307, 27685307, 27685307, 27685307, 27685307, 27685307, 27685307, 27685307, 27685307, 27685307, 27685307, 27685307, 27685307, 27685307, 27685307, 27685307, 27685307, 27685307, 27685307, 27685307, 27685307, 27685307, 27685307, 27685307, 27685307, 27685307, 12071569964, 26729656, 26729656, 26729656, 26729656, 26729656, 26729656, 26729656, 26729656, 26729656, 26820478, 26820478, 26820478, 26820478, 26820478, 26637795, 26637795, 26637795, 26637795, 26637795, 26637795, 352923150, 26843454, 26843454, 26843454, 26843454, 64200000, 115460175, 26706189, 26706189, 26706189, 26645180, 26645180, 26645180, 26645180, 26645180, 26645180, 26645180, 26645180, 26645180, 26645180, 26444528, 26444528, 26444528, 26444528, 26444528, 26444528, 26444528, 26444528, 26444528, 26444528, 26444528, 26454608, 26454608, 26454608, 26454608, 26454608, 26454608, 26454608, 26454608, 26454608, 26454608, 26454608, 26454608, 26454608, 26454608, 26454608, 26454608, 26454608, 855783019, 26428822, 247008563, 209321494, 26454608, 94772216, 26454608, 26454608, 26454608, 26454608, 26428822, 26428822, 26421342, 26421342, 334957059, 26428822, 26428822, 26928712, 26428822, 26428822, 26428822, 26428822, 26428822, 26428822, 26428822, 26428822, 26428822, 26428822, 26428822, 26428822, 26428822, 26428822, 26428822, 26428822, 26428822, 25782115, 25782115, 25782115, 25782115, 205253938, 25997827, 25997827, 25997827, 25997827, 25997827, 25997827, 25997827, 27786730, 27286840, 27286840, 26464944, 26464944, 26843454, 26843454, 26843454, 26843454, 26843454, 26843454, 26843454, 26843454, 26843454, 26843454, 26843454, 26843454, 26843454, 26843454, 26843454, 26843454, 26421342, 26421342, 26421342, 26921232, 26421342, 26421342, 26421342, 26421342, 26421342, 26421342, 26437374, 26437374, 26437374, 26437374, 26437374, 26437374, 26437374, 26437374, 26437374, 26437374, 26437374, 26437374, 26437374, 26437374, 26437374, 26437374, 26125428, 26125428, 26125428, 26125428, 134649476, 26820478, 26820478, 26820478, 26820478, 26820478, 26820478, 26820478, 26820478, 214163247, 26645180, 26467984, 264994015, 26467984, 26467984, 26467984, 26467984, 26467984, 26467984, 26467984, 26467984, 26467984, 26467984, 26467984, 26467984, 26467984, 26467984, 26409918, 26532657, 414030954, 26573059, 26573059, 26573059, 26573059, 26573059, 26573059, 26573059, 26573059, 26573059, 26573059, 26573059, 26246582, 26246582, 26246582, 26246582, 26246582, 26246582, 26246582, 26246582, 26246582, 26246582, 26246582, 26309846, 26309846, 26309846, 26309846, 26309846, 26309846, 26309846, 26309846, 26309846, 29063307, 26454608, 26454608, 26454608, 25954302, 25954302, 25954302, 25954302, 25954302, 25954302, 25954302, 25954302, 25954302, 25954302, 25954302, 52972267, 25954302, 25954302, 25954302, 25954302, 25897854, 25897854, 25897854, 25897854, 25897854, 25897854, 25897854, 25897854, 25897854, 25897854, 25897854, 25897854, 25897854, 25897854, 25897854, 25897854, 25897854, 25897854, 25897854, 25897854]",0,0,0,SSD,0,39845888,0,39845888,39845888,39845888,1.0,hot,0,0,0,0,1.0,79691776
0,44,meta-llama/Llama-3.1-8B,165,216,3910769752,26375402805,22464633053,18752933171,18887582647,71541008,"[26820478, 26820478, 26820478, 26820478, 26820478, 26820478, 26820478, 26820478, 214163247, 26645180, 1128987304, 26573059, 26573059, 26573059, 26573059, 26573059, 26573059, 26573059, 26573059, 26573059, 26573059, 26573059, 26246582, 26246582, 26246582, 26246582, 26246582, 26246582, 26246582, 26246582, 26246582, 26246582, 26246582, 26309846, 26309846, 26309846, 26309846, 26309846, 26309846, 26309846, 26309846, 26309846, 29063307, 26454608, 26454608, 26454608, 987172589, 26428822, 26428822, 26428822]",0,0,0,SSD,0,23068672,0,23068672,23068672,23068672,1.0,hot,0,0,0,0,1.0,46137344
0,21,meta-llama/Llama-3.1-8B,16,631,1933551206,26642699365,24709148159,48739292,78893677,40114420,"[26822699, 29747880, 26844708, 93558915, 27059851, 27059851, 29019418, 190839741, 146937332, 63155925, 27764953, 27764953, 27764953, 27764953, 27764953, 27764953, 27764953, 27764953, 27764953, 27764953, 27684411, 27684411, 27684411, 27684411, 27684411, 27684411, 27684411, 27684411, 27685307, 27685307, 27685307, 27685307, 27685307, 27685307, 27685307, 27685307, 27685307, 27685307, 27685307, 27685307, 27685307, 27685307, 27685307, 27685307, 27685307, 27685307, 27685307, 27685307, 27685307, 27685307, 27685307, 27685307, 27685307, 27685307, 27685307, 27685307, 2793127307, 26699917, 26699917, 26699917, 26699917, 687618204, 26859940, 26859940, 26859940, 26859940, 26859940, 26859940, 26859940, 26859940, 26859940, 26859940, 26859940, 26859940, 26859940, 26859940, 26859940, 204089572, 26830763, 26830763, 26830763, 26830763, 26830763, 26726923, 26726923, 26726923, 26726923, 1218970034, 26726923, 26726923, 26726923, 26726923, 26726923, 26726923, 26726923, 26726923, 26726923, 26726923, 26726923, 26726923, 26726923, 26726923, 26726923, 26726923, 26726923, 26726923, 26726923, 26726923, 26726923, 26615821, 26615821, 26615821, 26615821, 26615821, 26615821, 26615821, 26615821, 26615821, 26615821, 26553020, 26553020, 26645180, 26645180, 26645180, 26444528, 26444528, 26444528, 26444528, 26444528, 26444528, 26444528, 26444528, 26444528, 26444528, 26444528, 26444528, 26444528, 26444528, 26444528, 26444528, 26444528, 26444528, 26444528, 26444528, 26444528, 26444528, 26444528, 26444528, 26444528, 26444528, 26444528, 26444528, 26444528, 26444528, 26444528, 26444528, 26444528, 26444528, 26444528, 26444528, 26444528, 26444528, 26444528, 26444528, 26444528, 26428822, 26428822, 26428822, 26428822, 26428822, 26428822, 26428822, 26729656, 26729656, 26729656, 26729656, 26729656, 26729656, 26729656, 26729656, 26729656, 26729656, 26729656, 26729656, 26729656, 26729656, 26729656, 26729656, 26729656, 26729656, 26729656, 26729656, 26729656, 26729656, 26729656, 26729656, 26729656, 26729656, 26729656, 26729656, 26729656, 26729656, 26729656, 26729656, 26729656, 26729656, 26729656, 26729656, 26729656, 26729656, 26729656, 26729656, 26729656, 26729656, 26729656, 26729656, 26729656, 26729656, 26729656, 26843454, 26843454, 26843454, 26843454, 26843454, 26928712, 26428822, 26428822, 26428822, 26428822, 26428822, 26428822, 26428822, 26428822, 26428822, 26428822, 26428822, 26428822, 26428822, 26428822, 26428822, 26428822, 26428822, 26428822, 26428822, 26428822, 26428822, 26428822, 26928712, 26428822, 26428822, 26428822, 26428822, 26428822, 26428822, 26428822, 26428822, 26428822, 26428822, 26428822, 26428822, 26428822, 26428822, 26428822, 1468547118, 27286840, 27286840, 27286840, 27286840, 26843454, 106814895, 26843454, 26880776, 26729656, 26729656, 26729656, 26729656, 26729656, 26729656, 26729656, 26729656, 26729656, 26820478, 26820478, 26820478, 26820478, 26820478, 26637795, 26637795, 26637795, 26637795, 26637795, 26637795, 352923150, 26843454, 26843454, 26843454, 26843454, 64200000, 115460175, 26706189, 26706189, 26706189, 26645180, 26645180, 26645180, 26645180, 26645180, 26645180, 26645180, 26645180, 26645180, 26645180, 26444528, 26444528, 26444528, 26444528, 26444528, 26444528, 26444528, 26444528, 26444528, 26444528, 26444528, 26454608, 26454608, 26454608, 26454608, 26454608, 26454608, 26454608, 26454608, 26454608, 26454608, 26454608, 26454608, 26454608, 26454608, 26454608, 26454608, 26454608, 25859550, 25954302, 25954302, 25954302, 154137207, 25954302, 25954302, 25954302, 25954302, 25954302, 25954302, 25954302, 25954302, 25954302, 25954302, 25954302, 25954302, 25954302, 25954302, 25954302, 25954302, 25954302, 25954302, 25954302, 25954302, 25954302, 25954302, 26928712, 26428822, 247008563, 209321494, 26454608, 94772216, 26454608, 26454608, 26454608, 26454608, 26428822, 26428822, 26421342, 26421342, 25491349, 25491349, 283974361, 26428822, 26428822, 26928712, 26428822, 26428822, 26428822, 26428822, 26428822, 26428822, 26428822, 26428822, 26428822, 26428822, 26428822, 26428822, 26428822, 26428822, 26428822, 26428822, 26428822, 25782115, 25782115, 25782115, 25782115, 25536603, 25536603, 25536603, 25536603, 25536603, 25536603, 25536603, 26497717, 25997827, 25997827, 25997827, 25997827, 25997827, 25997827, 25997827, 27786730, 27286840, 27286840, 26464944, 26464944, 26843454, 26843454, 26843454, 26843454, 26843454, 26843454, 26843454, 26843454, 26843454, 26843454, 26843454, 26843454, 26843454, 26843454, 26843454, 26843454, 26421342, 26421342, 26421342, 26921232, 26421342, 26421342, 26421342, 26421342, 26421342, 26421342, 26437374, 26437374, 26437374, 26437374, 26437374, 26437374, 26437374, 26437374, 26437374, 26437374, 26437374, 26437374, 26437374, 26437374, 26437374, 26437374, 26125428, 26125428, 26125428, 26125428, 134649476, 26820478, 26820478, 26820478, 26820478, 26820478, 26820478, 26820478, 26820478, 214163247, 26645180, 26467984, 26447349, 26447349, 26447349, 26447349, 26447349, 26447349, 26447349, 26447349, 26447349, 26967874, 26467984, 26467984, 26467984, 26467984, 26467984, 26467984, 26467984, 26467984, 26467984, 26467984, 26467984, 26467984, 26467984, 26467984, 26409918, 26532657, 25763867, 25763867, 25763867, 25763867, 25763867, 25763867, 25763867, 25763867, 25763867, 25763867, 25763867, 25763867, 25763867, 25763867, 25763867, 27572949, 26573059, 26573059, 26573059, 26573059, 26573059, 26573059, 26573059, 26573059, 26573059, 26573059, 26573059, 26246582, 26246582, 26246582, 26246582, 26246582, 26246582, 26246582, 26246582, 26246582, 26246582, 26246582, 26309846, 26309846, 26309846, 26309846, 26309846, 26309846, 26309846, 26309846, 26309846, 29063307, 26454608, 26454608, 26454608, 25954302, 25954302, 25954302, 25954302, 25954302, 25954302, 25954302, 25954302, 25954302, 25954302, 25954302, 26518075, 26454192, 25954302, 25954302, 25954302, 25954302, 25897854, 25897854, 25897854, 25897854, 25897854, 25897854, 25897854, 25897854, 25897854, 25897854, 25897854, 25897854, 25897854, 25897854, 25897854, 25897854, 25897854, 25897854, 25897854, 25897854, 26928712, 26428822, 26428822, 26428822, 26729656, 26729656, 26729656, 26729656, 26729656, 26729656, 26729656, 26729656, 26729656, 26729656]",0,0,0,SSD,0,10485760,0,10485760,10485760,10485760,1.0,hot,0,0,0,0,1.0,20971520
0,51,meta-llama/Llama-3.1-8B,16,62,4728227566,27393856557,22665628991,20472289053,20501352360,48095036,"[26454608, 26454608, 26454608, 987172589, 26428822, 26428822, 26428822, 26729656, 26729656, 26729656, 26729656, 26729656, 26729656, 26729656, 26729656, 26729656, 26729656, 26820478, 26820478, 26820478, 26820478, 26820478, 26820478, 26820478, 26820478, 26820478, 26820478, 26820478, 26820478, 26820478, 26820478, 26820478, 26820478, 26820478, 26820478, 26820478, 26820478, 26843454, 26843454, 26843454, 26843454, 26843454, 26843454, 26843454, 26843454]",0,0,0,NPU,0,0,0,0,0,0,1.0,hot,0,0,0,0,1.0,0
0,37,meta-llama/Llama-3.1-8B,41,328,3382628210,27579867970,24197239760,13695739401,13811199576,36314825,"[26706189, 26706189, 26706189, 26645180, 26645180, 26645180, 26645180, 26645180, 26645180, 26645180, 26645180, 26645180, 26645180, 26444528, 26444528, 26444528, 26444528, 26444528, 26444528, 26444528, 26444528, 26444528, 26444528, 26444528, 26454608, 26454608, 26454608, 26454608, 26454608, 26454608, 26454608, 26454608, 26454608, 26454608, 26454608, 26454608, 26454608, 26454608, 26454608, 26454608, 26454608, 855783019, 26428822, 247008563, 209321494, 26454608, 94772216, 26454608, 26454608, 26454608, 26454608, 26428822, 26428822, 387799743, 26428822, 26428822, 26928712, 26428822, 26428822, 26428822, 26428822, 26428822, 26428822, 26428822, 26428822, 26428822, 26428822, 26428822, 26428822, 26428822, 26428822, 26428822, 26428822, 26428822, 25782115, 25782115, 25782115, 25782115, 205253938, 25997827, 25997827, 25997827, 25997827, 25997827, 25997827, 25997827, 27786730, 27286840, 27286840, 26464944, 26464944, 26843454, 26843454, 26843454, 26843454, 26843454, 26843454, 26843454, 26843454, 26843454, 26843454, 26843454, 26843454, 26843454, 26843454, 26843454, 26843454, 26421342, 26421342, 26421342, 26921232, 26421342, 26421342, 26421342, 26421342, 26421342, 26421342, 26437374, 26437374, 26437374, 26437374, 26437374, 26437374, 26437374, 26437374, 26437374, 26437374, 26437374, 26437374, 26437374, 26437374, 26437374, 26437374, 26125428, 26125428, 26125428, 26125428, 134649476, 26820478, 26820478, 26820478, 26820478, 26820478, 26820478, 26820478, 26820478, 214163247, 26645180, 26467984, 264994015, 26467984, 26467984, 26467984, 26467984, 26467984, 26467984, 26467984, 26467984, 26467984, 26467984, 26467984, 26467984, 26467984, 26467984, 26409918, 440563611, 26573059, 26573059, 26573059, 26573059, 26573059, 26573059, 26573059, 26573059, 26573059, 26573059, 26573059, 26246582, 26246582, 26246582, 26246582, 26246582, 26246582, 26246582, 26246582, 26246582, 26246582, 26246582, 26309846, 26309846, 26309846, 26309846, 26309846, 26309846, 26309846, 26309846, 26309846, 29063307, 26454608, 26454608, 26454608, 25954302, 25954302, 25954302, 25954302, 25954302, 25954302, 25954302, 25954302, 25954302, 25954302, 25954302, 52972267, 25954302, 25954302, 25954302, 25954302, 25897854, 25897854, 25897854, 25897854, 25897854, 25897854, 25897854, 25897854, 25897854, 25897854, 25897854, 25897854, 25897854, 25897854, 25897854, 25897854, 25897854, 25897854, 25897854, 25897854, 26928712, 26428822, 26428822, 26428822, 26729656, 26729656, 26729656, 26729656, 26729656, 26729656, 26729656, 26729656, 26729656, 26729656, 26820478, 26820478, 26820478, 26820478, 26820478, 26820478, 26820478, 26820478, 26820478, 26820478, 26820478, 26820478, 26820478, 26820478, 26820478, 26820478, 26820478, 26820478, 26820478, 26820478, 26843454, 26843454, 26843454, 26843454, 26843454, 26843454, 26843454, 26843454, 26573059, 26573059, 26573059, 26573059, 26573059, 26573059, 26573059]",0,0,0,NPU,0,0,0,0,0,0,1.0,hot,0,0,0,0,1.0,0
0,47,meta-llama/Llama-3.1-8B,8,99,4130161078,28527022426,24396861348,18882755145,19096918392,58888255,"[26645180, 1975855276, 26454608, 26454608, 26454608, 987172589, 26428822, 26428822, 26428822, 26729656, 26729656, 26729656, 26729656, 26729656, 26729656, 26729656, 26729656, 26729656, 26729656, 26820478, 26820478, 26820478, 26820478, 26820478, 26820478, 26820478, 26820478, 26820478, 26820478, 26820478, 26820478, 26820478, 26820478, 26820478, 26820478, 26820478, 26820478, 26820478, 26820478, 26843454, 26843454, 26843454, 26843454, 26843454, 26843454, 26843454, 26843454, 26573059, 26573059, 26573059, 26573059, 26573059, 26573059, 26573059, 26309846, 26309846, 26309846, 26309846, 26309846, 26309846, 26309846, 26309846, 26309846, 26309846, 26309846, 26309846, 26309846, 26309846, 26309846, 26309846, 26309846, 26309846, 26309846, 26309846, 26309846, 26309846, 26309846, 26309846, 26309846, 26309846, 26309846, 26309846, 26309846, 26309846, 26309846, 26309846, 26309846, 26309846, 26309846, 26309846]",0,0,0,NPU,0,0,0,0,0,0,1.0,hot,0,0,0,0,1.0,0
0,38,meta-llama/Llama-3.1-8B,390,661,3497903286,28950320218,25452416932,13580464325,13695924500,43542564,"[26706189, 26706189, 26706189, 26645180, 26645180, 26645180, 26645180, 26645180, 26645180, 26645180, 26645180, 26645180, 26645180, 26444528, 26444528, 26444528, 26444528, 26444528, 26444528, 26444528, 26444528, 26444528, 26444528, 26444528, 26454608, 26454608, 26454608, 26454608, 26454608, 26454608, 26454608, 26454608, 26454608, 26454608, 26454608, 26454608, 26454608, 26454608, 26454608, 26454608, 26454608, 855783019, 26428822, 247008563, 209321494, 26454608, 94772216, 26454608, 26454608, 26454608, 26454608, 26428822, 26428822, 387799743, 26428822, 26428822, 26928712, 26428822, 26428822, 26428822, 26428822, 26428822, 26428822, 26428822, 26428822, 26428822, 26428822, 26428822, 26428822, 26428822, 26428822, 26428822, 26428822, 26428822, 25782115, 25782115, 25782115, 25782115, 205253938, 25997827, 25997827, 25997827, 25997827, 25997827, 25997827, 25997827, 27786730, 27286840, 27286840, 79773342, 26843454, 26843454, 26843454, 26843454, 26843454, 26843454, 26843454, 26843454, 26843454, 26843454, 26843454, 26843454, 26843454, 26843454, 26843454, 926862482, 26820478, 26820478, 26820478, 26820478, 26820478, 26820478, 26820478, 26820478, 214163247, 26645180, 26467984, 264994015, 26467984, 26467984, 26467984, 26467984, 26467984, 26467984, 26467984, 26467984, 26467984, 26467984, 26467984, 26467984, 26467984, 26467984, 26409918, 440563611, 26573059, 26573059, 26573059, 26573059, 26573059, 26573059, 26573059, 26573059, 26573059, 26573059, 26573059, 26246582, 26246582, 26246582, 26246582, 26246582, 26246582, 26246582, 26246582, 26246582, 26246582, 26246582, 26309846, 26309846, 26309846, 26309846, 26309846, 26309846, 26309846, 26309846, 26309846, 29063307, 26454608, 26454608, 26454608, 987172589, 26428822, 26428822, 26428822, 26729656, 26729656, 26729656, 26729656, 26729656, 26729656, 26729656, 26729656, 26729656, 26729656, 26820478, 26820478, 26820478, 26820478, 26820478, 26820478, 26820478, 26820478, 26820478, 26820478, 26820478, 26820478, 26820478, 26820478, 26820478, 26820478, 26820478, 26820478, 26820478, 26820478, 26843454, 26843454, 26843454, 26843454, 26843454, 26843454, 26843454, 26843454, 26573059, 26573059, 26573059, 26573059, 26573059, 26573059, 26573059, 26309846, 26309846, 26309846, 26309846, 26309846, 26309846, 26309846, 26309846, 26309846, 26309846, 26309846, 26309846, 26309846, 26309846, 26309846, 26309846, 26309846, 26309846, 26309846, 26309846, 26309846, 26309846, 26309846, 26309846, 26309846, 26309846, 26309846, 26309846, 26309846, 26309846, 26309846, 26309846, 26309846, 26309846, 26309846, 26309846, 26456112, 26456112, 26456112, 26456112, 26456112, 26456112, 26456112, 26456112, 26456112, 26456112, 26456112, 26456112, 26456112, 26456112, 26456112, 26456112]",0,0,0,SSD,0,138412032,0,138412032,138412032,138412032,1.0,hot,0,0,0,0,1.0,276824064
0,32,meta-llama/Llama-3.1-8B,18,376,2536356724,29242038084,26705681360,14017513921,14370437071,34552505,"[26843454, 26843454, 26843454, 26843454, 64200000, 115460175, 26706189, 26706189, 26706189, 26645180, 26645180, 26645180, 26645180, 26645180, 26645180, 26645180, 26645180, 26645180, 26645180, 26444528, 26444528, 26444528, 26444528, 26444528, 26444528, 26444528, 26444528, 26444528, 26444528, 26444528, 26454608, 26454608, 26454608, 26454608, 26454608, 26454608, 26454608, 26454608, 26454608, 26454608, 26454608, 26454608, 26454608, 26454608, 26454608, 26454608, 26454608, 855783019, 26428822, 247008563, 209321494, 26454608, 94772216, 26454608, 26454608, 26454608, 26454608, 26428822, 26428822, 26421342, 26421342, 334957059, 26428822, 26428822, 26928712, 26428822, 26428822, 26428822, 26428822, 26428822, 26428822, 26428822, 26428822, 26428822, 26428822, 26428822, 26428822, 26428822, 26428822, 26428822, 26428822, 26428822, 25782115, 25782115, 25782115, 25782115, 205253938, 25997827, 25997827, 25997827, 25997827, 25997827, 25997827, 25997827, 27786730, 27286840, 27286840, 26464944, 26464944, 26843454, 26843454, 26843454, 26843454, 26843454, 26843454, 26843454, 26843454, 26843454, 26843454, 26843454, 26843454, 26843454, 26843454, 26843454, 26843454, 26421342, 26421342, 26421342, 26921232, 26421342, 26421342, 26421342, 26421342, 26421342, 26421342, 26437374, 26437374, 26437374, 26437374, 26437374, 26437374, 26437374, 26437374, 26437374, 26437374, 26437374, 26437374, 26437374, 26437374, 26437374, 26437374, 26125428, 26125428, 26125428, 26125428, 134649476, 26820478, 26820478, 26820478, 26820478, 26820478, 26820478, 26820478, 26820478, 214163247, 26645180, 26467984, 264994015, 26467984, 26467984, 26467984, 26467984, 26467984, 26467984, 26467984, 26467984, 26467984, 26467984, 26467984, 26467984, 26467984, 26467984, 26409918, 440563611, 26573059, 26573059, 26573059, 26573059, 26573059, 26573059, 26573059, 26573059, 26573059, 26573059, 26573059, 26246582, 26246582, 26246582, 26246582, 26246582, 26246582, 26246582, 26246582, 26246582, 26246582, 26246582, 26309846, 26309846, 26309846, 26309846, 26309846, 26309846, 26309846, 26309846, 26309846, 29063307, 26454608, 26454608, 26454608, 25954302, 25954302, 25954302, 25954302, 25954302, 25954302, 25954302, 25954302, 25954302, 25954302, 25954302, 52972267, 25954302, 25954302, 25954302, 25954302, 25897854, 25897854, 25897854, 25897854, 25897854, 25897854, 25897854, 25897854, 25897854, 25897854, 25897854, 25897854, 25897854, 25897854, 25897854, 25897854, 25897854, 25897854, 25897854, 25897854, 26928712, 26428822, 26428822, 26428822, 26729656, 26729656, 26729656, 26729656, 26729656, 26729656, 26729656, 26729656, 26729656, 26729656, 26820478, 26820478, 26820478, 26820478, 26820478, 26820478, 26820478, 26820478, 26820478, 26820478, 26820478, 26820478, 26820478, 26820478, 26820478, 26820478, 26820478, 26820478, 26820478, 26820478, 26843454, 26843454, 26843454, 26843454, 26843454, 26843454, 26843454, 26843454, 26573059, 26573059, 26573059, 26573059, 26573059, 26573059, 26573059, 26309846, 26309846, 26309846, 26309846, 26309846, 26309846, 26309846, 26309846, 26309846, 26309846, 26309846, 26309846, 26309846, 26309846, 26309846, 26309846, 26309846, 26309846, 26309846, 26309846, 26309846, 26309846, 26309846, 26309846, 26309846, 26309846, 26309846, 26309846, 26309846, 26309846, 26309846, 26309846, 26309846, 26309846, 26309846, 26309846, 26456112, 26456112, 26456112, 26456112, 26456112, 26456112, 26456112, 26456112, 26456112, 26456112, 26456112, 26456112, 26456112, 26456112, 26456112, 26456112, 26519806, 26519806, 26519806, 26519806, 26519806, 26519806, 26519806, 26519806, 26519806, 26519806, 26519806]",0,0,0,NPU,0,0,0,0,0,0,1.0,hot,0,0,0,0,1.0,0
0,29,meta-llama/Llama-3.1-8B,691,1144,2417400904,29642890704,27225489800,45997042,192934374,59806538,"[63155925, 27764953, 27764953, 27764953, 27764953, 27764953, 27764953, 27764953, 27764953, 27764953, 27764953, 27684411, 27684411, 27684411, 27684411, 27684411, 27684411, 27684411, 27684411, 27685307, 27685307, 27685307, 27685307, 27685307, 27685307, 27685307, 27685307, 27685307, 27685307, 27685307, 27685307, 27685307, 27685307, 27685307, 27685307, 27685307, 27685307, 27685307, 27685307, 27685307, 27685307, 27685307, 27685307, 27685307, 27685307, 27685307, 27685307, 12071569964, 26729656, 26729656, 26729656, 26729656, 26729656, 26729656, 26729656, 26729656, 26729656, 26820478, 26820478, 26820478, 26820478, 26820478, 26637795, 26637795, 26637795, 26637795, 26637795, 26637795, 352923150, 26843454, 26843454, 26843454, 26843454, 64200000, 115460175, 26706189, 26706189, 26706189, 26645180, 26645180, 26645180, 26645180, 26645180, 26645180, 26645180, 26645180, 26645180, 26645180, 26444528, 26444528, 26444528, 26444528, 26444528, 26444528, 26444528, 26444528, 26444528, 26444528, 26444528, 26454608, 26454608, 26454608, 26454608, 26454608, 26454608, 26454608, 26454608, 26454608, 26454608, 26454608, 26454608, 26454608, 26454608, 26454608, 26454608, 26454608, 855783019, 26428822, 247008563, 209321494, 26454608, 94772216, 26454608, 26454608, 26454608, 26454608, 26428822, 26428822, 26421342, 26421342, 334957059, 26428822, 26428822, 26928712, 26428822, 26428822, 26428822, 26428822, 26428822, 26428822, 26428822, 26428822, 26428822, 26428822, 26428822, 26428822, 26428822, 26428822, 26428822, 26428822, 26428822, 25782115, 25782115, 25782115, 25782115, 205253938, 25997827, 25997827, 25997827, 25997827, 25997827, 25997827, 25997827, 27786730, 27286840, 27286840, 26464944, 26464944, 26843454, 26843454, 26843454, 26843454, 26843454, 26843454, 26843454, 26843454, 26843454, 26843454, 26843454, 26843454, 26843454, 26843454, 26843454, 26843454, 26421342, 26421342, 26421342, 26921232, 26421342, 26421342, 26421342, 26421342, 26421342, 26421342, 26437374, 26437374, 26437374, 26437374, 26437374, 26437374, 26437374, 26437374, 26437374, 26437374, 26437374, 26437374, 26437374, 26437374, 26437374, 26437374, 26125428, 26125428, 26125428, 26125428, 134649476, 26820478, 26820478, 26820478, 26820478, 26820478, 26820478, 26820478, 26820478, 214163247, 26645180, 26467984, 26447349, 26447349, 26447349, 26447349, 26447349, 26447349, 26447349, 26447349, 26447349, 26967874, 26467984, 26467984, 26467984, 26467984, 26467984, 26467984, 26467984, 26467984, 26467984, 26467984, 26467984, 26467984, 26467984, 26467984, 26409918, 26532657, 414030954, 26573059, 26573059, 26573059, 26573059, 26573059, 26573059, 26573059, 26573059, 26573059, 26573059, 26573059, 26246582, 26246582, 26246582, 26246582, 26246582, 26246582, 26246582, 26246582, 26246582, 26246582, 26246582, 26309846, 26309846, 26309846, 26309846, 26309846, 26309846, 26309846, 26309846, 26309846, 29063307, 26454608, 26454608, 26454608, 25954302, 25954302, 25954302, 25954302, 25954302, 25954302, 25954302, 25954302, 25954302, 25954302, 25954302, 26518075, 26454192, 25954302, 25954302, 25954302, 25954302, 25897854, 25897854, 25897854, 25897854, 25897854, 25897854, 25897854, 25897854, 25897854, 25897854, 25897854, 25897854, 25897854, 25897854, 25897854, 25897854, 25897854, 25897854, 25897854, 25897854, 26928712, 26428822, 26428822, 26428822, 26729656, 26729656, 26729656, 26729656, 26729656, 26729656, 26729656, 26729656, 26729656, 26729656, 26820478, 26820478, 26820478, 26820478, 26820478, 26820478, 26820478, 26820478, 26820478, 26820478, 26820478, 26820478, 26820478, 26820478, 26820478, 26820478, 26820478, 26820478, 26820478, 26820478, 26843454, 26843454, 26843454, 26843454, 26843454, 26843454, 26843454, 26843454, 26573059, 26573059, 26573059, 26573059, 26573059, 26573059, 26573059, 26309846, 26309846, 26309846, 26309846, 26309846, 26309846, 26309846, 26309846, 26309846, 26309846, 26309846, 26309846, 26309846, 26309846, 26309846, 26309846, 26309846, 26309846, 26309846, 26309846, 26309846, 26309846, 26309846, 26309846, 26309846, 26309846, 26309846, 26309846, 26309846, 26309846, 26309846, 26309846, 26309846, 26309846, 26309846, 26309846, 26456112, 26456112, 26456112, 26456112, 26456112, 26456112, 26456112, 26456112, 26456112, 26456112, 26456112, 26456112, 26456112, 26456112, 26456112, 26456112, 26519806, 26519806, 26519806, 26519806, 26519806, 26519806, 26519806, 26519806, 26519806, 26519806, 26519806, 26723508, 26723508, 26723508, 26723508, 26723508, 26723508, 26723508, 26723508, 26723508, 26723508, 26723508, 26723508, 26723508, 26723508, 26723508]",0,0,0,SSD,0,98566144,0,98566144,98566144,98566144,1.0,hot,0,0,0,0,1.0,197132288
0,34,meta-llama/Llama-3.1-8B,213,581,3170788537,29642890704,26472102167,13843379074,13907579074,34235757,"[115460175, 26706189, 26706189, 26706189, 26645180, 26645180, 26645180, 26645180, 26645180, 26645180, 26645180, 26645180, 26645180, 26645180, 26444528, 26444528, 26444528, 26444528, 26444528, 26444528, 26444528, 26444528, 26444528, 26444528, 26444528, 26454608, 26454608, 26454608, 26454608, 26454608, 26454608, 26454608, 26454608, 26454608, 26454608, 26454608, 26454608, 26454608, 26454608, 26454608, 26454608, 26454608, 855783019, 26428822, 247008563, 209321494, 26454608, 94772216, 26454608, 26454608, 26454608, 26454608, 26428822, 26428822, 26421342, 26421342, 334957059, 26428822, 26428822, 26928712, 26428822, 26428822, 26428822, 26428822, 26428822, 26428822, 26428822, 26428822, 26428822, 26428822, 26428822, 26428822, 26428822, 26428822, 26428822, 26428822, 26428822, 25782115, 25782115, 25782115, 25782115, 205253938, 25997827, 25997827, 25997827, 25997827, 25997827, 25997827, 25997827, 27786730, 27286840, 27286840, 26464944, 26464944, 26843454, 26843454, 26843454, 26843454, 26843454, 26843454, 26843454, 26843454, 26843454, 26843454, 26843454, 26843454, 26843454, 26843454, 26843454, 26843454, 26421342, 26421342, 26421342, 26921232, 26421342, 26421342, 26421342, 26421342, 26421342, 26421342, 26437374, 26437374, 26437374, 26437374, 26437374, 26437374, 26437374, 26437374, 26437374, 26437374, 26437374, 26437374, 26437374, 26437374, 26437374, 26437374, 26125428, 26125428, 26125428, 26125428, 134649476, 26820478, 26820478, 26820478, 26820478, 26820478, 26820478, 26820478, 26820478, 214163247, 26645180, 26467984, 264994015, 26467984, 26467984, 26467984, 26467984, 26467984, 26467984, 26467984, 26467984, 26467984, 26467984, 26467984, 26467984, 26467984, 26467984, 26409918, 440563611, 26573059, 26573059, 26573059, 26573059, 26573059, 26573059, 26573059, 26573059, 26573059, 26573059, 26573059, 26246582, 26246582, 26246582, 26246582, 26246582, 26246582, 26246582, 26246582, 26246582, 26246582, 26246582, 26309846, 26309846, 26309846, 26309846, 26309846, 26309846, 26309846, 26309846, 26309846, 29063307, 26454608, 26454608, 26454608, 25954302, 25954302, 25954302, 25954302, 25954302, 25954302, 25954302, 25954302, 25954302, 25954302, 25954302, 52972267, 25954302, 25954302, 25954302, 25954302, 25897854, 25897854, 25897854, 25897854, 25897854, 25897854, 25897854, 25897854, 25897854, 25897854, 25897854, 25897854, 25897854, 25897854, 25897854, 25897854, 25897854, 25897854, 25897854, 25897854, 26928712, 26428822, 26428822, 26428822, 26729656, 26729656, 26729656, 26729656, 26729656, 26729656, 26729656, 26729656, 26729656, 26729656, 26820478, 26820478, 26820478, 26820478, 26820478, 26820478, 26820478, 26820478, 26820478, 26820478, 26820478, 26820478, 26820478, 26820478, 26820478, 26820478, 26820478, 26820478, 26820478, 26820478, 26843454, 26843454, 26843454, 26843454, 26843454, 26843454, 26843454, 26843454, 26573059, 26573059, 26573059, 26573059, 26573059, 26573059, 26573059, 26309846, 26309846, 26309846, 26309846, 26309846, 26309846, 26309846, 26309846, 26309846, 26309846, 26309846, 26309846, 26309846, 26309846, 26309846, 26309846, 26309846, 26309846, 26309846, 26309846, 26309846, 26309846, 26309846, 26309846, 26309846, 26309846, 26309846, 26309846, 26309846, 26309846, 26309846, 26309846, 26309846, 26309846, 26309846, 26309846, 26456112, 26456112, 26456112, 26456112, 26456112, 26456112, 26456112, 26456112, 26456112, 26456112, 26456112, 26456112, 26456112, 26456112, 26456112, 26456112, 26519806, 26519806, 26519806, 26519806, 26519806, 26519806, 26519806, 26519806, 26519806, 26519806, 26519806, 26723508, 26723508, 26723508, 26723508, 26723508, 26723508, 26723508, 26723508, 26723508, 26723508, 26723508, 26723508, 26723508, 26723508, 26723508]",0,0,0,NPU,0,0,0,0,0,0,1.0,hot,0,0,0,0,1.0,0
0,60,meta-llama/Llama-3.1-8B,1,10,5704274631,30288982186,24584707555,23938616073,24198036009,48333943,"[199728223, 26706189, 26706189, 26706189, 26706189, 26706189, 26706189, 26706189]",0,0,0,NPU,0,0,0,0,0,0,1.0,hot,0,0,0,0,1.0,0
0,41,meta-llama/Llama-3.1-8B,1114,1444,3637282315,32726525750,29089243435,15772954386,15982275880,39838807,"[26454608, 94772216, 26454608, 26454608, 26454608, 26454608, 26428822, 26428822, 387799743, 26428822, 26428822, 26928712, 26428822, 26428822, 26428822, 26428822, 26428822, 26428822, 26428822, 26428822, 26428822, 26428822, 26428822, 26428822, 26428822, 26428822, 26428822, 26428822, 26428822, 518153917, 27286840, 27286840, 79773342, 26843454, 26843454, 26843454, 26843454, 26843454, 26843454, 26843454, 26843454, 26843454, 26843454, 26843454, 26843454, 26843454, 26843454, 26843454, 926862482, 26820478, 26820478, 26820478, 26820478, 26820478, 26820478, 26820478, 26820478, 214163247, 26645180, 26467984, 264994015, 26467984, 26467984, 26467984, 26467984, 26467984, 26467984, 26467984, 26467984, 26467984, 26467984, 26467984, 26467984, 26467984, 26467984, 26409918, 440563611, 26573059, 26573059, 26573059, 26573059, 26573059, 26573059, 26573059, 26573059, 26573059, 26573059, 26573059, 26246582, 26246582, 26246582, 26246582, 26246582, 26246582, 26246582, 26246582, 26246582, 26246582, 26246582, 26309846, 26309846, 26309846, 26309846, 26309846, 26309846, 26309846, 26309846, 26309846, 29063307, 26454608, 26454608, 26454608, 987172589, 26428822, 26428822, 26428822, 26729656, 26729656, 26729656, 26729656, 26729656, 26729656, 26729656, 26729656, 26729656, 26729656, 26820478, 26820478, 26820478, 26820478, 26820478, 26820478, 26820478, 26820478, 26820478, 26820478, 26820478, 26820478, 26820478, 26820478, 26820478, 26820478, 26820478, 26820478, 26820478, 26820478, 26843454, 26843454, 26843454, 26843454, 26843454, 26843454, 26843454, 26843454, 26573059, 26573059, 26573059, 26573059, 26573059, 26573059, 26573059, 26309846, 26309846, 26309846, 26309846, 26309846, 26309846, 26309846, 26309846, 26309846, 26309846, 26309846, 26309846, 26309846, 26309846, 26309846, 26309846, 26309846, 26309846, 26309846, 26309846, 26309846, 26309846, 26309846, 26309846, 26309846, 26309846, 26309846, 26309846, 26309846, 26309846, 26309846, 26309846, 26309846, 26309846, 26309846, 26309846, 26456112, 26456112, 26456112, 26456112, 26456112, 26456112, 26456112, 26456112, 26456112, 26456112, 26456112, 26456112, 26456112, 26456112, 26456112, 26456112, 26519806, 26519806, 26519806, 26519806, 26519806, 26519806, 26519806, 26519806, 26519806, 26519806, 26519806, 26723508, 26723508, 26723508, 26723508, 26723508, 26723508, 26723508, 26723508, 26723508, 26723508, 26723508, 26723508, 26723508, 26723508, 26723508, 259419936, 199728223, 26706189, 26706189, 26706189, 26706189, 26706189, 26706189, 26706189, 26820478, 28253013, 28253013, 28253013, 28439771, 27019696, 26519806, 26519806, 26519806, 26582037, 26582037, 26582037, 26582037, 290566778, 26729656, 26729656, 26729656, 26729656, 26729656, 26729656, 26729656, 26729656, 26729656, 26729656, 26729656, 26729656, 26729656, 26729656, 26729656, 26729656, 26729656, 26729656, 26729656, 26729656, 26729656, 26729656, 26729656, 26729656, 26729656, 26729656, 26729656, 26729656, 26729656, 26729656, 26729656, 26729656, 26729656, 26729656, 26729656, 26729656, 26729656, 26729656, 26729656, 26729656, 26729656, 26729656, 26729656, 26729656, 26729656, 26729656, 26729656, 26729656, 26729656, 26729656, 26729656, 26729656, 27286840, 27286840, 27286840, 26309846, 26747034, 26747034, 26747034, 26747034, 26747034, 26747034, 26747034, 27786730, 27286840, 26489255, 27145695]",0,0,0,NPU,0,0,0,0,0,0,1.0,hot,0,0,0,0,1.0,0
0,48,meta-llama/Llama-3.1-8B,50,269,4209283457,32795385950,28586102493,18803632766,19017796013,43891314,"[26645180, 1975855276, 26454608, 26454608, 26454608, 987172589, 26428822, 26428822, 26428822, 26729656, 26729656, 26729656, 26729656, 26729656, 26729656, 26729656, 26729656, 26729656, 26729656, 26820478, 26820478, 26820478, 26820478, 26820478, 26820478, 26820478, 26820478, 26820478, 26820478, 26820478, 26820478, 26820478, 26820478, 26820478, 26820478, 26820478, 26820478, 26820478, 26820478, 26843454, 26843454, 26843454, 26843454, 26843454, 26843454, 26843454, 26843454, 26573059, 26573059, 26573059, 26573059, 26573059, 26573059, 26573059, 26309846, 26309846, 26309846, 26309846, 26309846, 26309846, 26309846, 26309846, 26309846, 26309846, 26309846, 26309846, 26309846, 26309846, 26309846, 26309846, 26309846, 26309846, 26309846, 26309846, 26309846, 26309846, 26309846, 26309846, 26309846, 26309846, 26309846, 26309846, 26309846, 26309846, 26309846, 26309846, 26309846, 26309846, 26309846, 26309846, 26456112, 26456112, 26456112, 26456112, 26456112, 26456112, 26456112, 26456112, 26456112, 26456112, 26456112, 26456112, 26456112, 26456112, 26456112, 26456112, 26519806, 26519806, 26519806, 26519806, 26519806, 26519806, 26519806, 26519806, 26519806, 26519806, 26519806, 26723508, 26723508, 26723508, 26723508, 26723508, 26723508, 26723508, 26723508, 26723508, 26723508, 26723508, 26723508, 26723508, 26723508, 26723508, 259419936, 199728223, 26706189, 26706189, 26706189, 26706189, 26706189, 26706189, 26706189, 26820478, 140218506, 26519806, 26519806, 26519806, 26582037, 26582037, 26582037, 26582037, 290566778, 26729656, 26729656, 26729656, 26729656, 26729656, 26729656, 26729656, 26729656, 26729656, 26729656, 26729656, 26729656, 26729656, 26729656, 26729656, 26729656, 26729656, 26729656, 26729656, 26729656, 26729656, 26729656, 26729656, 26729656, 26729656, 26729656, 26729656, 26729656, 26729656, 26729656, 26729656, 26729656, 26729656, 26729656, 26729656, 26729656, 26729656, 26729656, 26729656, 26729656, 26729656, 26729656, 26729656, 26729656, 26729656, 26729656, 26729656, 26729656, 26729656, 26729656, 26729656, 26729656, 27286840, 27286840, 27286840, 26309846, 26747034, 26747034, 26747034, 26747034, 26747034, 26747034, 26747034, 27786730, 27286840, 26489255, 96005895]",0,0,0,NPU,0,0,0,0,0,0,1.0,hot,0,0,0,0,1.0,0
0,56,meta-llama/Llama-3.1-8B,8,84,5589266729,32961080377,27371813648,24053623975,24313043911,40783596,"[199728223, 26706189, 26706189, 26706189, 26706189, 26706189, 26706189, 26706189, 26820478, 616672850, 26729656, 26729656, 26729656, 26729656, 26729656, 26729656, 26729656, 26729656, 26729656, 26729656, 26729656, 26729656, 26729656, 26729656, 26729656, 26729656, 26729656, 26729656, 26729656, 26729656, 26729656, 26729656, 26729656, 26729656, 26729656, 26729656, 26729656, 26729656, 26729656, 26729656, 26729656, 26729656, 26729656, 26729656, 26729656, 26729656, 26729656, 26729656, 26729656, 26729656, 26729656, 26729656, 26729656, 26729656, 26729656, 26729656, 26729656, 26729656, 26729656, 26729656, 26729656, 26729656, 27286840, 27286840, 27286840, 26309846, 215015968, 27286840, 122495150, 31739532, 26790979, 26790979, 26790979, 26790979, 26790979]",0,0,0,NPU,0,0,0,0,0,0,1.0,hot,0,0,0,0,1.0,0
0,42,meta-llama/Llama-3.1-8B,411,798,3640781687,34782959914,31142178227,16005231116,16100003332,38969365,"[26454608, 26454608, 26454608, 26454608, 520443743, 26428822, 26428822, 26428822, 26428822, 26428822, 26428822, 26428822, 26428822, 26428822, 26428822, 26428822, 26428822, 26428822, 26428822, 26428822, 26428822, 26428822, 518153917, 27286840, 27286840, 79773342, 26843454, 26843454, 26843454, 26843454, 26843454, 26843454, 26843454, 26843454, 26843454, 26843454, 26843454, 26843454, 26843454, 26843454, 26843454, 926862482, 26820478, 26820478, 26820478, 26820478, 26820478, 26820478, 26820478, 26820478, 214163247, 26645180, 26467984, 264994015, 26467984, 26467984, 26467984, 26467984, 26467984, 26467984, 26467984, 26467984, 26467984, 26467984, 26467984, 26467984, 26467984, 26467984, 466973529, 26573059, 26573059, 26573059, 26573059, 26573059, 26573059, 26573059, 26573059, 26573059, 26573059, 26573059, 26246582, 26246582, 26246582, 26246582, 26246582, 26246582, 26246582, 26246582, 26246582, 26246582, 26246582, 26309846, 26309846, 26309846, 26309846, 26309846, 26309846, 26309846, 26309846, 26309846, 29063307, 26454608, 26454608, 26454608, 987172589, 26428822, 26428822, 26428822, 26729656, 26729656, 26729656, 26729656, 26729656, 26729656, 26729656, 26729656, 26729656, 26729656, 26820478, 26820478, 26820478, 26820478, 26820478, 26820478, 26820478, 26820478, 26820478, 26820478, 26820478, 26820478, 26820478, 26820478, 26820478, 26820478, 26820478, 26820478, 26820478, 26820478, 26843454, 26843454, 26843454, 26843454, 26843454, 26843454, 26843454, 26843454, 26573059, 26573059, 26573059, 26573059, 26573059, 26573059, 26573059, 26309846, 26309846, 26309846, 26309846, 26309846, 26309846, 26309846, 26309846, 26309846, 26309846, 26309846, 26309846, 26309846, 26309846, 26309846, 26309846, 26309846, 26309846, 26309846, 26309846, 26309846, 26309846, 26309846, 26309846, 26309846, 26309846, 26309846, 26309846, 26309846, 26309846, 26309846, 26309846, 26309846, 26309846, 26309846, 26309846, 26456112, 26456112, 26456112, 26456112, 26456112, 26456112, 26456112, 26456112, 26456112, 26456112, 26456112, 26456112, 26456112, 26456112, 26456112, 26456112, 26519806, 26519806, 26519806, 26519806, 26519806, 26519806, 26519806, 26519806, 26519806, 26519806, 26519806, 26723508, 26723508, 26723508, 26723508, 26723508, 26723508, 26723508, 26723508, 26723508, 26723508, 26723508, 26723508, 26723508, 26723508, 26723508, 259419936, 199728223, 26706189, 26706189, 26706189, 26706189, 26706189, 26706189, 26706189, 26820478, 28253013, 28253013, 28253013, 55459467, 26519806, 26519806, 26519806, 26582037, 26582037, 26582037, 26582037, 290566778, 26729656, 26729656, 26729656, 26729656, 26729656, 26729656, 26729656, 26729656, 26729656, 26729656, 26729656, 26729656, 26729656, 26729656, 26729656, 26729656, 26729656, 26729656, 26729656, 26729656, 26729656, 26729656, 26729656, 26729656, 26729656, 26729656, 26729656, 26729656, 26729656, 26729656, 26729656, 26729656, 26729656, 26729656, 26729656, 26729656, 26729656, 26729656, 26729656, 26729656, 26729656, 26729656, 26729656, 26729656, 26729656, 26729656, 26729656, 26729656, 26729656, 26729656, 26729656, 26729656, 27286840, 27286840, 27286840, 26309846, 26747034, 26747034, 26747034, 26747034, 26747034, 26747034, 26747034, 27786730, 27286840, 26489255, 27145695, 68860200, 31739532, 26790979, 26790979, 26790979, 26790979, 26790979, 26706189, 26706189, 26706189, 26706189, 26706189, 26706189, 26706189, 26246582, 26246582, 27275701, 27275701, 27275701, 27275701, 292244056, 26246582, 26246582, 26246582, 26246582, 26246582, 26246582, 26246582, 26246582, 26246582, 26246582, 26246582, 26246582, 26246582, 26246582, 26246582, 26246582, 26246582, 26246582, 26246582, 26246582, 26246582, 26246582, 26246582, 26246582, 26246582, 26246582, 26246582, 26246582, 26246582, 26246582, 26246582, 26246582, 26246582, 26246582, 26246582, 26246582, 26246582, 26246582, 26246582, 26246582, 26246582, 26246582, 26246582, 26246582, 26246582]",0,0,0,SSD,0,54525952,0,54525952,54525952,54525952,1.0,hot,0,0,0,0,1.0,109051904
0,46,meta-llama/Llama-3.1-8B,1142,1436,4056749989,35155712699,31098962710,18956166234,19170329481,40712058,"[26645180, 1975855276, 26454608, 26454608, 26454608, 987172589, 26428822, 26428822, 26428822, 26729656, 26729656, 26729656, 26729656, 26729656, 26729656, 26729656, 26729656, 26729656, 26729656, 26820478, 26820478, 26820478, 26820478, 26820478, 26820478, 26820478, 26820478, 26820478, 26820478, 26820478, 26820478, 26820478, 26820478, 26820478, 26820478, 26820478, 26820478, 26820478, 26820478, 26843454, 26843454, 26843454, 26843454, 26843454, 26843454, 26843454, 26843454, 26573059, 26573059, 26573059, 26573059, 26573059, 26573059, 26573059, 26309846, 26309846, 26309846, 26309846, 26309846, 26309846, 26309846, 26309846, 26309846, 26309846, 26309846, 26309846, 26309846, 26309846, 26309846, 26309846, 26309846, 26309846, 26309846, 26309846, 26309846, 26309846, 26309846, 26309846, 26309846, 26309846, 26309846, 26309846, 26309846, 26309846, 26309846, 26309846, 26309846, 26309846, 26309846, 26309846, 26456112, 26456112, 26456112, 26456112, 26456112, 26456112, 26456112, 26456112, 26456112, 26456112, 26456112, 26456112, 26456112, 26456112, 26456112, 26456112, 26519806, 26519806, 26519806, 26519806, 26519806, 26519806, 26519806, 26519806, 26519806, 26519806, 26519806, 26723508, 26723508, 26723508, 26723508, 26723508, 26723508, 26723508, 26723508, 26723508, 26723508, 26723508, 26723508, 26723508, 26723508, 26723508, 259419936, 199728223, 26706189, 26706189, 26706189, 26706189, 26706189, 26706189, 26706189, 26820478, 140218506, 26519806, 26519806, 26519806, 26582037, 26582037, 26582037, 26582037, 290566778, 26729656, 26729656, 26729656, 26729656, 26729656, 26729656, 26729656, 26729656, 26729656, 26729656, 26729656, 26729656, 26729656, 26729656, 26729656, 26729656, 26729656, 26729656, 26729656, 26729656, 26729656, 26729656, 26729656, 26729656, 26729656, 26729656, 26729656, 26729656, 26729656, 26729656, 26729656, 26729656, 26729656, 26729656, 26729656, 26729656, 26729656, 26729656, 26729656, 26729656, 26729656, 26729656, 26729656, 26729656, 26729656, 26729656, 26729656, 26729656, 26729656, 26729656, 26729656, 26729656, 27286840, 27286840, 27286840, 26309846, 26747034, 26747034, 26747034, 26747034, 26747034, 26747034, 26747034, 27786730, 27286840, 26489255, 96005895, 31739532, 26790979, 26790979, 26790979, 26790979, 26790979, 26706189, 26706189, 26706189, 26706189, 26706189, 26706189, 26706189, 26246582, 26246582, 401346860, 26246582, 26246582, 26246582, 26246582, 26246582, 26246582, 26246582, 26246582, 26246582, 26246582, 26246582, 26246582, 26246582, 26246582, 26246582, 26246582, 26246582, 26246582, 26246582, 26246582, 26246582, 26246582, 26246582, 26246582, 26246582, 26246582, 26246582, 26246582, 26246582, 26246582, 26246582, 26246582, 26246582, 26246582, 26246582, 26246582, 26246582, 26246582, 26246582, 26246582, 26246582, 26246582, 26246582, 26246582, 26246582, 27145070, 26645180, 26645180, 26645180, 26645180, 26645180, 26645180, 26645180, 26645180, 26489255, 26489255, 26489255, 26489255, 26489255]",0,0,0,SSD,0,150994944,0,150994944,150994944,150994944,1.0,hot,0,0,0,0,1.0,301989888
0,49,meta-llama/Llama-3.1-8B,21,317,4229722316,35351367326,31121645010,18783193907,18997357154,41099280,"[26645180, 1975855276, 26454608, 26454608, 26454608, 987172589, 26428822, 26428822, 26428822, 26729656, 26729656, 26729656, 26729656, 26729656, 26729656, 26729656, 26729656, 26729656, 26729656, 26820478, 26820478, 26820478, 26820478, 26820478, 26820478, 26820478, 26820478, 26820478, 26820478, 26820478, 26820478, 26820478, 26820478, 26820478, 26820478, 26820478, 26820478, 26820478, 26820478, 26843454, 26843454, 26843454, 26843454, 26843454, 26843454, 26843454, 26843454, 26573059, 26573059, 26573059, 26573059, 26573059, 26573059, 26573059, 26309846, 26309846, 26309846, 26309846, 26309846, 26309846, 26309846, 26309846, 26309846, 26309846, 26309846, 26309846, 26309846, 26309846, 26309846, 26309846, 26309846, 26309846, 26309846, 26309846, 26309846, 26309846, 26309846, 26309846, 26309846, 26309846, 26309846, 26309846, 26309846, 26309846, 26309846, 26309846, 26309846, 26309846, 26309846, 26309846, 26456112, 26456112, 26456112, 26456112, 26456112, 26456112, 26456112, 26456112, 26456112, 26456112, 26456112, 26456112, 26456112, 26456112, 26456112, 26456112, 26519806, 26519806, 26519806, 26519806, 26519806, 26519806, 26519806, 26519806, 26519806, 26519806, 26519806, 26723508, 26723508, 26723508, 26723508, 26723508, 26723508, 26723508, 26723508, 26723508, 26723508, 26723508, 26723508, 26723508, 26723508, 26723508, 259419936, 199728223, 26706189, 26706189, 26706189, 26706189, 26706189, 26706189, 26706189, 26820478, 140218506, 26519806, 26519806, 26519806, 26582037, 26582037, 26582037, 26582037, 290566778, 26729656, 26729656, 26729656, 26729656, 26729656, 26729656, 26729656, 26729656, 26729656, 26729656, 26729656, 26729656, 26729656, 26729656, 26729656, 26729656, 26729656, 26729656, 26729656, 26729656, 26729656, 26729656, 26729656, 26729656, 26729656, 26729656, 26729656, 26729656, 26729656, 26729656, 26729656, 26729656, 26729656, 26729656, 26729656, 26729656, 26729656, 26729656, 26729656, 26729656, 26729656, 26729656, 26729656, 26729656, 26729656, 26729656, 26729656, 26729656, 26729656, 26729656, 26729656, 26729656, 27286840, 27286840, 27286840, 26309846, 26747034, 26747034, 26747034, 26747034, 26747034, 26747034, 26747034, 27786730, 27286840, 26489255, 96005895, 31739532, 26790979, 26790979, 26790979, 26790979, 26790979, 26706189, 26706189, 26706189, 26706189, 26706189, 26706189, 26706189, 26246582, 26246582, 401346860, 26246582, 26246582, 26246582, 26246582, 26246582, 26246582, 26246582, 26246582, 26246582, 26246582, 26246582, 26246582, 26246582, 26246582, 26246582, 26246582, 26246582, 26246582, 26246582, 26246582, 26246582, 26246582, 26246582, 26246582, 26246582, 26246582, 26246582, 26246582, 26246582, 26246582, 26246582, 26246582, 26246582, 26246582, 26246582, 26246582, 26246582, 26246582, 26246582, 26246582, 26246582, 26246582, 26246582, 26246582, 26246582, 27145070, 26645180, 26645180, 26645180, 26645180, 26645180, 26645180, 26645180, 26645180, 26489255, 26489255, 26489255, 26489255, 26489255, 168698040, 26956587]",0,0,0,NPU,0,0,0,0,0,0,1.0,hot,0,0,0,0,1.0,0
0,40,meta-llama/Llama-3.1-8B,1409,1842,3568927593,35589690635,32020763042,15594300545,15841309108,37452439,"[209321494, 26454608, 94772216, 26454608, 26454608, 26454608, 26454608, 26428822, 26428822, 387799743, 26428822, 26428822, 26928712, 26428822, 26428822, 26428822, 26428822, 26428822, 26428822, 26428822, 26428822, 26428822, 26428822, 26428822, 26428822, 26428822, 26428822, 26428822, 26428822, 26428822, 518153917, 27286840, 27286840, 79773342, 26843454, 26843454, 26843454, 26843454, 26843454, 26843454, 26843454, 26843454, 26843454, 26843454, 26843454, 26843454, 26843454, 26843454, 26843454, 926862482, 26820478, 26820478, 26820478, 26820478, 26820478, 26820478, 26820478, 26820478, 214163247, 26645180, 26467984, 264994015, 26467984, 26467984, 26467984, 26467984, 26467984, 26467984, 26467984, 26467984, 26467984, 26467984, 26467984, 26467984, 26467984, 26467984, 26409918, 440563611, 26573059, 26573059, 26573059, 26573059, 26573059, 26573059, 26573059, 26573059, 26573059, 26573059, 26573059, 26246582, 26246582, 26246582, 26246582, 26246582, 26246582, 26246582, 26246582, 26246582, 26246582, 26246582, 26309846, 26309846, 26309846, 26309846, 26309846, 26309846, 26309846, 26309846, 26309846, 29063307, 26454608, 26454608, 26454608, 987172589, 26428822, 26428822, 26428822, 26729656, 26729656, 26729656, 26729656, 26729656, 26729656, 26729656, 26729656, 26729656, 26729656, 26820478, 26820478, 26820478, 26820478, 26820478, 26820478, 26820478, 26820478, 26820478, 26820478, 26820478, 26820478, 26820478, 26820478, 26820478, 26820478, 26820478, 26820478, 26820478, 26820478, 26843454, 26843454, 26843454, 26843454, 26843454, 26843454, 26843454, 26843454, 26573059, 26573059, 26573059, 26573059, 26573059, 26573059, 26573059, 26309846, 26309846, 26309846, 26309846, 26309846, 26309846, 26309846, 26309846, 26309846, 26309846, 26309846, 26309846, 26309846, 26309846, 26309846, 26309846, 26309846, 26309846, 26309846, 26309846, 26309846, 26309846, 26309846, 26309846, 26309846, 26309846, 26309846, 26309846, 26309846, 26309846, 26309846, 26309846, 26309846, 26309846, 26309846, 26309846, 26456112, 26456112, 26456112, 26456112, 26456112, 26456112, 26456112, 26456112, 26456112, 26456112, 26456112, 26456112, 26456112, 26456112, 26456112, 26456112, 26519806, 26519806, 26519806, 26519806, 26519806, 26519806, 26519806, 26519806, 26519806, 26519806, 26519806, 26723508, 26723508, 26723508, 26723508, 26723508, 26723508, 26723508, 26723508, 26723508, 26723508, 26723508, 26723508, 26723508, 26723508, 26723508, 259419936, 199728223, 26706189, 26706189, 26706189, 26706189, 26706189, 26706189, 26706189, 26820478, 28253013, 28253013, 28253013, 28439771, 27019696, 26519806, 26519806, 26519806, 26582037, 26582037, 26582037, 26582037, 32854654, 32854654, 32854654, 32854654, 32854654, 32854654, 32854654, 32854654, 27729546, 26729656, 26729656, 26729656, 26729656, 26729656, 26729656, 26729656, 26729656, 26729656, 26729656, 26729656, 26729656, 26729656, 26729656, 26729656, 26729656, 26729656, 26729656, 26729656, 26729656, 26729656, 26729656, 26729656, 26729656, 26729656, 26729656, 26729656, 26729656, 26729656, 26729656, 26729656, 26729656, 26729656, 26729656, 26729656, 26729656, 26729656, 26729656, 26729656, 26729656, 26729656, 26729656, 26729656, 26729656, 26729656, 26729656, 26729656, 26729656, 26729656, 26729656, 26729656, 26729656, 27286840, 27286840, 27286840, 26309846, 26747034, 26747034, 26747034, 26747034, 26747034, 26747034, 26747034, 27786730, 27286840, 26489255, 27145695, 68860200, 31739532, 26790979, 26790979, 26790979, 26790979, 26790979, 26706189, 26706189, 26706189, 26706189, 26706189, 26706189, 26706189, 26246582, 26246582, 27275701, 27275701, 27275701, 27275701, 33187198, 33187198, 33187198, 33187198, 33187198, 33187198, 33187198, 33187198, 26746472, 26246582, 26246582, 26246582, 26246582, 26246582, 26246582, 26246582, 26246582, 26246582, 26246582, 26246582, 26246582, 26246582, 26246582, 26246582, 26246582, 26246582, 26246582, 26246582, 26246582, 26246582, 26246582, 26246582, 26246582, 26246582, 26246582, 26246582, 26246582, 26246582, 26246582, 26246582, 26246582, 26246582, 26246582, 26246582, 26246582, 26246582, 26246582, 26246582, 26246582, 26246582, 26246582, 26246582, 26246582, 26246582, 27145070, 26645180, 26645180, 26645180, 26645180, 26645180, 26645180, 26645180, 26645180, 26489255, 26489255, 26489255, 26489255, 26489255, 168698040, 26956587, 144299998, 26997779, 33512766, 33512766]",0,0,0,SSD,0,188743680,0,188743680,188743680,188743680,1.0,hot,0,0,0,0,1.0,377487360
0,45,meta-llama/Llama-3.1-8B,24,369,4019395331,35847069005,31827673674,18644307592,18778957068,37932315,"[26820478, 26820478, 26820478, 26820478, 26820478, 26820478, 26820478, 26820478, 214163247, 26645180, 1128987304, 26573059, 26573059, 26573059, 26573059, 26573059, 26573059, 26573059, 26573059, 26573059, 26573059, 26573059, 26246582, 26246582, 26246582, 26246582, 26246582, 26246582, 26246582, 26246582, 26246582, 26246582, 26246582, 26309846, 26309846, 26309846, 26309846, 26309846, 26309846, 26309846, 26309846, 26309846, 29063307, 26454608, 26454608, 26454608, 987172589, 26428822, 26428822, 26428822, 26729656, 26729656, 26729656, 26729656, 26729656, 26729656, 26729656, 26729656, 26729656, 26729656, 26820478, 26820478, 26820478, 26820478, 26820478, 26820478, 26820478, 26820478, 26820478, 26820478, 26820478, 26820478, 26820478, 26820478, 26820478, 26820478, 26820478, 26820478, 26820478, 26820478, 26843454, 26843454, 26843454, 26843454, 26843454, 26843454, 26843454, 26843454, 26573059, 26573059, 26573059, 26573059, 26573059, 26573059, 26573059, 26309846, 26309846, 26309846, 26309846, 26309846, 26309846, 26309846, 26309846, 26309846, 26309846, 26309846, 26309846, 26309846, 26309846, 26309846, 26309846, 26309846, 26309846, 26309846, 26309846, 26309846, 26309846, 26309846, 26309846, 26309846, 26309846, 26309846, 26309846, 26309846, 26309846, 26309846, 26309846, 26309846, 26309846, 26309846, 26309846, 26456112, 26456112, 26456112, 26456112, 26456112, 26456112, 26456112, 26456112, 26456112, 26456112, 26456112, 26456112, 26456112, 26456112, 26456112, 26456112, 26519806, 26519806, 26519806, 26519806, 26519806, 26519806, 26519806, 26519806, 26519806, 26519806, 26519806, 26723508, 26723508, 26723508, 26723508, 26723508, 26723508, 26723508, 26723508, 26723508, 26723508, 26723508, 26723508, 26723508, 26723508, 26723508, 259419936, 199728223, 26706189, 26706189, 26706189, 26706189, 26706189, 26706189, 26706189, 26820478, 140218506, 26519806, 26519806, 26519806, 26582037, 26582037, 26582037, 26582037, 290566778, 26729656, 26729656, 26729656, 26729656, 26729656, 26729656, 26729656, 26729656, 26729656, 26729656, 26729656, 26729656, 26729656, 26729656, 26729656, 26729656, 26729656, 26729656, 26729656, 26729656, 26729656, 26729656, 26729656, 26729656, 26729656, 26729656, 26729656, 26729656, 26729656, 26729656, 26729656, 26729656, 26729656, 26729656, 26729656, 26729656, 26729656, 26729656, 26729656, 26729656, 26729656, 26729656, 26729656, 26729656, 26729656, 26729656, 26729656, 26729656, 26729656, 26729656, 26729656, 26729656, 27286840, 27286840, 27286840, 26309846, 26747034, 26747034, 26747034, 26747034, 26747034, 26747034, 26747034, 27786730, 27286840, 26489255, 27145695, 68860200, 31739532, 26790979, 26790979, 26790979, 26790979, 26790979, 26706189, 26706189, 26706189, 26706189, 26706189, 26706189, 26706189, 26246582, 26246582, 27275701, 27275701, 27275701, 27275701, 292244056, 26246582, 26246582, 26246582, 26246582, 26246582, 26246582, 26246582, 26246582, 26246582, 26246582, 26246582, 26246582, 26246582, 26246582, 26246582, 26246582, 26246582, 26246582, 26246582, 26246582, 26246582, 26246582, 26246582, 26246582, 26246582, 26246582, 26246582, 26246582, 26246582, 26246582, 26246582, 26246582, 26246582, 26246582, 26246582, 26246582, 26246582, 26246582, 26246582, 26246582, 26246582, 26246582, 26246582, 26246582, 26246582, 27145070, 26645180, 26645180, 26645180, 26645180, 26645180, 26645180, 26645180, 26645180, 26489255, 26489255, 26489255, 26489255, 26489255, 168698040, 26956587, 144299998, 26997779, 324403902]",0,0,0,SSD,0,6291456,0,6291456,6291456,6291456,1.0,hot,0,0,0,0,1.0,12582912
0,54,meta-llama/Llama-3.1-8B,16,181,5325057647,36406452090,31081394443,24317833057,24577252993,39659399,"[199728223, 26706189, 26706189, 26706189, 26706189, 26706189, 26706189, 26706189, 26820478, 140218506, 26519806, 26519806, 26519806, 396894926, 26729656, 26729656, 26729656, 26729656, 26729656, 26729656, 26729656, 26729656, 26729656, 26729656, 26729656, 26729656, 26729656, 26729656, 26729656, 26729656, 26729656, 26729656, 26729656, 26729656, 26729656, 26729656, 26729656, 26729656, 26729656, 26729656, 26729656, 26729656, 26729656, 26729656, 26729656, 26729656, 26729656, 26729656, 26729656, 26729656, 26729656, 26729656, 26729656, 26729656, 26729656, 26729656, 26729656, 26729656, 26729656, 26729656, 26729656, 26729656, 26729656, 26729656, 26729656, 26729656, 27286840, 27286840, 27286840, 26309846, 215015968, 27286840, 122495150, 31739532, 26790979, 26790979, 26790979, 26790979, 26790979, 26706189, 26706189, 26706189, 26706189, 26706189, 26706189, 26706189, 26246582, 26246582, 401346860, 26246582, 26246582, 26246582, 26246582, 26246582, 26246582, 26246582, 26246582, 26246582, 26246582, 26246582, 26246582, 26246582, 26246582, 26246582, 26246582, 26246582, 26246582, 26246582, 26246582, 26246582, 26246582, 26246582, 26246582, 26246582, 26246582, 26246582, 26246582, 26246582, 26246582, 26246582, 26246582, 26246582, 26246582, 26246582, 26246582, 26246582, 26246582, 26246582, 26246582, 26246582, 26246582, 26246582, 26246582, 26246582, 27145070, 26645180, 26645180, 26645180, 26645180, 26645180, 26645180, 26645180, 26645180, 301144315, 26956587, 144299998, 26997779, 324403902, 43600141, 32353969, 32353969, 30093409, 26363542, 26363542, 26363542, 25614678, 25614678, 25892415, 25892415, 134189561, 26171806, 26171806, 26171806, 26171806]",0,0,0,NPU,0,0,0,0,0,0,1.0,hot,0,0,0,0,1.0,0
0,55,meta-llama/Llama-3.1-8B,22,224,5580001184,40041020285,34461019101,24062889520,24322309456,50441341,"[199728223, 26706189, 26706189, 26706189, 26706189, 26706189, 26706189, 26706189, 26820478, 616672850, 26729656, 26729656, 26729656, 26729656, 26729656, 26729656, 26729656, 26729656, 26729656, 26729656, 26729656, 26729656, 26729656, 26729656, 26729656, 26729656, 26729656, 26729656, 26729656, 26729656, 26729656, 26729656, 26729656, 26729656, 26729656, 26729656, 26729656, 26729656, 26729656, 26729656, 26729656, 26729656, 26729656, 26729656, 26729656, 26729656, 26729656, 26729656, 26729656, 26729656, 26729656, 26729656, 26729656, 26729656, 26729656, 26729656, 26729656, 26729656, 26729656, 26729656, 26729656, 26729656, 27286840, 27286840, 27286840, 26309846, 215015968, 27286840, 122495150, 31739532, 26790979, 26790979, 26790979, 26790979, 26790979, 26706189, 26706189, 26706189, 26706189, 26706189, 26706189, 26706189, 26246582, 26246582, 401346860, 26246582, 26246582, 26246582, 26246582, 26246582, 26246582, 26246582, 26246582, 26246582, 26246582, 26246582, 26246582, 26246582, 26246582, 26246582, 26246582, 26246582, 26246582, 26246582, 26246582, 26246582, 26246582, 26246582, 26246582, 26246582, 26246582, 26246582, 26246582, 26246582, 26246582, 26246582, 26246582, 26246582, 26246582, 26246582, 26246582, 26246582, 26246582, 26246582, 26246582, 26246582, 26246582, 26246582, 26246582, 26246582, 27145070, 26645180, 26645180, 26645180, 26645180, 26645180, 26645180, 26645180, 26645180, 301144315, 26956587, 144299998, 26997779, 324403902, 43600141, 32353969, 32353969, 30093409, 26363542, 26363542, 26363542, 25614678, 25614678, 185974391, 26171806, 26171806, 26171806, 26171806, 29983933, 29983933, 29983933, 29983933, 25892415, 25892415, 25892415, 25892415, 25892415, 25892415, 25892415, 1671444217, 26032767, 26032767, 26032767, 26032767, 26032767, 26032767, 26032767, 26032767, 26032767, 26032767, 26032767, 26032767, 26032767, 26032767, 26032767, 877525847, 27761521, 26421342, 26421342, 26421342, 26421342, 26421342, 26421342, 25954302, 25954302, 25954302, 25954302, 25954302, 25954302, 25954302, 25954302]",0,0,0,NPU,0,0,0,0,0,0,1.0,hot,0,0,0,0,1.0,0
0,50,meta-llama/Llama-3.1-8B,7,467,4579003029,40130438765,35551435736,18433913194,18648076441,36826490,"[26645180, 1975855276, 26454608, 26454608, 26454608, 987172589, 26428822, 26428822, 26428822, 26729656, 26729656, 26729656, 26729656, 26729656, 26729656, 26729656, 26729656, 26729656, 26729656, 26820478, 26820478, 26820478, 26820478, 26820478, 26820478, 26820478, 26820478, 26820478, 26820478, 26820478, 26820478, 26820478, 26820478, 26820478, 26820478, 26820478, 26820478, 26820478, 26820478, 26843454, 26843454, 26843454, 26843454, 26843454, 26843454, 26843454, 26843454, 26573059, 26573059, 26573059, 26573059, 26573059, 26573059, 26573059, 26309846, 26309846, 26309846, 26309846, 26309846, 26309846, 26309846, 26309846, 26309846, 26309846, 26309846, 26309846, 26309846, 26309846, 26309846, 26309846, 26309846, 26309846, 26309846, 26309846, 26309846, 26309846, 26309846, 26309846, 26309846, 26309846, 26309846, 26309846, 26309846, 26309846, 26309846, 26309846, 26309846, 26309846, 26309846, 26309846, 26456112, 26456112, 26456112, 26456112, 26456112, 26456112, 26456112, 26456112, 26456112, 26456112, 26456112, 26456112, 26456112, 26456112, 26456112, 26456112, 26519806, 26519806, 26519806, 26519806, 26519806, 26519806, 26519806, 26519806, 26519806, 26519806, 26519806, 26723508, 26723508, 26723508, 26723508, 26723508, 26723508, 26723508, 26723508, 26723508, 26723508, 26723508, 26723508, 26723508, 26723508, 26723508, 259419936, 199728223, 26706189, 26706189, 26706189, 26706189, 26706189, 26706189, 26706189, 26820478, 140218506, 26519806, 26519806, 26519806, 26582037, 26582037, 26582037, 26582037, 290566778, 26729656, 26729656, 26729656, 26729656, 26729656, 26729656, 26729656, 26729656, 26729656, 26729656, 26729656, 26729656, 26729656, 26729656, 26729656, 26729656, 26729656, 26729656, 26729656, 26729656, 26729656, 26729656, 26729656, 26729656, 26729656, 26729656, 26729656, 26729656, 26729656, 26729656, 26729656, 26729656, 26729656, 26729656, 26729656, 26729656, 26729656, 26729656, 26729656, 26729656, 26729656, 26729656, 26729656, 26729656, 26729656, 26729656, 26729656, 26729656, 26729656, 26729656, 26729656, 26729656, 27286840, 27286840, 27286840, 26309846, 26747034, 26747034, 26747034, 26747034, 26747034, 26747034, 26747034, 27786730, 27286840, 122495150, 31739532, 26790979, 26790979, 26790979, 26790979, 26790979, 26706189, 26706189, 26706189, 26706189, 26706189, 26706189, 26706189, 26246582, 26246582, 401346860, 26246582, 26246582, 26246582, 26246582, 26246582, 26246582, 26246582, 26246582, 26246582, 26246582, 26246582, 26246582, 26246582, 26246582, 26246582, 26246582, 26246582, 26246582, 26246582, 26246582, 26246582, 26246582, 26246582, 26246582, 26246582, 26246582, 26246582, 26246582, 26246582, 26246582, 26246582, 26246582, 26246582, 26246582, 26246582, 26246582, 26246582, 26246582, 26246582, 26246582, 26246582, 26246582, 26246582, 26246582, 26246582, 27145070, 26645180, 26645180, 26645180, 26645180, 26645180, 26645180, 26645180, 26645180, 26489255, 26489255, 26489255, 26489255, 26489255, 168698040, 26956587, 144299998, 26997779, 324403902, 43600141, 32353969, 32353969, 30093409, 26363542, 26363542, 26363542, 25614678, 25614678, 25892415, 25892415, 26447349, 26447349, 25350782, 25350782, 30593299, 26171806, 26171806, 26171806, 26171806, 29983933, 29983933, 29983933, 29983933, 25892415, 25892415, 25892415, 25892415, 25892415, 25892415, 25892415, 26067280, 25567390, 25567390, 25567390, 25567390, 25567390, 25567390, 25567390, 25567390, 25567390, 25567390, 25567390, 25567390, 25567390, 25567390, 25567390, 26067280, 25567390, 25567390, 25567390, 25567390, 25567390, 25567390, 25567390, 25567390, 25567390, 25567390, 25567390, 25567390, 25567390, 25567390, 25567390, 26067280, 25567390, 25567390, 25567390, 25567390, 25567390, 25567390, 25567390, 25567390, 25567390, 25567390, 25567390, 25567390, 25567390, 25567390, 25567390, 26067280, 26007326, 26007326, 26007326, 26007326, 26007326, 26007326, 26007326, 26007326, 26007326, 26007326, 26007326, 26007326, 26007326, 26007326, 26007326, 26532657, 26032767, 26032767, 26032767, 26032767, 26032767, 26032767, 26032767, 26032767, 26032767, 26032767, 26032767, 26032767, 26032767, 26032767, 26032767, 26507216, 26007326, 26007326, 26007326, 26007326, 26007326, 26007326, 26007326, 26007326, 26007326, 26007326, 26007326, 26007326, 26007326, 26007326, 26007326, 27351725, 27019707, 27019707, 27019707, 27019707, 27019707, 27019707, 27019707, 27019707, 27019707, 27019707, 27019707, 27019707, 27019707, 27019707, 27019707, 28261411, 27761521, 26421342, 26421342, 26421342, 26421342, 26421342, 26421342, 25954302, 25954302, 25954302, 25954302, 25954302, 25954302, 25954302, 25954302, 29806160, 29806160, 29806160]",0,0,0,NPU,0,0,0,0,0,0,1.0,hot,0,0,0,0,1.0,0
0,63,meta-llama/Llama-3.1-8B,11,78,5956509160,40188995063,34232485903,23945801480,24145529703,152832669,"[26706189, 26706189, 26706189, 26706189, 26706189, 26706189, 26706189, 2506403764, 31739532, 26790979, 26790979, 26790979, 26790979, 26790979, 26706189, 26706189, 26706189, 26706189, 26706189, 26706189, 26706189, 1662081284, 26645180, 26645180, 26645180, 26645180, 26645180, 26645180, 26645180, 26645180, 301144315, 26956587, 144299998, 26997779, 324403902, 43600141, 32353969, 32353969, 30093409, 26363542, 26363542, 26363542, 25614678, 25614678, 185974391, 26171806, 26171806, 26171806, 26171806, 29983933, 29983933, 29983933, 29983933, 3120708474, 27761521, 26421342, 26421342, 26421342, 26421342, 26421342, 26421342, 237440576, 29806160, 29806160, 32513781, 26042517]",0,0,0,NPU,0,0,0,0,0,0,1.0,hot,0,0,0,0,1.0,0
0,52,meta-llama/Llama-3.1-8B,1282,1576,5008737007,41714747918,36706010911,24634153697,24893573633,40315485,"[199728223, 26706189, 26706189, 26706189, 26706189, 26706189, 26706189, 26706189, 26820478, 140218506, 26519806, 26519806, 26519806, 396894926, 26729656, 26729656, 26729656, 26729656, 26729656, 26729656, 26729656, 26729656, 26729656, 26729656, 26729656, 26729656, 26729656, 26729656, 26729656, 26729656, 26729656, 26729656, 26729656, 26729656, 26729656, 26729656, 26729656, 26729656, 26729656, 26729656, 26729656, 26729656, 26729656, 26729656, 26729656, 26729656, 26729656, 26729656, 26729656, 26729656, 26729656, 26729656, 26729656, 26729656, 26729656, 26729656, 26729656, 26729656, 26729656, 26729656, 26729656, 26729656, 26729656, 26729656, 26729656, 26729656, 27286840, 27286840, 27286840, 26309846, 26747034, 26747034, 26747034, 26747034, 26747034, 26747034, 26747034, 27786730, 27286840, 122495150, 31739532, 26790979, 26790979, 26790979, 26790979, 26790979, 26706189, 26706189, 26706189, 26706189, 26706189, 26706189, 26706189, 26246582, 26246582, 401346860, 26246582, 26246582, 26246582, 26246582, 26246582, 26246582, 26246582, 26246582, 26246582, 26246582, 26246582, 26246582, 26246582, 26246582, 26246582, 26246582, 26246582, 26246582, 26246582, 26246582, 26246582, 26246582, 26246582, 26246582, 26246582, 26246582, 26246582, 26246582, 26246582, 26246582, 26246582, 26246582, 26246582, 26246582, 26246582, 26246582, 26246582, 26246582, 26246582, 26246582, 26246582, 26246582, 26246582, 26246582, 26246582, 27145070, 26645180, 26645180, 26645180, 26645180, 26645180, 26645180, 26645180, 26645180, 26489255, 26489255, 26489255, 26489255, 26489255, 168698040, 26956587, 144299998, 26997779, 324403902, 43600141, 32353969, 32353969, 30093409, 26363542, 26363542, 26363542, 25614678, 25614678, 25892415, 25892415, 26447349, 26447349, 81294863, 26171806, 26171806, 26171806, 26171806, 29983933, 29983933, 29983933, 29983933, 25892415, 25892415, 25892415, 25892415, 25892415, 25892415, 25892415, 1671444217, 26032767, 26032767, 26032767, 26032767, 26032767, 26032767, 26032767, 26032767, 26032767, 26032767, 26032767, 26032767, 26032767, 26032767, 26032767, 443968831, 27019707, 27019707, 27019707, 27019707, 27019707, 27019707, 27019707, 27019707, 27019707, 27019707, 27019707, 27019707, 27019707, 27019707, 27019707, 28261411, 27761521, 26421342, 26421342, 26421342, 26421342, 26421342, 26421342, 25954302, 25954302, 25954302, 25954302, 25954302, 25954302, 25954302, 25954302, 29806160, 29806160, 29806160, 32513781, 26042517, 29983933, 27279380, 26349776, 25487317, 25487317, 25487317, 25487317, 25487317, 25487317, 25487317, 25487317, 32226704, 32153310, 32153310, 32153310, 32153310, 32153310, 32153310, 32153310, 32153310, 32153310, 32153310, 32153310, 32153310, 32153310, 32153310, 32153310, 32653200, 32153310, 32153310, 32153310, 32153310, 32153310, 32153310, 32153310, 32153310, 32153310, 32153310, 32153310, 32153310, 32153310, 32153310, 32153310, 26532657, 26032767, 26032767, 26032767, 26032767, 26032767, 26032767, 26032767]",0,0,0,NPU,0,0,0,0,0,0,1.0,hot,0,0,0,0,1.0,0
0,102,meta-llama/Llama-3.1-8B,49,73,9289586335,42890655262,33601068927,26300104300,26557482670,306242880,"[43600141, 32353969, 32353969, 4207575462, 1752091639, 32042957, 32042957, 32042957, 32042957, 32042957, 32042957, 31407201, 435935132, 31599977, 31601225, 31601225, 31601225, 31601225, 31601225, 31601225, 31601225, 31601225, 31601225]",0,0,0,SSD,0,16777216,0,16777216,16777216,16777216,1.0,hot,0,0,0,0,1.0,33554432
0,66,meta-llama/Llama-3.1-8B,62,170,6082919966,45538118018,39455198052,26712465984,26744205516,118794322,"[26790979, 26790979, 26790979, 26790979, 26790979, 26706189, 26706189, 26706189, 26706189, 26706189, 26706189, 26706189, 1662081284, 26645180, 26645180, 26645180, 26645180, 26645180, 26645180, 26645180, 26645180, 301144315, 26956587, 144299998, 26997779, 324403902, 43600141, 32353969, 32353969, 30093409, 26363542, 26363542, 26363542, 237203747, 134671157, 29983933, 29983933, 29983933, 3120708474, 27761521, 395968628, 29806160, 29806160, 32513781, 56026450, 27279380, 26349776, 1642436033, 32042957, 32042957, 32042957, 32042957, 32042957, 32042957, 31407201, 435935132, 31599977, 31601225, 31601225, 31601225, 31601225, 31601225, 31601225, 31601225, 31601225, 31601225, 31409793, 31409793, 31409793, 31409793, 31409793, 31409793, 26118142, 26118142, 26118142, 1558502044, 26520888, 26520888, 26520888, 26520888, 26520888, 26520888, 26520888, 26520888, 26520888, 26520888, 26520888, 26520888, 26520888, 26520888, 26520888, 26520888, 26520888, 26520888, 26520888, 26520888, 26520888, 26520888, 26520888, 26520888, 26520888, 26520888, 26520888, 26520888, 26520888, 26520888, 26520888]",0,0,0,NPU,0,0,0,0,0,0,1.0,hot,0,0,0,0,1.0,0
0,59,meta-llama/Llama-3.1-8B,39,364,5655061602,47087614711,41432553109,23987829102,24247249038,53041061,"[199728223, 26706189, 26706189, 26706189, 26706189, 26706189, 26706189, 26706189, 643493328, 26729656, 26729656, 26729656, 26729656, 26729656, 26729656, 26729656, 26729656, 26729656, 26729656, 26729656, 26729656, 26729656, 26729656, 26729656, 26729656, 26729656, 26729656, 26729656, 26729656, 26729656, 26729656, 26729656, 26729656, 26729656, 26729656, 26729656, 26729656, 26729656, 26729656, 26729656, 26729656, 26729656, 26729656, 26729656, 26729656, 26729656, 26729656, 26729656, 26729656, 26729656, 26729656, 26729656, 26729656, 26729656, 26729656, 26729656, 26729656, 26729656, 26729656, 26729656, 26729656, 27286840, 27286840, 27286840, 241325814, 27286840, 122495150, 31739532, 26790979, 26790979, 26790979, 26790979, 26790979, 26706189, 26706189, 26706189, 26706189, 26706189, 26706189, 26706189, 26246582, 26246582, 401346860, 26246582, 26246582, 26246582, 26246582, 26246582, 26246582, 26246582, 26246582, 26246582, 26246582, 26246582, 26246582, 26246582, 26246582, 26246582, 26246582, 26246582, 26246582, 26246582, 26246582, 26246582, 26246582, 26246582, 26246582, 26246582, 26246582, 26246582, 26246582, 26246582, 26246582, 26246582, 26246582, 26246582, 26246582, 26246582, 26246582, 26246582, 26246582, 26246582, 26246582, 26246582, 26246582, 26246582, 26246582, 26246582, 27145070, 26645180, 26645180, 26645180, 26645180, 26645180, 26645180, 26645180, 26645180, 301144315, 26956587, 144299998, 26997779, 324403902, 43600141, 32353969, 32353969, 30093409, 26363542, 26363542, 26363542, 25614678, 25614678, 185974391, 26171806, 26171806, 26171806, 26171806, 29983933, 29983933, 29983933, 29983933, 3120708474, 27761521, 26421342, 26421342, 26421342, 26421342, 26421342, 26421342, 237440576, 29806160, 29806160, 32513781, 26042517, 29983933, 27279380, 26349776, 25487317, 25487317, 25487317, 25487317, 25487317, 25487317, 25487317, 25487317, 1438537497, 32042957, 32042957, 32042957, 32042957, 32042957, 32042957, 31407201, 435935132, 31599977, 31601225, 31601225, 31601225, 31601225, 31601225, 31601225, 31601225, 31601225, 31601225, 31409793, 31409793, 31409793, 31409793, 31409793, 31409793, 26118142, 26118142, 26118142, 25263093, 25487317, 25487317, 25487317, 1049329677, 25322687, 25322687, 25322687, 25322687, 25322687, 25322687, 25322687, 25322687, 25335007, 25335007, 25335007, 25335007, 25335007, 25335007, 25335007, 27520778, 26520888, 26520888, 26520888, 26520888, 26520888, 26520888, 26520888, 26520888, 26520888, 26520888, 26520888, 26520888, 26520888, 26520888, 26520888, 26520888, 26520888, 26520888, 26520888, 26520888, 26520888, 26520888, 26520888, 26520888, 26520888, 26520888, 26520888, 26520888, 26520888, 26520888, 26520888, 26044318, 26044318, 26044318, 26044318, 26044318, 26044318, 26044318, 26044318, 26044318, 26044318, 26044318, 26044318, 26044318, 26044318, 26044318, 26044318, 25782115, 25954302, 25954302, 25954302, 25954302, 25954302, 25954302, 25954302, 25954302, 25954302, 25954302, 25954302, 25954302, 25954302, 25954302, 25954302, 26174577, 25674687, 25674687, 25674687, 25674687, 25674687, 25674687, 25674687, 25674687, 25674687, 25674687, 25674687, 25674687, 25674687, 25674687, 25674687, 25991239, 25491349, 25491349, 25491349, 25491349, 25491349, 25491349, 25491349, 25491349, 25491349, 25491349, 25491349]",0,0,0,SSD,0,6291456,0,6291456,6291456,6291456,1.0,hot,0,0,0,0,1.0,12582912
0,53,meta-llama/Llama-3.1-8B,105,620,5233952206,49169398903,43935446697,24408938498,24668358434,37484607,"[199728223, 26706189, 26706189, 26706189, 26706189, 26706189, 26706189, 26706189, 26820478, 140218506, 26519806, 26519806, 26519806, 396894926, 26729656, 26729656, 26729656, 26729656, 26729656, 26729656, 26729656, 26729656, 26729656, 26729656, 26729656, 26729656, 26729656, 26729656, 26729656, 26729656, 26729656, 26729656, 26729656, 26729656, 26729656, 26729656, 26729656, 26729656, 26729656, 26729656, 26729656, 26729656, 26729656, 26729656, 26729656, 26729656, 26729656, 26729656, 26729656, 26729656, 26729656, 26729656, 26729656, 26729656, 26729656, 26729656, 26729656, 26729656, 26729656, 26729656, 26729656, 26729656, 26729656, 26729656, 26729656, 26729656, 27286840, 27286840, 27286840, 26309846, 215015968, 27286840, 122495150, 31739532, 26790979, 26790979, 26790979, 26790979, 26790979, 26706189, 26706189, 26706189, 26706189, 26706189, 26706189, 26706189, 26246582, 26246582, 401346860, 26246582, 26246582, 26246582, 26246582, 26246582, 26246582, 26246582, 26246582, 26246582, 26246582, 26246582, 26246582, 26246582, 26246582, 26246582, 26246582, 26246582, 26246582, 26246582, 26246582, 26246582, 26246582, 26246582, 26246582, 26246582, 26246582, 26246582, 26246582, 26246582, 26246582, 26246582, 26246582, 26246582, 26246582, 26246582, 26246582, 26246582, 26246582, 26246582, 26246582, 26246582, 26246582, 26246582, 26246582, 26246582, 27145070, 26645180, 26645180, 26645180, 26645180, 26645180, 26645180, 26645180, 26645180, 26489255, 26489255, 26489255, 26489255, 26489255, 168698040, 26956587, 144299998, 26997779, 324403902, 43600141, 32353969, 32353969, 30093409, 26363542, 26363542, 26363542, 25614678, 25614678, 25892415, 25892415, 26447349, 26447349, 81294863, 26171806, 26171806, 26171806, 26171806, 29983933, 29983933, 29983933, 29983933, 25892415, 25892415, 25892415, 25892415, 25892415, 25892415, 25892415, 1671444217, 26032767, 26032767, 26032767, 26032767, 26032767, 26032767, 26032767, 26032767, 26032767, 26032767, 26032767, 26032767, 26032767, 26032767, 26032767, 877525847, 27761521, 26421342, 26421342, 26421342, 26421342, 26421342, 26421342, 25954302, 25954302, 25954302, 25954302, 25954302, 25954302, 25954302, 25954302, 29806160, 29806160, 29806160, 32513781, 26042517, 29983933, 27279380, 26349776, 25487317, 25487317, 25487317, 25487317, 25487317, 25487317, 25487317, 25487317, 1056011861, 26032767, 26032767, 26032767, 26032767, 26032767, 26032767, 26032767, 200296267, 32042957, 32042957, 32042957, 32042957, 32042957, 32042957, 31407201, 25677101, 25177211, 25177211, 25177211, 25177211, 25177211, 25177211, 25177211, 25177211, 25177211, 25177211, 25177211, 25177211, 25177211, 25177211, 25177211, 32599866, 31599977, 31601225, 31601225, 31601225, 31601225, 31601225, 31601225, 31601225, 31601225, 31601225, 31409793, 31409793, 31409793, 31409793, 31409793, 31409793, 26118142, 26118142, 26118142, 25263093, 25487317, 25487317, 25487317, 25274357, 25274357, 25274357, 25274357, 25274357, 25274357, 25274357, 25274357, 26507216, 26007326, 26007326, 26007326, 26007326, 26007326, 26007326, 26007326, 26007326, 26007326, 26007326, 26007326, 26007326, 26007326, 26007326, 26007326, 25762093, 25262203, 25262203, 25262203, 25262203, 25262203, 25262203, 25262203, 25262203, 25262203, 25262203, 25262203, 25262203, 25262203, 25262203, 25262203, 25822577, 25322687, 25322687, 25322687, 25322687, 25322687, 25322687, 25322687, 25322687, 25335007, 25335007, 25335007, 25335007, 25335007, 25335007, 25335007, 27520778, 26520888, 26520888, 26520888, 26520888, 26520888, 26520888, 26520888, 26520888, 26520888, 26520888, 26520888, 26520888, 26520888, 26520888, 26520888, 26520888, 26520888, 26520888, 26520888, 26520888, 26520888, 26520888, 26520888, 26520888, 26520888, 26520888, 26520888, 26520888, 26520888, 26520888, 26520888, 26044318, 26044318, 26044318, 26044318, 26044318, 26044318, 26044318, 26044318, 26044318, 26044318, 26044318, 26044318, 26044318, 26044318, 26044318, 26044318, 25782115, 25954302, 25954302, 25954302, 25954302, 25954302, 25954302, 25954302, 25954302, 25954302, 25954302, 25954302, 25954302, 25954302, 25954302, 25954302, 26174577, 25674687, 25674687, 25674687, 25674687, 25674687, 25674687, 25674687, 25674687, 25674687, 25674687, 25674687, 25674687, 25674687, 25674687, 25674687, 25991239, 25491349, 25491349, 25491349, 25491349, 25491349, 25491349, 25491349, 25491349, 25491349, 25491349, 25491349, 25782115, 25782115, 25782115, 25782115, 25782115, 25782115, 25782115, 25782115, 25782115, 25782115, 25782115, 25782115, 25782115, 25782115, 25782115, 25782115, 25782115, 25782115, 25782115, 25782115, 25782115, 25782115, 25782115, 26042517, 26042517, 26042517, 26042517, 26042517, 25897854, 25897854, 25897854, 25897854, 26253855, 26253855, 26253855, 26253855, 26403911, 25904021, 25904021, 25904021, 25904021, 25904021, 25904021, 25904021, 25904021, 25904021, 25904021, 25904021, 25904021, 25904021, 25904021, 25904021, 26753745, 26253855, 26253855, 26253855, 26253855, 26253855, 26253855, 26253855, 26253855, 26253855, 26253855, 26253855, 26253855, 26253855, 26253855, 26253855, 26397744, 25897854, 25897854, 25897854, 26294878, 26294878, 26294878, 26294878, 26294878, 26294878, 26294878, 26294878]",0,0,0,NPU,0,0,0,0,0,0,1.0,hot,0,0,0,0,1.0,0
0,72,meta-llama/Llama-3.1-8B,4,137,6856786607,49426166163,42569379556,28298926092,28467624132,106831480,"[26956587, 144299998, 26997779, 324403902, 43600141, 32353969, 32353969, 30093409, 316294373, 134671157, 29983933, 29983933, 29983933, 3120708474, 27761521, 395968628, 29806160, 29806160, 32513781, 56026450, 27279380, 26349776, 1642436033, 32042957, 32042957, 32042957, 32042957, 32042957, 32042957, 31407201, 435935132, 31599977, 31601225, 31601225, 31601225, 31601225, 31601225, 31601225, 31601225, 31601225, 31601225, 31409793, 31409793, 31409793, 31409793, 31409793, 31409793, 26118142, 26118142, 26118142, 1558502044, 26520888, 26520888, 26520888, 26520888, 26520888, 26520888, 26520888, 26520888, 26520888, 26520888, 26520888, 26520888, 26520888, 26520888, 26520888, 26520888, 26520888, 26520888, 26520888, 26520888, 26520888, 26520888, 26520888, 26520888, 26520888, 26520888, 26520888, 26520888, 26520888, 26520888, 26520888, 26044318, 26044318, 26044318, 26044318, 26044318, 26044318, 26044318, 26044318, 26044318, 26044318, 26044318, 26044318, 26044318, 26044318, 26044318, 26044318, 25782115, 1132787605, 25782115, 25782115, 25782115, 25782115, 25782115, 25782115, 25782115, 25782115, 25782115, 25782115, 25782115, 25782115, 25782115, 25782115, 25782115, 25782115, 25782115, 25782115, 25782115, 25782115, 25782115, 25782115, 1514410225, 25614678, 25614678, 25614678, 25614678, 25614678, 25614678, 25614678, 25614678, 26235158]",0,0,0,NPU,0,0,0,0,0,0,1.0,hot,0,0,0,0,1.0,0
0,58,meta-llama/Llama-3.1-8B,30,475,5615708394,49558490883,43942782489,24027182310,24286602246,44270676,"[199728223, 26706189, 26706189, 26706189, 26706189, 26706189, 26706189, 26706189, 26820478, 616672850, 26729656, 26729656, 26729656, 26729656, 26729656, 26729656, 26729656, 26729656, 26729656, 26729656, 26729656, 26729656, 26729656, 26729656, 26729656, 26729656, 26729656, 26729656, 26729656, 26729656, 26729656, 26729656, 26729656, 26729656, 26729656, 26729656, 26729656, 26729656, 26729656, 26729656, 26729656, 26729656, 26729656, 26729656, 26729656, 26729656, 26729656, 26729656, 26729656, 26729656, 26729656, 26729656, 26729656, 26729656, 26729656, 26729656, 26729656, 26729656, 26729656, 26729656, 26729656, 26729656, 27286840, 27286840, 27286840, 241325814, 27286840, 122495150, 31739532, 26790979, 26790979, 26790979, 26790979, 26790979, 26706189, 26706189, 26706189, 26706189, 26706189, 26706189, 26706189, 26246582, 26246582, 401346860, 26246582, 26246582, 26246582, 26246582, 26246582, 26246582, 26246582, 26246582, 26246582, 26246582, 26246582, 26246582, 26246582, 26246582, 26246582, 26246582, 26246582, 26246582, 26246582, 26246582, 26246582, 26246582, 26246582, 26246582, 26246582, 26246582, 26246582, 26246582, 26246582, 26246582, 26246582, 26246582, 26246582, 26246582, 26246582, 26246582, 26246582, 26246582, 26246582, 26246582, 26246582, 26246582, 26246582, 26246582, 26246582, 27145070, 26645180, 26645180, 26645180, 26645180, 26645180, 26645180, 26645180, 26645180, 301144315, 26956587, 144299998, 26997779, 324403902, 43600141, 32353969, 32353969, 30093409, 26363542, 26363542, 26363542, 25614678, 25614678, 185974391, 26171806, 26171806, 26171806, 26171806, 29983933, 29983933, 29983933, 29983933, 3120708474, 27761521, 26421342, 26421342, 26421342, 26421342, 26421342, 26421342, 25954302, 25954302, 25954302, 25954302, 25954302, 25954302, 25954302, 25954302, 29806160, 29806160, 29806160, 32513781, 26042517, 29983933, 27279380, 26349776, 25487317, 25487317, 25487317, 25487317, 25487317, 25487317, 25487317, 25487317, 1056011861, 26032767, 26032767, 26032767, 26032767, 26032767, 26032767, 26032767, 200296267, 32042957, 32042957, 32042957, 32042957, 32042957, 32042957, 31407201, 435935132, 31599977, 31601225, 31601225, 31601225, 31601225, 31601225, 31601225, 31601225, 31601225, 31601225, 31409793, 31409793, 31409793, 31409793, 31409793, 31409793, 26118142, 26118142, 26118142, 25263093, 25487317, 25487317, 25487317, 25274357, 25274357, 25274357, 25274357, 25274357, 25274357, 25274357, 25274357, 847134821, 25322687, 25322687, 25322687, 25322687, 25322687, 25322687, 25322687, 25322687, 25335007, 25335007, 25335007, 25335007, 25335007, 25335007, 25335007, 27520778, 26520888, 26520888, 26520888, 26520888, 26520888, 26520888, 26520888, 26520888, 26520888, 26520888, 26520888, 26520888, 26520888, 26520888, 26520888, 26520888, 26520888, 26520888, 26520888, 26520888, 26520888, 26520888, 26520888, 26520888, 26520888, 26520888, 26520888, 26520888, 26520888, 26520888, 26520888, 26044318, 26044318, 26044318, 26044318, 26044318, 26044318, 26044318, 26044318, 26044318, 26044318, 26044318, 26044318, 26044318, 26044318, 26044318, 26044318, 25782115, 25954302, 25954302, 25954302, 25954302, 25954302, 25954302, 25954302, 25954302, 25954302, 25954302, 25954302, 25954302, 25954302, 25954302, 25954302, 26174577, 25674687, 25674687, 25674687, 25674687, 25674687, 25674687, 25674687, 25674687, 25674687, 25674687, 25674687, 25674687, 25674687, 25674687, 25674687, 25991239, 25491349, 25491349, 25491349, 25491349, 25491349, 25491349, 25491349, 25491349, 25491349, 25491349, 25491349, 25782115, 25782115, 25782115, 25782115, 25782115, 25782115, 25782115, 25782115, 25782115, 25782115, 25782115, 25782115, 25782115, 25782115, 25782115, 25782115, 25782115, 25782115, 25782115, 25782115, 25782115, 25782115, 25782115, 26042517, 26042517, 26042517, 26042517, 26042517, 25897854, 25897854, 25897854, 25897854, 26253855, 26253855, 26253855, 26253855, 26403911, 25904021, 25904021, 25904021, 25904021, 25904021, 25904021, 25904021, 25904021, 25904021, 25904021, 25904021, 25904021, 25904021, 25904021, 25904021, 26753745, 26253855, 26253855, 26253855, 26253855, 26253855, 26253855, 26253855, 26253855, 26253855, 26253855, 26253855, 26253855, 26253855, 26253855, 26253855, 26397744, 25897854, 25897854, 25897854, 26294878, 26294878, 26294878, 26294878, 26294878, 26294878, 26294878, 26294878, 25614678, 25614678, 25614678, 25614678, 25614678, 25614678, 25614678, 25614678, 25614678, 26235158, 26464944, 26464944, 26464944, 26464944, 26464944]",0,0,0,NPU,0,0,0,0,0,0,1.0,hot,0,0,0,0,1.0,0
0,71,meta-llama/Llama-3.1-8B,229,368,6856232865,49585436397,42729203532,28299479834,28468177874,103340765,"[26956587, 144299998, 26997779, 324403902, 43600141, 32353969, 32353969, 30093409, 316294373, 134671157, 29983933, 29983933, 29983933, 3120708474, 27761521, 395968628, 29806160, 29806160, 32513781, 56026450, 27279380, 26349776, 1642436033, 32042957, 32042957, 32042957, 32042957, 32042957, 32042957, 31407201, 435935132, 31599977, 31601225, 31601225, 31601225, 31601225, 31601225, 31601225, 31601225, 31601225, 31601225, 31409793, 31409793, 31409793, 31409793, 31409793, 31409793, 26118142, 26118142, 26118142, 1558502044, 26520888, 26520888, 26520888, 26520888, 26520888, 26520888, 26520888, 26520888, 26520888, 26520888, 26520888, 26520888, 26520888, 26520888, 26520888, 26520888, 26520888, 26520888, 26520888, 26520888, 26520888, 26520888, 26520888, 26520888, 26520888, 26520888, 26520888, 26520888, 26520888, 26520888, 26520888, 26044318, 26044318, 26044318, 26044318, 26044318, 26044318, 26044318, 26044318, 26044318, 26044318, 26044318, 26044318, 26044318, 26044318, 26044318, 26044318, 25782115, 1132787605, 25782115, 25782115, 25782115, 25782115, 25782115, 25782115, 25782115, 25782115, 25782115, 25782115, 25782115, 25782115, 25782115, 25782115, 25782115, 25782115, 25782115, 25782115, 25782115, 25782115, 25782115, 25782115, 1514410225, 25614678, 25614678, 25614678, 25614678, 25614678, 25614678, 25614678, 25614678, 26235158, 26464944, 26464944, 26464944, 26464944, 26464944, 26945514]",0,0,0,NPU,0,0,0,0,0,0,1.0,hot,0,0,0,0,1.0,0
0,64,meta-llama/Llama-3.1-8B,266,463,5989489444,49678368018,43688878574,26737036306,26805896506,86137663,"[31739532, 26790979, 26790979, 26790979, 26790979, 26790979, 26706189, 26706189, 26706189, 26706189, 26706189, 26706189, 26706189, 1662081284, 26645180, 26645180, 26645180, 26645180, 26645180, 26645180, 26645180, 26645180, 301144315, 26956587, 144299998, 26997779, 324403902, 43600141, 32353969, 32353969, 30093409, 26363542, 26363542, 26363542, 25614678, 25614678, 185974391, 134671157, 29983933, 29983933, 29983933, 3120708474, 27761521, 26421342, 26421342, 26421342, 26421342, 26421342, 26421342, 237440576, 29806160, 29806160, 32513781, 56026450, 27279380, 26349776, 1642436033, 32042957, 32042957, 32042957, 32042957, 32042957, 32042957, 31407201, 435935132, 31599977, 31601225, 31601225, 31601225, 31601225, 31601225, 31601225, 31601225, 31601225, 31601225, 31409793, 31409793, 31409793, 31409793, 31409793, 31409793, 26118142, 26118142, 26118142, 1558502044, 26520888, 26520888, 26520888, 26520888, 26520888, 26520888, 26520888, 26520888, 26520888, 26520888, 26520888, 26520888, 26520888, 26520888, 26520888, 26520888, 26520888, 26520888, 26520888, 26520888, 26520888, 26520888, 26520888, 26520888, 26520888, 26520888, 26520888, 26520888, 26520888, 26520888, 26520888, 26044318, 26044318, 26044318, 26044318, 26044318, 26044318, 26044318, 26044318, 26044318, 26044318, 26044318, 26044318, 26044318, 26044318, 26044318, 26044318, 25782115, 1132787605, 25782115, 25782115, 25782115, 25782115, 25782115, 25782115, 25782115, 25782115, 25782115, 25782115, 25782115, 25782115, 25782115, 25782115, 25782115, 25782115, 25782115, 25782115, 25782115, 25782115, 25782115, 25782115, 26042517, 26042517, 26042517, 26042517, 26042517, 25897854, 25897854, 25897854, 25897854, 966938960, 25897854, 25897854, 25897854, 26294878, 26294878, 26294878, 26294878, 26294878, 26294878, 26294878, 26294878, 25614678, 25614678, 25614678, 25614678, 25614678, 25614678, 25614678, 25614678, 25614678, 26235158, 26464944, 26464944, 26464944, 26464944, 26464944, 26945514, 31310467, 30810577, 30810577]",0,0,0,NPU,0,0,0,0,0,0,1.0,hot,0,0,0,0,1.0,0
0,68,meta-llama/Llama-3.1-8B,626,773,6252715911,49739695722,43486979811,28902996788,29071694828,98734828,"[26956587, 144299998, 26997779, 324403902, 43600141, 32353969, 32353969, 30093409, 26363542, 26363542, 26363542, 237203747, 134671157, 29983933, 29983933, 29983933, 3120708474, 27761521, 395968628, 29806160, 29806160, 32513781, 56026450, 27279380, 26349776, 1642436033, 32042957, 32042957, 32042957, 32042957, 32042957, 32042957, 31407201, 435935132, 31599977, 31601225, 31601225, 31601225, 31601225, 31601225, 31601225, 31601225, 31601225, 31601225, 31409793, 31409793, 31409793, 31409793, 31409793, 31409793, 26118142, 26118142, 26118142, 1558502044, 26520888, 26520888, 26520888, 26520888, 26520888, 26520888, 26520888, 26520888, 26520888, 26520888, 26520888, 26520888, 26520888, 26520888, 26520888, 26520888, 26520888, 26520888, 26520888, 26520888, 26520888, 26520888, 26520888, 26520888, 26520888, 26520888, 26520888, 26520888, 26520888, 26520888, 26520888, 26044318, 26044318, 26044318, 26044318, 26044318, 26044318, 26044318, 26044318, 26044318, 26044318, 26044318, 26044318, 26044318, 26044318, 26044318, 26044318, 25782115, 1132787605, 25782115, 25782115, 25782115, 25782115, 25782115, 25782115, 25782115, 25782115, 25782115, 25782115, 25782115, 25782115, 25782115, 25782115, 25782115, 25782115, 25782115, 25782115, 25782115, 25782115, 25782115, 25782115, 1514410225, 25614678, 25614678, 25614678, 25614678, 25614678, 25614678, 25614678, 25614678, 26235158, 26464944, 26464944, 26464944, 26464944, 26464944, 26945514, 31310467, 30810577, 30810577, 30663852, 30663852]",0,0,0,NPU,0,0,0,0,0,0,1.0,hot,0,0,0,0,1.0,0
0,65,meta-llama/Llama-3.1-8B,36,274,6067730152,51888474776,45820744624,26658795598,26727655798,80561556,"[31739532, 26790979, 26790979, 26790979, 26790979, 26790979, 26706189, 26706189, 26706189, 26706189, 26706189, 26706189, 26706189, 1662081284, 26645180, 26645180, 26645180, 26645180, 26645180, 26645180, 26645180, 26645180, 301144315, 26956587, 144299998, 26997779, 324403902, 43600141, 32353969, 32353969, 30093409, 26363542, 26363542, 26363542, 25614678, 25614678, 185974391, 134671157, 29983933, 29983933, 29983933, 3120708474, 27761521, 395968628, 29806160, 29806160, 32513781, 56026450, 27279380, 26349776, 1642436033, 32042957, 32042957, 32042957, 32042957, 32042957, 32042957, 31407201, 435935132, 31599977, 31601225, 31601225, 31601225, 31601225, 31601225, 31601225, 31601225, 31601225, 31601225, 31409793, 31409793, 31409793, 31409793, 31409793, 31409793, 26118142, 26118142, 26118142, 1558502044, 26520888, 26520888, 26520888, 26520888, 26520888, 26520888, 26520888, 26520888, 26520888, 26520888, 26520888, 26520888, 26520888, 26520888, 26520888, 26520888, 26520888, 26520888, 26520888, 26520888, 26520888, 26520888, 26520888, 26520888, 26520888, 26520888, 26520888, 26520888, 26520888, 26520888, 26520888, 26044318, 26044318, 26044318, 26044318, 26044318, 26044318, 26044318, 26044318, 26044318, 26044318, 26044318, 26044318, 26044318, 26044318, 26044318, 26044318, 25782115, 1132787605, 25782115, 25782115, 25782115, 25782115, 25782115, 25782115, 25782115, 25782115, 25782115, 25782115, 25782115, 25782115, 25782115, 25782115, 25782115, 25782115, 25782115, 25782115, 25782115, 25782115, 25782115, 25782115, 26042517, 26042517, 26042517, 26042517, 26042517, 1384197640, 25614678, 25614678, 25614678, 25614678, 25614678, 25614678, 25614678, 25614678, 26235158, 26464944, 26464944, 26464944, 26464944, 26464944, 26945514, 31310467, 30810577, 30810577, 30663852, 30663852, 31406589, 30906699, 30906699, 30906699, 30906699, 29806160, 25649622, 25649622, 25884336, 25859550, 25859550, 557212920, 25884336, 25491349, 25491349, 26032767, 26032767, 26032767, 26032767, 26032767, 26032767, 26032767, 26032767, 26032767, 26032767, 26032767, 26032767, 26532657, 26032767, 26032767, 26032767, 26032767, 26032767, 26032767, 26032767, 26032767, 26032767, 26032767, 26032767, 26032767, 26032767, 26032767, 26032767, 29178814, 27279380, 26097524, 26097524, 26097524, 26097524, 25820922, 25916533, 25916533, 25668423, 25668423, 25668423, 25668423, 25668423, 25954302, 25954302, 26532657, 26253855]",0,0,0,NPU,0,0,0,0,0,0,1.0,hot,0,0,0,0,1.0,0
0,83,meta-llama/Llama-3.1-8B,12,79,7834202581,52191444488,44357241907,27755488054,28012866424,247642052,"[43600141, 32353969, 32353969, 30093409, 316294373, 134671157, 29983933, 29983933, 29983933, 3120708474, 27761521, 395968628, 29806160, 29806160, 32513781, 56026450, 27279380, 1668785809, 32042957, 32042957, 32042957, 32042957, 32042957, 32042957, 31407201, 435935132, 31599977, 31601225, 31601225, 31601225, 31601225, 31601225, 31601225, 31601225, 31601225, 31601225, 31409793, 31409793, 31409793, 31409793, 31409793, 31409793, 6537632844, 30810577, 30810577, 30663852, 30663852, 31406589, 30906699, 30906699, 30906699, 30906699, 29806160, 1521578814, 27279380, 445387365, 29806160, 29806160, 27279380, 27279380, 26425808, 26425808, 26425808, 26425808, 26425808, 26363542]",0,0,0,NPU,0,0,0,0,0,0,1.0,hot,0,0,0,0,1.0,0
0,57,meta-llama/Llama-3.1-8B,14,641,5611080198,53642433243,48031353045,24031810506,24291230442,37923518,"[199728223, 26706189, 26706189, 26706189, 26706189, 26706189, 26706189, 26706189, 26820478, 616672850, 26729656, 26729656, 26729656, 26729656, 26729656, 26729656, 26729656, 26729656, 26729656, 26729656, 26729656, 26729656, 26729656, 26729656, 26729656, 26729656, 26729656, 26729656, 26729656, 26729656, 26729656, 26729656, 26729656, 26729656, 26729656, 26729656, 26729656, 26729656, 26729656, 26729656, 26729656, 26729656, 26729656, 26729656, 26729656, 26729656, 26729656, 26729656, 26729656, 26729656, 26729656, 26729656, 26729656, 26729656, 26729656, 26729656, 26729656, 26729656, 26729656, 26729656, 26729656, 26729656, 27286840, 27286840, 27286840, 241325814, 27286840, 122495150, 31739532, 26790979, 26790979, 26790979, 26790979, 26790979, 26706189, 26706189, 26706189, 26706189, 26706189, 26706189, 26706189, 26246582, 26246582, 401346860, 26246582, 26246582, 26246582, 26246582, 26246582, 26246582, 26246582, 26246582, 26246582, 26246582, 26246582, 26246582, 26246582, 26246582, 26246582, 26246582, 26246582, 26246582, 26246582, 26246582, 26246582, 26246582, 26246582, 26246582, 26246582, 26246582, 26246582, 26246582, 26246582, 26246582, 26246582, 26246582, 26246582, 26246582, 26246582, 26246582, 26246582, 26246582, 26246582, 26246582, 26246582, 26246582, 26246582, 26246582, 26246582, 27145070, 26645180, 26645180, 26645180, 26645180, 26645180, 26645180, 26645180, 26645180, 301144315, 26956587, 144299998, 26997779, 324403902, 43600141, 32353969, 32353969, 30093409, 26363542, 26363542, 26363542, 25614678, 25614678, 185974391, 26171806, 26171806, 26171806, 26171806, 29983933, 29983933, 29983933, 29983933, 3120708474, 27761521, 26421342, 26421342, 26421342, 26421342, 26421342, 26421342, 25954302, 25954302, 25954302, 25954302, 25954302, 25954302, 25954302, 25954302, 29806160, 29806160, 29806160, 32513781, 26042517, 29983933, 27279380, 26349776, 25487317, 25487317, 25487317, 25487317, 25487317, 25487317, 25487317, 25487317, 1056011861, 26032767, 26032767, 26032767, 26032767, 26032767, 26032767, 26032767, 200296267, 32042957, 32042957, 32042957, 32042957, 32042957, 32042957, 31407201, 25677101, 25177211, 25177211, 25177211, 25177211, 25177211, 25177211, 25177211, 25177211, 25177211, 25177211, 25177211, 25177211, 25177211, 25177211, 25177211, 32599866, 31599977, 31601225, 31601225, 31601225, 31601225, 31601225, 31601225, 31601225, 31601225, 31601225, 31409793, 31409793, 31409793, 31409793, 31409793, 31409793, 26118142, 26118142, 26118142, 25263093, 25487317, 25487317, 25487317, 25274357, 25274357, 25274357, 25274357, 25274357, 25274357, 25274357, 25274357, 442379199, 25262203, 25262203, 25262203, 25262203, 25262203, 25262203, 25262203, 25262203, 25262203, 25262203, 25262203, 25262203, 25262203, 25262203, 25262203, 25822577, 25322687, 25322687, 25322687, 25322687, 25322687, 25322687, 25322687, 25322687, 25335007, 25335007, 25335007, 25335007, 25335007, 25335007, 25335007, 27520778, 26520888, 26520888, 26520888, 26520888, 26520888, 26520888, 26520888, 26520888, 26520888, 26520888, 26520888, 26520888, 26520888, 26520888, 26520888, 26520888, 26520888, 26520888, 26520888, 26520888, 26520888, 26520888, 26520888, 26520888, 26520888, 26520888, 26520888, 26520888, 26520888, 26520888, 26520888, 26044318, 26044318, 26044318, 26044318, 26044318, 26044318, 26044318, 26044318, 26044318, 26044318, 26044318, 26044318, 26044318, 26044318, 26044318, 26044318, 25782115, 25954302, 25954302, 25954302, 25954302, 25954302, 25954302, 25954302, 25954302, 25954302, 25954302, 25954302, 25954302, 25954302, 25954302, 25954302, 26174577, 25674687, 25674687, 25674687, 25674687, 25674687, 25674687, 25674687, 25674687, 25674687, 25674687, 25674687, 25674687, 25674687, 25674687, 25674687, 25991239, 25491349, 25491349, 25491349, 25491349, 25491349, 25491349, 25491349, 25491349, 25491349, 25491349, 25491349, 25782115, 25782115, 25782115, 25782115, 25782115, 25782115, 25782115, 25782115, 25782115, 25782115, 25782115, 25782115, 25782115, 25782115, 25782115, 25782115, 25782115, 25782115, 25782115, 25782115, 25782115, 25782115, 25782115, 26042517, 26042517, 26042517, 26042517, 26042517, 25897854, 25897854, 25897854, 25897854, 26253855, 26253855, 26253855, 26253855, 26403911, 25904021, 25904021, 25904021, 25904021, 25904021, 25904021, 25904021, 25904021, 25904021, 25904021, 25904021, 25904021, 25904021, 25904021, 25904021, 26753745, 26253855, 26253855, 26253855, 26253855, 26253855, 26253855, 26253855, 26253855, 26253855, 26253855, 26253855, 26253855, 26253855, 26253855, 26253855, 26397744, 25897854, 25897854, 25897854, 26294878, 26294878, 26294878, 26294878, 26294878, 26294878, 26294878, 26294878, 25614678, 25614678, 25614678, 25614678, 25614678, 25614678, 25614678, 25614678, 25614678, 26235158, 26464944, 26464944, 26464944, 26464944, 26464944, 26945514, 31310467, 30810577, 30810577, 30663852, 30663852, 31406589, 30906699, 30906699, 30906699, 30906699, 29806160, 25649622, 25649622, 25884336, 25859550, 25859550, 26447349, 26447349, 26447349, 26447349, 26947239, 26447349, 26447349, 26447349, 26447349, 26447349, 26447349, 26600885, 26600885, 26600885, 26600885, 26600885, 26600885, 26600885, 26600885, 26600885, 26384226, 25884336, 25491349, 25491349, 26032767, 26032767, 26032767, 26032767, 26032767, 26032767, 26032767, 26032767, 26032767, 26032767, 26032767, 26032767, 26532657, 26032767, 26032767, 26032767, 26032767, 26032767, 26032767, 26032767, 26032767, 26032767, 26032767, 26032767, 26032767, 26032767, 26032767, 26032767, 29178814, 27279380, 26097524, 26097524, 26097524, 26097524, 25820922, 25916533, 25916533, 25668423, 25668423, 25668423, 25668423, 25668423, 25954302, 25954302, 26532657, 26253855, 30306050, 29806160, 29806160, 27279380, 27279380, 26425808, 26425808, 26425808, 26425808, 26425808, 26363542, 29738742, 28193675, 25614678, 30983823, 30783396, 30283506, 30283506, 30283506, 30283506, 30283506, 30283506, 30283506, 30283506, 30283506, 30283506, 29482892, 28501850, 26520888, 25782115, 27519597, 27019707, 27019707, 27019707, 27019707, 27019707, 27019707, 27019707, 27019707, 27019707, 27019707, 27019707, 27019707, 27019707, 27019707, 27019707, 27519597, 27019707, 27019707, 27019707, 27019707, 27019707, 27019707, 27019707, 27019707, 27019707, 27019707, 27019707, 27019707, 27019707, 27019707, 27019707, 26921232]",0,0,0,NPU,0,0,0,0,0,0,1.0,hot,0,0,0,0,1.0,0
0,61,meta-llama/Llama-3.1-8B,986,1393,5735930675,53642433243,47906502568,24166379965,24366108188,57981266,"[26706189, 26706189, 26706189, 26706189, 26706189, 26706189, 26706189, 2506403764, 31739532, 26790979, 26790979, 26790979, 26790979, 26790979, 26706189, 26706189, 26706189, 26706189, 26706189, 26706189, 26706189, 1662081284, 26645180, 26645180, 26645180, 26645180, 26645180, 26645180, 26645180, 26645180, 301144315, 26956587, 144299998, 26997779, 324403902, 43600141, 32353969, 32353969, 30093409, 26363542, 26363542, 26363542, 25614678, 25614678, 185974391, 26171806, 26171806, 26171806, 26171806, 29983933, 29983933, 29983933, 29983933, 3120708474, 27761521, 26421342, 26421342, 26421342, 26421342, 26421342, 26421342, 237440576, 29806160, 29806160, 32513781, 26042517, 29983933, 27279380, 26349776, 1642436033, 32042957, 32042957, 32042957, 32042957, 32042957, 32042957, 31407201, 435935132, 31599977, 31601225, 31601225, 31601225, 31601225, 31601225, 31601225, 31601225, 31601225, 31601225, 31409793, 31409793, 31409793, 31409793, 31409793, 31409793, 26118142, 26118142, 26118142, 25263093, 25487317, 25487317, 25487317, 1456777000, 26520888, 26520888, 26520888, 26520888, 26520888, 26520888, 26520888, 26520888, 26520888, 26520888, 26520888, 26520888, 26520888, 26520888, 26520888, 26520888, 26520888, 26520888, 26520888, 26520888, 26520888, 26520888, 26520888, 26520888, 26520888, 26520888, 26520888, 26520888, 26520888, 26520888, 26520888, 26044318, 26044318, 26044318, 26044318, 26044318, 26044318, 26044318, 26044318, 26044318, 26044318, 26044318, 26044318, 26044318, 26044318, 26044318, 26044318, 25782115, 25954302, 25954302, 25954302, 25954302, 25954302, 25954302, 25954302, 25954302, 25954302, 25954302, 25954302, 25954302, 25954302, 25954302, 25954302, 437286121, 25491349, 25491349, 25491349, 25491349, 25491349, 25491349, 25491349, 25491349, 25491349, 25491349, 25491349, 25782115, 25782115, 25782115, 25782115, 25782115, 25782115, 25782115, 25782115, 25782115, 25782115, 25782115, 25782115, 25782115, 25782115, 25782115, 25782115, 25782115, 25782115, 25782115, 25782115, 25782115, 25782115, 25782115, 26042517, 26042517, 26042517, 26042517, 26042517, 25897854, 25897854, 25897854, 25897854, 26253855, 26253855, 26253855, 26253855, 441717971, 26253855, 26253855, 26253855, 26253855, 26253855, 26253855, 26253855, 26253855, 26253855, 26253855, 26253855, 26253855, 26253855, 26253855, 26253855, 26397744, 25897854, 25897854, 25897854, 26294878, 26294878, 26294878, 26294878, 26294878, 26294878, 26294878, 26294878, 25614678, 25614678, 25614678, 25614678, 25614678, 25614678, 25614678, 25614678, 25614678, 26235158, 26464944, 26464944, 26464944, 26464944, 26464944, 26945514, 31310467, 30810577, 30810577, 30663852, 30663852, 31406589, 30906699, 30906699, 30906699, 30906699, 29806160, 25649622, 25649622, 25884336, 25859550, 25859550, 26447349, 26447349, 26447349, 26447349, 26947239, 26447349, 26447349, 26447349, 26447349, 26447349, 26447349, 26600885, 26600885, 26600885, 26600885, 26600885, 26600885, 26600885, 26600885, 26600885, 26384226, 25884336, 25491349, 25491349, 26032767, 26032767, 26032767, 26032767, 26032767, 26032767, 26032767, 26032767, 26032767, 26032767, 26032767, 26032767, 26532657, 26032767, 26032767, 26032767, 26032767, 26032767, 26032767, 26032767, 26032767, 26032767, 26032767, 26032767, 26032767, 26032767, 26032767, 26032767, 29178814, 27279380, 26097524, 26097524, 26097524, 26097524, 25820922, 25916533, 25916533, 25668423, 25668423, 25668423, 25668423, 25668423, 25954302, 25954302, 26532657, 26253855, 30306050, 29806160, 29806160, 27279380, 27279380, 26425808, 26425808, 26425808, 26425808, 26425808, 26363542, 29738742, 28193675, 25614678, 30983823, 30783396, 30283506, 30283506, 30283506, 30283506, 30283506, 30283506, 30283506, 30283506, 30283506, 30283506, 29482892, 28501850, 26520888, 25782115, 27519597, 27019707, 27019707, 27019707, 27019707, 27019707, 27019707, 27019707, 27019707, 27019707, 27019707, 27019707, 27019707, 27019707, 27019707, 27019707, 27519597, 27019707, 27019707, 27019707, 27019707, 27019707, 27019707, 27019707, 27019707, 27019707, 27019707, 27019707, 27019707, 27019707, 27019707, 27019707, 26921232]",0,0,0,SSD,0,264241152,0,264241152,264241152,264241152,1.0,hot,0,0,0,0,1.0,528482304
0,100,meta-llama/Llama-3.1-8B,11,78,9150673710,53824993539,44674319829,26439016925,26696395295,272392795,"[43600141, 32353969, 32353969, 4207575462, 1752091639, 32042957, 32042957, 32042957, 32042957, 32042957, 32042957, 31407201, 435935132, 31599977, 31601225, 31601225, 31601225, 31601225, 31601225, 31601225, 31601225, 31601225, 31601225, 31409793, 31409793, 31409793, 31409793, 31409793, 31409793, 6537632844, 30810577, 30810577, 30663852, 30663852, 31406589, 30906699, 30906699, 30906699, 30906699, 29806160, 1521578814, 472666745, 29806160, 29806160, 242790084, 28193675, 56598501, 30783396, 30283506, 30283506, 30283506, 30283506, 30283506, 30283506, 30283506, 30283506, 30283506, 30283506, 29482892, 28501850, 975697930, 30343401, 30343401, 30343401, 30343401, 30343401]",0,0,0,SSD,0,4194304,0,4194304,4194304,4194304,1.0,hot,0,0,0,0,1.0,8388608
0,110,meta-llama/Llama-3.1-8B,35,98,9889338569,53976411069,44087072500,25700352066,25957730436,292408742,"[43600141, 32353969, 32353969, 4207575462, 1752091639, 32042957, 32042957, 32042957, 32042957, 32042957, 32042957, 31407201, 435935132, 31599977, 31601225, 31601225, 31601225, 31601225, 31601225, 31601225, 31601225, 31601225, 31601225, 31409793, 31409793, 31409793, 31409793, 31409793, 31409793, 6537632844, 30810577, 30810577, 30663852, 30663852, 31406589, 30906699, 30906699, 30906699, 30906699, 2411246299, 30783396, 30283506, 30283506, 30283506, 30283506, 30283506, 30283506, 30283506, 30283506, 30283506, 30283506, 1033682672, 30343401, 30343401, 30343401, 30343401, 30343401, 30283506, 30283506, 30283506, 30283506, 30283506]",0,0,0,SSD,0,10485760,0,10485760,10485760,10485760,1.0,hot,0,0,0,0,1.0,20971520
0,76,meta-llama/Llama-3.1-8B,34,158,7426573616,54558090145,47131516529,28163117019,28420495389,152122123,"[43600141, 32353969, 32353969, 30093409, 316294373, 134671157, 29983933, 29983933, 29983933, 3120708474, 27761521, 395968628, 29806160, 29806160, 32513781, 56026450, 27279380, 1668785809, 32042957, 32042957, 32042957, 32042957, 32042957, 32042957, 31407201, 435935132, 31599977, 31601225, 31601225, 31601225, 31601225, 31601225, 31601225, 31601225, 31601225, 31601225, 31409793, 31409793, 31409793, 31409793, 31409793, 31409793, 6506322377, 31310467, 30810577, 30810577, 30663852, 30663852, 31406589, 30906699, 30906699, 30906699, 30906699, 29806160, 25649622, 25649622, 25884336, 608932020, 25884336, 809578878, 27279380, 445387365, 29806160, 29806160, 27279380, 27279380, 26425808, 26425808, 26425808, 26425808, 26425808, 26363542, 29738742, 28193675, 25614678, 30983823, 30783396, 30283506, 30283506, 30283506, 30283506, 30283506, 30283506, 30283506, 30283506, 30283506, 30283506, 29482892, 28501850, 26520888, 25782115, 892551636, 30843291, 30343401, 30343401, 30343401, 30343401, 30343401, 30283506, 30283506, 30283506, 30283506, 30283506, 30093409, 30093409, 30093409, 30093409, 30093409, 30093409, 30093409, 30093409, 30093409, 30093409, 30093409, 30093409, 30093409, 30093409, 27219992, 27219992, 26851204, 26360054, 26360054, 26360054]",0,0,0,SSD,0,10485760,0,10485760,10485760,10485760,1.0,hot,0,0,0,0,1.0,20971520
0,74,meta-llama/Llama-3.1-8B,682,824,7148485874,55189572386,48041086512,28202881452,28347181450,139673085,"[26997779, 324403902, 43600141, 32353969, 32353969, 30093409, 316294373, 134671157, 29983933, 29983933, 29983933, 3120708474, 27761521, 395968628, 29806160, 29806160, 32513781, 56026450, 27279380, 26349776, 1642436033, 32042957, 32042957, 32042957, 32042957, 32042957, 32042957, 31407201, 435935132, 31599977, 31601225, 31601225, 31601225, 31601225, 31601225, 31601225, 31601225, 31601225, 31601225, 31409793, 31409793, 31409793, 31409793, 31409793, 31409793, 6506322377, 31310467, 30810577, 30810577, 30663852, 30663852, 31406589, 30906699, 30906699, 30906699, 30906699, 29806160, 25649622, 25649622, 25884336, 608932020, 25884336, 809578878, 27279380, 26097524, 26097524, 26097524, 26097524, 25820922, 315176347, 29806160, 29806160, 27279380, 27279380, 26425808, 26425808, 26425808, 26425808, 26425808, 26363542, 29738742, 28193675, 25614678, 30983823, 30783396, 30283506, 30283506, 30283506, 30283506, 30283506, 30283506, 30283506, 30283506, 30283506, 30283506, 29482892, 28501850, 26520888, 25782115, 892551636, 30843291, 30343401, 30343401, 30343401, 30343401, 30343401, 30283506, 30283506, 30283506, 30283506, 30283506, 30093409, 30093409, 30093409, 30093409, 30093409, 30093409, 30093409, 30093409, 30093409, 30093409, 30093409, 30093409, 30093409, 30093409, 27219992, 27219992, 26851204, 26360054, 26360054, 26360054, 29983933, 25774206, 395304660, 25774206, 25774206, 25774206, 25774206, 25774206, 25774206, 25774206]",0,0,0,SSD,0,96468992,0,96468992,96468992,96468992,1.0,hot,0,0,0,0,1.0,192937984
0,106,meta-llama/Llama-3.1-8B,13,107,9680258683,55488133876,45807875193,25909431952,26166810322,211194245,"[43600141, 32353969, 32353969, 4207575462, 1752091639, 32042957, 32042957, 32042957, 32042957, 32042957, 32042957, 31407201, 435935132, 31599977, 31601225, 31601225, 31601225, 31601225, 31601225, 31601225, 31601225, 31601225, 31601225, 31409793, 31409793, 31409793, 31409793, 31409793, 31409793, 6537632844, 30810577, 30810577, 30663852, 30663852, 31406589, 30906699, 30906699, 30906699, 30906699, 29806160, 1994245559, 29806160, 29806160, 242790084, 84792176, 30783396, 30283506, 30283506, 30283506, 30283506, 30283506, 30283506, 30283506, 30283506, 30283506, 30283506, 29482892, 1004199780, 30343401, 30343401, 30343401, 30343401, 30343401, 30283506, 30283506, 30283506, 30283506, 30283506, 30093409, 30093409, 30093409, 30093409, 30093409, 30093409, 30093409, 30093409, 30093409, 30093409, 30093409, 30093409, 30093409, 30093409, 190355283, 631804358, 29806160, 29806160, 29806160, 29806160, 29806160, 29806160, 29806160, 29806160, 29806160]",0,0,0,NPU,0,0,0,0,0,0,1.0,hot,0,0,0,0,1.0,0
0,81,meta-llama/Llama-3.1-8B,28,168,7787453895,56326842956,48539389061,27802236740,28059615110,147336503,"[43600141, 32353969, 32353969, 30093409, 316294373, 134671157, 29983933, 29983933, 29983933, 3120708474, 27761521, 395968628, 29806160, 29806160, 32513781, 56026450, 27279380, 1668785809, 32042957, 32042957, 32042957, 32042957, 32042957, 32042957, 31407201, 435935132, 31599977, 31601225, 31601225, 31601225, 31601225, 31601225, 31601225, 31601225, 31601225, 31601225, 31409793, 31409793, 31409793, 31409793, 31409793, 31409793, 6537632844, 30810577, 30810577, 30663852, 30663852, 31406589, 30906699, 30906699, 30906699, 30906699, 29806160, 1521578814, 27279380, 445387365, 29806160, 29806160, 27279380, 27279380, 26425808, 26425808, 26425808, 26425808, 26425808, 26363542, 29738742, 28193675, 56598501, 30783396, 30283506, 30283506, 30283506, 30283506, 30283506, 30283506, 30283506, 30283506, 30283506, 30283506, 29482892, 28501850, 26520888, 949177042, 30343401, 30343401, 30343401, 30343401, 30343401, 30283506, 30283506, 30283506, 30283506, 30283506, 30093409, 30093409, 30093409, 30093409, 30093409, 30093409, 30093409, 30093409, 30093409, 30093409, 30093409, 30093409, 30093409, 30093409, 27219992, 27219992, 26851204, 26360054, 26360054, 26360054, 29983933, 631804358, 29806160, 29806160, 29806160, 29806160, 29806160, 29806160, 29806160, 29806160, 29806160, 29738742, 29738742, 29746454, 29746454, 29746454, 29746454, 29746454, 29746454, 29746454, 29746454, 26822699, 26822699, 78164699, 409449867]",0,0,0,SSD,0,18874368,0,18874368,18874368,18874368,1.0,hot,0,0,0,0,1.0,37748736
0,73,meta-llama/Llama-3.1-8B,16,302,7025776284,56669571100,49643794816,28129936415,28298634455,74895299,"[26956587, 144299998, 26997779, 324403902, 43600141, 32353969, 32353969, 30093409, 316294373, 134671157, 29983933, 29983933, 29983933, 3120708474, 27761521, 395968628, 29806160, 29806160, 32513781, 56026450, 27279380, 26349776, 1642436033, 32042957, 32042957, 32042957, 32042957, 32042957, 32042957, 31407201, 435935132, 31599977, 31601225, 31601225, 31601225, 31601225, 31601225, 31601225, 31601225, 31601225, 31601225, 31409793, 31409793, 31409793, 31409793, 31409793, 31409793, 1636856470, 26520888, 26520888, 26520888, 26520888, 26520888, 26520888, 26520888, 26520888, 26520888, 26520888, 26520888, 26520888, 26520888, 26520888, 26520888, 26520888, 26520888, 26520888, 26520888, 26520888, 26520888, 26520888, 26520888, 26520888, 26520888, 26520888, 26520888, 26520888, 26520888, 26520888, 26520888, 26044318, 26044318, 26044318, 26044318, 26044318, 26044318, 26044318, 26044318, 26044318, 26044318, 26044318, 26044318, 26044318, 26044318, 26044318, 26044318, 1158569720, 25782115, 25782115, 25782115, 25782115, 25782115, 25782115, 25782115, 25782115, 25782115, 25782115, 25782115, 25782115, 25782115, 25782115, 25782115, 25782115, 25782115, 25782115, 25782115, 25782115, 25782115, 25782115, 1514410225, 25614678, 25614678, 25614678, 25614678, 25614678, 25614678, 25614678, 25614678, 26235158, 26464944, 26464944, 26464944, 26464944, 26464944, 26945514, 31310467, 30810577, 30810577, 30663852, 30663852, 31406589, 30906699, 30906699, 30906699, 30906699, 29806160, 25649622, 25649622, 25884336, 608932020, 25884336, 809578878, 27279380, 26097524, 26097524, 26097524, 26097524, 25820922, 25916533, 25916533, 263343281, 29806160, 29806160, 27279380, 27279380, 26425808, 26425808, 26425808, 26425808, 26425808, 26363542, 29738742, 28193675, 25614678, 30983823, 30783396, 30283506, 30283506, 30283506, 30283506, 30283506, 30283506, 30283506, 30283506, 30283506, 30283506, 29482892, 28501850, 26520888, 25782115, 892551636, 30843291, 30343401, 30343401, 30343401, 30343401, 30343401, 30283506, 30283506, 30283506, 30283506, 30283506, 30093409, 30093409, 30093409, 30093409, 30093409, 30093409, 30093409, 30093409, 30093409, 30093409, 30093409, 30093409, 30093409, 30093409, 27219992, 27219992, 26851204, 26360054, 26360054, 26360054, 29983933, 25774206, 395304660, 25774206, 25774206, 25774206, 25774206, 25774206, 25774206, 25774206, 30306050, 29806160, 29806160, 29806160, 29806160, 29806160, 29806160, 29806160, 29806160, 29806160, 29738742, 29738742, 29746454, 29746454, 29746454, 29746454, 29746454, 29746454, 29746454, 29746454, 26822699, 26822699, 25485022, 25485022, 27194655, 25501991, 25501991, 25501991, 25501991, 25501991, 25501991, 25501991, 25501991, 25501991, 25501991, 25501991, 25501991, 25501991, 25501991, 25501991, 26920002, 27322589, 26822699, 26822699, 26822699, 26822699, 26822699, 26822699, 25843491, 25774206, 25712916, 25712916, 25712916, 25712916]",0,0,0,SSD,0,8388608,0,8388608,8388608,8388608,1.0,hot,0,0,0,0,1.0,16777216
0,78,meta-llama/Llama-3.1-8B,7,191,7478655809,57110236546,49631580737,28111034826,28368413196,116192172,"[43600141, 32353969, 32353969, 30093409, 316294373, 134671157, 29983933, 29983933, 29983933, 3120708474, 27761521, 395968628, 29806160, 29806160, 32513781, 56026450, 27279380, 1668785809, 32042957, 32042957, 32042957, 32042957, 32042957, 32042957, 31407201, 435935132, 31599977, 31601225, 31601225, 31601225, 31601225, 31601225, 31601225, 31601225, 31601225, 31601225, 31409793, 31409793, 31409793, 31409793, 31409793, 31409793, 6506322377, 31310467, 30810577, 30810577, 30663852, 30663852, 31406589, 30906699, 30906699, 30906699, 30906699, 29806160, 25649622, 25649622, 1470279570, 27279380, 445387365, 29806160, 29806160, 27279380, 27279380, 26425808, 26425808, 26425808, 26425808, 26425808, 26363542, 29738742, 28193675, 25614678, 30983823, 30783396, 30283506, 30283506, 30283506, 30283506, 30283506, 30283506, 30283506, 30283506, 30283506, 30283506, 29482892, 28501850, 26520888, 25782115, 923394927, 30343401, 30343401, 30343401, 30343401, 30343401, 30283506, 30283506, 30283506, 30283506, 30283506, 30093409, 30093409, 30093409, 30093409, 30093409, 30093409, 30093409, 30093409, 30093409, 30093409, 30093409, 30093409, 30093409, 30093409, 27219992, 27219992, 26851204, 26360054, 26360054, 26360054, 29983933, 25774206, 395304660, 25774206, 25774206, 25774206, 25774206, 25774206, 25774206, 25774206, 30306050, 29806160, 29806160, 29806160, 29806160, 29806160, 29806160, 29806160, 29806160, 29806160, 29738742, 29738742, 29746454, 29746454, 29746454, 29746454, 29746454, 29746454, 29746454, 29746454, 26822699, 26822699, 78164699, 409449867, 27322589, 26822699, 26822699, 26822699, 26822699, 26822699, 26822699, 25843491, 25774206, 25712916, 25712916, 25712916, 25712916, 29363483, 28272208, 26001881, 25501991, 25501991, 25501991, 25501991, 25501991, 25501991, 25501991, 25501991, 25501991, 25501991, 25501991, 25501991, 25501991, 25501991]",0,0,0,SSD,0,8388608,0,8388608,8388608,8388608,1.0,hot,0,0,0,0,1.0,16777216
0,89,meta-llama/Llama-3.1-8B,34,174,8425191154,57222668162,48797477008,27164499481,27421877851,153781288,"[43600141, 32353969, 32353969, 30093409, 316294373, 134671157, 29983933, 29983933, 29983933, 3544438623, 29806160, 29806160, 32513781, 56026450, 1696065189, 32042957, 32042957, 32042957, 32042957, 32042957, 32042957, 31407201, 435935132, 31599977, 31601225, 31601225, 31601225, 31601225, 31601225, 31601225, 31601225, 31601225, 31601225, 31409793, 31409793, 31409793, 31409793, 31409793, 31409793, 6537632844, 30810577, 30810577, 30663852, 30663852, 31406589, 30906699, 30906699, 30906699, 30906699, 29806160, 1521578814, 27279380, 445387365, 29806160, 29806160, 27279380, 27279380, 188231324, 28193675, 56598501, 30783396, 30283506, 30283506, 30283506, 30283506, 30283506, 30283506, 30283506, 30283506, 30283506, 30283506, 29482892, 28501850, 975697930, 30343401, 30343401, 30343401, 30343401, 30343401, 30283506, 30283506, 30283506, 30283506, 30283506, 30093409, 30093409, 30093409, 30093409, 30093409, 30093409, 30093409, 30093409, 30093409, 30093409, 30093409, 30093409, 30093409, 30093409, 27219992, 27219992, 26851204, 109064095, 631804358, 29806160, 29806160, 29806160, 29806160, 29806160, 29806160, 29806160, 29806160, 29806160, 29738742, 29738742, 29746454, 29746454, 29746454, 29746454, 29746454, 29746454, 29746454, 29746454, 26822699, 26822699, 78164699, 409449867, 27322589, 26822699, 26822699, 26822699, 26822699, 26822699, 26822699, 183832844, 28272208, 411137659, 28107904, 28107904, 28107904]",0,0,0,NPU,0,0,0,0,0,0,1.0,hot,0,0,0,0,1.0,0
0,70,meta-llama/Llama-3.1-8B,7,364,6834078921,58293406492,51459327571,28321633778,28490331818,64519650,"[26956587, 144299998, 26997779, 324403902, 43600141, 32353969, 32353969, 30093409, 316294373, 134671157, 29983933, 29983933, 29983933, 3120708474, 27761521, 395968628, 29806160, 29806160, 32513781, 56026450, 27279380, 26349776, 1642436033, 32042957, 32042957, 32042957, 32042957, 32042957, 32042957, 31407201, 435935132, 31599977, 31601225, 31601225, 31601225, 31601225, 31601225, 31601225, 31601225, 31601225, 31601225, 31409793, 31409793, 31409793, 31409793, 31409793, 31409793, 26118142, 26118142, 26118142, 1558502044, 26520888, 26520888, 26520888, 26520888, 26520888, 26520888, 26520888, 26520888, 26520888, 26520888, 26520888, 26520888, 26520888, 26520888, 26520888, 26520888, 26520888, 26520888, 26520888, 26520888, 26520888, 26520888, 26520888, 26520888, 26520888, 26520888, 26520888, 26520888, 26520888, 26520888, 26520888, 26044318, 26044318, 26044318, 26044318, 26044318, 26044318, 26044318, 26044318, 26044318, 26044318, 26044318, 26044318, 26044318, 26044318, 26044318, 26044318, 25782115, 1132787605, 25782115, 25782115, 25782115, 25782115, 25782115, 25782115, 25782115, 25782115, 25782115, 25782115, 25782115, 25782115, 25782115, 25782115, 25782115, 25782115, 25782115, 25782115, 25782115, 25782115, 25782115, 25782115, 1514410225, 25614678, 25614678, 25614678, 25614678, 25614678, 25614678, 25614678, 25614678, 26235158, 26464944, 26464944, 26464944, 26464944, 26464944, 26945514, 31310467, 30810577, 30810577, 30663852, 30663852, 31406589, 30906699, 30906699, 30906699, 30906699, 29806160, 25649622, 25649622, 25884336, 608932020, 25884336, 809578878, 27279380, 26097524, 26097524, 26097524, 26097524, 25820922, 25916533, 25916533, 25668423, 25668423, 25668423, 25668423, 25668423, 135001166, 29806160, 29806160, 27279380, 27279380, 26425808, 26425808, 26425808, 26425808, 26425808, 26363542, 29738742, 28193675, 25614678, 30983823, 30783396, 30283506, 30283506, 30283506, 30283506, 30283506, 30283506, 30283506, 30283506, 30283506, 30283506, 29482892, 28501850, 26520888, 25782115, 892551636, 30843291, 30343401, 30343401, 30343401, 30343401, 30343401, 30283506, 30283506, 30283506, 30283506, 30283506, 30093409, 30093409, 30093409, 30093409, 30093409, 30093409, 30093409, 30093409, 30093409, 30093409, 30093409, 30093409, 30093409, 30093409, 27219992, 27219992, 26851204, 26360054, 26360054, 26360054, 29983933, 25774206, 395304660, 25774206, 25774206, 25774206, 25774206, 25774206, 25774206, 25774206, 30306050, 29806160, 29806160, 29806160, 29806160, 29806160, 29806160, 29806160, 29806160, 29806160, 29738742, 29738742, 29746454, 29746454, 29746454, 29746454, 29746454, 29746454, 29746454, 29746454, 26822699, 26822699, 25485022, 25485022, 27194655, 25501991, 25501991, 25501991, 25501991, 25501991, 25501991, 25501991, 25501991, 25501991, 25501991, 25501991, 25501991, 25501991, 25501991, 25501991, 26920002, 27322589, 26822699, 26822699, 26822699, 26822699, 26822699, 26822699, 25843491, 25774206, 25712916, 25712916, 25712916, 25712916, 29363483, 28272208, 26001881, 25501991, 25501991, 25501991, 25501991, 25501991, 25501991, 25501991, 25501991, 25501991, 25501991, 25501991, 25501991, 25501991, 25501991, 28107904, 28107904, 28107904, 28107904, 29180606, 28680716, 28680716, 26520888, 26520888, 26520888, 26520888, 26520888, 26520888, 26520888, 25914165, 25914165, 25454110, 26212806, 25712916, 25712916, 25712916, 25712916, 25712916, 25712916, 25712916, 25712916, 25712916, 25712916, 25712916, 25712916, 25712916, 25712916, 25712916, 26212806, 25712916, 25712916, 25712916, 25712916, 25712916, 25712916, 25712916, 25712916, 25712916, 25712916, 26019124]",0,0,0,NPU,0,0,0,0,0,0,1.0,hot,0,0,0,0,1.0,0
0,67,meta-llama/Llama-3.1-8B,19,444,6244968325,59125685933,52880717608,26550417625,26582157157,62024906,"[26790979, 26790979, 26790979, 26790979, 26790979, 26706189, 26706189, 26706189, 26706189, 26706189, 26706189, 26706189, 1662081284, 26645180, 26645180, 26645180, 26645180, 26645180, 26645180, 26645180, 26645180, 301144315, 26956587, 144299998, 26997779, 324403902, 43600141, 32353969, 32353969, 30093409, 26363542, 26363542, 26363542, 237203747, 134671157, 29983933, 29983933, 29983933, 3120708474, 27761521, 395968628, 29806160, 29806160, 32513781, 56026450, 27279380, 26349776, 1642436033, 32042957, 32042957, 32042957, 32042957, 32042957, 32042957, 31407201, 435935132, 31599977, 31601225, 31601225, 31601225, 31601225, 31601225, 31601225, 31601225, 31601225, 31601225, 31409793, 31409793, 31409793, 31409793, 31409793, 31409793, 26118142, 26118142, 26118142, 1558502044, 26520888, 26520888, 26520888, 26520888, 26520888, 26520888, 26520888, 26520888, 26520888, 26520888, 26520888, 26520888, 26520888, 26520888, 26520888, 26520888, 26520888, 26520888, 26520888, 26520888, 26520888, 26520888, 26520888, 26520888, 26520888, 26520888, 26520888, 26520888, 26520888, 26520888, 26520888, 26044318, 26044318, 26044318, 26044318, 26044318, 26044318, 26044318, 26044318, 26044318, 26044318, 26044318, 26044318, 26044318, 26044318, 26044318, 26044318, 25782115, 1132787605, 25782115, 25782115, 25782115, 25782115, 25782115, 25782115, 25782115, 25782115, 25782115, 25782115, 25782115, 25782115, 25782115, 25782115, 25782115, 25782115, 25782115, 25782115, 25782115, 25782115, 25782115, 25782115, 26042517, 26042517, 26042517, 26042517, 26042517, 1384197640, 25614678, 25614678, 25614678, 25614678, 25614678, 25614678, 25614678, 25614678, 26235158, 26464944, 26464944, 26464944, 26464944, 26464944, 26945514, 31310467, 30810577, 30810577, 30663852, 30663852, 31406589, 30906699, 30906699, 30906699, 30906699, 29806160, 25649622, 25649622, 25884336, 25859550, 25859550, 557212920, 25884336, 25491349, 25491349, 758596180, 27279380, 26097524, 26097524, 26097524, 26097524, 25820922, 25916533, 25916533, 25668423, 25668423, 25668423, 25668423, 25668423, 25954302, 25954302, 83092562, 29806160, 29806160, 27279380, 27279380, 26425808, 26425808, 26425808, 26425808, 26425808, 26363542, 29738742, 28193675, 25614678, 30983823, 30783396, 30283506, 30283506, 30283506, 30283506, 30283506, 30283506, 30283506, 30283506, 30283506, 30283506, 29482892, 28501850, 26520888, 25782115, 892551636, 30843291, 30343401, 30343401, 30343401, 30343401, 30343401, 30283506, 30283506, 30283506, 30283506, 30283506, 30093409, 30093409, 30093409, 30093409, 30093409, 30093409, 30093409, 30093409, 30093409, 30093409, 30093409, 30093409, 30093409, 30093409, 27219992, 27219992, 26851204, 26360054, 26360054, 26360054, 29983933, 25774206, 395304660, 25774206, 25774206, 25774206, 25774206, 25774206, 25774206, 25774206, 30306050, 29806160, 29806160, 29806160, 29806160, 29806160, 29806160, 29806160, 29806160, 29806160, 29738742, 29738742, 29746454, 29746454, 29746454, 29746454, 29746454, 29746454, 29746454, 29746454, 26822699, 26822699, 25485022, 25485022, 27194655, 25501991, 25501991, 25501991, 25501991, 25501991, 25501991, 25501991, 25501991, 25501991, 25501991, 25501991, 25501991, 25501991, 25501991, 25501991, 26920002, 27322589, 26822699, 26822699, 26822699, 26822699, 26822699, 26822699, 25843491, 25774206, 25712916, 25712916, 25712916, 25712916, 29363483, 28272208, 26001881, 25501991, 25501991, 25501991, 25501991, 25501991, 25501991, 25501991, 25501991, 25501991, 25501991, 25501991, 25501991, 25501991, 25501991, 28107904, 28107904, 28107904, 28107904, 29180606, 28680716, 28680716, 26520888, 26520888, 26520888, 26520888, 26520888, 26520888, 26520888, 25914165, 25914165, 25454110, 26212806, 25712916, 25712916, 25712916, 25712916, 25712916, 25712916, 25712916, 25712916, 25712916, 25712916, 25712916, 25712916, 25712916, 25712916, 25712916, 26212806, 25712916, 25712916, 25712916, 25712916, 25712916, 25712916, 25712916, 25712916, 25712916, 25712916, 26019124, 27020778, 26520888, 26520888, 26520888, 25857173, 25857173, 25857173, 25857173, 25857173, 25857173, 25857173, 25857173, 25857173, 25857173, 25857173, 25857173, 25857173, 25857173, 25857173, 25857173, 27020778, 26520888, 26520888, 26520888, 25850435, 25649622, 25649622, 25649622, 25649622, 25649622, 25649622, 25649622]",0,0,0,NPU,0,0,0,0,0,0,1.0,hot,0,0,0,0,1.0,0
0,77,meta-llama/Llama-3.1-8B,4,290,7434266542,59287517503,51853250961,28155424093,28412802463,82247187,"[43600141, 32353969, 32353969, 30093409, 316294373, 134671157, 29983933, 29983933, 29983933, 3120708474, 27761521, 395968628, 29806160, 29806160, 32513781, 56026450, 27279380, 1668785809, 32042957, 32042957, 32042957, 32042957, 32042957, 32042957, 31407201, 435935132, 31599977, 31601225, 31601225, 31601225, 31601225, 31601225, 31601225, 31601225, 31601225, 31601225, 31409793, 31409793, 31409793, 31409793, 31409793, 31409793, 6506322377, 31310467, 30810577, 30810577, 30663852, 30663852, 31406589, 30906699, 30906699, 30906699, 30906699, 29806160, 25649622, 25649622, 25884336, 608932020, 25884336, 809578878, 27279380, 445387365, 29806160, 29806160, 27279380, 27279380, 26425808, 26425808, 26425808, 26425808, 26425808, 26363542, 29738742, 28193675, 25614678, 30983823, 30783396, 30283506, 30283506, 30283506, 30283506, 30283506, 30283506, 30283506, 30283506, 30283506, 30283506, 29482892, 28501850, 26520888, 25782115, 892551636, 30843291, 30343401, 30343401, 30343401, 30343401, 30343401, 30283506, 30283506, 30283506, 30283506, 30283506, 30093409, 30093409, 30093409, 30093409, 30093409, 30093409, 30093409, 30093409, 30093409, 30093409, 30093409, 30093409, 30093409, 30093409, 27219992, 27219992, 26851204, 26360054, 26360054, 26360054, 29983933, 25774206, 395304660, 25774206, 25774206, 25774206, 25774206, 25774206, 25774206, 25774206, 30306050, 29806160, 29806160, 29806160, 29806160, 29806160, 29806160, 29806160, 29806160, 29806160, 29738742, 29738742, 29746454, 29746454, 29746454, 29746454, 29746454, 29746454, 29746454, 29746454, 26822699, 26822699, 78164699, 25501991, 25501991, 25501991, 25501991, 25501991, 25501991, 25501991, 25501991, 25501991, 25501991, 25501991, 25501991, 25501991, 25501991, 25501991, 26920002, 27322589, 26822699, 26822699, 26822699, 26822699, 26822699, 26822699, 25843491, 25774206, 25712916, 25712916, 25712916, 25712916, 29363483, 28272208, 26001881, 25501991, 25501991, 25501991, 25501991, 25501991, 25501991, 25501991, 25501991, 25501991, 25501991, 25501991, 25501991, 25501991, 25501991, 28107904, 28107904, 28107904, 28107904, 29180606, 28680716, 28680716, 26520888, 26520888, 26520888, 26520888, 26520888, 26520888, 26520888, 25914165, 25914165, 25454110, 26212806, 25712916, 25712916, 25712916, 25712916, 25712916, 25712916, 25712916, 25712916, 25712916, 25712916, 25712916, 25712916, 25712916, 25712916, 25712916, 26212806, 25712916, 25712916, 25712916, 25712916, 25712916, 25712916, 25712916, 25712916, 25712916, 25712916, 26019124, 27020778, 26520888, 26520888, 26520888, 25857173, 25857173, 25857173, 25857173, 25857173, 25857173, 25857173, 25857173, 25857173, 25857173, 25857173, 25857173, 25857173, 25857173, 25857173, 25857173, 27020778, 26520888, 26520888, 26520888, 25850435, 25649622, 25649622, 25649622, 25649622, 25649622, 25649622, 25649622, 28922217, 26830763, 26425808, 26425808, 26863432, 26363542]",0,0,0,SSD,0,6291456,0,6291456,6291456,6291456,1.0,hot,0,0,0,0,1.0,12582912
0,113,meta-llama/Llama-3.1-8B,21,129,10337503120,59513566793,49176063673,25509565885,25553166026,220774744,"[32353969, 32353969, 4207575462, 1752091639, 32042957, 32042957, 32042957, 32042957, 32042957, 32042957, 467342333, 31599977, 31601225, 31601225, 31601225, 31601225, 31601225, 31601225, 31601225, 31601225, 31601225, 31409793, 31409793, 31409793, 31409793, 31409793, 31409793, 6537632844, 30810577, 30810577, 30663852, 30663852, 31406589, 30906699, 30906699, 30906699, 30906699, 2442029695, 30283506, 30283506, 30283506, 30283506, 30283506, 30283506, 30283506, 30283506, 30283506, 30283506, 1033682672, 30343401, 30343401, 30343401, 30343401, 30343401, 30283506, 30283506, 30283506, 30283506, 30283506, 30093409, 30093409, 30093409, 30093409, 30093409, 30093409, 30093409, 30093409, 30093409, 30093409, 30093409, 30093409, 30093409, 30093409, 190355283, 631804358, 29806160, 29806160, 29806160, 29806160, 29806160, 29806160, 29806160, 29806160, 29806160, 29738742, 29738742, 29746454, 29746454, 29746454, 29746454, 29746454, 29746454, 29746454, 29746454, 913351591, 552914185, 28680716, 28680716, 1845397950, 161602918, 28193675, 28193675, 28193675, 28193675, 28193675, 28193675, 28193675]",0,0,0,SSD,0,12582912,0,12582912,12582912,12582912,1.0,hot,0,0,0,0,1.0,25165824
0,75,meta-llama/Llama-3.1-8B,12,341,7279052164,60223020663,52943968499,28072315162,28216615160,75388272,"[26997779, 324403902, 43600141, 32353969, 32353969, 30093409, 316294373, 134671157, 29983933, 29983933, 29983933, 3120708474, 27761521, 395968628, 29806160, 29806160, 32513781, 56026450, 27279380, 1668785809, 32042957, 32042957, 32042957, 32042957, 32042957, 32042957, 31407201, 435935132, 31599977, 31601225, 31601225, 31601225, 31601225, 31601225, 31601225, 31601225, 31601225, 31601225, 31409793, 31409793, 31409793, 31409793, 31409793, 31409793, 6506322377, 31310467, 30810577, 30810577, 30663852, 30663852, 31406589, 30906699, 30906699, 30906699, 30906699, 29806160, 25649622, 25649622, 25884336, 608932020, 25884336, 809578878, 27279380, 26097524, 26097524, 26097524, 26097524, 340997269, 29806160, 29806160, 27279380, 27279380, 26425808, 26425808, 26425808, 26425808, 26425808, 26363542, 29738742, 28193675, 25614678, 30983823, 30783396, 30283506, 30283506, 30283506, 30283506, 30283506, 30283506, 30283506, 30283506, 30283506, 30283506, 29482892, 28501850, 26520888, 25782115, 892551636, 30843291, 30343401, 30343401, 30343401, 30343401, 30343401, 30283506, 30283506, 30283506, 30283506, 30283506, 30093409, 30093409, 30093409, 30093409, 30093409, 30093409, 30093409, 30093409, 30093409, 30093409, 30093409, 30093409, 30093409, 30093409, 27219992, 27219992, 26851204, 26360054, 26360054, 26360054, 29983933, 25774206, 395304660, 25774206, 25774206, 25774206, 25774206, 25774206, 25774206, 25774206, 30306050, 29806160, 29806160, 29806160, 29806160, 29806160, 29806160, 29806160, 29806160, 29806160, 29738742, 29738742, 29746454, 29746454, 29746454, 29746454, 29746454, 29746454, 29746454, 29746454, 26822699, 26822699, 25485022, 25485022, 27194655, 25501991, 25501991, 25501991, 25501991, 25501991, 25501991, 25501991, 25501991, 25501991, 25501991, 25501991, 25501991, 25501991, 25501991, 25501991, 26920002, 27322589, 26822699, 26822699, 26822699, 26822699, 26822699, 26822699, 25843491, 25774206, 25712916, 25712916, 25712916, 25712916, 29363483, 28272208, 26001881, 25501991, 25501991, 25501991, 25501991, 25501991, 25501991, 25501991, 25501991, 25501991, 25501991, 25501991, 25501991, 25501991, 25501991, 28107904, 28107904, 28107904, 28107904, 29180606, 28680716, 28680716, 26520888, 26520888, 26520888, 26520888, 26520888, 26520888, 26520888, 25914165, 25914165, 25454110, 26212806, 25712916, 25712916, 25712916, 25712916, 25712916, 25712916, 25712916, 25712916, 25712916, 25712916, 25712916, 25712916, 25712916, 25712916, 25712916, 26212806, 25712916, 25712916, 25712916, 25712916, 25712916, 25712916, 25712916, 25712916, 25712916, 25712916, 26019124, 27020778, 26520888, 26520888, 26520888, 25857173, 25857173, 25857173, 25857173, 25857173, 25857173, 25857173, 25857173, 25857173, 25857173, 25857173, 25857173, 25857173, 25857173, 25857173, 25857173, 27020778, 26520888, 26520888, 26520888, 25850435, 25649622, 25649622, 25649622, 25649622, 25649622, 25649622, 25649622, 28922217, 26830763, 26425808, 26425808, 26863432, 26363542, 28693565, 28193675, 28193675, 28193675, 28193675, 28193675, 28193675, 28193675, 28272208, 28272208, 26118142, 26118142, 26118142, 26118142, 26618032, 26118142, 26118142, 26118142, 26118142, 26118142, 26118142, 26118142, 26118142, 26118142, 26118142, 26118142, 25857173, 25857173, 25857173, 25857173, 26618032, 26118142, 26118142, 26118142, 26118142]",0,0,0,SSD,0,8388608,0,8388608,8388608,8388608,1.0,hot,0,0,0,0,1.0,16777216
0,93,meta-llama/Llama-3.1-8B,12,197,8788269051,60458583831,51670314780,26801421584,27058799954,133758232,"[43600141, 32353969, 32353969, 30093409, 316294373, 134671157, 29983933, 29983933, 29983933, 3544438623, 29806160, 29806160, 32513781, 56026450, 1696065189, 32042957, 32042957, 32042957, 32042957, 32042957, 32042957, 31407201, 435935132, 31599977, 31601225, 31601225, 31601225, 31601225, 31601225, 31601225, 31601225, 31601225, 31601225, 31409793, 31409793, 31409793, 31409793, 31409793, 31409793, 6537632844, 30810577, 30810577, 30663852, 30663852, 31406589, 30906699, 30906699, 30906699, 30906699, 29806160, 1521578814, 472666745, 29806160, 29806160, 27279380, 27279380, 188231324, 28193675, 56598501, 30783396, 30283506, 30283506, 30283506, 30283506, 30283506, 30283506, 30283506, 30283506, 30283506, 30283506, 29482892, 28501850, 975697930, 30343401, 30343401, 30343401, 30343401, 30343401, 30283506, 30283506, 30283506, 30283506, 30283506, 30093409, 30093409, 30093409, 30093409, 30093409, 30093409, 30093409, 30093409, 30093409, 30093409, 30093409, 30093409, 30093409, 30093409, 27219992, 27219992, 135915299, 631804358, 29806160, 29806160, 29806160, 29806160, 29806160, 29806160, 29806160, 29806160, 29806160, 29738742, 29738742, 29746454, 29746454, 29746454, 29746454, 29746454, 29746454, 29746454, 29746454, 26822699, 26822699, 514937155, 26822699, 26822699, 26822699, 26822699, 26822699, 26822699, 183832844, 28272208, 411137659, 28107904, 28107904, 28107904, 29180606, 28680716, 28680716, 1845397950, 26830763, 26425808, 26425808, 26863432, 26363542, 28693565, 28193675, 28193675, 28193675, 28193675, 28193675, 28193675, 28193675, 28272208, 28272208, 26118142, 26118142, 26118142, 26118142, 26618032, 26118142, 26118142, 26118142, 26118142, 26118142, 26118142, 26118142, 26118142, 26118142, 26118142, 26118142, 130046724, 26118142, 26118142, 26118142, 26118142, 26618032, 26118142, 26118142, 26118142, 26118142, 26118142, 26118142, 26118142, 26118142]",0,0,0,SSD,0,20971520,0,20971520,20971520,20971520,1.0,hot,0,0,0,0,1.0,41943040
0,82,meta-llama/Llama-3.1-8B,75,376,7827635775,61135697913,53308062138,27762054860,28019433230,84295429,"[43600141, 32353969, 32353969, 30093409, 316294373, 134671157, 29983933, 29983933, 29983933, 3120708474, 27761521, 395968628, 29806160, 29806160, 32513781, 56026450, 27279380, 1668785809, 32042957, 32042957, 32042957, 32042957, 32042957, 32042957, 31407201, 435935132, 31599977, 31601225, 31601225, 31601225, 31601225, 31601225, 31601225, 31601225, 31601225, 31601225, 31409793, 31409793, 31409793, 31409793, 31409793, 31409793, 6537632844, 30810577, 30810577, 30663852, 30663852, 31406589, 30906699, 30906699, 30906699, 30906699, 29806160, 1521578814, 27279380, 445387365, 29806160, 29806160, 27279380, 27279380, 26425808, 26425808, 26425808, 26425808, 26425808, 26363542, 29738742, 28193675, 56598501, 30783396, 30283506, 30283506, 30283506, 30283506, 30283506, 30283506, 30283506, 30283506, 30283506, 30283506, 29482892, 28501850, 26520888, 949177042, 30343401, 30343401, 30343401, 30343401, 30343401, 30283506, 30283506, 30283506, 30283506, 30283506, 30093409, 30093409, 30093409, 30093409, 30093409, 30093409, 30093409, 30093409, 30093409, 30093409, 30093409, 30093409, 30093409, 30093409, 27219992, 27219992, 26851204, 26360054, 26360054, 26360054, 29983933, 631804358, 29806160, 29806160, 29806160, 29806160, 29806160, 29806160, 29806160, 29806160, 29806160, 29738742, 29738742, 29746454, 29746454, 29746454, 29746454, 29746454, 29746454, 29746454, 29746454, 26822699, 26822699, 78164699, 409449867, 27322589, 26822699, 26822699, 26822699, 26822699, 26822699, 26822699, 25843491, 25774206, 132215147, 28272208, 411137659, 28107904, 28107904, 28107904, 29180606, 28680716, 28680716, 26520888, 26520888, 26520888, 26520888, 26520888, 26520888, 26520888, 103495246, 25712916, 25712916, 25712916, 25712916, 25712916, 25712916, 25712916, 25712916, 25712916, 25712916, 25712916, 25712916, 25712916, 25712916, 25712916, 26212806, 25712916, 25712916, 25712916, 25712916, 25712916, 25712916, 25712916, 25712916, 25712916, 25712916, 26019124, 27020778, 26520888, 26520888, 26520888, 25857173, 25857173, 25857173, 25857173, 25857173, 25857173, 25857173, 25857173, 25857173, 25857173, 25857173, 25857173, 25857173, 25857173, 25857173, 25857173, 27020778, 26520888, 26520888, 26520888, 25850435, 25649622, 25649622, 25649622, 25649622, 25649622, 25649622, 25649622, 28922217, 26830763, 26425808, 26425808, 26863432, 26363542, 28693565, 28193675, 28193675, 28193675, 28193675, 28193675, 28193675, 28193675, 28272208, 28272208, 26118142, 26118142, 26118142, 26118142, 26618032, 26118142, 26118142, 26118142, 26118142, 26118142, 26118142, 26118142, 26118142, 26118142, 26118142, 26118142, 25857173, 25857173, 25857173, 25857173, 26618032, 26118142, 26118142, 26118142, 26118142, 26618032, 26118142, 26118142, 26118142, 26118142, 26118142, 26118142, 26118142, 26118142, 28266211, 27766321, 25857173, 25857173, 25857173, 25857173, 25857173, 25857173, 25857173, 25857173, 25857173, 25857173, 25857173, 25857173, 25859550, 25859550, 25859550, 25859550, 26357063, 25857173, 25857173, 25857173, 25857173, 25857173, 25857173, 25857173]",0,0,0,NPU,0,0,0,0,0,0,1.0,hot,0,0,0,0,1.0,0
0,69,meta-llama/Llama-3.1-8B,16,526,6686130544,62139365583,55453235039,28469582155,28638280195,52681640,"[26956587, 144299998, 26997779, 324403902, 43600141, 32353969, 32353969, 30093409, 26363542, 26363542, 26363542, 237203747, 134671157, 29983933, 29983933, 29983933, 3120708474, 27761521, 395968628, 29806160, 29806160, 32513781, 56026450, 27279380, 26349776, 1642436033, 32042957, 32042957, 32042957, 32042957, 32042957, 32042957, 31407201, 435935132, 31599977, 31601225, 31601225, 31601225, 31601225, 31601225, 31601225, 31601225, 31601225, 31601225, 31409793, 31409793, 31409793, 31409793, 31409793, 31409793, 26118142, 26118142, 26118142, 1558502044, 26520888, 26520888, 26520888, 26520888, 26520888, 26520888, 26520888, 26520888, 26520888, 26520888, 26520888, 26520888, 26520888, 26520888, 26520888, 26520888, 26520888, 26520888, 26520888, 26520888, 26520888, 26520888, 26520888, 26520888, 26520888, 26520888, 26520888, 26520888, 26520888, 26520888, 26520888, 26044318, 26044318, 26044318, 26044318, 26044318, 26044318, 26044318, 26044318, 26044318, 26044318, 26044318, 26044318, 26044318, 26044318, 26044318, 26044318, 25782115, 1132787605, 25782115, 25782115, 25782115, 25782115, 25782115, 25782115, 25782115, 25782115, 25782115, 25782115, 25782115, 25782115, 25782115, 25782115, 25782115, 25782115, 25782115, 25782115, 25782115, 25782115, 25782115, 25782115, 1514410225, 25614678, 25614678, 25614678, 25614678, 25614678, 25614678, 25614678, 25614678, 26235158, 26464944, 26464944, 26464944, 26464944, 26464944, 26945514, 31310467, 30810577, 30810577, 30663852, 30663852, 31406589, 30906699, 30906699, 30906699, 30906699, 29806160, 25649622, 25649622, 25884336, 25859550, 25859550, 557212920, 25884336, 809578878, 27279380, 26097524, 26097524, 26097524, 26097524, 25820922, 25916533, 25916533, 25668423, 25668423, 25668423, 25668423, 25668423, 25954302, 25954302, 83092562, 29806160, 29806160, 27279380, 27279380, 26425808, 26425808, 26425808, 26425808, 26425808, 26363542, 29738742, 28193675, 25614678, 30983823, 30783396, 30283506, 30283506, 30283506, 30283506, 30283506, 30283506, 30283506, 30283506, 30283506, 30283506, 29482892, 28501850, 26520888, 25782115, 892551636, 30843291, 30343401, 30343401, 30343401, 30343401, 30343401, 30283506, 30283506, 30283506, 30283506, 30283506, 30093409, 30093409, 30093409, 30093409, 30093409, 30093409, 30093409, 30093409, 30093409, 30093409, 30093409, 30093409, 30093409, 30093409, 27219992, 27219992, 26851204, 26360054, 26360054, 26360054, 29983933, 25774206, 395304660, 25774206, 25774206, 25774206, 25774206, 25774206, 25774206, 25774206, 30306050, 29806160, 29806160, 29806160, 29806160, 29806160, 29806160, 29806160, 29806160, 29806160, 29738742, 29738742, 29746454, 29746454, 29746454, 29746454, 29746454, 29746454, 29746454, 29746454, 26822699, 26822699, 25485022, 25485022, 27194655, 25501991, 25501991, 25501991, 25501991, 25501991, 25501991, 25501991, 25501991, 25501991, 25501991, 25501991, 25501991, 25501991, 25501991, 25501991, 26920002, 27322589, 26822699, 26822699, 26822699, 26822699, 26822699, 26822699, 25843491, 25774206, 25712916, 25712916, 25712916, 25712916, 29363483, 28272208, 26001881, 25501991, 25501991, 25501991, 25501991, 25501991, 25501991, 25501991, 25501991, 25501991, 25501991, 25501991, 25501991, 25501991, 25501991, 28107904, 28107904, 28107904, 28107904, 29180606, 28680716, 28680716, 26520888, 26520888, 26520888, 26520888, 26520888, 26520888, 26520888, 25914165, 25914165, 25454110, 26212806, 25712916, 25712916, 25712916, 25712916, 25712916, 25712916, 25712916, 25712916, 25712916, 25712916, 25712916, 25712916, 25712916, 25712916, 25712916, 26212806, 25712916, 25712916, 25712916, 25712916, 25712916, 25712916, 25712916, 25712916, 25712916, 25712916, 26019124, 27020778, 26520888, 26520888, 26520888, 25857173, 25857173, 25857173, 25857173, 25857173, 25857173, 25857173, 25857173, 25857173, 25857173, 25857173, 25857173, 25857173, 25857173, 25857173, 25857173, 27020778, 26520888, 26520888, 26520888, 25850435, 25649622, 25649622, 25649622, 25649622, 25649622, 25649622, 25649622, 28922217, 26830763, 26425808, 26425808, 26863432, 26363542, 28693565, 28193675, 28193675, 28193675, 28193675, 28193675, 28193675, 28193675, 28272208, 28272208, 26118142, 26118142, 26118142, 26118142, 26618032, 26118142, 26118142, 26118142, 26118142, 26118142, 26118142, 26118142, 26118142, 26118142, 26118142, 26118142, 25857173, 25857173, 25857173, 25857173, 26618032, 26118142, 26118142, 26118142, 26118142, 26618032, 26118142, 26118142, 26118142, 26118142, 26118142, 26118142, 26118142, 26118142, 28266211, 27766321, 25857173, 25857173, 25857173, 25857173, 25857173, 25857173, 25857173, 25857173, 25857173, 25857173, 25857173, 25857173, 25859550, 25859550, 25859550, 25859550, 26357063, 25857173, 25857173, 25857173, 25857173, 25857173, 25857173, 25857173, 28273035, 27773145, 27773145, 27773145, 27773145, 27773145, 27773145, 27773145, 26016091, 26016091, 26016091, 26016091, 26016091, 26016091, 26016091, 26016091, 26016091, 26016091, 26016091, 26016091, 26016091, 26016091, 26016091, 26016091, 26515981, 26016091, 26016091, 26016091, 26016091, 26016091, 26016091, 26016091, 26016091, 26016091, 26016091, 26016091, 26016091, 26016091]",0,0,0,NPU,0,0,0,0,0,0,1.0,hot,0,0,0,0,1.0,0
0,104,meta-llama/Llama-3.1-8B,23,173,9598756604,62555145078,52956388474,25990934031,26248312401,179248832,"[43600141, 32353969, 32353969, 4207575462, 1752091639, 32042957, 32042957, 32042957, 32042957, 32042957, 32042957, 31407201, 435935132, 31599977, 31601225, 31601225, 31601225, 31601225, 31601225, 31601225, 31601225, 31601225, 31601225, 31409793, 31409793, 31409793, 31409793, 31409793, 31409793, 6537632844, 30810577, 30810577, 30663852, 30663852, 31406589, 30906699, 30906699, 30906699, 30906699, 29806160, 1994245559, 29806160, 29806160, 242790084, 84792176, 30783396, 30283506, 30283506, 30283506, 30283506, 30283506, 30283506, 30283506, 30283506, 30283506, 30283506, 29482892, 28501850, 975697930, 30343401, 30343401, 30343401, 30343401, 30343401, 30283506, 30283506, 30283506, 30283506, 30283506, 30093409, 30093409, 30093409, 30093409, 30093409, 30093409, 30093409, 30093409, 30093409, 30093409, 30093409, 30093409, 30093409, 30093409, 190355283, 631804358, 29806160, 29806160, 29806160, 29806160, 29806160, 29806160, 29806160, 29806160, 29806160, 29738742, 29738742, 29746454, 29746454, 29746454, 29746454, 29746454, 29746454, 29746454, 29746454, 913351591, 28272208, 411137659, 28107904, 28107904, 28107904, 29180606, 28680716, 28680716, 1845397950, 161602918, 28193675, 28193675, 28193675, 28193675, 28193675, 28193675, 28193675, 28272208, 28272208, 916738833, 27766321, 649354585, 27773145, 27773145, 27773145, 27773145, 27773145, 27773145, 27773145, 809167817, 27685307, 27685307, 27685307, 27685307, 27685307, 27685307, 27685307, 27685307, 27685307, 27685307, 27685307, 27685307, 27685307, 27685307]",0,0,0,SSD,0,4194304,0,4194304,4194304,4194304,1.0,hot,0,0,0,0,1.0,8388608
0,84,meta-llama/Llama-3.1-8B,31,338,7871451416,62637682806,54766231390,27718239219,27975617589,87551025,"[43600141, 32353969, 32353969, 30093409, 316294373, 134671157, 29983933, 29983933, 29983933, 3120708474, 27761521, 395968628, 29806160, 29806160, 32513781, 56026450, 1696065189, 32042957, 32042957, 32042957, 32042957, 32042957, 32042957, 31407201, 435935132, 31599977, 31601225, 31601225, 31601225, 31601225, 31601225, 31601225, 31601225, 31601225, 31601225, 31409793, 31409793, 31409793, 31409793, 31409793, 31409793, 6537632844, 30810577, 30810577, 30663852, 30663852, 31406589, 30906699, 30906699, 30906699, 30906699, 29806160, 1521578814, 27279380, 445387365, 29806160, 29806160, 27279380, 27279380, 26425808, 26425808, 26425808, 26425808, 26425808, 56102284, 28193675, 56598501, 30783396, 30283506, 30283506, 30283506, 30283506, 30283506, 30283506, 30283506, 30283506, 30283506, 30283506, 29482892, 28501850, 975697930, 30343401, 30343401, 30343401, 30343401, 30343401, 30283506, 30283506, 30283506, 30283506, 30283506, 30093409, 30093409, 30093409, 30093409, 30093409, 30093409, 30093409, 30093409, 30093409, 30093409, 30093409, 30093409, 30093409, 30093409, 27219992, 27219992, 26851204, 26360054, 26360054, 26360054, 29983933, 631804358, 29806160, 29806160, 29806160, 29806160, 29806160, 29806160, 29806160, 29806160, 29806160, 29738742, 29738742, 29746454, 29746454, 29746454, 29746454, 29746454, 29746454, 29746454, 29746454, 26822699, 26822699, 78164699, 409449867, 27322589, 26822699, 26822699, 26822699, 26822699, 26822699, 26822699, 25843491, 157989353, 28272208, 411137659, 28107904, 28107904, 28107904, 29180606, 28680716, 28680716, 26520888, 26520888, 26520888, 26520888, 26520888, 26520888, 26520888, 103495246, 25712916, 25712916, 25712916, 25712916, 25712916, 25712916, 25712916, 25712916, 25712916, 25712916, 25712916, 25712916, 25712916, 25712916, 25712916, 26212806, 25712916, 25712916, 25712916, 25712916, 25712916, 25712916, 25712916, 25712916, 25712916, 25712916, 26019124, 27020778, 26520888, 26520888, 26520888, 440735546, 26520888, 26520888, 26520888, 25850435, 25649622, 25649622, 25649622, 25649622, 25649622, 25649622, 25649622, 28922217, 26830763, 26425808, 26425808, 26863432, 26363542, 28693565, 28193675, 28193675, 28193675, 28193675, 28193675, 28193675, 28193675, 28272208, 28272208, 26118142, 26118142, 26118142, 26118142, 26618032, 26118142, 26118142, 26118142, 26118142, 26118142, 26118142, 26118142, 26118142, 26118142, 26118142, 26118142, 25857173, 25857173, 25857173, 25857173, 26618032, 26118142, 26118142, 26118142, 26118142, 26618032, 26118142, 26118142, 26118142, 26118142, 26118142, 26118142, 26118142, 26118142, 28266211, 27766321, 25857173, 25857173, 25857173, 25857173, 25857173, 25857173, 25857173, 25857173, 25857173, 25857173, 25857173, 25857173, 25859550, 25859550, 25859550, 25859550, 26357063, 25857173, 25857173, 25857173, 25857173, 25857173, 25857173, 25857173, 28273035, 27773145, 27773145, 27773145, 27773145, 27773145, 27773145, 27773145, 809167817, 27685307, 27685307, 27685307, 27685307, 27685307, 27685307, 27685307, 27685307, 27685307, 27685307, 27685307, 27685307, 27685307, 27685307, 27512576, 27512576, 27512576]",0,0,0,NPU,0,0,0,0,0,0,1.0,hot,0,0,0,0,1.0,0
0,79,meta-llama/Llama-3.1-8B,42,392,7490970819,62801356398,55310385579,28098719816,28356098186,77232915,"[43600141, 32353969, 32353969, 30093409, 316294373, 134671157, 29983933, 29983933, 29983933, 3120708474, 27761521, 395968628, 29806160, 29806160, 32513781, 56026450, 27279380, 1668785809, 32042957, 32042957, 32042957, 32042957, 32042957, 32042957, 31407201, 435935132, 31599977, 31601225, 31601225, 31601225, 31601225, 31601225, 31601225, 31601225, 31601225, 31601225, 31409793, 31409793, 31409793, 31409793, 31409793, 31409793, 6537632844, 30810577, 30810577, 30663852, 30663852, 31406589, 30906699, 30906699, 30906699, 30906699, 29806160, 1521578814, 27279380, 445387365, 29806160, 29806160, 27279380, 27279380, 26425808, 26425808, 26425808, 26425808, 26425808, 26363542, 29738742, 28193675, 25614678, 30983823, 30783396, 30283506, 30283506, 30283506, 30283506, 30283506, 30283506, 30283506, 30283506, 30283506, 30283506, 29482892, 28501850, 26520888, 25782115, 923394927, 30343401, 30343401, 30343401, 30343401, 30343401, 30283506, 30283506, 30283506, 30283506, 30283506, 30093409, 30093409, 30093409, 30093409, 30093409, 30093409, 30093409, 30093409, 30093409, 30093409, 30093409, 30093409, 30093409, 30093409, 27219992, 27219992, 26851204, 26360054, 26360054, 26360054, 29983933, 25774206, 395304660, 25774206, 25774206, 25774206, 25774206, 25774206, 25774206, 25774206, 30306050, 29806160, 29806160, 29806160, 29806160, 29806160, 29806160, 29806160, 29806160, 29806160, 29738742, 29738742, 29746454, 29746454, 29746454, 29746454, 29746454, 29746454, 29746454, 29746454, 26822699, 26822699, 78164699, 409449867, 27322589, 26822699, 26822699, 26822699, 26822699, 26822699, 26822699, 25843491, 25774206, 25712916, 25712916, 25712916, 25712916, 29363483, 28272208, 411137659, 28107904, 28107904, 28107904, 29180606, 28680716, 28680716, 26520888, 26520888, 26520888, 26520888, 26520888, 26520888, 26520888, 25914165, 25914165, 51666916, 25712916, 25712916, 25712916, 25712916, 25712916, 25712916, 25712916, 25712916, 25712916, 25712916, 25712916, 25712916, 25712916, 25712916, 25712916, 26212806, 25712916, 25712916, 25712916, 25712916, 25712916, 25712916, 25712916, 25712916, 25712916, 25712916, 26019124, 27020778, 26520888, 26520888, 26520888, 25857173, 25857173, 25857173, 25857173, 25857173, 25857173, 25857173, 25857173, 25857173, 25857173, 25857173, 25857173, 25857173, 25857173, 25857173, 25857173, 27020778, 26520888, 26520888, 26520888, 25850435, 25649622, 25649622, 25649622, 25649622, 25649622, 25649622, 25649622, 28922217, 26830763, 26425808, 26425808, 26863432, 26363542, 28693565, 28193675, 28193675, 28193675, 28193675, 28193675, 28193675, 28193675, 28272208, 28272208, 26118142, 26118142, 26118142, 26118142, 26618032, 26118142, 26118142, 26118142, 26118142, 26118142, 26118142, 26118142, 26118142, 26118142, 26118142, 26118142, 25857173, 25857173, 25857173, 25857173, 26618032, 26118142, 26118142, 26118142, 26118142, 26618032, 26118142, 26118142, 26118142, 26118142, 26118142, 26118142, 26118142, 26118142, 28266211, 27766321, 25857173, 25857173, 25857173, 25857173, 25857173, 25857173, 25857173, 25857173, 25857173, 25857173, 25857173, 25857173, 25859550, 25859550, 25859550, 25859550, 26357063, 25857173, 25857173, 25857173, 25857173, 25857173, 25857173, 25857173, 28273035, 27773145, 27773145, 27773145, 27773145, 27773145, 27773145, 27773145, 809167817, 27685307, 27685307, 27685307, 27685307, 27685307, 27685307, 27685307, 27685307, 27685307, 27685307, 27685307, 27685307, 27685307, 27685307, 27512576, 27512576, 27512576, 27278932, 27278932, 27278932, 27278932, 27278932, 27278932]",0,0,0,SSD,0,60817408,0,60817408,60817408,60817408,1.0,hot,0,0,0,0,1.0,121634816
0,96,meta-llama/Llama-3.1-8B,256,442,9077707403,63182615038,54104907635,26511983232,26769361602,147759708,"[43600141, 32353969, 32353969, 30093409, 316294373, 134671157, 29983933, 29983933, 29983933, 3544438623, 29806160, 29806160, 32513781, 56026450, 1696065189, 32042957, 32042957, 32042957, 32042957, 32042957, 32042957, 31407201, 435935132, 31599977, 31601225, 31601225, 31601225, 31601225, 31601225, 31601225, 31601225, 31601225, 31601225, 31409793, 31409793, 31409793, 31409793, 31409793, 31409793, 6537632844, 30810577, 30810577, 30663852, 30663852, 31406589, 30906699, 30906699, 30906699, 30906699, 29806160, 1521578814, 472666745, 29806160, 29806160, 242790084, 28193675, 56598501, 30783396, 30283506, 30283506, 30283506, 30283506, 30283506, 30283506, 30283506, 30283506, 30283506, 30283506, 29482892, 28501850, 975697930, 30343401, 30343401, 30343401, 30343401, 30343401, 30283506, 30283506, 30283506, 30283506, 30283506, 30093409, 30093409, 30093409, 30093409, 30093409, 30093409, 30093409, 30093409, 30093409, 30093409, 30093409, 30093409, 30093409, 30093409, 190355283, 631804358, 29806160, 29806160, 29806160, 29806160, 29806160, 29806160, 29806160, 29806160, 29806160, 29738742, 29738742, 29746454, 29746454, 29746454, 29746454, 29746454, 29746454, 29746454, 29746454, 913351591, 28272208, 411137659, 28107904, 28107904, 28107904, 29180606, 28680716, 28680716, 1845397950, 26830763, 134772155, 28193675, 28193675, 28193675, 28193675, 28193675, 28193675, 28193675, 28272208, 28272208, 916738833, 27766321, 649354585, 27773145, 27773145, 27773145, 27773145, 27773145, 27773145, 27773145, 809167817, 27685307, 27685307, 27685307, 27685307, 27685307, 27685307, 27685307, 27685307, 27685307, 27685307, 27685307, 27685307, 27685307, 27685307, 27512576, 27512576, 27512576, 27278932, 27278932, 27278932, 27278932, 27278932, 27278932, 27232760, 27232760, 27232760, 27232760, 27232760, 27232760, 27232760, 27232760, 27232760, 27232760, 27232760, 27232760, 27232760, 27232760]",0,0,0,NPU,0,0,0,0,0,0,1.0,hot,0,0,0,0,1.0,0
0,85,meta-llama/Llama-3.1-8B,6,296,7910782837,63236821604,55326038767,27678907798,27936286168,94774230,"[43600141, 32353969, 32353969, 30093409, 316294373, 134671157, 29983933, 29983933, 29983933, 3544438623, 29806160, 29806160, 32513781, 56026450, 1696065189, 32042957, 32042957, 32042957, 32042957, 32042957, 32042957, 31407201, 435935132, 31599977, 31601225, 31601225, 31601225, 31601225, 31601225, 31601225, 31601225, 31601225, 31601225, 31409793, 31409793, 31409793, 31409793, 31409793, 31409793, 6537632844, 30810577, 30810577, 30663852, 30663852, 31406589, 30906699, 30906699, 30906699, 30906699, 29806160, 1521578814, 27279380, 445387365, 29806160, 29806160, 27279380, 27279380, 188231324, 28193675, 56598501, 30783396, 30283506, 30283506, 30283506, 30283506, 30283506, 30283506, 30283506, 30283506, 30283506, 30283506, 29482892, 28501850, 975697930, 30343401, 30343401, 30343401, 30343401, 30343401, 30283506, 30283506, 30283506, 30283506, 30283506, 30093409, 30093409, 30093409, 30093409, 30093409, 30093409, 30093409, 30093409, 30093409, 30093409, 30093409, 30093409, 30093409, 30093409, 27219992, 27219992, 26851204, 26360054, 26360054, 26360054, 29983933, 631804358, 29806160, 29806160, 29806160, 29806160, 29806160, 29806160, 29806160, 29806160, 29806160, 29738742, 29738742, 29746454, 29746454, 29746454, 29746454, 29746454, 29746454, 29746454, 29746454, 26822699, 26822699, 78164699, 409449867, 27322589, 26822699, 26822699, 26822699, 26822699, 26822699, 26822699, 25843491, 157989353, 28272208, 411137659, 28107904, 28107904, 28107904, 29180606, 28680716, 28680716, 26520888, 26520888, 26520888, 26520888, 26520888, 26520888, 26520888, 825570854, 26520888, 26520888, 26520888, 440735546, 26520888, 26520888, 26520888, 25850435, 25649622, 25649622, 25649622, 25649622, 25649622, 25649622, 25649622, 28922217, 26830763, 26425808, 26425808, 26863432, 26363542, 28693565, 28193675, 28193675, 28193675, 28193675, 28193675, 28193675, 28193675, 28272208, 28272208, 26118142, 26118142, 26118142, 26118142, 26618032, 26118142, 26118142, 26118142, 26118142, 26118142, 26118142, 26118142, 26118142, 26118142, 26118142, 26118142, 25857173, 25857173, 25857173, 25857173, 26618032, 26118142, 26118142, 26118142, 26118142, 26618032, 26118142, 26118142, 26118142, 26118142, 26118142, 26118142, 26118142, 26118142, 28266211, 27766321, 25857173, 25857173, 25857173, 25857173, 25857173, 25857173, 25857173, 25857173, 25857173, 25857173, 25857173, 25857173, 129795263, 25857173, 25857173, 25857173, 25857173, 25857173, 25857173, 25857173, 28273035, 27773145, 27773145, 27773145, 27773145, 27773145, 27773145, 27773145, 809167817, 27685307, 27685307, 27685307, 27685307, 27685307, 27685307, 27685307, 27685307, 27685307, 27685307, 27685307, 27685307, 27685307, 27685307, 27512576, 27512576, 27512576, 27278932, 27278932, 27278932, 27278932, 27278932, 27278932, 27232760, 27232760, 27232760, 27232760, 27232760, 27232760, 27232760, 27232760, 27232760, 27232760, 27232760, 27232760, 27232760, 27232760, 27103283, 27103283]",0,0,0,NPU,0,0,0,0,0,0,1.0,hot,0,0,0,0,1.0,0
0,87,meta-llama/Llama-3.1-8B,42,327,8143059350,64039255334,55896195984,27446631285,27704009655,99268261,"[43600141, 32353969, 32353969, 30093409, 316294373, 134671157, 29983933, 29983933, 29983933, 3544438623, 29806160, 29806160, 32513781, 56026450, 1696065189, 32042957, 32042957, 32042957, 32042957, 32042957, 32042957, 31407201, 435935132, 31599977, 31601225, 31601225, 31601225, 31601225, 31601225, 31601225, 31601225, 31601225, 31601225, 31409793, 31409793, 31409793, 31409793, 31409793, 31409793, 6537632844, 30810577, 30810577, 30663852, 30663852, 31406589, 30906699, 30906699, 30906699, 30906699, 29806160, 1521578814, 27279380, 445387365, 29806160, 29806160, 27279380, 27279380, 188231324, 28193675, 56598501, 30783396, 30283506, 30283506, 30283506, 30283506, 30283506, 30283506, 30283506, 30283506, 30283506, 30283506, 29482892, 28501850, 975697930, 30343401, 30343401, 30343401, 30343401, 30343401, 30283506, 30283506, 30283506, 30283506, 30283506, 30093409, 30093409, 30093409, 30093409, 30093409, 30093409, 30093409, 30093409, 30093409, 30093409, 30093409, 30093409, 30093409, 30093409, 27219992, 27219992, 26851204, 109064095, 631804358, 29806160, 29806160, 29806160, 29806160, 29806160, 29806160, 29806160, 29806160, 29806160, 29738742, 29738742, 29746454, 29746454, 29746454, 29746454, 29746454, 29746454, 29746454, 29746454, 26822699, 26822699, 78164699, 409449867, 27322589, 26822699, 26822699, 26822699, 26822699, 26822699, 26822699, 183832844, 28272208, 411137659, 28107904, 28107904, 28107904, 29180606, 28680716, 28680716, 26520888, 26520888, 26520888, 26520888, 26520888, 26520888, 26520888, 825570854, 26520888, 26520888, 26520888, 440735546, 26520888, 26520888, 26520888, 25850435, 25649622, 25649622, 25649622, 25649622, 25649622, 25649622, 25649622, 28922217, 26830763, 26425808, 26425808, 26863432, 26363542, 28693565, 28193675, 28193675, 28193675, 28193675, 28193675, 28193675, 28193675, 28272208, 28272208, 26118142, 26118142, 26118142, 26118142, 26618032, 26118142, 26118142, 26118142, 26118142, 26118142, 26118142, 26118142, 26118142, 26118142, 26118142, 26118142, 130046724, 26118142, 26118142, 26118142, 26118142, 26618032, 26118142, 26118142, 26118142, 26118142, 26118142, 26118142, 26118142, 26118142, 28266211, 27766321, 649354585, 27773145, 27773145, 27773145, 27773145, 27773145, 27773145, 27773145, 809167817, 27685307, 27685307, 27685307, 27685307, 27685307, 27685307, 27685307, 27685307, 27685307, 27685307, 27685307, 27685307, 27685307, 27685307, 27512576, 27512576, 27512576, 27278932, 27278932, 27278932, 27278932, 27278932, 27278932, 27232760, 27232760, 27232760, 27232760, 27232760, 27232760, 27232760, 27232760, 27232760, 27232760, 27232760, 27232760, 27232760, 27232760, 27103283, 27103283, 170822469, 26997779, 26997779, 26997779, 26997779, 26997779, 25884336, 25884336, 82472990, 25884336, 25884336, 25884336, 25884336, 25884336, 25884336, 25884336, 25884336, 25884336, 25884336, 25884336, 25884336, 25884336, 25884336]",0,0,0,SSD,0,33554432,0,33554432,33554432,33554432,1.0,hot,0,0,0,0,1.0,67108864
0,86,meta-llama/Llama-3.1-8B,6,323,8041570415,64254221830,56212651415,27548120220,27805498590,89896053,"[43600141, 32353969, 32353969, 30093409, 316294373, 134671157, 29983933, 29983933, 29983933, 3544438623, 29806160, 29806160, 32513781, 56026450, 1696065189, 32042957, 32042957, 32042957, 32042957, 32042957, 32042957, 31407201, 435935132, 31599977, 31601225, 31601225, 31601225, 31601225, 31601225, 31601225, 31601225, 31601225, 31601225, 31409793, 31409793, 31409793, 31409793, 31409793, 31409793, 6537632844, 30810577, 30810577, 30663852, 30663852, 31406589, 30906699, 30906699, 30906699, 30906699, 29806160, 1521578814, 27279380, 445387365, 29806160, 29806160, 27279380, 27279380, 188231324, 28193675, 56598501, 30783396, 30283506, 30283506, 30283506, 30283506, 30283506, 30283506, 30283506, 30283506, 30283506, 30283506, 29482892, 28501850, 975697930, 30343401, 30343401, 30343401, 30343401, 30343401, 30283506, 30283506, 30283506, 30283506, 30283506, 30093409, 30093409, 30093409, 30093409, 30093409, 30093409, 30093409, 30093409, 30093409, 30093409, 30093409, 30093409, 30093409, 30093409, 27219992, 27219992, 26851204, 26360054, 26360054, 26360054, 29983933, 631804358, 29806160, 29806160, 29806160, 29806160, 29806160, 29806160, 29806160, 29806160, 29806160, 29738742, 29738742, 29746454, 29746454, 29746454, 29746454, 29746454, 29746454, 29746454, 29746454, 26822699, 26822699, 78164699, 409449867, 27322589, 26822699, 26822699, 26822699, 26822699, 26822699, 26822699, 25843491, 157989353, 28272208, 411137659, 28107904, 28107904, 28107904, 29180606, 28680716, 28680716, 26520888, 26520888, 26520888, 26520888, 26520888, 26520888, 26520888, 825570854, 26520888, 26520888, 26520888, 440735546, 26520888, 26520888, 26520888, 25850435, 25649622, 25649622, 25649622, 25649622, 25649622, 25649622, 25649622, 28922217, 26830763, 26425808, 26425808, 26863432, 26363542, 28693565, 28193675, 28193675, 28193675, 28193675, 28193675, 28193675, 28193675, 28272208, 28272208, 26118142, 26118142, 26118142, 26118142, 26618032, 26118142, 26118142, 26118142, 26118142, 26118142, 26118142, 26118142, 26118142, 26118142, 26118142, 26118142, 130046724, 26118142, 26118142, 26118142, 26118142, 26618032, 26118142, 26118142, 26118142, 26118142, 26118142, 26118142, 26118142, 26118142, 28266211, 27766321, 25857173, 25857173, 25857173, 25857173, 25857173, 25857173, 25857173, 25857173, 25857173, 25857173, 25857173, 25857173, 129795263, 25857173, 25857173, 25857173, 25857173, 25857173, 25857173, 25857173, 28273035, 27773145, 27773145, 27773145, 27773145, 27773145, 27773145, 27773145, 809167817, 27685307, 27685307, 27685307, 27685307, 27685307, 27685307, 27685307, 27685307, 27685307, 27685307, 27685307, 27685307, 27685307, 27685307, 27512576, 27512576, 27512576, 27278932, 27278932, 27278932, 27278932, 27278932, 27278932, 27232760, 27232760, 27232760, 27232760, 27232760, 27232760, 27232760, 27232760, 27232760, 27232760, 27232760, 27232760, 27232760, 27232760, 27103283, 27103283, 170822469, 26997779, 26997779, 26997779, 26997779, 26997779, 25884336, 25884336, 82472990, 25884336, 25884336, 25884336, 25884336, 25884336, 25884336, 25884336, 25884336, 25884336, 25884336, 25884336, 25884336, 25884336, 25884336, 27456477, 26956587, 26956587, 26956587, 26956587, 26956587, 26363542, 26363542]",0,0,0,NPU,0,0,0,0,0,0,1.0,hot,0,0,0,0,1.0,0
0,109,meta-llama/Llama-3.1-8B,8,204,9855124539,64575340726,54720216187,25734566096,25991944466,147324470,"[43600141, 32353969, 32353969, 4207575462, 1752091639, 32042957, 32042957, 32042957, 32042957, 32042957, 32042957, 31407201, 435935132, 31599977, 31601225, 31601225, 31601225, 31601225, 31601225, 31601225, 31601225, 31601225, 31601225, 31409793, 31409793, 31409793, 31409793, 31409793, 31409793, 6537632844, 30810577, 30810577, 30663852, 30663852, 31406589, 30906699, 30906699, 30906699, 30906699, 2024051719, 29806160, 29806160, 242790084, 84792176, 30783396, 30283506, 30283506, 30283506, 30283506, 30283506, 30283506, 30283506, 30283506, 30283506, 30283506, 1033682672, 30343401, 30343401, 30343401, 30343401, 30343401, 30283506, 30283506, 30283506, 30283506, 30283506, 30093409, 30093409, 30093409, 30093409, 30093409, 30093409, 30093409, 30093409, 30093409, 30093409, 30093409, 30093409, 30093409, 30093409, 190355283, 631804358, 29806160, 29806160, 29806160, 29806160, 29806160, 29806160, 29806160, 29806160, 29806160, 29738742, 29738742, 29746454, 29746454, 29746454, 29746454, 29746454, 29746454, 29746454, 29746454, 913351591, 28272208, 411137659, 28107904, 28107904, 28107904, 29180606, 28680716, 28680716, 1845397950, 161602918, 28193675, 28193675, 28193675, 28193675, 28193675, 28193675, 28193675, 28272208, 28272208, 916738833, 27766321, 649354585, 27773145, 27773145, 27773145, 27773145, 27773145, 27773145, 27773145, 809167817, 27685307, 27685307, 27685307, 27685307, 27685307, 27685307, 27685307, 27685307, 27685307, 27685307, 27685307, 27685307, 27685307, 27685307, 27512576, 27512576, 27512576, 27278932, 27278932, 27278932, 27278932, 27278932, 27278932, 27232760, 27232760, 27232760, 27232760, 27232760, 27232760, 27232760, 27232760, 27232760, 27232760, 27232760, 27232760, 27232760, 27232760, 27103283, 27103283, 170822469, 26997779, 26997779, 26997779, 26997779, 26997779, 524078843, 26956587, 26956587, 26956587, 26956587, 26956587, 79486992, 26759908, 26759908, 26759908, 26759908, 26759908, 26759908, 26759908, 26759908, 26759908, 26759908, 26759908]",0,0,0,SSD,0,14680064,0,14680064,14680064,14680064,1.0,hot,0,0,0,0,1.0,29360128
0,88,meta-llama/Llama-3.1-8B,138,455,8361284541,64894518560,56533234019,27228406094,27485784464,91922308,"[43600141, 32353969, 32353969, 30093409, 316294373, 134671157, 29983933, 29983933, 29983933, 3544438623, 29806160, 29806160, 32513781, 56026450, 1696065189, 32042957, 32042957, 32042957, 32042957, 32042957, 32042957, 31407201, 435935132, 31599977, 31601225, 31601225, 31601225, 31601225, 31601225, 31601225, 31601225, 31601225, 31601225, 31409793, 31409793, 31409793, 31409793, 31409793, 31409793, 6537632844, 30810577, 30810577, 30663852, 30663852, 31406589, 30906699, 30906699, 30906699, 30906699, 29806160, 1521578814, 27279380, 445387365, 29806160, 29806160, 27279380, 27279380, 188231324, 28193675, 56598501, 30783396, 30283506, 30283506, 30283506, 30283506, 30283506, 30283506, 30283506, 30283506, 30283506, 30283506, 29482892, 28501850, 975697930, 30343401, 30343401, 30343401, 30343401, 30343401, 30283506, 30283506, 30283506, 30283506, 30283506, 30093409, 30093409, 30093409, 30093409, 30093409, 30093409, 30093409, 30093409, 30093409, 30093409, 30093409, 30093409, 30093409, 30093409, 27219992, 27219992, 26851204, 109064095, 631804358, 29806160, 29806160, 29806160, 29806160, 29806160, 29806160, 29806160, 29806160, 29806160, 29738742, 29738742, 29746454, 29746454, 29746454, 29746454, 29746454, 29746454, 29746454, 29746454, 26822699, 26822699, 78164699, 409449867, 27322589, 26822699, 26822699, 26822699, 26822699, 26822699, 26822699, 183832844, 28272208, 411137659, 28107904, 28107904, 28107904, 29180606, 28680716, 28680716, 26520888, 26520888, 26520888, 26520888, 26520888, 26520888, 26520888, 825570854, 26520888, 26520888, 26520888, 440735546, 26520888, 26520888, 26520888, 25850435, 25649622, 25649622, 25649622, 25649622, 25649622, 25649622, 25649622, 28922217, 26830763, 26425808, 26425808, 26863432, 26363542, 28693565, 28193675, 28193675, 28193675, 28193675, 28193675, 28193675, 28193675, 28272208, 28272208, 26118142, 26118142, 26118142, 26118142, 26618032, 26118142, 26118142, 26118142, 26118142, 26118142, 26118142, 26118142, 26118142, 26118142, 26118142, 26118142, 130046724, 26118142, 26118142, 26118142, 26118142, 26618032, 26118142, 26118142, 26118142, 26118142, 26118142, 26118142, 26118142, 26118142, 28266211, 27766321, 649354585, 27773145, 27773145, 27773145, 27773145, 27773145, 27773145, 27773145, 809167817, 27685307, 27685307, 27685307, 27685307, 27685307, 27685307, 27685307, 27685307, 27685307, 27685307, 27685307, 27685307, 27685307, 27685307, 27512576, 27512576, 27512576, 27278932, 27278932, 27278932, 27278932, 27278932, 27278932, 27232760, 27232760, 27232760, 27232760, 27232760, 27232760, 27232760, 27232760, 27232760, 27232760, 27232760, 27232760, 27232760, 27232760, 27103283, 27103283, 170822469, 26997779, 26997779, 26997779, 26997779, 26997779, 25884336, 25884336, 82472990, 25884336, 25884336, 25884336, 25884336, 25884336, 25884336, 25884336, 25884336, 25884336, 25884336, 25884336, 25884336, 25884336, 25884336, 27456477, 26956587, 26956587, 26956587, 26956587, 26956587, 26363542, 26363542, 26759908, 26759908, 26759908, 26759908, 26759908, 26759908, 26759908, 26759908, 26759908, 26759908, 26759908, 26759908, 26726923, 26726923, 26726923, 26726923, 26726923, 26726923, 26726923, 26726923, 26726923, 26726923, 25954302, 25954302]",0,0,0,NPU,0,0,0,0,0,0,1.0,hot,0,0,0,0,1.0,0
0,97,meta-llama/Llama-3.1-8B,156,393,9133488822,65027994575,55894505753,26456201813,26713580183,123647989,"[43600141, 32353969, 32353969, 4207575462, 56026450, 1696065189, 32042957, 32042957, 32042957, 32042957, 32042957, 32042957, 31407201, 435935132, 31599977, 31601225, 31601225, 31601225, 31601225, 31601225, 31601225, 31601225, 31601225, 31601225, 31409793, 31409793, 31409793, 31409793, 31409793, 31409793, 6537632844, 30810577, 30810577, 30663852, 30663852, 31406589, 30906699, 30906699, 30906699, 30906699, 29806160, 1521578814, 472666745, 29806160, 29806160, 242790084, 28193675, 56598501, 30783396, 30283506, 30283506, 30283506, 30283506, 30283506, 30283506, 30283506, 30283506, 30283506, 30283506, 29482892, 28501850, 975697930, 30343401, 30343401, 30343401, 30343401, 30343401, 30283506, 30283506, 30283506, 30283506, 30283506, 30093409, 30093409, 30093409, 30093409, 30093409, 30093409, 30093409, 30093409, 30093409, 30093409, 30093409, 30093409, 30093409, 30093409, 190355283, 631804358, 29806160, 29806160, 29806160, 29806160, 29806160, 29806160, 29806160, 29806160, 29806160, 29738742, 29738742, 29746454, 29746454, 29746454, 29746454, 29746454, 29746454, 29746454, 29746454, 913351591, 28272208, 411137659, 28107904, 28107904, 28107904, 29180606, 28680716, 28680716, 1845397950, 26830763, 134772155, 28193675, 28193675, 28193675, 28193675, 28193675, 28193675, 28193675, 28272208, 28272208, 916738833, 27766321, 649354585, 27773145, 27773145, 27773145, 27773145, 27773145, 27773145, 27773145, 809167817, 27685307, 27685307, 27685307, 27685307, 27685307, 27685307, 27685307, 27685307, 27685307, 27685307, 27685307, 27685307, 27685307, 27685307, 27512576, 27512576, 27512576, 27278932, 27278932, 27278932, 27278932, 27278932, 27278932, 27232760, 27232760, 27232760, 27232760, 27232760, 27232760, 27232760, 27232760, 27232760, 27232760, 27232760, 27232760, 27232760, 27232760, 27103283, 27103283, 170822469, 26997779, 26997779, 26997779, 26997779, 26997779, 25884336, 25884336, 82472990, 25884336, 25884336, 25884336, 25884336, 25884336, 25884336, 25884336, 25884336, 25884336, 25884336, 25884336, 25884336, 25884336, 25884336, 27456477, 26956587, 26956587, 26956587, 26956587, 26956587, 26363542, 26363542, 26759908, 26759908, 26759908, 26759908, 26759908, 26759908, 26759908, 26759908, 26759908, 26759908, 26759908, 26759908, 26726923, 26726923, 26726923, 26726923, 26726923, 26726923, 26726923, 26726923, 26726923, 26726923, 78603807, 26695203, 26695203, 26695203, 26695203]",0,0,0,SSD,0,20971520,0,20971520,20971520,20971520,1.0,hot,0,0,0,0,1.0,41943040
0,94,meta-llama/Llama-3.1-8B,9,279,8935658047,65081226217,56145568170,26654032588,26911410958,108677164,"[43600141, 32353969, 32353969, 30093409, 316294373, 134671157, 29983933, 29983933, 29983933, 3544438623, 29806160, 29806160, 32513781, 56026450, 1696065189, 32042957, 32042957, 32042957, 32042957, 32042957, 32042957, 31407201, 435935132, 31599977, 31601225, 31601225, 31601225, 31601225, 31601225, 31601225, 31601225, 31601225, 31601225, 31409793, 31409793, 31409793, 31409793, 31409793, 31409793, 6537632844, 30810577, 30810577, 30663852, 30663852, 31406589, 30906699, 30906699, 30906699, 30906699, 29806160, 1521578814, 472666745, 29806160, 29806160, 242790084, 28193675, 56598501, 30783396, 30283506, 30283506, 30283506, 30283506, 30283506, 30283506, 30283506, 30283506, 30283506, 30283506, 29482892, 28501850, 975697930, 30343401, 30343401, 30343401, 30343401, 30343401, 30283506, 30283506, 30283506, 30283506, 30283506, 30093409, 30093409, 30093409, 30093409, 30093409, 30093409, 30093409, 30093409, 30093409, 30093409, 30093409, 30093409, 30093409, 30093409, 27219992, 27219992, 135915299, 631804358, 29806160, 29806160, 29806160, 29806160, 29806160, 29806160, 29806160, 29806160, 29806160, 29738742, 29738742, 29746454, 29746454, 29746454, 29746454, 29746454, 29746454, 29746454, 29746454, 568582553, 26822699, 26822699, 26822699, 26822699, 26822699, 26822699, 183832844, 28272208, 411137659, 28107904, 28107904, 28107904, 29180606, 28680716, 28680716, 1845397950, 26830763, 26425808, 26425808, 26863432, 26363542, 28693565, 28193675, 28193675, 28193675, 28193675, 28193675, 28193675, 28193675, 28272208, 28272208, 679527486, 26118142, 26118142, 26118142, 26118142, 26118142, 26118142, 26118142, 26118142, 28266211, 27766321, 649354585, 27773145, 27773145, 27773145, 27773145, 27773145, 27773145, 27773145, 809167817, 27685307, 27685307, 27685307, 27685307, 27685307, 27685307, 27685307, 27685307, 27685307, 27685307, 27685307, 27685307, 27685307, 27685307, 27512576, 27512576, 27512576, 27278932, 27278932, 27278932, 27278932, 27278932, 27278932, 27232760, 27232760, 27232760, 27232760, 27232760, 27232760, 27232760, 27232760, 27232760, 27232760, 27232760, 27232760, 27232760, 27232760, 27103283, 27103283, 170822469, 26997779, 26997779, 26997779, 26997779, 26997779, 25884336, 25884336, 82472990, 25884336, 25884336, 25884336, 25884336, 25884336, 25884336, 25884336, 25884336, 25884336, 25884336, 25884336, 25884336, 25884336, 25884336, 27456477, 26956587, 26956587, 26956587, 26956587, 26956587, 26363542, 26363542, 26759908, 26759908, 26759908, 26759908, 26759908, 26759908, 26759908, 26759908, 26759908, 26759908, 26759908, 26759908, 26726923, 26726923, 26726923, 26726923, 26726923, 26726923, 26726923, 26726923, 26726923, 26726923, 78603807, 26695203, 26695203, 26695203, 26695203, 26615821, 26615821]",0,0,0,SSD,0,56623104,0,56623104,56623104,56623104,1.0,hot,0,0,0,0,1.0,113246208
0,62,meta-llama/Llama-3.1-8B,78,846,5912386461,65294387657,59382001196,23989924179,24189652402,45883114,"[26706189, 26706189, 26706189, 26706189, 26706189, 26706189, 26706189, 2506403764, 31739532, 26790979, 26790979, 26790979, 26790979, 26790979, 26706189, 26706189, 26706189, 26706189, 26706189, 26706189, 26706189, 1662081284, 26645180, 26645180, 26645180, 26645180, 26645180, 26645180, 26645180, 26645180, 301144315, 26956587, 144299998, 26997779, 324403902, 43600141, 32353969, 32353969, 30093409, 26363542, 26363542, 26363542, 25614678, 25614678, 185974391, 26171806, 26171806, 26171806, 26171806, 29983933, 29983933, 29983933, 29983933, 3120708474, 27761521, 26421342, 26421342, 26421342, 26421342, 26421342, 26421342, 237440576, 29806160, 29806160, 32513781, 26042517, 29983933, 27279380, 26349776, 1642436033, 32042957, 32042957, 32042957, 32042957, 32042957, 32042957, 31407201, 435935132, 31599977, 31601225, 31601225, 31601225, 31601225, 31601225, 31601225, 31601225, 31601225, 31601225, 31409793, 31409793, 31409793, 31409793, 31409793, 31409793, 26118142, 26118142, 26118142, 1558502044, 26520888, 26520888, 26520888, 26520888, 26520888, 26520888, 26520888, 26520888, 26520888, 26520888, 26520888, 26520888, 26520888, 26520888, 26520888, 26520888, 26520888, 26520888, 26520888, 26520888, 26520888, 26520888, 26520888, 26520888, 26520888, 26520888, 26520888, 26520888, 26520888, 26520888, 26520888, 26044318, 26044318, 26044318, 26044318, 26044318, 26044318, 26044318, 26044318, 26044318, 26044318, 26044318, 26044318, 26044318, 26044318, 26044318, 26044318, 25782115, 25954302, 25954302, 25954302, 25954302, 25954302, 25954302, 25954302, 25954302, 25954302, 25954302, 25954302, 25954302, 25954302, 25954302, 25954302, 743473075, 25782115, 25782115, 25782115, 25782115, 25782115, 25782115, 25782115, 25782115, 25782115, 25782115, 25782115, 25782115, 25782115, 25782115, 25782115, 25782115, 25782115, 25782115, 25782115, 25782115, 25782115, 25782115, 26042517, 26042517, 26042517, 26042517, 26042517, 25897854, 25897854, 25897854, 25897854, 966938960, 25897854, 25897854, 25897854, 26294878, 26294878, 26294878, 26294878, 26294878, 26294878, 26294878, 26294878, 25614678, 25614678, 25614678, 25614678, 25614678, 25614678, 25614678, 25614678, 25614678, 26235158, 26464944, 26464944, 26464944, 26464944, 26464944, 26945514, 31310467, 30810577, 30810577, 30663852, 30663852, 31406589, 30906699, 30906699, 30906699, 30906699, 29806160, 25649622, 25649622, 25884336, 25859550, 25859550, 26447349, 26447349, 26447349, 26447349, 26947239, 26447349, 26447349, 26447349, 26447349, 26447349, 26447349, 26600885, 26600885, 26600885, 26600885, 26600885, 26600885, 26600885, 26600885, 26600885, 26384226, 25884336, 25491349, 25491349, 26032767, 26032767, 26032767, 26032767, 26032767, 26032767, 26032767, 26032767, 26032767, 26032767, 26032767, 26032767, 26532657, 26032767, 26032767, 26032767, 26032767, 26032767, 26032767, 26032767, 26032767, 26032767, 26032767, 26032767, 26032767, 26032767, 26032767, 26032767, 29178814, 27279380, 26097524, 26097524, 26097524, 26097524, 25820922, 25916533, 25916533, 25668423, 25668423, 25668423, 25668423, 25668423, 25954302, 25954302, 26532657, 26253855, 30306050, 29806160, 29806160, 27279380, 27279380, 26425808, 26425808, 26425808, 26425808, 26425808, 26363542, 29738742, 28193675, 25614678, 30983823, 30783396, 30283506, 30283506, 30283506, 30283506, 30283506, 30283506, 30283506, 30283506, 30283506, 30283506, 29482892, 28501850, 26520888, 25782115, 892551636, 30843291, 30343401, 30343401, 30343401, 30343401, 30343401, 30283506, 30283506, 30283506, 30283506, 30283506, 30093409, 30093409, 30093409, 30093409, 30093409, 30093409, 30093409, 30093409, 30093409, 30093409, 30093409, 30093409, 30093409, 30093409, 27219992, 27219992, 26851204, 26360054, 26360054, 26360054, 29983933, 25774206, 26359326, 26359326, 26359326, 26359326, 26359326, 26359326, 26359326, 26359326, 26359326, 26359326, 26359326, 26359326, 26359326, 26359326, 26274096, 25774206, 25774206, 25774206, 25774206, 25774206, 25774206, 25774206, 30306050, 29806160, 29806160, 29806160, 29806160, 29806160, 29806160, 29806160, 29806160, 29806160, 29738742, 29738742, 29746454, 29746454, 29746454, 29746454, 29746454, 29746454, 29746454, 29746454, 26822699, 26822699, 25485022, 25485022, 27194655, 25501991, 25501991, 25501991, 25501991, 25501991, 25501991, 25501991, 25501991, 25501991, 25501991, 25501991, 25501991, 25501991, 25501991, 25501991, 26920002, 27322589, 26822699, 26822699, 26822699, 26822699, 26822699, 26822699, 25843491, 25774206, 25712916, 25712916, 25712916, 25712916, 29363483, 28272208, 26001881, 25501991, 25501991, 25501991, 25501991, 25501991, 25501991, 25501991, 25501991, 25501991, 25501991, 25501991, 25501991, 25501991, 25501991, 28107904, 28107904, 28107904, 28107904, 29180606, 28680716, 28680716, 26520888, 26520888, 26520888, 26520888, 26520888, 26520888, 26520888, 25914165, 25914165, 25454110, 26212806, 25712916, 25712916, 25712916, 25712916, 25712916, 25712916, 25712916, 25712916, 25712916, 25712916, 25712916, 25712916, 25712916, 25712916, 25712916, 26212806, 25712916, 25712916, 25712916, 25712916, 25712916, 25712916, 25712916, 25712916, 25712916, 25712916, 26019124, 27020778, 26520888, 26520888, 26520888, 25857173, 25857173, 25857173, 25857173, 25857173, 25857173, 25857173, 25857173, 25857173, 25857173, 25857173, 25857173, 25857173, 25857173, 25857173, 25857173, 27020778, 26520888, 26520888, 26520888, 25850435, 25649622, 25649622, 25649622, 25649622, 25649622, 25649622, 25649622, 28922217, 26830763, 26425808, 26425808, 26863432, 26363542, 28693565, 28193675, 28193675, 28193675, 28193675, 28193675, 28193675, 28193675, 28272208, 28272208, 26118142, 26118142, 26118142, 26118142, 26618032, 26118142, 26118142, 26118142, 26118142, 26118142, 26118142, 26118142, 26118142, 26118142, 26118142, 26118142, 25857173, 25857173, 25857173, 25857173, 26618032, 26118142, 26118142, 26118142, 26118142, 26618032, 26118142, 26118142, 26118142, 26118142, 26118142, 26118142, 26118142, 26118142, 28266211, 27766321, 25857173, 25857173, 25857173, 25857173, 25857173, 25857173, 25857173, 25857173, 25857173, 25857173, 25857173, 25857173, 25859550, 25859550, 25859550, 25859550, 26357063, 25857173, 25857173, 25857173, 25857173, 25857173, 25857173, 25857173, 28273035, 27773145, 27773145, 27773145, 27773145, 27773145, 27773145, 27773145, 26016091, 26016091, 26016091, 26016091, 26016091, 26016091, 26016091, 26016091, 26016091, 26016091, 26016091, 26016091, 26016091, 26016091, 26016091, 26016091, 26515981, 26016091, 26016091, 26016091, 26016091, 26016091, 26016091, 26016091, 26016091, 26016091, 26016091, 26016091, 26016091, 26016091, 28185197, 27685307, 27685307, 27685307, 27685307, 27685307, 27685307, 27685307, 27685307, 27685307, 27685307, 27685307, 27685307, 27685307, 27685307, 27512576, 27512576, 27512576, 27278932, 27278932, 27278932, 27278932, 27278932, 27278932, 27232760, 27232760, 27232760, 27232760, 27232760, 27232760, 27232760, 27232760, 27232760, 27232760, 27232760, 27232760, 27232760, 27232760, 27103283, 27103283, 170822469, 26997779, 26997779, 26997779, 26997779, 26997779, 25884336, 25884336, 28044382, 28044382, 26384226, 25884336, 25884336, 25884336, 25884336, 25884336, 25884336, 25884336, 25884336, 25884336, 25884336, 25884336, 25884336, 25884336, 25884336, 27456477, 26956587, 26956587, 26956587, 26956587, 26956587, 26363542, 26363542, 26759908, 26759908, 26759908, 26759908, 26759908, 26759908, 26759908, 26759908, 26759908, 26759908, 26759908, 26759908, 26726923, 26726923, 26726923, 26726923, 26726923, 26726923, 26726923, 26726923, 26726923, 26726923, 25954302, 25954302, 26695203, 26695203, 26695203, 26695203, 26695203, 26615821, 26615821, 26645180, 26645180, 26645180, 26645180, 26645180, 26645180, 26645180, 26645180]",0,0,0,SSD,0,12582912,0,12582912,12582912,12582912,1.0,hot,0,0,0,0,1.0,25165824
0,107,meta-llama/Llama-3.1-8B,25,267,9821133597,65912575791,56091442194,25768557038,26025935408,124753140,"[43600141, 32353969, 32353969, 4207575462, 1752091639, 32042957, 32042957, 32042957, 32042957, 32042957, 32042957, 31407201, 435935132, 31599977, 31601225, 31601225, 31601225, 31601225, 31601225, 31601225, 31601225, 31601225, 31601225, 31409793, 31409793, 31409793, 31409793, 31409793, 31409793, 6537632844, 30810577, 30810577, 30663852, 30663852, 31406589, 30906699, 30906699, 30906699, 30906699, 29806160, 1994245559, 29806160, 29806160, 242790084, 84792176, 30783396, 30283506, 30283506, 30283506, 30283506, 30283506, 30283506, 30283506, 30283506, 30283506, 30283506, 29482892, 1004199780, 30343401, 30343401, 30343401, 30343401, 30343401, 30283506, 30283506, 30283506, 30283506, 30283506, 30093409, 30093409, 30093409, 30093409, 30093409, 30093409, 30093409, 30093409, 30093409, 30093409, 30093409, 30093409, 30093409, 30093409, 190355283, 631804358, 29806160, 29806160, 29806160, 29806160, 29806160, 29806160, 29806160, 29806160, 29806160, 29738742, 29738742, 29746454, 29746454, 29746454, 29746454, 29746454, 29746454, 29746454, 29746454, 913351591, 28272208, 411137659, 28107904, 28107904, 28107904, 29180606, 28680716, 28680716, 1845397950, 161602918, 28193675, 28193675, 28193675, 28193675, 28193675, 28193675, 28193675, 28272208, 28272208, 916738833, 27766321, 649354585, 27773145, 27773145, 27773145, 27773145, 27773145, 27773145, 27773145, 809167817, 27685307, 27685307, 27685307, 27685307, 27685307, 27685307, 27685307, 27685307, 27685307, 27685307, 27685307, 27685307, 27685307, 27685307, 27512576, 27512576, 27512576, 27278932, 27278932, 27278932, 27278932, 27278932, 27278932, 27232760, 27232760, 27232760, 27232760, 27232760, 27232760, 27232760, 27232760, 27232760, 27232760, 27232760, 27232760, 27232760, 27232760, 27103283, 27103283, 170822469, 26997779, 26997779, 26997779, 26997779, 26997779, 524078843, 26956587, 26956587, 26956587, 26956587, 26956587, 26363542, 26363542, 26759908, 26759908, 26759908, 26759908, 26759908, 26759908, 26759908, 26759908, 26759908, 26759908, 26759908, 26759908, 26726923, 26726923, 26726923, 26726923, 26726923, 26726923, 26726923, 26726923, 26726923, 26726923, 78603807, 26695203, 26695203, 26695203, 26695203, 26615821, 26615821, 26645180, 26645180, 26645180, 26645180, 26645180, 26645180, 26645180, 26645180, 191865254, 26645180, 26645180, 26645180, 26645180, 26645180, 26645180, 26645180, 26645180, 26645180, 26645180, 26645180, 26645180, 26645180, 26645180, 26645180, 26645180]",0,0,0,NPU,0,0,0,0,0,0,1.0,hot,0,0,0,0,1.0,0
0,101,meta-llama/Llama-3.1-8B,11,263,9251846665,66097687487,56845840822,26337843970,26595222340,120520392,"[43600141, 32353969, 32353969, 4207575462, 1752091639, 32042957, 32042957, 32042957, 32042957, 32042957, 32042957, 31407201, 435935132, 31599977, 31601225, 31601225, 31601225, 31601225, 31601225, 31601225, 31601225, 31601225, 31601225, 31409793, 31409793, 31409793, 31409793, 31409793, 31409793, 6537632844, 30810577, 30810577, 30663852, 30663852, 31406589, 30906699, 30906699, 30906699, 30906699, 29806160, 1521578814, 472666745, 29806160, 29806160, 242790084, 28193675, 56598501, 30783396, 30283506, 30283506, 30283506, 30283506, 30283506, 30283506, 30283506, 30283506, 30283506, 30283506, 29482892, 28501850, 975697930, 30343401, 30343401, 30343401, 30343401, 30343401, 30283506, 30283506, 30283506, 30283506, 30283506, 30093409, 30093409, 30093409, 30093409, 30093409, 30093409, 30093409, 30093409, 30093409, 30093409, 30093409, 30093409, 30093409, 30093409, 190355283, 631804358, 29806160, 29806160, 29806160, 29806160, 29806160, 29806160, 29806160, 29806160, 29806160, 29738742, 29738742, 29746454, 29746454, 29746454, 29746454, 29746454, 29746454, 29746454, 29746454, 913351591, 28272208, 411137659, 28107904, 28107904, 28107904, 29180606, 28680716, 28680716, 1845397950, 161602918, 28193675, 28193675, 28193675, 28193675, 28193675, 28193675, 28193675, 28272208, 28272208, 916738833, 27766321, 649354585, 27773145, 27773145, 27773145, 27773145, 27773145, 27773145, 27773145, 809167817, 27685307, 27685307, 27685307, 27685307, 27685307, 27685307, 27685307, 27685307, 27685307, 27685307, 27685307, 27685307, 27685307, 27685307, 27512576, 27512576, 27512576, 27278932, 27278932, 27278932, 27278932, 27278932, 27278932, 27232760, 27232760, 27232760, 27232760, 27232760, 27232760, 27232760, 27232760, 27232760, 27232760, 27232760, 27232760, 27232760, 27232760, 27103283, 27103283, 170822469, 26997779, 26997779, 26997779, 26997779, 26997779, 524078843, 26956587, 26956587, 26956587, 26956587, 26956587, 26363542, 26363542, 26759908, 26759908, 26759908, 26759908, 26759908, 26759908, 26759908, 26759908, 26759908, 26759908, 26759908, 26759908, 26726923, 26726923, 26726923, 26726923, 26726923, 26726923, 26726923, 26726923, 26726923, 26726923, 78603807, 26695203, 26695203, 26695203, 26695203, 26615821, 26615821, 26645180, 26645180, 26645180, 26645180, 26645180, 26645180, 26645180, 26645180, 191865254, 26645180, 26645180, 26645180, 26645180, 26645180, 26645180, 26645180, 26645180, 26645180, 26645180, 26645180, 26645180, 26645180, 26645180, 26645180, 26645180, 26444528, 26444528, 26444528, 26444528, 26444528, 26444528, 26444528]",0,0,0,SSD,0,20971520,0,20971520,20971520,20971520,1.0,hot,0,0,0,0,1.0,41943040
0,95,meta-llama/Llama-3.1-8B,44,350,9003739520,66834843380,57831103860,26585951115,26843329485,101599260,"[43600141, 32353969, 32353969, 30093409, 316294373, 134671157, 29983933, 29983933, 29983933, 3544438623, 29806160, 29806160, 32513781, 56026450, 1696065189, 32042957, 32042957, 32042957, 32042957, 32042957, 32042957, 31407201, 435935132, 31599977, 31601225, 31601225, 31601225, 31601225, 31601225, 31601225, 31601225, 31601225, 31601225, 31409793, 31409793, 31409793, 31409793, 31409793, 31409793, 6537632844, 30810577, 30810577, 30663852, 30663852, 31406589, 30906699, 30906699, 30906699, 30906699, 29806160, 1521578814, 472666745, 29806160, 29806160, 242790084, 28193675, 56598501, 30783396, 30283506, 30283506, 30283506, 30283506, 30283506, 30283506, 30283506, 30283506, 30283506, 30283506, 29482892, 28501850, 975697930, 30343401, 30343401, 30343401, 30343401, 30343401, 30283506, 30283506, 30283506, 30283506, 30283506, 30093409, 30093409, 30093409, 30093409, 30093409, 30093409, 30093409, 30093409, 30093409, 30093409, 30093409, 30093409, 30093409, 30093409, 27219992, 27219992, 135915299, 631804358, 29806160, 29806160, 29806160, 29806160, 29806160, 29806160, 29806160, 29806160, 29806160, 29738742, 29738742, 29746454, 29746454, 29746454, 29746454, 29746454, 29746454, 29746454, 29746454, 913351591, 28272208, 411137659, 28107904, 28107904, 28107904, 29180606, 28680716, 28680716, 1845397950, 26830763, 26425808, 26425808, 81920539, 28193675, 28193675, 28193675, 28193675, 28193675, 28193675, 28193675, 28272208, 28272208, 916738833, 27766321, 649354585, 27773145, 27773145, 27773145, 27773145, 27773145, 27773145, 27773145, 809167817, 27685307, 27685307, 27685307, 27685307, 27685307, 27685307, 27685307, 27685307, 27685307, 27685307, 27685307, 27685307, 27685307, 27685307, 27512576, 27512576, 27512576, 27278932, 27278932, 27278932, 27278932, 27278932, 27278932, 27232760, 27232760, 27232760, 27232760, 27232760, 27232760, 27232760, 27232760, 27232760, 27232760, 27232760, 27232760, 27232760, 27232760, 27103283, 27103283, 170822469, 26997779, 26997779, 26997779, 26997779, 26997779, 25884336, 25884336, 82472990, 25884336, 25884336, 25884336, 25884336, 25884336, 25884336, 25884336, 25884336, 25884336, 25884336, 25884336, 25884336, 25884336, 25884336, 27456477, 26956587, 26956587, 26956587, 26956587, 26956587, 26363542, 26363542, 26759908, 26759908, 26759908, 26759908, 26759908, 26759908, 26759908, 26759908, 26759908, 26759908, 26759908, 26759908, 26726923, 26726923, 26726923, 26726923, 26726923, 26726923, 26726923, 26726923, 26726923, 26726923, 78603807, 26695203, 26695203, 26695203, 26695203, 26615821, 26615821, 26645180, 26645180, 26645180, 26645180, 26645180, 26645180, 26645180, 26645180, 191865254, 26645180, 26645180, 26645180, 26645180, 26645180, 26645180, 26645180, 26645180, 26645180, 26645180, 26645180, 26645180, 26645180, 26645180, 26645180, 26645180, 26444528, 26444528, 26444528, 26444528, 26444528, 26444528, 26444528, 146000324, 26454608, 26454608, 25465799, 25465799, 25465799, 25263093, 25263093, 77633271, 25668423, 25668423, 25668423, 25668423, 25668423, 25668423, 25668423, 25668423, 25668423, 25668423, 25668423, 25668423, 25668423]",0,0,0,SSD,0,48234496,0,48234496,48234496,48234496,1.0,hot,0,0,0,0,1.0,96468992
0,91,meta-llama/Llama-3.1-8B,19,416,8562841027,67515722589,58952881562,27026849608,27284227978,79971347,"[43600141, 32353969, 32353969, 30093409, 316294373, 134671157, 29983933, 29983933, 29983933, 3544438623, 29806160, 29806160, 32513781, 56026450, 1696065189, 32042957, 32042957, 32042957, 32042957, 32042957, 32042957, 31407201, 435935132, 31599977, 31601225, 31601225, 31601225, 31601225, 31601225, 31601225, 31601225, 31601225, 31601225, 31409793, 31409793, 31409793, 31409793, 31409793, 31409793, 6537632844, 30810577, 30810577, 30663852, 30663852, 31406589, 30906699, 30906699, 30906699, 30906699, 29806160, 1521578814, 27279380, 445387365, 29806160, 29806160, 27279380, 27279380, 188231324, 28193675, 56598501, 30783396, 30283506, 30283506, 30283506, 30283506, 30283506, 30283506, 30283506, 30283506, 30283506, 30283506, 29482892, 28501850, 975697930, 30343401, 30343401, 30343401, 30343401, 30343401, 30283506, 30283506, 30283506, 30283506, 30283506, 30093409, 30093409, 30093409, 30093409, 30093409, 30093409, 30093409, 30093409, 30093409, 30093409, 30093409, 30093409, 30093409, 30093409, 27219992, 27219992, 26851204, 109064095, 631804358, 29806160, 29806160, 29806160, 29806160, 29806160, 29806160, 29806160, 29806160, 29806160, 29738742, 29738742, 29746454, 29746454, 29746454, 29746454, 29746454, 29746454, 29746454, 29746454, 26822699, 26822699, 78164699, 436772456, 26822699, 26822699, 26822699, 26822699, 26822699, 26822699, 183832844, 28272208, 411137659, 28107904, 28107904, 28107904, 29180606, 28680716, 28680716, 26520888, 26520888, 26520888, 26520888, 26520888, 26520888, 26520888, 825570854, 26520888, 26520888, 26520888, 440735546, 26520888, 26520888, 26520888, 234320006, 26830763, 26425808, 26425808, 26863432, 26363542, 28693565, 28193675, 28193675, 28193675, 28193675, 28193675, 28193675, 28193675, 28272208, 28272208, 26118142, 26118142, 26118142, 26118142, 26618032, 26118142, 26118142, 26118142, 26118142, 26118142, 26118142, 26118142, 26118142, 26118142, 26118142, 26118142, 130046724, 26118142, 26118142, 26118142, 26118142, 26618032, 26118142, 26118142, 26118142, 26118142, 26118142, 26118142, 26118142, 26118142, 28266211, 27766321, 649354585, 27773145, 27773145, 27773145, 27773145, 27773145, 27773145, 27773145, 809167817, 27685307, 27685307, 27685307, 27685307, 27685307, 27685307, 27685307, 27685307, 27685307, 27685307, 27685307, 27685307, 27685307, 27685307, 27512576, 27512576, 27512576, 27278932, 27278932, 27278932, 27278932, 27278932, 27278932, 27232760, 27232760, 27232760, 27232760, 27232760, 27232760, 27232760, 27232760, 27232760, 27232760, 27232760, 27232760, 27232760, 27232760, 27103283, 27103283, 170822469, 26997779, 26997779, 26997779, 26997779, 26997779, 25884336, 25884336, 82472990, 25884336, 25884336, 25884336, 25884336, 25884336, 25884336, 25884336, 25884336, 25884336, 25884336, 25884336, 25884336, 25884336, 25884336, 27456477, 26956587, 26956587, 26956587, 26956587, 26956587, 26363542, 26363542, 26759908, 26759908, 26759908, 26759908, 26759908, 26759908, 26759908, 26759908, 26759908, 26759908, 26759908, 26759908, 26726923, 26726923, 26726923, 26726923, 26726923, 26726923, 26726923, 26726923, 26726923, 26726923, 25954302, 25954302, 26695203, 26695203, 26695203, 26695203, 26695203, 26615821, 26615821, 26645180, 26645180, 26645180, 26645180, 26645180, 26645180, 26645180, 26645180, 191865254, 26645180, 26645180, 26645180, 26645180, 26645180, 26645180, 26645180, 26645180, 26645180, 26645180, 26645180, 26645180, 26645180, 26645180, 26645180, 26645180, 26444528, 26444528, 26444528, 26444528, 26444528, 26444528, 26444528, 146000324, 26454608, 26454608, 25465799, 25465799, 25465799, 25263093, 25263093, 25732479, 25732479, 26168313, 25668423, 25668423, 25668423, 25668423, 25668423, 25668423, 25668423, 25668423, 25668423, 25668423, 25668423, 25668423, 25668423, 26928712, 26428822, 26428822, 26428822, 26428822, 26428822, 26428822, 26428822, 26428822, 26428822, 26428822, 26428822, 26428822, 25916533, 25668423, 25668423, 25859550, 25859550, 26416423, 25916533, 25916533, 25916533, 25916533, 25916533, 25916533, 25916533]",0,0,0,NPU,0,0,0,0,0,0,1.0,hot,0,0,0,0,1.0,0
0,108,meta-llama/Llama-3.1-8B,7,274,9847114112,67569681791,57722567679,25742576523,25999954893,119257942,"[43600141, 32353969, 32353969, 4207575462, 1752091639, 32042957, 32042957, 32042957, 32042957, 32042957, 32042957, 31407201, 435935132, 31599977, 31601225, 31601225, 31601225, 31601225, 31601225, 31601225, 31601225, 31601225, 31601225, 31409793, 31409793, 31409793, 31409793, 31409793, 31409793, 6537632844, 30810577, 30810577, 30663852, 30663852, 31406589, 30906699, 30906699, 30906699, 30906699, 29806160, 1994245559, 29806160, 29806160, 242790084, 84792176, 30783396, 30283506, 30283506, 30283506, 30283506, 30283506, 30283506, 30283506, 30283506, 30283506, 30283506, 29482892, 1004199780, 30343401, 30343401, 30343401, 30343401, 30343401, 30283506, 30283506, 30283506, 30283506, 30283506, 30093409, 30093409, 30093409, 30093409, 30093409, 30093409, 30093409, 30093409, 30093409, 30093409, 30093409, 30093409, 30093409, 30093409, 190355283, 631804358, 29806160, 29806160, 29806160, 29806160, 29806160, 29806160, 29806160, 29806160, 29806160, 29738742, 29738742, 29746454, 29746454, 29746454, 29746454, 29746454, 29746454, 29746454, 29746454, 913351591, 28272208, 411137659, 28107904, 28107904, 28107904, 29180606, 28680716, 28680716, 1845397950, 161602918, 28193675, 28193675, 28193675, 28193675, 28193675, 28193675, 28193675, 28272208, 28272208, 916738833, 27766321, 649354585, 27773145, 27773145, 27773145, 27773145, 27773145, 27773145, 27773145, 809167817, 27685307, 27685307, 27685307, 27685307, 27685307, 27685307, 27685307, 27685307, 27685307, 27685307, 27685307, 27685307, 27685307, 27685307, 27512576, 27512576, 27512576, 27278932, 27278932, 27278932, 27278932, 27278932, 27278932, 27232760, 27232760, 27232760, 27232760, 27232760, 27232760, 27232760, 27232760, 27232760, 27232760, 27232760, 27232760, 27232760, 27232760, 27103283, 27103283, 170822469, 26997779, 26997779, 26997779, 26997779, 26997779, 524078843, 26956587, 26956587, 26956587, 26956587, 26956587, 26363542, 26363542, 26759908, 26759908, 26759908, 26759908, 26759908, 26759908, 26759908, 26759908, 26759908, 26759908, 26759908, 26759908, 26726923, 26726923, 26726923, 26726923, 26726923, 26726923, 26726923, 26726923, 26726923, 26726923, 78603807, 26695203, 26695203, 26695203, 26695203, 26615821, 26615821, 26645180, 26645180, 26645180, 26645180, 26645180, 26645180, 26645180, 26645180, 191865254, 26645180, 26645180, 26645180, 26645180, 26645180, 26645180, 26645180, 26645180, 26645180, 26645180, 26645180, 26645180, 26645180, 26645180, 26645180, 26645180, 26444528, 26444528, 26444528, 26444528, 26444528, 26444528, 26444528, 146000324, 26454608, 26454608, 565175065, 26428822, 26428822, 26428822, 26428822, 26428822, 26428822, 26428822, 26428822, 26428822, 26428822, 26428822, 26428822, 364034179, 26729656]",0,0,0,SSD,0,35651584,0,35651584,35651584,35651584,1.0,hot,0,0,0,0,1.0,71303168
0,103,meta-llama/Llama-3.1-8B,2,291,9360630052,67811272877,58450642825,26229060583,26486438953,110986819,"[43600141, 32353969, 32353969, 4207575462, 1752091639, 32042957, 32042957, 32042957, 32042957, 32042957, 32042957, 31407201, 435935132, 31599977, 31601225, 31601225, 31601225, 31601225, 31601225, 31601225, 31601225, 31601225, 31601225, 31409793, 31409793, 31409793, 31409793, 31409793, 31409793, 6537632844, 30810577, 30810577, 30663852, 30663852, 31406589, 30906699, 30906699, 30906699, 30906699, 29806160, 1521578814, 472666745, 29806160, 29806160, 242790084, 84792176, 30783396, 30283506, 30283506, 30283506, 30283506, 30283506, 30283506, 30283506, 30283506, 30283506, 30283506, 29482892, 28501850, 975697930, 30343401, 30343401, 30343401, 30343401, 30343401, 30283506, 30283506, 30283506, 30283506, 30283506, 30093409, 30093409, 30093409, 30093409, 30093409, 30093409, 30093409, 30093409, 30093409, 30093409, 30093409, 30093409, 30093409, 30093409, 190355283, 631804358, 29806160, 29806160, 29806160, 29806160, 29806160, 29806160, 29806160, 29806160, 29806160, 29738742, 29738742, 29746454, 29746454, 29746454, 29746454, 29746454, 29746454, 29746454, 29746454, 913351591, 28272208, 411137659, 28107904, 28107904, 28107904, 29180606, 28680716, 28680716, 1845397950, 161602918, 28193675, 28193675, 28193675, 28193675, 28193675, 28193675, 28193675, 28272208, 28272208, 916738833, 27766321, 649354585, 27773145, 27773145, 27773145, 27773145, 27773145, 27773145, 27773145, 809167817, 27685307, 27685307, 27685307, 27685307, 27685307, 27685307, 27685307, 27685307, 27685307, 27685307, 27685307, 27685307, 27685307, 27685307, 27512576, 27512576, 27512576, 27278932, 27278932, 27278932, 27278932, 27278932, 27278932, 27232760, 27232760, 27232760, 27232760, 27232760, 27232760, 27232760, 27232760, 27232760, 27232760, 27232760, 27232760, 27232760, 27232760, 27103283, 27103283, 170822469, 26997779, 26997779, 26997779, 26997779, 26997779, 524078843, 26956587, 26956587, 26956587, 26956587, 26956587, 26363542, 26363542, 26759908, 26759908, 26759908, 26759908, 26759908, 26759908, 26759908, 26759908, 26759908, 26759908, 26759908, 26759908, 26726923, 26726923, 26726923, 26726923, 26726923, 26726923, 26726923, 26726923, 26726923, 26726923, 78603807, 26695203, 26695203, 26695203, 26695203, 26615821, 26615821, 26645180, 26645180, 26645180, 26645180, 26645180, 26645180, 26645180, 26645180, 191865254, 26645180, 26645180, 26645180, 26645180, 26645180, 26645180, 26645180, 26645180, 26645180, 26645180, 26645180, 26645180, 26645180, 26645180, 26645180, 26645180, 26444528, 26444528, 26444528, 26444528, 26444528, 26444528, 26444528, 146000324, 26454608, 26454608, 565175065, 26428822, 26428822, 26428822, 26428822, 26428822, 26428822, 26428822, 26428822, 26428822, 26428822, 26428822, 26428822, 25916533, 25668423, 25668423, 78135523, 25916533, 25916533, 25916533, 25916533, 25916533, 25916533, 25916533, 27229546, 26729656, 26843454, 26843454, 26843454, 26843454, 26843454, 26843454, 26843454, 26843454, 26843454]",0,0,0,SSD,0,35651584,0,35651584,35651584,35651584,1.0,hot,0,0,0,0,1.0,71303168
0,99,meta-llama/Llama-3.1-8B,7,323,9147480342,67944138172,58796657830,26442210293,26699588663,101895457,"[43600141, 32353969, 32353969, 4207575462, 56026450, 1696065189, 32042957, 32042957, 32042957, 32042957, 32042957, 32042957, 31407201, 435935132, 31599977, 31601225, 31601225, 31601225, 31601225, 31601225, 31601225, 31601225, 31601225, 31601225, 31409793, 31409793, 31409793, 31409793, 31409793, 31409793, 6537632844, 30810577, 30810577, 30663852, 30663852, 31406589, 30906699, 30906699, 30906699, 30906699, 29806160, 1521578814, 472666745, 29806160, 29806160, 242790084, 28193675, 56598501, 30783396, 30283506, 30283506, 30283506, 30283506, 30283506, 30283506, 30283506, 30283506, 30283506, 30283506, 29482892, 28501850, 975697930, 30343401, 30343401, 30343401, 30343401, 30343401, 30283506, 30283506, 30283506, 30283506, 30283506, 30093409, 30093409, 30093409, 30093409, 30093409, 30093409, 30093409, 30093409, 30093409, 30093409, 30093409, 30093409, 30093409, 30093409, 190355283, 631804358, 29806160, 29806160, 29806160, 29806160, 29806160, 29806160, 29806160, 29806160, 29806160, 29738742, 29738742, 29746454, 29746454, 29746454, 29746454, 29746454, 29746454, 29746454, 29746454, 913351591, 28272208, 411137659, 28107904, 28107904, 28107904, 29180606, 28680716, 28680716, 1845397950, 26830763, 134772155, 28193675, 28193675, 28193675, 28193675, 28193675, 28193675, 28193675, 28272208, 28272208, 916738833, 27766321, 649354585, 27773145, 27773145, 27773145, 27773145, 27773145, 27773145, 27773145, 809167817, 27685307, 27685307, 27685307, 27685307, 27685307, 27685307, 27685307, 27685307, 27685307, 27685307, 27685307, 27685307, 27685307, 27685307, 27512576, 27512576, 27512576, 27278932, 27278932, 27278932, 27278932, 27278932, 27278932, 27232760, 27232760, 27232760, 27232760, 27232760, 27232760, 27232760, 27232760, 27232760, 27232760, 27232760, 27232760, 27232760, 27232760, 27103283, 27103283, 170822469, 26997779, 26997779, 26997779, 26997779, 26997779, 524078843, 26956587, 26956587, 26956587, 26956587, 26956587, 26363542, 26363542, 26759908, 26759908, 26759908, 26759908, 26759908, 26759908, 26759908, 26759908, 26759908, 26759908, 26759908, 26759908, 26726923, 26726923, 26726923, 26726923, 26726923, 26726923, 26726923, 26726923, 26726923, 26726923, 78603807, 26695203, 26695203, 26695203, 26695203, 26615821, 26615821, 26645180, 26645180, 26645180, 26645180, 26645180, 26645180, 26645180, 26645180, 191865254, 26645180, 26645180, 26645180, 26645180, 26645180, 26645180, 26645180, 26645180, 26645180, 26645180, 26645180, 26645180, 26645180, 26645180, 26645180, 26645180, 26444528, 26444528, 26444528, 26444528, 26444528, 26444528, 26444528, 146000324, 26454608, 26454608, 25465799, 25465799, 25465799, 128159457, 25668423, 25668423, 25668423, 25668423, 25668423, 25668423, 25668423, 25668423, 25668423, 25668423, 25668423, 25668423, 25668423, 26928712, 26428822, 26428822, 26428822, 26428822, 26428822, 26428822, 26428822, 26428822, 26428822, 26428822, 26428822, 26428822, 25916533, 25668423, 25668423, 25859550, 25859550, 26416423, 25916533, 25916533, 25916533, 25916533, 25916533, 25916533, 25916533, 27229546, 26729656, 26843454, 26843454, 26843454, 26843454, 26843454, 26843454, 26843454, 26843454, 26843454, 26573059, 26573059, 26573059, 26573059, 26573059]",0,0,0,SSD,0,27262976,0,27262976,27262976,27262976,1.0,hot,0,0,0,0,1.0,54525952
0,98,meta-llama/Llama-3.1-8B,11,350,9136063599,68101680928,58965617329,26453627036,26711005406,95427845,"[43600141, 32353969, 32353969, 4207575462, 56026450, 1696065189, 32042957, 32042957, 32042957, 32042957, 32042957, 32042957, 31407201, 435935132, 31599977, 31601225, 31601225, 31601225, 31601225, 31601225, 31601225, 31601225, 31601225, 31601225, 31409793, 31409793, 31409793, 31409793, 31409793, 31409793, 6537632844, 30810577, 30810577, 30663852, 30663852, 31406589, 30906699, 30906699, 30906699, 30906699, 29806160, 1521578814, 472666745, 29806160, 29806160, 242790084, 28193675, 56598501, 30783396, 30283506, 30283506, 30283506, 30283506, 30283506, 30283506, 30283506, 30283506, 30283506, 30283506, 29482892, 28501850, 975697930, 30343401, 30343401, 30343401, 30343401, 30343401, 30283506, 30283506, 30283506, 30283506, 30283506, 30093409, 30093409, 30093409, 30093409, 30093409, 30093409, 30093409, 30093409, 30093409, 30093409, 30093409, 30093409, 30093409, 30093409, 190355283, 631804358, 29806160, 29806160, 29806160, 29806160, 29806160, 29806160, 29806160, 29806160, 29806160, 29738742, 29738742, 29746454, 29746454, 29746454, 29746454, 29746454, 29746454, 29746454, 29746454, 913351591, 28272208, 411137659, 28107904, 28107904, 28107904, 29180606, 28680716, 28680716, 1845397950, 26830763, 134772155, 28193675, 28193675, 28193675, 28193675, 28193675, 28193675, 28193675, 28272208, 28272208, 916738833, 27766321, 649354585, 27773145, 27773145, 27773145, 27773145, 27773145, 27773145, 27773145, 809167817, 27685307, 27685307, 27685307, 27685307, 27685307, 27685307, 27685307, 27685307, 27685307, 27685307, 27685307, 27685307, 27685307, 27685307, 27512576, 27512576, 27512576, 27278932, 27278932, 27278932, 27278932, 27278932, 27278932, 27232760, 27232760, 27232760, 27232760, 27232760, 27232760, 27232760, 27232760, 27232760, 27232760, 27232760, 27232760, 27232760, 27232760, 27103283, 27103283, 170822469, 26997779, 26997779, 26997779, 26997779, 26997779, 25884336, 25884336, 82472990, 25884336, 25884336, 25884336, 25884336, 25884336, 25884336, 25884336, 25884336, 25884336, 25884336, 25884336, 25884336, 25884336, 25884336, 27456477, 26956587, 26956587, 26956587, 26956587, 26956587, 26363542, 26363542, 26759908, 26759908, 26759908, 26759908, 26759908, 26759908, 26759908, 26759908, 26759908, 26759908, 26759908, 26759908, 26726923, 26726923, 26726923, 26726923, 26726923, 26726923, 26726923, 26726923, 26726923, 26726923, 78603807, 26695203, 26695203, 26695203, 26695203, 26615821, 26615821, 26645180, 26645180, 26645180, 26645180, 26645180, 26645180, 26645180, 26645180, 191865254, 26645180, 26645180, 26645180, 26645180, 26645180, 26645180, 26645180, 26645180, 26645180, 26645180, 26645180, 26645180, 26645180, 26645180, 26645180, 26645180, 26444528, 26444528, 26444528, 26444528, 26444528, 26444528, 26444528, 146000324, 26454608, 26454608, 25465799, 25465799, 25465799, 128159457, 25668423, 25668423, 25668423, 25668423, 25668423, 25668423, 25668423, 25668423, 25668423, 25668423, 25668423, 25668423, 25668423, 26928712, 26428822, 26428822, 26428822, 26428822, 26428822, 26428822, 26428822, 26428822, 26428822, 26428822, 26428822, 26428822, 25916533, 25668423, 25668423, 25859550, 25859550, 26416423, 25916533, 25916533, 25916533, 25916533, 25916533, 25916533, 25916533, 27229546, 26729656, 26843454, 26843454, 26843454, 26843454, 26843454, 26843454, 26843454, 26843454, 26843454, 26573059, 26573059, 26573059, 26573059, 26573059, 26246582, 26246582, 26246582, 26246582, 26246582, 26309846]",0,0,0,SSD,0,2097152,0,2097152,2097152,2097152,1.0,hot,0,0,0,0,1.0,4194304
0,92,meta-llama/Llama-3.1-8B,19,444,8705880302,68869598628,60163718326,26883810333,27141188703,77883324,"[43600141, 32353969, 32353969, 30093409, 316294373, 134671157, 29983933, 29983933, 29983933, 3544438623, 29806160, 29806160, 32513781, 56026450, 1696065189, 32042957, 32042957, 32042957, 32042957, 32042957, 32042957, 31407201, 435935132, 31599977, 31601225, 31601225, 31601225, 31601225, 31601225, 31601225, 31601225, 31601225, 31601225, 31409793, 31409793, 31409793, 31409793, 31409793, 31409793, 6537632844, 30810577, 30810577, 30663852, 30663852, 31406589, 30906699, 30906699, 30906699, 30906699, 29806160, 1521578814, 27279380, 445387365, 29806160, 29806160, 27279380, 27279380, 188231324, 28193675, 56598501, 30783396, 30283506, 30283506, 30283506, 30283506, 30283506, 30283506, 30283506, 30283506, 30283506, 30283506, 29482892, 28501850, 975697930, 30343401, 30343401, 30343401, 30343401, 30343401, 30283506, 30283506, 30283506, 30283506, 30283506, 30093409, 30093409, 30093409, 30093409, 30093409, 30093409, 30093409, 30093409, 30093409, 30093409, 30093409, 30093409, 30093409, 30093409, 27219992, 27219992, 26851204, 109064095, 631804358, 29806160, 29806160, 29806160, 29806160, 29806160, 29806160, 29806160, 29806160, 29806160, 29738742, 29738742, 29746454, 29746454, 29746454, 29746454, 29746454, 29746454, 29746454, 29746454, 26822699, 26822699, 514937155, 26822699, 26822699, 26822699, 26822699, 26822699, 26822699, 183832844, 28272208, 411137659, 28107904, 28107904, 28107904, 29180606, 28680716, 28680716, 1011217070, 26520888, 26520888, 26520888, 440735546, 26520888, 26520888, 26520888, 234320006, 26830763, 26425808, 26425808, 26863432, 26363542, 28693565, 28193675, 28193675, 28193675, 28193675, 28193675, 28193675, 28193675, 28272208, 28272208, 26118142, 26118142, 26118142, 26118142, 26618032, 26118142, 26118142, 26118142, 26118142, 26118142, 26118142, 26118142, 26118142, 26118142, 26118142, 26118142, 130046724, 26118142, 26118142, 26118142, 26118142, 26618032, 26118142, 26118142, 26118142, 26118142, 26118142, 26118142, 26118142, 26118142, 28266211, 27766321, 649354585, 27773145, 27773145, 27773145, 27773145, 27773145, 27773145, 27773145, 809167817, 27685307, 27685307, 27685307, 27685307, 27685307, 27685307, 27685307, 27685307, 27685307, 27685307, 27685307, 27685307, 27685307, 27685307, 27512576, 27512576, 27512576, 27278932, 27278932, 27278932, 27278932, 27278932, 27278932, 27232760, 27232760, 27232760, 27232760, 27232760, 27232760, 27232760, 27232760, 27232760, 27232760, 27232760, 27232760, 27232760, 27232760, 27103283, 27103283, 170822469, 26997779, 26997779, 26997779, 26997779, 26997779, 25884336, 25884336, 82472990, 25884336, 25884336, 25884336, 25884336, 25884336, 25884336, 25884336, 25884336, 25884336, 25884336, 25884336, 25884336, 25884336, 25884336, 27456477, 26956587, 26956587, 26956587, 26956587, 26956587, 26363542, 26363542, 26759908, 26759908, 26759908, 26759908, 26759908, 26759908, 26759908, 26759908, 26759908, 26759908, 26759908, 26759908, 26726923, 26726923, 26726923, 26726923, 26726923, 26726923, 26726923, 26726923, 26726923, 26726923, 25954302, 25954302, 26695203, 26695203, 26695203, 26695203, 26695203, 26615821, 26615821, 26645180, 26645180, 26645180, 26645180, 26645180, 26645180, 26645180, 26645180, 191865254, 26645180, 26645180, 26645180, 26645180, 26645180, 26645180, 26645180, 26645180, 26645180, 26645180, 26645180, 26645180, 26645180, 26645180, 26645180, 26645180, 26444528, 26444528, 26444528, 26444528, 26444528, 26444528, 26444528, 146000324, 26454608, 26454608, 25465799, 25465799, 25465799, 25263093, 25263093, 25732479, 25732479, 26168313, 25668423, 25668423, 25668423, 25668423, 25668423, 25668423, 25668423, 25668423, 25668423, 25668423, 25668423, 25668423, 25668423, 26928712, 26428822, 26428822, 26428822, 26428822, 26428822, 26428822, 26428822, 26428822, 26428822, 26428822, 26428822, 26428822, 25916533, 25668423, 25668423, 25859550, 25859550, 26416423, 25916533, 25916533, 25916533, 25916533, 25916533, 25916533, 25916533, 27229546, 26729656, 26843454, 26843454, 26843454, 26843454, 26843454, 26843454, 26843454, 26843454, 26843454, 26573059, 26573059, 26573059, 26573059, 26573059, 26246582, 26246582, 26246582, 26246582, 26246582, 26309846, 211053673, 26843454, 26843454, 26843454, 26843454, 26843454, 26077588, 26368885, 26368885, 26368885, 239229750, 26077588, 26077588, 26077588]",0,0,0,SSD,0,20971520,0,20971520,20971520,20971520,1.0,hot,0,0,0,0,1.0,41943040
0,80,meta-llama/Llama-3.1-8B,11,590,7689823776,69593184551,61903360775,27899866859,28157245229,58384282,"[43600141, 32353969, 32353969, 30093409, 316294373, 134671157, 29983933, 29983933, 29983933, 3120708474, 27761521, 395968628, 29806160, 29806160, 32513781, 56026450, 27279380, 1668785809, 32042957, 32042957, 32042957, 32042957, 32042957, 32042957, 31407201, 435935132, 31599977, 31601225, 31601225, 31601225, 31601225, 31601225, 31601225, 31601225, 31601225, 31601225, 31409793, 31409793, 31409793, 31409793, 31409793, 31409793, 6537632844, 30810577, 30810577, 30663852, 30663852, 31406589, 30906699, 30906699, 30906699, 30906699, 29806160, 1521578814, 27279380, 445387365, 29806160, 29806160, 27279380, 27279380, 26425808, 26425808, 26425808, 26425808, 26425808, 26363542, 29738742, 28193675, 56598501, 30783396, 30283506, 30283506, 30283506, 30283506, 30283506, 30283506, 30283506, 30283506, 30283506, 30283506, 29482892, 28501850, 26520888, 25782115, 923394927, 30343401, 30343401, 30343401, 30343401, 30343401, 30283506, 30283506, 30283506, 30283506, 30283506, 30093409, 30093409, 30093409, 30093409, 30093409, 30093409, 30093409, 30093409, 30093409, 30093409, 30093409, 30093409, 30093409, 30093409, 27219992, 27219992, 26851204, 26360054, 26360054, 26360054, 29983933, 25774206, 395304660, 25774206, 25774206, 25774206, 25774206, 25774206, 25774206, 25774206, 30306050, 29806160, 29806160, 29806160, 29806160, 29806160, 29806160, 29806160, 29806160, 29806160, 29738742, 29738742, 29746454, 29746454, 29746454, 29746454, 29746454, 29746454, 29746454, 29746454, 26822699, 26822699, 78164699, 409449867, 27322589, 26822699, 26822699, 26822699, 26822699, 26822699, 26822699, 25843491, 25774206, 25712916, 25712916, 25712916, 25712916, 29363483, 28272208, 411137659, 28107904, 28107904, 28107904, 29180606, 28680716, 28680716, 26520888, 26520888, 26520888, 26520888, 26520888, 26520888, 26520888, 25914165, 25914165, 51666916, 25712916, 25712916, 25712916, 25712916, 25712916, 25712916, 25712916, 25712916, 25712916, 25712916, 25712916, 25712916, 25712916, 25712916, 25712916, 26212806, 25712916, 25712916, 25712916, 25712916, 25712916, 25712916, 25712916, 25712916, 25712916, 25712916, 26019124, 27020778, 26520888, 26520888, 26520888, 25857173, 25857173, 25857173, 25857173, 25857173, 25857173, 25857173, 25857173, 25857173, 25857173, 25857173, 25857173, 25857173, 25857173, 25857173, 25857173, 27020778, 26520888, 26520888, 26520888, 25850435, 25649622, 25649622, 25649622, 25649622, 25649622, 25649622, 25649622, 28922217, 26830763, 26425808, 26425808, 26863432, 26363542, 28693565, 28193675, 28193675, 28193675, 28193675, 28193675, 28193675, 28193675, 28272208, 28272208, 26118142, 26118142, 26118142, 26118142, 26618032, 26118142, 26118142, 26118142, 26118142, 26118142, 26118142, 26118142, 26118142, 26118142, 26118142, 26118142, 25857173, 25857173, 25857173, 25857173, 26618032, 26118142, 26118142, 26118142, 26118142, 26618032, 26118142, 26118142, 26118142, 26118142, 26118142, 26118142, 26118142, 26118142, 28266211, 27766321, 25857173, 25857173, 25857173, 25857173, 25857173, 25857173, 25857173, 25857173, 25857173, 25857173, 25857173, 25857173, 25859550, 25859550, 25859550, 25859550, 26357063, 25857173, 25857173, 25857173, 25857173, 25857173, 25857173, 25857173, 28273035, 27773145, 27773145, 27773145, 27773145, 27773145, 27773145, 27773145, 809167817, 27685307, 27685307, 27685307, 27685307, 27685307, 27685307, 27685307, 27685307, 27685307, 27685307, 27685307, 27685307, 27685307, 27685307, 27512576, 27512576, 27512576, 27278932, 27278932, 27278932, 27278932, 27278932, 27278932, 27232760, 27232760, 27232760, 27232760, 27232760, 27232760, 27232760, 27232760, 27232760, 27232760, 27232760, 27232760, 27232760, 27232760, 27103283, 27103283, 170822469, 26997779, 26997779, 26997779, 26997779, 26997779, 25884336, 25884336, 82472990, 25884336, 25884336, 25884336, 25884336, 25884336, 25884336, 25884336, 25884336, 25884336, 25884336, 25884336, 25884336, 25884336, 25884336, 27456477, 26956587, 26956587, 26956587, 26956587, 26956587, 26363542, 26363542, 26759908, 26759908, 26759908, 26759908, 26759908, 26759908, 26759908, 26759908, 26759908, 26759908, 26759908, 26759908, 26726923, 26726923, 26726923, 26726923, 26726923, 26726923, 26726923, 26726923, 26726923, 26726923, 25954302, 25954302, 26695203, 26695203, 26695203, 26695203, 26695203, 26615821, 26615821, 26645180, 26645180, 26645180, 26645180, 26645180, 26645180, 26645180, 26645180, 191865254, 26645180, 26645180, 26645180, 26645180, 26645180, 26645180, 26645180, 26645180, 26645180, 26645180, 26645180, 26645180, 26645180, 26645180, 26645180, 26645180, 26444528, 26444528, 26444528, 26444528, 26444528, 26444528, 26444528, 146000324, 26454608, 26454608, 25465799, 25465799, 25465799, 25263093, 25263093, 25732479, 25732479, 26168313, 25668423, 25668423, 25668423, 25668423, 25668423, 25668423, 25668423, 25668423, 25668423, 25668423, 25668423, 25668423, 25668423, 26928712, 26428822, 26428822, 26428822, 26428822, 26428822, 26428822, 26428822, 26428822, 26428822, 26428822, 26428822, 26428822, 25916533, 25668423, 25668423, 25859550, 25859550, 26416423, 25916533, 25916533, 25916533, 25916533, 25916533, 25916533, 25916533, 27229546, 26729656, 26843454, 26843454, 26843454, 26843454, 26843454, 26843454, 26843454, 26843454, 26843454, 26573059, 26573059, 26573059, 26573059, 26573059, 26246582, 26246582, 26246582, 26246582, 26246582, 26309846, 211053673, 26843454, 26843454, 26843454, 26843454, 26843454, 26077588, 26368885, 26368885, 26368885, 26581534, 26581534, 26581534, 26581534, 26581534, 26581534, 26581534, 26581534, 26577478, 26077588, 26077588, 26077588, 77308628, 25732479, 25732479, 25929013, 26016091, 26016091, 26016091, 26016091, 26016091, 26016091, 26016091, 26016091, 26232369, 25732479, 25732479, 25732479, 25732479, 25732479, 25732479, 25732479, 25732479, 25732479, 25732479, 25732479, 25732479, 25732479]",0,0,0,NPU,0,0,0,0,0,0,1.0,hot,0,0,0,0,1.0,0
0,122,meta-llama/Llama-3.1-8B,1,10,11556474447,69719023201,58162548754,56545206481,56756260154,175786075,"[26843454, 26843454, 26843454, 26843454, 26843454, 499955385, 744829105, 27286840]",0,0,0,NPU,0,0,0,0,0,0,1.0,hot,0,0,0,0,1.0,0
0,90,meta-llama/Llama-3.1-8B,226,742,8437928393,71120104197,62682175804,27151762242,27409140612,68491330,"[43600141, 32353969, 32353969, 30093409, 316294373, 134671157, 29983933, 29983933, 29983933, 3544438623, 29806160, 29806160, 32513781, 56026450, 1696065189, 32042957, 32042957, 32042957, 32042957, 32042957, 32042957, 31407201, 435935132, 31599977, 31601225, 31601225, 31601225, 31601225, 31601225, 31601225, 31601225, 31601225, 31601225, 31409793, 31409793, 31409793, 31409793, 31409793, 31409793, 6537632844, 30810577, 30810577, 30663852, 30663852, 31406589, 30906699, 30906699, 30906699, 30906699, 29806160, 1521578814, 27279380, 445387365, 29806160, 29806160, 27279380, 27279380, 188231324, 28193675, 56598501, 30783396, 30283506, 30283506, 30283506, 30283506, 30283506, 30283506, 30283506, 30283506, 30283506, 30283506, 29482892, 28501850, 975697930, 30343401, 30343401, 30343401, 30343401, 30343401, 30283506, 30283506, 30283506, 30283506, 30283506, 30093409, 30093409, 30093409, 30093409, 30093409, 30093409, 30093409, 30093409, 30093409, 30093409, 30093409, 30093409, 30093409, 30093409, 27219992, 27219992, 26851204, 109064095, 631804358, 29806160, 29806160, 29806160, 29806160, 29806160, 29806160, 29806160, 29806160, 29806160, 29738742, 29738742, 29746454, 29746454, 29746454, 29746454, 29746454, 29746454, 29746454, 29746454, 26822699, 26822699, 78164699, 436772456, 26822699, 26822699, 26822699, 26822699, 26822699, 26822699, 183832844, 28272208, 411137659, 28107904, 28107904, 28107904, 29180606, 28680716, 28680716, 26520888, 26520888, 26520888, 26520888, 26520888, 26520888, 26520888, 825570854, 26520888, 26520888, 26520888, 440735546, 26520888, 26520888, 26520888, 25850435, 208469571, 26830763, 26425808, 26425808, 26863432, 26363542, 28693565, 28193675, 28193675, 28193675, 28193675, 28193675, 28193675, 28193675, 28272208, 28272208, 26118142, 26118142, 26118142, 26118142, 26618032, 26118142, 26118142, 26118142, 26118142, 26118142, 26118142, 26118142, 26118142, 26118142, 26118142, 26118142, 130046724, 26118142, 26118142, 26118142, 26118142, 26618032, 26118142, 26118142, 26118142, 26118142, 26118142, 26118142, 26118142, 26118142, 28266211, 27766321, 649354585, 27773145, 27773145, 27773145, 27773145, 27773145, 27773145, 27773145, 809167817, 27685307, 27685307, 27685307, 27685307, 27685307, 27685307, 27685307, 27685307, 27685307, 27685307, 27685307, 27685307, 27685307, 27685307, 27512576, 27512576, 27512576, 27278932, 27278932, 27278932, 27278932, 27278932, 27278932, 27232760, 27232760, 27232760, 27232760, 27232760, 27232760, 27232760, 27232760, 27232760, 27232760, 27232760, 27232760, 27232760, 27232760, 27103283, 27103283, 170822469, 26997779, 26997779, 26997779, 26997779, 26997779, 25884336, 25884336, 82472990, 25884336, 25884336, 25884336, 25884336, 25884336, 25884336, 25884336, 25884336, 25884336, 25884336, 25884336, 25884336, 25884336, 25884336, 27456477, 26956587, 26956587, 26956587, 26956587, 26956587, 26363542, 26363542, 26759908, 26759908, 26759908, 26759908, 26759908, 26759908, 26759908, 26759908, 26759908, 26759908, 26759908, 26759908, 26726923, 26726923, 26726923, 26726923, 26726923, 26726923, 26726923, 26726923, 26726923, 26726923, 25954302, 25954302, 26695203, 26695203, 26695203, 26695203, 26695203, 26615821, 26615821, 26645180, 26645180, 26645180, 26645180, 26645180, 26645180, 26645180, 26645180, 191865254, 26645180, 26645180, 26645180, 26645180, 26645180, 26645180, 26645180, 26645180, 26645180, 26645180, 26645180, 26645180, 26645180, 26645180, 26645180, 26645180, 26444528, 26444528, 26444528, 26444528, 26444528, 26444528, 26444528, 146000324, 26454608, 26454608, 25465799, 25465799, 25465799, 25263093, 25263093, 25732479, 25732479, 26168313, 25668423, 25668423, 25668423, 25668423, 25668423, 25668423, 25668423, 25668423, 25668423, 25668423, 25668423, 25668423, 25668423, 26928712, 26428822, 26428822, 26428822, 26428822, 26428822, 26428822, 26428822, 26428822, 26428822, 26428822, 26428822, 26428822, 25916533, 25668423, 25668423, 25859550, 25859550, 26416423, 25916533, 25916533, 25916533, 25916533, 25916533, 25916533, 25916533, 27229546, 26729656, 26843454, 26843454, 26843454, 26843454, 26843454, 26843454, 26843454, 26843454, 26843454, 26573059, 26573059, 26573059, 26573059, 26573059, 26246582, 26246582, 26246582, 26246582, 26246582, 26309846, 211053673, 26843454, 26843454, 26843454, 26843454, 26843454, 26077588, 26368885, 26368885, 26368885, 239229750, 26077588, 26077588, 26077588, 77308628, 25732479, 25732479, 25929013, 26016091, 26016091, 26016091, 26016091, 26016091, 26016091, 26016091, 26016091, 26232369, 25732479, 25732479, 25732479, 25732479, 25732479, 25732479, 25732479, 25732479, 25732479, 25732479, 25732479, 25732479, 25732479, 98551810, 27286840, 25763867, 25763867, 25763867, 25763867, 25763867, 25763867, 25763867, 25763867, 25763867, 25763867, 25763867, 25763867, 25763867, 25763867, 25763867, 25763867, 26263757, 26016091, 26016091, 26016091, 26016091, 26016091, 26016091, 26016091, 26016091, 26016091, 26016091, 26016091, 26016091, 26016091, 26016091, 26016091, 26016091, 26016091, 26016091, 26016091, 26016091, 26016091, 26016091, 26016091, 26016091, 26016091, 26016091, 26016091, 26016091, 26016091, 26016091, 26016091, 26016091, 26016091, 26016091, 26016091, 26016091, 26016091]",0,0,0,NPU,0,0,0,0,0,0,1.0,hot,0,0,0,0,1.0,0
0,112,meta-llama/Llama-3.1-8B,97,433,10172414412,72371068004,62198653592,25674654593,25718254734,108896713,"[32353969, 32353969, 4207575462, 1752091639, 32042957, 32042957, 32042957, 32042957, 32042957, 32042957, 31407201, 435935132, 31599977, 31601225, 31601225, 31601225, 31601225, 31601225, 31601225, 31601225, 31601225, 31601225, 31409793, 31409793, 31409793, 31409793, 31409793, 31409793, 6537632844, 30810577, 30810577, 30663852, 30663852, 31406589, 30906699, 30906699, 30906699, 30906699, 2442029695, 30283506, 30283506, 30283506, 30283506, 30283506, 30283506, 30283506, 30283506, 30283506, 30283506, 1033682672, 30343401, 30343401, 30343401, 30343401, 30343401, 30283506, 30283506, 30283506, 30283506, 30283506, 30093409, 30093409, 30093409, 30093409, 30093409, 30093409, 30093409, 30093409, 30093409, 30093409, 30093409, 30093409, 30093409, 30093409, 190355283, 631804358, 29806160, 29806160, 29806160, 29806160, 29806160, 29806160, 29806160, 29806160, 29806160, 29738742, 29738742, 29746454, 29746454, 29746454, 29746454, 29746454, 29746454, 29746454, 29746454, 913351591, 552914185, 28680716, 28680716, 1845397950, 161602918, 28193675, 28193675, 28193675, 28193675, 28193675, 28193675, 28193675, 28272208, 28272208, 916738833, 27766321, 649354585, 27773145, 27773145, 27773145, 27773145, 27773145, 27773145, 27773145, 809167817, 27685307, 27685307, 27685307, 27685307, 27685307, 27685307, 27685307, 27685307, 27685307, 27685307, 27685307, 27685307, 27685307, 27685307, 27512576, 27512576, 27512576, 27278932, 27278932, 27278932, 27278932, 27278932, 27278932, 27232760, 27232760, 27232760, 27232760, 27232760, 27232760, 27232760, 27232760, 27232760, 27232760, 27232760, 27232760, 27232760, 27232760, 27103283, 27103283, 170822469, 26997779, 26997779, 26997779, 26997779, 26997779, 524078843, 26956587, 26956587, 26956587, 26956587, 26956587, 79486992, 26759908, 26759908, 26759908, 26759908, 26759908, 26759908, 26759908, 26759908, 26759908, 26759908, 26759908, 26726923, 26726923, 26726923, 26726923, 26726923, 26726923, 26726923, 26726923, 26726923, 26726923, 78603807, 26695203, 26695203, 26695203, 26695203, 26615821, 26615821, 26645180, 26645180, 26645180, 26645180, 26645180, 26645180, 26645180, 26645180, 191865254, 26645180, 26645180, 26645180, 26645180, 26645180, 26645180, 26645180, 26645180, 26645180, 26645180, 26645180, 26645180, 26645180, 26645180, 26645180, 26645180, 26444528, 26444528, 26444528, 26444528, 26444528, 26444528, 26444528, 146000324, 26454608, 26454608, 565175065, 26428822, 26428822, 26428822, 26428822, 26428822, 26428822, 26428822, 26428822, 26428822, 26428822, 26428822, 26428822, 364034179, 26729656, 26843454, 26843454, 26843454, 26843454, 26843454, 26843454, 26843454, 26843454, 26843454, 26573059, 26573059, 26573059, 26573059, 26573059, 26246582, 26246582, 26246582, 26246582, 26246582, 26309846, 211053673, 26843454, 26843454, 26843454, 26843454, 26843454, 26077588, 26368885, 26368885, 26368885, 239229750, 26077588, 26077588, 26077588, 77308628, 744829105, 27286840, 1428153945, 26573059, 26573059, 26573059, 26573059, 26573059, 26573059, 26573059, 26573059, 26573059, 26573059, 26573059, 26573059, 26573059, 26573059, 26573059, 26573059, 26573059, 26573059, 26573059, 26573059, 26573059, 26573059, 26573059, 26639587, 26639587, 26639587, 26639587, 26639587, 26639587, 26639587, 26639587, 26639587, 26639587, 26639587, 26639587, 26639587, 26639587, 26639587, 26639587, 26639587, 26639587, 26639587, 26639587, 26639587, 26639587, 26639587]",0,0,0,SSD,0,69206016,0,69206016,69206016,69206016,1.0,hot,0,0,0,0,1.0,138412032
0,114,meta-llama/Llama-3.1-8B,946,1244,10437852539,72371068004,61933215465,31276895379,31477191646,102545534,"[32042957, 32042957, 32042957, 32042957, 32042957, 32042957, 7663800384, 30906699, 30906699, 30906699, 30906699, 3778547427, 30343401, 30343401, 30343401, 30343401, 30343401, 30283506, 30283506, 30283506, 30283506, 30283506, 30093409, 30093409, 30093409, 30093409, 30093409, 30093409, 30093409, 30093409, 30093409, 30093409, 30093409, 30093409, 30093409, 30093409, 190355283, 631804358, 29806160, 29806160, 29806160, 29806160, 29806160, 29806160, 29806160, 29806160, 29806160, 29738742, 29738742, 29746454, 29746454, 29746454, 29746454, 29746454, 29746454, 29746454, 29746454, 913351591, 552914185, 28680716, 28680716, 1845397950, 161602918, 28193675, 28193675, 28193675, 28193675, 28193675, 28193675, 28193675, 28272208, 28272208, 916738833, 27766321, 649354585, 27773145, 27773145, 27773145, 27773145, 27773145, 27773145, 27773145, 809167817, 27685307, 27685307, 27685307, 27685307, 27685307, 27685307, 27685307, 27685307, 27685307, 27685307, 27685307, 27685307, 27685307, 27685307, 27512576, 27512576, 27512576, 27278932, 27278932, 27278932, 27278932, 27278932, 27278932, 27232760, 27232760, 27232760, 27232760, 27232760, 27232760, 27232760, 27232760, 27232760, 27232760, 27232760, 27232760, 27232760, 27232760, 27103283, 27103283, 170822469, 26997779, 26997779, 26997779, 26997779, 26997779, 524078843, 26956587, 26956587, 26956587, 26956587, 26956587, 79486992, 26759908, 26759908, 26759908, 26759908, 26759908, 26759908, 26759908, 26759908, 26759908, 26759908, 26759908, 26726923, 26726923, 26726923, 26726923, 26726923, 26726923, 26726923, 26726923, 26726923, 26726923, 78603807, 26695203, 26695203, 26695203, 26695203, 26615821, 26615821, 26645180, 26645180, 26645180, 26645180, 26645180, 26645180, 26645180, 26645180, 191865254, 26645180, 26645180, 26645180, 26645180, 26645180, 26645180, 26645180, 26645180, 26645180, 26645180, 26645180, 26645180, 26645180, 26645180, 26645180, 26645180, 26444528, 26444528, 26444528, 26444528, 26444528, 26444528, 26444528, 146000324, 26454608, 26454608, 565175065, 26428822, 26428822, 26428822, 26428822, 26428822, 26428822, 26428822, 26428822, 26428822, 26428822, 26428822, 26428822, 364034179, 26729656, 26843454, 26843454, 26843454, 26843454, 26843454, 26843454, 26843454, 26843454, 26843454, 26573059, 26573059, 26573059, 26573059, 26573059, 26246582, 26246582, 26246582, 26246582, 26246582, 26309846, 211053673, 26843454, 26843454, 26843454, 26843454, 26843454, 26077588, 26368885, 26368885, 26368885, 239229750, 26077588, 26077588, 26077588, 77308628, 744829105, 27286840, 1428153945, 26573059, 26573059, 26573059, 26573059, 26573059, 26573059, 26573059, 26573059, 26573059, 26573059, 26573059, 26573059, 26573059, 26573059, 26573059, 26573059, 26573059, 26573059, 26573059, 26573059, 26573059, 26573059, 26573059, 26639587, 26639587, 26639587, 26639587, 26639587, 26639587, 26639587, 26639587, 26639587, 26639587, 26639587, 26639587, 26639587, 26639587, 26639587, 26639587, 26639587, 26639587, 26639587, 26639587, 26639587, 26639587, 26639587]",0,0,0,SSD,0,251658240,0,251658240,251658240,251658240,1.0,hot,0,0,0,0,1.0,503316480
0,126,meta-llama/Llama-3.1-8B,970,1017,11820091078,73785006134,61964915056,60550976926,60741157254,26603430,"[26573059, 26573059, 26573059, 26573059, 26573059, 26573059, 26573059, 26573059, 26573059, 26573059, 26573059, 26573059, 26573059, 26573059, 26573059, 26573059, 26573059, 26573059, 26573059, 26573059, 26573059, 26573059, 26573059, 26573059, 26573059, 26639587, 26639587, 26639587, 26639587, 26639587, 26639587, 26639587, 26639587, 26639587, 26639587, 26639587, 26639587, 26639587, 26639587, 26639587, 26639587, 26639587, 26639587, 26639587, 26639587, 26639587]",0,0,0,NPU,0,0,0,0,0,0,1.0,hot,0,0,0,0,1.0,0
0,121,meta-llama/Llama-3.1-8B,8,127,11518201376,76476752941,64958551565,56583479552,56794533225,69186596,"[26843454, 26843454, 26843454, 26843454, 26843454, 499955385, 744829105, 27286840, 1428153945, 26573059, 26573059, 26573059, 26573059, 26573059, 26573059, 26573059, 26573059, 26573059, 26573059, 26573059, 26573059, 26573059, 26573059, 26573059, 26573059, 26573059, 26573059, 26573059, 26573059, 26573059, 26573059, 26573059, 26639587, 26639587, 26639587, 26639587, 26639587, 26639587, 26639587, 26639587, 26639587, 26639587, 26639587, 26639587, 26639587, 26639587, 26639587, 26639587, 26639587, 26639587, 26639587, 26639587, 26639587, 26639587, 26639587, 190180328, 26573059, 26573059, 26573059, 26573059, 26573059, 26573059, 26573059, 26573059, 26573059, 26573059, 26573059, 26573059, 26573059, 26573059, 26573059, 26573059, 26573059, 26573059, 26573059, 26573059, 26573059, 26573059, 26573059, 26573059, 26573059, 26639587, 26639587, 26639587, 26639587, 26639587, 26639587, 26639587, 26639587, 26639587, 26639587, 26639587, 26639587, 26639587, 26639587, 26639587, 26639587, 26639587, 26639587, 26639587, 26639587, 26639587, 171259130, 26645180, 26645180, 26645180, 26645180, 26645180, 26639587, 26639587, 26362426, 962375893, 26362426, 1213124826, 26439258, 26439258, 26439258, 26439258]",0,0,0,NPU,0,0,0,0,0,0,1.0,hot,0,0,0,0,1.0,0
0,111,meta-llama/Llama-3.1-8B,13,490,9906919404,76608715341,66701795937,25682771231,25940149601,85633710,"[43600141, 32353969, 32353969, 4207575462, 1752091639, 32042957, 32042957, 32042957, 32042957, 32042957, 32042957, 31407201, 435935132, 31599977, 31601225, 31601225, 31601225, 31601225, 31601225, 31601225, 31601225, 31601225, 31601225, 31409793, 31409793, 31409793, 31409793, 31409793, 31409793, 6537632844, 30810577, 30810577, 30663852, 30663852, 31406589, 30906699, 30906699, 30906699, 30906699, 2411246299, 30783396, 30283506, 30283506, 30283506, 30283506, 30283506, 30283506, 30283506, 30283506, 30283506, 30283506, 1033682672, 30343401, 30343401, 30343401, 30343401, 30343401, 30283506, 30283506, 30283506, 30283506, 30283506, 30093409, 30093409, 30093409, 30093409, 30093409, 30093409, 30093409, 30093409, 30093409, 30093409, 30093409, 30093409, 30093409, 30093409, 190355283, 631804358, 29806160, 29806160, 29806160, 29806160, 29806160, 29806160, 29806160, 29806160, 29806160, 29738742, 29738742, 29746454, 29746454, 29746454, 29746454, 29746454, 29746454, 29746454, 29746454, 913351591, 552914185, 28680716, 28680716, 1845397950, 161602918, 28193675, 28193675, 28193675, 28193675, 28193675, 28193675, 28193675, 28272208, 28272208, 916738833, 27766321, 649354585, 27773145, 27773145, 27773145, 27773145, 27773145, 27773145, 27773145, 809167817, 27685307, 27685307, 27685307, 27685307, 27685307, 27685307, 27685307, 27685307, 27685307, 27685307, 27685307, 27685307, 27685307, 27685307, 27512576, 27512576, 27512576, 27278932, 27278932, 27278932, 27278932, 27278932, 27278932, 27232760, 27232760, 27232760, 27232760, 27232760, 27232760, 27232760, 27232760, 27232760, 27232760, 27232760, 27232760, 27232760, 27232760, 27103283, 27103283, 170822469, 26997779, 26997779, 26997779, 26997779, 26997779, 524078843, 26956587, 26956587, 26956587, 26956587, 26956587, 79486992, 26759908, 26759908, 26759908, 26759908, 26759908, 26759908, 26759908, 26759908, 26759908, 26759908, 26759908, 26726923, 26726923, 26726923, 26726923, 26726923, 26726923, 26726923, 26726923, 26726923, 26726923, 78603807, 26695203, 26695203, 26695203, 26695203, 26615821, 26615821, 26645180, 26645180, 26645180, 26645180, 26645180, 26645180, 26645180, 26645180, 191865254, 26645180, 26645180, 26645180, 26645180, 26645180, 26645180, 26645180, 26645180, 26645180, 26645180, 26645180, 26645180, 26645180, 26645180, 26645180, 26645180, 26444528, 26444528, 26444528, 26444528, 26444528, 26444528, 26444528, 146000324, 26454608, 26454608, 565175065, 26428822, 26428822, 26428822, 26428822, 26428822, 26428822, 26428822, 26428822, 26428822, 26428822, 26428822, 26428822, 364034179, 26729656, 26843454, 26843454, 26843454, 26843454, 26843454, 26843454, 26843454, 26843454, 26843454, 26573059, 26573059, 26573059, 26573059, 26573059, 26246582, 26246582, 26246582, 26246582, 26246582, 26309846, 211053673, 26843454, 26843454, 26843454, 26843454, 26843454, 26077588, 26368885, 26368885, 26368885, 239229750, 26077588, 26077588, 26077588, 77308628, 25732479, 25732479, 260290110, 25732479, 25732479, 25732479, 25732479, 25732479, 25732479, 25732479, 25732479, 25732479, 25732479, 25732479, 25732479, 25732479, 98551810, 27286840, 1428153945, 26573059, 26573059, 26573059, 26573059, 26573059, 26573059, 26573059, 26573059, 26573059, 26573059, 26573059, 26573059, 26573059, 26573059, 26573059, 26573059, 26573059, 26573059, 26573059, 26573059, 26573059, 26573059, 26573059, 26639587, 26639587, 26639587, 26639587, 26639587, 26639587, 26639587, 26639587, 26639587, 26639587, 26639587, 26639587, 26639587, 26639587, 26639587, 26639587, 26639587, 26639587, 26639587, 26639587, 26639587, 26639587, 26639587, 190180328, 26573059, 26573059, 26573059, 26573059, 26573059, 26573059, 26573059, 26573059, 26573059, 26573059, 26573059, 26573059, 26573059, 26573059, 26573059, 26573059, 26573059, 26573059, 26573059, 26573059, 26573059, 26573059, 26573059, 26573059, 26573059, 26639587, 26639587, 26639587, 26639587, 26639587, 26639587, 26639587, 26639587, 26639587, 26639587, 26639587, 26639587, 26639587, 26639587, 26639587, 26639587, 26639587, 26639587, 26639587, 26639587, 26639587, 171259130, 26645180, 26645180, 26645180, 26645180, 26645180, 26639587, 26639587, 26362426, 26326183, 26326183, 25904021, 26403911, 25904021, 25679419, 25679419, 25763867, 25763867, 728625002, 26362426, 26370142, 26370142, 25619925, 25619925, 25619925, 25619925, 25619925, 25619925, 25619925, 25732479, 25732479, 25732479, 25732479, 25732479, 26263757, 25763867, 25763867, 25763867, 25763867, 25763867, 25763867, 25763867, 25763867, 25763867, 25763867, 25763867, 25763867, 25763867, 25763867, 25763867, 26263757, 25763867, 25763867, 25763867, 25763867, 25763867, 25763867, 25763867, 25763867, 25763867, 25763867, 25763867, 25763867, 25763867, 25763867, 25763867, 26939148, 26439258, 26439258, 26439258, 26439258, 26792392, 26292502, 26292502, 26292502, 26292502]",0,0,0,SSD,0,65011712,0,65011712,65011712,65011712,1.0,hot,0,0,0,0,1.0,130023424
0,117,meta-llama/Llama-3.1-8B,879,1146,10826450953,77068911634,66242460681,52410370651,52581193120,51358148,"[26997779, 26997779, 26997779, 26997779, 26997779, 524078843, 26956587, 26956587, 26956587, 26956587, 26956587, 79486992, 26759908, 26759908, 26759908, 26759908, 26759908, 26759908, 26759908, 26759908, 26759908, 26759908, 26759908, 26726923, 26726923, 26726923, 26726923, 26726923, 26726923, 26726923, 26726923, 26726923, 26726923, 78603807, 26695203, 26695203, 26695203, 26695203, 26615821, 26615821, 26645180, 26645180, 26645180, 26645180, 26645180, 26645180, 26645180, 26645180, 191865254, 26645180, 26645180, 26645180, 26645180, 26645180, 26645180, 26645180, 26645180, 26645180, 26645180, 26645180, 26645180, 26645180, 26645180, 26645180, 26645180, 26444528, 26444528, 26444528, 26444528, 26444528, 26444528, 26444528, 146000324, 26454608, 26454608, 565175065, 26428822, 26428822, 26428822, 26428822, 26428822, 26428822, 26428822, 26428822, 26428822, 26428822, 26428822, 26428822, 364034179, 26729656, 26843454, 26843454, 26843454, 26843454, 26843454, 26843454, 26843454, 26843454, 26843454, 26573059, 26573059, 26573059, 26573059, 26573059, 26246582, 26246582, 26246582, 26246582, 26246582, 26309846, 211053673, 26843454, 26843454, 26843454, 26843454, 26843454, 26077588, 318336405, 26077588, 26077588, 26077588, 77308628, 744829105, 27286840, 1428153945, 26573059, 26573059, 26573059, 26573059, 26573059, 26573059, 26573059, 26573059, 26573059, 26573059, 26573059, 26573059, 26573059, 26573059, 26573059, 26573059, 26573059, 26573059, 26573059, 26573059, 26573059, 26573059, 26573059, 26639587, 26639587, 26639587, 26639587, 26639587, 26639587, 26639587, 26639587, 26639587, 26639587, 26639587, 26639587, 26639587, 26639587, 26639587, 26639587, 26639587, 26639587, 26639587, 26639587, 26639587, 26639587, 26639587, 190180328, 26573059, 26573059, 26573059, 26573059, 26573059, 26573059, 26573059, 26573059, 26573059, 26573059, 26573059, 26573059, 26573059, 26573059, 26573059, 26573059, 26573059, 26573059, 26573059, 26573059, 26573059, 26573059, 26573059, 26573059, 26573059, 26639587, 26639587, 26639587, 26639587, 26639587, 26639587, 26639587, 26639587, 26639587, 26639587, 26639587, 26639587, 26639587, 26639587, 26639587, 26639587, 26639587, 26639587, 26639587, 26639587, 26639587, 171259130, 26645180, 26645180, 26645180, 26645180, 26645180, 26639587, 26639587, 26362426, 26326183, 26326183, 909723527, 26362426, 26370142, 26370142, 25619925, 25619925, 25619925, 25619925, 25619925, 25619925, 25619925, 981045067, 26439258, 26439258, 26439258, 26439258, 26792392, 26292502, 26292502, 26292502, 26292502, 61122229, 26645180, 26645180, 26519806, 26782974, 26782974, 27019696, 26519806, 26519806, 26519806, 26519806, 26519806, 26519806, 26519806, 26519806, 26519806]",0,0,0,NPU,0,0,0,0,0,0,1.0,hot,0,0,0,0,1.0,0
0,116,meta-llama/Llama-3.1-8B,15,426,10805801406,77498529994,66692728588,30908946512,31109242779,86788989,"[32042957, 32042957, 32042957, 32042957, 32042957, 32042957, 7663800384, 30906699, 30906699, 30906699, 30906699, 3778547427, 30343401, 30343401, 30343401, 30343401, 30343401, 30283506, 30283506, 30283506, 30283506, 30283506, 30093409, 30093409, 30093409, 30093409, 30093409, 30093409, 30093409, 30093409, 30093409, 30093409, 30093409, 30093409, 30093409, 30093409, 190355283, 631804358, 29806160, 29806160, 29806160, 29806160, 29806160, 29806160, 29806160, 29806160, 29806160, 29738742, 29738742, 29746454, 29746454, 29746454, 29746454, 29746454, 29746454, 29746454, 29746454, 913351591, 552914185, 28680716, 28680716, 1845397950, 161602918, 28193675, 28193675, 28193675, 28193675, 28193675, 28193675, 28193675, 28272208, 28272208, 916738833, 27766321, 649354585, 27773145, 27773145, 27773145, 27773145, 27773145, 27773145, 27773145, 809167817, 27685307, 27685307, 27685307, 27685307, 27685307, 27685307, 27685307, 27685307, 27685307, 27685307, 27685307, 27685307, 27685307, 27685307, 27512576, 27512576, 27512576, 27278932, 27278932, 27278932, 27278932, 27278932, 27278932, 27232760, 27232760, 27232760, 27232760, 27232760, 27232760, 27232760, 27232760, 27232760, 27232760, 27232760, 27232760, 27232760, 27232760, 27103283, 27103283, 170822469, 26997779, 26997779, 26997779, 26997779, 26997779, 524078843, 26956587, 26956587, 26956587, 26956587, 26956587, 79486992, 26759908, 26759908, 26759908, 26759908, 26759908, 26759908, 26759908, 26759908, 26759908, 26759908, 26759908, 26726923, 26726923, 26726923, 26726923, 26726923, 26726923, 26726923, 26726923, 26726923, 26726923, 78603807, 26695203, 26695203, 26695203, 26695203, 26615821, 26615821, 26645180, 26645180, 26645180, 26645180, 26645180, 26645180, 26645180, 26645180, 191865254, 26645180, 26645180, 26645180, 26645180, 26645180, 26645180, 26645180, 26645180, 26645180, 26645180, 26645180, 26645180, 26645180, 26645180, 26645180, 26645180, 26444528, 26444528, 26444528, 26444528, 26444528, 26444528, 26444528, 146000324, 26454608, 26454608, 565175065, 26428822, 26428822, 26428822, 26428822, 26428822, 26428822, 26428822, 26428822, 26428822, 26428822, 26428822, 26428822, 364034179, 26729656, 26843454, 26843454, 26843454, 26843454, 26843454, 26843454, 26843454, 26843454, 26843454, 26573059, 26573059, 26573059, 26573059, 26573059, 26246582, 26246582, 26246582, 26246582, 26246582, 26309846, 211053673, 26843454, 26843454, 26843454, 26843454, 26843454, 26077588, 318336405, 26077588, 26077588, 26077588, 77308628, 744829105, 27286840, 1428153945, 26573059, 26573059, 26573059, 26573059, 26573059, 26573059, 26573059, 26573059, 26573059, 26573059, 26573059, 26573059, 26573059, 26573059, 26573059, 26573059, 26573059, 26573059, 26573059, 26573059, 26573059, 26573059, 26573059, 26639587, 26639587, 26639587, 26639587, 26639587, 26639587, 26639587, 26639587, 26639587, 26639587, 26639587, 26639587, 26639587, 26639587, 26639587, 26639587, 26639587, 26639587, 26639587, 26639587, 26639587, 26639587, 26639587, 190180328, 26573059, 26573059, 26573059, 26573059, 26573059, 26573059, 26573059, 26573059, 26573059, 26573059, 26573059, 26573059, 26573059, 26573059, 26573059, 26573059, 26573059, 26573059, 26573059, 26573059, 26573059, 26573059, 26573059, 26573059, 26573059, 26639587, 26639587, 26639587, 26639587, 26639587, 26639587, 26639587, 26639587, 26639587, 26639587, 26639587, 26639587, 26639587, 26639587, 26639587, 26639587, 26639587, 26639587, 26639587, 26639587, 26639587, 171259130, 26645180, 26645180, 26645180, 26645180, 26645180, 26639587, 26639587, 26362426, 26326183, 26326183, 909723527, 26362426, 26370142, 26370142, 25619925, 25619925, 25619925, 25619925, 25619925, 25619925, 25619925, 25732479, 25732479, 25732479, 25732479, 25732479, 852382672, 26439258, 26439258, 26439258, 26439258, 26792392, 26292502, 26292502, 26292502, 26292502, 61122229, 26645180, 26645180, 26519806, 26782974, 26782974, 27019696, 26519806, 26519806, 26519806, 26519806, 26519806, 26519806, 26519806, 26519806, 26519806, 30109941, 26615821, 26615821, 26615821, 26615821, 26615821, 26615821, 26615821, 26615821, 26615821, 26615821, 26615821, 26615821, 26706189, 26706189, 26706189]",0,0,0,SSD,0,8388608,0,8388608,8388608,8388608,1.0,hot,0,0,0,0,1.0,16777216
0,131,meta-llama/Llama-3.1-8B,64,103,12168554895,77871562514,65703007619,61616451239,61787710369,103034138,"[26645180, 26645180, 26645180, 26645180, 26645180, 2580346406, 26645180, 26645180, 375893645, 26615821, 26615821, 26615821, 26615821, 26615821, 26615821, 26615821, 26615821, 26615821, 26615821, 26615821, 26615821, 26706189, 26706189, 26706189, 26645180, 26645180, 26645180, 26645180, 26645180, 26645180, 26645180, 26645180, 26645180, 26645180, 26645180, 26645180, 26645180, 26645180]",0,0,0,SSD,0,10485760,0,10485760,10485760,10485760,1.0,hot,0,0,0,0,1.0,20971520
0,135,meta-llama/Llama-3.1-8B,17,65,12547864283,78268230434,65720366151,64060851058,64121973287,34008358,"[26645180, 26645180, 375893645, 26615821, 26615821, 26615821, 26615821, 26615821, 26615821, 26615821, 26615821, 26615821, 26615821, 26615821, 26615821, 26706189, 26706189, 26706189, 26645180, 26645180, 26645180, 26645180, 26645180, 26645180, 26645180, 26645180, 26645180, 26645180, 26645180, 26645180, 26645180, 26645180, 26444528, 26444528, 26444528, 26444528, 26444528, 26444528, 26444528, 26444528, 26444528, 26444528, 26444528, 26444528, 26444528, 26444528, 26444528]",0,0,0,NPU,0,0,0,0,0,0,1.0,hot,0,0,0,0,1.0,0
0,127,meta-llama/Llama-3.1-8B,12,168,12017225575,79246096848,67228871273,60353842429,60544022757,43128054,"[26573059, 26573059, 26573059, 26573059, 26573059, 26573059, 26573059, 26573059, 26573059, 26573059, 26573059, 26573059, 26573059, 26573059, 26573059, 26573059, 26573059, 26573059, 26573059, 26573059, 26573059, 26573059, 26573059, 26573059, 26573059, 26639587, 26639587, 26639587, 26639587, 26639587, 26639587, 26639587, 26639587, 26639587, 26639587, 26639587, 26639587, 26639587, 26639587, 26639587, 26639587, 26639587, 26639587, 26639587, 26639587, 26639587, 171259130, 26645180, 26645180, 26645180, 26645180, 26645180, 26639587, 26639587, 2360774995, 26292502, 26292502, 26292502, 26292502, 61122229, 26645180, 26645180, 26519806, 80585644, 26519806, 26519806, 26519806, 26519806, 26519806, 26519806, 26519806, 26519806, 26519806, 30109941, 26615821, 26615821, 26615821, 26615821, 26615821, 26615821, 26615821, 26615821, 26615821, 26615821, 26615821, 26615821, 26706189, 26706189, 26706189, 26645180, 26645180, 26645180, 26645180, 26645180, 26645180, 26645180, 26645180, 26645180, 26645180, 26645180, 26645180, 26645180, 26645180, 26444528, 26444528, 26444528, 26444528, 26444528, 26444528, 26444528, 26444528, 26444528, 26444528, 26444528, 26444528, 26444528, 26444528, 26444528, 26428822, 26428822, 26428822, 26428822, 26428822, 26428822, 26428822, 26428822, 26428822, 26428822, 26428822, 26428822, 26428822, 26428822, 26428822, 26428822, 26428822, 26428822, 26428822, 26428822, 26428822, 26428822, 26428822, 26428822, 26428822, 26428822, 26428822, 26428822, 26428822, 26428822, 26428822, 26428822, 26428822, 26428822, 26428822, 26428822, 26428822]",0,0,0,NPU,0,0,0,0,0,0,1.0,hot,0,0,0,0,1.0,0
0,124,meta-llama/Llama-3.1-8B,48,258,11594002337,79380859496,67786857159,57999182214,58097734024,46359440,"[27286840, 1428153945, 26573059, 26573059, 26573059, 26573059, 26573059, 26573059, 26573059, 26573059, 26573059, 26573059, 26573059, 26573059, 26573059, 26573059, 26573059, 26573059, 26573059, 26573059, 26573059, 26573059, 26573059, 26573059, 26573059, 26639587, 26639587, 26639587, 26639587, 26639587, 26639587, 26639587, 26639587, 26639587, 26639587, 26639587, 26639587, 26639587, 26639587, 26639587, 26639587, 26639587, 26639587, 26639587, 26639587, 26639587, 26639587, 26639587, 190180328, 26573059, 26573059, 26573059, 26573059, 26573059, 26573059, 26573059, 26573059, 26573059, 26573059, 26573059, 26573059, 26573059, 26573059, 26573059, 26573059, 26573059, 26573059, 26573059, 26573059, 26573059, 26573059, 26573059, 26573059, 26573059, 26639587, 26639587, 26639587, 26639587, 26639587, 26639587, 26639587, 26639587, 26639587, 26639587, 26639587, 26639587, 26639587, 26639587, 26639587, 26639587, 26639587, 26639587, 26639587, 26639587, 26639587, 171259130, 26645180, 26645180, 26645180, 26645180, 26645180, 26639587, 26639587, 2360774995, 26292502, 26292502, 26292502, 26292502, 61122229, 26645180, 26645180, 26519806, 80585644, 26519806, 26519806, 26519806, 26519806, 26519806, 26519806, 26519806, 26519806, 26519806, 30109941, 26615821, 26615821, 26615821, 26615821, 26615821, 26615821, 26615821, 26615821, 26615821, 26615821, 26615821, 26615821, 26706189, 26706189, 26706189, 26645180, 26645180, 26645180, 26645180, 26645180, 26645180, 26645180, 26645180, 26645180, 26645180, 26645180, 26645180, 26645180, 26645180, 26444528, 26444528, 26444528, 26444528, 26444528, 26444528, 26444528, 26444528, 26444528, 26444528, 26444528, 26444528, 26444528, 26444528, 26444528, 26428822, 26428822, 26428822, 26428822, 26428822, 26428822, 26428822, 26428822, 26428822, 26428822, 26428822, 26428822, 26428822, 26428822, 26428822, 26428822, 26428822, 26428822, 26428822, 26428822, 26428822, 26428822, 26428822, 26428822, 26428822, 26428822, 26428822, 26428822, 26428822, 26428822, 26428822, 26428822, 26428822, 26428822, 26428822, 26428822, 26428822, 26729656, 26729656, 26729656, 27286840, 27286840]",0,0,0,NPU,0,0,0,0,0,0,1.0,hot,0,0,0,0,1.0,0
0,115,meta-llama/Llama-3.1-8B,9,503,10643004512,79541920220,68898915708,31071743406,31272039673,76322263,"[32042957, 32042957, 32042957, 32042957, 32042957, 32042957, 7663800384, 30906699, 30906699, 30906699, 30906699, 3778547427, 30343401, 30343401, 30343401, 30343401, 30343401, 30283506, 30283506, 30283506, 30283506, 30283506, 30093409, 30093409, 30093409, 30093409, 30093409, 30093409, 30093409, 30093409, 30093409, 30093409, 30093409, 30093409, 30093409, 30093409, 190355283, 631804358, 29806160, 29806160, 29806160, 29806160, 29806160, 29806160, 29806160, 29806160, 29806160, 29738742, 29738742, 29746454, 29746454, 29746454, 29746454, 29746454, 29746454, 29746454, 29746454, 913351591, 552914185, 28680716, 28680716, 1845397950, 161602918, 28193675, 28193675, 28193675, 28193675, 28193675, 28193675, 28193675, 28272208, 28272208, 916738833, 27766321, 649354585, 27773145, 27773145, 27773145, 27773145, 27773145, 27773145, 27773145, 809167817, 27685307, 27685307, 27685307, 27685307, 27685307, 27685307, 27685307, 27685307, 27685307, 27685307, 27685307, 27685307, 27685307, 27685307, 27512576, 27512576, 27512576, 27278932, 27278932, 27278932, 27278932, 27278932, 27278932, 27232760, 27232760, 27232760, 27232760, 27232760, 27232760, 27232760, 27232760, 27232760, 27232760, 27232760, 27232760, 27232760, 27232760, 27103283, 27103283, 170822469, 26997779, 26997779, 26997779, 26997779, 26997779, 524078843, 26956587, 26956587, 26956587, 26956587, 26956587, 79486992, 26759908, 26759908, 26759908, 26759908, 26759908, 26759908, 26759908, 26759908, 26759908, 26759908, 26759908, 26726923, 26726923, 26726923, 26726923, 26726923, 26726923, 26726923, 26726923, 26726923, 26726923, 78603807, 26695203, 26695203, 26695203, 26695203, 26615821, 26615821, 26645180, 26645180, 26645180, 26645180, 26645180, 26645180, 26645180, 26645180, 191865254, 26645180, 26645180, 26645180, 26645180, 26645180, 26645180, 26645180, 26645180, 26645180, 26645180, 26645180, 26645180, 26645180, 26645180, 26645180, 26645180, 26444528, 26444528, 26444528, 26444528, 26444528, 26444528, 26444528, 146000324, 26454608, 26454608, 565175065, 26428822, 26428822, 26428822, 26428822, 26428822, 26428822, 26428822, 26428822, 26428822, 26428822, 26428822, 26428822, 364034179, 26729656, 26843454, 26843454, 26843454, 26843454, 26843454, 26843454, 26843454, 26843454, 26843454, 26573059, 26573059, 26573059, 26573059, 26573059, 26246582, 26246582, 26246582, 26246582, 26246582, 26309846, 211053673, 26843454, 26843454, 26843454, 26843454, 26843454, 26077588, 26368885, 26368885, 26368885, 239229750, 26077588, 26077588, 26077588, 77308628, 744829105, 27286840, 1428153945, 26573059, 26573059, 26573059, 26573059, 26573059, 26573059, 26573059, 26573059, 26573059, 26573059, 26573059, 26573059, 26573059, 26573059, 26573059, 26573059, 26573059, 26573059, 26573059, 26573059, 26573059, 26573059, 26573059, 26639587, 26639587, 26639587, 26639587, 26639587, 26639587, 26639587, 26639587, 26639587, 26639587, 26639587, 26639587, 26639587, 26639587, 26639587, 26639587, 26639587, 26639587, 26639587, 26639587, 26639587, 26639587, 26639587, 190180328, 26573059, 26573059, 26573059, 26573059, 26573059, 26573059, 26573059, 26573059, 26573059, 26573059, 26573059, 26573059, 26573059, 26573059, 26573059, 26573059, 26573059, 26573059, 26573059, 26573059, 26573059, 26573059, 26573059, 26573059, 26573059, 26639587, 26639587, 26639587, 26639587, 26639587, 26639587, 26639587, 26639587, 26639587, 26639587, 26639587, 26639587, 26639587, 26639587, 26639587, 26639587, 26639587, 26639587, 26639587, 26639587, 26639587, 171259130, 26645180, 26645180, 26645180, 26645180, 26645180, 26639587, 26639587, 26362426, 26326183, 26326183, 25904021, 26403911, 25904021, 831511574, 26362426, 26370142, 26370142, 25619925, 25619925, 25619925, 25619925, 25619925, 25619925, 25619925, 25732479, 25732479, 25732479, 25732479, 25732479, 852382672, 26439258, 26439258, 26439258, 26439258, 26792392, 26292502, 26292502, 26292502, 26292502, 61122229, 26645180, 26645180, 26519806, 26782974, 26782974, 27019696, 26519806, 26519806, 26519806, 26519806, 26519806, 26519806, 26519806, 26519806, 26519806, 30109941, 26615821, 26615821, 26615821, 26615821, 26615821, 26615821, 26615821, 26615821, 26615821, 26615821, 26615821, 26615821, 26706189, 26706189, 26706189, 26645180, 26645180, 26645180, 26645180, 26645180, 26645180, 26645180, 26645180, 26645180, 26645180, 26645180, 26645180, 26645180, 26645180, 26444528, 26444528, 26444528, 26444528, 26444528, 26444528, 26444528, 26444528, 26444528, 26444528, 26444528, 26444528, 26444528, 26444528, 26444528, 26428822, 26428822, 26428822, 26428822, 26428822, 26428822, 26428822, 26428822, 26428822, 26428822, 26428822, 26428822, 26428822, 26428822, 26428822, 26428822, 26428822, 26428822, 26428822, 26428822, 26428822, 26428822, 26428822, 26428822, 26428822, 26428822, 26428822, 26428822, 26428822, 26428822, 26428822, 26428822, 26428822, 26428822, 26428822, 26428822, 26428822, 26729656, 26729656, 26729656, 27286840, 27286840, 26843454, 26843454, 26843454, 26843454, 26843454, 26843454]",0,0,0,SSD,0,6291456,0,6291456,6291456,6291456,1.0,hot,0,0,0,0,1.0,12582912
0,105,meta-llama/Llama-3.1-8B,102,795,9627430486,79648212456,70020781970,25962260149,26219638519,63296450,"[43600141, 32353969, 32353969, 4207575462, 1752091639, 32042957, 32042957, 32042957, 32042957, 32042957, 32042957, 31407201, 435935132, 31599977, 31601225, 31601225, 31601225, 31601225, 31601225, 31601225, 31601225, 31601225, 31601225, 31409793, 31409793, 31409793, 31409793, 31409793, 31409793, 6537632844, 30810577, 30810577, 30663852, 30663852, 31406589, 30906699, 30906699, 30906699, 30906699, 29806160, 1994245559, 29806160, 29806160, 242790084, 84792176, 30783396, 30283506, 30283506, 30283506, 30283506, 30283506, 30283506, 30283506, 30283506, 30283506, 30283506, 29482892, 1004199780, 30343401, 30343401, 30343401, 30343401, 30343401, 30283506, 30283506, 30283506, 30283506, 30283506, 30093409, 30093409, 30093409, 30093409, 30093409, 30093409, 30093409, 30093409, 30093409, 30093409, 30093409, 30093409, 30093409, 30093409, 190355283, 631804358, 29806160, 29806160, 29806160, 29806160, 29806160, 29806160, 29806160, 29806160, 29806160, 29738742, 29738742, 29746454, 29746454, 29746454, 29746454, 29746454, 29746454, 29746454, 29746454, 913351591, 28272208, 411137659, 28107904, 28107904, 28107904, 29180606, 28680716, 28680716, 1845397950, 161602918, 28193675, 28193675, 28193675, 28193675, 28193675, 28193675, 28193675, 28272208, 28272208, 916738833, 27766321, 649354585, 27773145, 27773145, 27773145, 27773145, 27773145, 27773145, 27773145, 809167817, 27685307, 27685307, 27685307, 27685307, 27685307, 27685307, 27685307, 27685307, 27685307, 27685307, 27685307, 27685307, 27685307, 27685307, 27512576, 27512576, 27512576, 27278932, 27278932, 27278932, 27278932, 27278932, 27278932, 27232760, 27232760, 27232760, 27232760, 27232760, 27232760, 27232760, 27232760, 27232760, 27232760, 27232760, 27232760, 27232760, 27232760, 27103283, 27103283, 170822469, 26997779, 26997779, 26997779, 26997779, 26997779, 524078843, 26956587, 26956587, 26956587, 26956587, 26956587, 26363542, 26363542, 26759908, 26759908, 26759908, 26759908, 26759908, 26759908, 26759908, 26759908, 26759908, 26759908, 26759908, 26759908, 26726923, 26726923, 26726923, 26726923, 26726923, 26726923, 26726923, 26726923, 26726923, 26726923, 78603807, 26695203, 26695203, 26695203, 26695203, 26615821, 26615821, 26645180, 26645180, 26645180, 26645180, 26645180, 26645180, 26645180, 26645180, 191865254, 26645180, 26645180, 26645180, 26645180, 26645180, 26645180, 26645180, 26645180, 26645180, 26645180, 26645180, 26645180, 26645180, 26645180, 26645180, 26645180, 26444528, 26444528, 26444528, 26444528, 26444528, 26444528, 26444528, 146000324, 26454608, 26454608, 565175065, 26428822, 26428822, 26428822, 26428822, 26428822, 26428822, 26428822, 26428822, 26428822, 26428822, 26428822, 26428822, 25916533, 129472369, 25916533, 25916533, 25916533, 25916533, 25916533, 25916533, 25916533, 27229546, 26729656, 26843454, 26843454, 26843454, 26843454, 26843454, 26843454, 26843454, 26843454, 26843454, 26573059, 26573059, 26573059, 26573059, 26573059, 26246582, 26246582, 26246582, 26246582, 26246582, 26309846, 211053673, 26843454, 26843454, 26843454, 26843454, 26843454, 26077588, 26368885, 26368885, 26368885, 239229750, 26077588, 26077588, 26077588, 77308628, 25732479, 25732479, 25929013, 234361097, 25732479, 25732479, 25732479, 25732479, 25732479, 25732479, 25732479, 25732479, 25732479, 25732479, 25732479, 25732479, 25732479, 98551810, 27286840, 25763867, 25763867, 25763867, 25763867, 25763867, 25763867, 25763867, 25763867, 25763867, 25763867, 25763867, 25763867, 25763867, 25763867, 25763867, 25763867, 26263757, 26016091, 26016091, 26016091, 26016091, 26016091, 26016091, 26016091, 26016091, 26016091, 26016091, 26016091, 26016091, 26016091, 26016091, 26016091, 26016091, 26016091, 26016091, 26016091, 26016091, 26016091, 26016091, 26016091, 26016091, 26016091, 26016091, 26016091, 26016091, 26016091, 26016091, 26016091, 26016091, 26016091, 26016091, 26016091, 26016091, 26016091, 27072949, 26573059, 26573059, 26573059, 26573059, 26573059, 26573059, 26573059, 26573059, 26573059, 26573059, 26573059, 26573059, 26573059, 26573059, 26573059, 26573059, 26573059, 26573059, 26573059, 26573059, 26573059, 26573059, 26573059, 26639587, 26639587, 26639587, 26639587, 26639587, 26639587, 26639587, 26639587, 26639587, 26639587, 26639587, 26639587, 26639587, 26639587, 26639587, 26639587, 26639587, 26639587, 26639587, 26639587, 26639587, 26639587, 26639587, 190180328, 26573059, 26573059, 26573059, 26573059, 26573059, 26573059, 26573059, 26573059, 26573059, 26573059, 26573059, 26573059, 26573059, 26573059, 26573059, 26573059, 26573059, 26573059, 26573059, 26573059, 26573059, 26573059, 26573059, 26573059, 26573059, 26639587, 26639587, 26639587, 26639587, 26639587, 26639587, 26639587, 26639587, 26639587, 26639587, 26639587, 26639587, 26639587, 26639587, 26639587, 26639587, 26639587, 26639587, 26639587, 26639587, 26639587, 171259130, 26645180, 26645180, 26645180, 26645180, 26645180, 26639587, 26639587, 26362426, 26326183, 26326183, 25904021, 26403911, 25904021, 25679419, 25679419, 25763867, 25763867, 26971646, 26971646, 26971646, 26971646, 26971646, 26971646, 26971646, 26971646, 26971646, 26971646, 27471536, 26971646, 26971646, 26971646, 26971646, 26971646, 26971646, 26971646, 26971646, 26971646, 26971646, 26971646, 26971646, 26971646, 26971646, 26971646, 26862316, 26362426, 26370142, 26370142, 25619925, 25619925, 25619925, 25619925, 25619925, 25619925, 25619925, 25732479, 25732479, 25732479, 25732479, 25732479, 26263757, 25763867, 25763867, 25763867, 25763867, 25763867, 25763867, 25763867, 25763867, 25763867, 25763867, 25763867, 25763867, 25763867, 25763867, 25763867, 26263757, 25763867, 25763867, 25763867, 25763867, 25763867, 25763867, 25763867, 25763867, 25763867, 25763867, 25763867, 25763867, 25763867, 25763867, 25763867, 26939148, 26439258, 26439258, 26439258, 26439258, 26792392, 26292502, 26292502, 26292502, 26292502, 61122229, 26645180, 26645180, 26519806, 26782974, 26782974, 27019696, 26519806, 26519806, 26519806, 26519806, 26519806, 26519806, 26519806, 26519806, 26519806, 30109941, 26615821, 26615821, 26615821, 26615821, 26615821, 26615821, 26615821, 26615821, 26615821, 26615821, 26615821, 26615821, 26706189, 26706189, 26706189, 26645180, 26645180, 26645180, 26645180, 26645180, 26645180, 26645180, 26645180, 26645180, 26645180, 26645180, 26645180, 26645180, 26645180, 26444528, 26444528, 26444528, 26444528, 26444528, 26444528, 26444528, 26444528, 26444528, 26444528, 26444528, 26444528, 26444528, 26444528, 26444528, 26428822, 26428822, 26428822, 26428822, 26428822, 26428822, 26428822, 26428822, 26428822, 26428822, 26428822, 26428822, 26428822, 26428822, 26428822, 26428822, 26428822, 26428822, 26428822, 26428822, 26428822, 26428822, 26428822, 26428822, 26428822, 26428822, 26428822, 26428822, 26428822, 26428822, 26428822, 26428822, 26428822, 26428822, 26428822, 26428822, 26428822, 26729656, 26729656, 26729656, 27286840, 27286840, 26843454, 26843454, 26843454, 26843454, 26843454, 26843454, 26573059, 26573059, 26573059, 26573059]",0,0,0,SSD,0,14680064,0,14680064,14680064,14680064,1.0,hot,0,0,0,0,1.0,29360128
0,133,meta-llama/Llama-3.1-8B,26,148,12222513791,80245150071,68022636280,61562492343,61733751473,51974254,"[26645180, 26645180, 26645180, 26645180, 26645180, 2580346406, 26645180, 26645180, 375893645, 26615821, 26615821, 26615821, 26615821, 26615821, 26615821, 26615821, 26615821, 26615821, 26615821, 26615821, 26615821, 26706189, 26706189, 26706189, 26645180, 26645180, 26645180, 26645180, 26645180, 26645180, 26645180, 26645180, 26645180, 26645180, 26645180, 26645180, 26645180, 26645180, 26444528, 26444528, 26444528, 26444528, 26444528, 26444528, 26444528, 26444528, 26444528, 26444528, 26444528, 26444528, 26444528, 26444528, 26444528, 26428822, 26428822, 26428822, 26428822, 26428822, 26428822, 26428822, 26428822, 26428822, 26428822, 26428822, 26428822, 26428822, 26428822, 26428822, 26428822, 26428822, 26428822, 26428822, 26428822, 26428822, 26428822, 26428822, 26428822, 26428822, 26428822, 26428822, 26428822, 26428822, 26428822, 26428822, 26428822, 26428822, 26428822, 26428822, 26428822, 26428822, 26729656, 26729656, 26729656, 27286840, 27286840, 26843454, 26843454, 26843454, 26843454, 26843454, 26843454, 26573059, 26573059, 26573059, 26573059, 198275202, 26573059, 26573059, 26573059, 26573059, 26573059, 26573059, 26573059, 26573059, 26573059, 26573059, 26573059, 26573059, 26573059, 26573059, 26639587]",0,0,0,SSD,0,4194304,0,4194304,4194304,4194304,1.0,hot,0,0,0,0,1.0,8388608
0,119,meta-llama/Llama-3.1-8B,726,1044,11127042283,80902896221,69775853938,54970645204,55116645528,46243559,"[26454608, 26454608, 565175065, 26428822, 26428822, 26428822, 26428822, 26428822, 26428822, 26428822, 26428822, 26428822, 26428822, 26428822, 26428822, 364034179, 26729656, 26843454, 26843454, 26843454, 26843454, 26843454, 26843454, 26843454, 26843454, 26843454, 26573059, 26573059, 26573059, 26573059, 26573059, 26246582, 26246582, 26246582, 26246582, 26246582, 26309846, 211053673, 26843454, 26843454, 26843454, 26843454, 26843454, 499955385, 744829105, 27286840, 1428153945, 26573059, 26573059, 26573059, 26573059, 26573059, 26573059, 26573059, 26573059, 26573059, 26573059, 26573059, 26573059, 26573059, 26573059, 26573059, 26573059, 26573059, 26573059, 26573059, 26573059, 26573059, 26573059, 26573059, 26639587, 26639587, 26639587, 26639587, 26639587, 26639587, 26639587, 26639587, 26639587, 26639587, 26639587, 26639587, 26639587, 26639587, 26639587, 26639587, 26639587, 26639587, 26639587, 26639587, 26639587, 26639587, 26639587, 190180328, 26573059, 26573059, 26573059, 26573059, 26573059, 26573059, 26573059, 26573059, 26573059, 26573059, 26573059, 26573059, 26573059, 26573059, 26573059, 26573059, 26573059, 26573059, 26573059, 26573059, 26573059, 26573059, 26573059, 26573059, 26573059, 26639587, 26639587, 26639587, 26639587, 26639587, 26639587, 26639587, 26639587, 26639587, 26639587, 26639587, 26639587, 26639587, 26639587, 26639587, 26639587, 26639587, 26639587, 26639587, 26639587, 26639587, 171259130, 26645180, 26645180, 26645180, 26645180, 26645180, 26639587, 26639587, 26362426, 26326183, 26326183, 909723527, 26362426, 1213124826, 26439258, 26439258, 26439258, 26439258, 26792392, 26292502, 26292502, 26292502, 26292502, 61122229, 26645180, 26645180, 26519806, 26782974, 26782974, 27019696, 26519806, 26519806, 26519806, 26519806, 26519806, 26519806, 26519806, 26519806, 26519806, 30109941, 26615821, 26615821, 26615821, 26615821, 26615821, 26615821, 26615821, 26615821, 26615821, 26615821, 26615821, 26615821, 26706189, 26706189, 26706189, 26645180, 26645180, 26645180, 26645180, 26645180, 26645180, 26645180, 26645180, 26645180, 26645180, 26645180, 26645180, 26645180, 26645180, 26444528, 26444528, 26444528, 26444528, 26444528, 26444528, 26444528, 26444528, 26444528, 26444528, 26444528, 26444528, 26444528, 26444528, 26444528, 26428822, 26428822, 26428822, 26428822, 26428822, 26428822, 26428822, 26428822, 26428822, 26428822, 26428822, 26428822, 26428822, 26428822, 26428822, 26428822, 26428822, 26428822, 26428822, 26428822, 26428822, 26428822, 26428822, 26428822, 26428822, 26428822, 26428822, 26428822, 26428822, 26428822, 26428822, 26428822, 26428822, 26428822, 26428822, 26428822, 26428822, 26729656, 26729656, 26729656, 27286840, 27286840, 26843454, 26843454, 26843454, 26843454, 26843454, 26843454, 26573059, 26573059, 26573059, 26573059, 198275202, 26573059, 26573059, 26573059, 26573059, 26573059, 26573059, 26573059, 26573059, 26573059, 26573059, 26573059, 26573059, 26573059, 26573059, 26639587, 26309846, 26309846, 26309846, 26309846, 26309846, 26309846, 26309846, 26309846, 26309846, 26309846, 26309846, 26309846, 26309846, 26309846, 26309846, 26309846, 26309846, 26309846, 26309846, 26309846, 26309846, 26309846, 26309846, 26309846, 26309846]",0,0,0,NPU,0,0,0,0,0,0,1.0,hot,0,0,0,0,1.0,0
0,140,meta-llama/Llama-3.1-8B,90,95,13472596508,81207235499,67734638991,67430299713,67628923703,26428822,"[26428822, 26428822, 26428822, 26428822]",0,0,0,NPU,0,0,0,0,0,0,1.0,hot,0,0,0,0,1.0,0
0,118,meta-llama/Llama-3.1-8B,1004,1369,11049532293,81645478822,70595946529,54244855364,54436720618,44393477,"[26645180, 26645180, 26645180, 26645180, 26645180, 26645180, 26645180, 26645180, 26645180, 26645180, 26645180, 26645180, 26645180, 26645180, 26645180, 26645180, 26444528, 26444528, 26444528, 26444528, 26444528, 26444528, 26444528, 146000324, 26454608, 26454608, 565175065, 26428822, 26428822, 26428822, 26428822, 26428822, 26428822, 26428822, 26428822, 26428822, 26428822, 26428822, 26428822, 364034179, 26729656, 26843454, 26843454, 26843454, 26843454, 26843454, 26843454, 26843454, 26843454, 26843454, 26573059, 26573059, 26573059, 26573059, 26573059, 26246582, 26246582, 26246582, 26246582, 26246582, 26309846, 211053673, 26843454, 26843454, 26843454, 26843454, 26843454, 499955385, 744829105, 27286840, 1428153945, 26573059, 26573059, 26573059, 26573059, 26573059, 26573059, 26573059, 26573059, 26573059, 26573059, 26573059, 26573059, 26573059, 26573059, 26573059, 26573059, 26573059, 26573059, 26573059, 26573059, 26573059, 26573059, 26573059, 26639587, 26639587, 26639587, 26639587, 26639587, 26639587, 26639587, 26639587, 26639587, 26639587, 26639587, 26639587, 26639587, 26639587, 26639587, 26639587, 26639587, 26639587, 26639587, 26639587, 26639587, 26639587, 26639587, 190180328, 26573059, 26573059, 26573059, 26573059, 26573059, 26573059, 26573059, 26573059, 26573059, 26573059, 26573059, 26573059, 26573059, 26573059, 26573059, 26573059, 26573059, 26573059, 26573059, 26573059, 26573059, 26573059, 26573059, 26573059, 26573059, 26639587, 26639587, 26639587, 26639587, 26639587, 26639587, 26639587, 26639587, 26639587, 26639587, 26639587, 26639587, 26639587, 26639587, 26639587, 26639587, 26639587, 26639587, 26639587, 26639587, 26639587, 171259130, 26645180, 26645180, 26645180, 26645180, 26645180, 26639587, 26639587, 26362426, 26326183, 26326183, 909723527, 26362426, 26370142, 26370142, 1160384542, 26439258, 26439258, 26439258, 26439258, 26792392, 26292502, 26292502, 26292502, 26292502, 61122229, 26645180, 26645180, 26519806, 26782974, 26782974, 27019696, 26519806, 26519806, 26519806, 26519806, 26519806, 26519806, 26519806, 26519806, 26519806, 30109941, 26615821, 26615821, 26615821, 26615821, 26615821, 26615821, 26615821, 26615821, 26615821, 26615821, 26615821, 26615821, 26706189, 26706189, 26706189, 26645180, 26645180, 26645180, 26645180, 26645180, 26645180, 26645180, 26645180, 26645180, 26645180, 26645180, 26645180, 26645180, 26645180, 26444528, 26444528, 26444528, 26444528, 26444528, 26444528, 26444528, 26444528, 26444528, 26444528, 26444528, 26444528, 26444528, 26444528, 26444528, 26428822, 26428822, 26428822, 26428822, 26428822, 26428822, 26428822, 26428822, 26428822, 26428822, 26428822, 26428822, 26428822, 26428822, 26428822, 26428822, 26428822, 26428822, 26428822, 26428822, 26428822, 26428822, 26428822, 26428822, 26428822, 26428822, 26428822, 26428822, 26428822, 26428822, 26428822, 26428822, 26428822, 26428822, 26428822, 26428822, 26428822, 26729656, 26729656, 26729656, 27286840, 27286840, 26843454, 26843454, 26843454, 26843454, 26843454, 26843454, 26573059, 26573059, 26573059, 26573059, 198275202, 26573059, 26573059, 26573059, 26573059, 26573059, 26573059, 26573059, 26573059, 26573059, 26573059, 26573059, 26573059, 26573059, 26573059, 26639587, 26309846, 26309846, 26309846, 26309846, 26309846, 26309846, 26309846, 26309846, 26309846, 26309846, 26309846, 26309846, 26309846, 26309846, 26309846, 26309846, 26309846, 26309846, 26309846, 26309846, 26309846, 26309846, 26309846, 26309846, 26309846, 198623990, 26428822, 26428822, 26428822, 26428822, 27286840, 27286840, 27286840, 27286840, 27286840, 27286840, 27286840, 26639587, 26639587, 26639587, 27861685, 27861685, 27861685, 27861685, 27934971, 27934971]",0,0,0,SSD,0,140509184,0,140509184,140509184,140509184,1.0,hot,0,0,0,0,1.0,281018368
0,125,meta-llama/Llama-3.1-8B,412,733,11649708106,83226775248,71577067142,57943476445,58042028255,42296996,"[27286840, 1428153945, 26573059, 26573059, 26573059, 26573059, 26573059, 26573059, 26573059, 26573059, 26573059, 26573059, 26573059, 26573059, 26573059, 26573059, 26573059, 26573059, 26573059, 26573059, 26573059, 26573059, 26573059, 26573059, 26573059, 26639587, 26639587, 26639587, 26639587, 26639587, 26639587, 26639587, 26639587, 26639587, 26639587, 26639587, 26639587, 26639587, 26639587, 26639587, 26639587, 26639587, 26639587, 26639587, 26639587, 26639587, 26639587, 26639587, 190180328, 26573059, 26573059, 26573059, 26573059, 26573059, 26573059, 26573059, 26573059, 26573059, 26573059, 26573059, 26573059, 26573059, 26573059, 26573059, 26573059, 26573059, 26573059, 26573059, 26573059, 26573059, 26573059, 26573059, 26573059, 26573059, 26639587, 26639587, 26639587, 26639587, 26639587, 26639587, 26639587, 26639587, 26639587, 26639587, 26639587, 26639587, 26639587, 26639587, 26639587, 26639587, 26639587, 26639587, 26639587, 26639587, 26639587, 171259130, 26645180, 26645180, 26645180, 26645180, 26645180, 26639587, 26639587, 2360774995, 26292502, 26292502, 26292502, 26292502, 61122229, 26645180, 26645180, 26519806, 80585644, 26519806, 26519806, 26519806, 26519806, 26519806, 26519806, 26519806, 26519806, 26519806, 30109941, 26615821, 26615821, 26615821, 26615821, 26615821, 26615821, 26615821, 26615821, 26615821, 26615821, 26615821, 26615821, 26706189, 26706189, 26706189, 26645180, 26645180, 26645180, 26645180, 26645180, 26645180, 26645180, 26645180, 26645180, 26645180, 26645180, 26645180, 26645180, 26645180, 26444528, 26444528, 26444528, 26444528, 26444528, 26444528, 26444528, 26444528, 26444528, 26444528, 26444528, 26444528, 26444528, 26444528, 26444528, 26428822, 26428822, 26428822, 26428822, 26428822, 26428822, 26428822, 26428822, 26428822, 26428822, 26428822, 26428822, 26428822, 26428822, 26428822, 26428822, 26428822, 26428822, 26428822, 26428822, 26428822, 26428822, 26428822, 26428822, 26428822, 26428822, 26428822, 26428822, 26428822, 26428822, 26428822, 26428822, 26428822, 26428822, 26428822, 26428822, 26428822, 26729656, 26729656, 26729656, 27286840, 27286840, 26843454, 26843454, 26843454, 26843454, 26843454, 26843454, 26573059, 26573059, 26573059, 26573059, 198275202, 26573059, 26573059, 26573059, 26573059, 26573059, 26573059, 26573059, 26573059, 26573059, 26573059, 26573059, 26573059, 26573059, 26573059, 26639587, 26309846, 26309846, 26309846, 26309846, 26309846, 26309846, 26309846, 26309846, 26309846, 26309846, 26309846, 26309846, 26309846, 26309846, 26309846, 26309846, 26309846, 26309846, 26309846, 26309846, 26309846, 26309846, 26309846, 26309846, 26309846, 198623990, 26428822, 26428822, 26428822, 26428822, 27286840, 27286840, 27286840, 27286840, 27286840, 27286840, 27286840, 26639587, 26639587, 26639587, 377306514, 26454608, 26454608, 26454608, 26454608, 26454608, 26454608, 26150133, 26150133, 26150133, 26150133, 26150133, 26150133, 26150133, 26150133, 26150133, 245024025, 26150133, 26150133, 26150133, 26150133, 26150133, 26150133, 26150133, 26150133, 26150133, 26150133, 26150133, 26150133, 26150133, 26150133, 26150133, 26150133, 26150133, 26150133, 26150133, 26150133, 26150133, 26150133, 26150133, 26150133, 26150133, 26150133, 26150133, 26150133]",0,0,0,NPU,0,0,0,0,0,0,1.0,hot,0,0,0,0,1.0,0
0,143,meta-llama/Llama-3.1-8B,81,154,13606161610,84719302190,71113140580,67296734611,67495358601,50246971,"[26428822, 26428822, 26428822, 26428822, 27286840, 27286840, 27286840, 27286840, 27286840, 27286840, 27286840, 457225275, 26454608, 26454608, 26454608, 26454608, 26454608, 26454608, 1239507658, 26428822, 26428822, 26428822, 26428822, 26428822, 26428822, 26428822, 26428822, 26428822, 26428822, 26428822, 26428822, 26428822, 26428822, 26428822, 26428822, 26428822, 26428822, 26428822, 26428822, 26428822, 26428822, 26428822, 26428822, 26428822, 26428822, 26428822, 26428822, 26428822, 26428822, 26428822, 26729656, 79967316, 26729656, 26729656, 26729656, 26729656, 26729656, 26729656, 26729656, 26729656, 26729656, 26729656, 26729656, 27286840, 27286840, 27286840, 27286840, 27286840, 27286840, 27286840, 27286840, 27286840]",0,0,0,NPU,0,0,0,0,0,0,1.0,hot,0,0,0,0,1.0,0
0,130,meta-llama/Llama-3.1-8B,7,234,12143438162,84772989098,72629550936,61641567972,61812827102,47861609,"[26645180, 26645180, 26645180, 26645180, 26645180, 2580346406, 26645180, 26645180, 375893645, 26615821, 26615821, 26615821, 26615821, 26615821, 26615821, 26615821, 26615821, 26615821, 26615821, 26615821, 26615821, 26706189, 26706189, 26706189, 26645180, 26645180, 26645180, 26645180, 26645180, 26645180, 26645180, 26645180, 26645180, 26645180, 26645180, 26645180, 26645180, 26645180, 26444528, 26444528, 26444528, 26444528, 26444528, 26444528, 26444528, 26444528, 26444528, 26444528, 26444528, 26444528, 26444528, 26444528, 26444528, 26428822, 26428822, 26428822, 26428822, 26428822, 26428822, 26428822, 26428822, 26428822, 26428822, 26428822, 26428822, 26428822, 26428822, 26428822, 26428822, 26428822, 26428822, 26428822, 26428822, 26428822, 26428822, 26428822, 26428822, 26428822, 26428822, 26428822, 26428822, 26428822, 26428822, 26428822, 26428822, 26428822, 26428822, 26428822, 26428822, 26428822, 26729656, 26729656, 26729656, 27286840, 27286840, 26843454, 26843454, 26843454, 26843454, 26843454, 26843454, 26573059, 26573059, 26573059, 26573059, 198275202, 26573059, 26573059, 26573059, 26573059, 26573059, 26573059, 26573059, 26573059, 26573059, 26573059, 26573059, 26573059, 26573059, 26573059, 26639587, 26309846, 26309846, 26309846, 26309846, 26309846, 26309846, 26309846, 26309846, 26309846, 26309846, 26309846, 26309846, 26309846, 26309846, 26309846, 26309846, 26309846, 26309846, 26309846, 26309846, 26309846, 26309846, 26309846, 26309846, 26309846, 198623990, 26428822, 26428822, 26428822, 26428822, 27286840, 27286840, 27286840, 27286840, 27286840, 27286840, 27286840, 26639587, 26639587, 26639587, 377306514, 26454608, 26454608, 26454608, 26454608, 26454608, 26454608, 1239507658, 26428822, 26428822, 26428822, 26428822, 26428822, 26428822, 26428822, 26428822, 26428822, 26428822, 26428822, 26428822, 26428822, 26428822, 26428822, 26428822, 26428822, 26428822, 26428822, 26428822, 26428822, 26428822, 26428822, 26428822, 26428822, 26428822, 26428822, 26428822, 26428822, 26428822, 26428822, 26729656, 26368885, 26368885, 27229546, 26729656, 26729656, 26729656, 26729656, 26729656, 26729656, 26729656, 26729656, 26729656, 26729656, 26729656, 27286840, 27286840, 27286840, 27286840, 27286840, 27286840, 27286840, 27286840, 27286840, 26843454, 26843454]",0,0,0,SSD,0,25165824,0,25165824,25165824,25165824,1.0,hot,0,0,0,0,1.0,50331648
0,120,meta-llama/Llama-3.1-8B,1136,1573,11291777112,85570675917,74278898805,56809903816,57020957489,39582434,"[26843454, 26843454, 26843454, 26843454, 26843454, 499955385, 744829105, 27286840, 1428153945, 26573059, 26573059, 26573059, 26573059, 26573059, 26573059, 26573059, 26573059, 26573059, 26573059, 26573059, 26573059, 26573059, 26573059, 26573059, 26573059, 26573059, 26573059, 26573059, 26573059, 26573059, 26573059, 26573059, 26639587, 26639587, 26639587, 26639587, 26639587, 26639587, 26639587, 26639587, 26639587, 26639587, 26639587, 26639587, 26639587, 26639587, 26639587, 26639587, 26639587, 26639587, 26639587, 26639587, 26639587, 26639587, 26639587, 190180328, 26573059, 26573059, 26573059, 26573059, 26573059, 26573059, 26573059, 26573059, 26573059, 26573059, 26573059, 26573059, 26573059, 26573059, 26573059, 26573059, 26573059, 26573059, 26573059, 26573059, 26573059, 26573059, 26573059, 26573059, 26573059, 26639587, 26639587, 26639587, 26639587, 26639587, 26639587, 26639587, 26639587, 26639587, 26639587, 26639587, 26639587, 26639587, 26639587, 26639587, 26639587, 26639587, 26639587, 26639587, 26639587, 26639587, 171259130, 26645180, 26645180, 26645180, 26645180, 26645180, 26639587, 26639587, 26362426, 962375893, 26362426, 1213124826, 26439258, 26439258, 26439258, 26439258, 26792392, 26292502, 26292502, 26292502, 26292502, 61122229, 26645180, 26645180, 26519806, 80585644, 26519806, 26519806, 26519806, 26519806, 26519806, 26519806, 26519806, 26519806, 26519806, 30109941, 26615821, 26615821, 26615821, 26615821, 26615821, 26615821, 26615821, 26615821, 26615821, 26615821, 26615821, 26615821, 26706189, 26706189, 26706189, 26645180, 26645180, 26645180, 26645180, 26645180, 26645180, 26645180, 26645180, 26645180, 26645180, 26645180, 26645180, 26645180, 26645180, 26444528, 26444528, 26444528, 26444528, 26444528, 26444528, 26444528, 26444528, 26444528, 26444528, 26444528, 26444528, 26444528, 26444528, 26444528, 26428822, 26428822, 26428822, 26428822, 26428822, 26428822, 26428822, 26428822, 26428822, 26428822, 26428822, 26428822, 26428822, 26428822, 26428822, 26428822, 26428822, 26428822, 26428822, 26428822, 26428822, 26428822, 26428822, 26428822, 26428822, 26428822, 26428822, 26428822, 26428822, 26428822, 26428822, 26428822, 26428822, 26428822, 26428822, 26428822, 26428822, 26729656, 26729656, 26729656, 27286840, 27286840, 26843454, 26843454, 26843454, 26843454, 26843454, 26843454, 26573059, 26573059, 26573059, 26573059, 198275202, 26573059, 26573059, 26573059, 26573059, 26573059, 26573059, 26573059, 26573059, 26573059, 26573059, 26573059, 26573059, 26573059, 26573059, 26639587, 26309846, 26309846, 26309846, 26309846, 26309846, 26309846, 26309846, 26309846, 26309846, 26309846, 26309846, 26309846, 26309846, 26309846, 26309846, 26309846, 26309846, 26309846, 26309846, 26309846, 26309846, 26309846, 26309846, 26309846, 26309846, 198623990, 26428822, 26428822, 26428822, 26428822, 27286840, 27286840, 27286840, 27286840, 27286840, 27286840, 27286840, 26639587, 26639587, 26639587, 27861685, 27861685, 27861685, 27861685, 27934971, 27934971, 209989832, 26454608, 26454608, 26454608, 26454608, 26454608, 26454608, 26150133, 26150133, 26150133, 26150133, 26150133, 26150133, 26150133, 26150133, 26150133, 31196286, 31196286, 31196286, 31196286, 31196286, 31196286, 31196286, 26650023, 26150133, 26150133, 26150133, 26150133, 26150133, 26150133, 26150133, 26150133, 26150133, 26150133, 26150133, 26150133, 26150133, 26150133, 26150133, 26150133, 26150133, 26150133, 26150133, 26150133, 26150133, 26150133, 26150133, 26150133, 26150133, 26150133, 26150133, 26150133, 26928712, 26428822, 26428822, 26428822, 26428822, 26428822, 26428822, 26428822, 26428822, 26428822, 26428822, 26428822, 26428822, 26428822, 26428822, 26428822, 26428822, 26428822, 26428822, 26428822, 26428822, 26428822, 26428822, 26428822, 26428822, 26428822, 26428822, 26428822, 26428822, 26428822, 26428822, 26428822, 26729656, 26368885, 26368885, 27229546, 26729656, 26729656, 26729656, 26729656, 26729656, 26729656, 26729656, 26729656, 26729656, 26729656, 26729656, 27286840, 27286840, 27286840, 27286840, 27286840, 27286840, 27286840, 27286840, 27286840, 26843454, 26843454, 27343344, 26409918, 26432190, 26432190, 26432190, 26432190, 26432190, 26432190, 26432190, 26909808, 26409918, 26409918, 26409918, 26409918, 26409918, 26409918, 26409918, 26409918, 26409918, 26409918, 26409918, 26519806, 26519806, 26519806, 26519806, 26887103, 26887103, 26887103, 26887103, 27861685]",0,0,0,NPU,0,0,0,0,0,0,1.0,hot,0,0,0,0,1.0,0
0,129,meta-llama/Llama-3.1-8B,10,305,12089410830,85768593667,73679182837,61695595304,61866854434,40177987,"[26645180, 26645180, 26645180, 26645180, 26645180, 2580346406, 26645180, 26645180, 375893645, 26615821, 26615821, 26615821, 26615821, 26615821, 26615821, 26615821, 26615821, 26615821, 26615821, 26615821, 26615821, 26706189, 26706189, 26706189, 26645180, 26645180, 26645180, 26645180, 26645180, 26645180, 26645180, 26645180, 26645180, 26645180, 26645180, 26645180, 26645180, 26645180, 26444528, 26444528, 26444528, 26444528, 26444528, 26444528, 26444528, 26444528, 26444528, 26444528, 26444528, 26444528, 26444528, 26444528, 26444528, 26428822, 26428822, 26428822, 26428822, 26428822, 26428822, 26428822, 26428822, 26428822, 26428822, 26428822, 26428822, 26428822, 26428822, 26428822, 26428822, 26428822, 26428822, 26428822, 26428822, 26428822, 26428822, 26428822, 26428822, 26428822, 26428822, 26428822, 26428822, 26428822, 26428822, 26428822, 26428822, 26428822, 26428822, 26428822, 26428822, 26428822, 26729656, 26729656, 26729656, 27286840, 27286840, 26843454, 26843454, 26843454, 26843454, 26843454, 26843454, 26573059, 26573059, 26573059, 26573059, 198275202, 26573059, 26573059, 26573059, 26573059, 26573059, 26573059, 26573059, 26573059, 26573059, 26573059, 26573059, 26573059, 26573059, 26573059, 26639587, 26309846, 26309846, 26309846, 26309846, 26309846, 26309846, 26309846, 26309846, 26309846, 26309846, 26309846, 26309846, 26309846, 26309846, 26309846, 26309846, 26309846, 26309846, 26309846, 26309846, 26309846, 26309846, 26309846, 26309846, 26309846, 198623990, 26428822, 26428822, 26428822, 26428822, 27286840, 27286840, 27286840, 27286840, 27286840, 27286840, 27286840, 26639587, 26639587, 26639587, 377306514, 26454608, 26454608, 26454608, 26454608, 26454608, 26454608, 26150133, 26150133, 26150133, 26150133, 26150133, 26150133, 26150133, 26150133, 26150133, 245024025, 26150133, 26150133, 26150133, 26150133, 26150133, 26150133, 26150133, 26150133, 26150133, 26150133, 26150133, 26150133, 26150133, 26150133, 26150133, 26150133, 26150133, 26150133, 26150133, 26150133, 26150133, 26150133, 26150133, 26150133, 26150133, 26150133, 26150133, 26150133, 26928712, 26428822, 26428822, 26428822, 26428822, 26428822, 26428822, 26428822, 26428822, 26428822, 26428822, 26428822, 26428822, 26428822, 26428822, 26428822, 26428822, 26428822, 26428822, 26428822, 26428822, 26428822, 26428822, 26428822, 26428822, 26428822, 26428822, 26428822, 26428822, 26428822, 26428822, 26428822, 26729656, 26368885, 26368885, 27229546, 26729656, 26729656, 26729656, 26729656, 26729656, 26729656, 26729656, 26729656, 26729656, 26729656, 26729656, 27286840, 27286840, 27286840, 27286840, 27286840, 27286840, 27286840, 27286840, 27286840, 26843454, 26843454, 27343344, 26409918, 26432190, 26432190, 26432190, 26432190, 26432190, 26432190, 26432190, 26909808, 26409918, 26409918, 26409918, 26409918, 26409918, 26409918, 26409918, 26409918, 26409918, 26409918, 26409918, 26519806, 26519806, 26519806, 26519806, 26887103, 26887103, 26887103, 26887103, 225779435]",0,0,0,SSD,0,2097152,0,2097152,2097152,2097152,1.0,hot,0,0,0,0,1.0,4194304
0,136,meta-llama/Llama-3.1-8B,20,307,12621009563,87448428194,74827418631,64447902071,64478012012,36186736,"[26615821, 26615821, 26615821, 26615821, 26615821, 26615821, 26615821, 26615821, 26615821, 26615821, 26615821, 26615821, 26706189, 26706189, 26706189, 26645180, 26645180, 26645180, 26645180, 26645180, 26645180, 26645180, 26645180, 26645180, 26645180, 26645180, 26645180, 26645180, 26645180, 26444528, 26444528, 26444528, 26444528, 26444528, 26444528, 26444528, 26444528, 26444528, 26444528, 26444528, 26444528, 26444528, 26444528, 26444528, 26428822, 26428822, 26428822, 26428822, 26428822, 26428822, 26428822, 26428822, 26428822, 26428822, 26428822, 26428822, 26428822, 26428822, 26428822, 26428822, 26428822, 26428822, 26428822, 26428822, 26428822, 26428822, 26428822, 26428822, 26428822, 26428822, 26428822, 26428822, 26428822, 26428822, 26428822, 26428822, 26428822, 26428822, 26428822, 26428822, 26428822, 26729656, 26729656, 26729656, 27286840, 27286840, 26843454, 26843454, 26843454, 26843454, 26843454, 26843454, 26573059, 26573059, 26573059, 26573059, 198275202, 26573059, 26573059, 26573059, 26573059, 26573059, 26573059, 26573059, 26573059, 26573059, 26573059, 26573059, 26573059, 26573059, 26573059, 26639587, 26309846, 26309846, 26309846, 26309846, 26309846, 26309846, 26309846, 26309846, 26309846, 26309846, 26309846, 26309846, 26309846, 26309846, 26309846, 26309846, 26309846, 26309846, 26309846, 26309846, 26309846, 26309846, 26309846, 26309846, 26309846, 198623990, 26428822, 26428822, 26428822, 26428822, 27286840, 27286840, 27286840, 27286840, 27286840, 27286840, 27286840, 26639587, 26639587, 26639587, 377306514, 26454608, 26454608, 26454608, 26454608, 26454608, 26454608, 1239507658, 26428822, 26428822, 26428822, 26428822, 26428822, 26428822, 26428822, 26428822, 26428822, 26428822, 26428822, 26428822, 26428822, 26428822, 26428822, 26428822, 26428822, 26428822, 26428822, 26428822, 26428822, 26428822, 26428822, 26428822, 26428822, 26428822, 26428822, 26428822, 26428822, 26428822, 26428822, 26729656, 26368885, 26368885, 27229546, 26729656, 26729656, 26729656, 26729656, 26729656, 26729656, 26729656, 26729656, 26729656, 26729656, 26729656, 27286840, 27286840, 27286840, 27286840, 27286840, 27286840, 27286840, 27286840, 27286840, 26843454, 26843454, 27343344, 26409918, 211935138, 26409918, 26409918, 26409918, 26409918, 26409918, 26409918, 26409918, 26409918, 26409918, 26409918, 26409918, 26519806, 26519806, 26519806, 26519806, 333327847, 69824587, 26729656, 26729656, 26729656, 27286840, 27286840, 27286840, 27286840, 27286840, 27286840, 27286840, 27286840, 27286840, 27286840, 27286840, 26354138, 26354138, 279253466, 26354138, 26354138, 26354138, 26354138, 26354138, 26354138, 26354138, 26354138, 26354138, 26354138, 26354138, 26354138, 26354138, 26354138, 26354138, 26354138, 26354138, 26354138, 26354138, 26354138, 26354138, 26354138, 26354138, 26326183, 26326183, 26326183, 26326183, 26326183, 26326183, 80893442, 26354138, 26354138]",0,0,0,NPU,0,0,0,0,0,0,1.0,hot,0,0,0,0,1.0,0
0,142,meta-llama/Llama-3.1-8B,132,325,13570368564,91015967514,77445598950,67332527657,67531151647,51637746,"[26428822, 26428822, 26428822, 26428822, 27286840, 27286840, 27286840, 27286840, 27286840, 27286840, 27286840, 457225275, 26454608, 26454608, 26454608, 26454608, 26454608, 26454608, 1239507658, 26428822, 26428822, 26428822, 26428822, 26428822, 26428822, 26428822, 26428822, 26428822, 26428822, 26428822, 26428822, 26428822, 26428822, 26428822, 26428822, 26428822, 26428822, 26428822, 26428822, 26428822, 26428822, 26428822, 26428822, 26428822, 26428822, 26428822, 26428822, 26428822, 26428822, 26428822, 26729656, 79967316, 26729656, 26729656, 26729656, 26729656, 26729656, 26729656, 26729656, 26729656, 26729656, 26729656, 26729656, 27286840, 27286840, 27286840, 27286840, 27286840, 27286840, 27286840, 27286840, 27286840, 26843454, 26843454, 27343344, 968261225, 69824587, 26729656, 26729656, 26729656, 27286840, 27286840, 27286840, 27286840, 27286840, 27286840, 27286840, 27286840, 27286840, 27286840, 27286840, 1256519760, 26354138, 26354138, 26354138, 26354138, 26354138, 26354138, 26354138, 26354138, 26354138, 26354138, 26354138, 26354138, 26354138, 26354138, 26354138, 26354138, 26354138, 26362426, 26362426, 26362426, 26362426, 26362426, 26362426, 26362426, 26362426, 26362426, 26362426, 26362426, 460838262, 26260820, 26260820, 26260820, 26260820, 26260820, 26260820, 26260820, 26260820, 26260820, 26260820, 26260820, 26260820, 26260820, 26260820, 26260820, 26260820, 26260820, 26260820, 26260820, 26260820, 26260820, 26260820, 26260820, 26260820, 26260820, 26260820, 26638708, 26638708, 26638708, 26638708, 26638708, 26638708, 26638708, 26638708, 26638708, 26638708, 26638708, 26638708, 26638708, 26638708, 26638708, 26638708, 26638708, 26638708, 26638708, 26638708, 26638708, 486955526, 26638708, 26638708, 26638708, 26638708, 26638708, 26638708, 26638708, 26638708, 26638708, 26638708, 26638708, 26638708, 26638708, 26638708, 26638708, 26638708, 26638708, 26638708, 26638708, 26638708, 26638708, 26638708, 26638708]",0,0,0,SSD,0,56623104,0,56623104,56623104,56623104,1.0,hot,0,0,0,0,1.0,113246208
0,123,meta-llama/Llama-3.1-8B,359,1025,11568133663,92526611112,80958477449,57301464965,57378773593,35458201,"[744829105, 27286840, 1428153945, 26573059, 26573059, 26573059, 26573059, 26573059, 26573059, 26573059, 26573059, 26573059, 26573059, 26573059, 26573059, 26573059, 26573059, 26573059, 26573059, 26573059, 26573059, 26573059, 26573059, 26573059, 26573059, 26573059, 26639587, 26639587, 26639587, 26639587, 26639587, 26639587, 26639587, 26639587, 26639587, 26639587, 26639587, 26639587, 26639587, 26639587, 26639587, 26639587, 26639587, 26639587, 26639587, 26639587, 26639587, 26639587, 26639587, 190180328, 26573059, 26573059, 26573059, 26573059, 26573059, 26573059, 26573059, 26573059, 26573059, 26573059, 26573059, 26573059, 26573059, 26573059, 26573059, 26573059, 26573059, 26573059, 26573059, 26573059, 26573059, 26573059, 26573059, 26573059, 26573059, 26639587, 26639587, 26639587, 26639587, 26639587, 26639587, 26639587, 26639587, 26639587, 26639587, 26639587, 26639587, 26639587, 26639587, 26639587, 26639587, 26639587, 26639587, 26639587, 26639587, 26639587, 171259130, 26645180, 26645180, 26645180, 26645180, 26645180, 26639587, 26639587, 2360774995, 26292502, 26292502, 26292502, 26292502, 61122229, 26645180, 26645180, 26519806, 80585644, 26519806, 26519806, 26519806, 26519806, 26519806, 26519806, 26519806, 26519806, 26519806, 30109941, 26615821, 26615821, 26615821, 26615821, 26615821, 26615821, 26615821, 26615821, 26615821, 26615821, 26615821, 26615821, 26706189, 26706189, 26706189, 26645180, 26645180, 26645180, 26645180, 26645180, 26645180, 26645180, 26645180, 26645180, 26645180, 26645180, 26645180, 26645180, 26645180, 26444528, 26444528, 26444528, 26444528, 26444528, 26444528, 26444528, 26444528, 26444528, 26444528, 26444528, 26444528, 26444528, 26444528, 26444528, 26428822, 26428822, 26428822, 26428822, 26428822, 26428822, 26428822, 26428822, 26428822, 26428822, 26428822, 26428822, 26428822, 26428822, 26428822, 26428822, 26428822, 26428822, 26428822, 26428822, 26428822, 26428822, 26428822, 26428822, 26428822, 26428822, 26428822, 26428822, 26428822, 26428822, 26428822, 26428822, 26428822, 26428822, 26428822, 26428822, 26428822, 26729656, 26729656, 26729656, 27286840, 27286840, 26843454, 26843454, 26843454, 26843454, 26843454, 26843454, 26573059, 26573059, 26573059, 26573059, 198275202, 26573059, 26573059, 26573059, 26573059, 26573059, 26573059, 26573059, 26573059, 26573059, 26573059, 26573059, 26573059, 26573059, 26573059, 26639587, 26309846, 26309846, 26309846, 26309846, 26309846, 26309846, 26309846, 26309846, 26309846, 26309846, 26309846, 26309846, 26309846, 26309846, 26309846, 26309846, 26309846, 26309846, 26309846, 26309846, 26309846, 26309846, 26309846, 26309846, 26309846, 198623990, 26428822, 26428822, 26428822, 26428822, 27286840, 27286840, 27286840, 27286840, 27286840, 27286840, 27286840, 26639587, 26639587, 26639587, 27861685, 27861685, 27861685, 27861685, 265859774, 26454608, 26454608, 26454608, 26454608, 26454608, 26454608, 26150133, 26150133, 26150133, 26150133, 26150133, 26150133, 26150133, 26150133, 26150133, 245024025, 26150133, 26150133, 26150133, 26150133, 26150133, 26150133, 26150133, 26150133, 26150133, 26150133, 26150133, 26150133, 26150133, 26150133, 26150133, 26150133, 26150133, 26150133, 26150133, 26150133, 26150133, 26150133, 26150133, 26150133, 26150133, 26150133, 26150133, 26150133, 26928712, 26428822, 26428822, 26428822, 26428822, 26428822, 26428822, 26428822, 26428822, 26428822, 26428822, 26428822, 26428822, 26428822, 26428822, 26428822, 26428822, 26428822, 26428822, 26428822, 26428822, 26428822, 26428822, 26428822, 26428822, 26428822, 26428822, 26428822, 26428822, 26428822, 26428822, 26428822, 26729656, 26368885, 26368885, 27229546, 26729656, 26729656, 26729656, 26729656, 26729656, 26729656, 26729656, 26729656, 26729656, 26729656, 26729656, 27286840, 27286840, 27286840, 27286840, 27286840, 27286840, 27286840, 27286840, 27286840, 26843454, 26843454, 27343344, 26409918, 26432190, 26432190, 26432190, 26432190, 26432190, 26432190, 26432190, 26909808, 26409918, 26409918, 26409918, 26409918, 26409918, 26409918, 26409918, 26409918, 26409918, 26409918, 26409918, 26519806, 26519806, 26519806, 26519806, 26887103, 26887103, 26887103, 26887103, 27861685, 197917750, 69824587, 26729656, 26729656, 26729656, 27286840, 27286840, 27286840, 27286840, 27286840, 27286840, 27286840, 27286840, 27286840, 27286840, 27286840, 26354138, 26354138, 28044382, 28044382, 28044382, 28044382, 28044382, 28044382, 28044382, 28044382, 28044382, 26854028, 26354138, 26354138, 26354138, 26354138, 26354138, 26354138, 26354138, 26354138, 26354138, 26354138, 26354138, 26354138, 26354138, 26354138, 26354138, 26354138, 26354138, 26354138, 26354138, 26354138, 26354138, 26354138, 26354138, 26326183, 26326183, 26326183, 26326183, 26326183, 26326183, 27019707, 27019707, 26854028, 26354138, 26354138, 26854028, 26354138, 26354138, 26354138, 26354138, 26354138, 26354138, 26354138, 26354138, 26354138, 26354138, 26354138, 26354138, 26354138, 26354138, 26354138, 26354138, 26354138, 26362426, 26362426, 26362426, 26362426, 26362426, 26362426, 26362426, 26362426, 26362426, 26362426, 26362426, 27019707, 27019707, 27019707, 27019707, 27019707, 27019707, 27019707, 27019707, 27019707, 27200027, 27200027, 27200027, 27200027, 27200027, 27200027, 27200027, 27260710, 26260820, 26260820, 26260820, 26260820, 26260820, 26260820, 26260820, 26260820, 26260820, 26260820, 26260820, 26260820, 26260820, 26260820, 26260820, 26260820, 26260820, 26260820, 26260820, 26260820, 26260820, 26260820, 26260820, 26260820, 26260820, 26260820, 26638708, 26638708, 26638708, 26638708, 26638708, 26638708, 26638708, 26638708, 26638708, 26638708, 26638708, 26638708, 26638708, 26638708, 26638708, 26638708, 26638708, 26638708, 26638708, 26638708, 26638708, 28738558, 28738558, 28738558, 28738558, 28738558, 28738558, 28738558, 28738558, 28738558, 28738558, 28738558, 28738558, 28738558, 28738558, 28738558, 28738558, 27138598, 26638708, 26638708, 26638708, 26638708, 26638708, 26638708, 26638708, 26638708, 26638708, 26638708, 26638708, 26638708, 26638708, 26638708, 26638708, 26638708, 26638708, 26638708, 26638708, 26638708, 26638708, 26638708, 26638708, 26439258, 26439258, 26439258, 26439258, 26439258, 26439258, 26439258, 26439258, 26439258, 26439258, 26439258, 26439258, 26439258, 26439258, 26439258, 26439258, 26439258, 26439258, 26439258, 26439258, 26439258, 26439258, 26439258, 26439258, 26439258, 26439258, 26439258, 26439258, 26439258, 26439258, 26439258, 26439258, 26439258, 26439258, 26439258, 26439258, 26439258, 26439258, 26439258, 26439258, 26439258, 26503322, 26503322, 26503322, 26503322, 26503322, 26503322, 26503322, 26503322, 26503322, 26503322, 26503322, 26503322, 26503322, 26503322, 26503322, 29084190]",0,0,0,SSD,0,60817408,0,60817408,60817408,60817408,1.0,hot,0,0,0,0,1.0,121634816
0,132,meta-llama/Llama-3.1-8B,20,506,12181322934,93215108286,81033785352,61603683200,61774942330,39708954,"[26645180, 26645180, 26645180, 26645180, 26645180, 2580346406, 26645180, 26645180, 375893645, 26615821, 26615821, 26615821, 26615821, 26615821, 26615821, 26615821, 26615821, 26615821, 26615821, 26615821, 26615821, 26706189, 26706189, 26706189, 26645180, 26645180, 26645180, 26645180, 26645180, 26645180, 26645180, 26645180, 26645180, 26645180, 26645180, 26645180, 26645180, 26645180, 26444528, 26444528, 26444528, 26444528, 26444528, 26444528, 26444528, 26444528, 26444528, 26444528, 26444528, 26444528, 26444528, 26444528, 26444528, 26428822, 26428822, 26428822, 26428822, 26428822, 26428822, 26428822, 26428822, 26428822, 26428822, 26428822, 26428822, 26428822, 26428822, 26428822, 26428822, 26428822, 26428822, 26428822, 26428822, 26428822, 26428822, 26428822, 26428822, 26428822, 26428822, 26428822, 26428822, 26428822, 26428822, 26428822, 26428822, 26428822, 26428822, 26428822, 26428822, 26428822, 26729656, 26729656, 26729656, 27286840, 27286840, 26843454, 26843454, 26843454, 26843454, 26843454, 26843454, 26573059, 26573059, 26573059, 26573059, 198275202, 26573059, 26573059, 26573059, 26573059, 26573059, 26573059, 26573059, 26573059, 26573059, 26573059, 26573059, 26573059, 26573059, 26573059, 26639587, 26309846, 26309846, 26309846, 26309846, 26309846, 26309846, 26309846, 26309846, 26309846, 26309846, 26309846, 26309846, 26309846, 26309846, 26309846, 26309846, 26309846, 26309846, 26309846, 26309846, 26309846, 26309846, 26309846, 26309846, 26309846, 198623990, 26428822, 26428822, 26428822, 26428822, 27286840, 27286840, 27286840, 27286840, 27286840, 27286840, 27286840, 26639587, 26639587, 26639587, 377306514, 26454608, 26454608, 26454608, 26454608, 26454608, 26454608, 1239507658, 26428822, 26428822, 26428822, 26428822, 26428822, 26428822, 26428822, 26428822, 26428822, 26428822, 26428822, 26428822, 26428822, 26428822, 26428822, 26428822, 26428822, 26428822, 26428822, 26428822, 26428822, 26428822, 26428822, 26428822, 26428822, 26428822, 26428822, 26428822, 26428822, 26428822, 26428822, 26729656, 26368885, 26368885, 27229546, 26729656, 26729656, 26729656, 26729656, 26729656, 26729656, 26729656, 26729656, 26729656, 26729656, 26729656, 27286840, 27286840, 27286840, 27286840, 27286840, 27286840, 27286840, 27286840, 27286840, 26843454, 26843454, 27343344, 26409918, 26432190, 26432190, 26432190, 26432190, 26432190, 26432190, 26432190, 26909808, 26409918, 26409918, 26409918, 26409918, 26409918, 26409918, 26409918, 26409918, 26409918, 26409918, 26409918, 26519806, 26519806, 26519806, 26519806, 333327847, 69824587, 26729656, 26729656, 26729656, 27286840, 27286840, 27286840, 27286840, 27286840, 27286840, 27286840, 27286840, 27286840, 27286840, 27286840, 26354138, 26354138, 279253466, 26354138, 26354138, 26354138, 26354138, 26354138, 26354138, 26354138, 26354138, 26354138, 26354138, 26354138, 26354138, 26354138, 26354138, 26354138, 26354138, 26354138, 26354138, 26354138, 26354138, 26354138, 26354138, 26354138, 26326183, 26326183, 26326183, 26326183, 26326183, 26326183, 80893442, 26354138, 26354138, 26854028, 26354138, 26354138, 26354138, 26354138, 26354138, 26354138, 26354138, 26354138, 26354138, 26354138, 26354138, 26354138, 26354138, 26354138, 26354138, 26354138, 26354138, 26362426, 26362426, 26362426, 26362426, 26362426, 26362426, 26362426, 26362426, 26362426, 26362426, 26362426, 460838262, 26260820, 26260820, 26260820, 26260820, 26260820, 26260820, 26260820, 26260820, 26260820, 26260820, 26260820, 26260820, 26260820, 26260820, 26260820, 26260820, 26260820, 26260820, 26260820, 26260820, 26260820, 26260820, 26260820, 26260820, 26260820, 26260820, 26638708, 26638708, 26638708, 26638708, 26638708, 26638708, 26638708, 26638708, 26638708, 26638708, 26638708, 26638708, 26638708, 26638708, 26638708, 26638708, 26638708, 26638708, 26638708, 26638708, 26638708, 486955526, 26638708, 26638708, 26638708, 26638708, 26638708, 26638708, 26638708, 26638708, 26638708, 26638708, 26638708, 26638708, 26638708, 26638708, 26638708, 26638708, 26638708, 26638708, 26638708, 26638708, 26638708, 26638708, 26638708, 26439258, 26439258, 26439258, 26439258, 26439258, 26439258, 26439258, 26439258, 26439258, 26439258, 26439258, 26439258, 26439258, 26439258, 26439258, 26439258, 26439258, 26439258, 26439258, 26439258, 26439258, 26439258, 26439258, 26439258, 26439258, 26439258, 26439258, 26439258, 26439258, 26439258, 26439258, 26439258, 26439258, 26439258, 26439258, 26439258, 26439258, 26439258, 26439258, 26439258, 26439258, 26503322, 26503322, 26503322, 26503322, 26503322, 26503322, 26503322, 26503322, 26503322, 26503322, 26503322, 26503322, 26503322, 26503322, 26503322, 56023338, 26439258, 26439258, 26439258, 26439258, 26439258, 26439258, 26439258, 26439258, 26439258, 26439258, 26439258, 26439258, 26439258, 26439258, 26439258, 26439258, 26503322, 26503322, 26503322, 26503322, 26503322, 26503322, 26503322, 26503322, 26503322]",0,0,0,SSD,0,4194304,0,4194304,4194304,4194304,1.0,hot,0,0,0,0,1.0,8388608
0,137,meta-llama/Llama-3.1-8B,15,483,12742418260,93215108286,80472690026,64326493374,64356603315,34509821,"[26615821, 26615821, 26615821, 26615821, 26615821, 26615821, 26615821, 26615821, 26615821, 26615821, 26615821, 26615821, 26706189, 26706189, 26706189, 26645180, 26645180, 26645180, 26645180, 26645180, 26645180, 26645180, 26645180, 26645180, 26645180, 26645180, 26645180, 26645180, 26645180, 26444528, 26444528, 26444528, 26444528, 26444528, 26444528, 26444528, 26444528, 26444528, 26444528, 26444528, 26444528, 26444528, 26444528, 26444528, 26428822, 26428822, 26428822, 26428822, 26428822, 26428822, 26428822, 26428822, 26428822, 26428822, 26428822, 26428822, 26428822, 26428822, 26428822, 26428822, 26428822, 26428822, 26428822, 26428822, 26428822, 26428822, 26428822, 26428822, 26428822, 26428822, 26428822, 26428822, 26428822, 26428822, 26428822, 26428822, 26428822, 26428822, 26428822, 26428822, 26428822, 26729656, 26729656, 26729656, 27286840, 27286840, 26843454, 26843454, 26843454, 26843454, 26843454, 26843454, 26573059, 26573059, 26573059, 26573059, 198275202, 26573059, 26573059, 26573059, 26573059, 26573059, 26573059, 26573059, 26573059, 26573059, 26573059, 26573059, 26573059, 26573059, 26573059, 26639587, 26309846, 26309846, 26309846, 26309846, 26309846, 26309846, 26309846, 26309846, 26309846, 26309846, 26309846, 26309846, 26309846, 26309846, 26309846, 26309846, 26309846, 26309846, 26309846, 26309846, 26309846, 26309846, 26309846, 26309846, 26309846, 198623990, 26428822, 26428822, 26428822, 26428822, 27286840, 27286840, 27286840, 27286840, 27286840, 27286840, 27286840, 26639587, 26639587, 26639587, 377306514, 26454608, 26454608, 26454608, 26454608, 26454608, 26454608, 1239507658, 26428822, 26428822, 26428822, 26428822, 26428822, 26428822, 26428822, 26428822, 26428822, 26428822, 26428822, 26428822, 26428822, 26428822, 26428822, 26428822, 26428822, 26428822, 26428822, 26428822, 26428822, 26428822, 26428822, 26428822, 26428822, 26428822, 26428822, 26428822, 26428822, 26428822, 26428822, 26729656, 79967316, 26729656, 26729656, 26729656, 26729656, 26729656, 26729656, 26729656, 26729656, 26729656, 26729656, 26729656, 27286840, 27286840, 27286840, 27286840, 27286840, 27286840, 27286840, 27286840, 27286840, 26843454, 26843454, 27343344, 26409918, 211935138, 26409918, 26409918, 26409918, 26409918, 26409918, 26409918, 26409918, 26409918, 26409918, 26409918, 26409918, 26519806, 26519806, 26519806, 26519806, 333327847, 69824587, 26729656, 26729656, 26729656, 27286840, 27286840, 27286840, 27286840, 27286840, 27286840, 27286840, 27286840, 27286840, 27286840, 27286840, 26354138, 26354138, 279253466, 26354138, 26354138, 26354138, 26354138, 26354138, 26354138, 26354138, 26354138, 26354138, 26354138, 26354138, 26354138, 26354138, 26354138, 26354138, 26354138, 26354138, 26354138, 26354138, 26354138, 26354138, 26354138, 26354138, 26326183, 26326183, 26326183, 26326183, 26326183, 26326183, 80893442, 26354138, 26354138, 26854028, 26354138, 26354138, 26354138, 26354138, 26354138, 26354138, 26354138, 26354138, 26354138, 26354138, 26354138, 26354138, 26354138, 26354138, 26354138, 26354138, 26354138, 26362426, 26362426, 26362426, 26362426, 26362426, 26362426, 26362426, 26362426, 26362426, 26362426, 26362426, 460838262, 26260820, 26260820, 26260820, 26260820, 26260820, 26260820, 26260820, 26260820, 26260820, 26260820, 26260820, 26260820, 26260820, 26260820, 26260820, 26260820, 26260820, 26260820, 26260820, 26260820, 26260820, 26260820, 26260820, 26260820, 26260820, 26260820, 26638708, 26638708, 26638708, 26638708, 26638708, 26638708, 26638708, 26638708, 26638708, 26638708, 26638708, 26638708, 26638708, 26638708, 26638708, 26638708, 26638708, 26638708, 26638708, 26638708, 26638708, 486955526, 26638708, 26638708, 26638708, 26638708, 26638708, 26638708, 26638708, 26638708, 26638708, 26638708, 26638708, 26638708, 26638708, 26638708, 26638708, 26638708, 26638708, 26638708, 26638708, 26638708, 26638708, 26638708, 26638708, 26439258, 26439258, 26439258, 26439258, 26439258, 26439258, 26439258, 26439258, 26439258, 26439258, 26439258, 26439258, 26439258, 26439258, 26439258, 26439258, 26439258, 26439258, 26439258, 26439258, 26439258, 26439258, 26439258, 26439258, 26439258, 26439258, 26439258, 26439258, 26439258, 26439258, 26439258, 26439258, 26439258, 26439258, 26439258, 26439258, 26439258, 26439258, 26439258, 26439258, 26439258, 26503322, 26503322, 26503322, 26503322, 26503322, 26503322, 26503322, 26503322, 26503322, 26503322, 26503322, 26503322, 26503322, 26503322, 26503322, 56023338, 26439258, 26439258, 26439258, 26439258, 26439258, 26439258, 26439258, 26439258, 26439258, 26439258, 26439258, 26439258, 26439258, 26439258, 26439258, 26439258, 26503322, 26503322, 26503322, 26503322, 26503322, 26503322, 26503322, 26503322, 26503322]",0,0,0,NPU,0,0,0,0,0,0,1.0,hot,0,0,0,0,1.0,0
0,139,meta-llama/Llama-3.1-8B,742,1077,13144395522,93513873946,80369478424,67758500699,67957124689,37162735,"[26428822, 26428822, 26428822, 26428822, 27286840, 27286840, 27286840, 27286840, 27286840, 27286840, 27286840, 26639587, 26639587, 26639587, 377306514, 26454608, 26454608, 26454608, 26454608, 26454608, 26454608, 1239507658, 26428822, 26428822, 26428822, 26428822, 26428822, 26428822, 26428822, 26428822, 26428822, 26428822, 26428822, 26428822, 26428822, 26428822, 26428822, 26428822, 26428822, 26428822, 26428822, 26428822, 26428822, 26428822, 26428822, 26428822, 26428822, 26428822, 26428822, 26428822, 26428822, 26428822, 26428822, 26729656, 79967316, 26729656, 26729656, 26729656, 26729656, 26729656, 26729656, 26729656, 26729656, 26729656, 26729656, 26729656, 27286840, 27286840, 27286840, 27286840, 27286840, 27286840, 27286840, 27286840, 27286840, 26843454, 26843454, 27343344, 26409918, 211935138, 26409918, 26409918, 26409918, 26409918, 26409918, 26409918, 26409918, 26409918, 26409918, 26409918, 26409918, 26519806, 26519806, 26519806, 26519806, 333327847, 69824587, 26729656, 26729656, 26729656, 27286840, 27286840, 27286840, 27286840, 27286840, 27286840, 27286840, 27286840, 27286840, 27286840, 27286840, 26354138, 26354138, 279253466, 26354138, 26354138, 26354138, 26354138, 26354138, 26354138, 26354138, 26354138, 26354138, 26354138, 26354138, 26354138, 26354138, 26354138, 26354138, 26354138, 26354138, 26354138, 26354138, 26354138, 26354138, 26354138, 26354138, 238850540, 26354138, 26354138, 26854028, 26354138, 26354138, 26354138, 26354138, 26354138, 26354138, 26354138, 26354138, 26354138, 26354138, 26354138, 26354138, 26354138, 26354138, 26354138, 26354138, 26354138, 26362426, 26362426, 26362426, 26362426, 26362426, 26362426, 26362426, 26362426, 26362426, 26362426, 26362426, 460838262, 26260820, 26260820, 26260820, 26260820, 26260820, 26260820, 26260820, 26260820, 26260820, 26260820, 26260820, 26260820, 26260820, 26260820, 26260820, 26260820, 26260820, 26260820, 26260820, 26260820, 26260820, 26260820, 26260820, 26260820, 26260820, 26260820, 26638708, 26638708, 26638708, 26638708, 26638708, 26638708, 26638708, 26638708, 26638708, 26638708, 26638708, 26638708, 26638708, 26638708, 26638708, 26638708, 26638708, 26638708, 26638708, 26638708, 26638708, 486955526, 26638708, 26638708, 26638708, 26638708, 26638708, 26638708, 26638708, 26638708, 26638708, 26638708, 26638708, 26638708, 26638708, 26638708, 26638708, 26638708, 26638708, 26638708, 26638708, 26638708, 26638708, 26638708, 26638708, 26439258, 26439258, 26439258, 26439258, 26439258, 26439258, 26439258, 26439258, 26439258, 26439258, 26439258, 26439258, 26439258, 26439258, 26439258, 26439258, 26439258, 26439258, 26439258, 26439258, 26439258, 26439258, 26439258, 26439258, 26439258, 26439258, 26439258, 26439258, 26439258, 26439258, 26439258, 26439258, 26439258, 26439258, 26439258, 26439258, 26439258, 26439258, 26439258, 26439258, 26439258, 26503322, 26503322, 26503322, 26503322, 26503322, 26503322, 26503322, 26503322, 26503322, 26503322, 26503322, 26503322, 26503322, 26503322, 26503322, 56023338, 26439258, 26439258, 26439258, 26439258, 26439258, 26439258, 26439258, 26439258, 26439258, 26439258, 26439258, 26439258, 26439258, 26439258, 26439258, 26439258, 26503322, 26503322, 26503322, 26503322, 26503322, 26503322, 26503322, 26503322, 26503322, 27614960, 27115070, 27115070, 27115070, 27115070, 27115070, 27115070, 27115070, 27115070, 27115070, 27115070]",0,0,0,NPU,0,0,0,0,0,0,1.0,hot,0,0,0,0,1.0,0
0,144,meta-llama/Llama-3.1-8B,160,440,13639686577,94447670326,80807983749,68005792245,68215782077,45133339,"[26454608, 26454608, 26454608, 26454608, 26454608, 26454608, 1239507658, 26428822, 26428822, 26428822, 26428822, 26428822, 26428822, 26428822, 26428822, 26428822, 26428822, 26428822, 26428822, 26428822, 26428822, 26428822, 26428822, 26428822, 26428822, 26428822, 26428822, 26428822, 26428822, 26428822, 26428822, 26428822, 26428822, 26428822, 26428822, 26428822, 26428822, 26428822, 26729656, 79967316, 26729656, 26729656, 26729656, 26729656, 26729656, 26729656, 26729656, 26729656, 26729656, 26729656, 26729656, 27286840, 27286840, 27286840, 27286840, 27286840, 27286840, 27286840, 27286840, 27286840, 26843454, 26843454, 27343344, 968261225, 69824587, 26729656, 26729656, 26729656, 27286840, 27286840, 27286840, 27286840, 27286840, 27286840, 27286840, 27286840, 27286840, 27286840, 27286840, 2455365054, 26260820, 26260820, 26260820, 26260820, 26260820, 26260820, 26260820, 26260820, 26260820, 26260820, 26260820, 26260820, 26260820, 26260820, 26260820, 26260820, 26260820, 26260820, 26260820, 26260820, 26260820, 26260820, 26260820, 26260820, 26260820, 26260820, 26638708, 26638708, 26638708, 26638708, 26638708, 26638708, 26638708, 26638708, 26638708, 26638708, 26638708, 26638708, 26638708, 26638708, 26638708, 26638708, 26638708, 26638708, 26638708, 26638708, 26638708, 486955526, 26638708, 26638708, 26638708, 26638708, 26638708, 26638708, 26638708, 26638708, 26638708, 26638708, 26638708, 26638708, 26638708, 26638708, 26638708, 26638708, 26638708, 26638708, 26638708, 26638708, 26638708, 26638708, 26638708, 26439258, 26439258, 26439258, 26439258, 26439258, 26439258, 26439258, 26439258, 26439258, 26439258, 26439258, 26439258, 26439258, 26439258, 26439258, 26439258, 26439258, 26439258, 26439258, 26439258, 26439258, 26439258, 26439258, 26439258, 26439258, 26439258, 26439258, 26439258, 26439258, 26439258, 26439258, 26439258, 26439258, 26439258, 26439258, 26439258, 26439258, 26439258, 26439258, 26439258, 26439258, 26503322, 26503322, 26503322, 26503322, 26503322, 26503322, 26503322, 26503322, 26503322, 26503322, 26503322, 26503322, 26503322, 26503322, 26503322, 56023338, 26439258, 26439258, 26439258, 26439258, 26439258, 26439258, 26439258, 26439258, 26439258, 26439258, 26439258, 26439258, 26439258, 26439258, 26439258, 26439258, 26503322, 26503322, 26503322, 26503322, 26503322, 26503322, 26503322, 26503322, 26503322, 27614960, 27115070, 27115070, 27115070, 27115070, 27115070, 27115070, 27115070, 27115070, 27115070, 27115070, 26638708, 26638708, 26638708, 26638708, 26638708, 26638708, 26638708, 26638708, 26638708, 26638708, 26638708, 26638708, 26638708, 26638708, 26638708, 26638708, 26638708, 26638708, 26723508, 26723508, 26723508, 26723508, 26723508, 26723508, 26723508, 26723508, 26723508, 26723508, 26723508, 26723508, 26723508, 26723508, 26723508, 26723508, 26723508]",0,0,0,SSD,0,31457280,0,31457280,31457280,31457280,1.0,hot,0,0,0,0,1.0,62914560
0,145,meta-llama/Llama-3.1-8B,651,811,13643445024,94659184390,81015739366,68002033798,68212023630,80526514,"[26454608, 26454608, 26454608, 26454608, 26454608, 26454608, 1239507658, 26428822, 26428822, 26428822, 26428822, 26428822, 26428822, 26428822, 26428822, 26428822, 26428822, 26428822, 26428822, 26428822, 26428822, 26428822, 26428822, 26428822, 26428822, 26428822, 26428822, 26428822, 26428822, 26428822, 26428822, 26428822, 26428822, 26428822, 26428822, 26428822, 26428822, 26428822, 26729656, 79967316, 26729656, 26729656, 26729656, 26729656, 26729656, 26729656, 26729656, 26729656, 26729656, 26729656, 26729656, 27286840, 27286840, 27286840, 27286840, 27286840, 27286840, 27286840, 27286840, 27286840, 26843454, 26843454, 27343344, 968261225, 69824587, 26729656, 26729656, 26729656, 27286840, 27286840, 27286840, 27286840, 27286840, 27286840, 27286840, 27286840, 27286840, 27286840, 27286840, 6334787798, 26439258, 26439258, 26439258, 26439258, 26439258, 26439258, 26439258, 26439258, 26439258, 26439258, 26439258, 26439258, 26439258, 26439258, 26439258, 26439258, 26503322, 26503322, 26503322, 26503322, 26503322, 26503322, 26503322, 26503322, 26503322, 27614960, 27115070, 27115070, 27115070, 27115070, 27115070, 27115070, 27115070, 27115070, 27115070, 27115070, 26638708, 26638708, 26638708, 26638708, 26638708, 26638708, 26638708, 26638708, 26638708, 26638708, 26638708, 26638708, 26638708, 26638708, 26638708, 26638708, 26638708, 26638708, 26723508, 26723508, 26723508, 26723508, 26723508, 26723508, 26723508, 26723508, 26723508, 26723508, 26723508, 26723508, 26723508, 26723508, 26723508, 26723508, 26723508, 26439258, 26439258, 26439258, 26439258, 26439258, 26439258, 26439258, 26439258]",0,0,0,SSD,0,96468992,0,96468992,96468992,96468992,1.0,hot,0,0,0,0,1.0,192937984
0,128,meta-llama/Llama-3.1-8B,784,1417,12017923215,95640942846,83623019631,61767082919,61938342049,34311198,"[26645180, 26645180, 26645180, 26645180, 26645180, 26639587, 26639587, 2360774995, 26292502, 26292502, 26292502, 26292502, 61122229, 26645180, 26645180, 375893645, 26615821, 26615821, 26615821, 26615821, 26615821, 26615821, 26615821, 26615821, 26615821, 26615821, 26615821, 26615821, 26706189, 26706189, 26706189, 26645180, 26645180, 26645180, 26645180, 26645180, 26645180, 26645180, 26645180, 26645180, 26645180, 26645180, 26645180, 26645180, 26645180, 26444528, 26444528, 26444528, 26444528, 26444528, 26444528, 26444528, 26444528, 26444528, 26444528, 26444528, 26444528, 26444528, 26444528, 26444528, 26428822, 26428822, 26428822, 26428822, 26428822, 26428822, 26428822, 26428822, 26428822, 26428822, 26428822, 26428822, 26428822, 26428822, 26428822, 26428822, 26428822, 26428822, 26428822, 26428822, 26428822, 26428822, 26428822, 26428822, 26428822, 26428822, 26428822, 26428822, 26428822, 26428822, 26428822, 26428822, 26428822, 26428822, 26428822, 26428822, 26428822, 26729656, 26729656, 26729656, 27286840, 27286840, 26843454, 26843454, 26843454, 26843454, 26843454, 26843454, 26573059, 26573059, 26573059, 26573059, 198275202, 26573059, 26573059, 26573059, 26573059, 26573059, 26573059, 26573059, 26573059, 26573059, 26573059, 26573059, 26573059, 26573059, 26573059, 26639587, 26309846, 26309846, 26309846, 26309846, 26309846, 26309846, 26309846, 26309846, 26309846, 26309846, 26309846, 26309846, 26309846, 26309846, 26309846, 26309846, 26309846, 26309846, 26309846, 26309846, 26309846, 26309846, 26309846, 26309846, 26309846, 198623990, 26428822, 26428822, 26428822, 26428822, 27286840, 27286840, 27286840, 27286840, 27286840, 27286840, 27286840, 26639587, 26639587, 26639587, 377306514, 26454608, 26454608, 26454608, 26454608, 26454608, 26454608, 26150133, 26150133, 26150133, 26150133, 26150133, 26150133, 26150133, 26150133, 26150133, 245024025, 26150133, 26150133, 26150133, 26150133, 26150133, 26150133, 26150133, 26150133, 26150133, 26150133, 26150133, 26150133, 26150133, 26150133, 26150133, 26150133, 26150133, 26150133, 26150133, 26150133, 26150133, 26150133, 26150133, 26150133, 26150133, 26150133, 26150133, 26150133, 26928712, 26428822, 26428822, 26428822, 26428822, 26428822, 26428822, 26428822, 26428822, 26428822, 26428822, 26428822, 26428822, 26428822, 26428822, 26428822, 26428822, 26428822, 26428822, 26428822, 26428822, 26428822, 26428822, 26428822, 26428822, 26428822, 26428822, 26428822, 26428822, 26428822, 26428822, 26428822, 26729656, 26368885, 26368885, 27229546, 26729656, 26729656, 26729656, 26729656, 26729656, 26729656, 26729656, 26729656, 26729656, 26729656, 26729656, 27286840, 27286840, 27286840, 27286840, 27286840, 27286840, 27286840, 27286840, 27286840, 26843454, 26843454, 27343344, 26409918, 26432190, 26432190, 26432190, 26432190, 26432190, 26432190, 26432190, 26909808, 26409918, 26409918, 26409918, 26409918, 26409918, 26409918, 26409918, 26409918, 26409918, 26409918, 26409918, 26519806, 26519806, 26519806, 26519806, 26887103, 26887103, 26887103, 26887103, 27861685, 197917750, 69824587, 26729656, 26729656, 26729656, 27286840, 27286840, 27286840, 27286840, 27286840, 27286840, 27286840, 27286840, 27286840, 27286840, 27286840, 26354138, 26354138, 279253466, 26354138, 26354138, 26354138, 26354138, 26354138, 26354138, 26354138, 26354138, 26354138, 26354138, 26354138, 26354138, 26354138, 26354138, 26354138, 26354138, 26354138, 26354138, 26354138, 26354138, 26354138, 26354138, 26354138, 26326183, 26326183, 26326183, 26326183, 26326183, 26326183, 27019707, 27019707, 26854028, 26354138, 26354138, 26854028, 26354138, 26354138, 26354138, 26354138, 26354138, 26354138, 26354138, 26354138, 26354138, 26354138, 26354138, 26354138, 26354138, 26354138, 26354138, 26354138, 26354138, 26362426, 26362426, 26362426, 26362426, 26362426, 26362426, 26362426, 26362426, 26362426, 26362426, 26362426, 27019707, 27019707, 27019707, 27019707, 27019707, 27019707, 27019707, 27019707, 27019707, 27200027, 27200027, 27200027, 27200027, 27200027, 27200027, 27200027, 27260710, 26260820, 26260820, 26260820, 26260820, 26260820, 26260820, 26260820, 26260820, 26260820, 26260820, 26260820, 26260820, 26260820, 26260820, 26260820, 26260820, 26260820, 26260820, 26260820, 26260820, 26260820, 26260820, 26260820, 26260820, 26260820, 26260820, 26638708, 26638708, 26638708, 26638708, 26638708, 26638708, 26638708, 26638708, 26638708, 26638708, 26638708, 26638708, 26638708, 26638708, 26638708, 26638708, 26638708, 26638708, 26638708, 26638708, 26638708, 486955526, 26638708, 26638708, 26638708, 26638708, 26638708, 26638708, 26638708, 26638708, 26638708, 26638708, 26638708, 26638708, 26638708, 26638708, 26638708, 26638708, 26638708, 26638708, 26638708, 26638708, 26638708, 26638708, 26638708, 26439258, 26439258, 26439258, 26439258, 26439258, 26439258, 26439258, 26439258, 26439258, 26439258, 26439258, 26439258, 26439258, 26439258, 26439258, 26439258, 26439258, 26439258, 26439258, 26439258, 26439258, 26439258, 26439258, 26439258, 26439258, 26439258, 26439258, 26439258, 26439258, 26439258, 26439258, 26439258, 26439258, 26439258, 26439258, 26439258, 26439258, 26439258, 26439258, 26439258, 26439258, 26503322, 26503322, 26503322, 26503322, 26503322, 26503322, 26503322, 26503322, 26503322, 26503322, 26503322, 26503322, 26503322, 26503322, 26503322, 56023338, 26439258, 26439258, 26439258, 26439258, 26439258, 26439258, 26439258, 26439258, 26439258, 26439258, 26439258, 26439258, 26439258, 26439258, 26439258, 26439258, 26503322, 26503322, 26503322, 26503322, 26503322, 26503322, 26503322, 26503322, 26503322, 27614960, 27115070, 27115070, 27115070, 27115070, 27115070, 27115070, 27115070, 27115070, 27115070, 27115070, 26638708, 26638708, 26638708, 26638708, 26638708, 26638708, 26638708, 26638708, 26638708, 26638708, 26638708, 26638708, 26638708, 26638708, 26638708, 26638708, 26638708, 26638708, 26723508, 26723508, 26723508, 26723508, 26723508, 26723508, 26723508, 26723508, 26723508, 26723508, 26723508, 26723508, 26723508, 26723508, 26723508, 26723508, 26723508, 26439258, 26439258, 26439258, 26439258, 26439258, 26439258, 26439258, 26439258, 350322152, 26309846, 26309846, 26309846, 26309846, 26309846, 26309846, 26309846, 26309846, 26309846, 26309846, 26309846, 26309846, 26309846, 26309846, 26309846, 26309846, 26309846, 26309846, 26309846, 26309846, 26309846, 26309846, 26309846, 26309846]",0,0,0,SSD,0,104857600,0,104857600,104857600,104857600,1.0,hot,0,0,0,0,1.0,209715200
0,150,meta-llama/Llama-3.1-8B,1714,1742,14084179989,95892072973,81807892984,80575004401,80925326553,32687645,"[26309846, 26309846, 26309846, 26309846, 26309846, 26309846, 26309846, 26309846, 26309846, 26309846, 26309846, 26309846, 26309846, 26309846, 26309846, 26309846, 26309846, 26309846, 26309846, 26309846, 26309846, 26309846, 26309846, 26309846, 197984009, 26573059, 26573059]",0,0,0,NPU,0,0,0,0,0,0,1.0,hot,0,0,0,0,1.0,0
0,134,meta-llama/Llama-3.1-8B,227,791,12508825903,96160313283,83651487380,64099889438,64161011667,34618962,"[26645180, 26645180, 375893645, 26615821, 26615821, 26615821, 26615821, 26615821, 26615821, 26615821, 26615821, 26615821, 26615821, 26615821, 26615821, 26706189, 26706189, 26706189, 26645180, 26645180, 26645180, 26645180, 26645180, 26645180, 26645180, 26645180, 26645180, 26645180, 26645180, 26645180, 26645180, 26645180, 26444528, 26444528, 26444528, 26444528, 26444528, 26444528, 26444528, 26444528, 26444528, 26444528, 26444528, 26444528, 26444528, 26444528, 26444528, 26428822, 26428822, 26428822, 26428822, 26428822, 26428822, 26428822, 26428822, 26428822, 26428822, 26428822, 26428822, 26428822, 26428822, 26428822, 26428822, 26428822, 26428822, 26428822, 26428822, 26428822, 26428822, 26428822, 26428822, 26428822, 26428822, 26428822, 26428822, 26428822, 26428822, 26428822, 26428822, 26428822, 26428822, 26428822, 26428822, 26428822, 26729656, 26729656, 26729656, 27286840, 27286840, 26843454, 26843454, 26843454, 26843454, 26843454, 26843454, 26573059, 26573059, 26573059, 26573059, 198275202, 26573059, 26573059, 26573059, 26573059, 26573059, 26573059, 26573059, 26573059, 26573059, 26573059, 26573059, 26573059, 26573059, 26573059, 26639587, 26309846, 26309846, 26309846, 26309846, 26309846, 26309846, 26309846, 26309846, 26309846, 26309846, 26309846, 26309846, 26309846, 26309846, 26309846, 26309846, 26309846, 26309846, 26309846, 26309846, 26309846, 26309846, 26309846, 26309846, 26309846, 198623990, 26428822, 26428822, 26428822, 26428822, 27286840, 27286840, 27286840, 27286840, 27286840, 27286840, 27286840, 26639587, 26639587, 26639587, 377306514, 26454608, 26454608, 26454608, 26454608, 26454608, 26454608, 1239507658, 26428822, 26428822, 26428822, 26428822, 26428822, 26428822, 26428822, 26428822, 26428822, 26428822, 26428822, 26428822, 26428822, 26428822, 26428822, 26428822, 26428822, 26428822, 26428822, 26428822, 26428822, 26428822, 26428822, 26428822, 26428822, 26428822, 26428822, 26428822, 26428822, 26428822, 26428822, 26729656, 26368885, 26368885, 27229546, 26729656, 26729656, 26729656, 26729656, 26729656, 26729656, 26729656, 26729656, 26729656, 26729656, 26729656, 27286840, 27286840, 27286840, 27286840, 27286840, 27286840, 27286840, 27286840, 27286840, 26843454, 26843454, 27343344, 26409918, 26432190, 26432190, 26432190, 26432190, 26432190, 26432190, 26432190, 26909808, 26409918, 26409918, 26409918, 26409918, 26409918, 26409918, 26409918, 26409918, 26409918, 26409918, 26409918, 26519806, 26519806, 26519806, 26519806, 333327847, 69824587, 26729656, 26729656, 26729656, 27286840, 27286840, 27286840, 27286840, 27286840, 27286840, 27286840, 27286840, 27286840, 27286840, 27286840, 26354138, 26354138, 279253466, 26354138, 26354138, 26354138, 26354138, 26354138, 26354138, 26354138, 26354138, 26354138, 26354138, 26354138, 26354138, 26354138, 26354138, 26354138, 26354138, 26354138, 26354138, 26354138, 26354138, 26354138, 26354138, 26354138, 26326183, 26326183, 26326183, 26326183, 26326183, 26326183, 80893442, 26354138, 26354138, 26854028, 26354138, 26354138, 26354138, 26354138, 26354138, 26354138, 26354138, 26354138, 26354138, 26354138, 26354138, 26354138, 26354138, 26354138, 26354138, 26354138, 26354138, 26362426, 26362426, 26362426, 26362426, 26362426, 26362426, 26362426, 26362426, 26362426, 26362426, 26362426, 460838262, 26260820, 26260820, 26260820, 26260820, 26260820, 26260820, 26260820, 26260820, 26260820, 26260820, 26260820, 26260820, 26260820, 26260820, 26260820, 26260820, 26260820, 26260820, 26260820, 26260820, 26260820, 26260820, 26260820, 26260820, 26260820, 26260820, 26638708, 26638708, 26638708, 26638708, 26638708, 26638708, 26638708, 26638708, 26638708, 26638708, 26638708, 26638708, 26638708, 26638708, 26638708, 26638708, 26638708, 26638708, 26638708, 26638708, 26638708, 486955526, 26638708, 26638708, 26638708, 26638708, 26638708, 26638708, 26638708, 26638708, 26638708, 26638708, 26638708, 26638708, 26638708, 26638708, 26638708, 26638708, 26638708, 26638708, 26638708, 26638708, 26638708, 26638708, 26638708, 26439258, 26439258, 26439258, 26439258, 26439258, 26439258, 26439258, 26439258, 26439258, 26439258, 26439258, 26439258, 26439258, 26439258, 26439258, 26439258, 26439258, 26439258, 26439258, 26439258, 26439258, 26439258, 26439258, 26439258, 26439258, 26439258, 26439258, 26439258, 26439258, 26439258, 26439258, 26439258, 26439258, 26439258, 26439258, 26439258, 26439258, 26439258, 26439258, 26439258, 26439258, 26503322, 26503322, 26503322, 26503322, 26503322, 26503322, 26503322, 26503322, 26503322, 26503322, 26503322, 26503322, 26503322, 26503322, 26503322, 56023338, 26439258, 26439258, 26439258, 26439258, 26439258, 26439258, 26439258, 26439258, 26439258, 26439258, 26439258, 26439258, 26439258, 26439258, 26439258, 26439258, 26503322, 26503322, 26503322, 26503322, 26503322, 26503322, 26503322, 26503322, 26503322, 27614960, 27115070, 27115070, 27115070, 27115070, 27115070, 27115070, 27115070, 27115070, 27115070, 27115070, 26638708, 26638708, 26638708, 26638708, 26638708, 26638708, 26638708, 26638708, 26638708, 26638708, 26638708, 26638708, 26638708, 26638708, 26638708, 26638708, 26638708, 26638708, 26723508, 26723508, 26723508, 26723508, 26723508, 26723508, 26723508, 26723508, 26723508, 26723508, 26723508, 26723508, 26723508, 26723508, 26723508, 26723508, 26723508, 26439258, 26439258, 26439258, 26439258, 26439258, 26439258, 26439258, 26439258, 350322152, 26309846, 26309846, 26309846, 26309846, 26309846, 26309846, 26309846, 26309846, 26309846, 26309846, 26309846, 26309846, 26309846, 26309846, 26309846, 26309846, 26309846, 26309846, 26309846, 26309846, 26309846, 26309846, 26309846, 26309846, 197984009, 26573059, 26573059, 241419832, 26820478]",0,0,0,NPU,0,0,0,0,0,0,1.0,hot,0,0,0,0,1.0,0
0,138,meta-llama/Llama-3.1-8B,1041,1509,12787615709,96679734828,83892119119,66860596747,67058871949,36045497,"[26573059, 26573059, 26573059, 26573059, 26573059, 26573059, 26573059, 26573059, 26573059, 26573059, 26573059, 26573059, 26573059, 26573059, 26639587, 26309846, 26309846, 26309846, 26309846, 26309846, 26309846, 26309846, 26309846, 26309846, 26309846, 26309846, 26309846, 26309846, 26309846, 26309846, 26309846, 26309846, 26309846, 26309846, 26309846, 26309846, 26309846, 26309846, 26309846, 26309846, 198623990, 26428822, 26428822, 26428822, 26428822, 27286840, 27286840, 27286840, 27286840, 27286840, 27286840, 27286840, 26639587, 26639587, 26639587, 377306514, 26454608, 26454608, 26454608, 26454608, 26454608, 26454608, 1239507658, 26428822, 26428822, 26428822, 26428822, 26428822, 26428822, 26428822, 26428822, 26428822, 26428822, 26428822, 26428822, 26428822, 26428822, 26428822, 26428822, 26428822, 26428822, 26428822, 26428822, 26428822, 26428822, 26428822, 26428822, 26428822, 26428822, 26428822, 26428822, 26428822, 26428822, 26428822, 26729656, 79967316, 26729656, 26729656, 26729656, 26729656, 26729656, 26729656, 26729656, 26729656, 26729656, 26729656, 26729656, 27286840, 27286840, 27286840, 27286840, 27286840, 27286840, 27286840, 27286840, 27286840, 26843454, 26843454, 27343344, 26409918, 211935138, 26409918, 26409918, 26409918, 26409918, 26409918, 26409918, 26409918, 26409918, 26409918, 26409918, 26409918, 26519806, 26519806, 26519806, 26519806, 333327847, 69824587, 26729656, 26729656, 26729656, 27286840, 27286840, 27286840, 27286840, 27286840, 27286840, 27286840, 27286840, 27286840, 27286840, 27286840, 26354138, 26354138, 279253466, 26354138, 26354138, 26354138, 26354138, 26354138, 26354138, 26354138, 26354138, 26354138, 26354138, 26354138, 26354138, 26354138, 26354138, 26354138, 26354138, 26354138, 26354138, 26354138, 26354138, 26354138, 26354138, 26354138, 26326183, 26326183, 26326183, 26326183, 26326183, 26326183, 80893442, 26354138, 26354138, 26854028, 26354138, 26354138, 26354138, 26354138, 26354138, 26354138, 26354138, 26354138, 26354138, 26354138, 26354138, 26354138, 26354138, 26354138, 26354138, 26354138, 26354138, 26362426, 26362426, 26362426, 26362426, 26362426, 26362426, 26362426, 26362426, 26362426, 26362426, 26362426, 460838262, 26260820, 26260820, 26260820, 26260820, 26260820, 26260820, 26260820, 26260820, 26260820, 26260820, 26260820, 26260820, 26260820, 26260820, 26260820, 26260820, 26260820, 26260820, 26260820, 26260820, 26260820, 26260820, 26260820, 26260820, 26260820, 26260820, 26638708, 26638708, 26638708, 26638708, 26638708, 26638708, 26638708, 26638708, 26638708, 26638708, 26638708, 26638708, 26638708, 26638708, 26638708, 26638708, 26638708, 26638708, 26638708, 26638708, 26638708, 486955526, 26638708, 26638708, 26638708, 26638708, 26638708, 26638708, 26638708, 26638708, 26638708, 26638708, 26638708, 26638708, 26638708, 26638708, 26638708, 26638708, 26638708, 26638708, 26638708, 26638708, 26638708, 26638708, 26638708, 26439258, 26439258, 26439258, 26439258, 26439258, 26439258, 26439258, 26439258, 26439258, 26439258, 26439258, 26439258, 26439258, 26439258, 26439258, 26439258, 26439258, 26439258, 26439258, 26439258, 26439258, 26439258, 26439258, 26439258, 26439258, 26439258, 26439258, 26439258, 26439258, 26439258, 26439258, 26439258, 26439258, 26439258, 26439258, 26439258, 26439258, 26439258, 26439258, 26439258, 26439258, 26503322, 26503322, 26503322, 26503322, 26503322, 26503322, 26503322, 26503322, 26503322, 26503322, 26503322, 26503322, 26503322, 26503322, 26503322, 56023338, 26439258, 26439258, 26439258, 26439258, 26439258, 26439258, 26439258, 26439258, 26439258, 26439258, 26439258, 26439258, 26439258, 26439258, 26439258, 26439258, 26503322, 26503322, 26503322, 26503322, 26503322, 26503322, 26503322, 26503322, 26503322, 27614960, 27115070, 27115070, 27115070, 27115070, 27115070, 27115070, 27115070, 27115070, 27115070, 27115070, 26638708, 26638708, 26638708, 26638708, 26638708, 26638708, 26638708, 26638708, 26638708, 26638708, 26638708, 26638708, 26638708, 26638708, 26638708, 26638708, 26638708, 26638708, 26723508, 26723508, 26723508, 26723508, 26723508, 26723508, 26723508, 26723508, 26723508, 26723508, 26723508, 26723508, 26723508, 26723508, 26723508, 26723508, 26723508, 26439258, 26439258, 26439258, 26439258, 26439258, 26439258, 26439258, 26439258, 350322152, 26309846, 26309846, 26309846, 26309846, 26309846, 26309846, 26309846, 26309846, 26309846, 26309846, 26309846, 26309846, 26309846, 26309846, 26309846, 26309846, 26309846, 26309846, 26309846, 26309846, 26309846, 26309846, 26309846, 26309846, 197984009, 26573059, 26573059, 241419832, 26820478, 197300097, 26843454, 26843454, 26843454, 26843454, 26843454, 26843454, 26843454, 26843454, 26843454, 26843454, 26843454, 26843454]",0,0,0,NPU,0,0,0,0,0,0,1.0,hot,0,0,0,0,1.0,0
0,147,meta-llama/Llama-3.1-8B,1021,1140,13807346194,97101995961,83294649767,71763329723,71961247473,96045782,"[69824587, 26729656, 26729656, 26729656, 27286840, 27286840, 27286840, 27286840, 27286840, 27286840, 27286840, 27286840, 27286840, 27286840, 27286840, 7023960784, 27115070, 27115070, 27115070, 27115070, 27115070, 27115070, 27115070, 27115070, 27115070, 27115070, 26638708, 26638708, 26638708, 26638708, 26638708, 26638708, 26638708, 26638708, 26638708, 26638708, 26638708, 26638708, 26638708, 26638708, 26638708, 26638708, 26638708, 26638708, 26723508, 26723508, 26723508, 26723508, 26723508, 26723508, 26723508, 26723508, 26723508, 26723508, 26723508, 26723508, 26723508, 26723508, 26723508, 26723508, 26723508, 26439258, 26439258, 26439258, 26439258, 26439258, 26439258, 26439258, 26439258, 350322152, 26309846, 26309846, 26309846, 26309846, 26309846, 26309846, 26309846, 26309846, 26309846, 26309846, 26309846, 26309846, 26309846, 26309846, 26309846, 26309846, 26309846, 26309846, 26309846, 26309846, 26309846, 26309846, 26309846, 26309846, 197984009, 26573059, 26573059, 241419832, 26820478, 197300097, 26843454, 26843454, 26843454, 26843454, 26843454, 26843454, 26843454, 26843454, 26843454, 26843454, 26843454, 26843454, 287272238, 26997779, 26997779, 26997779, 26997779, 26997779]",0,0,0,NPU,0,0,0,0,0,0,1.0,hot,0,0,0,0,1.0,0
0,167,meta-llama/Llama-3.1-8B,8,21,15631053583,97291423430,81660369847,81048681245,81335953483,27034697,"[26997779, 26997779, 26997779, 26997779, 26997779, 27061067, 27061067, 27061067, 27061067, 27061067, 27061067, 27061067]",0,0,0,NPU,0,0,0,0,0,0,1.0,hot,0,0,0,0,1.0,0
0,152,meta-llama/Llama-3.1-8B,14,100,14127219130,98094620798,83967401668,80531965260,80882287412,36295461,"[26309846, 26309846, 26309846, 26309846, 26309846, 26309846, 26309846, 26309846, 26309846, 26309846, 26309846, 26309846, 26309846, 26309846, 26309846, 26309846, 26309846, 26309846, 26309846, 26309846, 26309846, 26309846, 26309846, 26309846, 197984009, 26573059, 26573059, 241419832, 26820478, 197300097, 26843454, 26843454, 26843454, 26843454, 26843454, 26843454, 26843454, 26843454, 26843454, 26843454, 26843454, 26843454, 287272238, 26997779, 26997779, 26997779, 26997779, 26997779, 27061067, 27061067, 27061067, 27061067, 27061067, 27061067, 27061067, 26859940, 26859940, 26859940, 26859940, 26759908, 26759908, 26759908, 26759908, 26759908, 26759908, 26759908, 26759908, 26759908, 26759908, 26759908, 26759908, 26759908, 26759908, 26759908, 26759908, 26759908, 26759908, 26759908, 26759908, 26759908, 26759908, 26759908, 26759908, 26759908, 26759908]",0,0,0,NPU,0,0,0,0,0,0,1.0,hot,0,0,0,0,1.0,0
0,148,meta-llama/Llama-3.1-8B,260,496,13812631302,100615508641,86802877339,71955962365,72025786952,62881235,"[26729656, 26729656, 26729656, 27286840, 27286840, 27286840, 27286840, 27286840, 27286840, 27286840, 27286840, 27286840, 27286840, 27286840, 7023960784, 27115070, 27115070, 27115070, 27115070, 27115070, 27115070, 27115070, 27115070, 27115070, 27115070, 26638708, 26638708, 26638708, 26638708, 26638708, 26638708, 26638708, 26638708, 26638708, 26638708, 26638708, 26638708, 26638708, 26638708, 26638708, 26638708, 26638708, 26638708, 26723508, 26723508, 26723508, 26723508, 26723508, 26723508, 26723508, 26723508, 26723508, 26723508, 26723508, 26723508, 26723508, 26723508, 26723508, 26723508, 26723508, 26439258, 26439258, 26439258, 26439258, 26439258, 26439258, 26439258, 26439258, 350322152, 26309846, 26309846, 26309846, 26309846, 26309846, 26309846, 26309846, 26309846, 26309846, 26309846, 26309846, 26309846, 26309846, 26309846, 26309846, 26309846, 26309846, 26309846, 26309846, 26309846, 26309846, 26309846, 26309846, 26309846, 197984009, 26573059, 26573059, 241419832, 26820478, 197300097, 26843454, 26843454, 26843454, 26843454, 26843454, 26843454, 26843454, 26843454, 26843454, 26843454, 26843454, 26843454, 287272238, 26997779, 26997779, 26997779, 26997779, 26997779, 27061067, 27061067, 27061067, 27061067, 27061067, 27061067, 27061067, 26859940, 26859940, 26859940, 26859940, 26759908, 26759908, 26759908, 26759908, 26759908, 26759908, 26759908, 26759908, 26759908, 26759908, 26759908, 26759908, 26759908, 26759908, 26759908, 26759908, 26759908, 26759908, 26759908, 26759908, 26759908, 26759908, 26759908, 26759908, 26759908, 26759908, 26726923, 26726923, 26726923, 26726923, 26726923, 26726923, 26726923, 26726923, 26726923, 26726923, 26726923, 26726923, 26726923, 26726923, 26726923, 26726923, 26726923, 26726923, 26726923, 26726923, 26645180, 26645180, 25674687, 25674687, 25674687, 25674687, 25674687, 25674687, 25674687, 25674687, 25732479, 25732479, 27145070, 424232746, 26645180, 26645180, 26645180, 26645180, 26645180, 26645180, 25263093, 25263093, 25263093, 25263093, 25263093, 25263093, 25263093, 25263093, 25929013, 27145070, 26645180, 26645180, 26645180, 26645180, 26645180, 26645180, 26645180, 25916533, 25916533, 25916533, 25916533, 25916533, 25916533, 25916533, 25916533, 26416423, 25916533, 25916533, 25916533, 25916533, 25916533, 25916533, 25916533, 25916533, 25916533, 26042517, 26042517, 26042517, 26042517, 26042517, 26042517]",0,0,0,NPU,0,0,0,0,0,0,1.0,hot,0,0,0,0,1.0,0
0,146,meta-llama/Llama-3.1-8B,361,642,13737494231,100668631253,86931137022,67907984591,68117974423,67189866,"[26454608, 26454608, 26454608, 26454608, 26454608, 26454608, 1239507658, 26428822, 26428822, 26428822, 26428822, 26428822, 26428822, 26428822, 26428822, 26428822, 26428822, 26428822, 26428822, 26428822, 26428822, 26428822, 26428822, 26428822, 26428822, 26428822, 26428822, 26428822, 26428822, 26428822, 26428822, 26428822, 26428822, 26428822, 26428822, 26428822, 26428822, 26428822, 727335000, 968261225, 69824587, 26729656, 26729656, 26729656, 27286840, 27286840, 27286840, 27286840, 27286840, 27286840, 27286840, 27286840, 27286840, 27286840, 27286840, 7023960784, 27115070, 27115070, 27115070, 27115070, 27115070, 27115070, 27115070, 27115070, 27115070, 27115070, 26638708, 26638708, 26638708, 26638708, 26638708, 26638708, 26638708, 26638708, 26638708, 26638708, 26638708, 26638708, 26638708, 26638708, 26638708, 26638708, 26638708, 26638708, 26723508, 26723508, 26723508, 26723508, 26723508, 26723508, 26723508, 26723508, 26723508, 26723508, 26723508, 26723508, 26723508, 26723508, 26723508, 26723508, 26723508, 26439258, 26439258, 26439258, 26439258, 26439258, 26439258, 26439258, 26439258, 350322152, 26309846, 26309846, 26309846, 26309846, 26309846, 26309846, 26309846, 26309846, 26309846, 26309846, 26309846, 26309846, 26309846, 26309846, 26309846, 26309846, 26309846, 26309846, 26309846, 26309846, 26309846, 26309846, 26309846, 26309846, 197984009, 26573059, 26573059, 241419832, 26820478, 197300097, 26843454, 26843454, 26843454, 26843454, 26843454, 26843454, 26843454, 26843454, 26843454, 26843454, 26843454, 26843454, 287272238, 26997779, 26997779, 26997779, 26997779, 26997779, 27061067, 27061067, 27061067, 27061067, 27061067, 27061067, 27061067, 26859940, 26859940, 26859940, 26859940, 26759908, 26759908, 26759908, 26759908, 26759908, 26759908, 26759908, 26759908, 26759908, 26759908, 26759908, 26759908, 26759908, 26759908, 26759908, 26759908, 26759908, 26759908, 26759908, 26759908, 26759908, 26759908, 26759908, 26759908, 26759908, 26759908, 26726923, 26726923, 26726923, 26726923, 26726923, 26726923, 26726923, 26726923, 26726923, 26726923, 26726923, 26726923, 26726923, 26726923, 26726923, 26726923, 26726923, 26726923, 26726923, 26726923, 26645180, 26645180, 25674687, 25674687, 25674687, 25674687, 25674687, 25674687, 25674687, 25674687, 25732479, 25732479, 27145070, 25763867, 25763867, 372705012, 26645180, 26645180, 26645180, 26645180, 26645180, 26645180, 25263093, 25263093, 25263093, 25263093, 25263093, 25263093, 25263093, 25263093, 25929013, 27145070, 26645180, 26645180, 26645180, 26645180, 26645180, 26645180, 26645180, 25916533, 25916533, 25916533, 25916533, 25916533, 25916533, 25916533, 25916533, 26416423, 25916533, 25916533, 25916533, 25916533, 25916533, 25916533, 25916533, 25916533, 25916533, 26042517, 26042517, 26042517, 26042517, 26042517, 26042517, 27206079, 25916533]",0,0,0,SSD,0,109051904,0,109051904,109051904,109051904,1.0,hot,0,0,0,0,1.0,218103808
0,154,meta-llama/Llama-3.1-8B,12,182,14618850038,101203254923,86584404885,80040334352,80390656504,36649398,"[26309846, 26309846, 26309846, 26309846, 26309846, 26309846, 26309846, 26309846, 26309846, 26309846, 26309846, 26309846, 26309846, 26309846, 26309846, 26309846, 26309846, 26309846, 26309846, 26309846, 26309846, 26309846, 26309846, 26309846, 197984009, 26573059, 26573059, 241419832, 26820478, 197300097, 26843454, 26843454, 26843454, 26843454, 26843454, 26843454, 26843454, 26843454, 26843454, 26843454, 26843454, 26843454, 287272238, 26997779, 26997779, 26997779, 26997779, 26997779, 27061067, 27061067, 27061067, 27061067, 27061067, 27061067, 27061067, 26859940, 26859940, 26859940, 26859940, 26759908, 26759908, 26759908, 26759908, 26759908, 26759908, 26759908, 26759908, 26759908, 26759908, 26759908, 26759908, 26759908, 26759908, 26759908, 26759908, 26759908, 26759908, 26759908, 26759908, 26759908, 26759908, 26759908, 26759908, 26759908, 26759908, 26726923, 26726923, 26726923, 26726923, 26726923, 26726923, 26726923, 26726923, 26726923, 26726923, 26726923, 26726923, 26726923, 26726923, 26726923, 26726923, 26726923, 26726923, 26726923, 26726923, 26645180, 26645180, 284007524, 424232746, 26645180, 26645180, 26645180, 26645180, 26645180, 26645180, 255178827, 26645180, 26645180, 26645180, 26645180, 26645180, 26645180, 26645180, 25916533, 25916533, 25916533, 25916533, 25916533, 25916533, 25916533, 25916533, 26416423, 25916533, 25916533, 25916533, 25916533, 25916533, 25916533, 25916533, 25916533, 25916533, 26042517, 26042517, 26042517, 26042517, 26042517, 26042517, 27206079, 25916533, 27206079, 26706189, 26706189, 26706189, 26706189, 26706189, 26706189, 26706189, 26706189, 26706189, 26706189, 26706189, 26706189, 26706189, 26706189, 26706189, 26706189, 26706189, 26706189, 26706189]",0,0,0,NPU,0,0,0,0,0,0,1.0,hot,0,0,0,0,1.0,0
0,170,meta-llama/Llama-3.1-8B,111,196,15837779571,101256545283,85418765712,80841955257,81129227495,51065931,"[26997779, 26997779, 26997779, 26997779, 26997779, 27061067, 27061067, 27061067, 27061067, 27061067, 27061067, 27061067, 26859940, 26859940, 26859940, 26859940, 26759908, 26759908, 26759908, 26759908, 26759908, 26759908, 26759908, 26759908, 26759908, 26759908, 26759908, 26759908, 26759908, 26759908, 26759908, 26759908, 26759908, 26759908, 26759908, 26759908, 26759908, 26759908, 26759908, 26759908, 26759908, 26759908, 26726923, 26726923, 26726923, 26726923, 26726923, 26726923, 26726923, 26726923, 26726923, 26726923, 26726923, 26726923, 26726923, 26726923, 26726923, 26726923, 26726923, 26726923, 26726923, 26726923, 2066678074, 26706189, 26706189, 26706189, 26706189, 26706189, 26706189, 26706189, 26706189, 26706189, 26706189, 26706189, 26706189, 26706189, 26706189, 26706189, 26706189, 26706189, 26706189, 26706189, 26645180, 26645180]",0,0,0,SSD,0,23068672,0,23068672,23068672,23068672,1.0,hot,0,0,0,0,1.0,46137344
0,159,meta-llama/Llama-3.1-8B,1020,1141,15058876991,101362323395,86303446404,81101436292,81298736389,41705916,"[26843454, 26843454, 26843454, 26843454, 26843454, 26843454, 26843454, 26843454, 26843454, 26843454, 26843454, 26843454, 287272238, 26997779, 26997779, 26997779, 26997779, 26997779, 27061067, 27061067, 27061067, 27061067, 27061067, 27061067, 27061067, 26859940, 26859940, 26859940, 26859940, 26759908, 26759908, 26759908, 26759908, 26759908, 26759908, 26759908, 26759908, 26759908, 26759908, 26759908, 26759908, 26759908, 26759908, 26759908, 26759908, 26759908, 26759908, 26759908, 26759908, 26759908, 26759908, 26759908, 26759908, 26759908, 26759908, 26726923, 26726923, 26726923, 26726923, 26726923, 26726923, 26726923, 26726923, 26726923, 26726923, 26726923, 26726923, 26726923, 26726923, 26726923, 26726923, 26726923, 26726923, 26726923, 26726923, 26645180, 26645180, 284007524, 424232746, 26645180, 26645180, 26645180, 26645180, 26645180, 26645180, 255178827, 26645180, 26645180, 26645180, 26645180, 26645180, 26645180, 26645180, 650458665, 53122612, 26706189, 26706189, 26706189, 26706189, 26706189, 26706189, 26706189, 26706189, 26706189, 26706189, 26706189, 26706189, 26706189, 26706189, 26706189, 26706189, 26706189, 26706189, 26706189, 26645180, 26645180, 26444528, 26444528, 26444528, 26444528]",0,0,0,NPU,0,0,0,0,0,0,1.0,hot,0,0,0,0,1.0,0
0,155,meta-llama/Llama-3.1-8B,847,1015,14646564519,102038689087,87392124568,80994378327,81192362336,37124324,"[26573059, 26573059, 241419832, 26820478, 197300097, 26843454, 26843454, 26843454, 26843454, 26843454, 26843454, 26843454, 26843454, 26843454, 26843454, 26843454, 26843454, 287272238, 26997779, 26997779, 26997779, 26997779, 26997779, 27061067, 27061067, 27061067, 27061067, 27061067, 27061067, 27061067, 26859940, 26859940, 26859940, 26859940, 26759908, 26759908, 26759908, 26759908, 26759908, 26759908, 26759908, 26759908, 26759908, 26759908, 26759908, 26759908, 26759908, 26759908, 26759908, 26759908, 26759908, 26759908, 26759908, 26759908, 26759908, 26759908, 26759908, 26759908, 26759908, 26759908, 26726923, 26726923, 26726923, 26726923, 26726923, 26726923, 26726923, 26726923, 26726923, 26726923, 26726923, 26726923, 26726923, 26726923, 26726923, 26726923, 26726923, 26726923, 26726923, 26726923, 26645180, 26645180, 284007524, 424232746, 26645180, 26645180, 26645180, 26645180, 26645180, 26645180, 255178827, 26645180, 26645180, 26645180, 26645180, 26645180, 26645180, 26645180, 25916533, 25916533, 25916533, 25916533, 25916533, 25916533, 25916533, 25916533, 26416423, 25916533, 25916533, 25916533, 25916533, 25916533, 25916533, 25916533, 25916533, 25916533, 26042517, 26042517, 26042517, 26042517, 26042517, 26042517, 27206079, 25916533, 27206079, 26706189, 26706189, 26706189, 26706189, 26706189, 26706189, 26706189, 26706189, 26706189, 26706189, 26706189, 26706189, 26706189, 26706189, 26706189, 26706189, 26706189, 26706189, 26706189, 26645180, 26645180, 26444528, 26444528, 26444528, 26444528, 258074698, 26077588, 26077588, 26077588, 26577478, 26077588, 26077588, 26077588, 26077588, 26077588, 26077588, 26077588, 26077588, 26077588, 26260820, 26260820, 26260820]",0,0,0,NPU,0,0,0,0,0,0,1.0,hot,0,0,0,0,1.0,0
0,171,meta-llama/Llama-3.1-8B,1316,1319,15839452265,102211786381,86372334116,85522871130,85780945828,295694144,"[564155528, 27232760]",0,0,0,NPU,0,0,0,0,0,0,1.0,hot,0,0,0,0,1.0,0
0,141,meta-llama/Llama-3.1-8B,16,752,13501602637,105962753146,92461150509,67401293584,67599917574,33824806,"[26428822, 26428822, 26428822, 26428822, 27286840, 27286840, 27286840, 27286840, 27286840, 27286840, 27286840, 26639587, 26639587, 26639587, 377306514, 26454608, 26454608, 26454608, 26454608, 26454608, 26454608, 1239507658, 26428822, 26428822, 26428822, 26428822, 26428822, 26428822, 26428822, 26428822, 26428822, 26428822, 26428822, 26428822, 26428822, 26428822, 26428822, 26428822, 26428822, 26428822, 26428822, 26428822, 26428822, 26428822, 26428822, 26428822, 26428822, 26428822, 26428822, 26428822, 26428822, 26428822, 26428822, 26729656, 79967316, 26729656, 26729656, 26729656, 26729656, 26729656, 26729656, 26729656, 26729656, 26729656, 26729656, 26729656, 27286840, 27286840, 27286840, 27286840, 27286840, 27286840, 27286840, 27286840, 27286840, 26843454, 26843454, 27343344, 26409918, 211935138, 26409918, 26409918, 26409918, 26409918, 26409918, 26409918, 26409918, 26409918, 26409918, 26409918, 26409918, 26519806, 26519806, 26519806, 26519806, 333327847, 69824587, 26729656, 26729656, 26729656, 27286840, 27286840, 27286840, 27286840, 27286840, 27286840, 27286840, 27286840, 27286840, 27286840, 27286840, 26354138, 26354138, 279253466, 26354138, 26354138, 26354138, 26354138, 26354138, 26354138, 26354138, 26354138, 26354138, 26354138, 26354138, 26354138, 26354138, 26354138, 26354138, 26354138, 26354138, 26354138, 26354138, 26354138, 26354138, 26354138, 26354138, 238850540, 26354138, 26354138, 26854028, 26354138, 26354138, 26354138, 26354138, 26354138, 26354138, 26354138, 26354138, 26354138, 26354138, 26354138, 26354138, 26354138, 26354138, 26354138, 26354138, 26354138, 26362426, 26362426, 26362426, 26362426, 26362426, 26362426, 26362426, 26362426, 26362426, 26362426, 26362426, 460838262, 26260820, 26260820, 26260820, 26260820, 26260820, 26260820, 26260820, 26260820, 26260820, 26260820, 26260820, 26260820, 26260820, 26260820, 26260820, 26260820, 26260820, 26260820, 26260820, 26260820, 26260820, 26260820, 26260820, 26260820, 26260820, 26260820, 26638708, 26638708, 26638708, 26638708, 26638708, 26638708, 26638708, 26638708, 26638708, 26638708, 26638708, 26638708, 26638708, 26638708, 26638708, 26638708, 26638708, 26638708, 26638708, 26638708, 26638708, 486955526, 26638708, 26638708, 26638708, 26638708, 26638708, 26638708, 26638708, 26638708, 26638708, 26638708, 26638708, 26638708, 26638708, 26638708, 26638708, 26638708, 26638708, 26638708, 26638708, 26638708, 26638708, 26638708, 26638708, 26439258, 26439258, 26439258, 26439258, 26439258, 26439258, 26439258, 26439258, 26439258, 26439258, 26439258, 26439258, 26439258, 26439258, 26439258, 26439258, 26439258, 26439258, 26439258, 26439258, 26439258, 26439258, 26439258, 26439258, 26439258, 26439258, 26439258, 26439258, 26439258, 26439258, 26439258, 26439258, 26439258, 26439258, 26439258, 26439258, 26439258, 26439258, 26439258, 26439258, 26439258, 26503322, 26503322, 26503322, 26503322, 26503322, 26503322, 26503322, 26503322, 26503322, 26503322, 26503322, 26503322, 26503322, 26503322, 26503322, 56023338, 26439258, 26439258, 26439258, 26439258, 26439258, 26439258, 26439258, 26439258, 26439258, 26439258, 26439258, 26439258, 26439258, 26439258, 26439258, 26439258, 26503322, 26503322, 26503322, 26503322, 26503322, 26503322, 26503322, 26503322, 26503322, 27614960, 27115070, 27115070, 27115070, 27115070, 27115070, 27115070, 27115070, 27115070, 27115070, 27115070, 26638708, 26638708, 26638708, 26638708, 26638708, 26638708, 26638708, 26638708, 26638708, 26638708, 26638708, 26638708, 26638708, 26638708, 26638708, 26638708, 26638708, 26638708, 26723508, 26723508, 26723508, 26723508, 26723508, 26723508, 26723508, 26723508, 26723508, 26723508, 26723508, 26723508, 26723508, 26723508, 26723508, 26723508, 26723508, 26439258, 26439258, 26439258, 26439258, 26439258, 26439258, 26439258, 26439258, 350322152, 26309846, 26309846, 26309846, 26309846, 26309846, 26309846, 26309846, 26309846, 26309846, 26309846, 26309846, 26309846, 26309846, 26309846, 26309846, 26309846, 26309846, 26309846, 26309846, 26309846, 26309846, 26309846, 26309846, 26309846, 197984009, 26573059, 26573059, 241419832, 26820478, 197300097, 26843454, 26843454, 26843454, 26843454, 26843454, 26843454, 26843454, 26843454, 26843454, 26843454, 26843454, 26843454, 287272238, 26997779, 26997779, 26997779, 26997779, 26997779, 27061067, 27061067, 27061067, 27061067, 27061067, 27061067, 27061067, 26859940, 26859940, 26859940, 26859940, 26759908, 26759908, 26759908, 26759908, 26759908, 26759908, 26759908, 26759908, 26759908, 26759908, 26759908, 26759908, 26759908, 26759908, 26759908, 26759908, 26759908, 26759908, 26759908, 26759908, 26759908, 26759908, 26759908, 26759908, 26759908, 26759908, 26726923, 26726923, 26726923, 26726923, 26726923, 26726923, 26726923, 26726923, 26726923, 26726923, 26726923, 26726923, 26726923, 26726923, 26726923, 26726923, 26726923, 26726923, 26726923, 26726923, 26645180, 26645180, 25674687, 25674687, 25674687, 25674687, 25674687, 25674687, 25674687, 25674687, 25732479, 25732479, 27145070, 25763867, 25763867, 26581534, 26581534, 26581534, 26581534, 26581534, 26581534, 26581534, 26581534, 26581534, 26581534, 26581534, 26581534, 26581534, 27145070, 26645180, 26645180, 26645180, 26645180, 26645180, 26645180, 25263093, 25263093, 25263093, 25263093, 25263093, 25263093, 25263093, 25263093, 25929013, 27145070, 26645180, 26645180, 26645180, 26645180, 26645180, 26645180, 26645180, 25916533, 25916533, 25916533, 25916533, 25916533, 25916533, 25916533, 25916533, 26416423, 25916533, 25916533, 25916533, 25916533, 25916533, 25916533, 25916533, 25916533, 25916533, 26042517, 26042517, 26042517, 26042517, 26042517, 26042517, 27206079, 25916533, 27206079, 26706189, 26706189, 26706189, 26706189, 26706189, 26706189, 26706189, 26706189, 26706189, 26706189, 26706189, 26706189, 26706189, 26706189, 26706189, 26706189, 26706189, 26706189, 26706189, 26645180, 26645180, 26444528, 26444528, 26444528, 26444528, 258074698, 26077588, 26077588, 26077588, 26577478, 26077588, 26077588, 26077588, 26077588, 26077588, 26077588, 26077588, 26077588, 26077588, 26260820, 26260820, 26260820, 145864534, 27232760, 240271579, 27971536, 26971646, 26971646, 26971646, 26971646, 26971646, 26971646, 26971646, 26971646, 26971646, 26971646, 26971646, 26971646, 26971646, 26971646, 26971646, 26971646, 27327454, 27327454, 27327454, 27327454, 27327454, 27327454, 27327454, 27327454, 27327454, 27327454, 27327454, 27327454, 27327454, 27327454, 27327454, 27327454, 27327454, 27327454, 27327454, 27327454, 27327454, 27327454, 27327454, 27327454, 27327454, 27327454, 27327454, 27327454, 27327454, 27327454, 27327454, 27327454, 27327454, 27327454, 27327454, 27327454, 27327454, 27327454, 27327454, 27327454, 27327454, 27327454, 27327454, 27327454, 27327454, 27327454, 27327454, 27327454, 27327454, 27327454, 27327454, 27327454, 27327454, 27327454, 27327454, 27327454, 27327454, 27327454, 27327454, 27327454, 27327454, 27327454, 27327454, 27327454, 27706814, 27706814, 27706814, 27706814, 27706814, 27706814, 27706814, 27706814, 27706814, 27706814, 27706814, 27706814, 27706814, 27706814, 27706814, 27706814, 27706814, 27706814, 27706814, 27706814, 27706814, 27706814, 27706814, 27706814, 27706814, 27706814, 27706814, 27706814, 27706814, 27706814, 27706814, 27706814, 27706814, 27706814, 27706814, 27706814, 27706814, 27706814, 27706814, 27706814, 27706814, 27706814, 27706814, 27706814, 27706814, 27706814, 27706814]",0,0,0,SSD,0,81788928,0,81788928,81788928,81788928,1.0,hot,0,0,0,0,1.0,163577856
0,163,meta-llama/Llama-3.1-8B,217,330,15381901950,105996469639,90614567689,81297832878,81585105116,80620201,"[26997779, 26997779, 26997779, 26997779, 26997779, 27061067, 27061067, 27061067, 27061067, 27061067, 27061067, 27061067, 26859940, 26859940, 26859940, 26859940, 26759908, 26759908, 26759908, 26759908, 26759908, 26759908, 26759908, 26759908, 26759908, 26759908, 26759908, 26759908, 26759908, 26759908, 26759908, 26759908, 26759908, 26759908, 26759908, 26759908, 26759908, 26759908, 26759908, 26759908, 26759908, 26759908, 26726923, 26726923, 26726923, 26726923, 26726923, 26726923, 26726923, 26726923, 26726923, 26726923, 26726923, 26726923, 26726923, 26726923, 26726923, 26726923, 26726923, 26726923, 26726923, 26726923, 26645180, 26645180, 284007524, 424232746, 26645180, 26645180, 26645180, 26645180, 26645180, 26645180, 255178827, 26645180, 26645180, 26645180, 26645180, 26645180, 26645180, 26645180, 650458665, 53122612, 26706189, 26706189, 26706189, 26706189, 26706189, 26706189, 26706189, 26706189, 26706189, 26706189, 26706189, 26706189, 26706189, 26706189, 26706189, 26706189, 26706189, 26706189, 26706189, 26645180, 26645180, 26444528, 26444528, 26444528, 26444528, 258074698, 564155528, 27232760, 240271579, 3544411679]",0,0,0,NPU,0,0,0,0,0,0,1.0,hot,0,0,0,0,1.0,0
0,158,meta-llama/Llama-3.1-8B,4,175,14928602099,106742013770,91813411671,80963470874,81204890706,62403064,"[26820478, 197300097, 26843454, 26843454, 26843454, 26843454, 26843454, 26843454, 26843454, 26843454, 26843454, 26843454, 26843454, 26843454, 287272238, 26997779, 26997779, 26997779, 26997779, 26997779, 27061067, 27061067, 27061067, 27061067, 27061067, 27061067, 27061067, 26859940, 26859940, 26859940, 26859940, 26759908, 26759908, 26759908, 26759908, 26759908, 26759908, 26759908, 26759908, 26759908, 26759908, 26759908, 26759908, 26759908, 26759908, 26759908, 26759908, 26759908, 26759908, 26759908, 26759908, 26759908, 26759908, 26759908, 26759908, 26759908, 26759908, 26726923, 26726923, 26726923, 26726923, 26726923, 26726923, 26726923, 26726923, 26726923, 26726923, 26726923, 26726923, 26726923, 26726923, 26726923, 26726923, 26726923, 26726923, 26726923, 26726923, 26645180, 26645180, 284007524, 424232746, 26645180, 26645180, 26645180, 26645180, 26645180, 26645180, 255178827, 26645180, 26645180, 26645180, 26645180, 26645180, 26645180, 26645180, 650458665, 53122612, 26706189, 26706189, 26706189, 26706189, 26706189, 26706189, 26706189, 26706189, 26706189, 26706189, 26706189, 26706189, 26706189, 26706189, 26706189, 26706189, 26706189, 26706189, 26706189, 26645180, 26645180, 26444528, 26444528, 26444528, 26444528, 258074698, 26077588, 26077588, 26077588, 26577478, 26077588, 26077588, 26077588, 26077588, 26077588, 26077588, 26077588, 26077588, 26077588, 26260820, 26260820, 26260820, 145864534, 27232760, 240271579, 3544411679, 27764953, 27764953, 27764953, 27764953, 27764953, 27764953, 27773145, 27773145, 27773145, 27773145, 27773145, 27773145, 27773145, 27773145, 27773145, 27773145, 27773145, 27773145, 27773145, 27773145, 27773145, 27773145, 27773145, 27773145, 26786947, 26125428, 26125428]",0,0,0,NPU,0,0,0,0,0,0,1.0,hot,0,0,0,0,1.0,0
0,156,meta-llama/Llama-3.1-8B,205,473,14758080020,109133151911,94375071891,80882862826,81080846835,49791105,"[26573059, 26573059, 241419832, 26820478, 197300097, 26843454, 26843454, 26843454, 26843454, 26843454, 26843454, 26843454, 26843454, 26843454, 26843454, 26843454, 26843454, 287272238, 26997779, 26997779, 26997779, 26997779, 26997779, 27061067, 27061067, 27061067, 27061067, 27061067, 27061067, 27061067, 26859940, 26859940, 26859940, 26859940, 26759908, 26759908, 26759908, 26759908, 26759908, 26759908, 26759908, 26759908, 26759908, 26759908, 26759908, 26759908, 26759908, 26759908, 26759908, 26759908, 26759908, 26759908, 26759908, 26759908, 26759908, 26759908, 26759908, 26759908, 26759908, 26759908, 26726923, 26726923, 26726923, 26726923, 26726923, 26726923, 26726923, 26726923, 26726923, 26726923, 26726923, 26726923, 26726923, 26726923, 26726923, 26726923, 26726923, 26726923, 26726923, 26726923, 26645180, 26645180, 284007524, 424232746, 26645180, 26645180, 26645180, 26645180, 26645180, 26645180, 255178827, 26645180, 26645180, 26645180, 26645180, 26645180, 26645180, 26645180, 650458665, 25916533, 27206079, 26706189, 26706189, 26706189, 26706189, 26706189, 26706189, 26706189, 26706189, 26706189, 26706189, 26706189, 26706189, 26706189, 26706189, 26706189, 26706189, 26706189, 26706189, 26706189, 26645180, 26645180, 26444528, 26444528, 26444528, 26444528, 258074698, 26077588, 26077588, 26077588, 26577478, 26077588, 26077588, 26077588, 26077588, 26077588, 26077588, 26077588, 26077588, 26077588, 26260820, 26260820, 26260820, 145864534, 27232760, 240271579, 3544411679, 27764953, 27764953, 27764953, 27764953, 27764953, 27764953, 27773145, 27773145, 27773145, 27773145, 27773145, 27773145, 27773145, 27773145, 27773145, 27773145, 27773145, 27773145, 27773145, 27773145, 27773145, 27773145, 27773145, 27773145, 26786947, 26125428, 26125428, 27685307, 27685307, 27685307, 27685307, 27685307, 27685307, 25335007, 25335007, 25335007, 25335007, 25335007, 25335007, 25335007, 25335007, 25335007, 25335007, 25335007, 25335007, 25335007, 25335007, 25834897, 25335007, 25335007, 25335007, 25335007, 25335007, 25335007, 25335007, 25335007, 25335007, 25335007, 25335007, 25335007, 25674687, 25674687, 25674687, 25674687, 25674687, 25674687, 25674687, 25674687, 25674687, 25674687, 25674687, 25674687, 25674687, 25674687, 25674687, 25674687, 25674687, 25674687, 25674687, 25674687, 25674687, 25674687, 25674687, 25674687, 25674687, 25674687, 25674687, 25674687, 25674687, 25674687, 25674687, 25674687, 25674687, 25674687, 25674687, 25674687, 25674687, 25674687, 25674687, 25674687, 25674687, 25674687, 25674687, 25674687, 25674687, 25674687, 25674687, 25674687, 25674687, 25674687, 25674687, 25674687, 25674687, 25674687, 25674687, 25674687, 25674687, 25674687, 25674687, 25674687]",0,0,0,SSD,0,39845888,0,39845888,39845888,39845888,1.0,hot,0,0,0,0,1.0,79691776
0,160,meta-llama/Llama-3.1-8B,1033,1207,15104729270,109460211725,94355482455,81575005558,81862277796,72215055,"[26997779, 26997779, 26997779, 26997779, 26997779, 27061067, 27061067, 27061067, 27061067, 27061067, 27061067, 27061067, 26859940, 26859940, 26859940, 26859940, 26759908, 26759908, 26759908, 26759908, 26759908, 26759908, 26759908, 26759908, 26759908, 26759908, 26759908, 26759908, 26759908, 26759908, 26759908, 26759908, 26759908, 26759908, 26759908, 26759908, 26759908, 26759908, 26759908, 26759908, 26759908, 26759908, 26726923, 26726923, 26726923, 26726923, 26726923, 26726923, 26726923, 26726923, 26726923, 26726923, 26726923, 26726923, 26726923, 26726923, 26726923, 26726923, 26726923, 26726923, 26726923, 26726923, 26645180, 26645180, 284007524, 424232746, 26645180, 26645180, 26645180, 26645180, 26645180, 26645180, 255178827, 26645180, 26645180, 26645180, 26645180, 26645180, 26645180, 26645180, 650458665, 53122612, 26706189, 26706189, 26706189, 26706189, 26706189, 26706189, 26706189, 26706189, 26706189, 26706189, 26706189, 26706189, 26706189, 26706189, 26706189, 26706189, 26706189, 26706189, 26706189, 26645180, 26645180, 26444528, 26444528, 26444528, 26444528, 258074698, 26077588, 26077588, 26077588, 26577478, 26077588, 26077588, 26077588, 26077588, 26077588, 26077588, 26077588, 26077588, 26077588, 26260820, 26260820, 26260820, 145864534, 27232760, 240271579, 3544411679, 27764953, 27764953, 27764953, 27764953, 27764953, 27764953, 27773145, 27773145, 27773145, 27773145, 27773145, 27773145, 27773145, 27773145, 27773145, 27773145, 27773145, 27773145, 27773145, 27773145, 27773145, 27773145, 27773145, 27773145, 26786947, 26125428, 26125428, 27685307, 27685307, 27685307, 27685307, 27685307, 27685307, 2253038765, 27512576, 27512576, 27512576, 27512576, 27512576, 26830763, 27330653, 26830763, 26830763, 26830763, 26830763]",0,0,0,NPU,0,0,0,0,0,0,1.0,hot,0,0,0,0,1.0,0
0,164,meta-llama/Llama-3.1-8B,9,193,15391364865,110169963847,94778598982,81288369963,81575642201,72147304,"[26997779, 26997779, 26997779, 26997779, 26997779, 27061067, 27061067, 27061067, 27061067, 27061067, 27061067, 27061067, 26859940, 26859940, 26859940, 26859940, 26759908, 26759908, 26759908, 26759908, 26759908, 26759908, 26759908, 26759908, 26759908, 26759908, 26759908, 26759908, 26759908, 26759908, 26759908, 26759908, 26759908, 26759908, 26759908, 26759908, 26759908, 26759908, 26759908, 26759908, 26759908, 26759908, 26726923, 26726923, 26726923, 26726923, 26726923, 26726923, 26726923, 26726923, 26726923, 26726923, 26726923, 26726923, 26726923, 26726923, 26726923, 26726923, 26726923, 26726923, 26726923, 26726923, 26645180, 26645180, 284007524, 424232746, 26645180, 26645180, 26645180, 26645180, 26645180, 26645180, 255178827, 26645180, 26645180, 26645180, 26645180, 26645180, 26645180, 26645180, 650458665, 53122612, 26706189, 26706189, 26706189, 26706189, 26706189, 26706189, 26706189, 26706189, 26706189, 26706189, 26706189, 26706189, 26706189, 26706189, 26706189, 26706189, 26706189, 26706189, 26706189, 26645180, 26645180, 26444528, 26444528, 26444528, 26444528, 258074698, 564155528, 27232760, 240271579, 3544411679, 27764953, 27764953, 27764953, 27764953, 27764953, 27764953, 27773145, 27773145, 27773145, 27773145, 27773145, 27773145, 27773145, 27773145, 27773145, 27773145, 27773145, 27773145, 27773145, 27773145, 27773145, 27773145, 27773145, 27773145, 26786947, 26125428, 26125428, 27685307, 27685307, 27685307, 27685307, 27685307, 27685307, 2253038765, 27512576, 27512576, 27512576, 27512576, 27512576, 26830763, 27330653, 26830763, 26830763, 26830763, 26830763, 27778822, 27278932, 27278932, 27278932, 27278932, 27278932, 27278932, 27278932, 27278932, 27278932, 27278932, 27278932, 27278932, 27278932, 27278932, 27278932, 27278932, 27278932, 27278932, 27278932, 27278932, 27278932, 27278932, 27278932, 27278932, 27278932]",0,0,0,NPU,0,0,0,0,0,0,1.0,hot,0,0,0,0,1.0,0
0,165,meta-llama/Llama-3.1-8B,22,204,15571729344,110169963847,94598234503,81108005484,81395277722,72944512,"[26997779, 26997779, 26997779, 26997779, 26997779, 27061067, 27061067, 27061067, 27061067, 27061067, 27061067, 27061067, 26859940, 26859940, 26859940, 26859940, 26759908, 26759908, 26759908, 26759908, 26759908, 26759908, 26759908, 26759908, 26759908, 26759908, 26759908, 26759908, 26759908, 26759908, 26759908, 26759908, 26759908, 26759908, 26759908, 26759908, 26759908, 26759908, 26759908, 26759908, 26759908, 26759908, 26726923, 26726923, 26726923, 26726923, 26726923, 26726923, 26726923, 26726923, 26726923, 26726923, 26726923, 26726923, 26726923, 26726923, 26726923, 26726923, 26726923, 26726923, 26726923, 26726923, 26645180, 26645180, 284007524, 424232746, 26645180, 26645180, 26645180, 26645180, 26645180, 26645180, 255178827, 26645180, 26645180, 26645180, 26645180, 26645180, 26645180, 26645180, 650458665, 53122612, 26706189, 26706189, 26706189, 26706189, 26706189, 26706189, 26706189, 26706189, 26706189, 26706189, 26706189, 26706189, 26706189, 26706189, 26706189, 26706189, 26706189, 26706189, 26706189, 26645180, 26645180, 26444528, 26444528, 26444528, 26444528, 258074698, 564155528, 27232760, 240271579, 3544411679, 27764953, 27764953, 27764953, 27764953, 27764953, 27764953, 27773145, 27773145, 27773145, 27773145, 27773145, 27773145, 27773145, 27773145, 27773145, 27773145, 27773145, 27773145, 27773145, 27773145, 27773145, 27773145, 27773145, 27773145, 26786947, 79936163, 27685307, 27685307, 27685307, 27685307, 27685307, 2253038765, 27512576, 27512576, 27512576, 27512576, 27512576, 26830763, 27330653, 26830763, 26830763, 26830763, 26830763, 27778822, 27278932, 27278932, 27278932, 27278932, 27278932, 27278932, 27278932, 27278932, 27278932, 27278932, 27278932, 27278932, 27278932, 27278932, 27278932, 27278932, 27278932, 27278932, 27278932, 27278932, 27278932, 27278932, 27278932, 27278932, 27278932]",0,0,0,NPU,0,0,0,0,0,0,1.0,hot,0,0,0,0,1.0,0
0,153,meta-llama/Llama-3.1-8B,12,371,14194446340,110278376979,96083930639,80464738050,80815060202,42650476,"[26309846, 26309846, 26309846, 26309846, 26309846, 26309846, 26309846, 26309846, 26309846, 26309846, 26309846, 26309846, 26309846, 26309846, 26309846, 26309846, 26309846, 26309846, 26309846, 26309846, 26309846, 26309846, 26309846, 26309846, 197984009, 26573059, 26573059, 241419832, 26820478, 197300097, 26843454, 26843454, 26843454, 26843454, 26843454, 26843454, 26843454, 26843454, 26843454, 26843454, 26843454, 26843454, 287272238, 26997779, 26997779, 26997779, 26997779, 26997779, 27061067, 27061067, 27061067, 27061067, 27061067, 27061067, 27061067, 26859940, 26859940, 26859940, 26859940, 26759908, 26759908, 26759908, 26759908, 26759908, 26759908, 26759908, 26759908, 26759908, 26759908, 26759908, 26759908, 26759908, 26759908, 26759908, 26759908, 26759908, 26759908, 26759908, 26759908, 26759908, 26759908, 26759908, 26759908, 26759908, 26759908, 26726923, 26726923, 26726923, 26726923, 26726923, 26726923, 26726923, 26726923, 26726923, 26726923, 26726923, 26726923, 26726923, 26726923, 26726923, 26726923, 26726923, 26726923, 26726923, 26726923, 26645180, 26645180, 284007524, 424232746, 26645180, 26645180, 26645180, 26645180, 26645180, 26645180, 255178827, 26645180, 26645180, 26645180, 26645180, 26645180, 26645180, 26645180, 25916533, 25916533, 25916533, 25916533, 25916533, 25916533, 25916533, 25916533, 26416423, 25916533, 25916533, 25916533, 25916533, 25916533, 25916533, 25916533, 25916533, 25916533, 26042517, 26042517, 26042517, 26042517, 26042517, 26042517, 27206079, 25916533, 27206079, 26706189, 26706189, 26706189, 26706189, 26706189, 26706189, 26706189, 26706189, 26706189, 26706189, 26706189, 26706189, 26706189, 26706189, 26706189, 26706189, 26706189, 26706189, 26706189, 26645180, 26645180, 26444528, 26444528, 26444528, 26444528, 258074698, 26077588, 26077588, 26077588, 26577478, 26077588, 26077588, 26077588, 26077588, 26077588, 26077588, 26077588, 26077588, 26077588, 26260820, 26260820, 26260820, 145864534, 27232760, 240271579, 3544411679, 27764953, 27764953, 27764953, 27764953, 27764953, 27764953, 27773145, 27773145, 27773145, 27773145, 27773145, 27773145, 27773145, 27773145, 27773145, 27773145, 27773145, 27773145, 27773145, 27773145, 27773145, 27773145, 27773145, 27773145, 26786947, 26125428, 26125428, 27685307, 27685307, 27685307, 27685307, 27685307, 27685307, 25335007, 25335007, 25335007, 25335007, 25335007, 25335007, 25335007, 25335007, 25335007, 25335007, 25335007, 25335007, 25335007, 25335007, 25834897, 25335007, 25335007, 25335007, 25335007, 25335007, 25335007, 25335007, 25335007, 25335007, 25335007, 25335007, 25335007, 25674687, 25674687, 25674687, 25674687, 25674687, 25674687, 25674687, 25674687, 25674687, 25674687, 25674687, 25674687, 25674687, 25674687, 25674687, 25674687, 25674687, 25674687, 25674687, 25674687, 25674687, 25674687, 25674687, 25674687, 25674687, 25674687, 25674687, 25674687, 25674687, 25674687, 25674687, 25674687, 25674687, 25674687, 25674687, 25674687, 25674687, 25674687, 25674687, 25674687, 25674687, 25674687, 25674687, 25674687, 25674687, 25674687, 25674687, 25674687, 25674687, 25674687, 25674687, 25674687, 25674687, 25674687, 25674687, 25674687, 25674687, 25674687, 25674687, 25674687, 28012466, 27512576, 27512576, 27512576, 27512576, 27512576, 26830763, 27330653, 26830763, 26830763, 26830763, 26830763, 27778822, 27278932, 27278932, 27278932, 27278932, 27278932, 27278932, 27278932, 27278932, 27278932, 27278932, 27278932, 27278932, 27278932, 27278932, 27278932, 27278932, 27278932, 27278932, 27278932, 27278932, 27278932, 27278932, 27278932, 27278932, 27278932, 27103283, 27103283, 27103283, 27103283]",0,0,0,NPU,0,0,0,0,0,0,1.0,hot,0,0,0,0,1.0,0
0,178,meta-llama/Llama-3.1-8B,4,102,16502022096,110846241466,94344219370,85536666991,85682531525,89295750,"[27232760, 240271579, 3544411679, 27764953, 27764953, 27764953, 27764953, 27764953, 27764953, 27773145, 27773145, 27773145, 27773145, 27773145, 27773145, 27773145, 27773145, 27773145, 27773145, 27773145, 27773145, 27773145, 27773145, 27773145, 27773145, 27773145, 27773145, 26786947, 79936163, 27685307, 27685307, 27685307, 27685307, 27685307, 2253038765, 27512576, 27512576, 27512576, 27512576, 27512576, 26830763, 27330653, 26830763, 26830763, 26830763, 26830763, 27778822, 27278932, 27278932, 27278932, 27278932, 27278932, 27278932, 27278932, 27278932, 27278932, 27278932, 27278932, 27278932, 27278932, 27278932, 27278932, 27278932, 27278932, 27278932, 27278932, 27278932, 27278932, 27278932, 27278932, 27278932, 27278932, 27103283, 27103283, 27103283, 27103283, 27061067, 27061067, 27061067, 27061067, 27061067, 27061067, 27061067, 27061067, 27061067, 27061067, 27061067, 27061067, 27061067, 27061067, 27061067, 27061067, 27061067, 26956587, 26956587, 26956587, 26956587]",0,0,0,NPU,0,0,0,0,0,0,1.0,hot,0,0,0,0,1.0,0
0,174,meta-llama/Llama-3.1-8B,52,169,16040510171,111327919810,95287409639,85321813224,85579887922,83685532,"[564155528, 27232760, 240271579, 3544411679, 27764953, 27764953, 27764953, 27764953, 27764953, 27764953, 27773145, 27773145, 27773145, 27773145, 27773145, 27773145, 27773145, 27773145, 27773145, 27773145, 27773145, 27773145, 27773145, 27773145, 27773145, 27773145, 27773145, 27773145, 26786947, 79936163, 27685307, 27685307, 27685307, 27685307, 27685307, 2253038765, 27512576, 27512576, 27512576, 27512576, 27512576, 26830763, 27330653, 26830763, 26830763, 26830763, 26830763, 27778822, 27278932, 27278932, 27278932, 27278932, 27278932, 27278932, 27278932, 27278932, 27278932, 27278932, 27278932, 27278932, 27278932, 27278932, 27278932, 27278932, 27278932, 27278932, 27278932, 27278932, 27278932, 27278932, 27278932, 27278932, 27278932, 27103283, 27103283, 27103283, 27103283, 27061067, 27061067, 27061067, 27061067, 27061067, 27061067, 27061067, 27061067, 27061067, 27061067, 27061067, 27061067, 27061067, 27061067, 27061067, 27061067, 27061067, 26956587, 26956587, 26956587, 26956587, 26759908, 26759908, 26759908, 26759908, 26759908, 26759908, 26759908, 26759908, 26759908, 26759908, 26759908, 26759908, 26759908, 26759908, 26759908, 26759908, 26759908, 26759908]",0,0,0,NPU,0,0,0,0,0,0,1.0,hot,0,0,0,0,1.0,0
0,176,meta-llama/Llama-3.1-8B,566,683,16177091845,111354646733,95177554888,85861597242,86007461776,79052526,"[27232760, 240271579, 3544411679, 27764953, 27764953, 27764953, 27764953, 27764953, 27764953, 27773145, 27773145, 27773145, 27773145, 27773145, 27773145, 27773145, 27773145, 27773145, 27773145, 27773145, 27773145, 27773145, 27773145, 27773145, 27773145, 27773145, 27773145, 26786947, 79936163, 27685307, 27685307, 27685307, 27685307, 27685307, 2253038765, 27512576, 27512576, 27512576, 27512576, 27512576, 26830763, 27330653, 26830763, 26830763, 26830763, 26830763, 27778822, 27278932, 27278932, 27278932, 27278932, 27278932, 27278932, 27278932, 27278932, 27278932, 27278932, 27278932, 27278932, 27278932, 27278932, 27278932, 27278932, 27278932, 27278932, 27278932, 27278932, 27278932, 27278932, 27278932, 27278932, 27278932, 27103283, 27103283, 27103283, 27103283, 27061067, 27061067, 27061067, 27061067, 27061067, 27061067, 27061067, 27061067, 27061067, 27061067, 27061067, 27061067, 27061067, 27061067, 27061067, 27061067, 27061067, 26956587, 26956587, 26956587, 26956587, 26759908, 26759908, 26759908, 26759908, 26759908, 26759908, 26759908, 26759908, 26759908, 26759908, 26759908, 26759908, 26759908, 26759908, 26759908, 26759908, 26759908, 26759908, 26726923]",0,0,0,NPU,0,0,0,0,0,0,1.0,hot,0,0,0,0,1.0,0
0,157,meta-llama/Llama-3.1-8B,1295,1577,14901468782,111968636402,97067167620,80990604191,81232024023,56352824,"[26820478, 197300097, 26843454, 26843454, 26843454, 26843454, 26843454, 26843454, 26843454, 26843454, 26843454, 26843454, 26843454, 26843454, 287272238, 26997779, 26997779, 26997779, 26997779, 26997779, 27061067, 27061067, 27061067, 27061067, 27061067, 27061067, 27061067, 26859940, 26859940, 26859940, 26859940, 26759908, 26759908, 26759908, 26759908, 26759908, 26759908, 26759908, 26759908, 26759908, 26759908, 26759908, 26759908, 26759908, 26759908, 26759908, 26759908, 26759908, 26759908, 26759908, 26759908, 26759908, 26759908, 26759908, 26759908, 26759908, 26759908, 26726923, 26726923, 26726923, 26726923, 26726923, 26726923, 26726923, 26726923, 26726923, 26726923, 26726923, 26726923, 26726923, 26726923, 26726923, 26726923, 26726923, 26726923, 26726923, 26726923, 26645180, 26645180, 284007524, 424232746, 26645180, 26645180, 26645180, 26645180, 26645180, 26645180, 255178827, 26645180, 26645180, 26645180, 26645180, 26645180, 26645180, 26645180, 650458665, 53122612, 26706189, 26706189, 26706189, 26706189, 26706189, 26706189, 26706189, 26706189, 26706189, 26706189, 26706189, 26706189, 26706189, 26706189, 26706189, 26706189, 26706189, 26706189, 26706189, 26645180, 26645180, 26444528, 26444528, 26444528, 26444528, 258074698, 26077588, 26077588, 26077588, 26577478, 26077588, 26077588, 26077588, 26077588, 26077588, 26077588, 26077588, 26077588, 26077588, 26260820, 26260820, 26260820, 145864534, 27232760, 240271579, 3544411679, 27764953, 27764953, 27764953, 27764953, 27764953, 27764953, 27773145, 27773145, 27773145, 27773145, 27773145, 27773145, 27773145, 27773145, 27773145, 27773145, 27773145, 27773145, 27773145, 27773145, 27773145, 27773145, 27773145, 27773145, 26786947, 26125428, 26125428, 27685307, 27685307, 27685307, 27685307, 27685307, 27685307, 2253038765, 27512576, 27512576, 27512576, 27512576, 27512576, 26830763, 27330653, 26830763, 26830763, 26830763, 26830763, 27778822, 27278932, 27278932, 27278932, 27278932, 27278932, 27278932, 27278932, 27278932, 27278932, 27278932, 27278932, 27278932, 27278932, 27278932, 27278932, 27278932, 27278932, 27278932, 27278932, 27278932, 27278932, 27278932, 27278932, 27278932, 27278932, 27103283, 27103283, 27103283, 27103283, 27061067, 27061067, 27061067, 27061067, 27061067, 27061067, 27061067, 27061067, 27061067, 27061067, 27061067, 27061067, 27061067, 27061067, 27061067, 27061067, 27061067, 26956587, 26956587, 26956587, 26956587, 26759908, 26759908, 26759908, 26759908, 26759908, 26759908, 26759908, 26759908, 26759908, 26759908, 26759908, 26759908, 26759908, 26759908, 26759908, 26759908, 26759908, 26759908, 26726923, 26695203, 26695203, 26695203, 26695203, 26695203, 26695203, 26695203, 26695203, 26695203, 26695203, 26695203, 26695203, 26695203, 26695203, 26695203, 26695203, 26695203, 26695203, 26695203, 26695203, 26695203, 26695203, 26695203]",0,0,0,SSD,0,192937984,0,192937984,192937984,192937984,1.0,hot,0,0,0,0,1.0,385875968
0,166,meta-llama/Llama-3.1-8B,15,277,15610410373,112795512227,97185101854,81069324455,81356596693,60645613,"[26997779, 26997779, 26997779, 26997779, 26997779, 27061067, 27061067, 27061067, 27061067, 27061067, 27061067, 27061067, 26859940, 26859940, 26859940, 26859940, 26759908, 26759908, 26759908, 26759908, 26759908, 26759908, 26759908, 26759908, 26759908, 26759908, 26759908, 26759908, 26759908, 26759908, 26759908, 26759908, 26759908, 26759908, 26759908, 26759908, 26759908, 26759908, 26759908, 26759908, 26759908, 26759908, 26726923, 26726923, 26726923, 26726923, 26726923, 26726923, 26726923, 26726923, 26726923, 26726923, 26726923, 26726923, 26726923, 26726923, 26726923, 26726923, 26726923, 26726923, 26726923, 26726923, 26645180, 26645180, 284007524, 424232746, 26645180, 26645180, 26645180, 26645180, 26645180, 26645180, 255178827, 26645180, 26645180, 26645180, 26645180, 26645180, 26645180, 26645180, 650458665, 53122612, 26706189, 26706189, 26706189, 26706189, 26706189, 26706189, 26706189, 26706189, 26706189, 26706189, 26706189, 26706189, 26706189, 26706189, 26706189, 26706189, 26706189, 26706189, 26706189, 26645180, 26645180, 26444528, 26444528, 26444528, 26444528, 258074698, 564155528, 27232760, 240271579, 3544411679, 27764953, 27764953, 27764953, 27764953, 27764953, 27764953, 27773145, 27773145, 27773145, 27773145, 27773145, 27773145, 27773145, 27773145, 27773145, 27773145, 27773145, 27773145, 27773145, 27773145, 27773145, 27773145, 27773145, 27773145, 26786947, 79936163, 27685307, 27685307, 27685307, 27685307, 27685307, 2253038765, 27512576, 27512576, 27512576, 27512576, 27512576, 26830763, 27330653, 26830763, 26830763, 26830763, 26830763, 27778822, 27278932, 27278932, 27278932, 27278932, 27278932, 27278932, 27278932, 27278932, 27278932, 27278932, 27278932, 27278932, 27278932, 27278932, 27278932, 27278932, 27278932, 27278932, 27278932, 27278932, 27278932, 27278932, 27278932, 27278932, 27278932, 27103283, 27103283, 27103283, 27103283, 27061067, 27061067, 27061067, 27061067, 27061067, 27061067, 27061067, 27061067, 27061067, 27061067, 27061067, 27061067, 27061067, 27061067, 27061067, 27061067, 27061067, 26956587, 26956587, 26956587, 26956587, 26759908, 26759908, 26759908, 26759908, 26759908, 26759908, 26759908, 26759908, 26759908, 26759908, 26759908, 26759908, 26759908, 26759908, 26759908, 26759908, 26759908, 26759908, 26726923, 26695203, 26695203, 26695203, 26695203, 26695203, 26695203, 26695203, 26695203, 26695203, 26695203, 26695203, 26695203, 26695203, 26695203, 26695203, 26695203, 26695203, 26695203, 26695203, 26695203, 26695203, 26695203, 26695203, 353039345, 26759908, 26759908, 26759908, 26759908, 26759908, 26759908, 26349776, 181528152, 26349776, 26349776, 26349776, 26349776]",0,0,0,NPU,0,0,0,0,0,0,1.0,hot,0,0,0,0,1.0,0
0,173,meta-llama/Llama-3.1-8B,3,190,15936897737,113649269337,97712371600,85425425658,85683500356,64671350,"[564155528, 27232760, 240271579, 3544411679, 27764953, 27764953, 27764953, 27764953, 27764953, 27764953, 27773145, 27773145, 27773145, 27773145, 27773145, 27773145, 27773145, 27773145, 27773145, 27773145, 27773145, 27773145, 27773145, 27773145, 27773145, 27773145, 27773145, 27773145, 26786947, 79936163, 27685307, 27685307, 27685307, 27685307, 27685307, 2253038765, 27512576, 27512576, 27512576, 27512576, 27512576, 26830763, 27330653, 26830763, 26830763, 26830763, 26830763, 27778822, 27278932, 27278932, 27278932, 27278932, 27278932, 27278932, 27278932, 27278932, 27278932, 27278932, 27278932, 27278932, 27278932, 27278932, 27278932, 27278932, 27278932, 27278932, 27278932, 27278932, 27278932, 27278932, 27278932, 27278932, 27278932, 27103283, 27103283, 27103283, 27103283, 27061067, 27061067, 27061067, 27061067, 27061067, 27061067, 27061067, 27061067, 27061067, 27061067, 27061067, 27061067, 27061067, 27061067, 27061067, 27061067, 27061067, 26956587, 26956587, 26956587, 26956587, 26759908, 26759908, 26759908, 26759908, 26759908, 26759908, 26759908, 26759908, 26759908, 26759908, 26759908, 26759908, 26759908, 26759908, 26759908, 26759908, 26759908, 26759908, 26726923, 26695203, 26695203, 26695203, 26695203, 26695203, 26695203, 26695203, 26695203, 26695203, 26695203, 26695203, 26695203, 26695203, 26695203, 26695203, 26695203, 26695203, 26695203, 26695203, 26695203, 26695203, 26695203, 26695203, 353039345, 26759908, 26759908, 26759908, 26759908, 26759908, 26759908, 26349776, 181528152, 26349776, 26349776, 26349776, 26349776, 27226813, 26726923, 26726923, 26726923, 26726923, 26726923, 25649622, 25649622, 25649622, 25857173, 25857173, 26149512, 25649622, 25649622, 25649622, 25649622, 25649622, 25614678, 25614678, 25614678, 25614678, 25614678, 25614678, 25614678, 25614678, 25614678, 25614678, 25614678, 25614678, 25614678, 25614678, 25614678, 25614678]",0,0,0,NPU,0,0,0,0,0,0,1.0,hot,0,0,0,0,1.0,0
0,169,meta-llama/Llama-3.1-8B,75,362,15724594398,113908112697,98183518299,80955140430,81242412668,59234635,"[26997779, 26997779, 26997779, 26997779, 26997779, 27061067, 27061067, 27061067, 27061067, 27061067, 27061067, 27061067, 26859940, 26859940, 26859940, 26859940, 26759908, 26759908, 26759908, 26759908, 26759908, 26759908, 26759908, 26759908, 26759908, 26759908, 26759908, 26759908, 26759908, 26759908, 26759908, 26759908, 26759908, 26759908, 26759908, 26759908, 26759908, 26759908, 26759908, 26759908, 26759908, 26759908, 26726923, 26726923, 26726923, 26726923, 26726923, 26726923, 26726923, 26726923, 26726923, 26726923, 26726923, 26726923, 26726923, 26726923, 26726923, 26726923, 26726923, 26726923, 26726923, 26726923, 2013555462, 53122612, 26706189, 26706189, 26706189, 26706189, 26706189, 26706189, 26706189, 26706189, 26706189, 26706189, 26706189, 26706189, 26706189, 26706189, 26706189, 26706189, 26706189, 26706189, 26706189, 26645180, 26645180, 26444528, 26444528, 26444528, 26444528, 258074698, 564155528, 27232760, 240271579, 3544411679, 27764953, 27764953, 27764953, 27764953, 27764953, 27764953, 27773145, 27773145, 27773145, 27773145, 27773145, 27773145, 27773145, 27773145, 27773145, 27773145, 27773145, 27773145, 27773145, 27773145, 27773145, 27773145, 27773145, 27773145, 26786947, 79936163, 27685307, 27685307, 27685307, 27685307, 27685307, 2253038765, 27512576, 27512576, 27512576, 27512576, 27512576, 26830763, 27330653, 26830763, 26830763, 26830763, 26830763, 27778822, 27278932, 27278932, 27278932, 27278932, 27278932, 27278932, 27278932, 27278932, 27278932, 27278932, 27278932, 27278932, 27278932, 27278932, 27278932, 27278932, 27278932, 27278932, 27278932, 27278932, 27278932, 27278932, 27278932, 27278932, 27278932, 27103283, 27103283, 27103283, 27103283, 27061067, 27061067, 27061067, 27061067, 27061067, 27061067, 27061067, 27061067, 27061067, 27061067, 27061067, 27061067, 27061067, 27061067, 27061067, 27061067, 27061067, 26956587, 26956587, 26956587, 26956587, 26759908, 26759908, 26759908, 26759908, 26759908, 26759908, 26759908, 26759908, 26759908, 26759908, 26759908, 26759908, 26759908, 26759908, 26759908, 26759908, 26759908, 26759908, 26726923, 26695203, 26695203, 26695203, 26695203, 26695203, 26695203, 26695203, 26695203, 26695203, 26695203, 26695203, 26695203, 26695203, 26695203, 26695203, 26695203, 26695203, 26695203, 26695203, 26695203, 26695203, 26695203, 26695203, 353039345, 26759908, 26759908, 26759908, 26759908, 26759908, 26759908, 26349776, 181528152, 26349776, 26349776, 26349776, 26349776, 27226813, 26726923, 26726923, 26726923, 26726923, 26726923, 25649622, 25649622, 25649622, 25857173, 25857173, 26149512, 25649622, 25649622, 25649622, 25649622, 25649622, 25614678, 25614678, 25614678, 25614678, 25614678, 25614678, 25614678, 25614678, 25614678, 25614678, 25614678, 25614678, 25614678, 25614678, 25614678, 25614678, 25884336, 25884336, 25884336, 25884336, 25884336, 25884336, 25884336, 25884336, 25884336, 25884336]",0,0,0,SSD,0,18874368,0,18874368,18874368,18874368,1.0,hot,0,0,0,0,1.0,37748736
0,161,meta-llama/Llama-3.1-8B,24,354,15204779644,113962024965,98757245321,81474955184,81762227422,51656589,"[26997779, 26997779, 26997779, 26997779, 26997779, 27061067, 27061067, 27061067, 27061067, 27061067, 27061067, 27061067, 26859940, 26859940, 26859940, 26859940, 26759908, 26759908, 26759908, 26759908, 26759908, 26759908, 26759908, 26759908, 26759908, 26759908, 26759908, 26759908, 26759908, 26759908, 26759908, 26759908, 26759908, 26759908, 26759908, 26759908, 26759908, 26759908, 26759908, 26759908, 26759908, 26759908, 26726923, 26726923, 26726923, 26726923, 26726923, 26726923, 26726923, 26726923, 26726923, 26726923, 26726923, 26726923, 26726923, 26726923, 26726923, 26726923, 26726923, 26726923, 26726923, 26726923, 26645180, 26645180, 284007524, 424232746, 26645180, 26645180, 26645180, 26645180, 26645180, 26645180, 255178827, 26645180, 26645180, 26645180, 26645180, 26645180, 26645180, 26645180, 650458665, 53122612, 26706189, 26706189, 26706189, 26706189, 26706189, 26706189, 26706189, 26706189, 26706189, 26706189, 26706189, 26706189, 26706189, 26706189, 26706189, 26706189, 26706189, 26706189, 26706189, 26645180, 26645180, 26444528, 26444528, 26444528, 26444528, 258074698, 26077588, 26077588, 26077588, 26577478, 26077588, 26077588, 26077588, 26077588, 26077588, 26077588, 26077588, 26077588, 26077588, 26260820, 26260820, 26260820, 145864534, 27232760, 240271579, 3544411679, 27764953, 27764953, 27764953, 27764953, 27764953, 27764953, 27773145, 27773145, 27773145, 27773145, 27773145, 27773145, 27773145, 27773145, 27773145, 27773145, 27773145, 27773145, 27773145, 27773145, 27773145, 27773145, 27773145, 27773145, 26786947, 26125428, 26125428, 27685307, 27685307, 27685307, 27685307, 27685307, 27685307, 2253038765, 27512576, 27512576, 27512576, 27512576, 27512576, 26830763, 27330653, 26830763, 26830763, 26830763, 26830763, 27778822, 27278932, 27278932, 27278932, 27278932, 27278932, 27278932, 27278932, 27278932, 27278932, 27278932, 27278932, 27278932, 27278932, 27278932, 27278932, 27278932, 27278932, 27278932, 27278932, 27278932, 27278932, 27278932, 27278932, 27278932, 27278932, 27103283, 27103283, 27103283, 27103283, 27061067, 27061067, 27061067, 27061067, 27061067, 27061067, 27061067, 27061067, 27061067, 27061067, 27061067, 27061067, 27061067, 27061067, 27061067, 27061067, 27061067, 26956587, 26956587, 26956587, 26956587, 26759908, 26759908, 26759908, 26759908, 26759908, 26759908, 26759908, 26759908, 26759908, 26759908, 26759908, 26759908, 26759908, 26759908, 26759908, 26759908, 26759908, 26759908, 26726923, 26695203, 26695203, 26695203, 26695203, 26695203, 26695203, 26695203, 26695203, 26695203, 26695203, 26695203, 26695203, 26695203, 26695203, 26695203, 26695203, 26695203, 26695203, 26695203, 26695203, 26695203, 26695203, 26695203, 353039345, 26759908, 26759908, 26759908, 26759908, 26759908, 26759908, 26349776, 25732479, 25732479, 25732479, 25732479, 25732479, 52865757, 26349776, 26349776, 26349776, 26349776, 27226813, 26726923, 26726923, 26726923, 26726923, 26726923, 25649622, 25649622, 25649622, 25857173, 25857173, 26149512, 25649622, 25649622, 25649622, 25649622, 25649622, 25614678, 25614678, 25614678, 25614678, 25614678, 25614678, 25614678, 25614678, 25614678, 25614678, 25614678, 25614678, 25614678, 25614678, 25614678, 25614678, 25884336, 25884336, 25884336, 25884336, 25884336, 25884336, 25884336, 25884336, 25884336, 25884336, 27206079, 26706189]",0,0,0,NPU,0,0,0,0,0,0,1.0,hot,0,0,0,0,1.0,0
0,188,meta-llama/Llama-3.1-8B,1382,1407,17503125211,114228476765,96725351554,94465511191,94818550536,79450042,"[26759908, 26759908, 26759908, 26759908, 26759908, 26759908, 340503845, 26726923, 26726923, 26726923, 26726923, 26726923, 978945121, 26706189, 26645180, 26645180, 26645180, 26645180, 26645180, 26645180, 26645180, 26645180, 26645180, 26645180]",0,0,0,NPU,0,0,0,0,0,0,1.0,hot,0,0,0,0,1.0,0
0,183,meta-llama/Llama-3.1-8B,17,187,17039026617,114680885722,97641859105,85172759764,85413031343,72359927,"[3544411679, 27764953, 27764953, 27764953, 27764953, 27764953, 27764953, 27773145, 27773145, 27773145, 27773145, 27773145, 27773145, 27773145, 27773145, 27773145, 27773145, 27773145, 27773145, 27773145, 27773145, 27773145, 27773145, 27773145, 27773145, 106723110, 27685307, 27685307, 27685307, 27685307, 27685307, 2253038765, 27512576, 27512576, 27512576, 27512576, 27512576, 189263290, 27278932, 27278932, 27278932, 27278932, 27278932, 27278932, 27278932, 27278932, 27278932, 27278932, 27278932, 27278932, 27278932, 27278932, 27278932, 27278932, 27278932, 27278932, 27278932, 27278932, 27278932, 27278932, 27278932, 27278932, 27278932, 27103283, 27103283, 27103283, 27103283, 27061067, 27061067, 27061067, 27061067, 27061067, 27061067, 27061067, 27061067, 27061067, 27061067, 27061067, 27061067, 27061067, 27061067, 27061067, 27061067, 27061067, 26956587, 26956587, 26956587, 26956587, 26759908, 26759908, 26759908, 26759908, 26759908, 26759908, 26759908, 26759908, 26759908, 26759908, 26759908, 26759908, 26759908, 26759908, 26759908, 26759908, 26759908, 26759908, 26726923, 26695203, 26695203, 26695203, 26695203, 26695203, 26695203, 26695203, 26695203, 26695203, 26695203, 26695203, 26695203, 26695203, 26695203, 26695203, 26695203, 26695203, 26695203, 26695203, 26695203, 26695203, 26695203, 26695203, 353039345, 26759908, 26759908, 26759908, 26759908, 26759908, 26759908, 26349776, 181528152, 26349776, 26349776, 26349776, 26349776, 27226813, 26726923, 26726923, 26726923, 26726923, 26726923, 978945121, 26706189, 26645180, 26645180, 26645180, 26645180, 26645180, 26645180, 26645180, 26645180, 26645180, 26645180, 268262961, 26235158, 26235158, 26235158, 26735048, 26235158, 26235158, 26235158]",0,0,0,NPU,0,0,0,0,0,0,1.0,hot,0,0,0,0,1.0,0
0,151,meta-llama/Llama-3.1-8B,180,721,14111566044,115440771315,101329205271,80547618346,80897940498,37835675,"[26309846, 26309846, 26309846, 26309846, 26309846, 26309846, 26309846, 26309846, 26309846, 26309846, 26309846, 26309846, 26309846, 26309846, 26309846, 26309846, 26309846, 26309846, 26309846, 26309846, 26309846, 26309846, 26309846, 26309846, 197984009, 26573059, 26573059, 241419832, 26820478, 197300097, 26843454, 26843454, 26843454, 26843454, 26843454, 26843454, 26843454, 26843454, 26843454, 26843454, 26843454, 26843454, 287272238, 26997779, 26997779, 26997779, 26997779, 26997779, 27061067, 27061067, 27061067, 27061067, 27061067, 27061067, 27061067, 26859940, 26859940, 26859940, 26859940, 26759908, 26759908, 26759908, 26759908, 26759908, 26759908, 26759908, 26759908, 26759908, 26759908, 26759908, 26759908, 26759908, 26759908, 26759908, 26759908, 26759908, 26759908, 26759908, 26759908, 26759908, 26759908, 26759908, 26759908, 26759908, 26759908, 26726923, 26726923, 26726923, 26726923, 26726923, 26726923, 26726923, 26726923, 26726923, 26726923, 26726923, 26726923, 26726923, 26726923, 26726923, 26726923, 26726923, 26726923, 26726923, 26726923, 26645180, 26645180, 284007524, 424232746, 26645180, 26645180, 26645180, 26645180, 26645180, 26645180, 25263093, 25263093, 25263093, 25263093, 25263093, 25263093, 25263093, 25263093, 53074083, 26645180, 26645180, 26645180, 26645180, 26645180, 26645180, 26645180, 25916533, 25916533, 25916533, 25916533, 25916533, 25916533, 25916533, 25916533, 26416423, 25916533, 25916533, 25916533, 25916533, 25916533, 25916533, 25916533, 25916533, 25916533, 26042517, 26042517, 26042517, 26042517, 26042517, 26042517, 27206079, 25916533, 27206079, 26706189, 26706189, 26706189, 26706189, 26706189, 26706189, 26706189, 26706189, 26706189, 26706189, 26706189, 26706189, 26706189, 26706189, 26706189, 26706189, 26706189, 26706189, 26706189, 26645180, 26645180, 26444528, 26444528, 26444528, 26444528, 258074698, 26077588, 26077588, 26077588, 26577478, 26077588, 26077588, 26077588, 26077588, 26077588, 26077588, 26077588, 26077588, 26077588, 26260820, 26260820, 26260820, 145864534, 27232760, 240271579, 3544411679, 27764953, 27764953, 27764953, 27764953, 27764953, 27764953, 27773145, 27773145, 27773145, 27773145, 27773145, 27773145, 27773145, 27773145, 27773145, 27773145, 27773145, 27773145, 27773145, 27773145, 27773145, 27773145, 27773145, 27773145, 26786947, 26125428, 26125428, 27685307, 27685307, 27685307, 27685307, 27685307, 27685307, 25335007, 25335007, 25335007, 25335007, 25335007, 25335007, 25335007, 25335007, 25335007, 25335007, 25335007, 25335007, 25335007, 25335007, 25834897, 25335007, 25335007, 25335007, 25335007, 25335007, 25335007, 25335007, 25335007, 25335007, 25335007, 25335007, 25335007, 25674687, 25674687, 25674687, 25674687, 25674687, 25674687, 25674687, 25674687, 25674687, 25674687, 25674687, 25674687, 25674687, 25674687, 25674687, 25674687, 25674687, 25674687, 25674687, 25674687, 25674687, 25674687, 25674687, 25674687, 25674687, 25674687, 25674687, 25674687, 25674687, 25674687, 25674687, 25674687, 25674687, 25674687, 25674687, 25674687, 25674687, 25674687, 25674687, 25674687, 25674687, 25674687, 25674687, 25674687, 25674687, 25674687, 25674687, 25674687, 25674687, 25674687, 25674687, 25674687, 25674687, 25674687, 25674687, 25674687, 25674687, 25674687, 25674687, 25674687, 28012466, 27512576, 27512576, 27512576, 27512576, 27512576, 26830763, 27330653, 26830763, 26830763, 26830763, 26830763, 27778822, 27278932, 27278932, 27278932, 27278932, 27278932, 27278932, 27278932, 27278932, 27278932, 27278932, 27278932, 27278932, 27278932, 27278932, 27278932, 27278932, 27278932, 27278932, 27278932, 27278932, 27278932, 27278932, 27278932, 27278932, 27278932, 27103283, 27103283, 27103283, 27103283, 27061067, 27061067, 27061067, 27061067, 27061067, 27061067, 27061067, 27061067, 27061067, 27061067, 27061067, 27061067, 27061067, 27061067, 27061067, 27061067, 27061067, 26956587, 26956587, 26956587, 26956587, 26759908, 26759908, 26759908, 26759908, 26759908, 26759908, 26759908, 26759908, 26759908, 26759908, 26759908, 26759908, 26759908, 26759908, 26759908, 26759908, 26759908, 26759908, 26726923, 26695203, 26695203, 26695203, 26695203, 26695203, 26695203, 26695203, 26695203, 26695203, 26695203, 26695203, 26695203, 26695203, 26695203, 26695203, 26695203, 26695203, 26695203, 26695203, 26695203, 26695203, 26695203, 26695203, 353039345, 26759908, 26759908, 26759908, 26759908, 26759908, 26759908, 26349776, 25732479, 25732479, 25732479, 25732479, 25732479, 26016091, 26849666, 26349776, 26349776, 26349776, 26349776, 27226813, 26726923, 26726923, 26726923, 26726923, 26726923, 25649622, 25649622, 25649622, 25857173, 25857173, 26149512, 25649622, 25649622, 25649622, 25649622, 25649622, 25614678, 25614678, 25614678, 25614678, 25614678, 25614678, 25614678, 25614678, 25614678, 25614678, 25614678, 25614678, 25614678, 25614678, 25614678, 25614678, 25884336, 25884336, 25884336, 25884336, 25884336, 25884336, 25884336, 25884336, 25884336, 25884336, 27206079, 26706189, 26645180, 26645180, 26645180, 26645180, 26645180, 26645180, 26645180, 26645180, 26645180, 26645180, 268262961, 26235158, 26235158, 26235158, 26735048, 26235158, 26235158, 26235158, 27456477, 26956587, 26956587, 26164062, 26164062, 25954302, 25954302, 25954302, 25954302, 25954302, 25954302, 25954302, 26663952, 26164062, 26164062, 26164062, 26164062, 26164062, 26164062, 26097524, 26097524, 25820922, 25820922, 25820922, 25916533, 25916533, 25916533, 25916533, 27535434]",0,0,0,NPU,0,0,0,0,0,0,1.0,hot,0,0,0,0,1.0,0
0,168,meta-llama/Llama-3.1-8B,17,370,15635216558,116811601857,101176385299,81044518270,81331790508,56376689,"[26997779, 26997779, 26997779, 26997779, 26997779, 27061067, 27061067, 27061067, 27061067, 27061067, 27061067, 27061067, 26859940, 26859940, 26859940, 26859940, 26759908, 26759908, 26759908, 26759908, 26759908, 26759908, 26759908, 26759908, 26759908, 26759908, 26759908, 26759908, 26759908, 26759908, 26759908, 26759908, 26759908, 26759908, 26759908, 26759908, 26759908, 26759908, 26759908, 26759908, 26759908, 26759908, 26726923, 26726923, 26726923, 26726923, 26726923, 26726923, 26726923, 26726923, 26726923, 26726923, 26726923, 26726923, 26726923, 26726923, 26726923, 26726923, 26726923, 26726923, 26726923, 26726923, 2013555462, 53122612, 26706189, 26706189, 26706189, 26706189, 26706189, 26706189, 26706189, 26706189, 26706189, 26706189, 26706189, 26706189, 26706189, 26706189, 26706189, 26706189, 26706189, 26706189, 26706189, 26645180, 26645180, 26444528, 26444528, 26444528, 26444528, 258074698, 564155528, 27232760, 240271579, 3544411679, 27764953, 27764953, 27764953, 27764953, 27764953, 27764953, 27773145, 27773145, 27773145, 27773145, 27773145, 27773145, 27773145, 27773145, 27773145, 27773145, 27773145, 27773145, 27773145, 27773145, 27773145, 27773145, 27773145, 27773145, 26786947, 79936163, 27685307, 27685307, 27685307, 27685307, 27685307, 2253038765, 27512576, 27512576, 27512576, 27512576, 27512576, 26830763, 27330653, 26830763, 26830763, 26830763, 26830763, 27778822, 27278932, 27278932, 27278932, 27278932, 27278932, 27278932, 27278932, 27278932, 27278932, 27278932, 27278932, 27278932, 27278932, 27278932, 27278932, 27278932, 27278932, 27278932, 27278932, 27278932, 27278932, 27278932, 27278932, 27278932, 27278932, 27103283, 27103283, 27103283, 27103283, 27061067, 27061067, 27061067, 27061067, 27061067, 27061067, 27061067, 27061067, 27061067, 27061067, 27061067, 27061067, 27061067, 27061067, 27061067, 27061067, 27061067, 26956587, 26956587, 26956587, 26956587, 26759908, 26759908, 26759908, 26759908, 26759908, 26759908, 26759908, 26759908, 26759908, 26759908, 26759908, 26759908, 26759908, 26759908, 26759908, 26759908, 26759908, 26759908, 26726923, 26695203, 26695203, 26695203, 26695203, 26695203, 26695203, 26695203, 26695203, 26695203, 26695203, 26695203, 26695203, 26695203, 26695203, 26695203, 26695203, 26695203, 26695203, 26695203, 26695203, 26695203, 26695203, 26695203, 353039345, 26759908, 26759908, 26759908, 26759908, 26759908, 26759908, 26349776, 181528152, 26349776, 26349776, 26349776, 26349776, 27226813, 26726923, 26726923, 26726923, 26726923, 26726923, 25649622, 25649622, 25649622, 25857173, 25857173, 26149512, 25649622, 25649622, 25649622, 25649622, 25649622, 25614678, 25614678, 25614678, 25614678, 25614678, 25614678, 25614678, 25614678, 25614678, 25614678, 25614678, 25614678, 25614678, 25614678, 25614678, 25614678, 25884336, 25884336, 25884336, 25884336, 25884336, 25884336, 25884336, 25884336, 25884336, 25884336, 27206079, 26706189, 26645180, 26645180, 26645180, 26645180, 26645180, 26645180, 26645180, 26645180, 26645180, 26645180, 268262961, 26235158, 26235158, 26235158, 26735048, 26235158, 26235158, 26235158, 27456477, 26956587, 26956587, 26164062, 26164062, 25954302, 25954302, 25954302, 25954302, 25954302, 25954302, 25954302, 26663952, 26164062, 26164062, 26164062, 26164062, 26164062, 26164062, 26097524, 26097524, 25820922, 25820922, 25820922, 25916533, 25916533, 25916533, 25916533, 27535434, 62345538, 27685307, 27685307, 27685307, 26956587, 26759908, 26759908, 26759908, 26759908, 26759908, 26615821, 26535544, 26535544, 26535544, 26535544, 905789531, 26125428]",0,0,0,SSD,0,10485760,0,10485760,10485760,10485760,1.0,hot,0,0,0,0,1.0,20971520
0,162,meta-llama/Llama-3.1-8B,147,536,15305163426,116974402907,101669239481,81374571402,81661843640,51565453,"[26997779, 26997779, 26997779, 26997779, 26997779, 27061067, 27061067, 27061067, 27061067, 27061067, 27061067, 27061067, 26859940, 26859940, 26859940, 26859940, 26759908, 26759908, 26759908, 26759908, 26759908, 26759908, 26759908, 26759908, 26759908, 26759908, 26759908, 26759908, 26759908, 26759908, 26759908, 26759908, 26759908, 26759908, 26759908, 26759908, 26759908, 26759908, 26759908, 26759908, 26759908, 26759908, 26726923, 26726923, 26726923, 26726923, 26726923, 26726923, 26726923, 26726923, 26726923, 26726923, 26726923, 26726923, 26726923, 26726923, 26726923, 26726923, 26726923, 26726923, 26726923, 26726923, 26645180, 26645180, 284007524, 424232746, 26645180, 26645180, 26645180, 26645180, 26645180, 26645180, 255178827, 26645180, 26645180, 26645180, 26645180, 26645180, 26645180, 26645180, 650458665, 53122612, 26706189, 26706189, 26706189, 26706189, 26706189, 26706189, 26706189, 26706189, 26706189, 26706189, 26706189, 26706189, 26706189, 26706189, 26706189, 26706189, 26706189, 26706189, 26706189, 26645180, 26645180, 26444528, 26444528, 26444528, 26444528, 258074698, 564155528, 27232760, 240271579, 3544411679, 27764953, 27764953, 27764953, 27764953, 27764953, 27764953, 27773145, 27773145, 27773145, 27773145, 27773145, 27773145, 27773145, 27773145, 27773145, 27773145, 27773145, 27773145, 27773145, 27773145, 27773145, 27773145, 27773145, 27773145, 26786947, 26125428, 26125428, 27685307, 27685307, 27685307, 27685307, 27685307, 27685307, 2253038765, 27512576, 27512576, 27512576, 27512576, 27512576, 26830763, 27330653, 26830763, 26830763, 26830763, 26830763, 27778822, 27278932, 27278932, 27278932, 27278932, 27278932, 27278932, 27278932, 27278932, 27278932, 27278932, 27278932, 27278932, 27278932, 27278932, 27278932, 27278932, 27278932, 27278932, 27278932, 27278932, 27278932, 27278932, 27278932, 27278932, 27278932, 27103283, 27103283, 27103283, 27103283, 27061067, 27061067, 27061067, 27061067, 27061067, 27061067, 27061067, 27061067, 27061067, 27061067, 27061067, 27061067, 27061067, 27061067, 27061067, 27061067, 27061067, 26956587, 26956587, 26956587, 26956587, 26759908, 26759908, 26759908, 26759908, 26759908, 26759908, 26759908, 26759908, 26759908, 26759908, 26759908, 26759908, 26759908, 26759908, 26759908, 26759908, 26759908, 26759908, 26726923, 26695203, 26695203, 26695203, 26695203, 26695203, 26695203, 26695203, 26695203, 26695203, 26695203, 26695203, 26695203, 26695203, 26695203, 26695203, 26695203, 26695203, 26695203, 26695203, 26695203, 26695203, 26695203, 26695203, 353039345, 26759908, 26759908, 26759908, 26759908, 26759908, 26759908, 26349776, 25732479, 25732479, 25732479, 25732479, 25732479, 52865757, 26349776, 26349776, 26349776, 26349776, 27226813, 26726923, 26726923, 26726923, 26726923, 26726923, 25649622, 25649622, 25649622, 25857173, 25857173, 26149512, 25649622, 25649622, 25649622, 25649622, 25649622, 25614678, 25614678, 25614678, 25614678, 25614678, 25614678, 25614678, 25614678, 25614678, 25614678, 25614678, 25614678, 25614678, 25614678, 25614678, 25614678, 25884336, 25884336, 25884336, 25884336, 25884336, 25884336, 25884336, 25884336, 25884336, 25884336, 27206079, 26706189, 26645180, 26645180, 26645180, 26645180, 26645180, 26645180, 26645180, 26645180, 26645180, 26645180, 268262961, 26235158, 26235158, 26235158, 26735048, 26235158, 26235158, 26235158, 27456477, 26956587, 26956587, 26164062, 26164062, 25954302, 25954302, 25954302, 25954302, 25954302, 25954302, 25954302, 26663952, 26164062, 26164062, 26164062, 26164062, 26164062, 26164062, 26097524, 26097524, 25820922, 25820922, 25820922, 25916533, 25916533, 25916533, 25916533, 27535434, 62345538, 27685307, 27685307, 27685307, 26956587, 26759908, 26759908, 26759908, 26759908, 26759908, 26615821, 26535544, 26535544, 26535544, 26535544, 26515981, 26016091, 26016091, 26016091, 26016091, 775209186, 26125428, 28012466, 27512576, 27512576, 27512576, 26125428, 26125428]",0,0,0,SSD,0,33554432,0,33554432,33554432,33554432,1.0,hot,0,0,0,0,1.0,67108864
0,149,meta-llama/Llama-3.1-8B,69,833,13845293894,119341966383,105496672489,71923299773,71993124360,43910285,"[26729656, 26729656, 26729656, 27286840, 27286840, 27286840, 27286840, 27286840, 27286840, 27286840, 27286840, 27286840, 27286840, 27286840, 7023960784, 27115070, 27115070, 27115070, 27115070, 27115070, 27115070, 27115070, 27115070, 27115070, 27115070, 26638708, 26638708, 26638708, 26638708, 26638708, 26638708, 26638708, 26638708, 26638708, 26638708, 26638708, 26638708, 26638708, 26638708, 26638708, 26638708, 26638708, 26638708, 26723508, 26723508, 26723508, 26723508, 26723508, 26723508, 26723508, 26723508, 26723508, 26723508, 26723508, 26723508, 26723508, 26723508, 26723508, 26723508, 26723508, 26439258, 26439258, 26439258, 26439258, 26439258, 26439258, 26439258, 26439258, 350322152, 26309846, 26309846, 26309846, 26309846, 26309846, 26309846, 26309846, 26309846, 26309846, 26309846, 26309846, 26309846, 26309846, 26309846, 26309846, 26309846, 26309846, 26309846, 26309846, 26309846, 26309846, 26309846, 26309846, 26309846, 197984009, 26573059, 26573059, 241419832, 26820478, 197300097, 26843454, 26843454, 26843454, 26843454, 26843454, 26843454, 26843454, 26843454, 26843454, 26843454, 26843454, 26843454, 287272238, 26997779, 26997779, 26997779, 26997779, 26997779, 27061067, 27061067, 27061067, 27061067, 27061067, 27061067, 27061067, 26859940, 26859940, 26859940, 26859940, 26759908, 26759908, 26759908, 26759908, 26759908, 26759908, 26759908, 26759908, 26759908, 26759908, 26759908, 26759908, 26759908, 26759908, 26759908, 26759908, 26759908, 26759908, 26759908, 26759908, 26759908, 26759908, 26759908, 26759908, 26759908, 26759908, 26726923, 26726923, 26726923, 26726923, 26726923, 26726923, 26726923, 26726923, 26726923, 26726923, 26726923, 26726923, 26726923, 26726923, 26726923, 26726923, 26726923, 26726923, 26726923, 26726923, 26645180, 26645180, 25674687, 25674687, 25674687, 25674687, 25674687, 25674687, 25674687, 25674687, 25732479, 25732479, 27145070, 424232746, 26645180, 26645180, 26645180, 26645180, 26645180, 26645180, 25263093, 25263093, 25263093, 25263093, 25263093, 25263093, 25263093, 25263093, 53074083, 26645180, 26645180, 26645180, 26645180, 26645180, 26645180, 26645180, 25916533, 25916533, 25916533, 25916533, 25916533, 25916533, 25916533, 25916533, 26416423, 25916533, 25916533, 25916533, 25916533, 25916533, 25916533, 25916533, 25916533, 25916533, 26042517, 26042517, 26042517, 26042517, 26042517, 26042517, 27206079, 25916533, 27206079, 26706189, 26706189, 26706189, 26706189, 26706189, 26706189, 26706189, 26706189, 26706189, 26706189, 26706189, 26706189, 26706189, 26706189, 26706189, 26706189, 26706189, 26706189, 26706189, 26645180, 26645180, 26444528, 26444528, 26444528, 26444528, 258074698, 26077588, 26077588, 26077588, 26577478, 26077588, 26077588, 26077588, 26077588, 26077588, 26077588, 26077588, 26077588, 26077588, 26260820, 26260820, 26260820, 145864534, 27232760, 240271579, 3544411679, 27764953, 27764953, 27764953, 27764953, 27764953, 27764953, 27773145, 27773145, 27773145, 27773145, 27773145, 27773145, 27773145, 27773145, 27773145, 27773145, 27773145, 27773145, 27773145, 27773145, 27773145, 27773145, 27773145, 27773145, 26786947, 26125428, 26125428, 27685307, 27685307, 27685307, 27685307, 27685307, 27685307, 25335007, 25335007, 25335007, 25335007, 25335007, 25335007, 25335007, 25335007, 25335007, 25335007, 25335007, 25335007, 25335007, 25335007, 25834897, 25335007, 25335007, 25335007, 25335007, 25335007, 25335007, 25335007, 25335007, 25335007, 25335007, 25335007, 25335007, 25674687, 25674687, 25674687, 25674687, 25674687, 25674687, 25674687, 25674687, 25674687, 25674687, 25674687, 25674687, 25674687, 25674687, 25674687, 25674687, 25674687, 25674687, 25674687, 25674687, 25674687, 25674687, 25674687, 25674687, 25674687, 25674687, 25674687, 25674687, 25674687, 25674687, 25674687, 25674687, 25674687, 25674687, 25674687, 25674687, 25674687, 25674687, 25674687, 25674687, 25674687, 25674687, 25674687, 25674687, 25674687, 25674687, 25674687, 25674687, 25674687, 25674687, 25674687, 25674687, 25674687, 25674687, 25674687, 25674687, 25674687, 25674687, 25674687, 25674687, 28012466, 27512576, 27512576, 27512576, 27512576, 27512576, 26830763, 27330653, 26830763, 26830763, 26830763, 26830763, 27778822, 27278932, 27278932, 27278932, 27278932, 27278932, 27278932, 27278932, 27278932, 27278932, 27278932, 27278932, 27278932, 27278932, 27278932, 27278932, 27278932, 27278932, 27278932, 27278932, 27278932, 27278932, 27278932, 27278932, 27278932, 27278932, 27103283, 27103283, 27103283, 27103283, 27061067, 27061067, 27061067, 27061067, 27061067, 27061067, 27061067, 27061067, 27061067, 27061067, 27061067, 27061067, 27061067, 27061067, 27061067, 27061067, 27061067, 26956587, 26956587, 26956587, 26956587, 26759908, 26759908, 26759908, 26759908, 26759908, 26759908, 26759908, 26759908, 26759908, 26759908, 26759908, 26759908, 26759908, 26759908, 26759908, 26759908, 26759908, 26759908, 26726923, 26695203, 26695203, 26695203, 26695203, 26695203, 26695203, 26695203, 26695203, 26695203, 26695203, 26695203, 26695203, 26695203, 26695203, 26695203, 26695203, 26695203, 26695203, 26695203, 26695203, 26695203, 26695203, 26695203, 353039345, 26759908, 26759908, 26759908, 26759908, 26759908, 26759908, 26349776, 25732479, 25732479, 25732479, 25732479, 25732479, 26016091, 26849666, 26349776, 26349776, 26349776, 26349776, 27226813, 26726923, 26726923, 26726923, 26726923, 26726923, 25649622, 25649622, 25649622, 25857173, 25857173, 26149512, 25649622, 25649622, 25649622, 25649622, 25649622, 25614678, 25614678, 25614678, 25614678, 25614678, 25614678, 25614678, 25614678, 25614678, 25614678, 25614678, 25614678, 25614678, 25614678, 25614678, 25614678, 25884336, 25884336, 25884336, 25884336, 25884336, 25884336, 25884336, 25884336, 25884336, 25884336, 27206079, 26706189, 26645180, 26645180, 26645180, 26645180, 26645180, 26645180, 26645180, 26645180, 26645180, 26645180, 268262961, 26235158, 26235158, 26235158, 26735048, 26235158, 26235158, 26235158, 27456477, 26956587, 26956587, 26164062, 26164062, 25954302, 25954302, 25954302, 25954302, 25954302, 25954302, 25954302, 26663952, 26164062, 26164062, 26164062, 26164062, 26164062, 26164062, 26097524, 26097524, 25820922, 25820922, 25820922, 25916533, 25916533, 25916533, 25916533, 27535434, 62345538, 27685307, 27685307, 27685307, 26956587, 26759908, 26759908, 26759908, 26759908, 26759908, 26615821, 26535544, 26535544, 26535544, 26535544, 26515981, 26016091, 26016091, 26016091, 26016091, 27706814, 27706814, 27706814, 27706814, 27706814, 27706814, 27706814, 27706814, 27706814, 27706814, 27706814, 28206704, 27706814, 27706814, 27706814, 27706814, 27706814, 27706814, 27706814, 27706814, 27706814, 27706814, 27706814, 27706814, 27706814, 27706814, 27706814, 26625318, 26125428, 28012466, 27512576, 27512576, 27512576, 26125428, 26125428, 27278932, 27278932, 27278932, 27278932, 27278932, 27278932, 27278932, 27278932, 27278932, 27278932, 27278932, 27278932, 27278932, 27278932, 27278932, 27278932, 27278932, 27278932, 27278932, 27278932, 27278932, 27278932, 27278932, 27278932, 25763867, 25763867, 25763867, 28044382, 28044382, 28044382, 28044382, 28044382, 28044382, 28044382, 28044382, 28044382, 28044382, 28044382, 28044382, 28044382, 26263757, 25763867, 25763867, 25763867, 25763867, 25763867, 25763867, 25763867, 25763867, 25763867, 25763867, 25763867, 25763867, 25763867, 25763867, 25763867, 25763867, 26016091, 26016091, 26016091, 26016091, 26016091, 26016091, 26016091, 26016091, 26016091, 26016091, 26016091, 26016091, 26016091, 26016091, 26016091, 26016091, 26016091, 26016091, 26016091, 26016091, 26016091, 26016091, 26016091, 26016091, 26016091, 26016091, 26016091, 26016091, 26016091, 26016091, 26016091, 26016091]",0,0,0,SSD,0,46137344,0,46137344,46137344,46137344,1.0,hot,0,0,0,0,1.0,92274688
0,184,meta-llama/Llama-3.1-8B,11,246,17068859354,119560328353,102491468999,88893893792,88927610285,57965208,"[27764953, 27764953, 27764953, 27764953, 27764953, 27764953, 27773145, 27773145, 27773145, 27773145, 27773145, 27773145, 27773145, 27773145, 27773145, 27773145, 27773145, 27773145, 27773145, 27773145, 27773145, 27773145, 27773145, 27773145, 106723110, 27685307, 27685307, 27685307, 27685307, 27685307, 2253038765, 27512576, 27512576, 27512576, 27512576, 27512576, 189263290, 27278932, 27278932, 27278932, 27278932, 27278932, 27278932, 27278932, 27278932, 27278932, 27278932, 27278932, 27278932, 27278932, 27278932, 27278932, 27278932, 27278932, 27278932, 27278932, 27278932, 27278932, 27278932, 27278932, 27278932, 27278932, 27103283, 27103283, 27103283, 27103283, 27061067, 27061067, 27061067, 27061067, 27061067, 27061067, 27061067, 27061067, 27061067, 27061067, 27061067, 27061067, 27061067, 27061067, 27061067, 27061067, 27061067, 26956587, 26956587, 26956587, 26956587, 26759908, 26759908, 26759908, 26759908, 26759908, 26759908, 26759908, 26759908, 26759908, 26759908, 26759908, 26759908, 26759908, 26759908, 26759908, 26759908, 26759908, 26759908, 26726923, 26695203, 26695203, 26695203, 26695203, 26695203, 26695203, 26695203, 26695203, 26695203, 26695203, 26695203, 26695203, 26695203, 26695203, 26695203, 26695203, 26695203, 26695203, 26695203, 26695203, 26695203, 26695203, 26695203, 353039345, 26759908, 26759908, 26759908, 26759908, 26759908, 26759908, 26349776, 181528152, 26349776, 26349776, 26349776, 26349776, 27226813, 26726923, 26726923, 26726923, 26726923, 26726923, 978945121, 26706189, 26645180, 26645180, 26645180, 26645180, 26645180, 26645180, 26645180, 26645180, 26645180, 26645180, 268262961, 26235158, 26235158, 26235158, 26735048, 26235158, 26235158, 26235158, 27456477, 26956587, 26956587, 26164062, 26164062, 208344066, 26164062, 26164062, 26164062, 26164062, 26164062, 26164062, 260859380, 62345538, 27685307, 27685307, 27685307, 26956587, 26759908, 26759908, 26759908, 26759908, 26759908, 26615821, 26535544, 26535544, 26535544, 26535544, 959927425, 27512576, 27512576, 27512576, 26125428, 26125428, 27278932, 27278932, 27278932, 27278932, 27278932, 27278932, 27278932, 27278932, 27278932, 27278932, 27278932, 27278932, 27278932, 27278932, 27278932, 27278932, 27278932, 27278932, 27278932, 27278932, 27278932, 27278932, 27278932, 27278932, 1740601758, 27232760, 27232760, 27232760, 27232760, 27232760, 27232760, 27232760]",0,0,0,NPU,0,0,0,0,0,0,1.0,hot,0,0,0,0,1.0,0
0,185,meta-llama/Llama-3.1-8B,62,325,17176735627,121071617018,103894881391,88786017519,88819734012,57538730,"[27764953, 27764953, 27764953, 27764953, 27764953, 27764953, 27773145, 27773145, 27773145, 27773145, 27773145, 27773145, 27773145, 27773145, 27773145, 27773145, 27773145, 27773145, 27773145, 27773145, 27773145, 27773145, 27773145, 27773145, 106723110, 27685307, 27685307, 27685307, 27685307, 27685307, 2253038765, 27512576, 27512576, 27512576, 27512576, 27512576, 189263290, 27278932, 27278932, 27278932, 27278932, 27278932, 27278932, 27278932, 27278932, 27278932, 27278932, 27278932, 27278932, 27278932, 27278932, 27278932, 27278932, 27278932, 27278932, 27278932, 27278932, 27278932, 27278932, 27278932, 27278932, 27278932, 27103283, 27103283, 27103283, 27103283, 27061067, 27061067, 27061067, 27061067, 27061067, 27061067, 27061067, 27061067, 27061067, 27061067, 27061067, 27061067, 27061067, 27061067, 27061067, 27061067, 27061067, 26956587, 26956587, 26956587, 26956587, 26759908, 26759908, 26759908, 26759908, 26759908, 26759908, 26759908, 26759908, 26759908, 26759908, 26759908, 26759908, 26759908, 26759908, 26759908, 26759908, 26759908, 26759908, 26726923, 26695203, 26695203, 26695203, 26695203, 26695203, 26695203, 26695203, 26695203, 26695203, 26695203, 26695203, 26695203, 26695203, 26695203, 26695203, 26695203, 26695203, 26695203, 26695203, 26695203, 26695203, 26695203, 26695203, 353039345, 26759908, 26759908, 26759908, 26759908, 26759908, 26759908, 26349776, 181528152, 26349776, 26349776, 26349776, 26349776, 27226813, 26726923, 26726923, 26726923, 26726923, 26726923, 978945121, 26706189, 26645180, 26645180, 26645180, 26645180, 26645180, 26645180, 26645180, 26645180, 26645180, 26645180, 268262961, 211602473, 26956587, 26956587, 26164062, 26164062, 208344066, 26164062, 26164062, 26164062, 26164062, 26164062, 26164062, 260859380, 62345538, 27685307, 27685307, 27685307, 26956587, 26759908, 26759908, 26759908, 26759908, 26759908, 26615821, 26535544, 26535544, 26535544, 26535544, 959927425, 27512576, 27512576, 27512576, 79529788, 27278932, 27278932, 27278932, 27278932, 27278932, 27278932, 27278932, 27278932, 27278932, 27278932, 27278932, 27278932, 27278932, 27278932, 27278932, 27278932, 27278932, 27278932, 27278932, 27278932, 27278932, 27278932, 27278932, 1740601758, 27232760, 27232760, 27232760, 27232760, 27232760, 27232760, 27232760, 27103283, 27103283, 27103283, 27103283, 27103283, 27103283, 27103283, 27103283, 27103283, 27103283, 27103283, 27103283, 27103283, 27103283, 27103283, 27103283, 26997779, 26997779, 26997779, 26997779, 26997779, 26997779, 26997779, 26997779, 26997779, 26997779, 26997779, 26997779, 26645180, 26368885, 26368885, 26368885, 208598111, 26645180, 25846330, 360574751, 26246582]",0,0,0,SSD,0,29360128,0,29360128,29360128,29360128,1.0,hot,0,0,0,0,1.0,58720256
0,182,meta-llama/Llama-3.1-8B,1258,1543,16829193247,121152986669,104323793422,85382593134,85622864713,65848340,"[3544411679, 27764953, 27764953, 27764953, 27764953, 27764953, 27764953, 27773145, 27773145, 27773145, 27773145, 27773145, 27773145, 27773145, 27773145, 27773145, 27773145, 27773145, 27773145, 27773145, 27773145, 27773145, 27773145, 27773145, 27773145, 106723110, 27685307, 27685307, 27685307, 27685307, 27685307, 2253038765, 27512576, 27512576, 27512576, 27512576, 27512576, 189263290, 27278932, 27278932, 27278932, 27278932, 27278932, 27278932, 27278932, 27278932, 27278932, 27278932, 27278932, 27278932, 27278932, 27278932, 27278932, 27278932, 27278932, 27278932, 27278932, 27278932, 27278932, 27278932, 27278932, 27278932, 27278932, 27103283, 27103283, 27103283, 27103283, 27061067, 27061067, 27061067, 27061067, 27061067, 27061067, 27061067, 27061067, 27061067, 27061067, 27061067, 27061067, 27061067, 27061067, 27061067, 27061067, 27061067, 26956587, 26956587, 26956587, 26956587, 26759908, 26759908, 26759908, 26759908, 26759908, 26759908, 26759908, 26759908, 26759908, 26759908, 26759908, 26759908, 26759908, 26759908, 26759908, 26759908, 26759908, 26759908, 26726923, 26695203, 26695203, 26695203, 26695203, 26695203, 26695203, 26695203, 26695203, 26695203, 26695203, 26695203, 26695203, 26695203, 26695203, 26695203, 26695203, 26695203, 26695203, 26695203, 26695203, 26695203, 26695203, 26695203, 353039345, 26759908, 26759908, 26759908, 26759908, 26759908, 26759908, 26349776, 181528152, 26349776, 26349776, 26349776, 26349776, 27226813, 26726923, 26726923, 26726923, 26726923, 26726923, 978945121, 26706189, 26645180, 26645180, 26645180, 26645180, 26645180, 26645180, 26645180, 26645180, 26645180, 26645180, 268262961, 26235158, 26235158, 26235158, 26735048, 26235158, 26235158, 26235158, 27456477, 26956587, 26956587, 26164062, 26164062, 208344066, 26164062, 26164062, 26164062, 26164062, 26164062, 26164062, 260859380, 62345538, 27685307, 27685307, 27685307, 26956587, 26759908, 26759908, 26759908, 26759908, 26759908, 26615821, 26535544, 26535544, 26535544, 26535544, 905789531, 26125428, 28012466, 27512576, 27512576, 27512576, 26125428, 26125428, 27278932, 27278932, 27278932, 27278932, 27278932, 27278932, 27278932, 27278932, 27278932, 27278932, 27278932, 27278932, 27278932, 27278932, 27278932, 27278932, 27278932, 27278932, 27278932, 27278932, 27278932, 27278932, 27278932, 27278932, 1740601758, 27232760, 27232760, 27232760, 27232760, 27232760, 27232760, 27232760, 27103283, 27103283, 27103283, 27103283, 27103283, 27103283, 27103283, 27103283, 27103283, 27103283, 27103283, 27103283, 27103283, 27103283, 27103283, 27103283, 26997779, 26997779, 26997779, 26997779, 26997779, 26997779, 26997779, 26997779, 26997779, 26997779, 26997779, 26997779, 26645180, 26368885, 26368885, 26368885, 25921863, 25921863, 25921863, 25921863, 25921863, 25921863, 25921863, 27145070, 26645180, 25846330, 360574751, 26246582, 27456477, 26956587, 26956587]",0,0,0,SSD,0,354418688,0,354418688,354418688,354418688,1.0,hot,0,0,0,0,1.0,708837376
0,179,meta-llama/Llama-3.1-8B,4,366,16516816537,122046892409,105530075872,85521872550,85667737084,55020329,"[27232760, 240271579, 3544411679, 27764953, 27764953, 27764953, 27764953, 27764953, 27764953, 27773145, 27773145, 27773145, 27773145, 27773145, 27773145, 27773145, 27773145, 27773145, 27773145, 27773145, 27773145, 27773145, 27773145, 27773145, 27773145, 27773145, 27773145, 106723110, 27685307, 27685307, 27685307, 27685307, 27685307, 2253038765, 27512576, 27512576, 27512576, 27512576, 27512576, 26830763, 27330653, 26830763, 26830763, 26830763, 26830763, 27778822, 27278932, 27278932, 27278932, 27278932, 27278932, 27278932, 27278932, 27278932, 27278932, 27278932, 27278932, 27278932, 27278932, 27278932, 27278932, 27278932, 27278932, 27278932, 27278932, 27278932, 27278932, 27278932, 27278932, 27278932, 27278932, 27103283, 27103283, 27103283, 27103283, 27061067, 27061067, 27061067, 27061067, 27061067, 27061067, 27061067, 27061067, 27061067, 27061067, 27061067, 27061067, 27061067, 27061067, 27061067, 27061067, 27061067, 26956587, 26956587, 26956587, 26956587, 26759908, 26759908, 26759908, 26759908, 26759908, 26759908, 26759908, 26759908, 26759908, 26759908, 26759908, 26759908, 26759908, 26759908, 26759908, 26759908, 26759908, 26759908, 26726923, 26695203, 26695203, 26695203, 26695203, 26695203, 26695203, 26695203, 26695203, 26695203, 26695203, 26695203, 26695203, 26695203, 26695203, 26695203, 26695203, 26695203, 26695203, 26695203, 26695203, 26695203, 26695203, 26695203, 353039345, 26759908, 26759908, 26759908, 26759908, 26759908, 26759908, 26349776, 181528152, 26349776, 26349776, 26349776, 26349776, 27226813, 26726923, 26726923, 26726923, 26726923, 26726923, 25649622, 25649622, 25649622, 77863858, 25649622, 25649622, 25649622, 25649622, 25649622, 25614678, 25614678, 25614678, 25614678, 25614678, 25614678, 25614678, 25614678, 25614678, 25614678, 25614678, 25614678, 25614678, 25614678, 25614678, 25614678, 25884336, 25884336, 25884336, 25884336, 25884336, 25884336, 25884336, 25884336, 25884336, 25884336, 27206079, 26706189, 26645180, 26645180, 26645180, 26645180, 26645180, 26645180, 26645180, 26645180, 26645180, 26645180, 268262961, 26235158, 26235158, 26235158, 26735048, 26235158, 26235158, 26235158, 27456477, 26956587, 26956587, 26164062, 26164062, 208344066, 26164062, 26164062, 26164062, 26164062, 26164062, 26164062, 26097524, 26097524, 25820922, 25820922, 25820922, 25916533, 25916533, 25916533, 25916533, 27535434, 62345538, 27685307, 27685307, 27685307, 26956587, 26759908, 26759908, 26759908, 26759908, 26759908, 26615821, 26535544, 26535544, 26535544, 26535544, 905789531, 26125428, 28012466, 27512576, 27512576, 27512576, 26125428, 26125428, 27278932, 27278932, 27278932, 27278932, 27278932, 27278932, 27278932, 27278932, 27278932, 27278932, 27278932, 27278932, 27278932, 27278932, 27278932, 27278932, 27278932, 27278932, 27278932, 27278932, 27278932, 27278932, 27278932, 27278932, 1740601758, 27232760, 27232760, 27232760, 27232760, 27232760, 27232760, 27232760, 27103283, 27103283, 27103283, 27103283, 27103283, 27103283, 27103283, 27103283, 27103283, 27103283, 27103283, 27103283, 27103283, 27103283, 27103283, 27103283, 26997779, 26997779, 26997779, 26997779, 26997779, 26997779, 26997779, 26997779, 26997779, 26997779, 26997779, 26997779, 26645180, 26368885, 26368885, 26368885, 25921863, 25921863, 25921863, 25921863, 25921863, 25921863, 25921863, 27145070, 26645180, 25846330, 360574751, 26246582, 27456477, 26956587, 26956587, 259691874, 26699917, 26464944, 26464944, 26464944, 26464944, 26464944, 26464944, 25859550, 25674687, 25674687, 27115711, 26615821, 26615821, 26615821, 26615821, 26437374, 26437374, 26437374, 26437374, 26437374, 26437374, 26437374, 26437374, 26437374]",0,0,0,NPU,0,0,0,0,0,0,1.0,hot,0,0,0,0,1.0,0
0,172,meta-llama/Llama-3.1-8B,40,559,15911215323,124197810041,108286594718,85451108072,85709182770,43585737,"[564155528, 27232760, 240271579, 3544411679, 27764953, 27764953, 27764953, 27764953, 27764953, 27764953, 27773145, 27773145, 27773145, 27773145, 27773145, 27773145, 27773145, 27773145, 27773145, 27773145, 27773145, 27773145, 27773145, 27773145, 27773145, 27773145, 27773145, 27773145, 26786947, 79936163, 27685307, 27685307, 27685307, 27685307, 27685307, 2253038765, 27512576, 27512576, 27512576, 27512576, 27512576, 26830763, 27330653, 26830763, 26830763, 26830763, 26830763, 27778822, 27278932, 27278932, 27278932, 27278932, 27278932, 27278932, 27278932, 27278932, 27278932, 27278932, 27278932, 27278932, 27278932, 27278932, 27278932, 27278932, 27278932, 27278932, 27278932, 27278932, 27278932, 27278932, 27278932, 27278932, 27278932, 27103283, 27103283, 27103283, 27103283, 27061067, 27061067, 27061067, 27061067, 27061067, 27061067, 27061067, 27061067, 27061067, 27061067, 27061067, 27061067, 27061067, 27061067, 27061067, 27061067, 27061067, 26956587, 26956587, 26956587, 26956587, 26759908, 26759908, 26759908, 26759908, 26759908, 26759908, 26759908, 26759908, 26759908, 26759908, 26759908, 26759908, 26759908, 26759908, 26759908, 26759908, 26759908, 26759908, 26726923, 26695203, 26695203, 26695203, 26695203, 26695203, 26695203, 26695203, 26695203, 26695203, 26695203, 26695203, 26695203, 26695203, 26695203, 26695203, 26695203, 26695203, 26695203, 26695203, 26695203, 26695203, 26695203, 26695203, 353039345, 26759908, 26759908, 26759908, 26759908, 26759908, 26759908, 26349776, 181528152, 26349776, 26349776, 26349776, 26349776, 27226813, 26726923, 26726923, 26726923, 26726923, 26726923, 25649622, 25649622, 25649622, 25857173, 25857173, 26149512, 25649622, 25649622, 25649622, 25649622, 25649622, 25614678, 25614678, 25614678, 25614678, 25614678, 25614678, 25614678, 25614678, 25614678, 25614678, 25614678, 25614678, 25614678, 25614678, 25614678, 25614678, 25884336, 25884336, 25884336, 25884336, 25884336, 25884336, 25884336, 25884336, 25884336, 25884336, 27206079, 26706189, 26645180, 26645180, 26645180, 26645180, 26645180, 26645180, 26645180, 26645180, 26645180, 26645180, 268262961, 26235158, 26235158, 26235158, 26735048, 26235158, 26235158, 26235158, 27456477, 26956587, 26956587, 26164062, 26164062, 25954302, 25954302, 25954302, 25954302, 25954302, 25954302, 25954302, 26663952, 26164062, 26164062, 26164062, 26164062, 26164062, 26164062, 26097524, 26097524, 25820922, 25820922, 25820922, 25916533, 25916533, 25916533, 25916533, 27535434, 62345538, 27685307, 27685307, 27685307, 26956587, 26759908, 26759908, 26759908, 26759908, 26759908, 26615821, 26535544, 26535544, 26535544, 26535544, 905789531, 26125428, 28012466, 27512576, 27512576, 27512576, 26125428, 26125428, 27278932, 27278932, 27278932, 27278932, 27278932, 27278932, 27278932, 27278932, 27278932, 27278932, 27278932, 27278932, 27278932, 27278932, 27278932, 27278932, 27278932, 27278932, 27278932, 27278932, 27278932, 27278932, 27278932, 27278932, 25763867, 25763867, 25763867, 390840723, 25763867, 25763867, 25763867, 25763867, 25763867, 25763867, 25763867, 25763867, 25763867, 25763867, 25763867, 25763867, 25763867, 25763867, 25763867, 25763867, 26016091, 26016091, 26016091, 26016091, 26016091, 26016091, 26016091, 26016091, 26016091, 26016091, 26016091, 26016091, 26016091, 26016091, 26016091, 26016091, 26016091, 26016091, 26016091, 26016091, 26016091, 26016091, 26016091, 26016091, 26016091, 26016091, 26016091, 26016091, 26016091, 26016091, 26016091, 26016091, 27732650, 27232760, 27232760, 27232760, 27232760, 27232760, 27232760, 27232760, 27103283, 27103283, 27103283, 27103283, 27103283, 27103283, 27103283, 27103283, 27103283, 27103283, 27103283, 27103283, 27103283, 27103283, 27103283, 27103283, 26997779, 26997779, 26997779, 26997779, 26997779, 26997779, 26997779, 26997779, 26997779, 26997779, 26997779, 26997779, 26645180, 26368885, 26368885, 26368885, 25921863, 25921863, 25921863, 25921863, 25921863, 25921863, 25921863, 27145070, 26645180, 25846330, 25648437, 25648437, 25648437, 25648437, 25648437, 25648437, 25648437, 25648437, 25648437, 25648437, 25648437, 25648437, 25648437, 27145070, 26246582, 27456477, 26956587, 26956587, 259691874, 26699917, 26464944, 26464944, 26464944, 26464944, 26464944, 26464944, 25859550, 25674687, 25674687, 27115711, 26615821, 26615821, 26615821, 26615821, 26437374, 26437374, 26437374, 26437374, 26437374, 26437374, 26437374, 26437374, 26437374, 29610882, 27278932, 27278932, 26359326, 26359326, 26359326, 26359326, 26359326, 26359326, 26359326, 26359326, 26359326, 26359326, 26359326, 26359326, 26359326, 26359326, 26359326, 26859216, 26359326, 26359326, 26359326, 26359326, 26359326, 26359326, 26359326, 26359326, 26359326, 26359326, 26359326, 26359326, 26359326, 26359326, 26359326, 26359326, 26581534, 26581534, 26581534, 26581534, 26581534, 26581534, 26581534, 26581534, 26581534, 26581534, 26581534, 26581534, 26581534, 26581534, 26581534, 26581534, 26581534, 26581534, 26581534, 26581534, 26581534, 26581534, 26581534, 26581534, 26581534, 26581534, 26581534, 26581534, 26581534, 26581534, 26581534, 26581534, 26581534, 26581534, 26581534, 26581534, 26581534, 26581534, 26581534, 26581534, 26581534, 26581534, 26581534, 26581534, 26581534, 26581534]",0,0,0,NPU,0,0,0,0,0,0,1.0,hot,0,0,0,0,1.0,0
0,175,meta-llama/Llama-3.1-8B,77,526,16059670593,125822132506,109762461913,85302652802,85560727500,54021728,"[564155528, 27232760, 240271579, 3544411679, 27764953, 27764953, 27764953, 27764953, 27764953, 27764953, 27773145, 27773145, 27773145, 27773145, 27773145, 27773145, 27773145, 27773145, 27773145, 27773145, 27773145, 27773145, 27773145, 27773145, 27773145, 27773145, 27773145, 27773145, 26786947, 79936163, 27685307, 27685307, 27685307, 27685307, 27685307, 2253038765, 27512576, 27512576, 27512576, 27512576, 27512576, 26830763, 27330653, 26830763, 26830763, 26830763, 26830763, 27778822, 27278932, 27278932, 27278932, 27278932, 27278932, 27278932, 27278932, 27278932, 27278932, 27278932, 27278932, 27278932, 27278932, 27278932, 27278932, 27278932, 27278932, 27278932, 27278932, 27278932, 27278932, 27278932, 27278932, 27278932, 27278932, 27103283, 27103283, 27103283, 27103283, 27061067, 27061067, 27061067, 27061067, 27061067, 27061067, 27061067, 27061067, 27061067, 27061067, 27061067, 27061067, 27061067, 27061067, 27061067, 27061067, 27061067, 26956587, 26956587, 26956587, 26956587, 26759908, 26759908, 26759908, 26759908, 26759908, 26759908, 26759908, 26759908, 26759908, 26759908, 26759908, 26759908, 26759908, 26759908, 26759908, 26759908, 26759908, 26759908, 26726923, 26695203, 26695203, 26695203, 26695203, 26695203, 26695203, 26695203, 26695203, 26695203, 26695203, 26695203, 26695203, 26695203, 26695203, 26695203, 26695203, 26695203, 26695203, 26695203, 26695203, 26695203, 26695203, 26695203, 353039345, 26759908, 26759908, 26759908, 26759908, 26759908, 26759908, 26349776, 181528152, 26349776, 26349776, 26349776, 26349776, 27226813, 26726923, 26726923, 26726923, 26726923, 26726923, 25649622, 25649622, 25649622, 77863858, 25649622, 25649622, 25649622, 25649622, 25649622, 25614678, 25614678, 25614678, 25614678, 25614678, 25614678, 25614678, 25614678, 25614678, 25614678, 25614678, 25614678, 25614678, 25614678, 25614678, 25614678, 25884336, 25884336, 25884336, 25884336, 25884336, 25884336, 25884336, 25884336, 25884336, 25884336, 27206079, 26706189, 26645180, 26645180, 26645180, 26645180, 26645180, 26645180, 26645180, 26645180, 26645180, 26645180, 268262961, 26235158, 26235158, 26235158, 26735048, 26235158, 26235158, 26235158, 27456477, 26956587, 26956587, 26164062, 26164062, 25954302, 25954302, 25954302, 25954302, 25954302, 25954302, 25954302, 26663952, 26164062, 26164062, 26164062, 26164062, 26164062, 26164062, 26097524, 26097524, 25820922, 25820922, 25820922, 25916533, 25916533, 25916533, 25916533, 27535434, 62345538, 27685307, 27685307, 27685307, 26956587, 26759908, 26759908, 26759908, 26759908, 26759908, 26615821, 26535544, 26535544, 26535544, 26535544, 905789531, 26125428, 28012466, 27512576, 27512576, 27512576, 26125428, 26125428, 27278932, 27278932, 27278932, 27278932, 27278932, 27278932, 27278932, 27278932, 27278932, 27278932, 27278932, 27278932, 27278932, 27278932, 27278932, 27278932, 27278932, 27278932, 27278932, 27278932, 27278932, 27278932, 27278932, 27278932, 1740601758, 27232760, 27232760, 27232760, 27232760, 27232760, 27232760, 27232760, 27103283, 27103283, 27103283, 27103283, 27103283, 27103283, 27103283, 27103283, 27103283, 27103283, 27103283, 27103283, 27103283, 27103283, 27103283, 27103283, 26997779, 26997779, 26997779, 26997779, 26997779, 26997779, 26997779, 26997779, 26997779, 26997779, 26997779, 26997779, 26645180, 26368885, 26368885, 26368885, 25921863, 25921863, 25921863, 25921863, 25921863, 25921863, 25921863, 27145070, 26645180, 25846330, 25648437, 25648437, 25648437, 25648437, 25648437, 25648437, 25648437, 25648437, 25648437, 25648437, 25648437, 25648437, 25648437, 27145070, 26246582, 27456477, 26956587, 26956587, 259691874, 26699917, 26464944, 26464944, 26464944, 26464944, 26464944, 26464944, 25859550, 25674687, 25674687, 27115711, 26615821, 26615821, 26615821, 26615821, 26437374, 26437374, 26437374, 26437374, 26437374, 26437374, 26437374, 26437374, 26437374, 29610882, 27278932, 27278932, 2094481536, 27232760, 27232760, 27232760, 27232760, 27232760, 27232760, 27232760, 27232760, 27232760, 27232760, 27232760, 27232760, 27232760, 27232760, 27232760, 27232760, 27232760, 26956587, 26164062, 25668423, 25668423, 25668423, 25668423, 25668423, 25668423, 25668423, 25668423, 25668423, 25668423, 25668423, 25679419, 26179309, 25679419, 25679419, 25679419, 25679419, 25679419, 25679419, 25679419, 25679419, 25679419, 25679419, 25679419, 25679419, 25679419, 25679419, 25679419, 26179309, 25763867, 25763867, 25763867, 25763867, 25763867, 25763867, 25763867, 25763867, 25763867, 25763867, 25763867, 25763867, 25763867]",0,0,0,SSD,0,109051904,0,109051904,109051904,109051904,1.0,hot,0,0,0,0,1.0,218103808
0,189,meta-llama/Llama-3.1-8B,99,277,17530812915,125958043307,108427230392,94437823487,94790862832,77041624,"[26759908, 26759908, 26759908, 26759908, 26759908, 26759908, 340503845, 26726923, 26726923, 26726923, 26726923, 26726923, 978945121, 26706189, 26645180, 26645180, 26645180, 26645180, 26645180, 26645180, 26645180, 26645180, 26645180, 26645180, 268262961, 211602473, 26956587, 26956587, 678515942, 62345538, 27685307, 27685307, 27685307, 26956587, 26759908, 26759908, 26759908, 26759908, 26759908, 26615821, 26535544, 26535544, 26535544, 26535544, 959927425, 27512576, 27512576, 27512576, 79529788, 27278932, 27278932, 27278932, 27278932, 27278932, 27278932, 27278932, 27278932, 27278932, 27278932, 27278932, 27278932, 27278932, 27278932, 27278932, 27278932, 27278932, 27278932, 27278932, 27278932, 27278932, 27278932, 27278932, 1740601758, 27232760, 27232760, 27232760, 27232760, 27232760, 27232760, 27232760, 27103283, 27103283, 27103283, 27103283, 27103283, 27103283, 27103283, 27103283, 27103283, 27103283, 27103283, 27103283, 27103283, 27103283, 27103283, 27103283, 26997779, 26997779, 26997779, 26997779, 26997779, 26997779, 26997779, 26997779, 26997779, 26997779, 26997779, 26997779, 26645180, 287704766, 26645180, 386421081, 26246582, 27456477, 26956587, 26956587, 259691874, 26699917, 26464944, 26464944, 26464944, 26464944, 26464944, 26464944, 104324635, 26615821, 26615821, 26615821, 26615821, 26437374, 26437374, 26437374, 26437374, 26437374, 26437374, 26437374, 26437374, 26437374, 29610882, 27278932, 27278932, 2094481536, 27232760, 27232760, 27232760, 27232760, 27232760, 27232760, 27232760, 27232760, 27232760, 27232760, 27232760, 27232760, 27232760, 27232760, 27232760, 27232760, 27232760, 26956587, 26164062, 25668423, 25668423, 25668423, 25668423, 25668423, 25668423, 25668423, 25668423, 25668423, 25668423, 25668423, 825762766, 27103283, 27103283, 27103283, 26997779]",0,0,0,SSD,0,16777216,0,16777216,16777216,16777216,1.0,hot,0,0,0,0,1.0,33554432
0,194,meta-llama/Llama-3.1-8B,10,142,18140446934,126254565764,108114118830,96088029831,96356292792,89754397,"[211602473, 26956587, 26956587, 740861480, 27685307, 27685307, 27685307, 26956587, 26759908, 26759908, 26759908, 26759908, 26759908, 26615821, 1066069601, 27512576, 27512576, 27512576, 79529788, 27278932, 27278932, 27278932, 27278932, 27278932, 27278932, 27278932, 27278932, 27278932, 27278932, 27278932, 27278932, 27278932, 27278932, 27278932, 27278932, 27278932, 27278932, 27278932, 27278932, 27278932, 27278932, 27278932, 1740601758, 27232760, 27232760, 27232760, 27232760, 27232760, 27232760, 27232760, 27103283, 27103283, 27103283, 27103283, 27103283, 27103283, 27103283, 27103283, 27103283, 27103283, 27103283, 27103283, 27103283, 27103283, 27103283, 27103283, 26997779, 26997779, 26997779, 26997779, 26997779, 26997779, 26997779, 26997779, 26997779, 26997779, 26997779, 26997779, 26645180, 287704766, 26645180, 386421081, 53703059, 26956587, 26956587, 259691874, 26699917, 263114299, 26615821, 26615821, 26615821, 26615821, 267547248, 27278932, 27278932, 2094481536, 27232760, 27232760, 27232760, 27232760, 27232760, 27232760, 27232760, 27232760, 27232760, 27232760, 27232760, 27232760, 27232760, 27232760, 27232760, 27232760, 27232760, 26956587, 26164062, 1108115419, 27103283, 27103283, 27103283, 26997779, 26956587, 26956587, 26956587, 26956587, 26956587, 26956587, 26956587, 26956587, 26956587, 26956587, 26956587]",0,0,0,NPU,0,0,0,0,0,0,1.0,hot,0,0,0,0,1.0,0
0,198,meta-llama/Llama-3.1-8B,91,216,18758373227,126468645028,107710271801,96682398088,96744743626,88431678,"[27685307, 27685307, 27685307, 26956587, 1226484962, 27512576, 27512576, 27512576, 79529788, 27278932, 27278932, 27278932, 27278932, 27278932, 27278932, 27278932, 27278932, 27278932, 27278932, 27278932, 27278932, 27278932, 27278932, 27278932, 27278932, 27278932, 27278932, 27278932, 27278932, 27278932, 27278932, 27278932, 1740601758, 27232760, 27232760, 27232760, 27232760, 27232760, 27232760, 27232760, 27103283, 27103283, 27103283, 27103283, 27103283, 27103283, 27103283, 27103283, 27103283, 27103283, 27103283, 27103283, 27103283, 27103283, 27103283, 27103283, 26997779, 26997779, 26997779, 26997779, 26997779, 26997779, 26997779, 26997779, 26997779, 26997779, 26997779, 26997779, 781119266, 26956587, 26956587, 259691874, 26699917, 263114299, 26615821, 26615821, 26615821, 26615821, 267547248, 27278932, 27278932, 2094481536, 27232760, 27232760, 27232760, 27232760, 27232760, 27232760, 27232760, 27232760, 27232760, 27232760, 27232760, 27232760, 27232760, 27232760, 27232760, 27232760, 27232760, 26956587, 1134279481, 27103283, 27103283, 27103283, 26997779, 26956587, 26956587, 26956587, 26956587, 26956587, 26956587, 26956587, 26956587, 26956587, 26956587, 26956587, 26759908, 26759908, 26759908, 26759908, 26759908, 26759908, 26759908, 26759908]",0,0,0,SSD,0,20971520,0,20971520,20971520,20971520,1.0,hot,0,0,0,0,1.0,41943040
0,192,meta-llama/Llama-3.1-8B,29,176,17998775293,126495371951,108496596658,96229701472,96497964433,82182412,"[211602473, 26956587, 26956587, 740861480, 27685307, 27685307, 27685307, 26956587, 26759908, 26759908, 26759908, 26759908, 26759908, 26615821, 1066069601, 27512576, 27512576, 27512576, 79529788, 27278932, 27278932, 27278932, 27278932, 27278932, 27278932, 27278932, 27278932, 27278932, 27278932, 27278932, 27278932, 27278932, 27278932, 27278932, 27278932, 27278932, 27278932, 27278932, 27278932, 27278932, 27278932, 27278932, 1740601758, 27232760, 27232760, 27232760, 27232760, 27232760, 27232760, 27232760, 27103283, 27103283, 27103283, 27103283, 27103283, 27103283, 27103283, 27103283, 27103283, 27103283, 27103283, 27103283, 27103283, 27103283, 27103283, 27103283, 26997779, 26997779, 26997779, 26997779, 26997779, 26997779, 26997779, 26997779, 26997779, 26997779, 26997779, 26997779, 26645180, 287704766, 26645180, 386421081, 53703059, 26956587, 26956587, 259691874, 26699917, 26464944, 26464944, 26464944, 26464944, 26464944, 26464944, 104324635, 26615821, 26615821, 26615821, 26615821, 267547248, 27278932, 27278932, 2094481536, 27232760, 27232760, 27232760, 27232760, 27232760, 27232760, 27232760, 27232760, 27232760, 27232760, 27232760, 27232760, 27232760, 27232760, 27232760, 27232760, 27232760, 26956587, 26164062, 1108115419, 27103283, 27103283, 27103283, 26997779, 26956587, 26956587, 26956587, 26956587, 26956587, 26956587, 26956587, 26956587, 26956587, 26956587, 26956587, 26759908, 26759908, 26759908, 26759908, 26759908, 26759908, 26759908, 26759908, 26726923]",0,0,0,NPU,0,0,0,0,0,0,1.0,hot,0,0,0,0,1.0,0
0,204,meta-llama/Llama-3.1-8B,1333,1386,19360951552,126628847966,107267896414,101792035117,102051726991,100310950,"[663824748, 27278932, 27278932, 2094481536, 27232760, 27232760, 27232760, 27232760, 27232760, 27232760, 27232760, 27232760, 27232760, 27232760, 27232760, 27232760, 27232760, 27232760, 27232760, 27232760, 27232760, 26956587, 1134279481, 27103283, 27103283, 27103283, 26997779, 26956587, 26956587, 26956587, 26956587, 26956587, 26956587, 26956587, 26956587, 26956587, 26956587, 26956587, 26759908, 26759908, 26759908, 26759908, 26759908, 26759908, 26759908, 26759908, 26726923, 26695203, 26695203, 26695203, 26695203, 26695203]",0,0,0,NPU,0,0,0,0,0,0,1.0,hot,0,0,0,0,1.0,0
0,180,meta-llama/Llama-3.1-8B,106,532,16558529780,127077753215,110519223435,85480159307,85626023841,58572234,"[27232760, 240271579, 3544411679, 27764953, 27764953, 27764953, 27764953, 27764953, 27764953, 27773145, 27773145, 27773145, 27773145, 27773145, 27773145, 27773145, 27773145, 27773145, 27773145, 27773145, 27773145, 27773145, 27773145, 27773145, 27773145, 27773145, 27773145, 106723110, 27685307, 27685307, 27685307, 27685307, 27685307, 2253038765, 27512576, 27512576, 27512576, 27512576, 27512576, 26830763, 27330653, 26830763, 26830763, 26830763, 26830763, 27778822, 27278932, 27278932, 27278932, 27278932, 27278932, 27278932, 27278932, 27278932, 27278932, 27278932, 27278932, 27278932, 27278932, 27278932, 27278932, 27278932, 27278932, 27278932, 27278932, 27278932, 27278932, 27278932, 27278932, 27278932, 27278932, 27103283, 27103283, 27103283, 27103283, 27061067, 27061067, 27061067, 27061067, 27061067, 27061067, 27061067, 27061067, 27061067, 27061067, 27061067, 27061067, 27061067, 27061067, 27061067, 27061067, 27061067, 26956587, 26956587, 26956587, 26956587, 26759908, 26759908, 26759908, 26759908, 26759908, 26759908, 26759908, 26759908, 26759908, 26759908, 26759908, 26759908, 26759908, 26759908, 26759908, 26759908, 26759908, 26759908, 26726923, 26695203, 26695203, 26695203, 26695203, 26695203, 26695203, 26695203, 26695203, 26695203, 26695203, 26695203, 26695203, 26695203, 26695203, 26695203, 26695203, 26695203, 26695203, 26695203, 26695203, 26695203, 26695203, 26695203, 353039345, 26759908, 26759908, 26759908, 26759908, 26759908, 26759908, 26349776, 181528152, 26349776, 26349776, 26349776, 26349776, 27226813, 26726923, 26726923, 26726923, 26726923, 26726923, 25649622, 25649622, 25649622, 77863858, 25649622, 25649622, 25649622, 25649622, 25649622, 25614678, 25614678, 25614678, 25614678, 25614678, 25614678, 25614678, 25614678, 25614678, 25614678, 25614678, 25614678, 25614678, 25614678, 25614678, 25614678, 25884336, 25884336, 25884336, 25884336, 25884336, 25884336, 25884336, 25884336, 25884336, 25884336, 27206079, 26706189, 26645180, 26645180, 26645180, 26645180, 26645180, 26645180, 26645180, 26645180, 26645180, 26645180, 268262961, 26235158, 26235158, 26235158, 26735048, 26235158, 26235158, 26235158, 27456477, 26956587, 26956587, 26164062, 26164062, 208344066, 26164062, 26164062, 26164062, 26164062, 26164062, 26164062, 26097524, 26097524, 25820922, 25820922, 25820922, 131201566, 62345538, 27685307, 27685307, 27685307, 26956587, 26759908, 26759908, 26759908, 26759908, 26759908, 26615821, 26535544, 26535544, 26535544, 26535544, 905789531, 26125428, 28012466, 27512576, 27512576, 27512576, 26125428, 26125428, 27278932, 27278932, 27278932, 27278932, 27278932, 27278932, 27278932, 27278932, 27278932, 27278932, 27278932, 27278932, 27278932, 27278932, 27278932, 27278932, 27278932, 27278932, 27278932, 27278932, 27278932, 27278932, 27278932, 27278932, 1740601758, 27232760, 27232760, 27232760, 27232760, 27232760, 27232760, 27232760, 27103283, 27103283, 27103283, 27103283, 27103283, 27103283, 27103283, 27103283, 27103283, 27103283, 27103283, 27103283, 27103283, 27103283, 27103283, 27103283, 26997779, 26997779, 26997779, 26997779, 26997779, 26997779, 26997779, 26997779, 26997779, 26997779, 26997779, 26997779, 26645180, 26368885, 26368885, 26368885, 25921863, 25921863, 25921863, 25921863, 25921863, 25921863, 25921863, 27145070, 26645180, 25846330, 360574751, 26246582, 27456477, 26956587, 26956587, 259691874, 26699917, 26464944, 26464944, 26464944, 26464944, 26464944, 26464944, 25859550, 78465085, 26615821, 26615821, 26615821, 26615821, 26437374, 26437374, 26437374, 26437374, 26437374, 26437374, 26437374, 26437374, 26437374, 29610882, 27278932, 27278932, 2094481536, 27232760, 27232760, 27232760, 27232760, 27232760, 27232760, 27232760, 27232760, 27232760, 27232760, 27232760, 27232760, 27232760, 27232760, 27232760, 27232760, 27232760, 26956587, 26164062, 25668423, 25668423, 25668423, 25668423, 25668423, 25668423, 25668423, 25668423, 25668423, 25668423, 25668423, 825762766, 27103283, 27103283, 27103283, 26997779, 26956587, 26956587, 26956587, 26956587, 26956587, 26956587, 26956587, 26956587, 26956587, 26956587, 26956587, 26759908, 26759908, 26759908, 26759908, 26759908, 26759908, 26759908, 26759908, 26726923, 26695203, 26695203, 26695203, 26695203, 26695203, 317664584, 27685307, 25763867, 25763867, 26263757, 25763867]",0,0,0,NPU,0,0,0,0,0,0,1.0,hot,0,0,0,0,1.0,0
0,181,meta-llama/Llama-3.1-8B,47,492,16570574208,127855723205,111285148997,85641212173,85881483752,57215462,"[3544411679, 27764953, 27764953, 27764953, 27764953, 27764953, 27764953, 27773145, 27773145, 27773145, 27773145, 27773145, 27773145, 27773145, 27773145, 27773145, 27773145, 27773145, 27773145, 27773145, 27773145, 27773145, 27773145, 27773145, 27773145, 106723110, 27685307, 27685307, 27685307, 27685307, 27685307, 2253038765, 27512576, 27512576, 27512576, 27512576, 27512576, 26830763, 27330653, 26830763, 26830763, 26830763, 26830763, 27778822, 27278932, 27278932, 27278932, 27278932, 27278932, 27278932, 27278932, 27278932, 27278932, 27278932, 27278932, 27278932, 27278932, 27278932, 27278932, 27278932, 27278932, 27278932, 27278932, 27278932, 27278932, 27278932, 27278932, 27278932, 27278932, 27103283, 27103283, 27103283, 27103283, 27061067, 27061067, 27061067, 27061067, 27061067, 27061067, 27061067, 27061067, 27061067, 27061067, 27061067, 27061067, 27061067, 27061067, 27061067, 27061067, 27061067, 26956587, 26956587, 26956587, 26956587, 26759908, 26759908, 26759908, 26759908, 26759908, 26759908, 26759908, 26759908, 26759908, 26759908, 26759908, 26759908, 26759908, 26759908, 26759908, 26759908, 26759908, 26759908, 26726923, 26695203, 26695203, 26695203, 26695203, 26695203, 26695203, 26695203, 26695203, 26695203, 26695203, 26695203, 26695203, 26695203, 26695203, 26695203, 26695203, 26695203, 26695203, 26695203, 26695203, 26695203, 26695203, 26695203, 353039345, 26759908, 26759908, 26759908, 26759908, 26759908, 26759908, 26349776, 181528152, 26349776, 26349776, 26349776, 26349776, 27226813, 26726923, 26726923, 26726923, 26726923, 26726923, 25649622, 25649622, 25649622, 77863858, 25649622, 25649622, 25649622, 25649622, 25649622, 25614678, 25614678, 25614678, 25614678, 25614678, 25614678, 25614678, 25614678, 25614678, 25614678, 25614678, 25614678, 25614678, 25614678, 25614678, 25614678, 25884336, 25884336, 25884336, 25884336, 25884336, 25884336, 25884336, 25884336, 25884336, 25884336, 27206079, 26706189, 26645180, 26645180, 26645180, 26645180, 26645180, 26645180, 26645180, 26645180, 26645180, 26645180, 268262961, 26235158, 26235158, 26235158, 26735048, 26235158, 26235158, 26235158, 27456477, 26956587, 26956587, 26164062, 26164062, 208344066, 26164062, 26164062, 26164062, 26164062, 26164062, 26164062, 26097524, 26097524, 208664332, 62345538, 27685307, 27685307, 27685307, 26956587, 26759908, 26759908, 26759908, 26759908, 26759908, 26615821, 26535544, 26535544, 26535544, 26535544, 905789531, 26125428, 28012466, 27512576, 27512576, 27512576, 26125428, 26125428, 27278932, 27278932, 27278932, 27278932, 27278932, 27278932, 27278932, 27278932, 27278932, 27278932, 27278932, 27278932, 27278932, 27278932, 27278932, 27278932, 27278932, 27278932, 27278932, 27278932, 27278932, 27278932, 27278932, 27278932, 1740601758, 27232760, 27232760, 27232760, 27232760, 27232760, 27232760, 27232760, 27103283, 27103283, 27103283, 27103283, 27103283, 27103283, 27103283, 27103283, 27103283, 27103283, 27103283, 27103283, 27103283, 27103283, 27103283, 27103283, 26997779, 26997779, 26997779, 26997779, 26997779, 26997779, 26997779, 26997779, 26997779, 26997779, 26997779, 26997779, 26645180, 26368885, 26368885, 26368885, 25921863, 25921863, 25921863, 25921863, 25921863, 25921863, 25921863, 27145070, 26645180, 25846330, 360574751, 26246582, 27456477, 26956587, 26956587, 259691874, 26699917, 26464944, 26464944, 26464944, 26464944, 26464944, 26464944, 25859550, 78465085, 26615821, 26615821, 26615821, 26615821, 26437374, 26437374, 26437374, 26437374, 26437374, 26437374, 26437374, 26437374, 26437374, 29610882, 27278932, 27278932, 2094481536, 27232760, 27232760, 27232760, 27232760, 27232760, 27232760, 27232760, 27232760, 27232760, 27232760, 27232760, 27232760, 27232760, 27232760, 27232760, 27232760, 27232760, 26956587, 26164062, 25668423, 25668423, 25668423, 25668423, 25668423, 25668423, 25668423, 25668423, 25668423, 25668423, 25668423, 825762766, 27103283, 27103283, 27103283, 26997779, 26956587, 26956587, 26956587, 26956587, 26956587, 26956587, 26956587, 26956587, 26956587, 26956587, 26956587, 26759908, 26759908, 26759908, 26759908, 26759908, 26759908, 26759908, 26759908, 26726923, 26695203, 26695203, 26695203, 26695203, 26695203, 317664584, 27685307, 155069656, 28272208, 28272208, 28272208, 28272208, 28272208, 28272208, 28272208, 28272208, 26615821, 26464944, 25487317, 25487317, 25487317, 27115711, 26615821, 26615821, 26615821, 26615821, 26615821, 26615821, 26615821, 26615821, 26349776, 26349776, 25997827, 25997827, 25997827]",0,0,0,SSD,0,60817408,0,60817408,60817408,60817408,1.0,hot,0,0,0,0,1.0,121634816
0,221,meta-llama/Llama-3.1-8B,3,13,20641253004,127884330999,107243077995,106436500211,106488014509,83895942,"[28272208, 28272208, 28272208, 28272208, 28272208, 28272208, 28272208, 28272208, 528885822]",0,0,0,NPU,0,0,0,0,0,0,1.0,hot,0,0,0,0,1.0,0
0,177,meta-llama/Llama-3.1-8B,85,646,16225987715,129337804069,113111816354,85812701372,85958565906,48487947,"[27232760, 240271579, 3544411679, 27764953, 27764953, 27764953, 27764953, 27764953, 27764953, 27773145, 27773145, 27773145, 27773145, 27773145, 27773145, 27773145, 27773145, 27773145, 27773145, 27773145, 27773145, 27773145, 27773145, 27773145, 27773145, 27773145, 27773145, 26786947, 79936163, 27685307, 27685307, 27685307, 27685307, 27685307, 2253038765, 27512576, 27512576, 27512576, 27512576, 27512576, 26830763, 27330653, 26830763, 26830763, 26830763, 26830763, 27778822, 27278932, 27278932, 27278932, 27278932, 27278932, 27278932, 27278932, 27278932, 27278932, 27278932, 27278932, 27278932, 27278932, 27278932, 27278932, 27278932, 27278932, 27278932, 27278932, 27278932, 27278932, 27278932, 27278932, 27278932, 27278932, 27103283, 27103283, 27103283, 27103283, 27061067, 27061067, 27061067, 27061067, 27061067, 27061067, 27061067, 27061067, 27061067, 27061067, 27061067, 27061067, 27061067, 27061067, 27061067, 27061067, 27061067, 26956587, 26956587, 26956587, 26956587, 26759908, 26759908, 26759908, 26759908, 26759908, 26759908, 26759908, 26759908, 26759908, 26759908, 26759908, 26759908, 26759908, 26759908, 26759908, 26759908, 26759908, 26759908, 26726923, 26695203, 26695203, 26695203, 26695203, 26695203, 26695203, 26695203, 26695203, 26695203, 26695203, 26695203, 26695203, 26695203, 26695203, 26695203, 26695203, 26695203, 26695203, 26695203, 26695203, 26695203, 26695203, 26695203, 353039345, 26759908, 26759908, 26759908, 26759908, 26759908, 26759908, 26349776, 181528152, 26349776, 26349776, 26349776, 26349776, 27226813, 26726923, 26726923, 26726923, 26726923, 26726923, 25649622, 25649622, 25649622, 77863858, 25649622, 25649622, 25649622, 25649622, 25649622, 25614678, 25614678, 25614678, 25614678, 25614678, 25614678, 25614678, 25614678, 25614678, 25614678, 25614678, 25614678, 25614678, 25614678, 25614678, 25614678, 25884336, 25884336, 25884336, 25884336, 25884336, 25884336, 25884336, 25884336, 25884336, 25884336, 27206079, 26706189, 26645180, 26645180, 26645180, 26645180, 26645180, 26645180, 26645180, 26645180, 26645180, 26645180, 268262961, 26235158, 26235158, 26235158, 26735048, 26235158, 26235158, 26235158, 27456477, 26956587, 26956587, 26164062, 26164062, 208344066, 26164062, 26164062, 26164062, 26164062, 26164062, 26164062, 26097524, 26097524, 25820922, 25820922, 25820922, 25916533, 25916533, 25916533, 25916533, 27535434, 62345538, 27685307, 27685307, 27685307, 26956587, 26759908, 26759908, 26759908, 26759908, 26759908, 26615821, 26535544, 26535544, 26535544, 26535544, 905789531, 26125428, 28012466, 27512576, 27512576, 27512576, 26125428, 26125428, 27278932, 27278932, 27278932, 27278932, 27278932, 27278932, 27278932, 27278932, 27278932, 27278932, 27278932, 27278932, 27278932, 27278932, 27278932, 27278932, 27278932, 27278932, 27278932, 27278932, 27278932, 27278932, 27278932, 27278932, 1740601758, 27232760, 27232760, 27232760, 27232760, 27232760, 27232760, 27232760, 27103283, 27103283, 27103283, 27103283, 27103283, 27103283, 27103283, 27103283, 27103283, 27103283, 27103283, 27103283, 27103283, 27103283, 27103283, 27103283, 26997779, 26997779, 26997779, 26997779, 26997779, 26997779, 26997779, 26997779, 26997779, 26997779, 26997779, 26997779, 26645180, 26368885, 26368885, 26368885, 25921863, 25921863, 25921863, 25921863, 25921863, 25921863, 25921863, 27145070, 26645180, 25846330, 25648437, 25648437, 25648437, 25648437, 25648437, 25648437, 25648437, 25648437, 25648437, 25648437, 25648437, 25648437, 25648437, 27145070, 26246582, 27456477, 26956587, 26956587, 259691874, 26699917, 26464944, 26464944, 26464944, 26464944, 26464944, 26464944, 25859550, 25674687, 25674687, 27115711, 26615821, 26615821, 26615821, 26615821, 26437374, 26437374, 26437374, 26437374, 26437374, 26437374, 26437374, 26437374, 26437374, 29610882, 27278932, 27278932, 2094481536, 27232760, 27232760, 27232760, 27232760, 27232760, 27232760, 27232760, 27232760, 27232760, 27232760, 27232760, 27232760, 27232760, 27232760, 27232760, 27232760, 27232760, 26956587, 26164062, 25668423, 25668423, 25668423, 25668423, 25668423, 25668423, 25668423, 25668423, 25668423, 25668423, 25668423, 25679419, 26179309, 25679419, 25679419, 25679419, 25679419, 25679419, 25679419, 25679419, 25679419, 25679419, 25679419, 25679419, 25679419, 25679419, 25679419, 25679419, 26179309, 25763867, 25763867, 25763867, 25763867, 25763867, 25763867, 25763867, 25763867, 25763867, 25763867, 25763867, 25763867, 25763867, 27603173, 27103283, 27103283, 27103283, 26997779, 26956587, 26956587, 26956587, 26956587, 26956587, 26956587, 26956587, 26956587, 26956587, 26956587, 26956587, 26759908, 26759908, 26759908, 26759908, 26759908, 26759908, 26759908, 26759908, 26726923, 26695203, 26695203, 26695203, 26695203, 26695203, 317664584, 27685307, 25763867, 25763867, 26263757, 25763867, 51514298, 28272208, 28272208, 28272208, 28272208, 28272208, 28272208, 28272208, 28272208, 26615821, 26464944, 25487317, 25487317, 25487317, 27115711, 26615821, 26615821, 26615821, 26615821, 26615821, 26615821, 26615821, 26615821, 26349776, 26349776, 25997827, 25997827, 25997827, 28607794, 27766321, 27766321, 27766321, 27766321, 27773145, 26044318, 25679419, 25679419, 25679419, 25679419, 25679419, 25679419, 25679419, 25679419, 25679419, 25679419, 25679419, 26625318, 26125428, 26971646, 26971646, 26971646, 26971646, 26971646, 26971646, 26971646, 26971646, 26971646, 26971646, 26971646, 26971646, 26971646, 26971646, 26544208, 26164062, 26164062, 26164062, 26164062, 26164062, 26164062, 26164062, 26164062, 26164062, 26164062, 26437374, 26437374, 26437374, 25763867, 25763867, 26663952, 26164062, 26125428, 26125428, 25829685, 25829685]",0,0,0,NPU,0,0,0,0,0,0,1.0,hot,0,0,0,0,1.0,0
0,220,meta-llama/Llama-3.1-8B,22,38,20557248574,129366077104,108808828530,106520504641,106572018939,149120639,"[28272208, 28272208, 28272208, 28272208, 28272208, 28272208, 28272208, 28272208, 528885822, 27766321, 27766321, 27766321, 27766321, 27773145, 1342907676]",0,0,0,NPU,0,0,0,0,0,0,1.0,hot,0,0,0,0,1.0,0
0,193,meta-llama/Llama-3.1-8B,8,223,18099042284,129750134870,111651092586,96129434481,96397697442,71277547,"[211602473, 26956587, 26956587, 740861480, 27685307, 27685307, 27685307, 26956587, 26759908, 26759908, 26759908, 26759908, 26759908, 26615821, 1066069601, 27512576, 27512576, 27512576, 79529788, 27278932, 27278932, 27278932, 27278932, 27278932, 27278932, 27278932, 27278932, 27278932, 27278932, 27278932, 27278932, 27278932, 27278932, 27278932, 27278932, 27278932, 27278932, 27278932, 27278932, 27278932, 27278932, 27278932, 1740601758, 27232760, 27232760, 27232760, 27232760, 27232760, 27232760, 27232760, 27103283, 27103283, 27103283, 27103283, 27103283, 27103283, 27103283, 27103283, 27103283, 27103283, 27103283, 27103283, 27103283, 27103283, 27103283, 27103283, 26997779, 26997779, 26997779, 26997779, 26997779, 26997779, 26997779, 26997779, 26997779, 26997779, 26997779, 26997779, 26645180, 287704766, 26645180, 386421081, 53703059, 26956587, 26956587, 259691874, 26699917, 263114299, 26615821, 26615821, 26615821, 26615821, 267547248, 27278932, 27278932, 2094481536, 27232760, 27232760, 27232760, 27232760, 27232760, 27232760, 27232760, 27232760, 27232760, 27232760, 27232760, 27232760, 27232760, 27232760, 27232760, 27232760, 27232760, 26956587, 26164062, 1108115419, 27103283, 27103283, 27103283, 26997779, 26956587, 26956587, 26956587, 26956587, 26956587, 26956587, 26956587, 26956587, 26956587, 26956587, 26956587, 26759908, 26759908, 26759908, 26759908, 26759908, 26759908, 26759908, 26759908, 26726923, 26695203, 26695203, 26695203, 26695203, 26695203, 317664584, 27685307, 155069656, 28272208, 28272208, 28272208, 28272208, 28272208, 28272208, 28272208, 28272208, 26615821, 26464944, 103577662, 26615821, 26615821, 26615821, 26615821, 26615821, 26615821, 26615821, 26615821, 26349776, 26349776, 25997827, 25997827, 25997827, 28607794, 27766321, 27766321, 27766321, 27766321, 27773145, 26044318, 309098927, 26125428, 404147252, 26164062, 26164062, 26164062, 26164062, 26164062, 26164062, 26164062, 26164062, 26164062, 26164062, 26437374, 26437374, 26437374, 78191686, 26164062, 26125428, 26125428, 79932405, 27685307, 27685307, 27685307, 27685307, 27685307, 27685307, 27685307, 27685307, 27685307, 27685307, 27685307, 26956587, 26437374, 26125428]",0,0,0,NPU,0,0,0,0,0,0,1.0,hot,0,0,0,0,1.0,0
0,186,meta-llama/Llama-3.1-8B,23,506,17346684034,131153479460,113806795426,88616069112,88649785605,52192966,"[27764953, 27764953, 27764953, 27764953, 27764953, 27764953, 27773145, 27773145, 27773145, 27773145, 27773145, 27773145, 27773145, 27773145, 27773145, 27773145, 27773145, 27773145, 27773145, 27773145, 27773145, 27773145, 27773145, 27773145, 106723110, 27685307, 27685307, 27685307, 27685307, 27685307, 2253038765, 27512576, 27512576, 27512576, 27512576, 27512576, 189263290, 27278932, 27278932, 27278932, 27278932, 27278932, 27278932, 27278932, 27278932, 27278932, 27278932, 27278932, 27278932, 27278932, 27278932, 27278932, 27278932, 27278932, 27278932, 27278932, 27278932, 27278932, 27278932, 27278932, 27278932, 27278932, 27103283, 27103283, 27103283, 27103283, 27061067, 27061067, 27061067, 27061067, 27061067, 27061067, 27061067, 27061067, 27061067, 27061067, 27061067, 27061067, 27061067, 27061067, 27061067, 27061067, 27061067, 26956587, 26956587, 26956587, 26956587, 26759908, 26759908, 26759908, 26759908, 26759908, 26759908, 26759908, 26759908, 26759908, 26759908, 26759908, 26759908, 26759908, 26759908, 26759908, 26759908, 26759908, 26759908, 26726923, 26695203, 26695203, 26695203, 26695203, 26695203, 26695203, 26695203, 26695203, 26695203, 26695203, 26695203, 26695203, 26695203, 26695203, 26695203, 26695203, 26695203, 26695203, 26695203, 26695203, 26695203, 26695203, 26695203, 353039345, 26759908, 26759908, 26759908, 26759908, 26759908, 26759908, 340503845, 26726923, 26726923, 26726923, 26726923, 26726923, 978945121, 26706189, 26645180, 26645180, 26645180, 26645180, 26645180, 26645180, 26645180, 26645180, 26645180, 26645180, 268262961, 211602473, 26956587, 26956587, 26164062, 26164062, 208344066, 26164062, 26164062, 26164062, 26164062, 26164062, 26164062, 260859380, 62345538, 27685307, 27685307, 27685307, 26956587, 26759908, 26759908, 26759908, 26759908, 26759908, 26615821, 26535544, 26535544, 26535544, 26535544, 959927425, 27512576, 27512576, 27512576, 79529788, 27278932, 27278932, 27278932, 27278932, 27278932, 27278932, 27278932, 27278932, 27278932, 27278932, 27278932, 27278932, 27278932, 27278932, 27278932, 27278932, 27278932, 27278932, 27278932, 27278932, 27278932, 27278932, 27278932, 1740601758, 27232760, 27232760, 27232760, 27232760, 27232760, 27232760, 27232760, 27103283, 27103283, 27103283, 27103283, 27103283, 27103283, 27103283, 27103283, 27103283, 27103283, 27103283, 27103283, 27103283, 27103283, 27103283, 27103283, 26997779, 26997779, 26997779, 26997779, 26997779, 26997779, 26997779, 26997779, 26997779, 26997779, 26997779, 26997779, 26645180, 287704766, 26645180, 25846330, 360574751, 26246582, 27456477, 26956587, 26956587, 259691874, 26699917, 26464944, 26464944, 26464944, 26464944, 26464944, 26464944, 104324635, 26615821, 26615821, 26615821, 26615821, 26437374, 26437374, 26437374, 26437374, 26437374, 26437374, 26437374, 26437374, 26437374, 29610882, 27278932, 27278932, 2094481536, 27232760, 27232760, 27232760, 27232760, 27232760, 27232760, 27232760, 27232760, 27232760, 27232760, 27232760, 27232760, 27232760, 27232760, 27232760, 27232760, 27232760, 26956587, 26164062, 25668423, 25668423, 25668423, 25668423, 25668423, 25668423, 25668423, 25668423, 25668423, 25668423, 25668423, 825762766, 27103283, 27103283, 27103283, 26997779, 26956587, 26956587, 26956587, 26956587, 26956587, 26956587, 26956587, 26956587, 26956587, 26956587, 26956587, 26759908, 26759908, 26759908, 26759908, 26759908, 26759908, 26759908, 26759908, 26726923, 26695203, 26695203, 26695203, 26695203, 26695203, 317664584, 27685307, 155069656, 28272208, 28272208, 28272208, 28272208, 28272208, 28272208, 28272208, 28272208, 26615821, 26464944, 25487317, 25487317, 25487317, 27115711, 26615821, 26615821, 26615821, 26615821, 26615821, 26615821, 26615821, 26615821, 26349776, 26349776, 25997827, 25997827, 25997827, 28607794, 27766321, 27766321, 27766321, 27766321, 27773145, 26044318, 25679419, 25679419, 25679419, 25679419, 25679419, 25679419, 25679419, 25679419, 25679419, 25679419, 25679419, 26625318, 26125428, 404147252, 26164062, 26164062, 26164062, 26164062, 26164062, 26164062, 26164062, 26164062, 26164062, 26164062, 26437374, 26437374, 26437374, 25763867, 25763867, 26663952, 26164062, 26125428, 26125428, 25829685, 25829685, 28273035, 27685307, 27685307, 27685307, 27685307, 27685307, 27685307, 27685307, 27685307, 27685307, 27685307, 27685307, 26956587, 26437374, 26125428, 27512576, 27512576, 27512576, 27512576, 27512576, 27512576, 27512576, 27512576, 25997827, 25997827, 25829685, 26497717, 25997827, 25997827, 25997827, 25997827, 25997827, 26125428, 26368885, 26368885, 26368885, 26368885, 26211925, 26211925, 25679419, 25679419, 25679419, 26497717, 25997827, 26316447, 26316447, 26316447, 26316447, 26316447, 26316447, 26316447, 26316447, 26316447, 26316447, 26316447, 26572255, 26572255, 26572255, 27445514, 26445624, 26535544, 26535544, 26535544, 26535544, 26535544, 26535544, 26535544, 26535544]",0,0,0,SSD,0,20971520,0,20971520,20971520,20971520,1.0,hot,0,0,0,0,1.0,41943040
0,190,meta-llama/Llama-3.1-8B,543,881,17540585529,131754818118,114214232589,94428050873,94781090218,57665110,"[26759908, 26759908, 26759908, 26759908, 26759908, 26759908, 340503845, 26726923, 26726923, 26726923, 26726923, 26726923, 978945121, 26706189, 26645180, 26645180, 26645180, 26645180, 26645180, 26645180, 26645180, 26645180, 26645180, 26645180, 268262961, 211602473, 26956587, 26956587, 740861480, 27685307, 27685307, 27685307, 26956587, 26759908, 26759908, 26759908, 26759908, 26759908, 26615821, 26535544, 26535544, 26535544, 26535544, 959927425, 27512576, 27512576, 27512576, 79529788, 27278932, 27278932, 27278932, 27278932, 27278932, 27278932, 27278932, 27278932, 27278932, 27278932, 27278932, 27278932, 27278932, 27278932, 27278932, 27278932, 27278932, 27278932, 27278932, 27278932, 27278932, 27278932, 27278932, 1740601758, 27232760, 27232760, 27232760, 27232760, 27232760, 27232760, 27232760, 27103283, 27103283, 27103283, 27103283, 27103283, 27103283, 27103283, 27103283, 27103283, 27103283, 27103283, 27103283, 27103283, 27103283, 27103283, 27103283, 26997779, 26997779, 26997779, 26997779, 26997779, 26997779, 26997779, 26997779, 26997779, 26997779, 26997779, 26997779, 26645180, 287704766, 26645180, 386421081, 26246582, 27456477, 26956587, 26956587, 259691874, 26699917, 26464944, 26464944, 26464944, 26464944, 26464944, 26464944, 104324635, 26615821, 26615821, 26615821, 26615821, 26437374, 26437374, 26437374, 26437374, 26437374, 26437374, 26437374, 26437374, 26437374, 29610882, 27278932, 27278932, 2094481536, 27232760, 27232760, 27232760, 27232760, 27232760, 27232760, 27232760, 27232760, 27232760, 27232760, 27232760, 27232760, 27232760, 27232760, 27232760, 27232760, 27232760, 26956587, 26164062, 1108115419, 27103283, 27103283, 27103283, 26997779, 26956587, 26956587, 26956587, 26956587, 26956587, 26956587, 26956587, 26956587, 26956587, 26956587, 26956587, 26759908, 26759908, 26759908, 26759908, 26759908, 26759908, 26759908, 26759908, 26726923, 26695203, 26695203, 26695203, 26695203, 26695203, 317664584, 27685307, 155069656, 28272208, 28272208, 28272208, 28272208, 28272208, 28272208, 28272208, 28272208, 26615821, 26464944, 25487317, 25487317, 25487317, 27115711, 26615821, 26615821, 26615821, 26615821, 26615821, 26615821, 26615821, 26615821, 26349776, 26349776, 25997827, 25997827, 25997827, 28607794, 27766321, 27766321, 27766321, 27766321, 27773145, 26044318, 309098927, 26125428, 404147252, 26164062, 26164062, 26164062, 26164062, 26164062, 26164062, 26164062, 26164062, 26164062, 26164062, 26437374, 26437374, 26437374, 78191686, 26164062, 26125428, 26125428, 25829685, 25829685, 28273035, 27685307, 27685307, 27685307, 27685307, 27685307, 27685307, 27685307, 27685307, 27685307, 27685307, 27685307, 26956587, 26437374, 26125428, 27512576, 27512576, 27512576, 27512576, 27512576, 27512576, 27512576, 27512576, 25997827, 25997827, 25829685, 26497717, 25997827, 25997827, 25997827, 25997827, 25997827, 26125428, 26368885, 26368885, 26368885, 26368885, 26211925, 26211925, 103535974, 25997827, 26316447, 26316447, 26316447, 26316447, 26316447, 26316447, 26316447, 26316447, 26316447, 26316447, 26316447, 26572255, 26572255, 26572255, 27445514, 26445624, 26535544, 26535544, 26535544, 26535544, 26535544, 26535544, 26535544, 26535544, 27778822, 27278932, 27278932, 27278932, 25853850, 25853850, 26353740, 25853850, 25853850, 25853850, 25853850, 25853850, 25853850, 25853850, 25853850, 25853850, 25853850, 25853850, 25853850, 25853850, 25853850, 25853850, 25853850]",0,0,0,SSD,0,75497472,0,75497472,75497472,75497472,1.0,hot,0,0,0,0,1.0,150994944
0,187,meta-llama/Llama-3.1-8B,5,515,17427697270,132315002673,114887305403,88535055876,88568772369,51706351,"[27764953, 27764953, 27764953, 27764953, 27764953, 27764953, 27773145, 27773145, 27773145, 27773145, 27773145, 27773145, 27773145, 27773145, 27773145, 27773145, 27773145, 27773145, 27773145, 27773145, 27773145, 27773145, 27773145, 27773145, 106723110, 27685307, 27685307, 27685307, 27685307, 27685307, 2253038765, 27512576, 27512576, 27512576, 27512576, 27512576, 189263290, 27278932, 27278932, 27278932, 27278932, 27278932, 27278932, 27278932, 27278932, 27278932, 27278932, 27278932, 27278932, 27278932, 27278932, 27278932, 27278932, 27278932, 27278932, 27278932, 27278932, 27278932, 27278932, 27278932, 27278932, 27278932, 27103283, 27103283, 27103283, 27103283, 27061067, 27061067, 27061067, 27061067, 27061067, 27061067, 27061067, 27061067, 27061067, 27061067, 27061067, 27061067, 27061067, 27061067, 27061067, 27061067, 27061067, 26956587, 26956587, 26956587, 26956587, 26759908, 26759908, 26759908, 26759908, 26759908, 26759908, 26759908, 26759908, 26759908, 26759908, 26759908, 26759908, 26759908, 26759908, 26759908, 26759908, 26759908, 26759908, 26726923, 26695203, 26695203, 26695203, 26695203, 26695203, 26695203, 26695203, 26695203, 26695203, 26695203, 26695203, 26695203, 26695203, 26695203, 26695203, 26695203, 26695203, 26695203, 26695203, 26695203, 26695203, 26695203, 26695203, 353039345, 26759908, 26759908, 26759908, 26759908, 26759908, 26759908, 340503845, 26726923, 26726923, 26726923, 26726923, 26726923, 978945121, 26706189, 26645180, 26645180, 26645180, 26645180, 26645180, 26645180, 26645180, 26645180, 26645180, 26645180, 268262961, 211602473, 26956587, 26956587, 26164062, 26164062, 208344066, 26164062, 26164062, 26164062, 26164062, 26164062, 26164062, 260859380, 62345538, 27685307, 27685307, 27685307, 26956587, 26759908, 26759908, 26759908, 26759908, 26759908, 26615821, 26535544, 26535544, 26535544, 26535544, 959927425, 27512576, 27512576, 27512576, 79529788, 27278932, 27278932, 27278932, 27278932, 27278932, 27278932, 27278932, 27278932, 27278932, 27278932, 27278932, 27278932, 27278932, 27278932, 27278932, 27278932, 27278932, 27278932, 27278932, 27278932, 27278932, 27278932, 27278932, 1740601758, 27232760, 27232760, 27232760, 27232760, 27232760, 27232760, 27232760, 27103283, 27103283, 27103283, 27103283, 27103283, 27103283, 27103283, 27103283, 27103283, 27103283, 27103283, 27103283, 27103283, 27103283, 27103283, 27103283, 26997779, 26997779, 26997779, 26997779, 26997779, 26997779, 26997779, 26997779, 26997779, 26997779, 26997779, 26997779, 26645180, 287704766, 26645180, 386421081, 26246582, 27456477, 26956587, 26956587, 259691874, 26699917, 26464944, 26464944, 26464944, 26464944, 26464944, 26464944, 104324635, 26615821, 26615821, 26615821, 26615821, 26437374, 26437374, 26437374, 26437374, 26437374, 26437374, 26437374, 26437374, 26437374, 29610882, 27278932, 27278932, 2094481536, 27232760, 27232760, 27232760, 27232760, 27232760, 27232760, 27232760, 27232760, 27232760, 27232760, 27232760, 27232760, 27232760, 27232760, 27232760, 27232760, 27232760, 26956587, 26164062, 25668423, 25668423, 25668423, 25668423, 25668423, 25668423, 25668423, 25668423, 25668423, 25668423, 25668423, 825762766, 27103283, 27103283, 27103283, 26997779, 26956587, 26956587, 26956587, 26956587, 26956587, 26956587, 26956587, 26956587, 26956587, 26956587, 26956587, 26759908, 26759908, 26759908, 26759908, 26759908, 26759908, 26759908, 26759908, 26726923, 26695203, 26695203, 26695203, 26695203, 26695203, 317664584, 27685307, 155069656, 28272208, 28272208, 28272208, 28272208, 28272208, 28272208, 28272208, 28272208, 26615821, 26464944, 25487317, 25487317, 25487317, 27115711, 26615821, 26615821, 26615821, 26615821, 26615821, 26615821, 26615821, 26615821, 26349776, 26349776, 25997827, 25997827, 25997827, 28607794, 27766321, 27766321, 27766321, 27766321, 27773145, 26044318, 309098927, 26125428, 404147252, 26164062, 26164062, 26164062, 26164062, 26164062, 26164062, 26164062, 26164062, 26164062, 26164062, 26437374, 26437374, 26437374, 78191686, 26164062, 26125428, 26125428, 25829685, 25829685, 28273035, 27685307, 27685307, 27685307, 27685307, 27685307, 27685307, 27685307, 27685307, 27685307, 27685307, 27685307, 26956587, 26437374, 26125428, 27512576, 27512576, 27512576, 27512576, 27512576, 27512576, 27512576, 27512576, 25997827, 25997827, 25829685, 26497717, 25997827, 25997827, 25997827, 25997827, 25997827, 26125428, 26368885, 26368885, 26368885, 26368885, 26211925, 26211925, 25679419, 25679419, 25679419, 26497717, 25997827, 26316447, 26316447, 26316447, 26316447, 26316447, 26316447, 26316447, 26316447, 26316447, 26316447, 26316447, 26572255, 26572255, 26572255, 27445514, 26445624, 26535544, 26535544, 26535544, 26535544, 26535544, 26535544, 26535544, 26535544, 27778822, 27278932, 27278932, 27278932, 25853850, 25853850, 26353740, 25853850, 25853850, 25853850, 25853850, 25853850, 25853850, 25853850, 25853850, 25853850, 25853850, 25853850, 25853850, 25853850, 25853850, 25853850, 25853850, 116670872, 27278932, 27278932, 27278932, 27278932, 25619925, 25619925, 25619925, 25619925, 25619925, 25619925, 25619925, 25619925, 25619925, 25829685, 26329575, 25829685, 25829685]",0,0,0,NPU,0,0,0,0,0,0,1.0,hot,0,0,0,0,1.0,0
0,223,meta-llama/Llama-3.1-8B,536,545,20696930340,132424433603,111727503263,111057887778,111174558650,69118076,"[27278932, 27278932, 27278932, 27278932, 362130605, 27232760, 27232760, 27232760]",0,0,0,NPU,0,0,0,0,0,0,1.0,hot,0,0,0,0,1.0,0
0,202,meta-llama/Llama-3.1-8B,9,263,19038879108,133384914769,114346035661,96401892207,96464237745,70679043,"[27685307, 27685307, 27685307, 1253441549, 27512576, 27512576, 27512576, 79529788, 27278932, 27278932, 27278932, 27278932, 27278932, 27278932, 27278932, 27278932, 27278932, 27278932, 27278932, 27278932, 27278932, 27278932, 27278932, 27278932, 27278932, 27278932, 27278932, 27278932, 27278932, 27278932, 27278932, 1740601758, 27232760, 27232760, 27232760, 27232760, 27232760, 27232760, 27232760, 27103283, 27103283, 27103283, 27103283, 27103283, 27103283, 27103283, 27103283, 27103283, 27103283, 27103283, 27103283, 27103283, 27103283, 27103283, 27103283, 26997779, 26997779, 26997779, 26997779, 26997779, 26997779, 26997779, 26997779, 26997779, 26997779, 26997779, 26997779, 781119266, 26956587, 26956587, 259691874, 663824748, 27278932, 27278932, 2094481536, 27232760, 27232760, 27232760, 27232760, 27232760, 27232760, 27232760, 27232760, 27232760, 27232760, 27232760, 27232760, 27232760, 27232760, 27232760, 27232760, 27232760, 26956587, 1134279481, 27103283, 27103283, 27103283, 26997779, 26956587, 26956587, 26956587, 26956587, 26956587, 26956587, 26956587, 26956587, 26956587, 26956587, 26956587, 26759908, 26759908, 26759908, 26759908, 26759908, 26759908, 26759908, 26759908, 26726923, 26695203, 26695203, 26695203, 26695203, 26695203, 317664584, 27685307, 155069656, 28272208, 28272208, 28272208, 28272208, 28272208, 28272208, 28272208, 28272208, 26615821, 130042606, 26615821, 26615821, 26615821, 26615821, 26615821, 26615821, 26615821, 26615821, 26349776, 26349776, 25997827, 25997827, 25997827, 28607794, 27766321, 27766321, 27766321, 27766321, 27773145, 26044318, 739371607, 26164062, 26164062, 26164062, 26164062, 26164062, 26164062, 26164062, 26164062, 26164062, 26164062, 157503808, 26164062, 132183261, 27685307, 27685307, 27685307, 27685307, 27685307, 27685307, 27685307, 27685307, 27685307, 27685307, 27685307, 26956587, 80075378, 27512576, 27512576, 27512576, 27512576, 27512576, 27512576, 27512576, 25997827, 25997827, 52327402, 25997827, 25997827, 25997827, 25997827, 25997827, 287560792, 25997827, 396643196, 26445624, 26535544, 26535544, 26535544, 26535544, 26535544, 26535544, 26535544, 26535544, 27778822, 27278932, 27278932, 27278932, 608393912, 27278932, 27278932, 27278932, 27278932, 362130605, 27232760, 27232760, 27232760, 144037871, 27685307, 27685307, 27685307, 27685307, 27685307, 26042517, 78386133, 26042517, 26042517, 26042517, 26042517, 26042517, 26042517, 26042517, 26042517, 26042517, 26042517, 26042517, 26042517, 26042517, 26042517, 26042517, 26042517, 26042517, 26042517, 26042517, 26042517, 26368885, 26368885]",0,0,0,SSD,0,29360128,0,29360128,29360128,29360128,1.0,hot,0,0,0,0,1.0,58720256
0,191,meta-llama/Llama-3.1-8B,1009,1392,17768097851,134049727652,116281629801,96460378914,96728641875,51185832,"[211602473, 26956587, 26956587, 740861480, 27685307, 27685307, 27685307, 26956587, 26759908, 26759908, 26759908, 26759908, 26759908, 26615821, 1066069601, 27512576, 27512576, 27512576, 79529788, 27278932, 27278932, 27278932, 27278932, 27278932, 27278932, 27278932, 27278932, 27278932, 27278932, 27278932, 27278932, 27278932, 27278932, 27278932, 27278932, 27278932, 27278932, 27278932, 27278932, 27278932, 27278932, 27278932, 1740601758, 27232760, 27232760, 27232760, 27232760, 27232760, 27232760, 27232760, 27103283, 27103283, 27103283, 27103283, 27103283, 27103283, 27103283, 27103283, 27103283, 27103283, 27103283, 27103283, 27103283, 27103283, 27103283, 27103283, 26997779, 26997779, 26997779, 26997779, 26997779, 26997779, 26997779, 26997779, 26997779, 26997779, 26997779, 26997779, 26645180, 287704766, 26645180, 386421081, 26246582, 27456477, 26956587, 26956587, 259691874, 26699917, 26464944, 26464944, 26464944, 26464944, 26464944, 26464944, 104324635, 26615821, 26615821, 26615821, 26615821, 26437374, 26437374, 26437374, 26437374, 26437374, 26437374, 26437374, 26437374, 26437374, 29610882, 27278932, 27278932, 2094481536, 27232760, 27232760, 27232760, 27232760, 27232760, 27232760, 27232760, 27232760, 27232760, 27232760, 27232760, 27232760, 27232760, 27232760, 27232760, 27232760, 27232760, 26956587, 26164062, 1108115419, 27103283, 27103283, 27103283, 26997779, 26956587, 26956587, 26956587, 26956587, 26956587, 26956587, 26956587, 26956587, 26956587, 26956587, 26956587, 26759908, 26759908, 26759908, 26759908, 26759908, 26759908, 26759908, 26759908, 26726923, 26695203, 26695203, 26695203, 26695203, 26695203, 317664584, 27685307, 155069656, 28272208, 28272208, 28272208, 28272208, 28272208, 28272208, 28272208, 28272208, 26615821, 26464944, 103577662, 26615821, 26615821, 26615821, 26615821, 26615821, 26615821, 26615821, 26615821, 26349776, 26349776, 25997827, 25997827, 25997827, 28607794, 27766321, 27766321, 27766321, 27766321, 27773145, 26044318, 309098927, 26125428, 404147252, 26164062, 26164062, 26164062, 26164062, 26164062, 26164062, 26164062, 26164062, 26164062, 26164062, 26437374, 26437374, 26437374, 78191686, 26164062, 26125428, 26125428, 25829685, 25829685, 28273035, 27685307, 27685307, 27685307, 27685307, 27685307, 27685307, 27685307, 27685307, 27685307, 27685307, 27685307, 26956587, 26437374, 26125428, 27512576, 27512576, 27512576, 27512576, 27512576, 27512576, 27512576, 27512576, 25997827, 25997827, 25829685, 26497717, 25997827, 25997827, 25997827, 25997827, 25997827, 26125428, 26368885, 26368885, 26368885, 26368885, 155959824, 25997827, 26316447, 26316447, 26316447, 26316447, 26316447, 26316447, 26316447, 26316447, 26316447, 26316447, 26316447, 26572255, 26572255, 26572255, 27445514, 26445624, 26535544, 26535544, 26535544, 26535544, 26535544, 26535544, 26535544, 26535544, 27778822, 27278932, 27278932, 27278932, 25853850, 25853850, 26353740, 25853850, 25853850, 25853850, 25853850, 25853850, 25853850, 25853850, 25853850, 25853850, 25853850, 25853850, 25853850, 25853850, 25853850, 25853850, 25853850, 116670872, 27278932, 27278932, 27278932, 27278932, 25619925, 25619925, 25619925, 25619925, 25619925, 25619925, 25619925, 25619925, 25619925, 25829685, 26329575, 25829685, 25829685, 27732650, 27232760, 27232760, 27232760, 144037871, 27685307, 27685307, 27685307, 27685307, 27685307, 26042517, 25921863, 25921863, 26542407, 26042517, 26042517, 26042517, 26042517, 26042517, 26042517, 26042517, 26042517, 26042517, 26042517, 26042517, 26042517, 26042517, 26042517, 26042517, 26042517, 26042517, 26042517, 26042517, 26042517, 26368885, 26368885, 28012466, 26615821, 26368885, 26294878, 25619925, 25619925, 25619925, 25619925, 25619925, 27115711, 26615821, 26615821, 26851835, 26851835, 26851835, 26851835, 26851835, 26851835, 26851835, 26851835, 26851835, 26851835, 26851835, 26851835, 26851835]",0,0,0,NPU,0,0,0,0,0,0,1.0,hot,0,0,0,0,1.0,0
0,195,meta-llama/Llama-3.1-8B,82,456,18183403695,134776889510,116593485815,96045073070,96313336031,54370374,"[211602473, 26956587, 26956587, 740861480, 27685307, 27685307, 27685307, 26956587, 26759908, 26759908, 26759908, 26759908, 26759908, 1092685422, 27512576, 27512576, 27512576, 79529788, 27278932, 27278932, 27278932, 27278932, 27278932, 27278932, 27278932, 27278932, 27278932, 27278932, 27278932, 27278932, 27278932, 27278932, 27278932, 27278932, 27278932, 27278932, 27278932, 27278932, 27278932, 27278932, 27278932, 1740601758, 27232760, 27232760, 27232760, 27232760, 27232760, 27232760, 27232760, 27103283, 27103283, 27103283, 27103283, 27103283, 27103283, 27103283, 27103283, 27103283, 27103283, 27103283, 27103283, 27103283, 27103283, 27103283, 27103283, 26997779, 26997779, 26997779, 26997779, 26997779, 26997779, 26997779, 26997779, 26997779, 26997779, 26997779, 26997779, 26645180, 287704766, 26645180, 386421081, 53703059, 26956587, 26956587, 259691874, 26699917, 263114299, 26615821, 26615821, 26615821, 26615821, 267547248, 27278932, 27278932, 2094481536, 27232760, 27232760, 27232760, 27232760, 27232760, 27232760, 27232760, 27232760, 27232760, 27232760, 27232760, 27232760, 27232760, 27232760, 27232760, 27232760, 27232760, 26956587, 26164062, 1108115419, 27103283, 27103283, 27103283, 26997779, 26956587, 26956587, 26956587, 26956587, 26956587, 26956587, 26956587, 26956587, 26956587, 26956587, 26956587, 26759908, 26759908, 26759908, 26759908, 26759908, 26759908, 26759908, 26759908, 26726923, 26695203, 26695203, 26695203, 26695203, 26695203, 317664584, 27685307, 155069656, 28272208, 28272208, 28272208, 28272208, 28272208, 28272208, 28272208, 28272208, 26615821, 26464944, 103577662, 26615821, 26615821, 26615821, 26615821, 26615821, 26615821, 26615821, 26615821, 26349776, 26349776, 25997827, 25997827, 25997827, 28607794, 27766321, 27766321, 27766321, 27766321, 27773145, 26044318, 309098927, 26125428, 404147252, 26164062, 26164062, 26164062, 26164062, 26164062, 26164062, 26164062, 26164062, 26164062, 26164062, 26437374, 26437374, 26437374, 78191686, 26164062, 26125428, 26125428, 79932405, 27685307, 27685307, 27685307, 27685307, 27685307, 27685307, 27685307, 27685307, 27685307, 27685307, 27685307, 26956587, 26437374, 26125428, 27512576, 27512576, 27512576, 27512576, 27512576, 27512576, 27512576, 27512576, 25997827, 25997827, 25829685, 26497717, 25997827, 25997827, 25997827, 25997827, 25997827, 26125428, 26368885, 26368885, 26368885, 26368885, 155959824, 25997827, 396643196, 26445624, 26535544, 26535544, 26535544, 26535544, 26535544, 26535544, 26535544, 26535544, 27778822, 27278932, 27278932, 27278932, 25853850, 25853850, 26353740, 25853850, 25853850, 25853850, 25853850, 25853850, 25853850, 25853850, 25853850, 25853850, 25853850, 25853850, 25853850, 25853850, 25853850, 25853850, 25853850, 116670872, 27278932, 27278932, 27278932, 27278932, 25619925, 25619925, 25619925, 25619925, 25619925, 25619925, 25619925, 25619925, 25619925, 25829685, 26329575, 25829685, 25829685, 27732650, 27232760, 27232760, 27232760, 144037871, 27685307, 27685307, 27685307, 27685307, 27685307, 26042517, 25921863, 25921863, 26542407, 26042517, 26042517, 26042517, 26042517, 26042517, 26042517, 26042517, 26042517, 26042517, 26042517, 26042517, 26042517, 26042517, 26042517, 26042517, 26042517, 26042517, 26042517, 26042517, 26042517, 26368885, 26368885, 28012466, 26615821, 26368885, 26294878, 25619925, 25619925, 25619925, 25619925, 25619925, 27115711, 26615821, 26615821, 26851835, 26851835, 26851835, 26851835, 26851835, 26851835, 26851835, 26851835, 26851835, 26851835, 26851835, 26851835, 26851835, 94372610, 27512576, 27512576, 27512576, 27512576, 27512576, 27512576, 27512576, 27512576, 27512576, 27512576, 27512576, 27512576, 27512576, 27512576, 27512576, 27512576, 27512576, 27512576, 27512576, 27512576, 27512576, 27512576, 27512576]",0,0,0,NPU,0,0,0,0,0,0,1.0,hot,0,0,0,0,1.0,0
0,201,meta-llama/Llama-3.1-8B,120,434,19021249687,134967842034,115946592347,96419521628,96481867166,62187620,"[27685307, 27685307, 27685307, 1253441549, 27512576, 27512576, 27512576, 79529788, 27278932, 27278932, 27278932, 27278932, 27278932, 27278932, 27278932, 27278932, 27278932, 27278932, 27278932, 27278932, 27278932, 27278932, 27278932, 27278932, 27278932, 27278932, 27278932, 27278932, 27278932, 27278932, 27278932, 1740601758, 27232760, 27232760, 27232760, 27232760, 27232760, 27232760, 27232760, 27103283, 27103283, 27103283, 27103283, 27103283, 27103283, 27103283, 27103283, 27103283, 27103283, 27103283, 27103283, 27103283, 27103283, 27103283, 27103283, 26997779, 26997779, 26997779, 26997779, 26997779, 26997779, 26997779, 26997779, 26997779, 26997779, 26997779, 26997779, 781119266, 26956587, 26956587, 259691874, 663824748, 27278932, 27278932, 2094481536, 27232760, 27232760, 27232760, 27232760, 27232760, 27232760, 27232760, 27232760, 27232760, 27232760, 27232760, 27232760, 27232760, 27232760, 27232760, 27232760, 27232760, 26956587, 1134279481, 27103283, 27103283, 27103283, 26997779, 26956587, 26956587, 26956587, 26956587, 26956587, 26956587, 26956587, 26956587, 26956587, 26956587, 26956587, 26759908, 26759908, 26759908, 26759908, 26759908, 26759908, 26759908, 26759908, 26726923, 26695203, 26695203, 26695203, 26695203, 26695203, 317664584, 27685307, 155069656, 28272208, 28272208, 28272208, 28272208, 28272208, 28272208, 28272208, 28272208, 26615821, 130042606, 26615821, 26615821, 26615821, 26615821, 26615821, 26615821, 26615821, 26615821, 26349776, 26349776, 25997827, 25997827, 25997827, 28607794, 27766321, 27766321, 27766321, 27766321, 27773145, 26044318, 739371607, 26164062, 26164062, 26164062, 26164062, 26164062, 26164062, 26164062, 26164062, 26164062, 26164062, 157503808, 26164062, 132183261, 27685307, 27685307, 27685307, 27685307, 27685307, 27685307, 27685307, 27685307, 27685307, 27685307, 27685307, 26956587, 26437374, 53638004, 27512576, 27512576, 27512576, 27512576, 27512576, 27512576, 27512576, 25997827, 25997827, 52327402, 25997827, 25997827, 25997827, 25997827, 25997827, 26125428, 261435364, 25997827, 396643196, 26445624, 26535544, 26535544, 26535544, 26535544, 26535544, 26535544, 26535544, 26535544, 27778822, 27278932, 27278932, 27278932, 25853850, 25853850, 26353740, 25853850, 25853850, 25853850, 25853850, 25853850, 25853850, 25853850, 25853850, 25853850, 25853850, 25853850, 25853850, 25853850, 25853850, 25853850, 25853850, 116670872, 27278932, 27278932, 27278932, 27278932, 362130605, 27232760, 27232760, 27232760, 144037871, 27685307, 27685307, 27685307, 27685307, 27685307, 26042517, 25921863, 25921863, 26542407, 26042517, 26042517, 26042517, 26042517, 26042517, 26042517, 26042517, 26042517, 26042517, 26042517, 26042517, 26042517, 26042517, 26042517, 26042517, 26042517, 26042517, 26042517, 26042517, 26042517, 26368885, 26368885, 28012466, 26615821, 26368885, 181510214, 26615821, 26615821, 443446465, 27512576, 27512576, 27512576, 27512576, 27512576, 27512576, 27512576, 27512576, 27512576, 27512576, 27512576, 27512576, 27512576, 27512576, 27512576, 27512576, 27512576, 27512576, 27512576, 27512576, 27512576, 27512576, 27512576, 27278932, 27278932, 27278932, 27278932, 27278932, 27278932, 27278932]",0,0,0,SSD,0,41943040,0,41943040,41943040,41943040,1.0,hot,0,0,0,0,1.0,83886080
0,216,meta-llama/Llama-3.1-8B,179,303,20018758503,135839290354,115820531851,106610089463,106927754047,72299006,"[27685307, 155069656, 28272208, 28272208, 28272208, 28272208, 28272208, 28272208, 28272208, 28272208, 528885822, 27766321, 27766321, 27766321, 27766321, 27773145, 1342907676, 27685307, 27685307, 27685307, 27685307, 27685307, 27685307, 27685307, 27685307, 27685307, 27685307, 27685307, 107031965, 27512576, 27512576, 27512576, 27512576, 27512576, 27512576, 27512576, 1211022804, 27278932, 27278932, 27278932, 608393912, 27278932, 27278932, 27278932, 27278932, 362130605, 27232760, 27232760, 27232760, 144037871, 27685307, 27685307, 27685307, 27685307, 27685307, 706029226, 26615821, 207879099, 26615821, 26615821, 443446465, 27512576, 27512576, 27512576, 27512576, 27512576, 27512576, 27512576, 27512576, 27512576, 27512576, 27512576, 27512576, 27512576, 27512576, 27512576, 27512576, 27512576, 27512576, 27512576, 27512576, 27512576, 27512576, 27512576, 27278932, 27278932, 27278932, 27278932, 27278932, 27278932, 27278932, 27232760, 27232760, 27232760, 27232760, 27232760, 27232760, 27232760, 27232760, 27232760, 27232760, 27232760, 27232760, 27232760, 27232760, 27232760, 27232760, 27232760, 27232760, 27232760, 27232760, 27232760, 27232760, 27232760, 27232760, 27232760, 27232760, 27232760, 27232760, 27232760, 27232760, 27232760, 27232760]",0,0,0,NPU,0,0,0,0,0,0,1.0,hot,0,0,0,0,1.0,0
0,207,meta-llama/Llama-3.1-8B,10,220,19481491440,136136687939,116655196499,101671495229,101931187103,70449805,"[663824748, 27278932, 27278932, 2094481536, 27232760, 27232760, 27232760, 27232760, 27232760, 27232760, 27232760, 27232760, 27232760, 27232760, 27232760, 27232760, 27232760, 27232760, 27232760, 27232760, 27232760, 1161236068, 27103283, 27103283, 27103283, 26997779, 26956587, 26956587, 26956587, 26956587, 26956587, 26956587, 26956587, 26956587, 26956587, 26956587, 26956587, 26759908, 26759908, 26759908, 26759908, 26759908, 26759908, 26759908, 26759908, 26726923, 26695203, 26695203, 26695203, 26695203, 26695203, 317664584, 27685307, 155069656, 28272208, 28272208, 28272208, 28272208, 28272208, 28272208, 28272208, 28272208, 26615821, 130042606, 26615821, 26615821, 26615821, 26615821, 26615821, 26615821, 26615821, 26615821, 26349776, 26349776, 106601275, 27766321, 27766321, 27766321, 27766321, 27773145, 1342907676, 27685307, 27685307, 27685307, 27685307, 27685307, 27685307, 27685307, 27685307, 27685307, 27685307, 27685307, 26956587, 80075378, 27512576, 27512576, 27512576, 27512576, 27512576, 27512576, 27512576, 944514006, 26445624, 26535544, 26535544, 26535544, 26535544, 26535544, 26535544, 26535544, 26535544, 27778822, 27278932, 27278932, 27278932, 608393912, 27278932, 27278932, 27278932, 27278932, 362130605, 27232760, 27232760, 27232760, 144037871, 27685307, 27685307, 27685307, 27685307, 27685307, 706029226, 26615821, 207879099, 26615821, 26615821, 443446465, 27512576, 27512576, 27512576, 27512576, 27512576, 27512576, 27512576, 27512576, 27512576, 27512576, 27512576, 27512576, 27512576, 27512576, 27512576, 27512576, 27512576, 27512576, 27512576, 27512576, 27512576, 27512576, 27512576, 27278932, 27278932, 27278932, 27278932, 27278932, 27278932, 27278932, 27232760, 27232760, 27232760, 27232760, 27232760, 27232760, 27232760, 27232760, 27232760, 27232760, 27232760, 27232760, 27232760, 27232760, 27232760, 27232760, 27232760, 27232760, 27232760, 27232760, 27232760, 27232760, 27232760, 27232760, 27232760, 27232760, 27232760, 27232760, 27232760, 27232760, 27232760, 27232760, 27103283, 27103283, 27103283, 27103283, 26997779, 26997779, 26997779, 26997779, 26997779, 26997779, 26997779]",0,0,0,SSD,0,31457280,0,31457280,31457280,31457280,1.0,hot,0,0,0,0,1.0,62914560
0,196,meta-llama/Llama-3.1-8B,416,827,18312850237,136163644526,117850794289,95915626528,96183889489,52846109,"[211602473, 26956587, 26956587, 740861480, 27685307, 27685307, 27685307, 26956587, 26759908, 26759908, 26759908, 26759908, 26759908, 1092685422, 27512576, 27512576, 27512576, 79529788, 27278932, 27278932, 27278932, 27278932, 27278932, 27278932, 27278932, 27278932, 27278932, 27278932, 27278932, 27278932, 27278932, 27278932, 27278932, 27278932, 27278932, 27278932, 27278932, 27278932, 27278932, 27278932, 27278932, 1740601758, 27232760, 27232760, 27232760, 27232760, 27232760, 27232760, 27232760, 27103283, 27103283, 27103283, 27103283, 27103283, 27103283, 27103283, 27103283, 27103283, 27103283, 27103283, 27103283, 27103283, 27103283, 27103283, 27103283, 26997779, 26997779, 26997779, 26997779, 26997779, 26997779, 26997779, 26997779, 26997779, 26997779, 26997779, 26997779, 26645180, 287704766, 26645180, 386421081, 53703059, 26956587, 26956587, 259691874, 26699917, 263114299, 26615821, 26615821, 26615821, 26615821, 267547248, 27278932, 27278932, 2094481536, 27232760, 27232760, 27232760, 27232760, 27232760, 27232760, 27232760, 27232760, 27232760, 27232760, 27232760, 27232760, 27232760, 27232760, 27232760, 27232760, 27232760, 26956587, 26164062, 1108115419, 27103283, 27103283, 27103283, 26997779, 26956587, 26956587, 26956587, 26956587, 26956587, 26956587, 26956587, 26956587, 26956587, 26956587, 26956587, 26759908, 26759908, 26759908, 26759908, 26759908, 26759908, 26759908, 26759908, 26726923, 26695203, 26695203, 26695203, 26695203, 26695203, 317664584, 27685307, 155069656, 28272208, 28272208, 28272208, 28272208, 28272208, 28272208, 28272208, 28272208, 26615821, 26464944, 103577662, 26615821, 26615821, 26615821, 26615821, 26615821, 26615821, 26615821, 26615821, 26349776, 26349776, 25997827, 25997827, 25997827, 28607794, 27766321, 27766321, 27766321, 27766321, 27773145, 26044318, 309098927, 26125428, 404147252, 26164062, 26164062, 26164062, 26164062, 26164062, 26164062, 26164062, 26164062, 26164062, 26164062, 26437374, 26437374, 26437374, 78191686, 26164062, 26125428, 26125428, 79932405, 27685307, 27685307, 27685307, 27685307, 27685307, 27685307, 27685307, 27685307, 27685307, 27685307, 27685307, 26956587, 26437374, 26125428, 27512576, 27512576, 27512576, 27512576, 27512576, 27512576, 27512576, 27512576, 25997827, 25997827, 52327402, 25997827, 25997827, 25997827, 25997827, 25997827, 26125428, 26368885, 26368885, 26368885, 26368885, 155959824, 25997827, 396643196, 26445624, 26535544, 26535544, 26535544, 26535544, 26535544, 26535544, 26535544, 26535544, 27778822, 27278932, 27278932, 27278932, 25853850, 25853850, 26353740, 25853850, 25853850, 25853850, 25853850, 25853850, 25853850, 25853850, 25853850, 25853850, 25853850, 25853850, 25853850, 25853850, 25853850, 25853850, 25853850, 116670872, 27278932, 27278932, 27278932, 27278932, 25619925, 25619925, 25619925, 25619925, 25619925, 25619925, 25619925, 25619925, 25619925, 25829685, 26329575, 25829685, 25829685, 27732650, 27232760, 27232760, 27232760, 144037871, 27685307, 27685307, 27685307, 27685307, 27685307, 26042517, 25921863, 25921863, 26542407, 26042517, 26042517, 26042517, 26042517, 26042517, 26042517, 26042517, 26042517, 26042517, 26042517, 26042517, 26042517, 26042517, 26042517, 26042517, 26042517, 26042517, 26042517, 26042517, 26042517, 26368885, 26368885, 28012466, 26615821, 26368885, 26294878, 25619925, 25619925, 25619925, 25619925, 25619925, 27115711, 26615821, 26615821, 443446465, 27512576, 27512576, 27512576, 27512576, 27512576, 27512576, 27512576, 27512576, 27512576, 27512576, 27512576, 27512576, 27512576, 27512576, 27512576, 27512576, 27512576, 27512576, 27512576, 27512576, 27512576, 27512576, 27512576, 27278932, 27278932, 27278932, 27278932, 27278932, 27278932, 27278932, 27232760, 27232760, 27232760, 27232760, 27232760, 27232760, 27232760, 27232760, 27232760, 27232760, 27232760, 27232760, 27232760, 27232760, 27232760, 27232760, 27232760, 27232760, 27232760, 27232760, 27232760, 27232760, 27232760, 27232760, 27232760, 27232760, 27232760, 27232760, 27232760, 27232760, 27232760, 27232760, 27103283, 27103283, 27103283, 27103283, 26997779, 26997779, 26997779, 26997779, 26997779, 26997779, 26997779, 26956587]",0,0,0,NPU,0,0,0,0,0,0,1.0,hot,0,0,0,0,1.0,0
0,199,meta-llama/Llama-3.1-8B,12,395,18909729446,136163644526,117253915080,96531041869,96593387407,54085150,"[27685307, 27685307, 27685307, 1253441549, 27512576, 27512576, 27512576, 79529788, 27278932, 27278932, 27278932, 27278932, 27278932, 27278932, 27278932, 27278932, 27278932, 27278932, 27278932, 27278932, 27278932, 27278932, 27278932, 27278932, 27278932, 27278932, 27278932, 27278932, 27278932, 27278932, 27278932, 1740601758, 27232760, 27232760, 27232760, 27232760, 27232760, 27232760, 27232760, 27103283, 27103283, 27103283, 27103283, 27103283, 27103283, 27103283, 27103283, 27103283, 27103283, 27103283, 27103283, 27103283, 27103283, 27103283, 27103283, 26997779, 26997779, 26997779, 26997779, 26997779, 26997779, 26997779, 26997779, 26997779, 26997779, 26997779, 26997779, 781119266, 26956587, 26956587, 259691874, 26699917, 263114299, 26615821, 26615821, 26615821, 26615821, 267547248, 27278932, 27278932, 2094481536, 27232760, 27232760, 27232760, 27232760, 27232760, 27232760, 27232760, 27232760, 27232760, 27232760, 27232760, 27232760, 27232760, 27232760, 27232760, 27232760, 27232760, 26956587, 1134279481, 27103283, 27103283, 27103283, 26997779, 26956587, 26956587, 26956587, 26956587, 26956587, 26956587, 26956587, 26956587, 26956587, 26956587, 26956587, 26759908, 26759908, 26759908, 26759908, 26759908, 26759908, 26759908, 26759908, 26726923, 26695203, 26695203, 26695203, 26695203, 26695203, 317664584, 27685307, 155069656, 28272208, 28272208, 28272208, 28272208, 28272208, 28272208, 28272208, 28272208, 26615821, 26464944, 103577662, 26615821, 26615821, 26615821, 26615821, 26615821, 26615821, 26615821, 26615821, 26349776, 26349776, 25997827, 25997827, 25997827, 28607794, 27766321, 27766321, 27766321, 27766321, 27773145, 26044318, 309098927, 26125428, 404147252, 26164062, 26164062, 26164062, 26164062, 26164062, 26164062, 26164062, 26164062, 26164062, 26164062, 26437374, 26437374, 26437374, 78191686, 26164062, 26125428, 26125428, 79932405, 27685307, 27685307, 27685307, 27685307, 27685307, 27685307, 27685307, 27685307, 27685307, 27685307, 27685307, 26956587, 26437374, 26125428, 27512576, 27512576, 27512576, 27512576, 27512576, 27512576, 27512576, 27512576, 25997827, 25997827, 52327402, 25997827, 25997827, 25997827, 25997827, 25997827, 26125428, 26368885, 26368885, 26368885, 26368885, 155959824, 25997827, 396643196, 26445624, 26535544, 26535544, 26535544, 26535544, 26535544, 26535544, 26535544, 26535544, 27778822, 27278932, 27278932, 27278932, 25853850, 25853850, 26353740, 25853850, 25853850, 25853850, 25853850, 25853850, 25853850, 25853850, 25853850, 25853850, 25853850, 25853850, 25853850, 25853850, 25853850, 25853850, 25853850, 116670872, 27278932, 27278932, 27278932, 27278932, 362130605, 27232760, 27232760, 27232760, 144037871, 27685307, 27685307, 27685307, 27685307, 27685307, 26042517, 25921863, 25921863, 26542407, 26042517, 26042517, 26042517, 26042517, 26042517, 26042517, 26042517, 26042517, 26042517, 26042517, 26042517, 26042517, 26042517, 26042517, 26042517, 26042517, 26042517, 26042517, 26042517, 26042517, 26368885, 26368885, 28012466, 26615821, 26368885, 26294878, 25619925, 25619925, 25619925, 25619925, 25619925, 27115711, 26615821, 26615821, 443446465, 27512576, 27512576, 27512576, 27512576, 27512576, 27512576, 27512576, 27512576, 27512576, 27512576, 27512576, 27512576, 27512576, 27512576, 27512576, 27512576, 27512576, 27512576, 27512576, 27512576, 27512576, 27512576, 27512576, 27278932, 27278932, 27278932, 27278932, 27278932, 27278932, 27278932, 27232760, 27232760, 27232760, 27232760, 27232760, 27232760, 27232760, 27232760, 27232760, 27232760, 27232760, 27232760, 27232760, 27232760, 27232760, 27232760, 27232760, 27232760, 27232760, 27232760, 27232760, 27232760, 27232760, 27232760, 27232760, 27232760, 27232760, 27232760, 27232760, 27232760, 27232760, 27232760, 27103283, 27103283, 27103283, 27103283, 26997779, 26997779, 26997779, 26997779, 26997779, 26997779, 26997779, 26956587]",0,0,0,SSD,0,48234496,0,48234496,48234496,48234496,1.0,hot,0,0,0,0,1.0,96468992
0,210,meta-llama/Llama-3.1-8B,245,397,19579100248,136565898291,116986798043,107049747718,107367412302,63704541,"[27685307, 155069656, 28272208, 28272208, 28272208, 28272208, 28272208, 28272208, 28272208, 28272208, 528885822, 27766321, 27766321, 27766321, 27766321, 27773145, 1342907676, 27685307, 27685307, 27685307, 27685307, 27685307, 27685307, 27685307, 27685307, 27685307, 27685307, 27685307, 26956587, 80075378, 27512576, 27512576, 27512576, 27512576, 27512576, 27512576, 27512576, 1211022804, 27278932, 27278932, 27278932, 608393912, 27278932, 27278932, 27278932, 27278932, 362130605, 27232760, 27232760, 27232760, 144037871, 27685307, 27685307, 27685307, 27685307, 27685307, 706029226, 26615821, 207879099, 26615821, 26615821, 443446465, 27512576, 27512576, 27512576, 27512576, 27512576, 27512576, 27512576, 27512576, 27512576, 27512576, 27512576, 27512576, 27512576, 27512576, 27512576, 27512576, 27512576, 27512576, 27512576, 27512576, 27512576, 27512576, 27512576, 27278932, 27278932, 27278932, 27278932, 27278932, 27278932, 27278932, 27232760, 27232760, 27232760, 27232760, 27232760, 27232760, 27232760, 27232760, 27232760, 27232760, 27232760, 27232760, 27232760, 27232760, 27232760, 27232760, 27232760, 27232760, 27232760, 27232760, 27232760, 27232760, 27232760, 27232760, 27232760, 27232760, 27232760, 27232760, 27232760, 27232760, 27232760, 27232760, 27103283, 27103283, 27103283, 27103283, 26997779, 26997779, 26997779, 26997779, 26997779, 26997779, 26997779, 26956587, 26830763, 26830763, 26830763, 26830763, 26830763, 26830763, 26830763, 26830763, 26830763, 26830763, 26830763, 26830763, 26830763, 26726923, 26726923]",0,0,0,SSD,0,33554432,0,33554432,33554432,33554432,1.0,hot,0,0,0,0,1.0,67108864
0,200,meta-llama/Llama-3.1-8B,12,400,19012460515,136646075644,117633615129,96428310800,96490656338,54632968,"[27685307, 27685307, 27685307, 1253441549, 27512576, 27512576, 27512576, 79529788, 27278932, 27278932, 27278932, 27278932, 27278932, 27278932, 27278932, 27278932, 27278932, 27278932, 27278932, 27278932, 27278932, 27278932, 27278932, 27278932, 27278932, 27278932, 27278932, 27278932, 27278932, 27278932, 27278932, 1740601758, 27232760, 27232760, 27232760, 27232760, 27232760, 27232760, 27232760, 27103283, 27103283, 27103283, 27103283, 27103283, 27103283, 27103283, 27103283, 27103283, 27103283, 27103283, 27103283, 27103283, 27103283, 27103283, 27103283, 26997779, 26997779, 26997779, 26997779, 26997779, 26997779, 26997779, 26997779, 26997779, 26997779, 26997779, 26997779, 781119266, 26956587, 26956587, 259691874, 26699917, 263114299, 26615821, 26615821, 26615821, 26615821, 267547248, 27278932, 27278932, 2094481536, 27232760, 27232760, 27232760, 27232760, 27232760, 27232760, 27232760, 27232760, 27232760, 27232760, 27232760, 27232760, 27232760, 27232760, 27232760, 27232760, 27232760, 26956587, 1134279481, 27103283, 27103283, 27103283, 26997779, 26956587, 26956587, 26956587, 26956587, 26956587, 26956587, 26956587, 26956587, 26956587, 26956587, 26956587, 26759908, 26759908, 26759908, 26759908, 26759908, 26759908, 26759908, 26759908, 26726923, 26695203, 26695203, 26695203, 26695203, 26695203, 317664584, 27685307, 155069656, 28272208, 28272208, 28272208, 28272208, 28272208, 28272208, 28272208, 28272208, 26615821, 26464944, 103577662, 26615821, 26615821, 26615821, 26615821, 26615821, 26615821, 26615821, 26615821, 26349776, 26349776, 25997827, 25997827, 25997827, 28607794, 27766321, 27766321, 27766321, 27766321, 27773145, 26044318, 739371607, 26164062, 26164062, 26164062, 26164062, 26164062, 26164062, 26164062, 26164062, 26164062, 26164062, 26437374, 26437374, 26437374, 78191686, 26164062, 132183261, 27685307, 27685307, 27685307, 27685307, 27685307, 27685307, 27685307, 27685307, 27685307, 27685307, 27685307, 26956587, 26437374, 26125428, 27512576, 27512576, 27512576, 27512576, 27512576, 27512576, 27512576, 27512576, 25997827, 25997827, 52327402, 25997827, 25997827, 25997827, 25997827, 25997827, 26125428, 261435364, 25997827, 396643196, 26445624, 26535544, 26535544, 26535544, 26535544, 26535544, 26535544, 26535544, 26535544, 27778822, 27278932, 27278932, 27278932, 25853850, 25853850, 26353740, 25853850, 25853850, 25853850, 25853850, 25853850, 25853850, 25853850, 25853850, 25853850, 25853850, 25853850, 25853850, 25853850, 25853850, 25853850, 25853850, 116670872, 27278932, 27278932, 27278932, 27278932, 362130605, 27232760, 27232760, 27232760, 144037871, 27685307, 27685307, 27685307, 27685307, 27685307, 26042517, 25921863, 25921863, 26542407, 26042517, 26042517, 26042517, 26042517, 26042517, 26042517, 26042517, 26042517, 26042517, 26042517, 26042517, 26042517, 26042517, 26042517, 26042517, 26042517, 26042517, 26042517, 26042517, 26042517, 26368885, 26368885, 28012466, 26615821, 26368885, 26294878, 155215336, 26615821, 26615821, 443446465, 27512576, 27512576, 27512576, 27512576, 27512576, 27512576, 27512576, 27512576, 27512576, 27512576, 27512576, 27512576, 27512576, 27512576, 27512576, 27512576, 27512576, 27512576, 27512576, 27512576, 27512576, 27512576, 27512576, 27278932, 27278932, 27278932, 27278932, 27278932, 27278932, 27278932, 27232760, 27232760, 27232760, 27232760, 27232760, 27232760, 27232760, 27232760, 27232760, 27232760, 27232760, 27232760, 27232760, 27232760, 27232760, 27232760, 27232760, 27232760, 27232760, 27232760, 27232760, 27232760, 27232760, 27232760, 27232760, 27232760, 27232760, 27232760, 27232760, 27232760, 27232760, 27232760, 27103283, 27103283, 27103283, 27103283, 26997779, 26997779, 26997779, 26997779, 26997779, 26997779, 26997779, 26956587, 26830763, 26830763, 26830763, 26830763, 26830763, 26830763, 26830763, 26830763, 26830763, 26830763, 26830763, 26830763, 26830763, 26726923, 26726923, 26786947, 26695203, 26695203]",0,0,0,SSD,0,2097152,0,2097152,2097152,2097152,1.0,hot,0,0,0,0,1.0,4194304
0,224,meta-llama/Llama-3.1-8B,474,574,20727746354,136646075644,115918329290,111696687249,111840725120,41187920,"[27685307, 27685307, 27685307, 27685307, 27685307, 706029226, 731173027, 27512576, 27512576, 27512576, 27512576, 27512576, 27512576, 27512576, 27512576, 27512576, 27512576, 27512576, 27512576, 27512576, 27512576, 27512576, 27512576, 27512576, 27512576, 27512576, 27512576, 27512576, 27512576, 27512576, 27278932, 27278932, 27278932, 27278932, 27278932, 27278932, 27278932, 27232760, 27232760, 27232760, 27232760, 27232760, 27232760, 27232760, 27232760, 27232760, 27232760, 27232760, 27232760, 27232760, 27232760, 27232760, 27232760, 27232760, 27232760, 27232760, 27232760, 27232760, 27232760, 27232760, 27232760, 27232760, 27232760, 27232760, 27232760, 27232760, 27232760, 27232760, 27232760, 27103283, 27103283, 27103283, 27103283, 26997779, 26997779, 26997779, 26997779, 26997779, 26997779, 26997779, 26956587, 26830763, 26830763, 26830763, 26830763, 26830763, 26830763, 26830763, 26830763, 26830763, 26830763, 26830763, 26830763, 26830763, 26726923, 26726923, 26786947, 26695203, 26695203]",0,0,0,NPU,0,0,0,0,0,0,1.0,hot,0,0,0,0,1.0,0
0,229,meta-llama/Llama-3.1-8B,1607,1609,21489225022,136986109931,115496884909,115156850622,115470125001,26759908,[26759908],0,0,0,NPU,0,0,0,0,0,0,1.0,hot,0,0,0,0,1.0,0
0,218,meta-llama/Llama-3.1-8B,98,253,20260871639,137457625139,117196753500,106816881576,106868395874,67067257,"[28272208, 28272208, 28272208, 28272208, 28272208, 28272208, 28272208, 28272208, 528885822, 27766321, 27766321, 27766321, 27766321, 27773145, 1342907676, 27685307, 27685307, 27685307, 27685307, 27685307, 27685307, 27685307, 27685307, 27685307, 27685307, 27685307, 107031965, 27512576, 27512576, 27512576, 27512576, 27512576, 27512576, 27512576, 1211022804, 27278932, 27278932, 27278932, 608393912, 27278932, 27278932, 27278932, 27278932, 362130605, 27232760, 27232760, 27232760, 144037871, 27685307, 27685307, 27685307, 27685307, 27685307, 706029226, 731173027, 27512576, 27512576, 27512576, 27512576, 27512576, 27512576, 27512576, 27512576, 27512576, 27512576, 27512576, 27512576, 27512576, 27512576, 27512576, 27512576, 27512576, 27512576, 27512576, 27512576, 27512576, 27512576, 27512576, 27278932, 27278932, 27278932, 27278932, 27278932, 27278932, 27278932, 27232760, 27232760, 27232760, 27232760, 27232760, 27232760, 27232760, 27232760, 27232760, 27232760, 27232760, 27232760, 27232760, 27232760, 27232760, 27232760, 27232760, 27232760, 27232760, 27232760, 27232760, 27232760, 27232760, 27232760, 27232760, 27232760, 27232760, 27232760, 27232760, 27232760, 27232760, 27232760, 27103283, 27103283, 27103283, 27103283, 26997779, 26997779, 26997779, 26997779, 26997779, 26997779, 26997779, 26956587, 26830763, 26830763, 26830763, 26830763, 26830763, 26830763, 26830763, 26830763, 26830763, 26830763, 26830763, 26830763, 26830763, 26726923, 26726923, 26786947, 26695203, 26695203, 313274379, 26759908, 353415658, 32832569, 28422327, 28422327, 28422327]",0,0,0,NPU,0,0,0,0,0,0,1.0,hot,0,0,0,0,1.0,0
0,197,meta-llama/Llama-3.1-8B,16,489,18540259971,138442982049,119902722078,95688216794,95956479755,50733564,"[211602473, 26956587, 26956587, 740861480, 27685307, 27685307, 27685307, 26956587, 26759908, 26759908, 26759908, 26759908, 26759908, 1092685422, 27512576, 27512576, 27512576, 79529788, 27278932, 27278932, 27278932, 27278932, 27278932, 27278932, 27278932, 27278932, 27278932, 27278932, 27278932, 27278932, 27278932, 27278932, 27278932, 27278932, 27278932, 27278932, 27278932, 27278932, 27278932, 27278932, 27278932, 1740601758, 27232760, 27232760, 27232760, 27232760, 27232760, 27232760, 27232760, 27103283, 27103283, 27103283, 27103283, 27103283, 27103283, 27103283, 27103283, 27103283, 27103283, 27103283, 27103283, 27103283, 27103283, 27103283, 27103283, 26997779, 26997779, 26997779, 26997779, 26997779, 26997779, 26997779, 26997779, 26997779, 26997779, 26997779, 26997779, 26645180, 287704766, 26645180, 386421081, 53703059, 26956587, 26956587, 259691874, 26699917, 263114299, 26615821, 26615821, 26615821, 26615821, 267547248, 27278932, 27278932, 2094481536, 27232760, 27232760, 27232760, 27232760, 27232760, 27232760, 27232760, 27232760, 27232760, 27232760, 27232760, 27232760, 27232760, 27232760, 27232760, 27232760, 27232760, 26956587, 26164062, 1108115419, 27103283, 27103283, 27103283, 26997779, 26956587, 26956587, 26956587, 26956587, 26956587, 26956587, 26956587, 26956587, 26956587, 26956587, 26956587, 26759908, 26759908, 26759908, 26759908, 26759908, 26759908, 26759908, 26759908, 26726923, 26695203, 26695203, 26695203, 26695203, 26695203, 317664584, 27685307, 155069656, 28272208, 28272208, 28272208, 28272208, 28272208, 28272208, 28272208, 28272208, 26615821, 26464944, 103577662, 26615821, 26615821, 26615821, 26615821, 26615821, 26615821, 26615821, 26615821, 26349776, 26349776, 25997827, 25997827, 25997827, 28607794, 27766321, 27766321, 27766321, 27766321, 27773145, 26044318, 309098927, 26125428, 404147252, 26164062, 26164062, 26164062, 26164062, 26164062, 26164062, 26164062, 26164062, 26164062, 26164062, 26437374, 26437374, 26437374, 78191686, 26164062, 26125428, 26125428, 79932405, 27685307, 27685307, 27685307, 27685307, 27685307, 27685307, 27685307, 27685307, 27685307, 27685307, 27685307, 26956587, 26437374, 26125428, 27512576, 27512576, 27512576, 27512576, 27512576, 27512576, 27512576, 27512576, 25997827, 25997827, 52327402, 25997827, 25997827, 25997827, 25997827, 25997827, 26125428, 26368885, 26368885, 26368885, 26368885, 155959824, 25997827, 396643196, 26445624, 26535544, 26535544, 26535544, 26535544, 26535544, 26535544, 26535544, 26535544, 27778822, 27278932, 27278932, 27278932, 25853850, 25853850, 26353740, 25853850, 25853850, 25853850, 25853850, 25853850, 25853850, 25853850, 25853850, 25853850, 25853850, 25853850, 25853850, 25853850, 25853850, 25853850, 25853850, 116670872, 27278932, 27278932, 27278932, 27278932, 25619925, 25619925, 25619925, 25619925, 25619925, 25619925, 25619925, 25619925, 25619925, 25829685, 26329575, 25829685, 25829685, 27732650, 27232760, 27232760, 27232760, 144037871, 27685307, 27685307, 27685307, 27685307, 27685307, 26042517, 25921863, 25921863, 26542407, 26042517, 26042517, 26042517, 26042517, 26042517, 26042517, 26042517, 26042517, 26042517, 26042517, 26042517, 26042517, 26042517, 26042517, 26042517, 26042517, 26042517, 26042517, 26042517, 26042517, 26368885, 26368885, 28012466, 26615821, 26368885, 26294878, 25619925, 25619925, 25619925, 25619925, 25619925, 27115711, 26615821, 26615821, 443446465, 27512576, 27512576, 27512576, 27512576, 27512576, 27512576, 27512576, 27512576, 27512576, 27512576, 27512576, 27512576, 27512576, 27512576, 27512576, 27512576, 27512576, 27512576, 27512576, 27512576, 27512576, 27512576, 27512576, 27278932, 27278932, 27278932, 27278932, 27278932, 27278932, 27278932, 27232760, 27232760, 27232760, 27232760, 27232760, 27232760, 27232760, 27232760, 27232760, 27232760, 27232760, 27232760, 27232760, 27232760, 27232760, 27232760, 27232760, 27232760, 27232760, 27232760, 27232760, 27232760, 27232760, 27232760, 27232760, 27232760, 27232760, 27232760, 27232760, 27232760, 27232760, 27232760, 27103283, 27103283, 27103283, 27103283, 26997779, 26997779, 26997779, 26997779, 26997779, 26997779, 26997779, 26956587, 26830763, 26830763, 26830763, 26830763, 26830763, 26830763, 26830763, 26830763, 26830763, 26830763, 26830763, 26830763, 26830763, 26726923, 26726923, 26786947, 26695203, 26695203, 313274379, 26759908, 353415658, 32832569, 28422327, 28422327, 28422327, 28193675, 28193675, 28193675, 28193675, 28193675, 28193675, 28193675, 26520888, 26445624, 25536603, 25536603, 25536603, 26945514, 26445624, 26445624, 26445624, 26445624, 26445624, 26445624, 26445624, 26445624, 26445624, 26445624, 25614678, 25954302, 25954302, 25954302, 25954302, 27287816, 26287926, 26287926, 26287926, 26287926, 26287926, 26287926, 26287926, 26287926]",0,0,0,NPU,0,0,0,0,0,0,1.0,hot,0,0,0,0,1.0,0
0,228,meta-llama/Llama-3.1-8B,377,485,21389491584,138471754147,117082262563,112660236068,112754608678,40445363,"[27512576, 27512576, 27512576, 27512576, 27512576, 27512576, 27512576, 27512576, 27512576, 27512576, 27512576, 27512576, 27512576, 27512576, 27512576, 27512576, 27512576, 27512576, 27512576, 27512576, 27512576, 27512576, 27512576, 27278932, 27278932, 27278932, 27278932, 27278932, 27278932, 27278932, 27232760, 27232760, 27232760, 27232760, 27232760, 27232760, 27232760, 27232760, 27232760, 27232760, 27232760, 27232760, 27232760, 27232760, 27232760, 27232760, 27232760, 27232760, 27232760, 27232760, 27232760, 27232760, 27232760, 27232760, 27232760, 27232760, 27232760, 27232760, 27232760, 27232760, 27232760, 27232760, 27103283, 27103283, 27103283, 27103283, 26997779, 26997779, 26997779, 26997779, 26997779, 26997779, 26997779, 26956587, 26830763, 26830763, 26830763, 26830763, 26830763, 26830763, 26830763, 26830763, 26830763, 26830763, 26830763, 26830763, 26830763, 26726923, 26726923, 26786947, 26695203, 26695203, 313274379, 26759908, 353415658, 32832569, 28422327, 28422327, 28422327, 28193675, 28193675, 28193675, 28193675, 28193675, 28193675, 28193675, 816773283]",0,0,0,SSD,0,65011712,0,65011712,65011712,65011712,1.0,hot,0,0,0,0,1.0,130023424
0,239,meta-llama/Llama-3.1-8B,46,66,22179803300,138668509475,116488706175,114806306631,115159722289,69946520,"[32832569, 28422327, 28422327, 28422327, 28193675, 28193675, 28193675, 28193675, 28193675, 28193675, 28193675, 816773283, 28107904, 28107904, 28107904, 28107904, 28107904, 28107904, 28107904]",0,0,0,NPU,0,0,0,0,0,0,1.0,hot,0,0,0,0,1.0,0
0,211,meta-llama/Llama-3.1-8B,201,432,19696831776,139756747593,120059915817,106932016190,107249680774,55696674,"[27685307, 155069656, 28272208, 28272208, 28272208, 28272208, 28272208, 28272208, 28272208, 28272208, 528885822, 27766321, 27766321, 27766321, 27766321, 27773145, 1342907676, 27685307, 27685307, 27685307, 27685307, 27685307, 27685307, 27685307, 27685307, 27685307, 27685307, 27685307, 26956587, 80075378, 27512576, 27512576, 27512576, 27512576, 27512576, 27512576, 27512576, 1211022804, 27278932, 27278932, 27278932, 608393912, 27278932, 27278932, 27278932, 27278932, 362130605, 27232760, 27232760, 27232760, 144037871, 27685307, 27685307, 27685307, 27685307, 27685307, 706029226, 26615821, 207879099, 26615821, 26615821, 443446465, 27512576, 27512576, 27512576, 27512576, 27512576, 27512576, 27512576, 27512576, 27512576, 27512576, 27512576, 27512576, 27512576, 27512576, 27512576, 27512576, 27512576, 27512576, 27512576, 27512576, 27512576, 27512576, 27512576, 27278932, 27278932, 27278932, 27278932, 27278932, 27278932, 27278932, 27232760, 27232760, 27232760, 27232760, 27232760, 27232760, 27232760, 27232760, 27232760, 27232760, 27232760, 27232760, 27232760, 27232760, 27232760, 27232760, 27232760, 27232760, 27232760, 27232760, 27232760, 27232760, 27232760, 27232760, 27232760, 27232760, 27232760, 27232760, 27232760, 27232760, 27232760, 27232760, 27103283, 27103283, 27103283, 27103283, 26997779, 26997779, 26997779, 26997779, 26997779, 26997779, 26997779, 26956587, 26830763, 26830763, 26830763, 26830763, 26830763, 26830763, 26830763, 26830763, 26830763, 26830763, 26830763, 26830763, 26830763, 26726923, 26726923, 26786947, 26695203, 26695203, 313274379, 26759908, 353415658, 32832569, 28422327, 28422327, 28422327, 28193675, 28193675, 28193675, 28193675, 28193675, 28193675, 28193675, 26520888, 26445624, 103555323, 26445624, 26445624, 26445624, 26445624, 26445624, 26445624, 26445624, 26445624, 26445624, 26445624, 25614678, 131105024, 26287926, 26287926, 26287926, 26287926, 26287926, 26287926, 26287926, 26287926, 28772098, 28107904, 28107904, 28107904, 28107904, 28107904, 28107904, 28107904, 27761521, 27761521, 27761521, 27761521, 27766321, 27766321, 27766321, 27766321, 27766321, 27766321, 27766321, 27766321, 27766321, 27766321, 25820922, 286394072, 25820922, 25820922, 25820922, 25820922, 25820922, 25820922, 25820922, 25820922, 25820922, 25820922, 25820922, 25820922, 25820922, 25820922, 25820922]",0,0,0,NPU,0,0,0,0,0,0,1.0,hot,0,0,0,0,1.0,0
0,215,meta-llama/Llama-3.1-8B,218,439,19979395013,139951659498,119972264485,106649452953,106967117537,59114304,"[27685307, 155069656, 28272208, 28272208, 28272208, 28272208, 28272208, 28272208, 28272208, 28272208, 528885822, 27766321, 27766321, 27766321, 27766321, 27773145, 1342907676, 27685307, 27685307, 27685307, 27685307, 27685307, 27685307, 27685307, 27685307, 27685307, 27685307, 27685307, 26956587, 80075378, 27512576, 27512576, 27512576, 27512576, 27512576, 27512576, 27512576, 1211022804, 27278932, 27278932, 27278932, 608393912, 27278932, 27278932, 27278932, 27278932, 362130605, 27232760, 27232760, 27232760, 144037871, 27685307, 27685307, 27685307, 27685307, 27685307, 706029226, 26615821, 207879099, 26615821, 26615821, 443446465, 27512576, 27512576, 27512576, 27512576, 27512576, 27512576, 27512576, 27512576, 27512576, 27512576, 27512576, 27512576, 27512576, 27512576, 27512576, 27512576, 27512576, 27512576, 27512576, 27512576, 27512576, 27512576, 27512576, 27278932, 27278932, 27278932, 27278932, 27278932, 27278932, 27278932, 27232760, 27232760, 27232760, 27232760, 27232760, 27232760, 27232760, 27232760, 27232760, 27232760, 27232760, 27232760, 27232760, 27232760, 27232760, 27232760, 27232760, 27232760, 27232760, 27232760, 27232760, 27232760, 27232760, 27232760, 27232760, 27232760, 27232760, 27232760, 27232760, 27232760, 27232760, 27232760, 27103283, 27103283, 27103283, 27103283, 26997779, 26997779, 26997779, 26997779, 26997779, 26997779, 26997779, 26956587, 26830763, 26830763, 26830763, 26830763, 26830763, 26830763, 26830763, 26830763, 26830763, 26830763, 26830763, 26830763, 26830763, 26726923, 26726923, 26786947, 26695203, 26695203, 313274379, 26759908, 353415658, 32832569, 28422327, 28422327, 28422327, 28193675, 28193675, 28193675, 28193675, 28193675, 28193675, 28193675, 26520888, 26445624, 103555323, 26445624, 26445624, 26445624, 26445624, 26445624, 26445624, 26445624, 26445624, 26445624, 26445624, 25614678, 131105024, 26287926, 26287926, 26287926, 26287926, 26287926, 26287926, 26287926, 26287926, 28772098, 28107904, 28107904, 28107904, 28107904, 28107904, 28107904, 28107904, 27761521, 27761521, 27761521, 27761521, 27766321, 27766321, 27766321, 27766321, 27766321, 27766321, 27766321, 27766321, 27766321, 27766321, 727801859, 27773145, 27773145, 27773145, 27773145, 27773145, 27773145]",0,0,0,SSD,0,56623104,0,56623104,56623104,56623104,1.0,hot,0,0,0,0,1.0,113246208
0,214,meta-llama/Llama-3.1-8B,30,270,19952312638,140007030112,120054717474,106676535328,106994199912,54646516,"[27685307, 155069656, 28272208, 28272208, 28272208, 28272208, 28272208, 28272208, 28272208, 28272208, 528885822, 27766321, 27766321, 27766321, 27766321, 27773145, 1342907676, 27685307, 27685307, 27685307, 27685307, 27685307, 27685307, 27685307, 27685307, 27685307, 27685307, 27685307, 26956587, 80075378, 27512576, 27512576, 27512576, 27512576, 27512576, 27512576, 27512576, 1211022804, 27278932, 27278932, 27278932, 608393912, 27278932, 27278932, 27278932, 27278932, 362130605, 27232760, 27232760, 27232760, 144037871, 27685307, 27685307, 27685307, 27685307, 27685307, 706029226, 26615821, 207879099, 26615821, 26615821, 443446465, 27512576, 27512576, 27512576, 27512576, 27512576, 27512576, 27512576, 27512576, 27512576, 27512576, 27512576, 27512576, 27512576, 27512576, 27512576, 27512576, 27512576, 27512576, 27512576, 27512576, 27512576, 27512576, 27512576, 27278932, 27278932, 27278932, 27278932, 27278932, 27278932, 27278932, 27232760, 27232760, 27232760, 27232760, 27232760, 27232760, 27232760, 27232760, 27232760, 27232760, 27232760, 27232760, 27232760, 27232760, 27232760, 27232760, 27232760, 27232760, 27232760, 27232760, 27232760, 27232760, 27232760, 27232760, 27232760, 27232760, 27232760, 27232760, 27232760, 27232760, 27232760, 27232760, 27103283, 27103283, 27103283, 27103283, 26997779, 26997779, 26997779, 26997779, 26997779, 26997779, 26997779, 26956587, 26830763, 26830763, 26830763, 26830763, 26830763, 26830763, 26830763, 26830763, 26830763, 26830763, 26830763, 26830763, 26830763, 26726923, 26726923, 26786947, 26695203, 26695203, 313274379, 26759908, 353415658, 32832569, 28422327, 28422327, 28422327, 28193675, 28193675, 28193675, 28193675, 28193675, 28193675, 28193675, 26520888, 26445624, 103555323, 26445624, 26445624, 26445624, 26445624, 26445624, 26445624, 26445624, 26445624, 26445624, 26445624, 25614678, 131105024, 26287926, 26287926, 26287926, 26287926, 26287926, 26287926, 26287926, 26287926, 28772098, 28107904, 28107904, 28107904, 28107904, 28107904, 28107904, 28107904, 27761521, 27761521, 27761521, 27761521, 27766321, 27766321, 27766321, 27766321, 27766321, 27766321, 27766321, 27766321, 27766321, 27766321, 25820922, 286394072, 25820922, 25820922, 25820922, 25820922, 25820922, 25820922, 25820922, 25820922, 25820922, 25820922, 25820922, 25820922, 25820922, 25820922, 25820922, 28273035, 27773145, 27773145, 27773145, 27773145, 27773145, 27773145, 27685307, 27685307]",0,0,0,NPU,0,0,0,0,0,0,1.0,hot,0,0,0,0,1.0,0
0,243,meta-llama/Llama-3.1-8B,106,164,23062247582,140419718752,117357471170,113923862349,114277278007,54038476,"[32832569, 28422327, 28422327, 28422327, 28193675, 28193675, 28193675, 28193675, 28193675, 28193675, 28193675, 816773283, 28107904, 28107904, 28107904, 28107904, 28107904, 28107904, 28107904, 27761521, 27761521, 27761521, 27761521, 27766321, 27766321, 27766321, 27766321, 27766321, 27766321, 27766321, 27766321, 27766321, 27766321, 727801859, 27773145, 27773145, 27773145, 27773145, 27773145, 27773145, 27685307, 27685307, 27512576, 27512576, 27512576, 27512576, 27512576, 27512576, 27512576, 27512576, 27512576, 27512576, 27512576, 27512576, 27512576, 27512576, 27512576]",0,0,0,NPU,0,0,0,0,0,0,1.0,hot,0,0,0,0,1.0,0
0,226,meta-llama/Llama-3.1-8B,19,205,21116947314,140528834480,119411887166,111307486289,111451524160,43028989,"[27685307, 27685307, 27685307, 27685307, 27685307, 706029226, 731173027, 27512576, 27512576, 27512576, 27512576, 27512576, 27512576, 27512576, 27512576, 27512576, 27512576, 27512576, 27512576, 27512576, 27512576, 27512576, 27512576, 27512576, 27512576, 27512576, 27512576, 27512576, 27512576, 27512576, 27278932, 27278932, 27278932, 27278932, 27278932, 27278932, 27278932, 27232760, 27232760, 27232760, 27232760, 27232760, 27232760, 27232760, 27232760, 27232760, 27232760, 27232760, 27232760, 27232760, 27232760, 27232760, 27232760, 27232760, 27232760, 27232760, 27232760, 27232760, 27232760, 27232760, 27232760, 27232760, 27232760, 27232760, 27232760, 27232760, 27232760, 27232760, 27232760, 27103283, 27103283, 27103283, 27103283, 26997779, 26997779, 26997779, 26997779, 26997779, 26997779, 26997779, 26956587, 26830763, 26830763, 26830763, 26830763, 26830763, 26830763, 26830763, 26830763, 26830763, 26830763, 26830763, 26830763, 26830763, 26726923, 26726923, 26786947, 26695203, 26695203, 313274379, 26759908, 353415658, 32832569, 28422327, 28422327, 28422327, 28193675, 28193675, 28193675, 28193675, 28193675, 28193675, 28193675, 26520888, 26445624, 103555323, 26445624, 26445624, 26445624, 26445624, 26445624, 26445624, 26445624, 26445624, 26445624, 26445624, 156719702, 26287926, 26287926, 26287926, 26287926, 26287926, 26287926, 26287926, 26287926, 28772098, 28107904, 28107904, 28107904, 28107904, 28107904, 28107904, 28107904, 27761521, 27761521, 27761521, 27761521, 27766321, 27766321, 27766321, 27766321, 27766321, 27766321, 27766321, 27766321, 27766321, 27766321, 727801859, 27773145, 27773145, 27773145, 27773145, 27773145, 27773145, 27685307, 27685307, 27512576, 27512576, 27512576, 27512576, 27512576, 27512576, 27512576, 27512576, 27512576, 27512576, 27512576, 27512576, 27512576, 27512576, 27512576, 27278932, 27278932, 27278932, 27278932]",0,0,0,NPU,0,0,0,0,0,0,1.0,hot,0,0,0,0,1.0,0
0,222,meta-llama/Llama-3.1-8B,34,278,20651088710,140828394840,120177306130,106426664505,106478178803,56375009,"[28272208, 28272208, 28272208, 28272208, 28272208, 28272208, 28272208, 28272208, 528885822, 27766321, 27766321, 27766321, 27766321, 1370680821, 27685307, 27685307, 27685307, 27685307, 27685307, 27685307, 27685307, 27685307, 27685307, 27685307, 27685307, 107031965, 27512576, 27512576, 27512576, 27512576, 27512576, 27512576, 27512576, 1211022804, 27278932, 27278932, 27278932, 608393912, 27278932, 27278932, 27278932, 27278932, 362130605, 27232760, 27232760, 27232760, 144037871, 27685307, 27685307, 27685307, 27685307, 27685307, 706029226, 731173027, 27512576, 27512576, 27512576, 27512576, 27512576, 27512576, 27512576, 27512576, 27512576, 27512576, 27512576, 27512576, 27512576, 27512576, 27512576, 27512576, 27512576, 27512576, 27512576, 27512576, 27512576, 27512576, 27512576, 27278932, 27278932, 27278932, 27278932, 27278932, 27278932, 27278932, 27232760, 27232760, 27232760, 27232760, 27232760, 27232760, 27232760, 27232760, 27232760, 27232760, 27232760, 27232760, 27232760, 27232760, 27232760, 27232760, 27232760, 27232760, 27232760, 27232760, 27232760, 27232760, 27232760, 27232760, 27232760, 27232760, 27232760, 27232760, 27232760, 27232760, 27232760, 27232760, 27103283, 27103283, 27103283, 27103283, 26997779, 26997779, 26997779, 26997779, 26997779, 26997779, 26997779, 26956587, 26830763, 26830763, 26830763, 26830763, 26830763, 26830763, 26830763, 26830763, 26830763, 26830763, 26830763, 26830763, 26830763, 26726923, 26726923, 26786947, 26695203, 26695203, 313274379, 26759908, 353415658, 32832569, 28422327, 28422327, 28422327, 28193675, 28193675, 28193675, 28193675, 28193675, 28193675, 28193675, 26520888, 26445624, 103555323, 26445624, 26445624, 26445624, 26445624, 26445624, 26445624, 26445624, 26445624, 26445624, 26445624, 156719702, 26287926, 26287926, 26287926, 26287926, 26287926, 26287926, 26287926, 26287926, 28772098, 28107904, 28107904, 28107904, 28107904, 28107904, 28107904, 28107904, 27761521, 27761521, 27761521, 27761521, 27766321, 27766321, 27766321, 27766321, 27766321, 27766321, 27766321, 27766321, 27766321, 27766321, 727801859, 27773145, 27773145, 27773145, 27773145, 27773145, 27773145, 27685307, 27685307, 27512576, 27512576, 27512576, 27512576, 27512576, 27512576, 27512576, 27512576, 27512576, 27512576, 27512576, 27512576, 27512576, 27512576, 27512576, 27278932, 27278932, 27278932, 27278932, 27232760, 27232760, 27232760, 27232760, 27232760, 27232760, 27232760, 27232760, 27232760, 27232760, 27232760]",0,0,0,SSD,0,6291456,0,6291456,6291456,6291456,1.0,hot,0,0,0,0,1.0,12582912
0,209,meta-llama/Llama-3.1-8B,768,1060,19499530464,141045221104,121545690640,107129317502,107446982086,48449170,"[27685307, 155069656, 28272208, 28272208, 28272208, 28272208, 28272208, 28272208, 28272208, 28272208, 26615821, 130042606, 26615821, 26615821, 26615821, 26615821, 26615821, 26615821, 26615821, 26615821, 159300827, 27766321, 27766321, 27766321, 27766321, 27773145, 1342907676, 27685307, 27685307, 27685307, 27685307, 27685307, 27685307, 27685307, 27685307, 27685307, 27685307, 27685307, 26956587, 80075378, 27512576, 27512576, 27512576, 27512576, 27512576, 27512576, 27512576, 1211022804, 27278932, 27278932, 27278932, 608393912, 27278932, 27278932, 27278932, 27278932, 362130605, 27232760, 27232760, 27232760, 144037871, 27685307, 27685307, 27685307, 27685307, 27685307, 706029226, 26615821, 207879099, 26615821, 26615821, 443446465, 27512576, 27512576, 27512576, 27512576, 27512576, 27512576, 27512576, 27512576, 27512576, 27512576, 27512576, 27512576, 27512576, 27512576, 27512576, 27512576, 27512576, 27512576, 27512576, 27512576, 27512576, 27512576, 27512576, 27278932, 27278932, 27278932, 27278932, 27278932, 27278932, 27278932, 27232760, 27232760, 27232760, 27232760, 27232760, 27232760, 27232760, 27232760, 27232760, 27232760, 27232760, 27232760, 27232760, 27232760, 27232760, 27232760, 27232760, 27232760, 27232760, 27232760, 27232760, 27232760, 27232760, 27232760, 27232760, 27232760, 27232760, 27232760, 27232760, 27232760, 27232760, 27232760, 27103283, 27103283, 27103283, 27103283, 26997779, 26997779, 26997779, 26997779, 26997779, 26997779, 26997779, 26956587, 26830763, 26830763, 26830763, 26830763, 26830763, 26830763, 26830763, 26830763, 26830763, 26830763, 26830763, 26830763, 26830763, 26726923, 26726923, 26786947, 26695203, 26695203, 313274379, 26759908, 353415658, 32832569, 28422327, 28422327, 28422327, 28193675, 28193675, 28193675, 28193675, 28193675, 28193675, 28193675, 26520888, 26445624, 103555323, 26445624, 26445624, 26445624, 26445624, 26445624, 26445624, 26445624, 26445624, 26445624, 26445624, 25614678, 25954302, 25954302, 25954302, 25954302, 27287816, 26287926, 26287926, 26287926, 26287926, 26287926, 26287926, 26287926, 26287926, 28772098, 28107904, 28107904, 28107904, 28107904, 28107904, 28107904, 28107904, 27761521, 27761521, 27761521, 27761521, 27766321, 27766321, 27766321, 27766321, 27766321, 27766321, 27766321, 27766321, 27766321, 27766321, 25820922, 286394072, 25820922, 25820922, 25820922, 25820922, 25820922, 25820922, 25820922, 25820922, 25820922, 25820922, 25820922, 25820922, 25820922, 25820922, 25820922, 28273035, 27773145, 27773145, 27773145, 27773145, 27773145, 27773145, 27685307, 27685307, 27512576, 27512576, 27512576, 27512576, 27512576, 27512576, 27512576, 27512576, 27512576, 27512576, 27512576, 27512576, 27512576, 27512576, 27512576, 27278932, 27278932, 27278932, 27278932, 27232760, 27232760, 27232760, 27232760, 27232760, 27232760, 27232760, 27232760, 27232760, 27232760, 27232760, 27103283, 27103283, 27103283, 27103283, 27103283, 27103283, 27103283, 27103283]",0,0,0,SSD,0,106954752,0,106954752,106954752,106954752,1.0,hot,0,0,0,0,1.0,213909504
0,237,meta-llama/Llama-3.1-8B,192,275,22056613065,141260670237,119204057172,114929496866,115282912524,47818837,"[32832569, 28422327, 28422327, 28422327, 28193675, 28193675, 28193675, 28193675, 28193675, 28193675, 28193675, 816773283, 28107904, 28107904, 28107904, 28107904, 28107904, 28107904, 28107904, 27761521, 27761521, 27761521, 27761521, 27766321, 27766321, 27766321, 27766321, 27766321, 27766321, 27766321, 27766321, 27766321, 27766321, 727801859, 27773145, 27773145, 27773145, 27773145, 27773145, 27773145, 27685307, 27685307, 27512576, 27512576, 27512576, 27512576, 27512576, 27512576, 27512576, 27512576, 27512576, 27512576, 27512576, 27512576, 27512576, 27512576, 27512576, 27278932, 27278932, 27278932, 27278932, 27232760, 27232760, 27232760, 27232760, 27232760, 27232760, 27232760, 27232760, 27232760, 27232760, 27232760, 27103283, 27103283, 27103283, 27103283, 27103283, 27103283, 27103283, 27103283, 188345850, 27103283]",0,0,0,NPU,0,0,0,0,0,0,1.0,hot,0,0,0,0,1.0,0
0,205,meta-llama/Llama-3.1-8B,66,457,19361875512,141476740853,122114865341,101791111157,102050803031,51446313,"[663824748, 27278932, 27278932, 2094481536, 27232760, 27232760, 27232760, 27232760, 27232760, 27232760, 27232760, 27232760, 27232760, 27232760, 27232760, 27232760, 27232760, 27232760, 27232760, 27232760, 27232760, 26956587, 1134279481, 27103283, 27103283, 27103283, 26997779, 26956587, 26956587, 26956587, 26956587, 26956587, 26956587, 26956587, 26956587, 26956587, 26956587, 26956587, 26759908, 26759908, 26759908, 26759908, 26759908, 26759908, 26759908, 26759908, 26726923, 26695203, 26695203, 26695203, 26695203, 26695203, 317664584, 27685307, 155069656, 28272208, 28272208, 28272208, 28272208, 28272208, 28272208, 28272208, 28272208, 26615821, 130042606, 26615821, 26615821, 26615821, 26615821, 26615821, 26615821, 26615821, 26615821, 26349776, 26349776, 106601275, 27766321, 27766321, 27766321, 27766321, 27773145, 26044318, 739371607, 26164062, 26164062, 26164062, 26164062, 26164062, 26164062, 26164062, 26164062, 26164062, 26164062, 157503808, 26164062, 132183261, 27685307, 27685307, 27685307, 27685307, 27685307, 27685307, 27685307, 27685307, 27685307, 27685307, 27685307, 26956587, 80075378, 27512576, 27512576, 27512576, 27512576, 27512576, 27512576, 27512576, 25997827, 25997827, 52327402, 25997827, 25997827, 25997827, 25997827, 25997827, 287560792, 25997827, 396643196, 26445624, 26535544, 26535544, 26535544, 26535544, 26535544, 26535544, 26535544, 26535544, 27778822, 27278932, 27278932, 27278932, 608393912, 27278932, 27278932, 27278932, 27278932, 362130605, 27232760, 27232760, 27232760, 144037871, 27685307, 27685307, 27685307, 27685307, 27685307, 706029226, 26615821, 207879099, 26615821, 26615821, 443446465, 27512576, 27512576, 27512576, 27512576, 27512576, 27512576, 27512576, 27512576, 27512576, 27512576, 27512576, 27512576, 27512576, 27512576, 27512576, 27512576, 27512576, 27512576, 27512576, 27512576, 27512576, 27512576, 27512576, 27278932, 27278932, 27278932, 27278932, 27278932, 27278932, 27278932, 27232760, 27232760, 27232760, 27232760, 27232760, 27232760, 27232760, 27232760, 27232760, 27232760, 27232760, 27232760, 27232760, 27232760, 27232760, 27232760, 27232760, 27232760, 27232760, 27232760, 27232760, 27232760, 27232760, 27232760, 27232760, 27232760, 27232760, 27232760, 27232760, 27232760, 27232760, 27232760, 27103283, 27103283, 27103283, 27103283, 26997779, 26997779, 26997779, 26997779, 26997779, 26997779, 26997779, 26956587, 26830763, 26830763, 26830763, 26830763, 26830763, 26830763, 26830763, 26830763, 26830763, 26830763, 26830763, 26830763, 26830763, 26726923, 26726923, 26786947, 26695203, 26695203, 313274379, 26759908, 353415658, 32832569, 28422327, 28422327, 28422327, 28193675, 28193675, 28193675, 28193675, 28193675, 28193675, 28193675, 26520888, 26445624, 103555323, 26445624, 26445624, 26445624, 26445624, 26445624, 26445624, 26445624, 26445624, 26445624, 26445624, 25614678, 25954302, 25954302, 25954302, 25954302, 27287816, 26287926, 26287926, 26287926, 26287926, 26287926, 26287926, 26287926, 26287926, 28772098, 28107904, 28107904, 28107904, 28107904, 28107904, 28107904, 28107904, 27761521, 27761521, 27761521, 27761521, 27766321, 27766321, 27766321, 27766321, 27766321, 27766321, 27766321, 27766321, 27766321, 27766321, 25820922, 286394072, 25820922, 25820922, 25820922, 25820922, 25820922, 25820922, 25820922, 25820922, 25820922, 25820922, 25820922, 25820922, 25820922, 25820922, 25820922, 28273035, 27773145, 27773145, 27773145, 27773145, 27773145, 27773145, 27685307, 27685307, 27512576, 27512576, 27512576, 27512576, 27512576, 27512576, 27512576, 27512576, 27512576, 27512576, 27512576, 27512576, 27512576, 27512576, 27512576, 27278932, 27278932, 27278932, 27278932, 27232760, 27232760, 27232760, 27232760, 27232760, 27232760, 27232760, 27232760, 27232760, 27232760, 27232760, 27103283, 27103283, 27103283, 27103283, 27103283, 27103283, 27103283, 27103283, 188345850, 27103283, 27061067, 27061067, 27061067, 27061067, 26956587, 26956587, 26956587, 26956587]",0,0,0,NPU,0,0,0,0,0,0,1.0,hot,0,0,0,0,1.0,0
0,225,meta-llama/Llama-3.1-8B,160,427,20755716374,143600526903,122844810529,111668717229,111812755100,41473892,"[27685307, 27685307, 27685307, 27685307, 27685307, 706029226, 731173027, 27512576, 27512576, 27512576, 27512576, 27512576, 27512576, 27512576, 27512576, 27512576, 27512576, 27512576, 27512576, 27512576, 27512576, 27512576, 27512576, 27512576, 27512576, 27512576, 27512576, 27512576, 27512576, 27512576, 27278932, 27278932, 27278932, 27278932, 27278932, 27278932, 27278932, 27232760, 27232760, 27232760, 27232760, 27232760, 27232760, 27232760, 27232760, 27232760, 27232760, 27232760, 27232760, 27232760, 27232760, 27232760, 27232760, 27232760, 27232760, 27232760, 27232760, 27232760, 27232760, 27232760, 27232760, 27232760, 27232760, 27232760, 27232760, 27232760, 27232760, 27232760, 27232760, 27103283, 27103283, 27103283, 27103283, 26997779, 26997779, 26997779, 26997779, 26997779, 26997779, 26997779, 26956587, 26830763, 26830763, 26830763, 26830763, 26830763, 26830763, 26830763, 26830763, 26830763, 26830763, 26830763, 26830763, 26830763, 26726923, 26726923, 26786947, 26695203, 26695203, 313274379, 26759908, 353415658, 32832569, 28422327, 28422327, 28422327, 28193675, 28193675, 28193675, 28193675, 28193675, 28193675, 28193675, 26520888, 26445624, 103555323, 26445624, 26445624, 26445624, 26445624, 26445624, 26445624, 26445624, 26445624, 26445624, 26445624, 156719702, 26287926, 26287926, 26287926, 26287926, 26287926, 26287926, 26287926, 26287926, 28772098, 28107904, 28107904, 28107904, 28107904, 28107904, 28107904, 28107904, 27761521, 27761521, 27761521, 27761521, 27766321, 27766321, 27766321, 27766321, 27766321, 27766321, 27766321, 27766321, 27766321, 27766321, 727801859, 27773145, 27773145, 27773145, 27773145, 27773145, 27773145, 27685307, 27685307, 27512576, 27512576, 27512576, 27512576, 27512576, 27512576, 27512576, 27512576, 27512576, 27512576, 27512576, 27512576, 27512576, 27512576, 27512576, 27278932, 27278932, 27278932, 27278932, 27232760, 27232760, 27232760, 27232760, 27232760, 27232760, 27232760, 27232760, 27232760, 27232760, 27232760, 27103283, 27103283, 27103283, 27103283, 27103283, 27103283, 27103283, 27103283, 188345850, 27103283, 27061067, 27061067, 27061067, 27061067, 26956587, 26956587, 26956587, 26956587, 187476394, 25739482, 154737141, 25739482, 25739482, 25739482, 25739482, 25739482, 25739482, 25739482, 25739482, 25739482, 25739482, 25739482, 25820922, 25820922, 25820922, 25820922, 25820922, 25820922, 25820922, 25820922, 25820922, 25820922, 283621690, 25820922, 25820922, 25820922, 25820922, 25820922, 25820922, 25820922, 25820922, 25820922, 181744938, 25820922, 25820922, 25820922, 25820922, 25820922, 25820922, 25820922, 25820922, 25820922, 25820922, 25820922, 25820922, 103346177, 25884336, 25884336, 25884336, 25884336]",0,0,0,NPU,0,0,0,0,0,0,1.0,hot,0,0,0,0,1.0,0
0,203,meta-llama/Llama-3.1-8B,13,574,19267702158,143836073157,124568370999,96173069157,96235414695,50594564,"[27685307, 27685307, 27685307, 1253441549, 27512576, 27512576, 27512576, 79529788, 27278932, 27278932, 27278932, 27278932, 27278932, 27278932, 27278932, 27278932, 27278932, 27278932, 27278932, 27278932, 27278932, 27278932, 27278932, 27278932, 27278932, 27278932, 27278932, 27278932, 27278932, 27278932, 27278932, 1740601758, 27232760, 27232760, 27232760, 27232760, 27232760, 27232760, 27232760, 27103283, 27103283, 27103283, 27103283, 27103283, 27103283, 27103283, 27103283, 27103283, 27103283, 27103283, 27103283, 27103283, 27103283, 27103283, 27103283, 26997779, 26997779, 26997779, 26997779, 26997779, 26997779, 26997779, 26997779, 26997779, 26997779, 26997779, 26997779, 781119266, 26956587, 26956587, 259691874, 663824748, 27278932, 27278932, 2094481536, 27232760, 27232760, 27232760, 27232760, 27232760, 27232760, 27232760, 27232760, 27232760, 27232760, 27232760, 27232760, 27232760, 27232760, 27232760, 27232760, 27232760, 26956587, 1134279481, 27103283, 27103283, 27103283, 26997779, 26956587, 26956587, 26956587, 26956587, 26956587, 26956587, 26956587, 26956587, 26956587, 26956587, 26956587, 26759908, 26759908, 26759908, 26759908, 26759908, 26759908, 26759908, 26759908, 26726923, 26695203, 26695203, 26695203, 26695203, 26695203, 317664584, 27685307, 155069656, 28272208, 28272208, 28272208, 28272208, 28272208, 28272208, 28272208, 28272208, 26615821, 130042606, 26615821, 26615821, 26615821, 26615821, 26615821, 26615821, 26615821, 26615821, 26349776, 26349776, 106601275, 27766321, 27766321, 27766321, 27766321, 27773145, 26044318, 739371607, 26164062, 26164062, 26164062, 26164062, 26164062, 26164062, 26164062, 26164062, 26164062, 26164062, 157503808, 26164062, 132183261, 27685307, 27685307, 27685307, 27685307, 27685307, 27685307, 27685307, 27685307, 27685307, 27685307, 27685307, 26956587, 80075378, 27512576, 27512576, 27512576, 27512576, 27512576, 27512576, 27512576, 25997827, 25997827, 52327402, 25997827, 25997827, 25997827, 25997827, 25997827, 287560792, 25997827, 396643196, 26445624, 26535544, 26535544, 26535544, 26535544, 26535544, 26535544, 26535544, 26535544, 27778822, 27278932, 27278932, 27278932, 608393912, 27278932, 27278932, 27278932, 27278932, 362130605, 27232760, 27232760, 27232760, 144037871, 27685307, 27685307, 27685307, 27685307, 27685307, 706029226, 26615821, 26368885, 181510214, 26615821, 26615821, 443446465, 27512576, 27512576, 27512576, 27512576, 27512576, 27512576, 27512576, 27512576, 27512576, 27512576, 27512576, 27512576, 27512576, 27512576, 27512576, 27512576, 27512576, 27512576, 27512576, 27512576, 27512576, 27512576, 27512576, 27278932, 27278932, 27278932, 27278932, 27278932, 27278932, 27278932, 27232760, 27232760, 27232760, 27232760, 27232760, 27232760, 27232760, 27232760, 27232760, 27232760, 27232760, 27232760, 27232760, 27232760, 27232760, 27232760, 27232760, 27232760, 27232760, 27232760, 27232760, 27232760, 27232760, 27232760, 27232760, 27232760, 27232760, 27232760, 27232760, 27232760, 27232760, 27232760, 27103283, 27103283, 27103283, 27103283, 26997779, 26997779, 26997779, 26997779, 26997779, 26997779, 26997779, 26956587, 26830763, 26830763, 26830763, 26830763, 26830763, 26830763, 26830763, 26830763, 26830763, 26830763, 26830763, 26830763, 26830763, 26726923, 26726923, 26786947, 26695203, 26695203, 313274379, 26759908, 353415658, 32832569, 28422327, 28422327, 28422327, 28193675, 28193675, 28193675, 28193675, 28193675, 28193675, 28193675, 26520888, 26445624, 25536603, 25536603, 25536603, 26945514, 26445624, 26445624, 26445624, 26445624, 26445624, 26445624, 26445624, 26445624, 26445624, 26445624, 25614678, 25954302, 25954302, 25954302, 25954302, 27287816, 26287926, 26287926, 26287926, 26287926, 26287926, 26287926, 26287926, 26287926, 28772098, 28107904, 28107904, 28107904, 28107904, 28107904, 28107904, 28107904, 27761521, 27761521, 27761521, 27761521, 27766321, 27766321, 27766321, 27766321, 27766321, 27766321, 27766321, 27766321, 27766321, 27766321, 25820922, 26007326, 26007326, 26007326, 26007326, 26007326, 26007326, 26007326, 26007326, 26007326, 26007326, 26320812, 25820922, 25820922, 25820922, 25820922, 25820922, 25820922, 25820922, 25820922, 25820922, 25820922, 25820922, 25820922, 25820922, 25820922, 25820922, 28273035, 27773145, 27773145, 27773145, 27773145, 27773145, 27773145, 27685307, 27685307, 27512576, 27512576, 27512576, 27512576, 27512576, 27512576, 27512576, 27512576, 27512576, 27512576, 27512576, 27512576, 27512576, 27512576, 27512576, 27278932, 27278932, 27278932, 27278932, 27232760, 27232760, 27232760, 27232760, 27232760, 27232760, 27232760, 27232760, 27232760, 27232760, 27232760, 27103283, 27103283, 27103283, 27103283, 27103283, 27103283, 27103283, 27103283, 188345850, 27103283, 27061067, 27061067, 27061067, 27061067, 26956587, 26956587, 26956587, 26956587, 187476394, 25739482, 25648437, 25648437, 25648437, 25648437, 25904021, 26239372, 25739482, 25739482, 25739482, 25739482, 25739482, 25739482, 25739482, 25739482, 25739482, 25739482, 25739482, 25820922, 25820922, 25820922, 25820922, 25820922, 25820922, 25820922, 25820922, 25820922, 25820922, 25679419, 25679419, 25679419, 25679419, 25763867, 25763867, 25763867, 25763867, 25763867, 25763867, 26320812, 25820922, 25820922, 25820922, 25820922, 25820922, 25820922, 25820922, 25820922, 25820922, 25904021, 25904021, 25904021, 25904021, 25904021, 25904021, 26320812, 25820922, 25820922, 25820922, 25820922, 25820922, 25820922, 25820922, 25820922, 25820922, 25820922, 25820922, 25820922, 25487317, 25487317, 25487317, 26884226, 25884336, 25884336, 25884336, 25884336, 26171806, 26171806, 26171806, 26171806, 26171806, 26171806, 26171806, 26171806, 26171806]",0,0,0,SSD,0,31457280,0,31457280,31457280,31457280,1.0,hot,0,0,0,0,1.0,62914560
0,217,meta-llama/Llama-3.1-8B,71,588,20155994258,150484105641,130328111383,106472853708,106790518292,45615490,"[27685307, 155069656, 28272208, 28272208, 28272208, 28272208, 28272208, 28272208, 28272208, 28272208, 528885822, 27766321, 27766321, 27766321, 27766321, 27773145, 1342907676, 27685307, 27685307, 27685307, 27685307, 27685307, 27685307, 27685307, 27685307, 27685307, 27685307, 27685307, 107031965, 27512576, 27512576, 27512576, 27512576, 27512576, 27512576, 27512576, 1211022804, 27278932, 27278932, 27278932, 608393912, 27278932, 27278932, 27278932, 27278932, 362130605, 27232760, 27232760, 27232760, 144037871, 27685307, 27685307, 27685307, 27685307, 27685307, 706029226, 731173027, 27512576, 27512576, 27512576, 27512576, 27512576, 27512576, 27512576, 27512576, 27512576, 27512576, 27512576, 27512576, 27512576, 27512576, 27512576, 27512576, 27512576, 27512576, 27512576, 27512576, 27512576, 27512576, 27512576, 27278932, 27278932, 27278932, 27278932, 27278932, 27278932, 27278932, 27232760, 27232760, 27232760, 27232760, 27232760, 27232760, 27232760, 27232760, 27232760, 27232760, 27232760, 27232760, 27232760, 27232760, 27232760, 27232760, 27232760, 27232760, 27232760, 27232760, 27232760, 27232760, 27232760, 27232760, 27232760, 27232760, 27232760, 27232760, 27232760, 27232760, 27232760, 27232760, 27103283, 27103283, 27103283, 27103283, 26997779, 26997779, 26997779, 26997779, 26997779, 26997779, 26997779, 26956587, 26830763, 26830763, 26830763, 26830763, 26830763, 26830763, 26830763, 26830763, 26830763, 26830763, 26830763, 26830763, 26830763, 26726923, 26726923, 26786947, 26695203, 26695203, 313274379, 26759908, 353415658, 32832569, 28422327, 28422327, 28422327, 28193675, 28193675, 28193675, 28193675, 28193675, 28193675, 28193675, 26520888, 26445624, 103555323, 26445624, 26445624, 26445624, 26445624, 26445624, 26445624, 26445624, 26445624, 26445624, 26445624, 25614678, 131105024, 26287926, 26287926, 26287926, 26287926, 26287926, 26287926, 26287926, 26287926, 28772098, 28107904, 28107904, 28107904, 28107904, 28107904, 28107904, 28107904, 27761521, 27761521, 27761521, 27761521, 27766321, 27766321, 27766321, 27766321, 27766321, 27766321, 27766321, 27766321, 27766321, 27766321, 727801859, 27773145, 27773145, 27773145, 27773145, 27773145, 27773145, 27685307, 27685307, 27512576, 27512576, 27512576, 27512576, 27512576, 27512576, 27512576, 27512576, 27512576, 27512576, 27512576, 27512576, 27512576, 27512576, 27512576, 27278932, 27278932, 27278932, 27278932, 27232760, 27232760, 27232760, 27232760, 27232760, 27232760, 27232760, 27232760, 27232760, 27232760, 27232760, 27103283, 27103283, 27103283, 27103283, 27103283, 27103283, 27103283, 27103283, 188345850, 27103283, 27061067, 27061067, 27061067, 27061067, 26956587, 26956587, 26956587, 26956587, 187476394, 25739482, 154737141, 25739482, 25739482, 25739482, 25739482, 25739482, 25739482, 25739482, 25739482, 25739482, 25739482, 25739482, 25820922, 25820922, 25820922, 25820922, 25820922, 25820922, 25820922, 25820922, 25820922, 25820922, 283621690, 25820922, 25820922, 25820922, 25820922, 25820922, 25820922, 25820922, 25820922, 25820922, 181744938, 25820922, 25820922, 25820922, 25820922, 25820922, 25820922, 25820922, 25820922, 25820922, 25820922, 25820922, 25820922, 103346177, 25884336, 25884336, 25884336, 25884336, 26171806, 26171806, 26171806, 26171806, 26171806, 26171806, 26171806, 26171806, 26171806, 68311871, 25487317, 79150275, 25487317, 25487317, 25487317, 25487317, 25487317, 25487317, 25487317, 25487317, 25487317, 25487317, 25487317, 25487317, 25487317, 25487317, 25487317, 25487317, 25487317, 25487317, 25487317, 25487317, 25487317, 25487317, 25487317, 25487317, 25487317, 25487317, 25487317, 25487317, 25487317, 25487317, 25487317, 25487317, 25487317, 25487317, 25487317, 25487317, 25487317, 25487317, 25487317, 25487317, 25487317, 25487317, 25487317, 25487317, 25487317, 25487317, 25487317, 25487317, 25487317, 25487317, 25487317, 25487317, 25487317, 25487317, 25487317, 25487317, 25487317, 25487317, 25487317, 25487317, 25487317, 25487317, 25491349, 457537575, 25491349, 25491349, 25491349, 25491349, 25491349, 25491349, 25491349, 25491349, 25491349, 25491349, 25491349, 25491349, 25491349, 25491349, 25491349, 25491349, 25491349, 25491349, 25491349, 25491349, 25491349, 25491349, 25491349, 25491349, 25491349, 25491349, 25491349, 25491349, 25491349, 25491349, 25491349, 25491349, 25491349, 25491349, 25491349, 25491349, 25491349, 25491349, 25491349, 25491349, 25491349, 25491349, 25491349, 25491349, 25491349, 25491349, 25491349, 25491349, 25491349, 25491349, 25491349, 25491349, 25491349, 25491349, 25491349, 25491349, 25491349, 25491349, 25491349, 25619925, 25619925, 25619925, 25619925, 444973141, 25619925, 25619925, 25619925, 25619925, 25619925, 25619925, 25619925, 25619925, 25619925, 25619925, 25619925, 25619925, 25619925, 25619925, 25619925, 25619925, 25619925, 25619925, 25619925, 25619925, 25619925, 25619925, 25619925, 25619925, 25619925, 25619925, 25619925, 25619925, 25619925, 25619925, 25619925, 445960407, 25619925, 25619925, 25619925, 25619925, 25829685, 25829685, 25829685, 25829685, 25829685, 25829685, 25829685, 25829685, 25829685, 25829685, 25829685, 449487159, 25829685, 25829685, 25829685, 25829685, 25829685, 25829685, 25829685, 25829685, 25829685, 25829685, 25829685]",0,0,0,SSD,0,16777216,0,16777216,16777216,16777216,1.0,hot,0,0,0,0,1.0,33554432
0,206,meta-llama/Llama-3.1-8B,94,858,19372575202,151669205121,132296629919,101780411467,102040103341,39654687,"[663824748, 27278932, 27278932, 2094481536, 27232760, 27232760, 27232760, 27232760, 27232760, 27232760, 27232760, 27232760, 27232760, 27232760, 27232760, 27232760, 27232760, 27232760, 27232760, 27232760, 27232760, 26956587, 1134279481, 27103283, 27103283, 27103283, 26997779, 26956587, 26956587, 26956587, 26956587, 26956587, 26956587, 26956587, 26956587, 26956587, 26956587, 26956587, 26759908, 26759908, 26759908, 26759908, 26759908, 26759908, 26759908, 26759908, 26726923, 26695203, 26695203, 26695203, 26695203, 26695203, 317664584, 27685307, 155069656, 28272208, 28272208, 28272208, 28272208, 28272208, 28272208, 28272208, 28272208, 26615821, 130042606, 26615821, 26615821, 26615821, 26615821, 26615821, 26615821, 26615821, 26615821, 26349776, 26349776, 106601275, 27766321, 27766321, 27766321, 27766321, 27773145, 1342907676, 27685307, 27685307, 27685307, 27685307, 27685307, 27685307, 27685307, 27685307, 27685307, 27685307, 27685307, 26956587, 80075378, 27512576, 27512576, 27512576, 27512576, 27512576, 27512576, 27512576, 25997827, 25997827, 52327402, 25997827, 25997827, 25997827, 25997827, 25997827, 287560792, 25997827, 396643196, 26445624, 26535544, 26535544, 26535544, 26535544, 26535544, 26535544, 26535544, 26535544, 27778822, 27278932, 27278932, 27278932, 608393912, 27278932, 27278932, 27278932, 27278932, 362130605, 27232760, 27232760, 27232760, 144037871, 27685307, 27685307, 27685307, 27685307, 27685307, 706029226, 26615821, 207879099, 26615821, 26615821, 443446465, 27512576, 27512576, 27512576, 27512576, 27512576, 27512576, 27512576, 27512576, 27512576, 27512576, 27512576, 27512576, 27512576, 27512576, 27512576, 27512576, 27512576, 27512576, 27512576, 27512576, 27512576, 27512576, 27512576, 27278932, 27278932, 27278932, 27278932, 27278932, 27278932, 27278932, 27232760, 27232760, 27232760, 27232760, 27232760, 27232760, 27232760, 27232760, 27232760, 27232760, 27232760, 27232760, 27232760, 27232760, 27232760, 27232760, 27232760, 27232760, 27232760, 27232760, 27232760, 27232760, 27232760, 27232760, 27232760, 27232760, 27232760, 27232760, 27232760, 27232760, 27232760, 27232760, 27103283, 27103283, 27103283, 27103283, 26997779, 26997779, 26997779, 26997779, 26997779, 26997779, 26997779, 26956587, 26830763, 26830763, 26830763, 26830763, 26830763, 26830763, 26830763, 26830763, 26830763, 26830763, 26830763, 26830763, 26830763, 26726923, 26726923, 26786947, 26695203, 26695203, 313274379, 26759908, 353415658, 32832569, 28422327, 28422327, 28422327, 28193675, 28193675, 28193675, 28193675, 28193675, 28193675, 28193675, 26520888, 26445624, 103555323, 26445624, 26445624, 26445624, 26445624, 26445624, 26445624, 26445624, 26445624, 26445624, 26445624, 25614678, 25954302, 25954302, 25954302, 25954302, 27287816, 26287926, 26287926, 26287926, 26287926, 26287926, 26287926, 26287926, 26287926, 28772098, 28107904, 28107904, 28107904, 28107904, 28107904, 28107904, 28107904, 27761521, 27761521, 27761521, 27761521, 27766321, 27766321, 27766321, 27766321, 27766321, 27766321, 27766321, 27766321, 27766321, 27766321, 25820922, 286394072, 25820922, 25820922, 25820922, 25820922, 25820922, 25820922, 25820922, 25820922, 25820922, 25820922, 25820922, 25820922, 25820922, 25820922, 25820922, 28273035, 27773145, 27773145, 27773145, 27773145, 27773145, 27773145, 27685307, 27685307, 27512576, 27512576, 27512576, 27512576, 27512576, 27512576, 27512576, 27512576, 27512576, 27512576, 27512576, 27512576, 27512576, 27512576, 27512576, 27278932, 27278932, 27278932, 27278932, 27232760, 27232760, 27232760, 27232760, 27232760, 27232760, 27232760, 27232760, 27232760, 27232760, 27232760, 27103283, 27103283, 27103283, 27103283, 27103283, 27103283, 27103283, 27103283, 188345850, 27103283, 27061067, 27061067, 27061067, 27061067, 26956587, 26956587, 26956587, 26956587, 187476394, 25739482, 25648437, 25648437, 25648437, 25648437, 25904021, 26239372, 25739482, 25739482, 25739482, 25739482, 25739482, 25739482, 25739482, 25739482, 25739482, 25739482, 25739482, 25820922, 25820922, 25820922, 25820922, 25820922, 25820922, 25820922, 25820922, 25820922, 25820922, 25679419, 25679419, 25679419, 25679419, 25763867, 25763867, 25763867, 25763867, 25763867, 25763867, 26320812, 25820922, 25820922, 25820922, 25820922, 25820922, 25820922, 25820922, 25820922, 25820922, 25904021, 25904021, 25904021, 25904021, 25904021, 25904021, 26320812, 25820922, 25820922, 25820922, 25820922, 25820922, 25820922, 25820922, 25820922, 25820922, 25820922, 25820922, 25820922, 25487317, 25487317, 25487317, 26884226, 25884336, 25884336, 25884336, 25884336, 26171806, 26171806, 26171806, 26171806, 26171806, 26171806, 26171806, 26171806, 26171806, 68311871, 25487317, 26581534, 26581534, 25987207, 25487317, 25487317, 25487317, 25487317, 25487317, 25487317, 25487317, 25487317, 25487317, 25487317, 25487317, 25487317, 25487317, 25487317, 25487317, 25487317, 25487317, 25487317, 25487317, 25487317, 25487317, 25487317, 25487317, 25487317, 25487317, 25487317, 25487317, 25487317, 25487317, 25487317, 25487317, 25487317, 25487317, 25487317, 25487317, 25487317, 25487317, 25487317, 25487317, 25487317, 25487317, 25487317, 25487317, 25487317, 25487317, 25487317, 25487317, 25487317, 25487317, 25487317, 25487317, 25487317, 25487317, 25487317, 25487317, 25487317, 25487317, 25487317, 25487317, 25487317, 25487317, 25487317, 25491349, 26971646, 26971646, 26971646, 26971646, 26971646, 26971646, 26971646, 26971646, 26971646, 26971646, 26971646, 26971646, 26971646, 26971646, 26971646, 26971646, 25991239, 25491349, 25491349, 25491349, 25491349, 25491349, 25491349, 25491349, 25491349, 25491349, 25491349, 25491349, 25491349, 25491349, 25491349, 25491349, 25491349, 25491349, 25491349, 25491349, 25491349, 25491349, 25491349, 25491349, 25491349, 25491349, 25491349, 25491349, 25491349, 25491349, 25491349, 25491349, 25491349, 25491349, 25491349, 25491349, 25491349, 25491349, 25491349, 25491349, 25491349, 25491349, 25491349, 25491349, 25491349, 25491349, 25491349, 25491349, 25491349, 25491349, 25491349, 25491349, 25491349, 25491349, 25491349, 25491349, 25491349, 25491349, 25491349, 25491349, 25619925, 25619925, 25619925, 25619925, 26032767, 26032767, 26032767, 26211925, 26211925, 26211925, 26211925, 26211925, 26211925, 26211925, 26211925, 26211925, 26211925, 26211925, 26211925, 26211925, 26119815, 25619925, 25619925, 25619925, 25619925, 25619925, 25619925, 25619925, 25619925, 25619925, 25619925, 25619925, 25619925, 25619925, 25619925, 25619925, 25619925, 25619925, 25619925, 25619925, 25619925, 25619925, 25619925, 25619925, 25619925, 25619925, 25619925, 25619925, 25619925, 25619925, 25619925, 25619925, 26032767, 26253855, 26253855, 26253855, 26253855, 26253855, 26253855, 26253855, 26253855, 26253855, 26253855, 26253855, 26253855, 26253855, 26253855, 26253855, 26119815, 25619925, 25619925, 25619925, 25619925, 25829685, 25829685, 25829685, 25829685, 25829685, 25829685, 25829685, 25829685, 25829685, 25829685, 25829685, 26447349, 26447349, 26447349, 26447349, 26447349, 26447349, 26447349, 26447349, 26447349, 26447349, 26447349, 26447349, 26447349, 26447349, 26447349, 26447349, 26329575, 25829685, 25829685, 25829685, 25829685, 25829685, 25829685, 25829685, 25829685, 25829685, 25829685, 25829685, 26119815, 25619925, 25619925, 25619925, 25619925, 25619925, 25619925, 25619925, 25619925, 25619925, 25619925, 25619925, 25619925, 25619925, 25619925, 25619925, 25619925, 25829685, 25829685, 25829685, 25829685, 25829685, 25829685, 25829685, 25829685, 25829685, 25829685, 25829685, 25829685, 25829685, 25829685, 25829685, 25829685, 25829685, 25829685, 25829685, 25829685, 25829685, 25829685, 25829685, 25829685, 25829685, 25829685, 25829685, 25829685, 25829685]",0,0,0,SSD,0,23068672,0,23068672,23068672,23068672,1.0,hot,0,0,0,0,1.0,46137344
0,208,meta-llama/Llama-3.1-8B,8,777,19481998883,152912683531,133430684648,102564893526,102594504408,40151276,"[27278932, 27278932, 2094481536, 27232760, 27232760, 27232760, 27232760, 27232760, 27232760, 27232760, 27232760, 27232760, 27232760, 27232760, 27232760, 27232760, 27232760, 27232760, 27232760, 27232760, 1161236068, 27103283, 27103283, 27103283, 26997779, 26956587, 26956587, 26956587, 26956587, 26956587, 26956587, 26956587, 26956587, 26956587, 26956587, 26956587, 26759908, 26759908, 26759908, 26759908, 26759908, 26759908, 26759908, 26759908, 26726923, 26695203, 26695203, 26695203, 26695203, 26695203, 317664584, 27685307, 155069656, 28272208, 28272208, 28272208, 28272208, 28272208, 28272208, 28272208, 28272208, 26615821, 130042606, 26615821, 26615821, 26615821, 26615821, 26615821, 26615821, 26615821, 26615821, 159300827, 27766321, 27766321, 27766321, 27766321, 27773145, 1342907676, 27685307, 27685307, 27685307, 27685307, 27685307, 27685307, 27685307, 27685307, 27685307, 27685307, 27685307, 26956587, 80075378, 27512576, 27512576, 27512576, 27512576, 27512576, 27512576, 27512576, 944514006, 26445624, 26535544, 26535544, 26535544, 26535544, 26535544, 26535544, 26535544, 26535544, 27778822, 27278932, 27278932, 27278932, 608393912, 27278932, 27278932, 27278932, 27278932, 362130605, 27232760, 27232760, 27232760, 144037871, 27685307, 27685307, 27685307, 27685307, 27685307, 706029226, 26615821, 207879099, 26615821, 26615821, 443446465, 27512576, 27512576, 27512576, 27512576, 27512576, 27512576, 27512576, 27512576, 27512576, 27512576, 27512576, 27512576, 27512576, 27512576, 27512576, 27512576, 27512576, 27512576, 27512576, 27512576, 27512576, 27512576, 27512576, 27278932, 27278932, 27278932, 27278932, 27278932, 27278932, 27278932, 27232760, 27232760, 27232760, 27232760, 27232760, 27232760, 27232760, 27232760, 27232760, 27232760, 27232760, 27232760, 27232760, 27232760, 27232760, 27232760, 27232760, 27232760, 27232760, 27232760, 27232760, 27232760, 27232760, 27232760, 27232760, 27232760, 27232760, 27232760, 27232760, 27232760, 27232760, 27232760, 27103283, 27103283, 27103283, 27103283, 26997779, 26997779, 26997779, 26997779, 26997779, 26997779, 26997779, 26956587, 26830763, 26830763, 26830763, 26830763, 26830763, 26830763, 26830763, 26830763, 26830763, 26830763, 26830763, 26830763, 26830763, 26726923, 26726923, 26786947, 26695203, 26695203, 313274379, 26759908, 353415658, 32832569, 28422327, 28422327, 28422327, 28193675, 28193675, 28193675, 28193675, 28193675, 28193675, 28193675, 26520888, 26445624, 103555323, 26445624, 26445624, 26445624, 26445624, 26445624, 26445624, 26445624, 26445624, 26445624, 26445624, 25614678, 25954302, 25954302, 25954302, 25954302, 27287816, 26287926, 26287926, 26287926, 26287926, 26287926, 26287926, 26287926, 26287926, 28772098, 28107904, 28107904, 28107904, 28107904, 28107904, 28107904, 28107904, 27761521, 27761521, 27761521, 27761521, 27766321, 27766321, 27766321, 27766321, 27766321, 27766321, 27766321, 27766321, 27766321, 27766321, 25820922, 286394072, 25820922, 25820922, 25820922, 25820922, 25820922, 25820922, 25820922, 25820922, 25820922, 25820922, 25820922, 25820922, 25820922, 25820922, 25820922, 28273035, 27773145, 27773145, 27773145, 27773145, 27773145, 27773145, 27685307, 27685307, 27512576, 27512576, 27512576, 27512576, 27512576, 27512576, 27512576, 27512576, 27512576, 27512576, 27512576, 27512576, 27512576, 27512576, 27512576, 27278932, 27278932, 27278932, 27278932, 27232760, 27232760, 27232760, 27232760, 27232760, 27232760, 27232760, 27232760, 27232760, 27232760, 27232760, 27103283, 27103283, 27103283, 27103283, 27103283, 27103283, 27103283, 27103283, 188345850, 27103283, 27061067, 27061067, 27061067, 27061067, 26956587, 26956587, 26956587, 26956587, 187476394, 25739482, 25648437, 25648437, 25648437, 25648437, 25904021, 26239372, 25739482, 25739482, 25739482, 25739482, 25739482, 25739482, 25739482, 25739482, 25739482, 25739482, 25739482, 25820922, 25820922, 25820922, 25820922, 25820922, 25820922, 25820922, 25820922, 25820922, 25820922, 283621690, 25820922, 25820922, 25820922, 25820922, 25820922, 25820922, 25820922, 25820922, 25820922, 25904021, 25904021, 25904021, 25904021, 25904021, 25904021, 26320812, 25820922, 25820922, 25820922, 25820922, 25820922, 25820922, 25820922, 25820922, 25820922, 25820922, 25820922, 25820922, 25487317, 25487317, 25487317, 26884226, 25884336, 25884336, 25884336, 25884336, 26171806, 26171806, 26171806, 26171806, 26171806, 26171806, 26171806, 26171806, 26171806, 68311871, 25487317, 79150275, 25487317, 25487317, 25487317, 25487317, 25487317, 25487317, 25487317, 25487317, 25487317, 25487317, 25487317, 25487317, 25487317, 25487317, 25487317, 25487317, 25487317, 25487317, 25487317, 25487317, 25487317, 25487317, 25487317, 25487317, 25487317, 25487317, 25487317, 25487317, 25487317, 25487317, 25487317, 25487317, 25487317, 25487317, 25487317, 25487317, 25487317, 25487317, 25487317, 25487317, 25487317, 25487317, 25487317, 25487317, 25487317, 25487317, 25487317, 25487317, 25487317, 25487317, 25487317, 25487317, 25487317, 25487317, 25487317, 25487317, 25487317, 25487317, 25487317, 25487317, 25487317, 25487317, 25491349, 457537575, 25491349, 25491349, 25491349, 25491349, 25491349, 25491349, 25491349, 25491349, 25491349, 25491349, 25491349, 25491349, 25491349, 25491349, 25491349, 25491349, 25491349, 25491349, 25491349, 25491349, 25491349, 25491349, 25491349, 25491349, 25491349, 25491349, 25491349, 25491349, 25491349, 25491349, 25491349, 25491349, 25491349, 25491349, 25491349, 25491349, 25491349, 25491349, 25491349, 25491349, 25491349, 25491349, 25491349, 25491349, 25491349, 25491349, 25491349, 25491349, 25491349, 25491349, 25491349, 25491349, 25491349, 25491349, 25491349, 25491349, 25491349, 25491349, 25491349, 25619925, 25619925, 25619925, 25619925, 26032767, 26032767, 26032767, 26211925, 26211925, 26211925, 26211925, 26211925, 26211925, 26211925, 26211925, 26211925, 26211925, 26211925, 26211925, 26211925, 26119815, 25619925, 25619925, 25619925, 25619925, 25619925, 25619925, 25619925, 25619925, 25619925, 25619925, 25619925, 25619925, 25619925, 25619925, 25619925, 25619925, 25619925, 25619925, 25619925, 25619925, 25619925, 25619925, 25619925, 25619925, 25619925, 25619925, 25619925, 25619925, 25619925, 25619925, 25619925, 26032767, 26253855, 26253855, 26253855, 26253855, 26253855, 26253855, 26253855, 26253855, 26253855, 26253855, 26253855, 26253855, 26253855, 26253855, 26253855, 26119815, 25619925, 25619925, 25619925, 25619925, 25829685, 25829685, 25829685, 25829685, 25829685, 25829685, 25829685, 25829685, 25829685, 25829685, 25829685, 26447349, 26447349, 26447349, 26447349, 26447349, 26447349, 26447349, 26447349, 26447349, 26447349, 26447349, 26447349, 26447349, 26447349, 26447349, 26447349, 26329575, 25829685, 25829685, 25829685, 25829685, 25829685, 25829685, 25829685, 25829685, 25829685, 25829685, 25829685, 26119815, 25619925, 25619925, 25619925, 25619925, 25619925, 25619925, 25619925, 25619925, 25619925, 25619925, 25619925, 25619925, 25619925, 25619925, 25619925, 25619925, 25829685, 25829685, 25829685, 25829685, 25829685, 25829685, 25829685, 25829685, 25829685, 25829685, 25829685, 25829685, 25829685, 25829685, 25829685, 25829685, 25829685, 25829685, 25829685, 25829685, 25829685, 25829685, 25829685, 25829685, 25829685, 25829685, 25829685, 25829685, 25829685, 33353109, 26421342, 26600885, 26600885, 26600885, 26600885, 26921232, 26421342, 26421342, 26421342, 26421342, 26437374, 26437374, 26437374, 26437374, 26437374, 26437374, 26125428, 26125428, 25969703, 25969703, 25619925, 26937264, 26437374, 26437374, 26437374, 25853850, 25853850, 25853850, 25916533, 26253855, 26253855, 26253855, 26253855, 26253855, 26253855, 26253855, 26253855, 27235048, 26235158, 26235158, 26235158, 26235158, 26235158, 26235158, 26235158, 25619925]",0,0,0,SSD,0,18874368,0,18874368,18874368,18874368,1.0,hot,0,0,0,0,1.0,37748736
0,213,meta-llama/Llama-3.1-8B,91,748,19827770910,153001179900,133173408990,106801077056,107118741640,39717480,"[27685307, 155069656, 28272208, 28272208, 28272208, 28272208, 28272208, 28272208, 28272208, 28272208, 528885822, 27766321, 27766321, 27766321, 27766321, 27773145, 1342907676, 27685307, 27685307, 27685307, 27685307, 27685307, 27685307, 27685307, 27685307, 27685307, 27685307, 27685307, 26956587, 80075378, 27512576, 27512576, 27512576, 27512576, 27512576, 27512576, 27512576, 1211022804, 27278932, 27278932, 27278932, 608393912, 27278932, 27278932, 27278932, 27278932, 362130605, 27232760, 27232760, 27232760, 144037871, 27685307, 27685307, 27685307, 27685307, 27685307, 706029226, 26615821, 207879099, 26615821, 26615821, 443446465, 27512576, 27512576, 27512576, 27512576, 27512576, 27512576, 27512576, 27512576, 27512576, 27512576, 27512576, 27512576, 27512576, 27512576, 27512576, 27512576, 27512576, 27512576, 27512576, 27512576, 27512576, 27512576, 27512576, 27278932, 27278932, 27278932, 27278932, 27278932, 27278932, 27278932, 27232760, 27232760, 27232760, 27232760, 27232760, 27232760, 27232760, 27232760, 27232760, 27232760, 27232760, 27232760, 27232760, 27232760, 27232760, 27232760, 27232760, 27232760, 27232760, 27232760, 27232760, 27232760, 27232760, 27232760, 27232760, 27232760, 27232760, 27232760, 27232760, 27232760, 27232760, 27232760, 27103283, 27103283, 27103283, 27103283, 26997779, 26997779, 26997779, 26997779, 26997779, 26997779, 26997779, 26956587, 26830763, 26830763, 26830763, 26830763, 26830763, 26830763, 26830763, 26830763, 26830763, 26830763, 26830763, 26830763, 26830763, 26726923, 26726923, 26786947, 26695203, 26695203, 313274379, 26759908, 353415658, 32832569, 28422327, 28422327, 28422327, 28193675, 28193675, 28193675, 28193675, 28193675, 28193675, 28193675, 26520888, 26445624, 103555323, 26445624, 26445624, 26445624, 26445624, 26445624, 26445624, 26445624, 26445624, 26445624, 26445624, 25614678, 131105024, 26287926, 26287926, 26287926, 26287926, 26287926, 26287926, 26287926, 26287926, 28772098, 28107904, 28107904, 28107904, 28107904, 28107904, 28107904, 28107904, 27761521, 27761521, 27761521, 27761521, 27766321, 27766321, 27766321, 27766321, 27766321, 27766321, 27766321, 27766321, 27766321, 27766321, 25820922, 286394072, 25820922, 25820922, 25820922, 25820922, 25820922, 25820922, 25820922, 25820922, 25820922, 25820922, 25820922, 25820922, 25820922, 25820922, 25820922, 28273035, 27773145, 27773145, 27773145, 27773145, 27773145, 27773145, 27685307, 27685307, 27512576, 27512576, 27512576, 27512576, 27512576, 27512576, 27512576, 27512576, 27512576, 27512576, 27512576, 27512576, 27512576, 27512576, 27512576, 27278932, 27278932, 27278932, 27278932, 27232760, 27232760, 27232760, 27232760, 27232760, 27232760, 27232760, 27232760, 27232760, 27232760, 27232760, 27103283, 27103283, 27103283, 27103283, 27103283, 27103283, 27103283, 27103283, 188345850, 27103283, 27061067, 27061067, 27061067, 27061067, 26956587, 26956587, 26956587, 26956587, 187476394, 25739482, 154737141, 25739482, 25739482, 25739482, 25739482, 25739482, 25739482, 25739482, 25739482, 25739482, 25739482, 25739482, 25820922, 25820922, 25820922, 25820922, 25820922, 25820922, 25820922, 25820922, 25820922, 25820922, 283621690, 25820922, 25820922, 25820922, 25820922, 25820922, 25820922, 25820922, 25820922, 25820922, 181744938, 25820922, 25820922, 25820922, 25820922, 25820922, 25820922, 25820922, 25820922, 25820922, 25820922, 25820922, 25820922, 25487317, 25487317, 25487317, 26884226, 25884336, 25884336, 25884336, 25884336, 26171806, 26171806, 26171806, 26171806, 26171806, 26171806, 26171806, 26171806, 26171806, 68311871, 25487317, 79150275, 25487317, 25487317, 25487317, 25487317, 25487317, 25487317, 25487317, 25487317, 25487317, 25487317, 25487317, 25487317, 25487317, 25487317, 25487317, 25487317, 25487317, 25487317, 25487317, 25487317, 25487317, 25487317, 25487317, 25487317, 25487317, 25487317, 25487317, 25487317, 25487317, 25487317, 25487317, 25487317, 25487317, 25487317, 25487317, 25487317, 25487317, 25487317, 25487317, 25487317, 25487317, 25487317, 25487317, 25487317, 25487317, 25487317, 25487317, 25487317, 25487317, 25487317, 25487317, 25487317, 25487317, 25487317, 25487317, 25487317, 25487317, 25487317, 25487317, 25487317, 25487317, 25487317, 25491349, 457537575, 25491349, 25491349, 25491349, 25491349, 25491349, 25491349, 25491349, 25491349, 25491349, 25491349, 25491349, 25491349, 25491349, 25491349, 25491349, 25491349, 25491349, 25491349, 25491349, 25491349, 25491349, 25491349, 25491349, 25491349, 25491349, 25491349, 25491349, 25491349, 25491349, 25491349, 25491349, 25491349, 25491349, 25491349, 25491349, 25491349, 25491349, 25491349, 25491349, 25491349, 25491349, 25491349, 25491349, 25491349, 25491349, 25491349, 25491349, 25491349, 25491349, 25491349, 25491349, 25491349, 25491349, 25491349, 25491349, 25491349, 25491349, 25491349, 25491349, 25619925, 25619925, 25619925, 25619925, 26032767, 26032767, 26032767, 366874840, 25619925, 25619925, 25619925, 25619925, 25619925, 25619925, 25619925, 25619925, 25619925, 25619925, 25619925, 25619925, 25619925, 25619925, 25619925, 25619925, 25619925, 25619925, 25619925, 25619925, 25619925, 25619925, 25619925, 25619925, 25619925, 25619925, 25619925, 25619925, 25619925, 25619925, 25619925, 26032767, 26253855, 26253855, 26253855, 26253855, 26253855, 26253855, 26253855, 26253855, 26253855, 26253855, 26253855, 26253855, 26253855, 26253855, 26253855, 26119815, 25619925, 25619925, 25619925, 25619925, 25829685, 25829685, 25829685, 25829685, 25829685, 25829685, 25829685, 25829685, 25829685, 25829685, 25829685, 449487159, 25829685, 25829685, 25829685, 25829685, 25829685, 25829685, 25829685, 25829685, 25829685, 25829685, 25829685, 26119815, 25619925, 25619925, 25619925, 25619925, 25619925, 25619925, 25619925, 25619925, 25619925, 25619925, 25619925, 25619925, 25619925, 25619925, 25619925, 25619925, 25829685, 25829685, 25829685, 25829685, 25829685, 25829685, 25829685, 25829685, 25829685, 25829685, 25829685, 25829685, 25829685, 25829685, 25829685, 25829685, 25829685, 25829685, 25829685, 25829685, 25829685, 25829685, 25829685, 25829685, 25829685, 25829685, 25829685, 25829685, 25829685, 33353109, 26421342, 26600885, 26600885, 26600885, 26600885, 26921232, 26421342, 26421342, 26421342, 26421342, 26437374, 26437374, 26437374, 26437374, 26437374, 26437374, 26125428, 26125428, 25969703, 25969703, 25619925, 26937264, 26437374, 26437374, 26437374, 25853850, 25853850, 25853850, 25916533, 26253855, 26253855, 26253855, 26253855, 26253855, 26253855, 26253855, 26253855, 27235048, 26235158, 26235158, 26235158, 26235158, 26235158, 26235158, 26235158, 25619925, 32963727, 27766321, 27766321]",0,0,0,NPU,0,0,0,0,0,0,1.0,hot,0,0,0,0,1.0,0
0,219,meta-llama/Llama-3.1-8B,10,464,20450067246,154040876978,133590809732,106627685969,106679200267,59407526,"[28272208, 28272208, 28272208, 28272208, 28272208, 28272208, 28272208, 28272208, 528885822, 27766321, 27766321, 27766321, 27766321, 27773145, 1342907676, 27685307, 27685307, 27685307, 27685307, 27685307, 27685307, 27685307, 27685307, 27685307, 27685307, 27685307, 107031965, 27512576, 27512576, 27512576, 27512576, 27512576, 27512576, 27512576, 1211022804, 27278932, 27278932, 27278932, 608393912, 27278932, 27278932, 27278932, 27278932, 362130605, 27232760, 27232760, 27232760, 144037871, 27685307, 27685307, 27685307, 27685307, 27685307, 706029226, 731173027, 27512576, 27512576, 27512576, 27512576, 27512576, 27512576, 27512576, 27512576, 27512576, 27512576, 27512576, 27512576, 27512576, 27512576, 27512576, 27512576, 27512576, 27512576, 27512576, 27512576, 27512576, 27512576, 27512576, 27278932, 27278932, 27278932, 27278932, 27278932, 27278932, 27278932, 27232760, 27232760, 27232760, 27232760, 27232760, 27232760, 27232760, 27232760, 27232760, 27232760, 27232760, 27232760, 27232760, 27232760, 27232760, 27232760, 27232760, 27232760, 27232760, 27232760, 27232760, 27232760, 27232760, 27232760, 27232760, 27232760, 27232760, 27232760, 27232760, 27232760, 27232760, 27232760, 27103283, 27103283, 27103283, 27103283, 26997779, 26997779, 26997779, 26997779, 26997779, 26997779, 26997779, 26956587, 26830763, 26830763, 26830763, 26830763, 26830763, 26830763, 26830763, 26830763, 26830763, 26830763, 26830763, 26830763, 26830763, 26726923, 26726923, 26786947, 26695203, 26695203, 313274379, 26759908, 353415658, 32832569, 28422327, 28422327, 28422327, 28193675, 28193675, 28193675, 28193675, 28193675, 28193675, 28193675, 26520888, 26445624, 103555323, 26445624, 26445624, 26445624, 26445624, 26445624, 26445624, 26445624, 26445624, 26445624, 26445624, 25614678, 131105024, 26287926, 26287926, 26287926, 26287926, 26287926, 26287926, 26287926, 26287926, 28772098, 28107904, 28107904, 28107904, 28107904, 28107904, 28107904, 28107904, 27761521, 27761521, 27761521, 27761521, 27766321, 27766321, 27766321, 27766321, 27766321, 27766321, 27766321, 27766321, 27766321, 27766321, 727801859, 27773145, 27773145, 27773145, 27773145, 27773145, 27773145, 27685307, 27685307, 27512576, 27512576, 27512576, 27512576, 27512576, 27512576, 27512576, 27512576, 27512576, 27512576, 27512576, 27512576, 27512576, 27512576, 27512576, 27278932, 27278932, 27278932, 27278932, 27232760, 27232760, 27232760, 27232760, 27232760, 27232760, 27232760, 27232760, 27232760, 27232760, 27232760, 27103283, 27103283, 27103283, 27103283, 27103283, 27103283, 27103283, 27103283, 188345850, 27103283, 27061067, 27061067, 27061067, 27061067, 26956587, 26956587, 26956587, 26956587, 187476394, 25739482, 154737141, 25739482, 25739482, 25739482, 25739482, 25739482, 25739482, 25739482, 25739482, 25739482, 25739482, 25739482, 25820922, 25820922, 25820922, 25820922, 25820922, 25820922, 25820922, 25820922, 25820922, 25820922, 283621690, 25820922, 25820922, 25820922, 25820922, 25820922, 25820922, 25820922, 25820922, 25820922, 181744938, 25820922, 25820922, 25820922, 25820922, 25820922, 25820922, 25820922, 25820922, 25820922, 25820922, 25820922, 25820922, 103346177, 25884336, 25884336, 25884336, 25884336, 26171806, 26171806, 26171806, 26171806, 26171806, 26171806, 26171806, 26171806, 26171806, 68311871, 6605840428, 25619925, 25619925, 25619925, 25619925, 25619925, 25619925, 25619925, 25619925, 25619925, 25619925, 25619925, 25619925, 25619925, 25619925, 25619925, 25619925, 25829685, 25829685, 25829685, 25829685, 25829685, 25829685, 25829685, 25829685, 25829685, 25829685, 25829685, 25829685, 25829685, 25829685, 25829685, 25829685, 25829685, 25829685, 25829685, 25829685, 25829685, 25829685, 25829685, 25829685, 25829685, 25829685, 25829685, 25829685, 25829685, 33353109, 26421342, 133324772, 26421342, 26421342, 26421342, 26421342, 26437374, 26437374, 26437374, 26437374, 26437374, 26437374, 26125428, 26125428, 25969703, 25969703, 25619925, 26937264, 26437374, 26437374, 26437374, 25853850, 25853850, 25853850, 25916533, 26253855, 26253855, 26253855, 26253855, 26253855, 26253855, 26253855, 26253855, 27235048, 26235158, 26235158, 26235158, 26235158, 26235158, 26235158, 26235158, 25619925, 32963727, 27766321, 27766321, 117235826, 28193675, 28193675, 28193675, 28193675, 28193675, 28193675, 28193675, 26044318, 25884336, 25884336, 26097524, 26097524, 25929013, 25929013, 25929013, 25929013, 25929013, 25929013, 25929013, 26544208, 26044318, 26044318, 26171806, 25732479, 25732479, 25732479, 25732479, 25732479, 25732479, 25732479, 25732479, 25732479, 25732479, 25732479, 25732479]",0,0,0,SSD,0,44040192,0,44040192,44040192,44040192,1.0,hot,0,0,0,0,1.0,88080384
0,212,meta-llama/Llama-3.1-8B,46,778,19802375924,154324098948,134521723024,106826472042,107144136626,37452238,"[27685307, 155069656, 28272208, 28272208, 28272208, 28272208, 28272208, 28272208, 28272208, 28272208, 528885822, 27766321, 27766321, 27766321, 27766321, 27773145, 1342907676, 27685307, 27685307, 27685307, 27685307, 27685307, 27685307, 27685307, 27685307, 27685307, 27685307, 27685307, 26956587, 80075378, 27512576, 27512576, 27512576, 27512576, 27512576, 27512576, 27512576, 1211022804, 27278932, 27278932, 27278932, 608393912, 27278932, 27278932, 27278932, 27278932, 362130605, 27232760, 27232760, 27232760, 144037871, 27685307, 27685307, 27685307, 27685307, 27685307, 706029226, 26615821, 207879099, 26615821, 26615821, 443446465, 27512576, 27512576, 27512576, 27512576, 27512576, 27512576, 27512576, 27512576, 27512576, 27512576, 27512576, 27512576, 27512576, 27512576, 27512576, 27512576, 27512576, 27512576, 27512576, 27512576, 27512576, 27512576, 27512576, 27278932, 27278932, 27278932, 27278932, 27278932, 27278932, 27278932, 27232760, 27232760, 27232760, 27232760, 27232760, 27232760, 27232760, 27232760, 27232760, 27232760, 27232760, 27232760, 27232760, 27232760, 27232760, 27232760, 27232760, 27232760, 27232760, 27232760, 27232760, 27232760, 27232760, 27232760, 27232760, 27232760, 27232760, 27232760, 27232760, 27232760, 27232760, 27232760, 27103283, 27103283, 27103283, 27103283, 26997779, 26997779, 26997779, 26997779, 26997779, 26997779, 26997779, 26956587, 26830763, 26830763, 26830763, 26830763, 26830763, 26830763, 26830763, 26830763, 26830763, 26830763, 26830763, 26830763, 26830763, 26726923, 26726923, 26786947, 26695203, 26695203, 313274379, 26759908, 353415658, 32832569, 28422327, 28422327, 28422327, 28193675, 28193675, 28193675, 28193675, 28193675, 28193675, 28193675, 26520888, 26445624, 103555323, 26445624, 26445624, 26445624, 26445624, 26445624, 26445624, 26445624, 26445624, 26445624, 26445624, 25614678, 131105024, 26287926, 26287926, 26287926, 26287926, 26287926, 26287926, 26287926, 26287926, 28772098, 28107904, 28107904, 28107904, 28107904, 28107904, 28107904, 28107904, 27761521, 27761521, 27761521, 27761521, 27766321, 27766321, 27766321, 27766321, 27766321, 27766321, 27766321, 27766321, 27766321, 27766321, 25820922, 286394072, 25820922, 25820922, 25820922, 25820922, 25820922, 25820922, 25820922, 25820922, 25820922, 25820922, 25820922, 25820922, 25820922, 25820922, 25820922, 28273035, 27773145, 27773145, 27773145, 27773145, 27773145, 27773145, 27685307, 27685307, 27512576, 27512576, 27512576, 27512576, 27512576, 27512576, 27512576, 27512576, 27512576, 27512576, 27512576, 27512576, 27512576, 27512576, 27512576, 27278932, 27278932, 27278932, 27278932, 27232760, 27232760, 27232760, 27232760, 27232760, 27232760, 27232760, 27232760, 27232760, 27232760, 27232760, 27103283, 27103283, 27103283, 27103283, 27103283, 27103283, 27103283, 27103283, 188345850, 27103283, 27061067, 27061067, 27061067, 27061067, 26956587, 26956587, 26956587, 26956587, 187476394, 25739482, 154737141, 25739482, 25739482, 25739482, 25739482, 25739482, 25739482, 25739482, 25739482, 25739482, 25739482, 25739482, 25820922, 25820922, 25820922, 25820922, 25820922, 25820922, 25820922, 25820922, 25820922, 25820922, 283621690, 25820922, 25820922, 25820922, 25820922, 25820922, 25820922, 25820922, 25820922, 25820922, 181744938, 25820922, 25820922, 25820922, 25820922, 25820922, 25820922, 25820922, 25820922, 25820922, 25820922, 25820922, 25820922, 25487317, 25487317, 25487317, 26884226, 25884336, 25884336, 25884336, 25884336, 26171806, 26171806, 26171806, 26171806, 26171806, 26171806, 26171806, 26171806, 26171806, 68311871, 25487317, 79150275, 25487317, 25487317, 25487317, 25487317, 25487317, 25487317, 25487317, 25487317, 25487317, 25487317, 25487317, 25487317, 25487317, 25487317, 25487317, 25487317, 25487317, 25487317, 25487317, 25487317, 25487317, 25487317, 25487317, 25487317, 25487317, 25487317, 25487317, 25487317, 25487317, 25487317, 25487317, 25487317, 25487317, 25487317, 25487317, 25487317, 25487317, 25487317, 25487317, 25487317, 25487317, 25487317, 25487317, 25487317, 25487317, 25487317, 25487317, 25487317, 25487317, 25487317, 25487317, 25487317, 25487317, 25487317, 25487317, 25487317, 25487317, 25487317, 25487317, 25487317, 25487317, 25487317, 25491349, 457537575, 25491349, 25491349, 25491349, 25491349, 25491349, 25491349, 25491349, 25491349, 25491349, 25491349, 25491349, 25491349, 25491349, 25491349, 25491349, 25491349, 25491349, 25491349, 25491349, 25491349, 25491349, 25491349, 25491349, 25491349, 25491349, 25491349, 25491349, 25491349, 25491349, 25491349, 25491349, 25491349, 25491349, 25491349, 25491349, 25491349, 25491349, 25491349, 25491349, 25491349, 25491349, 25491349, 25491349, 25491349, 25491349, 25491349, 25491349, 25491349, 25491349, 25491349, 25491349, 25491349, 25491349, 25491349, 25491349, 25491349, 25491349, 25491349, 25491349, 25619925, 25619925, 25619925, 25619925, 26032767, 26032767, 26032767, 26211925, 26211925, 26211925, 26211925, 26211925, 26211925, 26211925, 26211925, 26211925, 26211925, 26211925, 26211925, 26211925, 26119815, 25619925, 25619925, 25619925, 25619925, 25619925, 25619925, 25619925, 25619925, 25619925, 25619925, 25619925, 25619925, 25619925, 25619925, 25619925, 25619925, 25619925, 25619925, 25619925, 25619925, 25619925, 25619925, 25619925, 25619925, 25619925, 25619925, 25619925, 25619925, 25619925, 25619925, 25619925, 26032767, 26253855, 26253855, 26253855, 26253855, 26253855, 26253855, 26253855, 26253855, 26253855, 26253855, 26253855, 26253855, 26253855, 26253855, 26253855, 26119815, 25619925, 25619925, 25619925, 25619925, 25829685, 25829685, 25829685, 25829685, 25829685, 25829685, 25829685, 25829685, 25829685, 25829685, 25829685, 26447349, 26447349, 26447349, 26447349, 26447349, 26447349, 26447349, 26447349, 26447349, 26447349, 26447349, 26447349, 26447349, 26447349, 26447349, 26447349, 26329575, 25829685, 25829685, 25829685, 25829685, 25829685, 25829685, 25829685, 25829685, 25829685, 25829685, 25829685, 26119815, 25619925, 25619925, 25619925, 25619925, 25619925, 25619925, 25619925, 25619925, 25619925, 25619925, 25619925, 25619925, 25619925, 25619925, 25619925, 25619925, 25829685, 25829685, 25829685, 25829685, 25829685, 25829685, 25829685, 25829685, 25829685, 25829685, 25829685, 25829685, 25829685, 25829685, 25829685, 25829685, 25829685, 25829685, 25829685, 25829685, 25829685, 25829685, 25829685, 25829685, 25829685, 25829685, 25829685, 25829685, 25829685, 33353109, 26421342, 26600885, 26600885, 26600885, 26600885, 26921232, 26421342, 26421342, 26421342, 26421342, 26437374, 26437374, 26437374, 26437374, 26437374, 26437374, 26125428, 26125428, 25969703, 25969703, 25619925, 26937264, 26437374, 26437374, 26437374, 25853850, 25853850, 25853850, 25916533, 26253855, 26253855, 26253855, 26253855, 26253855, 26253855, 26253855, 26253855, 27235048, 26235158, 26235158, 26235158, 26235158, 26235158, 26235158, 26235158, 25619925, 32963727, 27766321, 27766321, 117235826, 28193675, 28193675, 28193675, 28193675, 28193675, 28193675, 28193675, 26044318, 25884336, 25884336, 26097524, 26097524, 25929013, 25929013, 25929013, 25929013, 25929013, 25929013, 25929013, 26544208, 26044318, 26044318, 26171806, 25732479, 25732479, 25732479, 25732479, 25732479, 25732479, 25732479, 25732479, 25732479, 25732479, 25732479, 25732479, 28772098, 28272208, 28272208, 28272208, 28272208, 28272208, 28272208, 28272208, 28272208, 28272208]",0,0,0,NPU,0,0,0,0,0,0,1.0,hot,0,0,0,0,1.0,0
0,244,meta-llama/Llama-3.1-8B,38,156,23063805313,154324098948,131260293635,114275720276,114308552845,144886673,"[28422327, 28422327, 28422327, 28193675, 28193675, 28193675, 28193675, 28193675, 28193675, 28193675, 816773283, 28107904, 28107904, 28107904, 28107904, 28107904, 28107904, 28107904, 27761521, 27761521, 27761521, 27761521, 27766321, 27766321, 27766321, 27766321, 27766321, 27766321, 27766321, 27766321, 27766321, 27766321, 727801859, 27773145, 27773145, 27773145, 27773145, 27773145, 27773145, 27685307, 27685307, 27512576, 27512576, 27512576, 27512576, 27512576, 27512576, 27512576, 27512576, 27512576, 27512576, 27512576, 27512576, 27512576, 27512576, 27512576, 27278932, 27278932, 27278932, 27278932, 27232760, 27232760, 27232760, 27232760, 27232760, 27232760, 27232760, 27232760, 27232760, 27232760, 27232760, 27103283, 27103283, 27103283, 27103283, 27103283, 27103283, 27103283, 27103283, 188345850, 27103283, 27061067, 27061067, 27061067, 27061067, 26956587, 26956587, 26956587, 26956587, 187476394, 2240167781, 7798173202, 1243089028, 27766321, 27766321, 117235826, 28193675, 28193675, 28193675, 28193675, 28193675, 28193675, 28193675, 26044318, 312011019, 26044318, 26044318, 363733652, 28272208, 28272208, 28272208, 28272208, 28272208, 28272208, 28272208, 28272208, 28272208]",0,0,0,NPU,0,0,0,0,0,0,1.0,hot,0,0,0,0,1.0,0
0,257,meta-llama/Llama-3.1-8B,63,95,25052699487,154629475679,129576776192,127859984044,127892947771,54317045,"[27766321, 27766321, 117235826, 28193675, 28193675, 28193675, 28193675, 28193675, 28193675, 28193675, 753877625, 28272208, 28272208, 28272208, 28272208, 28272208, 28272208, 28272208, 28272208, 28272208, 27761521, 27761521, 27761521, 27761521, 27761521, 27761521, 27761521, 27761521, 27761521, 27761521, 27761521]",0,0,0,NPU,0,0,0,0,0,0,1.0,hot,0,0,0,0,1.0,0
0,240,meta-llama/Llama-3.1-8B,305,442,22461911614,154768308636,132306397022,114524198317,114877613975,128152816,"[32832569, 28422327, 28422327, 28422327, 28193675, 28193675, 28193675, 28193675, 28193675, 28193675, 28193675, 816773283, 28107904, 28107904, 28107904, 28107904, 28107904, 28107904, 28107904, 27761521, 27761521, 27761521, 27761521, 27766321, 27766321, 27766321, 27766321, 27766321, 27766321, 27766321, 27766321, 27766321, 27766321, 727801859, 27773145, 27773145, 27773145, 27773145, 27773145, 27773145, 27685307, 27685307, 27512576, 27512576, 27512576, 27512576, 27512576, 27512576, 27512576, 27512576, 27512576, 27512576, 27512576, 27512576, 27512576, 27512576, 27512576, 27278932, 27278932, 27278932, 27278932, 27232760, 27232760, 27232760, 27232760, 27232760, 27232760, 27232760, 27232760, 27232760, 27232760, 27232760, 27103283, 27103283, 27103283, 27103283, 27103283, 27103283, 27103283, 27103283, 188345850, 27103283, 27061067, 27061067, 27061067, 27061067, 26956587, 26956587, 26956587, 26956587, 187476394, 2240167781, 7798173202, 1243089028, 27766321, 27766321, 117235826, 28193675, 28193675, 28193675, 28193675, 28193675, 28193675, 28193675, 26044318, 25884336, 25884336, 260242347, 26044318, 26044318, 363733652, 28272208, 28272208, 28272208, 28272208, 28272208, 28272208, 28272208, 28272208, 28272208, 27761521, 27761521, 27761521, 27761521, 27761521, 27761521, 27761521, 27761521, 27761521, 27761521, 27761521, 27764953, 27764953, 27764953, 27764953, 27773145]",0,0,0,SSD,0,52428800,0,52428800,52428800,52428800,1.0,hot,0,0,0,0,1.0,104857600
0,259,meta-llama/Llama-3.1-8B,14,55,25147333539,154879046280,129731712741,127765349992,127798313719,48334975,"[27766321, 27766321, 117235826, 28193675, 28193675, 28193675, 28193675, 28193675, 28193675, 28193675, 753877625, 28272208, 28272208, 28272208, 28272208, 28272208, 28272208, 28272208, 28272208, 28272208, 27761521, 27761521, 27761521, 27761521, 27761521, 27761521, 27761521, 27761521, 27761521, 27761521, 27761521, 27764953, 27764953, 27764953, 27764953, 27773145, 27684411, 27684411, 27684411, 27684411]",0,0,0,NPU,0,0,0,0,0,0,1.0,hot,0,0,0,0,1.0,0
0,249,meta-llama/Llama-3.1-8B,205,258,24246447934,155154172040,130907724106,119589625223,119657937094,216342057,"[7798173202, 1243089028, 27766321, 27766321, 117235826, 28193675, 28193675, 28193675, 28193675, 28193675, 28193675, 28193675, 753877625, 28272208, 28272208, 28272208, 28272208, 28272208, 28272208, 28272208, 28272208, 28272208, 27761521, 27761521, 27761521, 27761521, 27761521, 27761521, 27761521, 27761521, 27761521, 27761521, 27761521, 27764953, 27764953, 27764953, 27764953, 27773145, 27684411, 27684411, 27684411, 27684411, 27512576, 27512576, 27512576, 27512576, 27512576, 27512576, 27512576, 27512576, 27512576, 27512576]",0,0,0,NPU,0,0,0,0,0,0,1.0,hot,0,0,0,0,1.0,0
0,246,meta-llama/Llama-3.1-8B,955,1051,23383251485,156027097864,132643846379,117661969619,117850315469,155721378,"[27103283, 27061067, 27061067, 27061067, 27061067, 26956587, 26956587, 26956587, 26956587, 187476394, 2240167781, 7798173202, 1243089028, 27766321, 27766321, 117235826, 28193675, 28193675, 28193675, 28193675, 28193675, 28193675, 28193675, 753877625, 28272208, 28272208, 28272208, 28272208, 28272208, 28272208, 28272208, 28272208, 28272208, 27761521, 27761521, 27761521, 27761521, 27761521, 27761521, 27761521, 27761521, 27761521, 27761521, 27761521, 27764953, 27764953, 27764953, 27764953, 27773145, 27684411, 27684411, 27684411, 27684411, 27512576, 27512576, 27512576, 27512576, 27512576, 27512576, 27512576, 27512576, 27512576, 27512576, 27278932, 27278932, 27278932, 27278932, 27278932, 27278932, 27278932, 27278932, 27278932, 27278932, 27278932, 27278932, 27278932, 27278932, 27278932, 27278932, 27278932, 27278932, 27278932, 27278932, 27278932, 27278932, 27278932, 27278932, 27278932, 27278932, 27278932, 27278932, 27278932, 27278932, 27278932, 27278932]",0,0,0,NPU,0,0,0,0,0,0,1.0,hot,0,0,0,0,1.0,0
0,227,meta-llama/Llama-3.1-8B,94,520,21166886063,156462822024,135295935961,111257547540,111401585411,56222001,"[27685307, 27685307, 27685307, 27685307, 27685307, 706029226, 731173027, 27512576, 27512576, 27512576, 27512576, 27512576, 27512576, 27512576, 27512576, 27512576, 27512576, 27512576, 27512576, 27512576, 27512576, 27512576, 27512576, 27512576, 27512576, 27512576, 27512576, 27512576, 27512576, 27512576, 27278932, 27278932, 27278932, 27278932, 27278932, 27278932, 27278932, 27232760, 27232760, 27232760, 27232760, 27232760, 27232760, 27232760, 27232760, 27232760, 27232760, 27232760, 27232760, 27232760, 27232760, 27232760, 27232760, 27232760, 27232760, 27232760, 27232760, 27232760, 27232760, 27232760, 27232760, 27232760, 27232760, 27232760, 27232760, 27232760, 27232760, 27232760, 27232760, 27103283, 27103283, 27103283, 27103283, 26997779, 26997779, 26997779, 26997779, 26997779, 26997779, 26997779, 26956587, 26830763, 26830763, 26830763, 26830763, 26830763, 26830763, 26830763, 26830763, 26830763, 26830763, 26830763, 26830763, 26830763, 26726923, 26726923, 26786947, 26695203, 26695203, 313274379, 26759908, 353415658, 32832569, 28422327, 28422327, 28422327, 28193675, 28193675, 28193675, 28193675, 28193675, 28193675, 28193675, 577697777, 26287926, 26287926, 26287926, 26287926, 26287926, 26287926, 26287926, 26287926, 28772098, 28107904, 28107904, 28107904, 28107904, 28107904, 28107904, 28107904, 27761521, 27761521, 27761521, 27761521, 27766321, 27766321, 27766321, 27766321, 27766321, 27766321, 27766321, 27766321, 27766321, 27766321, 727801859, 27773145, 27773145, 27773145, 27773145, 27773145, 27773145, 27685307, 27685307, 27512576, 27512576, 27512576, 27512576, 27512576, 27512576, 27512576, 27512576, 27512576, 27512576, 27512576, 27512576, 27512576, 27512576, 27512576, 27278932, 27278932, 27278932, 27278932, 27232760, 27232760, 27232760, 27232760, 27232760, 27232760, 27232760, 27232760, 27232760, 27232760, 27232760, 27103283, 27103283, 27103283, 27103283, 27103283, 27103283, 27103283, 27103283, 188345850, 27103283, 27061067, 27061067, 27061067, 27061067, 26956587, 26956587, 26956587, 26956587, 187476394, 25739482, 154737141, 25739482, 25739482, 25739482, 25739482, 25739482, 25739482, 25739482, 25739482, 25739482, 25739482, 25739482, 25820922, 25820922, 25820922, 25820922, 25820922, 25820922, 25820922, 25820922, 25820922, 25820922, 283621690, 25820922, 25820922, 25820922, 25820922, 25820922, 25820922, 25820922, 25820922, 25820922, 181744938, 25820922, 25820922, 25820922, 25820922, 25820922, 25820922, 25820922, 25820922, 25820922, 25820922, 25820922, 25820922, 103346177, 25884336, 25884336, 25884336, 25884336, 26171806, 26171806, 26171806, 26171806, 26171806, 26171806, 26171806, 26171806, 26171806, 68311871, 7798173202, 26421342, 133324772, 26421342, 26421342, 26421342, 26421342, 26437374, 26437374, 26437374, 26437374, 26437374, 26437374, 26125428, 26125428, 25969703, 25969703, 25619925, 26937264, 26437374, 26437374, 26437374, 25853850, 25853850, 25853850, 25916533, 237265888, 26235158, 26235158, 26235158, 26235158, 26235158, 26235158, 26235158, 25619925, 32963727, 27766321, 27766321, 117235826, 28193675, 28193675, 28193675, 28193675, 28193675, 28193675, 28193675, 26044318, 25884336, 25884336, 26097524, 26097524, 25929013, 25929013, 25929013, 25929013, 25929013, 25929013, 25929013, 26544208, 26044318, 26044318, 26171806, 25732479, 25732479, 25732479, 25732479, 25732479, 25732479, 25732479, 25732479, 25732479, 25732479, 25732479, 25732479, 28772098, 28272208, 28272208, 28272208, 28272208, 28272208, 28272208, 28272208, 28272208, 28272208, 27761521, 27761521, 27761521, 27761521, 27761521, 27761521, 27761521, 27761521, 27761521, 27761521, 27761521, 27764953, 27764953, 27764953, 27764953, 27773145, 27684411, 27684411, 27684411, 27684411, 27512576, 27512576, 27512576, 27512576, 27512576, 27512576, 27512576, 27512576, 27512576, 27512576, 27278932, 27278932, 27278932, 27278932, 27278932, 27278932, 27278932, 27278932, 27278932, 27278932, 27278932, 27278932, 27278932, 27278932, 27278932, 27278932, 27278932, 27278932, 27278932, 27278932, 27278932, 27278932, 27278932, 27278932, 27278932, 27278932, 27278932, 27278932, 27278932, 27278932, 27278932, 27278932, 27232760, 27232760, 27232760, 27232760, 27232760, 27232760, 27232760, 27232760, 27232760, 27232760, 27232760, 27232760, 27232760, 27232760, 27232760, 27232760]",0,0,0,SSD,0,75497472,0,75497472,75497472,75497472,1.0,hot,0,0,0,0,1.0,150994944
0,242,meta-llama/Llama-3.1-8B,41,240,23016018843,156702646587,133686627744,113970091088,114323506746,97793540,"[32832569, 28422327, 28422327, 28422327, 28193675, 28193675, 28193675, 28193675, 28193675, 28193675, 28193675, 816773283, 28107904, 28107904, 28107904, 28107904, 28107904, 28107904, 28107904, 27761521, 27761521, 27761521, 27761521, 27766321, 27766321, 27766321, 27766321, 27766321, 27766321, 27766321, 27766321, 27766321, 27766321, 727801859, 27773145, 27773145, 27773145, 27773145, 27773145, 27773145, 27685307, 27685307, 27512576, 27512576, 27512576, 27512576, 27512576, 27512576, 27512576, 27512576, 27512576, 27512576, 27512576, 27512576, 27512576, 27512576, 27512576, 27278932, 27278932, 27278932, 27278932, 27232760, 27232760, 27232760, 27232760, 27232760, 27232760, 27232760, 27232760, 27232760, 27232760, 27232760, 27103283, 27103283, 27103283, 27103283, 27103283, 27103283, 27103283, 27103283, 188345850, 27103283, 27061067, 27061067, 27061067, 27061067, 26956587, 26956587, 26956587, 26956587, 187476394, 2240167781, 7798173202, 1243089028, 27766321, 27766321, 117235826, 28193675, 28193675, 28193675, 28193675, 28193675, 28193675, 28193675, 26044318, 312011019, 26044318, 26044318, 363733652, 28272208, 28272208, 28272208, 28272208, 28272208, 28272208, 28272208, 28272208, 28272208, 27761521, 27761521, 27761521, 27761521, 27761521, 27761521, 27761521, 27761521, 27761521, 27761521, 27761521, 27764953, 27764953, 27764953, 27764953, 27773145, 27684411, 27684411, 27684411, 27684411, 27512576, 27512576, 27512576, 27512576, 27512576, 27512576, 27512576, 27512576, 27512576, 27512576, 27278932, 27278932, 27278932, 27278932, 27278932, 27278932, 27278932, 27278932, 27278932, 27278932, 27278932, 27278932, 27278932, 27278932, 27278932, 27278932, 27278932, 27278932, 27278932, 27278932, 27278932, 27278932, 27278932, 27278932, 27278932, 27278932, 27278932, 27278932, 27278932, 27278932, 27278932, 27278932, 27232760, 27232760, 27232760, 27232760, 27232760, 27232760, 27232760, 27232760, 27232760, 27232760, 27232760, 27232760, 27232760, 27232760, 27232760, 27232760, 212545631, 27278932]",0,0,0,NPU,0,0,0,0,0,0,1.0,hot,0,0,0,0,1.0,0
0,230,meta-llama/Llama-3.1-8B,114,391,21647607547,157063853903,135416246356,114998468097,115311742476,72842405,"[26759908, 353415658, 32832569, 28422327, 28422327, 28422327, 28193675, 28193675, 28193675, 28193675, 28193675, 28193675, 28193675, 816773283, 28107904, 28107904, 28107904, 28107904, 28107904, 28107904, 28107904, 27761521, 27761521, 27761521, 27761521, 27766321, 27766321, 27766321, 27766321, 27766321, 27766321, 27766321, 27766321, 27766321, 27766321, 727801859, 27773145, 27773145, 27773145, 27773145, 27773145, 27773145, 27685307, 27685307, 27512576, 27512576, 27512576, 27512576, 27512576, 27512576, 27512576, 27512576, 27512576, 27512576, 27512576, 27512576, 27512576, 27512576, 27512576, 27278932, 27278932, 27278932, 27278932, 27232760, 27232760, 27232760, 27232760, 27232760, 27232760, 27232760, 27232760, 27232760, 27232760, 27232760, 27103283, 27103283, 27103283, 27103283, 27103283, 27103283, 27103283, 27103283, 188345850, 27103283, 27061067, 27061067, 27061067, 27061067, 26956587, 26956587, 26956587, 26956587, 187476394, 1832772312, 25884336, 25884336, 25884336, 25884336, 26171806, 26171806, 26171806, 26171806, 26171806, 26171806, 26171806, 26171806, 26171806, 68311871, 7798173202, 26421342, 133324772, 26421342, 26421342, 26421342, 26421342, 26437374, 26437374, 26437374, 26437374, 26437374, 26437374, 26125428, 26125428, 25969703, 25969703, 52557189, 26437374, 26437374, 26437374, 25853850, 25853850, 25853850, 25916533, 237265888, 26235158, 26235158, 26235158, 26235158, 26235158, 26235158, 26235158, 58583652, 27766321, 27766321, 117235826, 28193675, 28193675, 28193675, 28193675, 28193675, 28193675, 28193675, 26044318, 25884336, 25884336, 26097524, 26097524, 208047299, 26044318, 26044318, 26171806, 25732479, 25732479, 25732479, 25732479, 25732479, 25732479, 25732479, 25732479, 25732479, 25732479, 25732479, 25732479, 28772098, 28272208, 28272208, 28272208, 28272208, 28272208, 28272208, 28272208, 28272208, 28272208, 27761521, 27761521, 27761521, 27761521, 27761521, 27761521, 27761521, 27761521, 27761521, 27761521, 27761521, 27764953, 27764953, 27764953, 27764953, 27773145, 27684411, 27684411, 27684411, 27684411, 27512576, 27512576, 27512576, 27512576, 27512576, 27512576, 27512576, 27512576, 27512576, 27512576, 27278932, 27278932, 27278932, 27278932, 27278932, 27278932, 27278932, 27278932, 27278932, 27278932, 27278932, 27278932, 27278932, 27278932, 27278932, 27278932, 27278932, 27278932, 27278932, 27278932, 27278932, 27278932, 27278932, 27278932, 27278932, 27278932, 27278932, 27278932, 27278932, 27278932, 27278932, 27278932, 27232760, 27232760, 27232760, 27232760, 27232760, 27232760, 27232760, 27232760, 27232760, 27232760, 27232760, 27232760, 27232760, 27232760, 27232760, 27232760, 212545631, 27278932, 50905199, 26786947, 25262203, 25262203, 25262203, 25262203, 27286837, 26235158, 26235158, 26235158, 25491349, 25491349, 25491349]",0,0,0,SSD,0,56623104,0,56623104,56623104,56623104,1.0,hot,0,0,0,0,1.0,113246208
0,245,meta-llama/Llama-3.1-8B,24,240,23327357658,157507348099,134179990441,114012167931,114045000500,93651116,"[28422327, 28422327, 28422327, 28193675, 28193675, 28193675, 28193675, 28193675, 28193675, 28193675, 816773283, 28107904, 28107904, 28107904, 28107904, 28107904, 28107904, 28107904, 27761521, 27761521, 27761521, 27761521, 27766321, 27766321, 27766321, 27766321, 27766321, 27766321, 27766321, 27766321, 27766321, 27766321, 727801859, 27773145, 27773145, 27773145, 27773145, 27773145, 27773145, 27685307, 27685307, 27512576, 27512576, 27512576, 27512576, 27512576, 27512576, 27512576, 27512576, 27512576, 27512576, 27512576, 27512576, 27512576, 27512576, 27512576, 27278932, 27278932, 27278932, 27278932, 27232760, 27232760, 27232760, 27232760, 27232760, 27232760, 27232760, 27232760, 27232760, 27232760, 27232760, 27103283, 27103283, 27103283, 27103283, 27103283, 27103283, 27103283, 27103283, 188345850, 27103283, 27061067, 27061067, 27061067, 27061067, 26956587, 26956587, 26956587, 26956587, 187476394, 2240167781, 7798173202, 1243089028, 27766321, 27766321, 117235826, 28193675, 28193675, 28193675, 28193675, 28193675, 28193675, 28193675, 753877625, 28272208, 28272208, 28272208, 28272208, 28272208, 28272208, 28272208, 28272208, 28272208, 27761521, 27761521, 27761521, 27761521, 27761521, 27761521, 27761521, 27761521, 27761521, 27761521, 27761521, 27764953, 27764953, 27764953, 27764953, 27773145, 27684411, 27684411, 27684411, 27684411, 27512576, 27512576, 27512576, 27512576, 27512576, 27512576, 27512576, 27512576, 27512576, 27512576, 27278932, 27278932, 27278932, 27278932, 27278932, 27278932, 27278932, 27278932, 27278932, 27278932, 27278932, 27278932, 27278932, 27278932, 27278932, 27278932, 27278932, 27278932, 27278932, 27278932, 27278932, 27278932, 27278932, 27278932, 27278932, 27278932, 27278932, 27278932, 27278932, 27278932, 27278932, 27278932, 27232760, 27232760, 27232760, 27232760, 27232760, 27232760, 27232760, 27232760, 27232760, 27232760, 27232760, 27232760, 27232760, 27232760, 27232760, 27232760, 212545631, 27278932, 50905199, 26786947, 128335649, 26235158, 26235158, 26235158, 110314187, 28107904, 28107904, 28107904, 28107904, 28114176, 28114176, 26859940, 25614678, 27359830, 26859940, 26859940, 26859940, 26859940, 26859940, 26859940]",0,0,0,SSD,0,16777216,0,16777216,16777216,16777216,1.0,hot,0,0,0,0,1.0,33554432
0,232,meta-llama/Llama-3.1-8B,20,351,21803466669,158959768550,137156301881,114842608975,115155883354,66667934,"[26759908, 353415658, 32832569, 28422327, 28422327, 28422327, 28193675, 28193675, 28193675, 28193675, 28193675, 28193675, 28193675, 816773283, 28107904, 28107904, 28107904, 28107904, 28107904, 28107904, 28107904, 27761521, 27761521, 27761521, 27761521, 27766321, 27766321, 27766321, 27766321, 27766321, 27766321, 27766321, 27766321, 27766321, 27766321, 727801859, 27773145, 27773145, 27773145, 27773145, 27773145, 27773145, 27685307, 27685307, 27512576, 27512576, 27512576, 27512576, 27512576, 27512576, 27512576, 27512576, 27512576, 27512576, 27512576, 27512576, 27512576, 27512576, 27512576, 27278932, 27278932, 27278932, 27278932, 27232760, 27232760, 27232760, 27232760, 27232760, 27232760, 27232760, 27232760, 27232760, 27232760, 27232760, 27103283, 27103283, 27103283, 27103283, 27103283, 27103283, 27103283, 27103283, 188345850, 27103283, 27061067, 27061067, 27061067, 27061067, 26956587, 26956587, 26956587, 26956587, 187476394, 1832772312, 25884336, 25884336, 25884336, 25884336, 26171806, 26171806, 26171806, 26171806, 26171806, 26171806, 26171806, 26171806, 26171806, 68311871, 7798173202, 26421342, 133324772, 26421342, 26421342, 26421342, 26421342, 26437374, 26437374, 26437374, 26437374, 26437374, 26437374, 26125428, 26125428, 104496595, 26437374, 26437374, 26437374, 25853850, 25853850, 25853850, 25916533, 237265888, 26235158, 26235158, 26235158, 26235158, 26235158, 26235158, 26235158, 58583652, 27766321, 27766321, 117235826, 28193675, 28193675, 28193675, 28193675, 28193675, 28193675, 28193675, 26044318, 25884336, 25884336, 26097524, 26097524, 208047299, 26044318, 26044318, 26171806, 337561846, 28272208, 28272208, 28272208, 28272208, 28272208, 28272208, 28272208, 28272208, 28272208, 27761521, 27761521, 27761521, 27761521, 27761521, 27761521, 27761521, 27761521, 27761521, 27761521, 27761521, 27764953, 27764953, 27764953, 27764953, 27773145, 27684411, 27684411, 27684411, 27684411, 27512576, 27512576, 27512576, 27512576, 27512576, 27512576, 27512576, 27512576, 27512576, 27512576, 27278932, 27278932, 27278932, 27278932, 27278932, 27278932, 27278932, 27278932, 27278932, 27278932, 27278932, 27278932, 27278932, 27278932, 27278932, 27278932, 27278932, 27278932, 27278932, 27278932, 27278932, 27278932, 27278932, 27278932, 27278932, 27278932, 27278932, 27278932, 27278932, 27278932, 27278932, 27278932, 27232760, 27232760, 27232760, 27232760, 27232760, 27232760, 27232760, 27232760, 27232760, 27232760, 27232760, 27232760, 27232760, 27232760, 27232760, 27232760, 212545631, 27278932, 50905199, 26786947, 128335649, 26235158, 26235158, 26235158, 25491349, 25491349, 25491349, 33840140, 28107904, 28107904, 28107904, 28107904, 28114176, 28114176, 26859940, 25614678, 27359830, 26859940, 26859940, 26859940, 26859940, 26859940, 26859940, 28266211, 26044318, 26044318, 26044318, 25491349, 25491349, 25491349, 25491349, 25491349, 26544208, 26044318, 26044318, 26044318, 26044318, 26044318, 26044318, 26044318, 26044318, 25846330, 25846330, 25846330, 25846330, 25846330, 25846330, 25853850, 26544208, 26044318, 26044318, 26044318, 26044318, 26044318, 26044318, 26044318, 26044318, 25969703, 25969703, 25969703, 25969703, 25969703, 25969703, 25969703, 26544208, 26044318, 26044318, 26044318, 26164062, 26164062, 26164062, 26042517, 25262203, 25262203, 25262203, 25262203, 25262203, 25262203, 25262203]",0,0,0,SSD,0,35651584,0,35651584,35651584,35651584,1.0,hot,0,0,0,0,1.0,71303168
0,238,meta-llama/Llama-3.1-8B,28,310,22160309943,159116534348,136956224405,114825799988,115179215646,77498251,"[32832569, 28422327, 28422327, 28422327, 28193675, 28193675, 28193675, 28193675, 28193675, 28193675, 28193675, 816773283, 28107904, 28107904, 28107904, 28107904, 28107904, 28107904, 28107904, 27761521, 27761521, 27761521, 27761521, 27766321, 27766321, 27766321, 27766321, 27766321, 27766321, 27766321, 27766321, 27766321, 27766321, 727801859, 27773145, 27773145, 27773145, 27773145, 27773145, 27773145, 27685307, 27685307, 27512576, 27512576, 27512576, 27512576, 27512576, 27512576, 27512576, 27512576, 27512576, 27512576, 27512576, 27512576, 27512576, 27512576, 27512576, 27278932, 27278932, 27278932, 27278932, 27232760, 27232760, 27232760, 27232760, 27232760, 27232760, 27232760, 27232760, 27232760, 27232760, 27232760, 27103283, 27103283, 27103283, 27103283, 27103283, 27103283, 27103283, 27103283, 188345850, 27103283, 27061067, 27061067, 27061067, 27061067, 26956587, 26956587, 26956587, 26956587, 187476394, 2240167781, 7798173202, 1000859270, 26235158, 26235158, 26235158, 26235158, 26235158, 26235158, 26235158, 58583652, 27766321, 27766321, 117235826, 28193675, 28193675, 28193675, 28193675, 28193675, 28193675, 28193675, 26044318, 25884336, 25884336, 260242347, 26044318, 26044318, 26171806, 337561846, 28272208, 28272208, 28272208, 28272208, 28272208, 28272208, 28272208, 28272208, 28272208, 27761521, 27761521, 27761521, 27761521, 27761521, 27761521, 27761521, 27761521, 27761521, 27761521, 27761521, 27764953, 27764953, 27764953, 27764953, 27773145, 27684411, 27684411, 27684411, 27684411, 27512576, 27512576, 27512576, 27512576, 27512576, 27512576, 27512576, 27512576, 27512576, 27512576, 27278932, 27278932, 27278932, 27278932, 27278932, 27278932, 27278932, 27278932, 27278932, 27278932, 27278932, 27278932, 27278932, 27278932, 27278932, 27278932, 27278932, 27278932, 27278932, 27278932, 27278932, 27278932, 27278932, 27278932, 27278932, 27278932, 27278932, 27278932, 27278932, 27278932, 27278932, 27278932, 27232760, 27232760, 27232760, 27232760, 27232760, 27232760, 27232760, 27232760, 27232760, 27232760, 27232760, 27232760, 27232760, 27232760, 27232760, 27232760, 212545631, 27278932, 50905199, 26786947, 128335649, 26235158, 26235158, 26235158, 110314187, 28107904, 28107904, 28107904, 28107904, 28114176, 28114176, 26859940, 25614678, 27359830, 26859940, 26859940, 26859940, 26859940, 26859940, 26859940, 28266211, 26044318, 26044318, 26044318, 154000953, 26044318, 26044318, 26044318, 26044318, 26044318, 26044318, 26044318, 26044318, 25846330, 25846330, 25846330, 25846330, 25846330, 25846330, 25853850, 26544208, 26044318, 26044318, 26044318, 26044318, 26044318, 26044318, 26044318, 26044318, 25969703, 25969703, 25969703, 25969703, 25969703, 25969703, 25969703, 26544208, 26044318, 26044318, 26044318, 26164062, 26164062, 26164062, 26042517, 203379629, 26044318, 26044318, 26044318, 26044318, 26044318]",0,0,0,SSD,0,16777216,0,16777216,16777216,16777216,1.0,hot,0,0,0,0,1.0,33554432
0,231,meta-llama/Llama-3.1-8B,14,410,21717451079,160531310341,138813859262,114928624565,115241898944,59675848,"[26759908, 353415658, 32832569, 28422327, 28422327, 28422327, 28193675, 28193675, 28193675, 28193675, 28193675, 28193675, 28193675, 816773283, 28107904, 28107904, 28107904, 28107904, 28107904, 28107904, 28107904, 27761521, 27761521, 27761521, 27761521, 27766321, 27766321, 27766321, 27766321, 27766321, 27766321, 27766321, 27766321, 27766321, 27766321, 727801859, 27773145, 27773145, 27773145, 27773145, 27773145, 27773145, 27685307, 27685307, 27512576, 27512576, 27512576, 27512576, 27512576, 27512576, 27512576, 27512576, 27512576, 27512576, 27512576, 27512576, 27512576, 27512576, 27512576, 27278932, 27278932, 27278932, 27278932, 27232760, 27232760, 27232760, 27232760, 27232760, 27232760, 27232760, 27232760, 27232760, 27232760, 27232760, 27103283, 27103283, 27103283, 27103283, 27103283, 27103283, 27103283, 27103283, 188345850, 27103283, 27061067, 27061067, 27061067, 27061067, 26956587, 26956587, 26956587, 26956587, 187476394, 1832772312, 25884336, 25884336, 25884336, 25884336, 26171806, 26171806, 26171806, 26171806, 26171806, 26171806, 26171806, 26171806, 26171806, 68311871, 7798173202, 26421342, 133324772, 26421342, 26421342, 26421342, 26421342, 26437374, 26437374, 26437374, 26437374, 26437374, 26437374, 26125428, 26125428, 25969703, 25969703, 52557189, 26437374, 26437374, 26437374, 25853850, 25853850, 25853850, 25916533, 237265888, 26235158, 26235158, 26235158, 26235158, 26235158, 26235158, 26235158, 58583652, 27766321, 27766321, 117235826, 28193675, 28193675, 28193675, 28193675, 28193675, 28193675, 28193675, 26044318, 25884336, 25884336, 26097524, 26097524, 208047299, 26044318, 26044318, 26171806, 337561846, 28272208, 28272208, 28272208, 28272208, 28272208, 28272208, 28272208, 28272208, 28272208, 27761521, 27761521, 27761521, 27761521, 27761521, 27761521, 27761521, 27761521, 27761521, 27761521, 27761521, 27764953, 27764953, 27764953, 27764953, 27773145, 27684411, 27684411, 27684411, 27684411, 27512576, 27512576, 27512576, 27512576, 27512576, 27512576, 27512576, 27512576, 27512576, 27512576, 27278932, 27278932, 27278932, 27278932, 27278932, 27278932, 27278932, 27278932, 27278932, 27278932, 27278932, 27278932, 27278932, 27278932, 27278932, 27278932, 27278932, 27278932, 27278932, 27278932, 27278932, 27278932, 27278932, 27278932, 27278932, 27278932, 27278932, 27278932, 27278932, 27278932, 27278932, 27278932, 27232760, 27232760, 27232760, 27232760, 27232760, 27232760, 27232760, 27232760, 27232760, 27232760, 27232760, 27232760, 27232760, 27232760, 27232760, 27232760, 212545631, 27278932, 50905199, 26786947, 25262203, 25262203, 25262203, 25262203, 27286837, 26235158, 26235158, 26235158, 25491349, 25491349, 25491349, 33840140, 28107904, 28107904, 28107904, 28107904, 28114176, 28114176, 26859940, 25614678, 27359830, 26859940, 26859940, 26859940, 26859940, 26859940, 26859940, 28266211, 26044318, 26044318, 26044318, 25491349, 25491349, 25491349, 25491349, 25491349, 26544208, 26044318, 26044318, 26044318, 26044318, 26044318, 26044318, 26044318, 26044318, 25846330, 25846330, 25846330, 25846330, 25846330, 25846330, 25853850, 26544208, 26044318, 26044318, 26044318, 26044318, 26044318, 26044318, 26044318, 26044318, 25969703, 25969703, 25969703, 25969703, 25969703, 25969703, 25969703, 26544208, 26044318, 26044318, 26044318, 26164062, 26164062, 26164062, 26042517, 25262203, 25262203, 25262203, 25262203, 25262203, 25262203, 25262203, 26544208, 26044318, 26044318, 26044318, 26044318, 26044318, 28185197, 27278932, 26032767, 26032767, 26032767, 26032767, 26032767, 26253855, 26253855, 26600885, 25567390, 27351725, 26851835, 26851835, 26851835, 26851835, 26851835, 26851835, 26851835, 26851835, 26851835, 26851835, 26851835, 26851835, 26851835, 26851835, 26851835, 27351725, 26851835, 26851835, 26851835, 26851835, 26851835, 26851835, 26851835, 26851835, 27019707, 27019707, 27019707, 27019707, 27019707, 27019707, 27019707, 26753745, 26253855, 26253855, 26253855, 26253855, 26253855, 26253855, 26253855, 26253855, 26253855]",0,0,0,SSD,0,31457280,0,31457280,31457280,31457280,1.0,hot,0,0,0,0,1.0,62914560
0,234,meta-llama/Llama-3.1-8B,48,382,21893017501,160641860535,138748843034,115093092430,115446508088,69976981,"[32832569, 28422327, 28422327, 28422327, 28193675, 28193675, 28193675, 28193675, 28193675, 28193675, 28193675, 816773283, 28107904, 28107904, 28107904, 28107904, 28107904, 28107904, 28107904, 27761521, 27761521, 27761521, 27761521, 27766321, 27766321, 27766321, 27766321, 27766321, 27766321, 27766321, 27766321, 27766321, 27766321, 727801859, 27773145, 27773145, 27773145, 27773145, 27773145, 27773145, 27685307, 27685307, 27512576, 27512576, 27512576, 27512576, 27512576, 27512576, 27512576, 27512576, 27512576, 27512576, 27512576, 27512576, 27512576, 27512576, 27512576, 27278932, 27278932, 27278932, 27278932, 27232760, 27232760, 27232760, 27232760, 27232760, 27232760, 27232760, 27232760, 27232760, 27232760, 27232760, 27103283, 27103283, 27103283, 27103283, 27103283, 27103283, 27103283, 27103283, 188345850, 27103283, 27061067, 27061067, 27061067, 27061067, 26956587, 26956587, 26956587, 26956587, 187476394, 2240167781, 7798173202, 26421342, 133324772, 26421342, 26421342, 26421342, 26421342, 26437374, 26437374, 26437374, 26437374, 26437374, 26437374, 26125428, 26125428, 104496595, 26437374, 26437374, 26437374, 340743971, 26235158, 26235158, 26235158, 26235158, 26235158, 26235158, 26235158, 58583652, 27766321, 27766321, 117235826, 28193675, 28193675, 28193675, 28193675, 28193675, 28193675, 28193675, 26044318, 25884336, 25884336, 26097524, 26097524, 208047299, 26044318, 26044318, 26171806, 337561846, 28272208, 28272208, 28272208, 28272208, 28272208, 28272208, 28272208, 28272208, 28272208, 27761521, 27761521, 27761521, 27761521, 27761521, 27761521, 27761521, 27761521, 27761521, 27761521, 27761521, 27764953, 27764953, 27764953, 27764953, 27773145, 27684411, 27684411, 27684411, 27684411, 27512576, 27512576, 27512576, 27512576, 27512576, 27512576, 27512576, 27512576, 27512576, 27512576, 27278932, 27278932, 27278932, 27278932, 27278932, 27278932, 27278932, 27278932, 27278932, 27278932, 27278932, 27278932, 27278932, 27278932, 27278932, 27278932, 27278932, 27278932, 27278932, 27278932, 27278932, 27278932, 27278932, 27278932, 27278932, 27278932, 27278932, 27278932, 27278932, 27278932, 27278932, 27278932, 27232760, 27232760, 27232760, 27232760, 27232760, 27232760, 27232760, 27232760, 27232760, 27232760, 27232760, 27232760, 27232760, 27232760, 27232760, 27232760, 212545631, 27278932, 50905199, 26786947, 128335649, 26235158, 26235158, 26235158, 25491349, 25491349, 25491349, 33840140, 28107904, 28107904, 28107904, 28107904, 28114176, 28114176, 26859940, 25614678, 27359830, 26859940, 26859940, 26859940, 26859940, 26859940, 26859940, 28266211, 26044318, 26044318, 26044318, 25491349, 25491349, 25491349, 25491349, 25491349, 26544208, 26044318, 26044318, 26044318, 26044318, 26044318, 26044318, 26044318, 26044318, 25846330, 25846330, 25846330, 25846330, 25846330, 25846330, 25853850, 26544208, 26044318, 26044318, 26044318, 26044318, 26044318, 26044318, 26044318, 26044318, 25969703, 25969703, 25969703, 25969703, 25969703, 25969703, 25969703, 26544208, 26044318, 26044318, 26044318, 26164062, 26164062, 26164062, 26042517, 203379629, 26044318, 26044318, 26044318, 26044318, 26044318, 28185197, 27278932, 26032767, 26032767, 26032767, 26032767, 26032767, 26253855, 26253855, 26600885, 913754739, 26253855, 26253855, 26253855, 26253855, 26253855, 26253855, 26253855, 26253855, 26253855, 28012466, 27512576, 27512576, 27512576]",0,0,0,NPU,0,0,0,0,0,0,1.0,hot,0,0,0,0,1.0,0
0,247,meta-llama/Llama-3.1-8B,942,1174,23723335686,162586509124,138863173438,117753405167,117940881561,90572692,"[2240167781, 7798173202, 1243089028, 27766321, 27766321, 117235826, 28193675, 28193675, 28193675, 28193675, 28193675, 28193675, 28193675, 753877625, 28272208, 28272208, 28272208, 28272208, 28272208, 28272208, 28272208, 28272208, 28272208, 27761521, 27761521, 27761521, 27761521, 27761521, 27761521, 27761521, 27761521, 27761521, 27761521, 27761521, 27764953, 27764953, 27764953, 27764953, 27773145, 27684411, 27684411, 27684411, 27684411, 27512576, 27512576, 27512576, 27512576, 27512576, 27512576, 27512576, 27512576, 27512576, 27512576, 27278932, 27278932, 27278932, 27278932, 27278932, 27278932, 27278932, 27278932, 27278932, 27278932, 27278932, 27278932, 27278932, 27278932, 27278932, 27278932, 27278932, 27278932, 27278932, 27278932, 27278932, 27278932, 27278932, 27278932, 27278932, 27278932, 27278932, 27278932, 27278932, 27278932, 27278932, 27278932, 27232760, 27232760, 27232760, 27232760, 27232760, 27232760, 27232760, 27232760, 27232760, 27232760, 27232760, 27232760, 27232760, 27232760, 27232760, 27232760, 212545631, 27278932, 50905199, 26786947, 128335649, 26235158, 26235158, 26235158, 110314187, 28107904, 28107904, 28107904, 28107904, 28114176, 28114176, 26859940, 25614678, 27359830, 26859940, 26859940, 26859940, 26859940, 26859940, 26859940, 28266211, 26044318, 26044318, 26044318, 154000953, 26044318, 26044318, 26044318, 26044318, 26044318, 26044318, 26044318, 26044318, 25846330, 25846330, 25846330, 25846330, 25846330, 25846330, 25853850, 26544208, 26044318, 26044318, 26044318, 26044318, 26044318, 26044318, 26044318, 26044318, 208332129, 26044318, 26044318, 26044318, 26164062, 26164062, 26164062, 229422146, 26044318, 26044318, 26044318, 26044318, 26044318, 28185197, 27278932, 1387324330, 27512576, 27512576, 27512576, 74561110, 27512576, 27512576, 27512576, 27512576, 27512576, 27512576, 25921863, 25921863, 25921863, 25921863, 26049543, 188667675, 26049543, 26049543, 26049543, 26049543, 26049543, 26049543, 26049543, 26049543, 26049543, 26049543, 26049543, 26049543, 26049543, 26049543, 26049543, 26049543, 26049543, 26370142, 26370142, 26370142, 26370142, 26370142, 26370142, 236580273, 26049543, 26049543, 26049543, 26049543, 26049543, 26049543, 26049543, 26049543, 26049543, 26049543, 26049543, 26049543, 26049543, 26049543, 26049543, 26370142, 26370142, 26370142, 26370142, 26370142, 26370142]",0,0,0,NPU,0,0,0,0,0,0,1.0,hot,0,0,0,0,1.0,0
0,254,meta-llama/Llama-3.1-8B,23,197,24577113882,162723403674,138146289792,119258959275,119327271146,108780454,"[7798173202, 1243089028, 27766321, 27766321, 117235826, 28193675, 28193675, 28193675, 28193675, 28193675, 28193675, 28193675, 753877625, 28272208, 28272208, 28272208, 28272208, 28272208, 28272208, 28272208, 28272208, 28272208, 27761521, 27761521, 27761521, 27761521, 27761521, 27761521, 27761521, 27761521, 27761521, 27761521, 27761521, 27764953, 27764953, 27764953, 27764953, 27773145, 27684411, 27684411, 27684411, 27684411, 27512576, 27512576, 27512576, 27512576, 27512576, 27512576, 27512576, 27512576, 27512576, 27512576, 27278932, 27278932, 27278932, 27278932, 27278932, 27278932, 27278932, 27278932, 27278932, 27278932, 27278932, 27278932, 27278932, 27278932, 27278932, 27278932, 27278932, 27278932, 27278932, 27278932, 27278932, 27278932, 27278932, 27278932, 27278932, 27278932, 27278932, 27278932, 27278932, 27278932, 27278932, 27278932, 27232760, 27232760, 27232760, 27232760, 27232760, 27232760, 27232760, 27232760, 27232760, 27232760, 27232760, 27232760, 27232760, 27232760, 27232760, 27232760, 212545631, 27278932, 50905199, 26786947, 128335649, 189019661, 28107904, 28107904, 28107904, 28107904, 28114176, 28114176, 26859940, 52974508, 26859940, 26859940, 26859940, 26859940, 26859940, 26859940, 28266211, 26044318, 26044318, 26044318, 154000953, 26044318, 26044318, 26044318, 26044318, 26044318, 26044318, 26044318, 26044318, 207476038, 26044318, 26044318, 26044318, 26044318, 26044318, 26044318, 26044318, 26044318, 208332129, 26044318, 26044318, 26044318, 26164062, 26164062, 26164062, 229422146, 26044318, 26044318, 26044318, 26044318, 26044318, 28185197, 27278932, 1387324330, 27512576, 27512576, 27512576, 74561110, 27512576, 27512576, 27512576, 27512576, 27512576, 27512576, 1732790845, 27278932, 27278932, 27278932, 27278932]",0,0,0,NPU,0,0,0,0,0,0,1.0,hot,0,0,0,0,1.0,0
0,248,meta-llama/Llama-3.1-8B,5,253,24054709233,163213593354,139158884121,117422031620,117609508014,87244437,"[2240167781, 7798173202, 1243089028, 27766321, 27766321, 117235826, 28193675, 28193675, 28193675, 28193675, 28193675, 28193675, 28193675, 753877625, 28272208, 28272208, 28272208, 28272208, 28272208, 28272208, 28272208, 28272208, 28272208, 27761521, 27761521, 27761521, 27761521, 27761521, 27761521, 27761521, 27761521, 27761521, 27761521, 27761521, 27764953, 27764953, 27764953, 27764953, 27773145, 27684411, 27684411, 27684411, 27684411, 27512576, 27512576, 27512576, 27512576, 27512576, 27512576, 27512576, 27512576, 27512576, 27512576, 27278932, 27278932, 27278932, 27278932, 27278932, 27278932, 27278932, 27278932, 27278932, 27278932, 27278932, 27278932, 27278932, 27278932, 27278932, 27278932, 27278932, 27278932, 27278932, 27278932, 27278932, 27278932, 27278932, 27278932, 27278932, 27278932, 27278932, 27278932, 27278932, 27278932, 27278932, 27278932, 27232760, 27232760, 27232760, 27232760, 27232760, 27232760, 27232760, 27232760, 27232760, 27232760, 27232760, 27232760, 27232760, 27232760, 27232760, 27232760, 212545631, 27278932, 50905199, 26786947, 128335649, 26235158, 26235158, 26235158, 110314187, 28107904, 28107904, 28107904, 28107904, 28114176, 28114176, 26859940, 25614678, 27359830, 26859940, 26859940, 26859940, 26859940, 26859940, 26859940, 28266211, 26044318, 26044318, 26044318, 154000953, 26044318, 26044318, 26044318, 26044318, 26044318, 26044318, 26044318, 26044318, 207476038, 26044318, 26044318, 26044318, 26044318, 26044318, 26044318, 26044318, 26044318, 208332129, 26044318, 26044318, 26044318, 26164062, 26164062, 26164062, 229422146, 26044318, 26044318, 26044318, 26044318, 26044318, 28185197, 27278932, 1387324330, 27512576, 27512576, 27512576, 74561110, 27512576, 27512576, 27512576, 27512576, 27512576, 27512576, 25921863, 25921863, 25921863, 25921863, 26049543, 188667675, 26049543, 26049543, 26049543, 26049543, 26049543, 26049543, 26049543, 26049543, 26049543, 26049543, 26049543, 26049543, 26049543, 26049543, 26049543, 26049543, 26049543, 26370142, 26370142, 26370142, 26370142, 26370142, 26370142, 236580273, 26049543, 26049543, 26049543, 26049543, 26049543, 26049543, 26049543, 26049543, 26049543, 26049543, 26049543, 26049543, 26049543, 26049543, 26049543, 26370142, 26370142, 26370142, 26370142, 26370142, 26370142, 27778822, 27278932, 27278932, 27278932, 27278932, 27232760, 27232760, 27232760, 27232760, 27232760, 27232760, 27232760, 27232760, 27232760, 27232760, 27232760, 27232760, 27232760, 27232760, 27232760, 27232760, 27232760, 27232760]",0,0,0,NPU,0,0,0,0,0,0,1.0,hot,0,0,0,0,1.0,0
0,236,meta-llama/Llama-3.1-8B,34,421,22054151417,163430419618,141376268201,114931958514,115285374172,67592989,"[32832569, 28422327, 28422327, 28422327, 28193675, 28193675, 28193675, 28193675, 28193675, 28193675, 28193675, 816773283, 28107904, 28107904, 28107904, 28107904, 28107904, 28107904, 28107904, 27761521, 27761521, 27761521, 27761521, 27766321, 27766321, 27766321, 27766321, 27766321, 27766321, 27766321, 27766321, 27766321, 27766321, 727801859, 27773145, 27773145, 27773145, 27773145, 27773145, 27773145, 27685307, 27685307, 27512576, 27512576, 27512576, 27512576, 27512576, 27512576, 27512576, 27512576, 27512576, 27512576, 27512576, 27512576, 27512576, 27512576, 27512576, 27278932, 27278932, 27278932, 27278932, 27232760, 27232760, 27232760, 27232760, 27232760, 27232760, 27232760, 27232760, 27232760, 27232760, 27232760, 27103283, 27103283, 27103283, 27103283, 27103283, 27103283, 27103283, 27103283, 188345850, 27103283, 27061067, 27061067, 27061067, 27061067, 26956587, 26956587, 26956587, 26956587, 187476394, 2240167781, 7798173202, 1000859270, 26235158, 26235158, 26235158, 26235158, 26235158, 26235158, 26235158, 58583652, 27766321, 27766321, 117235826, 28193675, 28193675, 28193675, 28193675, 28193675, 28193675, 28193675, 26044318, 25884336, 25884336, 26097524, 26097524, 208047299, 26044318, 26044318, 26171806, 337561846, 28272208, 28272208, 28272208, 28272208, 28272208, 28272208, 28272208, 28272208, 28272208, 27761521, 27761521, 27761521, 27761521, 27761521, 27761521, 27761521, 27761521, 27761521, 27761521, 27761521, 27764953, 27764953, 27764953, 27764953, 27773145, 27684411, 27684411, 27684411, 27684411, 27512576, 27512576, 27512576, 27512576, 27512576, 27512576, 27512576, 27512576, 27512576, 27512576, 27278932, 27278932, 27278932, 27278932, 27278932, 27278932, 27278932, 27278932, 27278932, 27278932, 27278932, 27278932, 27278932, 27278932, 27278932, 27278932, 27278932, 27278932, 27278932, 27278932, 27278932, 27278932, 27278932, 27278932, 27278932, 27278932, 27278932, 27278932, 27278932, 27278932, 27278932, 27278932, 27232760, 27232760, 27232760, 27232760, 27232760, 27232760, 27232760, 27232760, 27232760, 27232760, 27232760, 27232760, 27232760, 27232760, 27232760, 27232760, 212545631, 27278932, 50905199, 26786947, 128335649, 26235158, 26235158, 26235158, 110314187, 28107904, 28107904, 28107904, 28107904, 28114176, 28114176, 26859940, 25614678, 27359830, 26859940, 26859940, 26859940, 26859940, 26859940, 26859940, 28266211, 26044318, 26044318, 26044318, 154000953, 26044318, 26044318, 26044318, 26044318, 26044318, 26044318, 26044318, 26044318, 25846330, 25846330, 25846330, 25846330, 25846330, 25846330, 25853850, 26544208, 26044318, 26044318, 26044318, 26044318, 26044318, 26044318, 26044318, 26044318, 25969703, 25969703, 25969703, 25969703, 25969703, 25969703, 25969703, 26544208, 26044318, 26044318, 26044318, 26164062, 26164062, 26164062, 26042517, 203379629, 26044318, 26044318, 26044318, 26044318, 26044318, 28185197, 27278932, 1387324330, 27512576, 27512576, 27512576, 74561110, 27512576, 27512576, 27512576, 27512576, 27512576, 27512576, 25921863, 25921863, 25921863, 25921863, 26049543, 188667675, 26049543, 26049543, 26049543, 26049543, 26049543, 26049543, 26049543, 26049543, 26049543, 26049543, 26049543, 26049543, 26049543, 26049543, 26049543, 26049543, 26049543, 26370142, 26370142, 26370142, 26370142, 26370142, 26370142, 26253855, 26253855, 26253855, 26253855, 26253855, 26253855, 26253855, 26253855, 26549433, 26049543, 26049543, 26049543, 26049543, 26049543, 26049543, 26049543, 26049543, 26049543, 26049543, 26049543, 26049543, 26049543, 26049543, 26049543, 26370142, 26370142, 26370142, 26370142, 26370142, 26370142, 27778822, 27278932, 27278932, 27278932, 27278932, 27232760, 27232760, 27232760, 27232760, 27232760, 27232760, 27232760, 27232760, 27232760, 27232760, 27232760, 27232760, 27232760, 27232760, 27232760, 27232760, 27232760, 27232760, 27103283, 27103283, 27103283, 27103283, 27103283, 27103283, 27103283, 27103283]",0,0,0,SSD,0,58720256,0,58720256,58720256,58720256,1.0,hot,0,0,0,0,1.0,117440512
0,253,meta-llama/Llama-3.1-8B,13,214,24558542021,163457480685,138898938664,119277531136,119345843007,97765478,"[7798173202, 1243089028, 27766321, 27766321, 117235826, 28193675, 28193675, 28193675, 28193675, 28193675, 28193675, 28193675, 753877625, 28272208, 28272208, 28272208, 28272208, 28272208, 28272208, 28272208, 28272208, 28272208, 27761521, 27761521, 27761521, 27761521, 27761521, 27761521, 27761521, 27761521, 27761521, 27761521, 27761521, 27764953, 27764953, 27764953, 27764953, 27773145, 27684411, 27684411, 27684411, 27684411, 27512576, 27512576, 27512576, 27512576, 27512576, 27512576, 27512576, 27512576, 27512576, 27512576, 27278932, 27278932, 27278932, 27278932, 27278932, 27278932, 27278932, 27278932, 27278932, 27278932, 27278932, 27278932, 27278932, 27278932, 27278932, 27278932, 27278932, 27278932, 27278932, 27278932, 27278932, 27278932, 27278932, 27278932, 27278932, 27278932, 27278932, 27278932, 27278932, 27278932, 27278932, 27278932, 27232760, 27232760, 27232760, 27232760, 27232760, 27232760, 27232760, 27232760, 27232760, 27232760, 27232760, 27232760, 27232760, 27232760, 27232760, 27232760, 212545631, 27278932, 50905199, 26786947, 128335649, 189019661, 28107904, 28107904, 28107904, 28107904, 28114176, 28114176, 26859940, 52974508, 26859940, 26859940, 26859940, 26859940, 26859940, 26859940, 28266211, 26044318, 26044318, 26044318, 154000953, 26044318, 26044318, 26044318, 26044318, 26044318, 26044318, 26044318, 26044318, 207476038, 26044318, 26044318, 26044318, 26044318, 26044318, 26044318, 26044318, 26044318, 208332129, 26044318, 26044318, 26044318, 26164062, 26164062, 26164062, 229422146, 26044318, 26044318, 26044318, 26044318, 26044318, 28185197, 27278932, 1387324330, 27512576, 27512576, 27512576, 74561110, 27512576, 27512576, 27512576, 27512576, 27512576, 27512576, 1732790845, 27278932, 27278932, 27278932, 27278932, 27232760, 27232760, 27232760, 27232760, 27232760, 27232760, 27232760, 27232760, 27232760, 27232760, 27232760, 27232760, 27232760, 27232760, 27232760, 27232760, 27232760, 27232760, 27103283, 27103283, 27103283, 27103283, 27103283, 27103283, 27103283, 27103283, 27061067]",0,0,0,NPU,0,0,0,0,0,0,1.0,hot,0,0,0,0,1.0,0
0,265,meta-llama/Llama-3.1-8B,7,72,26136849461,163698820017,137561970556,130325972563,130538518194,109741443,"[27278932, 50905199, 344142257, 28107904, 28107904, 28107904, 28107904, 28114176, 28114176, 269260299, 1609105235, 27278932, 1387324330, 27512576, 27512576, 27512576, 74561110, 27512576, 27512576, 27512576, 27512576, 27512576, 27512576, 1732790845, 27278932, 27278932, 27278932, 27278932, 27232760, 27232760, 27232760, 27232760, 27232760, 27232760, 27232760, 27232760, 27232760, 27232760, 27232760, 27232760, 27232760, 27232760, 27232760, 27232760, 27232760, 27232760, 27103283, 27103283, 27103283, 27103283, 27103283, 27103283, 27103283, 27103283, 27061067, 26859940, 26859940, 26859940, 26859940, 26859940, 26759908, 26759908, 26759908, 26759908]",0,0,0,NPU,0,0,0,0,0,0,1.0,hot,0,0,0,0,1.0,0
0,258,meta-llama/Llama-3.1-8B,4,182,25137110720,163805727709,138668616989,127775572811,127808536538,61356386,"[27766321, 27766321, 117235826, 28193675, 28193675, 28193675, 28193675, 28193675, 28193675, 28193675, 753877625, 28272208, 28272208, 28272208, 28272208, 28272208, 28272208, 28272208, 28272208, 28272208, 27761521, 27761521, 27761521, 27761521, 27761521, 27761521, 27761521, 27761521, 27761521, 27761521, 27761521, 27764953, 27764953, 27764953, 27764953, 27773145, 27684411, 27684411, 27684411, 27684411, 27512576, 27512576, 27512576, 27512576, 27512576, 27512576, 27512576, 27512576, 27512576, 27512576, 27278932, 27278932, 27278932, 27278932, 27278932, 27278932, 27278932, 27278932, 27278932, 27278932, 27278932, 27278932, 27278932, 27278932, 27278932, 27278932, 27278932, 27278932, 27278932, 27278932, 27278932, 27278932, 27278932, 27278932, 27278932, 27278932, 27278932, 27278932, 27278932, 27278932, 27278932, 27278932, 27232760, 27232760, 27232760, 27232760, 27232760, 27232760, 27232760, 27232760, 27232760, 27232760, 27232760, 27232760, 27232760, 27232760, 27232760, 27232760, 212545631, 27278932, 50905199, 26786947, 128335649, 189019661, 28107904, 28107904, 28107904, 28107904, 28114176, 28114176, 26859940, 52974508, 26859940, 26859940, 26859940, 26859940, 26859940, 26859940, 28266211, 1609105235, 27278932, 1387324330, 27512576, 27512576, 27512576, 74561110, 27512576, 27512576, 27512576, 27512576, 27512576, 27512576, 1732790845, 27278932, 27278932, 27278932, 27278932, 27232760, 27232760, 27232760, 27232760, 27232760, 27232760, 27232760, 27232760, 27232760, 27232760, 27232760, 27232760, 27232760, 27232760, 27232760, 27232760, 27232760, 27232760, 27103283, 27103283, 27103283, 27103283, 27103283, 27103283, 27103283, 27103283, 27061067, 26859940, 26859940, 26859940, 26859940, 26859940, 26759908, 26759908, 26759908, 26759908, 26726923, 26726923, 26726923, 26726923]",0,0,0,SSD,0,16777216,0,16777216,16777216,16777216,1.0,hot,0,0,0,0,1.0,33554432
0,251,meta-llama/Llama-3.1-8B,6,236,24329954733,164206155754,139876201021,119506118424,119574430295,88654020,"[7798173202, 1243089028, 27766321, 27766321, 117235826, 28193675, 28193675, 28193675, 28193675, 28193675, 28193675, 28193675, 753877625, 28272208, 28272208, 28272208, 28272208, 28272208, 28272208, 28272208, 28272208, 28272208, 27761521, 27761521, 27761521, 27761521, 27761521, 27761521, 27761521, 27761521, 27761521, 27761521, 27761521, 27764953, 27764953, 27764953, 27764953, 27773145, 27684411, 27684411, 27684411, 27684411, 27512576, 27512576, 27512576, 27512576, 27512576, 27512576, 27512576, 27512576, 27512576, 27512576, 27278932, 27278932, 27278932, 27278932, 27278932, 27278932, 27278932, 27278932, 27278932, 27278932, 27278932, 27278932, 27278932, 27278932, 27278932, 27278932, 27278932, 27278932, 27278932, 27278932, 27278932, 27278932, 27278932, 27278932, 27278932, 27278932, 27278932, 27278932, 27278932, 27278932, 27278932, 27278932, 27232760, 27232760, 27232760, 27232760, 27232760, 27232760, 27232760, 27232760, 27232760, 27232760, 27232760, 27232760, 27232760, 27232760, 27232760, 27232760, 212545631, 27278932, 50905199, 26786947, 128335649, 189019661, 28107904, 28107904, 28107904, 28107904, 28114176, 28114176, 26859940, 25614678, 27359830, 26859940, 26859940, 26859940, 26859940, 26859940, 26859940, 28266211, 26044318, 26044318, 26044318, 154000953, 26044318, 26044318, 26044318, 26044318, 26044318, 26044318, 26044318, 26044318, 207476038, 26044318, 26044318, 26044318, 26044318, 26044318, 26044318, 26044318, 26044318, 208332129, 26044318, 26044318, 26044318, 26164062, 26164062, 26164062, 229422146, 26044318, 26044318, 26044318, 26044318, 26044318, 28185197, 27278932, 1387324330, 27512576, 27512576, 27512576, 74561110, 27512576, 27512576, 27512576, 27512576, 27512576, 27512576, 1732790845, 27278932, 27278932, 27278932, 27278932, 27232760, 27232760, 27232760, 27232760, 27232760, 27232760, 27232760, 27232760, 27232760, 27232760, 27232760, 27232760, 27232760, 27232760, 27232760, 27232760, 27232760, 27232760, 27103283, 27103283, 27103283, 27103283, 27103283, 27103283, 27103283, 27103283, 27061067, 26859940, 26859940, 26859940, 26859940, 26859940, 26759908, 26759908, 26759908, 26759908, 26726923, 26726923, 26726923, 26726923, 26695203, 26695203, 26695203, 26695203, 26695203, 26695203, 26695203, 26695203, 26695203, 26695203, 26695203, 26695203, 26695203, 26695203, 26695203]",0,0,0,SSD,0,23068672,0,23068672,23068672,23068672,1.0,hot,0,0,0,0,1.0,46137344
0,250,meta-llama/Llama-3.1-8B,12,308,24281325540,164845748770,140564423230,119554747617,119623059488,70987673,"[7798173202, 1243089028, 27766321, 27766321, 117235826, 28193675, 28193675, 28193675, 28193675, 28193675, 28193675, 28193675, 753877625, 28272208, 28272208, 28272208, 28272208, 28272208, 28272208, 28272208, 28272208, 28272208, 27761521, 27761521, 27761521, 27761521, 27761521, 27761521, 27761521, 27761521, 27761521, 27761521, 27761521, 27764953, 27764953, 27764953, 27764953, 27773145, 27684411, 27684411, 27684411, 27684411, 27512576, 27512576, 27512576, 27512576, 27512576, 27512576, 27512576, 27512576, 27512576, 27512576, 27278932, 27278932, 27278932, 27278932, 27278932, 27278932, 27278932, 27278932, 27278932, 27278932, 27278932, 27278932, 27278932, 27278932, 27278932, 27278932, 27278932, 27278932, 27278932, 27278932, 27278932, 27278932, 27278932, 27278932, 27278932, 27278932, 27278932, 27278932, 27278932, 27278932, 27278932, 27278932, 27232760, 27232760, 27232760, 27232760, 27232760, 27232760, 27232760, 27232760, 27232760, 27232760, 27232760, 27232760, 27232760, 27232760, 27232760, 27232760, 212545631, 27278932, 50905199, 26786947, 128335649, 26235158, 26235158, 26235158, 110314187, 28107904, 28107904, 28107904, 28107904, 28114176, 28114176, 26859940, 25614678, 27359830, 26859940, 26859940, 26859940, 26859940, 26859940, 26859940, 28266211, 26044318, 26044318, 26044318, 154000953, 26044318, 26044318, 26044318, 26044318, 26044318, 26044318, 26044318, 26044318, 207476038, 26044318, 26044318, 26044318, 26044318, 26044318, 26044318, 26044318, 26044318, 208332129, 26044318, 26044318, 26044318, 26164062, 26164062, 26164062, 229422146, 26044318, 26044318, 26044318, 26044318, 26044318, 28185197, 27278932, 1387324330, 27512576, 27512576, 27512576, 74561110, 27512576, 27512576, 27512576, 27512576, 27512576, 27512576, 25921863, 25921863, 25921863, 25921863, 26049543, 188667675, 26049543, 26049543, 26049543, 26049543, 26049543, 26049543, 26049543, 26049543, 26049543, 26049543, 26049543, 26049543, 26049543, 26049543, 26049543, 26049543, 26049543, 394801125, 26049543, 26049543, 26049543, 26049543, 26049543, 26049543, 26049543, 26049543, 26049543, 26049543, 26049543, 26049543, 26049543, 26049543, 26049543, 185999674, 27278932, 27278932, 27278932, 27278932, 27232760, 27232760, 27232760, 27232760, 27232760, 27232760, 27232760, 27232760, 27232760, 27232760, 27232760, 27232760, 27232760, 27232760, 27232760, 27232760, 27232760, 27232760, 27103283, 27103283, 27103283, 27103283, 27103283, 27103283, 27103283, 27103283, 27061067, 26859940, 26859940, 26859940, 26859940, 26859940, 26759908, 26759908, 26759908, 26759908, 26726923, 26726923, 26726923, 26726923, 26695203, 26695203, 26695203, 26695203, 26695203, 26695203, 26695203, 26695203, 26695203, 26695203, 26695203, 26695203, 26695203, 26695203, 26695203, 26615821, 26615821, 26615821, 26615821, 26615821, 26615821, 26615821, 26615821, 26615821, 26615821, 26615821, 26615821, 26615821, 26615821, 26615821, 26706189, 26706189, 26706189, 26706189, 26706189, 26706189, 26706189, 26706189, 26706189]",0,0,0,NPU,0,0,0,0,0,0,1.0,hot,0,0,0,0,1.0,0
0,252,meta-llama/Llama-3.1-8B,30,352,24520427398,166709999881,142189572483,119315645759,119383957630,71045529,"[7798173202, 1243089028, 27766321, 27766321, 117235826, 28193675, 28193675, 28193675, 28193675, 28193675, 28193675, 28193675, 753877625, 28272208, 28272208, 28272208, 28272208, 28272208, 28272208, 28272208, 28272208, 28272208, 27761521, 27761521, 27761521, 27761521, 27761521, 27761521, 27761521, 27761521, 27761521, 27761521, 27761521, 27764953, 27764953, 27764953, 27764953, 27773145, 27684411, 27684411, 27684411, 27684411, 27512576, 27512576, 27512576, 27512576, 27512576, 27512576, 27512576, 27512576, 27512576, 27512576, 27278932, 27278932, 27278932, 27278932, 27278932, 27278932, 27278932, 27278932, 27278932, 27278932, 27278932, 27278932, 27278932, 27278932, 27278932, 27278932, 27278932, 27278932, 27278932, 27278932, 27278932, 27278932, 27278932, 27278932, 27278932, 27278932, 27278932, 27278932, 27278932, 27278932, 27278932, 27278932, 27232760, 27232760, 27232760, 27232760, 27232760, 27232760, 27232760, 27232760, 27232760, 27232760, 27232760, 27232760, 27232760, 27232760, 27232760, 27232760, 212545631, 27278932, 50905199, 26786947, 128335649, 189019661, 28107904, 28107904, 28107904, 28107904, 28114176, 28114176, 26859940, 52974508, 26859940, 26859940, 26859940, 26859940, 26859940, 26859940, 28266211, 26044318, 26044318, 26044318, 154000953, 26044318, 26044318, 26044318, 26044318, 26044318, 26044318, 26044318, 26044318, 207476038, 26044318, 26044318, 26044318, 26044318, 26044318, 26044318, 26044318, 26044318, 208332129, 26044318, 26044318, 26044318, 26164062, 26164062, 26164062, 229422146, 26044318, 26044318, 26044318, 26044318, 26044318, 28185197, 27278932, 1387324330, 27512576, 27512576, 27512576, 74561110, 27512576, 27512576, 27512576, 27512576, 27512576, 27512576, 1732790845, 27278932, 27278932, 27278932, 27278932, 27232760, 27232760, 27232760, 27232760, 27232760, 27232760, 27232760, 27232760, 27232760, 27232760, 27232760, 27232760, 27232760, 27232760, 27232760, 27232760, 27232760, 27232760, 27103283, 27103283, 27103283, 27103283, 27103283, 27103283, 27103283, 27103283, 27061067, 26859940, 26859940, 26859940, 26859940, 26859940, 26759908, 26759908, 26759908, 26759908, 26726923, 26726923, 26726923, 26726923, 26695203, 26695203, 26695203, 26695203, 26695203, 26695203, 26695203, 26695203, 26695203, 26695203, 26695203, 26695203, 26695203, 26695203, 26695203, 26615821, 26615821, 26615821, 26615821, 26615821, 26615821, 26615821, 26615821, 26615821, 26615821, 26615821, 26615821, 26615821, 26615821, 26615821, 26706189, 26706189, 26706189, 26706189, 26706189, 26706189, 26706189, 26706189, 26706189, 26645180, 26645180, 26645180, 26645180, 26645180, 26645180, 26645180, 26645180, 26645180, 26645180, 26645180, 26645180, 26645180, 26645180, 26645180, 26645180, 26645180, 26645180, 26645180, 26645180, 26645180, 26645180, 26645180, 26645180, 26645180, 26645180, 26645180, 26645180, 26645180, 26645180, 26645180, 26645180, 26645180, 26645180, 26645180, 26645180, 26645180, 26645180, 26645180, 26645180, 26645180, 26572255, 26572255, 26572255, 26572255, 26572255, 26572255, 26572255, 26572255, 26572255, 26572255, 26572255, 26572255, 54347846, 26572255, 26572255, 26572255, 26572255, 26572255, 26572255, 26572255, 26572255, 26572255, 26572255, 26572255, 26572255, 26572255, 26572255, 26572255]",0,0,0,SSD,0,27262976,0,27262976,27262976,27262976,1.0,hot,0,0,0,0,1.0,54525952
0,233,meta-llama/Llama-3.1-8B,1181,1882,21871296012,170159347161,148288051149,115114813919,115468229577,46885459,"[32832569, 28422327, 28422327, 28422327, 28193675, 28193675, 28193675, 28193675, 28193675, 28193675, 28193675, 816773283, 28107904, 28107904, 28107904, 28107904, 28107904, 28107904, 28107904, 27761521, 27761521, 27761521, 27761521, 27766321, 27766321, 27766321, 27766321, 27766321, 27766321, 27766321, 27766321, 27766321, 27766321, 727801859, 27773145, 27773145, 27773145, 27773145, 27773145, 27773145, 27685307, 27685307, 27512576, 27512576, 27512576, 27512576, 27512576, 27512576, 27512576, 27512576, 27512576, 27512576, 27512576, 27512576, 27512576, 27512576, 27512576, 27278932, 27278932, 27278932, 27278932, 27232760, 27232760, 27232760, 27232760, 27232760, 27232760, 27232760, 27232760, 27232760, 27232760, 27232760, 27103283, 27103283, 27103283, 27103283, 27103283, 27103283, 27103283, 27103283, 188345850, 27103283, 27061067, 27061067, 27061067, 27061067, 26956587, 26956587, 26956587, 26956587, 187476394, 2240167781, 7798173202, 26421342, 133324772, 26421342, 26421342, 26421342, 26421342, 26437374, 26437374, 26437374, 26437374, 26437374, 26437374, 26125428, 26125428, 104496595, 26437374, 26437374, 26437374, 25853850, 25853850, 25853850, 263182421, 26235158, 26235158, 26235158, 26235158, 26235158, 26235158, 26235158, 58583652, 27766321, 27766321, 117235826, 28193675, 28193675, 28193675, 28193675, 28193675, 28193675, 28193675, 26044318, 25884336, 25884336, 26097524, 26097524, 208047299, 26044318, 26044318, 26171806, 337561846, 28272208, 28272208, 28272208, 28272208, 28272208, 28272208, 28272208, 28272208, 28272208, 27761521, 27761521, 27761521, 27761521, 27761521, 27761521, 27761521, 27761521, 27761521, 27761521, 27761521, 27764953, 27764953, 27764953, 27764953, 27773145, 27684411, 27684411, 27684411, 27684411, 27512576, 27512576, 27512576, 27512576, 27512576, 27512576, 27512576, 27512576, 27512576, 27512576, 27278932, 27278932, 27278932, 27278932, 27278932, 27278932, 27278932, 27278932, 27278932, 27278932, 27278932, 27278932, 27278932, 27278932, 27278932, 27278932, 27278932, 27278932, 27278932, 27278932, 27278932, 27278932, 27278932, 27278932, 27278932, 27278932, 27278932, 27278932, 27278932, 27278932, 27278932, 27278932, 27232760, 27232760, 27232760, 27232760, 27232760, 27232760, 27232760, 27232760, 27232760, 27232760, 27232760, 27232760, 27232760, 27232760, 27232760, 27232760, 212545631, 27278932, 50905199, 26786947, 128335649, 26235158, 26235158, 26235158, 25491349, 25491349, 25491349, 33840140, 28107904, 28107904, 28107904, 28107904, 28114176, 28114176, 26859940, 25614678, 27359830, 26859940, 26859940, 26859940, 26859940, 26859940, 26859940, 28266211, 26044318, 26044318, 26044318, 25491349, 25491349, 25491349, 25491349, 25491349, 26544208, 26044318, 26044318, 26044318, 26044318, 26044318, 26044318, 26044318, 26044318, 25846330, 25846330, 25846330, 25846330, 25846330, 25846330, 25853850, 26544208, 26044318, 26044318, 26044318, 26044318, 26044318, 26044318, 26044318, 26044318, 25969703, 25969703, 25969703, 25969703, 25969703, 25969703, 25969703, 26544208, 26044318, 26044318, 26044318, 26164062, 26164062, 26164062, 26042517, 203379629, 26044318, 26044318, 26044318, 26044318, 26044318, 28185197, 27278932, 26032767, 26032767, 26032767, 26032767, 26032767, 26253855, 26253855, 26600885, 52919115, 26851835, 26851835, 26851835, 26851835, 26851835, 26851835, 26851835, 26851835, 26851835, 26851835, 26851835, 26851835, 26851835, 26851835, 26851835, 27351725, 26851835, 26851835, 26851835, 26851835, 26851835, 26851835, 26851835, 26851835, 27019707, 27019707, 27019707, 27019707, 27019707, 27019707, 27019707, 26753745, 26253855, 26253855, 26253855, 26253855, 26253855, 26253855, 26253855, 26253855, 26253855, 28012466, 27512576, 27512576, 27512576, 74561110, 27512576, 27512576, 27512576, 27512576, 27512576, 27512576, 25921863, 25921863, 25921863, 25921863, 26049543, 27019707, 27019707, 27019707, 27019707, 27019707, 27019707, 26549433, 26049543, 26049543, 26049543, 26049543, 26049543, 26049543, 26049543, 26049543, 26049543, 26049543, 26049543, 26049543, 26049543, 26049543, 26049543, 26049543, 26049543, 26370142, 26370142, 26370142, 26370142, 26370142, 26370142, 26253855, 26253855, 26253855, 26253855, 26253855, 26253855, 26253855, 26253855, 26549433, 26049543, 26049543, 26049543, 26049543, 26049543, 26049543, 26049543, 26049543, 26049543, 26049543, 26049543, 26049543, 26049543, 26049543, 26049543, 26370142, 26370142, 26370142, 26370142, 26370142, 26370142, 27778822, 27278932, 27278932, 27278932, 27278932, 27232760, 27232760, 27232760, 27232760, 27232760, 27232760, 27232760, 27232760, 27232760, 27232760, 27232760, 27232760, 27232760, 27232760, 27232760, 27232760, 27232760, 27232760, 27103283, 27103283, 27103283, 27103283, 27103283, 27103283, 27103283, 27103283, 27061067, 26859940, 26859940, 26859940, 26859940, 26859940, 26759908, 26759908, 26759908, 26759908, 26726923, 26726923, 26726923, 26726923, 26695203, 26695203, 26695203, 26695203, 26695203, 26695203, 26695203, 26695203, 26695203, 26695203, 26695203, 26695203, 26695203, 26695203, 26695203, 26615821, 26615821, 26615821, 26615821, 26615821, 26615821, 26615821, 26615821, 26615821, 26615821, 26615821, 26615821, 26615821, 26615821, 26615821, 26706189, 26706189, 26706189, 26706189, 26706189, 26706189, 26706189, 26706189, 26706189, 26645180, 26645180, 26645180, 26645180, 26645180, 26645180, 26645180, 26645180, 26645180, 26645180, 26645180, 26645180, 26645180, 26645180, 26645180, 26645180, 26645180, 26645180, 26645180, 26645180, 26645180, 26645180, 26645180, 26645180, 26645180, 26645180, 26645180, 26645180, 26645180, 26645180, 26645180, 26645180, 26645180, 26645180, 26645180, 26645180, 26645180, 26645180, 26645180, 26645180, 26645180, 26572255, 26572255, 26572255, 26572255, 26572255, 26572255, 26572255, 26572255, 26572255, 26572255, 26572255, 26572255, 27275701, 27072145, 26572255, 26572255, 26572255, 26572255, 26572255, 26572255, 26572255, 26572255, 26572255, 26572255, 26572255, 26572255, 26572255, 26572255, 26572255, 26954498, 26454608, 26454608, 26454608, 26454608, 26454608, 26454608, 26454608, 26454608, 26454608, 26454608, 26454608, 26454608, 26454608, 26454608, 26454608, 34187088, 33512766, 33512766, 33512766, 33512766, 33512766, 33512766, 33512766, 33512766, 33512766, 33512766, 33512766, 33512766, 33512766, 33512766, 33512766, 33512766, 33512766, 33512766, 33512766, 33512766, 33512766, 33512766, 33512766, 33512766, 33512766, 33512766, 33512766, 33512766, 33512766, 33512766, 33512766, 33512766, 33512766, 33512766, 33512766, 33512766, 33512766, 33512766, 33512766, 33512766, 33512766, 33512766, 33512766, 33512766, 33512766, 33512766, 33512766, 33512766, 33512766, 33512766, 33512766, 33512766, 33512766, 33512766, 33512766, 33512766, 33512766, 33512766, 33512766, 33512766, 33512766, 33512766, 33512766, 33512766, 33862782, 33862782, 33862782, 33862782, 33862782, 33862782, 33862782, 33862782, 33862782, 33862782, 33862782, 33862782, 33862782, 33862782, 33862782, 33862782, 33862782, 33862782, 33862782, 33862782, 33862782, 33862782, 33862782, 33862782, 33862782]",0,0,0,SSD,0,402653184,0,402653184,402653184,402653184,1.0,hot,0,0,0,0,1.0,805306368
0,260,meta-llama/Llama-3.1-8B,500,783,25242786610,170727269504,145484482894,127758393290,127875629116,62442743,"[28193675, 28193675, 28193675, 28193675, 28193675, 28193675, 28193675, 753877625, 28272208, 28272208, 28272208, 28272208, 28272208, 28272208, 28272208, 28272208, 28272208, 27761521, 27761521, 27761521, 27761521, 27761521, 27761521, 27761521, 27761521, 27761521, 27761521, 27761521, 27764953, 27764953, 27764953, 27764953, 27773145, 27684411, 27684411, 27684411, 27684411, 27512576, 27512576, 27512576, 27512576, 27512576, 27512576, 27512576, 27512576, 27512576, 27512576, 27278932, 27278932, 27278932, 27278932, 27278932, 27278932, 27278932, 27278932, 27278932, 27278932, 27278932, 27278932, 27278932, 27278932, 27278932, 27278932, 27278932, 27278932, 27278932, 27278932, 27278932, 27278932, 27278932, 27278932, 27278932, 27278932, 27278932, 27278932, 27278932, 27278932, 27278932, 27278932, 27232760, 27232760, 27232760, 27232760, 27232760, 27232760, 27232760, 27232760, 27232760, 27232760, 27232760, 27232760, 27232760, 27232760, 27232760, 27232760, 212545631, 27278932, 50905199, 26786947, 128335649, 189019661, 28107904, 28107904, 28107904, 28107904, 28114176, 28114176, 26859940, 52974508, 26859940, 26859940, 26859940, 26859940, 26859940, 26859940, 28266211, 1609105235, 27278932, 1387324330, 27512576, 27512576, 27512576, 74561110, 27512576, 27512576, 27512576, 27512576, 27512576, 27512576, 1732790845, 27278932, 27278932, 27278932, 27278932, 27232760, 27232760, 27232760, 27232760, 27232760, 27232760, 27232760, 27232760, 27232760, 27232760, 27232760, 27232760, 27232760, 27232760, 27232760, 27232760, 27232760, 27232760, 27103283, 27103283, 27103283, 27103283, 27103283, 27103283, 27103283, 27103283, 27061067, 26859940, 26859940, 26859940, 26859940, 26859940, 26759908, 26759908, 26759908, 26759908, 26726923, 26726923, 26726923, 26726923, 26695203, 26695203, 26695203, 26695203, 26695203, 26695203, 26695203, 26695203, 26695203, 26695203, 26695203, 26695203, 26695203, 26695203, 26695203, 26615821, 26615821, 26615821, 26615821, 26615821, 26615821, 26615821, 26615821, 26615821, 26615821, 26615821, 26615821, 26615821, 26615821, 26615821, 26706189, 26706189, 26706189, 26706189, 26706189, 26706189, 26706189, 26706189, 26706189, 26645180, 26645180, 26645180, 26645180, 26645180, 26645180, 26645180, 26645180, 26645180, 26645180, 26645180, 26645180, 26645180, 26645180, 26645180, 26645180, 26645180, 26645180, 26645180, 26645180, 26645180, 26645180, 26645180, 26645180, 26645180, 26645180, 26645180, 26645180, 26645180, 26645180, 26645180, 26645180, 26645180, 26645180, 26645180, 26645180, 26645180, 26645180, 26645180, 26645180, 26645180, 798753229, 26454608, 26454608, 26454608, 26454608, 26454608, 26454608, 26454608, 26454608, 26454608, 26454608, 26454608, 26454608, 26454608, 26454608, 26454608, 3305700338, 27232760, 27232760, 27232760, 27232760, 25916533, 25491349, 25491349, 25491349, 25491349, 25491349, 25491349]",0,0,0,NPU,0,0,0,0,0,0,1.0,hot,0,0,0,0,1.0,0
0,256,meta-llama/Llama-3.1-8B,45,342,24933616928,171104709041,146171092113,126735588193,126768941302,65547806,"[1243089028, 27766321, 27766321, 117235826, 28193675, 28193675, 28193675, 28193675, 28193675, 28193675, 28193675, 753877625, 28272208, 28272208, 28272208, 28272208, 28272208, 28272208, 28272208, 28272208, 28272208, 27761521, 27761521, 27761521, 27761521, 27761521, 27761521, 27761521, 27761521, 27761521, 27761521, 27761521, 27764953, 27764953, 27764953, 27764953, 27773145, 27684411, 27684411, 27684411, 27684411, 27512576, 27512576, 27512576, 27512576, 27512576, 27512576, 27512576, 27512576, 27512576, 27512576, 27278932, 27278932, 27278932, 27278932, 27278932, 27278932, 27278932, 27278932, 27278932, 27278932, 27278932, 27278932, 27278932, 27278932, 27278932, 27278932, 27278932, 27278932, 27278932, 27278932, 27278932, 27278932, 27278932, 27278932, 27278932, 27278932, 27278932, 27278932, 27278932, 27278932, 27278932, 27278932, 27232760, 27232760, 27232760, 27232760, 27232760, 27232760, 27232760, 27232760, 27232760, 27232760, 27232760, 27232760, 27232760, 27232760, 27232760, 27232760, 212545631, 27278932, 50905199, 26786947, 128335649, 189019661, 28107904, 28107904, 28107904, 28107904, 28114176, 28114176, 26859940, 52974508, 26859940, 26859940, 26859940, 26859940, 26859940, 26859940, 28266211, 1609105235, 27278932, 1387324330, 27512576, 27512576, 27512576, 74561110, 27512576, 27512576, 27512576, 27512576, 27512576, 27512576, 1732790845, 27278932, 27278932, 27278932, 27278932, 27232760, 27232760, 27232760, 27232760, 27232760, 27232760, 27232760, 27232760, 27232760, 27232760, 27232760, 27232760, 27232760, 27232760, 27232760, 27232760, 27232760, 27232760, 27103283, 27103283, 27103283, 27103283, 27103283, 27103283, 27103283, 27103283, 27061067, 26859940, 26859940, 26859940, 26859940, 26859940, 26759908, 26759908, 26759908, 26759908, 26726923, 26726923, 26726923, 26726923, 26695203, 26695203, 26695203, 26695203, 26695203, 26695203, 26695203, 26695203, 26695203, 26695203, 26695203, 26695203, 26695203, 26695203, 26695203, 26615821, 26615821, 26615821, 26615821, 26615821, 26615821, 26615821, 26615821, 26615821, 26615821, 26615821, 26615821, 26615821, 26615821, 26615821, 26706189, 26706189, 26706189, 26706189, 26706189, 26706189, 26706189, 26706189, 26706189, 26645180, 26645180, 26645180, 26645180, 26645180, 26645180, 26645180, 26645180, 26645180, 26645180, 26645180, 26645180, 26645180, 26645180, 26645180, 26645180, 26645180, 26645180, 26645180, 26645180, 26645180, 26645180, 26645180, 26645180, 26645180, 26645180, 26645180, 26645180, 26645180, 26645180, 26645180, 26645180, 26645180, 26645180, 26645180, 26645180, 26645180, 26645180, 26645180, 26645180, 26645180, 798753229, 26454608, 26454608, 26454608, 26454608, 26454608, 26454608, 26454608, 26454608, 26454608, 26454608, 26454608, 26454608, 26454608, 26454608, 26454608, 3305700338, 27232760, 27232760, 27232760, 27232760, 25916533, 25491349, 25491349, 25491349, 25491349, 25491349, 25491349, 140272418, 26042517, 26042517, 26368885, 26868775, 26368885, 26368885, 26368885, 26368885, 26368885]",0,0,0,SSD,0,23068672,0,23068672,23068672,23068672,1.0,hot,0,0,0,0,1.0,46137344
0,262,meta-llama/Llama-3.1-8B,9,305,25718935642,171507774715,145788839073,127282244258,127399480084,62336810,"[28193675, 28193675, 28193675, 28193675, 28193675, 28193675, 28193675, 753877625, 28272208, 28272208, 28272208, 28272208, 28272208, 28272208, 28272208, 28272208, 28272208, 27761521, 27761521, 27761521, 27761521, 27761521, 27761521, 27761521, 27761521, 27761521, 27761521, 27761521, 27764953, 27764953, 27764953, 27764953, 27773145, 27684411, 27684411, 27684411, 27684411, 27512576, 27512576, 27512576, 27512576, 27512576, 27512576, 27512576, 27512576, 27512576, 27512576, 27278932, 27278932, 27278932, 27278932, 27278932, 27278932, 27278932, 27278932, 27278932, 27278932, 27278932, 27278932, 27278932, 27278932, 27278932, 27278932, 27278932, 27278932, 27278932, 27278932, 27278932, 27278932, 27278932, 27278932, 27278932, 27278932, 27278932, 27278932, 27278932, 27278932, 27278932, 27278932, 27232760, 27232760, 27232760, 27232760, 27232760, 27232760, 27232760, 27232760, 27232760, 27232760, 27232760, 27232760, 27232760, 27232760, 27232760, 27232760, 212545631, 27278932, 50905199, 344142257, 28107904, 28107904, 28107904, 28107904, 28114176, 28114176, 26859940, 52974508, 26859940, 26859940, 26859940, 26859940, 26859940, 26859940, 28266211, 1609105235, 27278932, 1387324330, 27512576, 27512576, 27512576, 74561110, 27512576, 27512576, 27512576, 27512576, 27512576, 27512576, 1732790845, 27278932, 27278932, 27278932, 27278932, 27232760, 27232760, 27232760, 27232760, 27232760, 27232760, 27232760, 27232760, 27232760, 27232760, 27232760, 27232760, 27232760, 27232760, 27232760, 27232760, 27232760, 27232760, 27103283, 27103283, 27103283, 27103283, 27103283, 27103283, 27103283, 27103283, 27061067, 26859940, 26859940, 26859940, 26859940, 26859940, 26759908, 26759908, 26759908, 26759908, 26726923, 26726923, 26726923, 26726923, 26695203, 26695203, 26695203, 26695203, 26695203, 26695203, 26695203, 26695203, 26695203, 26695203, 26695203, 26695203, 26695203, 26695203, 26695203, 26615821, 26615821, 26615821, 26615821, 26615821, 26615821, 26615821, 26615821, 26615821, 26615821, 26615821, 26615821, 26615821, 26615821, 26615821, 26706189, 26706189, 26706189, 26706189, 26706189, 26706189, 26706189, 26706189, 26706189, 26645180, 26645180, 26645180, 26645180, 26645180, 26645180, 26645180, 26645180, 26645180, 26645180, 26645180, 26645180, 26645180, 26645180, 26645180, 26645180, 26645180, 26645180, 26645180, 26645180, 26645180, 26645180, 26645180, 26645180, 26645180, 26645180, 26645180, 26645180, 26645180, 26645180, 26645180, 26645180, 26645180, 26645180, 26645180, 26645180, 26645180, 26645180, 26645180, 26645180, 26645180, 798753229, 26454608, 26454608, 26454608, 26454608, 26454608, 26454608, 26454608, 26454608, 26454608, 26454608, 26454608, 26454608, 26454608, 26454608, 26454608, 3305700338, 27232760, 27232760, 27232760, 27232760, 25916533, 293220512, 26042517, 26042517, 26368885, 26868775, 26368885, 26368885, 26368885, 26368885, 26368885, 31202978, 27766321, 27766321, 27766321, 27766321, 26042517, 130258459, 26042517, 26042517, 26042517, 26368885]",0,0,0,NPU,0,0,0,0,0,0,1.0,hot,0,0,0,0,1.0,0
0,273,meta-llama/Llama-3.1-8B,329,490,27234917969,171563820895,144328902926,133406942566,133481503676,67796245,"[27512576, 27512576, 27512576, 27512576, 27512576, 27512576, 1732790845, 27278932, 27278932, 27278932, 27278932, 27232760, 27232760, 27232760, 27232760, 27232760, 27232760, 27232760, 27232760, 27232760, 27232760, 27232760, 27232760, 27232760, 27232760, 27232760, 27232760, 27232760, 27232760, 27103283, 27103283, 27103283, 27103283, 27103283, 27103283, 27103283, 27103283, 27061067, 26859940, 26859940, 26859940, 26859940, 26859940, 26759908, 26759908, 26759908, 26759908, 26726923, 26726923, 26726923, 26726923, 26695203, 26695203, 26695203, 26695203, 26695203, 26695203, 26695203, 26695203, 26695203, 26695203, 26695203, 26695203, 26695203, 26695203, 26695203, 26615821, 26615821, 26615821, 26615821, 26615821, 26615821, 26615821, 26615821, 26615821, 26615821, 26615821, 26615821, 26615821, 26615821, 26615821, 26706189, 26706189, 26706189, 26706189, 26706189, 26706189, 26706189, 26706189, 26706189, 26645180, 26645180, 26645180, 26645180, 26645180, 26645180, 26645180, 26645180, 26645180, 26645180, 26645180, 26645180, 26645180, 26645180, 26645180, 26645180, 26645180, 26645180, 26645180, 26645180, 26645180, 26645180, 26645180, 26645180, 26645180, 26645180, 26645180, 26645180, 26645180, 26645180, 26645180, 26645180, 26645180, 26645180, 26645180, 26645180, 26645180, 26645180, 26645180, 26645180, 26645180, 798753229, 26454608, 26454608, 26454608, 26454608, 26454608, 26454608, 26454608, 26454608, 26454608, 26454608, 26454608, 26454608, 26454608, 26454608, 26454608, 3305700338, 27232760, 27232760, 27232760, 27232760, 319137045, 268370097, 27766321, 27766321, 27766321, 27766321, 289070447, 27773145]",0,0,0,NPU,0,0,0,0,0,0,1.0,hot,0,0,0,0,1.0,0
0,285,meta-llama/Llama-3.1-8B,172,188,28330075320,171856728043,143526652723,142397194184,142537466602,65945741,"[268370097, 27766321, 27766321, 27766321, 27766321, 289070447, 27773145, 98495133, 27773145, 27773145, 27773145, 27773145, 27773145, 27773145, 27773145]",0,0,0,NPU,0,0,0,0,0,0,1.0,hot,0,0,0,0,1.0,0
0,263,meta-llama/Llama-3.1-8B,68,376,25791985174,171912098657,146120113483,127209194726,127326430552,61217208,"[28193675, 28193675, 28193675, 28193675, 28193675, 28193675, 28193675, 753877625, 28272208, 28272208, 28272208, 28272208, 28272208, 28272208, 28272208, 28272208, 28272208, 27761521, 27761521, 27761521, 27761521, 27761521, 27761521, 27761521, 27761521, 27761521, 27761521, 27761521, 27764953, 27764953, 27764953, 27764953, 27773145, 27684411, 27684411, 27684411, 27684411, 27512576, 27512576, 27512576, 27512576, 27512576, 27512576, 27512576, 27512576, 27512576, 27512576, 27278932, 27278932, 27278932, 27278932, 27278932, 27278932, 27278932, 27278932, 27278932, 27278932, 27278932, 27278932, 27278932, 27278932, 27278932, 27278932, 27278932, 27278932, 27278932, 27278932, 27278932, 27278932, 27278932, 27278932, 27278932, 27278932, 27278932, 27278932, 27278932, 27278932, 27278932, 27278932, 27232760, 27232760, 27232760, 27232760, 27232760, 27232760, 27232760, 27232760, 27232760, 27232760, 27232760, 27232760, 27232760, 27232760, 27232760, 27232760, 212545631, 27278932, 50905199, 344142257, 28107904, 28107904, 28107904, 28107904, 28114176, 28114176, 26859940, 52974508, 26859940, 26859940, 26859940, 26859940, 26859940, 26859940, 28266211, 1609105235, 27278932, 1387324330, 27512576, 27512576, 27512576, 74561110, 27512576, 27512576, 27512576, 27512576, 27512576, 27512576, 1732790845, 27278932, 27278932, 27278932, 27278932, 27232760, 27232760, 27232760, 27232760, 27232760, 27232760, 27232760, 27232760, 27232760, 27232760, 27232760, 27232760, 27232760, 27232760, 27232760, 27232760, 27232760, 27232760, 27103283, 27103283, 27103283, 27103283, 27103283, 27103283, 27103283, 27103283, 27061067, 26859940, 26859940, 26859940, 26859940, 26859940, 26759908, 26759908, 26759908, 26759908, 26726923, 26726923, 26726923, 26726923, 26695203, 26695203, 26695203, 26695203, 26695203, 26695203, 26695203, 26695203, 26695203, 26695203, 26695203, 26695203, 26695203, 26695203, 26695203, 26615821, 26615821, 26615821, 26615821, 26615821, 26615821, 26615821, 26615821, 26615821, 26615821, 26615821, 26615821, 26615821, 26615821, 26615821, 26706189, 26706189, 26706189, 26706189, 26706189, 26706189, 26706189, 26706189, 26706189, 26645180, 26645180, 26645180, 26645180, 26645180, 26645180, 26645180, 26645180, 26645180, 26645180, 26645180, 26645180, 26645180, 26645180, 26645180, 26645180, 26645180, 26645180, 26645180, 26645180, 26645180, 26645180, 26645180, 26645180, 26645180, 26645180, 26645180, 26645180, 26645180, 26645180, 26645180, 26645180, 26645180, 26645180, 26645180, 26645180, 26645180, 26645180, 26645180, 26645180, 26645180, 798753229, 26454608, 26454608, 26454608, 26454608, 26454608, 26454608, 26454608, 26454608, 26454608, 26454608, 26454608, 26454608, 26454608, 26454608, 26454608, 3305700338, 27232760, 27232760, 27232760, 27232760, 25916533, 293220512, 26042517, 26042517, 26368885, 26868775, 26368885, 26368885, 26368885, 26368885, 26368885, 31202978, 27766321, 27766321, 27766321, 27766321, 26042517, 130258459, 26042517, 26042517, 26042517, 26368885, 28273035, 27773145, 98495133, 27773145, 27773145, 27773145, 27773145, 27773145, 27773145, 27773145, 27685307, 27685307]",0,0,0,NPU,0,0,0,0,0,0,1.0,hot,0,0,0,0,1.0,0
0,266,meta-llama/Llama-3.1-8B,23,234,26256256903,172434837601,146178580698,130446389684,130497294883,74672789,"[344142257, 28107904, 28107904, 28107904, 28107904, 28114176, 28114176, 269260299, 1609105235, 27278932, 1387324330, 27512576, 27512576, 27512576, 74561110, 27512576, 27512576, 27512576, 27512576, 27512576, 27512576, 1732790845, 27278932, 27278932, 27278932, 27278932, 27232760, 27232760, 27232760, 27232760, 27232760, 27232760, 27232760, 27232760, 27232760, 27232760, 27232760, 27232760, 27232760, 27232760, 27232760, 27232760, 27232760, 27232760, 27103283, 27103283, 27103283, 27103283, 27103283, 27103283, 27103283, 27103283, 27061067, 26859940, 26859940, 26859940, 26859940, 26859940, 26759908, 26759908, 26759908, 26759908, 26726923, 26726923, 26726923, 26726923, 26695203, 26695203, 26695203, 26695203, 26695203, 26695203, 26695203, 26695203, 26695203, 26695203, 26695203, 26695203, 26695203, 26695203, 26695203, 26615821, 26615821, 26615821, 26615821, 26615821, 26615821, 26615821, 26615821, 26615821, 26615821, 26615821, 26615821, 26615821, 26615821, 26615821, 26706189, 26706189, 26706189, 26706189, 26706189, 26706189, 26706189, 26706189, 26706189, 26645180, 26645180, 26645180, 26645180, 26645180, 26645180, 26645180, 26645180, 26645180, 26645180, 26645180, 26645180, 26645180, 26645180, 26645180, 26645180, 26645180, 26645180, 26645180, 26645180, 26645180, 26645180, 26645180, 26645180, 26645180, 26645180, 26645180, 26645180, 26645180, 26645180, 26645180, 26645180, 26645180, 26645180, 26645180, 26645180, 26645180, 26645180, 26645180, 26645180, 26645180, 798753229, 26454608, 26454608, 26454608, 26454608, 26454608, 26454608, 26454608, 26454608, 26454608, 26454608, 26454608, 26454608, 26454608, 26454608, 26454608, 3305700338, 27232760, 27232760, 27232760, 27232760, 319137045, 268370097, 27766321, 27766321, 27766321, 27766321, 26042517, 130258459, 26042517, 26042517, 26042517, 26368885, 28273035, 27773145, 98495133, 27773145, 27773145, 27773145, 27773145, 27773145, 27773145, 27773145, 27685307, 27685307, 27512576, 27512576, 27512576, 27512576, 27512576, 27512576, 27512576, 27512576, 27512576, 27512576, 27512576, 27512576, 27512576, 27512576, 27512576, 27512576, 27512576, 27512576, 27512576]",0,0,0,SSD,0,25165824,0,25165824,25165824,25165824,1.0,hot,0,0,0,0,1.0,50331648
0,271,meta-llama/Llama-3.1-8B,23,227,26788661369,172462116533,145673455164,130275192534,130309032674,75686810,"[28107904, 28107904, 28107904, 28107904, 28114176, 28114176, 269260299, 1609105235, 1414603262, 27512576, 27512576, 27512576, 74561110, 27512576, 27512576, 27512576, 27512576, 27512576, 27512576, 1732790845, 27278932, 27278932, 27278932, 27278932, 27232760, 27232760, 27232760, 27232760, 27232760, 27232760, 27232760, 27232760, 27232760, 27232760, 27232760, 27232760, 27232760, 27232760, 27232760, 27232760, 27232760, 27232760, 27103283, 27103283, 27103283, 27103283, 27103283, 27103283, 27103283, 27103283, 27061067, 26859940, 26859940, 26859940, 26859940, 26859940, 26759908, 26759908, 26759908, 26759908, 26726923, 26726923, 26726923, 26726923, 26695203, 26695203, 26695203, 26695203, 26695203, 26695203, 26695203, 26695203, 26695203, 26695203, 26695203, 26695203, 26695203, 26695203, 26695203, 26615821, 26615821, 26615821, 26615821, 26615821, 26615821, 26615821, 26615821, 26615821, 26615821, 26615821, 26615821, 26615821, 26615821, 26615821, 26706189, 26706189, 26706189, 26706189, 26706189, 26706189, 26706189, 26706189, 26706189, 26645180, 26645180, 26645180, 26645180, 26645180, 26645180, 26645180, 26645180, 26645180, 26645180, 26645180, 26645180, 26645180, 26645180, 26645180, 26645180, 26645180, 26645180, 26645180, 26645180, 26645180, 26645180, 26645180, 26645180, 26645180, 26645180, 26645180, 26645180, 26645180, 26645180, 26645180, 26645180, 26645180, 26645180, 26645180, 26645180, 26645180, 26645180, 26645180, 26645180, 26645180, 798753229, 26454608, 26454608, 26454608, 26454608, 26454608, 26454608, 26454608, 26454608, 26454608, 26454608, 26454608, 26454608, 26454608, 26454608, 26454608, 3305700338, 27232760, 27232760, 27232760, 27232760, 319137045, 268370097, 27766321, 27766321, 27766321, 27766321, 289070447, 27773145, 98495133, 27773145, 27773145, 27773145, 27773145, 27773145, 27773145, 27773145, 27685307, 27685307, 27512576, 27512576, 27512576, 27512576, 27512576, 27512576, 27512576, 27512576, 27512576, 27512576, 27512576, 27512576, 27512576, 27512576, 27512576, 27512576, 27512576, 27512576, 27512576, 27278932]",0,0,0,SSD,0,4194304,0,4194304,4194304,4194304,1.0,hot,0,0,0,0,1.0,8388608
0,274,meta-llama/Llama-3.1-8B,1065,1110,27306527292,172516582053,145210054761,142852819869,143132946545,47207004,"[27232760, 27232760, 27232760, 27232760, 319137045, 268370097, 27766321, 27766321, 27766321, 27766321, 289070447, 27773145, 98495133, 27773145, 27773145, 27773145, 27773145, 27773145, 27773145, 27773145, 27685307, 27685307, 27512576, 27512576, 27512576, 27512576, 27512576, 27512576, 27512576, 27512576, 27512576, 27512576, 27512576, 27512576, 27512576, 27512576, 27512576, 27512576, 27512576, 27512576, 27512576, 27278932, 27232760, 27232760]",0,0,0,NPU,0,0,0,0,0,0,1.0,hot,0,0,0,0,1.0,0
0,264,meta-llama/Llama-3.1-8B,1174,1439,26001846037,173818429158,147816583121,130460975987,130673521618,64935839,"[27278932, 50905199, 344142257, 28107904, 28107904, 28107904, 28107904, 28114176, 28114176, 269260299, 1609105235, 27278932, 1387324330, 27512576, 27512576, 27512576, 74561110, 27512576, 27512576, 27512576, 27512576, 27512576, 27512576, 1732790845, 27278932, 27278932, 27278932, 27278932, 27232760, 27232760, 27232760, 27232760, 27232760, 27232760, 27232760, 27232760, 27232760, 27232760, 27232760, 27232760, 27232760, 27232760, 27232760, 27232760, 27232760, 27232760, 27103283, 27103283, 27103283, 27103283, 27103283, 27103283, 27103283, 27103283, 27061067, 26859940, 26859940, 26859940, 26859940, 26859940, 26759908, 26759908, 26759908, 26759908, 26726923, 26726923, 26726923, 26726923, 26695203, 26695203, 26695203, 26695203, 26695203, 26695203, 26695203, 26695203, 26695203, 26695203, 26695203, 26695203, 26695203, 26695203, 26695203, 26615821, 26615821, 26615821, 26615821, 26615821, 26615821, 26615821, 26615821, 26615821, 26615821, 26615821, 26615821, 26615821, 26615821, 26615821, 26706189, 26706189, 26706189, 26706189, 26706189, 26706189, 26706189, 26706189, 26706189, 26645180, 26645180, 26645180, 26645180, 26645180, 26645180, 26645180, 26645180, 26645180, 26645180, 26645180, 26645180, 26645180, 26645180, 26645180, 26645180, 26645180, 26645180, 26645180, 26645180, 26645180, 26645180, 26645180, 26645180, 26645180, 26645180, 26645180, 26645180, 26645180, 26645180, 26645180, 26645180, 26645180, 26645180, 26645180, 26645180, 26645180, 26645180, 26645180, 26645180, 26645180, 798753229, 26454608, 26454608, 26454608, 26454608, 26454608, 26454608, 26454608, 26454608, 26454608, 26454608, 26454608, 26454608, 26454608, 26454608, 26454608, 3305700338, 27232760, 27232760, 27232760, 27232760, 319137045, 26042517, 26042517, 26368885, 26868775, 26368885, 26368885, 26368885, 26368885, 26368885, 31202978, 27766321, 27766321, 27766321, 27766321, 26042517, 130258459, 26042517, 26042517, 26042517, 26368885, 28273035, 27773145, 98495133, 27773145, 27773145, 27773145, 27773145, 27773145, 27773145, 27773145, 27685307, 27685307, 27512576, 27512576, 27512576, 27512576, 27512576, 27512576, 27512576, 27512576, 27512576, 27512576, 27512576, 27512576, 27512576, 27512576, 27512576, 27512576, 27512576, 27512576, 27512576, 27278932, 27232760, 27232760, 243616374, 27773145, 27773145, 27773145, 27773145, 27773145, 27773145, 27103283, 27103283, 27603173, 27103283, 27103283, 27103283, 27103283, 27103283, 27103283, 27103283, 27103283, 27103283, 27103283, 27103283, 27103283, 27103283, 27103283, 27103283, 27103283, 27103283, 27103283, 27103283, 27103283, 27103283, 27103283, 27103283, 27103283, 27103283, 27103283, 27103283, 25997827, 25997827, 25997827]",0,0,0,SSD,0,155189248,0,155189248,155189248,155189248,1.0,hot,0,0,0,0,1.0,310378496
0,293,meta-llama/Llama-3.1-8B,1,10,28818589284,173874299662,145055710378,143697992769,143941609143,139262654,"[27773145, 27773145, 27773145, 27773145, 27773145, 27773145, 919777058, 27685307]",0,0,0,NPU,0,0,0,0,0,0,1.0,hot,0,0,0,0,1.0,0
0,270,meta-llama/Llama-3.1-8B,35,293,26622528550,174094400270,147471871720,130080118037,130131023236,67474118,"[344142257, 28107904, 28107904, 28107904, 28107904, 28114176, 28114176, 269260299, 1609105235, 27278932, 1387324330, 27512576, 27512576, 27512576, 74561110, 27512576, 27512576, 27512576, 27512576, 27512576, 27512576, 1732790845, 27278932, 27278932, 27278932, 27278932, 27232760, 27232760, 27232760, 27232760, 27232760, 27232760, 27232760, 27232760, 27232760, 27232760, 27232760, 27232760, 27232760, 27232760, 27232760, 27232760, 27232760, 27232760, 27103283, 27103283, 27103283, 27103283, 27103283, 27103283, 27103283, 27103283, 27061067, 26859940, 26859940, 26859940, 26859940, 26859940, 26759908, 26759908, 26759908, 26759908, 26726923, 26726923, 26726923, 26726923, 26695203, 26695203, 26695203, 26695203, 26695203, 26695203, 26695203, 26695203, 26695203, 26695203, 26695203, 26695203, 26695203, 26695203, 26695203, 26615821, 26615821, 26615821, 26615821, 26615821, 26615821, 26615821, 26615821, 26615821, 26615821, 26615821, 26615821, 26615821, 26615821, 26615821, 26706189, 26706189, 26706189, 26706189, 26706189, 26706189, 26706189, 26706189, 26706189, 26645180, 26645180, 26645180, 26645180, 26645180, 26645180, 26645180, 26645180, 26645180, 26645180, 26645180, 26645180, 26645180, 26645180, 26645180, 26645180, 26645180, 26645180, 26645180, 26645180, 26645180, 26645180, 26645180, 26645180, 26645180, 26645180, 26645180, 26645180, 26645180, 26645180, 26645180, 26645180, 26645180, 26645180, 26645180, 26645180, 26645180, 26645180, 26645180, 26645180, 26645180, 798753229, 26454608, 26454608, 26454608, 26454608, 26454608, 26454608, 26454608, 26454608, 26454608, 26454608, 26454608, 26454608, 26454608, 26454608, 26454608, 3305700338, 27232760, 27232760, 27232760, 27232760, 319137045, 268370097, 27766321, 27766321, 27766321, 27766321, 289070447, 27773145, 98495133, 27773145, 27773145, 27773145, 27773145, 27773145, 27773145, 27773145, 27685307, 27685307, 27512576, 27512576, 27512576, 27512576, 27512576, 27512576, 27512576, 27512576, 27512576, 27512576, 27512576, 27512576, 27512576, 27512576, 27512576, 27512576, 27512576, 27512576, 27512576, 27278932, 27232760, 27232760, 243616374, 27773145, 27773145, 27773145, 27773145, 27773145, 27773145, 27103283, 27103283, 27603173, 27103283, 27103283, 27103283, 27103283, 27103283, 27103283, 27103283, 27103283, 27103283, 27103283, 27103283, 27103283, 27103283, 27103283, 27103283, 27103283, 27103283, 27103283, 27103283, 27103283, 27103283, 27103283, 27103283, 27103283, 27103283, 27103283, 27103283, 25997827, 25997827, 25997827, 28185197, 27685307, 27512576, 27512576, 27512576, 27512576, 27512576, 27512576, 27512576, 27512576]",0,0,0,NPU,0,0,0,0,0,0,1.0,hot,0,0,0,0,1.0,0
0,286,meta-llama/Llama-3.1-8B,9,96,28392736014,174094400270,145701664256,142334533490,142474805908,37521608,"[268370097, 27766321, 27766321, 27766321, 27766321, 289070447, 27773145, 98495133, 27773145, 27773145, 27773145, 27773145, 27773145, 27773145, 27773145, 27685307, 27685307, 27512576, 27512576, 27512576, 27512576, 27512576, 27512576, 27512576, 27512576, 27512576, 27512576, 27512576, 27512576, 27512576, 27512576, 27512576, 27512576, 27512576, 27512576, 27512576, 27278932, 27232760, 27232760, 243616374, 27773145, 27773145, 27773145, 27773145, 27773145, 27773145, 27103283, 27103283, 27603173, 27103283, 27103283, 27103283, 27103283, 27103283, 27103283, 27103283, 27103283, 27103283, 27103283, 27103283, 27103283, 27103283, 27103283, 27103283, 27103283, 27103283, 27103283, 27103283, 27103283, 27103283, 27103283, 27103283, 27103283, 27103283, 27103283, 27103283, 106178678, 27685307, 27512576, 27512576, 27512576, 27512576, 27512576, 27512576, 27512576, 27512576]",0,0,0,NPU,0,0,0,0,0,0,1.0,hot,0,0,0,0,1.0,0
0,241,meta-llama/Llama-3.1-8B,6,639,22769667855,174257796830,151488128975,114216442076,114569857734,58414986,"[32832569, 28422327, 28422327, 28422327, 28193675, 28193675, 28193675, 28193675, 28193675, 28193675, 28193675, 816773283, 28107904, 28107904, 28107904, 28107904, 28107904, 28107904, 28107904, 27761521, 27761521, 27761521, 27761521, 27766321, 27766321, 27766321, 27766321, 27766321, 27766321, 27766321, 27766321, 27766321, 27766321, 727801859, 27773145, 27773145, 27773145, 27773145, 27773145, 27773145, 27685307, 27685307, 27512576, 27512576, 27512576, 27512576, 27512576, 27512576, 27512576, 27512576, 27512576, 27512576, 27512576, 27512576, 27512576, 27512576, 27512576, 27278932, 27278932, 27278932, 27278932, 27232760, 27232760, 27232760, 27232760, 27232760, 27232760, 27232760, 27232760, 27232760, 27232760, 27232760, 27103283, 27103283, 27103283, 27103283, 27103283, 27103283, 27103283, 27103283, 188345850, 27103283, 27061067, 27061067, 27061067, 27061067, 26956587, 26956587, 26956587, 26956587, 187476394, 2240167781, 7798173202, 1243089028, 27766321, 27766321, 117235826, 28193675, 28193675, 28193675, 28193675, 28193675, 28193675, 28193675, 26044318, 312011019, 26044318, 26044318, 363733652, 28272208, 28272208, 28272208, 28272208, 28272208, 28272208, 28272208, 28272208, 28272208, 27761521, 27761521, 27761521, 27761521, 27761521, 27761521, 27761521, 27761521, 27761521, 27761521, 27761521, 27764953, 27764953, 27764953, 27764953, 27773145, 27684411, 27684411, 27684411, 27684411, 27512576, 27512576, 27512576, 27512576, 27512576, 27512576, 27512576, 27512576, 27512576, 27512576, 27278932, 27278932, 27278932, 27278932, 27278932, 27278932, 27278932, 27278932, 27278932, 27278932, 27278932, 27278932, 27278932, 27278932, 27278932, 27278932, 27278932, 27278932, 27278932, 27278932, 27278932, 27278932, 27278932, 27278932, 27278932, 27278932, 27278932, 27278932, 27278932, 27278932, 27278932, 27278932, 27232760, 27232760, 27232760, 27232760, 27232760, 27232760, 27232760, 27232760, 27232760, 27232760, 27232760, 27232760, 27232760, 27232760, 27232760, 27232760, 212545631, 27278932, 50905199, 26786947, 128335649, 26235158, 26235158, 26235158, 110314187, 28107904, 28107904, 28107904, 28107904, 28114176, 28114176, 26859940, 25614678, 27359830, 26859940, 26859940, 26859940, 26859940, 26859940, 26859940, 28266211, 26044318, 26044318, 26044318, 154000953, 26044318, 26044318, 26044318, 26044318, 26044318, 26044318, 26044318, 26044318, 25846330, 25846330, 25846330, 25846330, 25846330, 25846330, 25853850, 26544208, 26044318, 26044318, 26044318, 26044318, 26044318, 26044318, 26044318, 26044318, 208332129, 26044318, 26044318, 26044318, 26164062, 26164062, 26164062, 26042517, 203379629, 26044318, 26044318, 26044318, 26044318, 26044318, 28185197, 27278932, 1387324330, 27512576, 27512576, 27512576, 74561110, 27512576, 27512576, 27512576, 27512576, 27512576, 27512576, 25921863, 25921863, 25921863, 25921863, 26049543, 188667675, 26049543, 26049543, 26049543, 26049543, 26049543, 26049543, 26049543, 26049543, 26049543, 26049543, 26049543, 26049543, 26049543, 26049543, 26049543, 26049543, 26049543, 26370142, 26370142, 26370142, 26370142, 26370142, 26370142, 26253855, 26253855, 26253855, 26253855, 26253855, 26253855, 26253855, 26253855, 26549433, 26049543, 26049543, 26049543, 26049543, 26049543, 26049543, 26049543, 26049543, 26049543, 26049543, 26049543, 26049543, 26049543, 26049543, 26049543, 26370142, 26370142, 26370142, 26370142, 26370142, 26370142, 27778822, 27278932, 27278932, 27278932, 27278932, 27232760, 27232760, 27232760, 27232760, 27232760, 27232760, 27232760, 27232760, 27232760, 27232760, 27232760, 27232760, 27232760, 27232760, 27232760, 27232760, 27232760, 27232760, 27103283, 27103283, 27103283, 27103283, 27103283, 27103283, 27103283, 27103283, 27061067, 26859940, 26859940, 26859940, 26859940, 26859940, 26759908, 26759908, 26759908, 26759908, 26726923, 26726923, 26726923, 26726923, 26695203, 26695203, 26695203, 26695203, 26695203, 26695203, 26695203, 26695203, 26695203, 26695203, 26695203, 26695203, 26695203, 26695203, 26695203, 26615821, 26615821, 26615821, 26615821, 26615821, 26615821, 26615821, 26615821, 26615821, 26615821, 26615821, 26615821, 26615821, 26615821, 26615821, 26706189, 26706189, 26706189, 26706189, 26706189, 26706189, 26706189, 26706189, 26706189, 26645180, 26645180, 26645180, 26645180, 26645180, 26645180, 26645180, 26645180, 26645180, 26645180, 26645180, 26645180, 26645180, 26645180, 26645180, 26645180, 26645180, 26645180, 26645180, 26645180, 26645180, 26645180, 26645180, 26645180, 26645180, 26645180, 26645180, 26645180, 26645180, 26645180, 26645180, 26645180, 26645180, 26645180, 26645180, 26645180, 26645180, 26645180, 26645180, 26645180, 26645180, 26572255, 26572255, 26572255, 26572255, 26572255, 26572255, 26572255, 26572255, 26572255, 26572255, 26572255, 26572255, 27275701, 27072145, 26572255, 26572255, 26572255, 26572255, 26572255, 26572255, 26572255, 26572255, 26572255, 26572255, 26572255, 26572255, 26572255, 26572255, 26572255, 26954498, 26454608, 26454608, 26454608, 26454608, 26454608, 26454608, 26454608, 26454608, 26454608, 26454608, 26454608, 26454608, 26454608, 26454608, 26454608, 3305700338, 27232760, 27232760, 27232760, 27232760, 25916533, 25491349, 25491349, 25491349, 25491349, 25491349, 25491349, 140272418, 26042517, 26042517, 26368885, 26868775, 26368885, 26368885, 26368885, 26368885, 26368885, 31202978, 27766321, 27766321, 27766321, 27766321, 26042517, 25929013, 25929013, 25929013, 25929013, 26542407, 26042517, 26042517, 26042517, 26368885, 28273035, 27773145, 98495133, 27773145, 27773145, 27773145, 27773145, 27773145, 27773145, 27773145, 27685307, 27685307, 27512576, 27512576, 27512576, 27512576, 27512576, 27512576, 27512576, 27512576, 27512576, 27512576, 27512576, 27512576, 27512576, 27512576, 27512576, 27512576, 27512576, 27512576, 27512576, 27278932, 27232760, 27232760, 243616374, 27773145, 27773145, 27773145, 27773145, 27773145, 27773145, 27103283, 27103283, 27603173, 27103283, 27103283, 27103283, 27103283, 27103283, 27103283, 27103283, 27103283, 27103283, 27103283, 27103283, 27103283, 27103283, 27103283, 27103283, 27103283, 27103283, 27103283, 27103283, 27103283, 27103283, 27103283, 27103283, 27103283, 27103283, 27103283, 27103283, 25997827, 25997827, 25997827, 28185197, 27685307, 27512576, 27512576, 27512576, 27512576, 27512576, 27512576, 27512576, 27512576, 27232760, 27232760, 27232760, 27232760, 27232760, 27232760]",0,0,0,NPU,0,0,0,0,0,0,1.0,hot,0,0,0,0,1.0,0
0,267,meta-llama/Llama-3.1-8B,34,342,26377485658,175895399039,149517913381,130325160929,130376066128,62351293,"[344142257, 28107904, 28107904, 28107904, 28107904, 28114176, 28114176, 269260299, 1609105235, 27278932, 1387324330, 27512576, 27512576, 27512576, 74561110, 27512576, 27512576, 27512576, 27512576, 27512576, 27512576, 1732790845, 27278932, 27278932, 27278932, 27278932, 27232760, 27232760, 27232760, 27232760, 27232760, 27232760, 27232760, 27232760, 27232760, 27232760, 27232760, 27232760, 27232760, 27232760, 27232760, 27232760, 27232760, 27232760, 27103283, 27103283, 27103283, 27103283, 27103283, 27103283, 27103283, 27103283, 27061067, 26859940, 26859940, 26859940, 26859940, 26859940, 26759908, 26759908, 26759908, 26759908, 26726923, 26726923, 26726923, 26726923, 26695203, 26695203, 26695203, 26695203, 26695203, 26695203, 26695203, 26695203, 26695203, 26695203, 26695203, 26695203, 26695203, 26695203, 26695203, 26615821, 26615821, 26615821, 26615821, 26615821, 26615821, 26615821, 26615821, 26615821, 26615821, 26615821, 26615821, 26615821, 26615821, 26615821, 26706189, 26706189, 26706189, 26706189, 26706189, 26706189, 26706189, 26706189, 26706189, 26645180, 26645180, 26645180, 26645180, 26645180, 26645180, 26645180, 26645180, 26645180, 26645180, 26645180, 26645180, 26645180, 26645180, 26645180, 26645180, 26645180, 26645180, 26645180, 26645180, 26645180, 26645180, 26645180, 26645180, 26645180, 26645180, 26645180, 26645180, 26645180, 26645180, 26645180, 26645180, 26645180, 26645180, 26645180, 26645180, 26645180, 26645180, 26645180, 26645180, 26645180, 798753229, 26454608, 26454608, 26454608, 26454608, 26454608, 26454608, 26454608, 26454608, 26454608, 26454608, 26454608, 26454608, 26454608, 26454608, 26454608, 3305700338, 27232760, 27232760, 27232760, 27232760, 319137045, 268370097, 27766321, 27766321, 27766321, 27766321, 289070447, 27773145, 98495133, 27773145, 27773145, 27773145, 27773145, 27773145, 27773145, 27773145, 27685307, 27685307, 27512576, 27512576, 27512576, 27512576, 27512576, 27512576, 27512576, 27512576, 27512576, 27512576, 27512576, 27512576, 27512576, 27512576, 27512576, 27512576, 27512576, 27512576, 27512576, 27278932, 27232760, 27232760, 243616374, 27773145, 27773145, 27773145, 27773145, 27773145, 27773145, 27103283, 27103283, 27603173, 27103283, 27103283, 27103283, 27103283, 27103283, 27103283, 27103283, 27103283, 27103283, 27103283, 27103283, 27103283, 27103283, 27103283, 27103283, 27103283, 27103283, 27103283, 27103283, 27103283, 27103283, 27103283, 27103283, 27103283, 27103283, 27103283, 27103283, 25997827, 25997827, 25997827, 28185197, 27685307, 27512576, 27512576, 27512576, 27512576, 27512576, 27512576, 27512576, 27512576, 27232760, 27232760, 27232760, 27232760, 27232760, 27232760, 211086597, 27278932, 27278932, 27278932, 26699917, 25859550, 312418950, 26699917, 26699917, 26699917, 26699917, 26699917, 26699917, 26699917, 26699917, 26699917, 26699917, 26699917, 26699917, 26699917, 26699917, 26699917, 26699917, 26699917, 26699917, 26699917, 25884336, 25884336, 25884336, 25884336, 25884336, 25884336, 25884336, 26171806, 26171806, 26171806, 25487317, 25487317, 27786837, 26786947, 26786947, 26786947, 26786947, 26786947]",0,0,0,SSD,0,27262976,0,27262976,27262976,27262976,1.0,hot,0,0,0,0,1.0,54525952
0,281,meta-llama/Llama-3.1-8B,301,436,28183110227,176055598541,147872488314,141976236934,142256363610,41911378,"[27232760, 27232760, 27232760, 27232760, 319137045, 268370097, 27766321, 27766321, 27766321, 27766321, 289070447, 27773145, 98495133, 27773145, 27773145, 27773145, 27773145, 27773145, 27773145, 27773145, 27685307, 27685307, 27512576, 27512576, 27512576, 27512576, 27512576, 27512576, 27512576, 27512576, 27512576, 27512576, 27512576, 27512576, 27512576, 27512576, 27512576, 27512576, 27512576, 27512576, 27512576, 27278932, 27232760, 27232760, 243616374, 27773145, 27773145, 27773145, 27773145, 27773145, 27773145, 27103283, 27103283, 27603173, 27103283, 27103283, 27103283, 27103283, 27103283, 27103283, 27103283, 27103283, 27103283, 27103283, 27103283, 27103283, 27103283, 27103283, 27103283, 27103283, 27103283, 27103283, 27103283, 27103283, 27103283, 27103283, 27103283, 27103283, 27103283, 27103283, 27103283, 106178678, 27685307, 27512576, 27512576, 27512576, 27512576, 27512576, 27512576, 27512576, 27512576, 27232760, 27232760, 27232760, 27232760, 27232760, 27232760, 211086597, 27278932, 27278932, 27278932, 26699917, 338278500, 26699917, 26699917, 26699917, 26699917, 26699917, 26699917, 26699917, 26699917, 26699917, 26699917, 26699917, 26699917, 26699917, 26699917, 26699917, 26699917, 26699917, 26699917, 26699917, 338467241, 26786947, 26786947, 26786947, 26786947, 26786947, 26699917, 26699917, 26699917, 26699917, 26699917, 26699917]",0,0,0,NPU,0,0,0,0,0,0,1.0,hot,0,0,0,0,1.0,0
0,269,meta-llama/Llama-3.1-8B,20,339,26456791100,176238972082,149782180982,130245855487,130296760686,61274906,"[344142257, 28107904, 28107904, 28107904, 28107904, 28114176, 28114176, 269260299, 1609105235, 27278932, 1387324330, 27512576, 27512576, 27512576, 74561110, 27512576, 27512576, 27512576, 27512576, 27512576, 27512576, 1732790845, 27278932, 27278932, 27278932, 27278932, 27232760, 27232760, 27232760, 27232760, 27232760, 27232760, 27232760, 27232760, 27232760, 27232760, 27232760, 27232760, 27232760, 27232760, 27232760, 27232760, 27232760, 27232760, 27103283, 27103283, 27103283, 27103283, 27103283, 27103283, 27103283, 27103283, 27061067, 26859940, 26859940, 26859940, 26859940, 26859940, 26759908, 26759908, 26759908, 26759908, 26726923, 26726923, 26726923, 26726923, 26695203, 26695203, 26695203, 26695203, 26695203, 26695203, 26695203, 26695203, 26695203, 26695203, 26695203, 26695203, 26695203, 26695203, 26695203, 26615821, 26615821, 26615821, 26615821, 26615821, 26615821, 26615821, 26615821, 26615821, 26615821, 26615821, 26615821, 26615821, 26615821, 26615821, 26706189, 26706189, 26706189, 26706189, 26706189, 26706189, 26706189, 26706189, 26706189, 26645180, 26645180, 26645180, 26645180, 26645180, 26645180, 26645180, 26645180, 26645180, 26645180, 26645180, 26645180, 26645180, 26645180, 26645180, 26645180, 26645180, 26645180, 26645180, 26645180, 26645180, 26645180, 26645180, 26645180, 26645180, 26645180, 26645180, 26645180, 26645180, 26645180, 26645180, 26645180, 26645180, 26645180, 26645180, 26645180, 26645180, 26645180, 26645180, 26645180, 26645180, 798753229, 26454608, 26454608, 26454608, 26454608, 26454608, 26454608, 26454608, 26454608, 26454608, 26454608, 26454608, 26454608, 26454608, 26454608, 26454608, 3305700338, 27232760, 27232760, 27232760, 27232760, 319137045, 268370097, 27766321, 27766321, 27766321, 27766321, 289070447, 27773145, 98495133, 27773145, 27773145, 27773145, 27773145, 27773145, 27773145, 27773145, 27685307, 27685307, 27512576, 27512576, 27512576, 27512576, 27512576, 27512576, 27512576, 27512576, 27512576, 27512576, 27512576, 27512576, 27512576, 27512576, 27512576, 27512576, 27512576, 27512576, 27512576, 27278932, 27232760, 27232760, 243616374, 27773145, 27773145, 27773145, 27773145, 27773145, 27773145, 27103283, 27103283, 27603173, 27103283, 27103283, 27103283, 27103283, 27103283, 27103283, 27103283, 27103283, 27103283, 27103283, 27103283, 27103283, 27103283, 27103283, 27103283, 27103283, 27103283, 27103283, 27103283, 27103283, 27103283, 27103283, 27103283, 27103283, 27103283, 27103283, 27103283, 25997827, 25997827, 25997827, 28185197, 27685307, 27512576, 27512576, 27512576, 27512576, 27512576, 27512576, 27512576, 27512576, 27232760, 27232760, 27232760, 27232760, 27232760, 27232760, 211086597, 27278932, 27278932, 27278932, 26699917, 25859550, 312418950, 26699917, 26699917, 26699917, 26699917, 26699917, 26699917, 26699917, 26699917, 26699917, 26699917, 26699917, 26699917, 26699917, 26699917, 26699917, 26699917, 26699917, 26699917, 26699917, 25884336, 25884336, 25884336, 25884336, 25884336, 25884336, 25884336, 26171806, 26171806, 26171806, 78761471, 26786947, 26786947, 26786947, 26786947, 26786947, 26699917, 26699917, 26699917, 26699917, 26699917, 26699917, 27497669, 25884336, 25884336, 25884336, 26384226, 25884336, 25954302]",0,0,0,NPU,0,0,0,0,0,0,1.0,hot,0,0,0,0,1.0,0
0,235,meta-llama/Llama-3.1-8B,22,788,22021193681,176266428559,154245234878,114964916250,115318331908,50884840,"[32832569, 28422327, 28422327, 28422327, 28193675, 28193675, 28193675, 28193675, 28193675, 28193675, 28193675, 816773283, 28107904, 28107904, 28107904, 28107904, 28107904, 28107904, 28107904, 27761521, 27761521, 27761521, 27761521, 27766321, 27766321, 27766321, 27766321, 27766321, 27766321, 27766321, 27766321, 27766321, 27766321, 727801859, 27773145, 27773145, 27773145, 27773145, 27773145, 27773145, 27685307, 27685307, 27512576, 27512576, 27512576, 27512576, 27512576, 27512576, 27512576, 27512576, 27512576, 27512576, 27512576, 27512576, 27512576, 27512576, 27512576, 27278932, 27278932, 27278932, 27278932, 27232760, 27232760, 27232760, 27232760, 27232760, 27232760, 27232760, 27232760, 27232760, 27232760, 27232760, 27103283, 27103283, 27103283, 27103283, 27103283, 27103283, 27103283, 27103283, 188345850, 27103283, 27061067, 27061067, 27061067, 27061067, 26956587, 26956587, 26956587, 26956587, 187476394, 2240167781, 7798173202, 26421342, 133324772, 26421342, 26421342, 26421342, 26421342, 26437374, 26437374, 26437374, 26437374, 26437374, 26437374, 156747451, 26437374, 26437374, 26437374, 340743971, 26235158, 26235158, 26235158, 26235158, 26235158, 26235158, 26235158, 58583652, 27766321, 27766321, 117235826, 28193675, 28193675, 28193675, 28193675, 28193675, 28193675, 28193675, 26044318, 25884336, 25884336, 26097524, 26097524, 208047299, 26044318, 26044318, 26171806, 337561846, 28272208, 28272208, 28272208, 28272208, 28272208, 28272208, 28272208, 28272208, 28272208, 27761521, 27761521, 27761521, 27761521, 27761521, 27761521, 27761521, 27761521, 27761521, 27761521, 27761521, 27764953, 27764953, 27764953, 27764953, 27773145, 27684411, 27684411, 27684411, 27684411, 27512576, 27512576, 27512576, 27512576, 27512576, 27512576, 27512576, 27512576, 27512576, 27512576, 27278932, 27278932, 27278932, 27278932, 27278932, 27278932, 27278932, 27278932, 27278932, 27278932, 27278932, 27278932, 27278932, 27278932, 27278932, 27278932, 27278932, 27278932, 27278932, 27278932, 27278932, 27278932, 27278932, 27278932, 27278932, 27278932, 27278932, 27278932, 27278932, 27278932, 27278932, 27278932, 27232760, 27232760, 27232760, 27232760, 27232760, 27232760, 27232760, 27232760, 27232760, 27232760, 27232760, 27232760, 27232760, 27232760, 27232760, 27232760, 212545631, 27278932, 50905199, 26786947, 128335649, 26235158, 26235158, 26235158, 110314187, 28107904, 28107904, 28107904, 28107904, 28114176, 28114176, 26859940, 25614678, 27359830, 26859940, 26859940, 26859940, 26859940, 26859940, 26859940, 28266211, 26044318, 26044318, 26044318, 25491349, 25491349, 25491349, 25491349, 25491349, 26544208, 26044318, 26044318, 26044318, 26044318, 26044318, 26044318, 26044318, 26044318, 25846330, 25846330, 25846330, 25846330, 25846330, 25846330, 25853850, 26544208, 26044318, 26044318, 26044318, 26044318, 26044318, 26044318, 26044318, 26044318, 25969703, 25969703, 25969703, 25969703, 25969703, 25969703, 25969703, 26544208, 26044318, 26044318, 26044318, 26164062, 26164062, 26164062, 26042517, 203379629, 26044318, 26044318, 26044318, 26044318, 26044318, 28185197, 27278932, 26032767, 26032767, 26032767, 26032767, 26032767, 26253855, 26253855, 940355624, 26253855, 26253855, 26253855, 26253855, 26253855, 26253855, 26253855, 26253855, 26253855, 28012466, 27512576, 27512576, 27512576, 74561110, 27512576, 27512576, 27512576, 27512576, 27512576, 27512576, 25921863, 25921863, 25921863, 25921863, 26049543, 27019707, 27019707, 27019707, 27019707, 27019707, 27019707, 26549433, 26049543, 26049543, 26049543, 26049543, 26049543, 26049543, 26049543, 26049543, 26049543, 26049543, 26049543, 26049543, 26049543, 26049543, 26049543, 26049543, 26049543, 26370142, 26370142, 26370142, 26370142, 26370142, 26370142, 26253855, 26253855, 26253855, 26253855, 26253855, 26253855, 26253855, 26253855, 26549433, 26049543, 26049543, 26049543, 26049543, 26049543, 26049543, 26049543, 26049543, 26049543, 26049543, 26049543, 26049543, 26049543, 26049543, 26049543, 26370142, 26370142, 26370142, 26370142, 26370142, 26370142, 27778822, 27278932, 27278932, 27278932, 27278932, 27232760, 27232760, 27232760, 27232760, 27232760, 27232760, 27232760, 27232760, 27232760, 27232760, 27232760, 27232760, 27232760, 27232760, 27232760, 27232760, 27232760, 27232760, 27103283, 27103283, 27103283, 27103283, 27103283, 27103283, 27103283, 27103283, 27061067, 26859940, 26859940, 26859940, 26859940, 26859940, 26759908, 26759908, 26759908, 26759908, 26726923, 26726923, 26726923, 26726923, 26695203, 26695203, 26695203, 26695203, 26695203, 26695203, 26695203, 26695203, 26695203, 26695203, 26695203, 26695203, 26695203, 26695203, 26695203, 26615821, 26615821, 26615821, 26615821, 26615821, 26615821, 26615821, 26615821, 26615821, 26615821, 26615821, 26615821, 26615821, 26615821, 26615821, 26706189, 26706189, 26706189, 26706189, 26706189, 26706189, 26706189, 26706189, 26706189, 26645180, 26645180, 26645180, 26645180, 26645180, 26645180, 26645180, 26645180, 26645180, 26645180, 26645180, 26645180, 26645180, 26645180, 26645180, 26645180, 26645180, 26645180, 26645180, 26645180, 26645180, 26645180, 26645180, 26645180, 26645180, 26645180, 26645180, 26645180, 26645180, 26645180, 26645180, 26645180, 26645180, 26645180, 26645180, 26645180, 26645180, 26645180, 26645180, 26645180, 26645180, 26572255, 26572255, 26572255, 26572255, 26572255, 26572255, 26572255, 26572255, 26572255, 26572255, 26572255, 26572255, 27275701, 27072145, 26572255, 26572255, 26572255, 26572255, 26572255, 26572255, 26572255, 26572255, 26572255, 26572255, 26572255, 26572255, 26572255, 26572255, 26572255, 26954498, 26454608, 26454608, 26454608, 26454608, 26454608, 26454608, 26454608, 26454608, 26454608, 26454608, 26454608, 26454608, 26454608, 26454608, 26454608, 3305700338, 27232760, 27232760, 27232760, 27232760, 25916533, 25491349, 25491349, 25491349, 25491349, 25491349, 25491349, 140272418, 26042517, 26042517, 26368885, 26868775, 26368885, 26368885, 26368885, 26368885, 26368885, 31202978, 27766321, 27766321, 27766321, 27766321, 26042517, 25929013, 25929013, 25929013, 25929013, 26542407, 26042517, 26042517, 26042517, 26368885, 28273035, 27773145, 98495133, 27773145, 27773145, 27773145, 27773145, 27773145, 27773145, 27773145, 27685307, 27685307, 27512576, 27512576, 27512576, 27512576, 27512576, 27512576, 27512576, 27512576, 27512576, 27512576, 27512576, 27512576, 27512576, 27512576, 27512576, 27512576, 27512576, 27512576, 27512576, 27278932, 27232760, 27232760, 243616374, 27773145, 27773145, 27773145, 27773145, 27773145, 27773145, 27103283, 27103283, 27603173, 27103283, 27103283, 27103283, 27103283, 27103283, 27103283, 27103283, 27103283, 27103283, 27103283, 27103283, 27103283, 27103283, 27103283, 27103283, 27103283, 27103283, 27103283, 27103283, 27103283, 27103283, 27103283, 27103283, 27103283, 27103283, 27103283, 27103283, 25997827, 25997827, 25997827, 28185197, 27685307, 27512576, 27512576, 27512576, 27512576, 27512576, 27512576, 27512576, 27512576, 27232760, 27232760, 27232760, 27232760, 27232760, 27232760, 211086597, 27278932, 27278932, 27278932, 26699917, 25859550, 25929013, 25929013, 25929013, 25929013, 25929013, 25929013, 25929013, 25929013, 25929013, 25929013, 25929013, 27199807, 26699917, 26699917, 26699917, 26699917, 26699917, 26699917, 26699917, 26699917, 26699917, 26699917, 26699917, 26699917, 26699917, 26699917, 26699917, 26699917, 26699917, 26699917, 26699917, 25884336, 25884336, 25884336, 25884336, 25884336, 25884336, 25884336, 26171806, 26171806, 26171806, 25487317, 25487317, 27786837, 26786947, 26786947, 26786947, 26786947, 26786947, 26699917, 26699917, 26699917, 26699917, 26699917, 26699917, 27497669, 25884336, 25884336, 25884336, 26384226, 25884336, 25954302, 27456477]",0,0,0,SSD,0,77594624,0,77594624,77594624,77594624,1.0,hot,0,0,0,0,1.0,155189248
0,276,meta-llama/Llama-3.1-8B,37,201,27536240722,176639741991,149103501269,142623106439,142903233115,38038454,"[27232760, 27232760, 27232760, 27232760, 319137045, 268370097, 27766321, 27766321, 27766321, 27766321, 289070447, 27773145, 98495133, 27773145, 27773145, 27773145, 27773145, 27773145, 27773145, 27773145, 27685307, 27685307, 27512576, 27512576, 27512576, 27512576, 27512576, 27512576, 27512576, 27512576, 27512576, 27512576, 27512576, 27512576, 27512576, 27512576, 27512576, 27512576, 27512576, 27512576, 27512576, 27278932, 27232760, 27232760, 243616374, 27773145, 27773145, 27773145, 27773145, 27773145, 27773145, 27103283, 27103283, 27603173, 27103283, 27103283, 27103283, 27103283, 27103283, 27103283, 27103283, 27103283, 27103283, 27103283, 27103283, 27103283, 27103283, 27103283, 27103283, 27103283, 27103283, 27103283, 27103283, 27103283, 27103283, 27103283, 27103283, 27103283, 27103283, 27103283, 27103283, 25997827, 25997827, 25997827, 28185197, 27685307, 27512576, 27512576, 27512576, 27512576, 27512576, 27512576, 27512576, 27512576, 27232760, 27232760, 27232760, 27232760, 27232760, 27232760, 211086597, 27278932, 27278932, 27278932, 26699917, 338278500, 26699917, 26699917, 26699917, 26699917, 26699917, 26699917, 26699917, 26699917, 26699917, 26699917, 26699917, 26699917, 26699917, 26699917, 26699917, 26699917, 26699917, 26699917, 26699917, 25884336, 25884336, 25884336, 25884336, 25884336, 25884336, 25884336, 26171806, 26171806, 26171806, 78761471, 26786947, 26786947, 26786947, 26786947, 26786947, 26699917, 26699917, 26699917, 26699917, 26699917, 26699917, 27497669, 25884336, 25884336, 25884336, 26384226, 25884336, 53410779, 164195561, 26956587, 26956587, 26956587, 25649622, 25649622, 25649622, 25649622, 25649622]",0,0,0,NPU,0,0,0,0,0,0,1.0,hot,0,0,0,0,1.0,0
0,277,meta-llama/Llama-3.1-8B,5,170,27641212629,176666501899,149025289270,142518134532,142798261208,37969683,"[27232760, 27232760, 27232760, 27232760, 319137045, 268370097, 27766321, 27766321, 27766321, 27766321, 289070447, 27773145, 98495133, 27773145, 27773145, 27773145, 27773145, 27773145, 27773145, 27773145, 27685307, 27685307, 27512576, 27512576, 27512576, 27512576, 27512576, 27512576, 27512576, 27512576, 27512576, 27512576, 27512576, 27512576, 27512576, 27512576, 27512576, 27512576, 27512576, 27512576, 27512576, 27278932, 27232760, 27232760, 243616374, 27773145, 27773145, 27773145, 27773145, 27773145, 27773145, 27103283, 27103283, 27603173, 27103283, 27103283, 27103283, 27103283, 27103283, 27103283, 27103283, 27103283, 27103283, 27103283, 27103283, 27103283, 27103283, 27103283, 27103283, 27103283, 27103283, 27103283, 27103283, 27103283, 27103283, 27103283, 27103283, 27103283, 27103283, 27103283, 27103283, 25997827, 25997827, 25997827, 28185197, 27685307, 27512576, 27512576, 27512576, 27512576, 27512576, 27512576, 27512576, 27512576, 27232760, 27232760, 27232760, 27232760, 27232760, 27232760, 211086597, 27278932, 27278932, 27278932, 26699917, 338278500, 26699917, 26699917, 26699917, 26699917, 26699917, 26699917, 26699917, 26699917, 26699917, 26699917, 26699917, 26699917, 26699917, 26699917, 26699917, 26699917, 26699917, 26699917, 26699917, 25884336, 25884336, 25884336, 25884336, 25884336, 25884336, 25884336, 26171806, 26171806, 26171806, 78761471, 26786947, 26786947, 26786947, 26786947, 26786947, 26699917, 26699917, 26699917, 26699917, 26699917, 26699917, 27497669, 25884336, 25884336, 25884336, 26384226, 25884336, 53410779, 164195561, 26956587, 26956587, 26956587, 25649622, 25649622, 25649622, 25649622, 25649622, 26759908]",0,0,0,NPU,0,0,0,0,0,0,1.0,hot,0,0,0,0,1.0,0
0,272,meta-llama/Llama-3.1-8B,21,351,26990456373,176795202450,149804746077,130073397530,130107237670,59870846,"[28107904, 28107904, 28107904, 28107904, 28114176, 28114176, 269260299, 1609105235, 1414603262, 27512576, 27512576, 27512576, 74561110, 27512576, 27512576, 27512576, 27512576, 27512576, 27512576, 1732790845, 27278932, 27278932, 27278932, 27278932, 27232760, 27232760, 27232760, 27232760, 27232760, 27232760, 27232760, 27232760, 27232760, 27232760, 27232760, 27232760, 27232760, 27232760, 27232760, 27232760, 27232760, 27232760, 27103283, 27103283, 27103283, 27103283, 27103283, 27103283, 27103283, 27103283, 27061067, 26859940, 26859940, 26859940, 26859940, 26859940, 26759908, 26759908, 26759908, 26759908, 26726923, 26726923, 26726923, 26726923, 26695203, 26695203, 26695203, 26695203, 26695203, 26695203, 26695203, 26695203, 26695203, 26695203, 26695203, 26695203, 26695203, 26695203, 26695203, 26615821, 26615821, 26615821, 26615821, 26615821, 26615821, 26615821, 26615821, 26615821, 26615821, 26615821, 26615821, 26615821, 26615821, 26615821, 26706189, 26706189, 26706189, 26706189, 26706189, 26706189, 26706189, 26706189, 26706189, 26645180, 26645180, 26645180, 26645180, 26645180, 26645180, 26645180, 26645180, 26645180, 26645180, 26645180, 26645180, 26645180, 26645180, 26645180, 26645180, 26645180, 26645180, 26645180, 26645180, 26645180, 26645180, 26645180, 26645180, 26645180, 26645180, 26645180, 26645180, 26645180, 26645180, 26645180, 26645180, 26645180, 26645180, 26645180, 26645180, 26645180, 26645180, 26645180, 26645180, 26645180, 798753229, 26454608, 26454608, 26454608, 26454608, 26454608, 26454608, 26454608, 26454608, 26454608, 26454608, 26454608, 26454608, 26454608, 26454608, 26454608, 3305700338, 27232760, 27232760, 27232760, 27232760, 319137045, 268370097, 27766321, 27766321, 27766321, 27766321, 289070447, 27773145, 98495133, 27773145, 27773145, 27773145, 27773145, 27773145, 27773145, 27773145, 27685307, 27685307, 27512576, 27512576, 27512576, 27512576, 27512576, 27512576, 27512576, 27512576, 27512576, 27512576, 27512576, 27512576, 27512576, 27512576, 27512576, 27512576, 27512576, 27512576, 27512576, 27278932, 27232760, 27232760, 243616374, 27773145, 27773145, 27773145, 27773145, 27773145, 27773145, 27103283, 27103283, 27603173, 27103283, 27103283, 27103283, 27103283, 27103283, 27103283, 27103283, 27103283, 27103283, 27103283, 27103283, 27103283, 27103283, 27103283, 27103283, 27103283, 27103283, 27103283, 27103283, 27103283, 27103283, 27103283, 27103283, 27103283, 27103283, 27103283, 27103283, 25997827, 25997827, 25997827, 28185197, 27685307, 27512576, 27512576, 27512576, 27512576, 27512576, 27512576, 27512576, 27512576, 27232760, 27232760, 27232760, 27232760, 27232760, 27232760, 211086597, 27278932, 27278932, 27278932, 26699917, 338278500, 26699917, 26699917, 26699917, 26699917, 26699917, 26699917, 26699917, 26699917, 26699917, 26699917, 26699917, 26699917, 26699917, 26699917, 26699917, 26699917, 26699917, 26699917, 26699917, 25884336, 25884336, 25884336, 25884336, 25884336, 25884336, 25884336, 26171806, 26171806, 26171806, 78761471, 26786947, 26786947, 26786947, 26786947, 26786947, 26699917, 26699917, 26699917, 26699917, 26699917, 26699917, 27497669, 25884336, 25884336, 25884336, 26384226, 25884336, 25954302, 27456477, 164195561, 26956587, 26956587, 26956587, 25649622, 25649622, 25649622, 25649622, 25649622, 26759908, 76901417, 25649622, 26149512]",0,0,0,SSD,0,4194304,0,4194304,4194304,4194304,1.0,hot,0,0,0,0,1.0,8388608
0,255,meta-llama/Llama-3.1-8B,70,839,24658487581,184437066573,159778578992,119177585576,119245897447,52776929,"[7798173202, 1243089028, 27766321, 27766321, 117235826, 28193675, 28193675, 28193675, 28193675, 28193675, 28193675, 28193675, 753877625, 28272208, 28272208, 28272208, 28272208, 28272208, 28272208, 28272208, 28272208, 28272208, 27761521, 27761521, 27761521, 27761521, 27761521, 27761521, 27761521, 27761521, 27761521, 27761521, 27761521, 27764953, 27764953, 27764953, 27764953, 27773145, 27684411, 27684411, 27684411, 27684411, 27512576, 27512576, 27512576, 27512576, 27512576, 27512576, 27512576, 27512576, 27512576, 27512576, 27278932, 27278932, 27278932, 27278932, 27278932, 27278932, 27278932, 27278932, 27278932, 27278932, 27278932, 27278932, 27278932, 27278932, 27278932, 27278932, 27278932, 27278932, 27278932, 27278932, 27278932, 27278932, 27278932, 27278932, 27278932, 27278932, 27278932, 27278932, 27278932, 27278932, 27278932, 27278932, 27232760, 27232760, 27232760, 27232760, 27232760, 27232760, 27232760, 27232760, 27232760, 27232760, 27232760, 27232760, 27232760, 27232760, 27232760, 27232760, 212545631, 27278932, 50905199, 26786947, 128335649, 189019661, 28107904, 28107904, 28107904, 28107904, 28114176, 28114176, 26859940, 52974508, 26859940, 26859940, 26859940, 26859940, 26859940, 26859940, 28266211, 1450698448, 26044318, 26044318, 26044318, 26044318, 26044318, 28185197, 27278932, 1387324330, 27512576, 27512576, 27512576, 74561110, 27512576, 27512576, 27512576, 27512576, 27512576, 27512576, 1732790845, 27278932, 27278932, 27278932, 27278932, 27232760, 27232760, 27232760, 27232760, 27232760, 27232760, 27232760, 27232760, 27232760, 27232760, 27232760, 27232760, 27232760, 27232760, 27232760, 27232760, 27232760, 27232760, 27103283, 27103283, 27103283, 27103283, 27103283, 27103283, 27103283, 27103283, 27061067, 26859940, 26859940, 26859940, 26859940, 26859940, 26759908, 26759908, 26759908, 26759908, 26726923, 26726923, 26726923, 26726923, 26695203, 26695203, 26695203, 26695203, 26695203, 26695203, 26695203, 26695203, 26695203, 26695203, 26695203, 26695203, 26695203, 26695203, 26695203, 26615821, 26615821, 26615821, 26615821, 26615821, 26615821, 26615821, 26615821, 26615821, 26615821, 26615821, 26615821, 26615821, 26615821, 26615821, 26706189, 26706189, 26706189, 26706189, 26706189, 26706189, 26706189, 26706189, 26706189, 26645180, 26645180, 26645180, 26645180, 26645180, 26645180, 26645180, 26645180, 26645180, 26645180, 26645180, 26645180, 26645180, 26645180, 26645180, 26645180, 26645180, 26645180, 26645180, 26645180, 26645180, 26645180, 26645180, 26645180, 26645180, 26645180, 26645180, 26645180, 26645180, 26645180, 26645180, 26645180, 26645180, 26645180, 26645180, 26645180, 26645180, 26645180, 26645180, 26645180, 26645180, 798753229, 26454608, 26454608, 26454608, 26454608, 26454608, 26454608, 26454608, 26454608, 26454608, 26454608, 26454608, 26454608, 26454608, 26454608, 26454608, 3305700338, 27232760, 27232760, 27232760, 27232760, 25916533, 25491349, 25491349, 25491349, 25491349, 25491349, 25491349, 140272418, 26042517, 26042517, 26368885, 26868775, 26368885, 26368885, 26368885, 26368885, 26368885, 31202978, 27766321, 27766321, 27766321, 27766321, 26042517, 25929013, 25929013, 25929013, 25929013, 26542407, 26042517, 26042517, 26042517, 26368885, 28273035, 27773145, 98495133, 27773145, 27773145, 27773145, 27773145, 27773145, 27773145, 27773145, 27685307, 27685307, 27512576, 27512576, 27512576, 27512576, 27512576, 27512576, 27512576, 27512576, 27512576, 27512576, 27512576, 27512576, 27512576, 27512576, 27512576, 27512576, 27512576, 27512576, 27512576, 27278932, 27232760, 27232760, 243616374, 27773145, 27773145, 27773145, 27773145, 27773145, 27773145, 27103283, 27103283, 27603173, 27103283, 27103283, 27103283, 27103283, 27103283, 27103283, 27103283, 27103283, 27103283, 27103283, 27103283, 27103283, 27103283, 27103283, 27103283, 27103283, 27103283, 27103283, 27103283, 27103283, 27103283, 27103283, 27103283, 27103283, 27103283, 27103283, 27103283, 25997827, 25997827, 25997827, 28185197, 27685307, 27512576, 27512576, 27512576, 27512576, 27512576, 27512576, 27512576, 27512576, 27232760, 27232760, 27232760, 27232760, 27232760, 27232760, 211086597, 27278932, 27278932, 27278932, 26699917, 25859550, 25929013, 25929013, 25929013, 25929013, 25929013, 25929013, 25929013, 25929013, 25929013, 25929013, 25929013, 27199807, 26699917, 26699917, 26699917, 26699917, 26699917, 26699917, 26699917, 26699917, 26699917, 26699917, 26699917, 26699917, 26699917, 26699917, 26699917, 26699917, 26699917, 26699917, 26699917, 25884336, 25884336, 25884336, 25884336, 25884336, 25884336, 25884336, 26171806, 26171806, 26171806, 25487317, 25487317, 27786837, 26786947, 26786947, 26786947, 26786947, 26786947, 26699917, 26699917, 26699917, 26699917, 26699917, 26699917, 27497669, 25884336, 25884336, 25884336, 26384226, 25884336, 25954302, 27456477, 164195561, 26956587, 26956587, 26956587, 25649622, 25649622, 25649622, 25649622, 25649622, 26759908, 76901417, 25649622, 26149512, 27226813, 26726923, 26726923, 26726923, 26726923, 26726923, 26726923, 26726923, 26726923, 26726923, 26726923, 26726923, 26726923, 26726923, 26726923, 27581424, 26971646, 26971646, 26971646, 26971646, 26971646, 26971646, 26971646, 26971646, 26971646, 26971646, 26971646, 26971646, 26971646, 26971646, 26971646, 26971646, 26971646, 26971646, 26971646, 26971646, 26971646, 26971646, 26971646, 26971646, 26971646, 26971646, 26971646, 26971646, 26971646, 26971646, 26971646, 26971646, 26971646, 26971646, 26971646, 26971646, 26971646, 26971646, 26971646, 26971646, 26971646, 26971646, 26971646, 26971646, 26971646, 26971646, 26971646, 26971646, 26971646, 26971646, 26971646, 26971646, 26971646, 26971646, 26971646, 26971646, 26971646, 26971646, 26971646, 26971646, 26971646, 26971646, 26971646, 26971646, 27327454, 27327454, 27327454, 27327454, 27327454, 27327454, 27327454, 27327454, 27327454, 27327454, 27327454, 27327454, 27327454, 27327454, 27327454, 27327454, 27327454, 27327454, 27327454, 27327454, 27327454, 27327454, 27327454, 27327454, 27327454, 27327454, 27327454, 27327454, 27327454, 27327454, 27327454, 27327454, 27327454, 27327454, 27327454, 27327454, 27327454, 27327454, 27327454, 27327454, 27327454, 27327454, 27327454, 27327454, 27327454, 27327454, 27327454, 27327454, 27327454, 27327454, 27327454, 27327454, 27327454, 27327454, 27327454, 27327454, 27327454, 27327454, 27327454, 27327454, 27327454, 27327454, 27327454, 27327454, 27706814, 27706814, 27706814, 27706814, 27706814, 27706814, 27706814, 27706814, 27706814, 27706814, 27706814, 27706814, 27706814, 27706814, 27706814, 27706814, 27706814, 27706814, 27706814, 27706814, 27706814, 27706814, 27706814, 27706814, 27706814, 27706814, 27706814, 27706814, 27706814, 27706814, 27706814, 27706814, 27706814, 27706814, 27706814, 27706814, 27706814, 27706814, 27706814, 27706814, 27706814, 27706814, 27706814, 27706814, 27706814, 27706814, 27706814, 27706814, 27706814, 27706814, 27706814, 27706814, 27706814, 27706814, 27706814, 27706814, 27706814, 27706814, 27706814, 27706814, 27706814, 27706814, 27706814, 27706814, 28044382, 28044382, 28044382, 28044382, 28044382, 28044382, 28044382, 28044382, 28044382, 28044382, 28044382, 28044382, 28044382, 28044382, 28044382, 28044382, 28044382, 28044382, 28044382, 28044382, 28044382, 28044382, 28044382, 28044382, 28044382, 28044382, 28044382, 28044382, 28044382, 28044382, 28044382, 28044382, 28044382, 28044382, 28044382, 28044382, 28044382, 28044382, 28044382, 28044382, 28044382, 28044382, 28044382, 28044382, 28044382, 28044382, 28044382, 28044382, 28044382, 28044382, 28044382, 28044382, 28044382, 28044382, 28044382, 28044382, 28044382, 28044382, 28044382, 28044382, 28044382, 28044382, 28044382, 28044382, 28276670, 28276670, 28276670, 28276670, 28276670, 28276670]",0,0,0,SSD,0,144703488,0,144703488,144703488,144703488,1.0,hot,0,0,0,0,1.0,289406976
0,261,meta-llama/Llama-3.1-8B,13,502,25703843584,184597737681,158893894097,127297336316,127414572142,64506807,"[28193675, 28193675, 28193675, 28193675, 28193675, 28193675, 28193675, 753877625, 28272208, 28272208, 28272208, 28272208, 28272208, 28272208, 28272208, 28272208, 28272208, 27761521, 27761521, 27761521, 27761521, 27761521, 27761521, 27761521, 27761521, 27761521, 27761521, 27761521, 27764953, 27764953, 27764953, 27764953, 27773145, 27684411, 27684411, 27684411, 27684411, 27512576, 27512576, 27512576, 27512576, 27512576, 27512576, 27512576, 27512576, 27512576, 27512576, 27278932, 27278932, 27278932, 27278932, 27278932, 27278932, 27278932, 27278932, 27278932, 27278932, 27278932, 27278932, 27278932, 27278932, 27278932, 27278932, 27278932, 27278932, 27278932, 27278932, 27278932, 27278932, 27278932, 27278932, 27278932, 27278932, 27278932, 27278932, 27278932, 27278932, 27278932, 27278932, 27232760, 27232760, 27232760, 27232760, 27232760, 27232760, 27232760, 27232760, 27232760, 27232760, 27232760, 27232760, 27232760, 27232760, 27232760, 27232760, 212545631, 27278932, 50905199, 344142257, 28107904, 28107904, 28107904, 28107904, 28114176, 28114176, 26859940, 52974508, 26859940, 26859940, 26859940, 26859940, 26859940, 26859940, 28266211, 1609105235, 27278932, 1387324330, 27512576, 27512576, 27512576, 74561110, 27512576, 27512576, 27512576, 27512576, 27512576, 27512576, 1732790845, 27278932, 27278932, 27278932, 27278932, 27232760, 27232760, 27232760, 27232760, 27232760, 27232760, 27232760, 27232760, 27232760, 27232760, 27232760, 27232760, 27232760, 27232760, 27232760, 27232760, 27232760, 27232760, 27103283, 27103283, 27103283, 27103283, 27103283, 27103283, 27103283, 27103283, 27061067, 26859940, 26859940, 26859940, 26859940, 26859940, 26759908, 26759908, 26759908, 26759908, 26726923, 26726923, 26726923, 26726923, 26695203, 26695203, 26695203, 26695203, 26695203, 26695203, 26695203, 26695203, 26695203, 26695203, 26695203, 26695203, 26695203, 26695203, 26695203, 26615821, 26615821, 26615821, 26615821, 26615821, 26615821, 26615821, 26615821, 26615821, 26615821, 26615821, 26615821, 26615821, 26615821, 26615821, 26706189, 26706189, 26706189, 26706189, 26706189, 26706189, 26706189, 26706189, 26706189, 26645180, 26645180, 26645180, 26645180, 26645180, 26645180, 26645180, 26645180, 26645180, 26645180, 26645180, 26645180, 26645180, 26645180, 26645180, 26645180, 26645180, 26645180, 26645180, 26645180, 26645180, 26645180, 26645180, 26645180, 26645180, 26645180, 26645180, 26645180, 26645180, 26645180, 26645180, 26645180, 26645180, 26645180, 26645180, 26645180, 26645180, 26645180, 26645180, 26645180, 26645180, 798753229, 26454608, 26454608, 26454608, 26454608, 26454608, 26454608, 26454608, 26454608, 26454608, 26454608, 26454608, 26454608, 26454608, 26454608, 26454608, 3305700338, 27232760, 27232760, 27232760, 27232760, 25916533, 293220512, 26042517, 26042517, 26368885, 26868775, 26368885, 26368885, 26368885, 26368885, 26368885, 31202978, 27766321, 27766321, 27766321, 27766321, 26042517, 130258459, 26042517, 26042517, 26042517, 26368885, 28273035, 27773145, 98495133, 27773145, 27773145, 27773145, 27773145, 27773145, 27773145, 27773145, 27685307, 27685307, 27512576, 27512576, 27512576, 27512576, 27512576, 27512576, 27512576, 27512576, 27512576, 27512576, 27512576, 27512576, 27512576, 27512576, 27512576, 27512576, 27512576, 27512576, 27512576, 27278932, 27232760, 27232760, 243616374, 27773145, 27773145, 27773145, 27773145, 27773145, 27773145, 27103283, 27103283, 27603173, 27103283, 27103283, 27103283, 27103283, 27103283, 27103283, 27103283, 27103283, 27103283, 27103283, 27103283, 27103283, 27103283, 27103283, 27103283, 27103283, 27103283, 27103283, 27103283, 27103283, 27103283, 27103283, 27103283, 27103283, 27103283, 27103283, 27103283, 25997827, 25997827, 25997827, 28185197, 27685307, 27512576, 27512576, 27512576, 27512576, 27512576, 27512576, 27512576, 27512576, 27232760, 27232760, 27232760, 27232760, 27232760, 27232760, 211086597, 27278932, 27278932, 27278932, 26699917, 25859550, 25929013, 25929013, 25929013, 25929013, 25929013, 25929013, 25929013, 25929013, 25929013, 25929013, 25929013, 27199807, 26699917, 26699917, 26699917, 26699917, 26699917, 26699917, 26699917, 26699917, 26699917, 26699917, 26699917, 26699917, 26699917, 26699917, 26699917, 26699917, 26699917, 26699917, 26699917, 25884336, 25884336, 25884336, 25884336, 25884336, 25884336, 25884336, 26171806, 26171806, 26171806, 25487317, 25487317, 27786837, 26786947, 26786947, 26786947, 26786947, 26786947, 26699917, 26699917, 26699917, 26699917, 26699917, 26699917, 27497669, 25884336, 25884336, 25884336, 26384226, 25884336, 25954302, 27456477, 164195561, 26956587, 26956587, 26956587, 25649622, 25649622, 25649622, 25649622, 25649622, 26759908, 76901417, 25649622, 26149512, 27226813, 26726923, 26726923, 26726923, 26726923, 26726923, 26726923, 26726923, 26726923, 26726923, 26726923, 26726923, 26726923, 26726923, 26726923, 7267655481, 26695203, 26695203, 26695203, 26695203, 26695203]",0,0,0,SSD,0,79691776,0,79691776,79691776,79691776,1.0,hot,0,0,0,0,1.0,159383552
0,288,meta-llama/Llama-3.1-8B,12,174,28504728538,184650969323,156146240785,142599980503,142631183481,83944455,"[27766321, 27766321, 27766321, 27766321, 289070447, 27773145, 98495133, 27773145, 27773145, 27773145, 27773145, 27773145, 27773145, 27773145, 27685307, 27685307, 27512576, 27512576, 27512576, 27512576, 27512576, 27512576, 27512576, 27512576, 27512576, 27512576, 27512576, 27512576, 27512576, 27512576, 27512576, 27512576, 27512576, 27512576, 27512576, 27278932, 27232760, 27232760, 243616374, 27773145, 27773145, 27773145, 27773145, 27773145, 27773145, 27103283, 27103283, 27603173, 27103283, 27103283, 27103283, 27103283, 27103283, 27103283, 27103283, 27103283, 27103283, 27103283, 27103283, 27103283, 27103283, 27103283, 27103283, 27103283, 27103283, 27103283, 27103283, 27103283, 27103283, 27103283, 27103283, 27103283, 27103283, 27103283, 27103283, 106178678, 27685307, 27512576, 27512576, 27512576, 27512576, 27512576, 27512576, 27512576, 27512576, 27232760, 27232760, 27232760, 27232760, 27232760, 27232760, 211086597, 27278932, 27278932, 27278932, 26699917, 338278500, 26699917, 26699917, 26699917, 26699917, 26699917, 26699917, 26699917, 26699917, 26699917, 26699917, 26699917, 26699917, 26699917, 26699917, 26699917, 26699917, 26699917, 26699917, 26699917, 338467241, 26786947, 26786947, 26786947, 26786947, 26786947, 26699917, 26699917, 26699917, 26699917, 26699917, 26699917, 27497669, 183332349, 164195561, 26956587, 26956587, 26956587, 155008018, 76901417, 25649622, 26149512, 27226813, 26726923, 26726923, 26726923, 26726923, 26726923, 26726923, 26726923, 26726923, 26726923, 26726923, 26726923, 26726923, 26726923, 26726923, 7267655481, 26695203, 26695203, 26695203, 26695203, 26695203, 26615821, 26615821]",0,0,0,NPU,0,0,0,0,0,0,1.0,hot,0,0,0,0,1.0,0
0,290,meta-llama/Llama-3.1-8B,439,585,28597189297,185024001843,156426812546,142966631598,143065126731,92149557,"[27773145, 27773145, 27773145, 27773145, 27773145, 27773145, 27773145, 27685307, 27685307, 27512576, 27512576, 27512576, 27512576, 27512576, 27512576, 27512576, 27512576, 27512576, 27512576, 27512576, 27512576, 27512576, 27512576, 27512576, 27512576, 27512576, 27512576, 27512576, 27278932, 27232760, 27232760, 243616374, 27773145, 27773145, 27773145, 27773145, 27773145, 27773145, 27103283, 27103283, 27603173, 27103283, 27103283, 27103283, 27103283, 27103283, 27103283, 27103283, 27103283, 27103283, 27103283, 27103283, 27103283, 27103283, 27103283, 27103283, 27103283, 27103283, 27103283, 27103283, 27103283, 27103283, 27103283, 27103283, 27103283, 27103283, 27103283, 27103283, 106178678, 27685307, 27512576, 27512576, 27512576, 27512576, 27512576, 27512576, 27512576, 27512576, 27232760, 27232760, 27232760, 27232760, 27232760, 27232760, 211086597, 27278932, 27278932, 27278932, 1210744081, 26786947, 26786947, 26786947, 26786947, 26786947, 26699917, 26699917, 26699917, 26699917, 26699917, 26699917, 27497669, 183332349, 164195561, 26956587, 26956587, 26956587, 155008018, 76901417, 79025947, 26726923, 26726923, 26726923, 26726923, 26726923, 26726923, 26726923, 26726923, 26726923, 26726923, 26726923, 26726923, 26726923, 26726923, 7267655481, 26695203, 26695203, 26695203, 26695203, 26695203, 26615821, 26615821, 26645180, 26645180, 26645180, 26645180, 26645180, 26645180, 26645180, 26645180, 26645180, 26645180, 26645180, 26645180, 26645180, 26645180]",0,0,0,SSD,0,69206016,0,69206016,69206016,69206016,1.0,hot,0,0,0,0,1.0,138412032
0,284,meta-llama/Llama-3.1-8B,12,234,28326414910,186081782963,157755368053,142400854594,142541127012,68842719,"[268370097, 27766321, 27766321, 27766321, 27766321, 289070447, 27773145, 98495133, 27773145, 27773145, 27773145, 27773145, 27773145, 27773145, 27773145, 27685307, 27685307, 27512576, 27512576, 27512576, 27512576, 27512576, 27512576, 27512576, 27512576, 27512576, 27512576, 27512576, 27512576, 27512576, 27512576, 27512576, 27512576, 27512576, 27512576, 27512576, 27278932, 27232760, 27232760, 243616374, 27773145, 27773145, 27773145, 27773145, 27773145, 27773145, 27103283, 27103283, 27603173, 27103283, 27103283, 27103283, 27103283, 27103283, 27103283, 27103283, 27103283, 27103283, 27103283, 27103283, 27103283, 27103283, 27103283, 27103283, 27103283, 27103283, 27103283, 27103283, 27103283, 27103283, 27103283, 27103283, 27103283, 27103283, 27103283, 27103283, 106178678, 27685307, 27512576, 27512576, 27512576, 27512576, 27512576, 27512576, 27512576, 27512576, 27232760, 27232760, 27232760, 27232760, 27232760, 27232760, 211086597, 27278932, 27278932, 27278932, 26699917, 338278500, 26699917, 26699917, 26699917, 26699917, 26699917, 26699917, 26699917, 26699917, 26699917, 26699917, 26699917, 26699917, 26699917, 26699917, 26699917, 26699917, 26699917, 26699917, 26699917, 338467241, 26786947, 26786947, 26786947, 26786947, 26786947, 26699917, 26699917, 26699917, 26699917, 26699917, 26699917, 27497669, 183332349, 164195561, 26956587, 26956587, 26956587, 25649622, 25649622, 25649622, 25649622, 25649622, 26759908, 76901417, 25649622, 26149512, 27226813, 26726923, 26726923, 26726923, 26726923, 26726923, 26726923, 26726923, 26726923, 26726923, 26726923, 26726923, 26726923, 26726923, 26726923, 7267655481, 26695203, 26695203, 26695203, 26695203, 26695203, 26615821, 26615821, 26645180, 26645180, 26645180, 26645180, 26645180, 26645180, 26645180, 26645180, 26645180, 26645180, 26645180, 26645180, 26645180, 26645180, 26444528, 26444528, 26444528, 26444528, 26444528, 26444528, 26444528, 26444528, 26444528, 26444528, 26444528, 26444528, 26444528, 26444528, 26444528, 26444528, 26444528, 26444528, 26444528, 26444528, 26444528, 26444528, 26444528, 26444528, 26444528, 26444528, 26444528, 26444528, 26444528, 26444528, 26444528, 26444528, 26444528, 26444528, 26444528, 26444528, 26444528, 26444528, 26444528, 26444528]",0,0,0,NPU,0,0,0,0,0,0,1.0,hot,0,0,0,0,1.0,0
0,280,meta-llama/Llama-3.1-8B,5,252,28141861987,186477783869,158335921882,142017485174,142297611850,65196382,"[27232760, 27232760, 27232760, 27232760, 319137045, 268370097, 27766321, 27766321, 27766321, 27766321, 289070447, 27773145, 98495133, 27773145, 27773145, 27773145, 27773145, 27773145, 27773145, 27773145, 27685307, 27685307, 27512576, 27512576, 27512576, 27512576, 27512576, 27512576, 27512576, 27512576, 27512576, 27512576, 27512576, 27512576, 27512576, 27512576, 27512576, 27512576, 27512576, 27512576, 27512576, 27278932, 27232760, 27232760, 243616374, 27773145, 27773145, 27773145, 27773145, 27773145, 27773145, 27103283, 27103283, 27603173, 27103283, 27103283, 27103283, 27103283, 27103283, 27103283, 27103283, 27103283, 27103283, 27103283, 27103283, 27103283, 27103283, 27103283, 27103283, 27103283, 27103283, 27103283, 27103283, 27103283, 27103283, 27103283, 27103283, 27103283, 27103283, 27103283, 27103283, 106178678, 27685307, 27512576, 27512576, 27512576, 27512576, 27512576, 27512576, 27512576, 27512576, 27232760, 27232760, 27232760, 27232760, 27232760, 27232760, 211086597, 27278932, 27278932, 27278932, 26699917, 338278500, 26699917, 26699917, 26699917, 26699917, 26699917, 26699917, 26699917, 26699917, 26699917, 26699917, 26699917, 26699917, 26699917, 26699917, 26699917, 26699917, 26699917, 26699917, 26699917, 338467241, 26786947, 26786947, 26786947, 26786947, 26786947, 26699917, 26699917, 26699917, 26699917, 26699917, 26699917, 27497669, 25884336, 25884336, 25884336, 26384226, 25884336, 53410779, 164195561, 26956587, 26956587, 26956587, 25649622, 25649622, 25649622, 25649622, 25649622, 26759908, 76901417, 25649622, 26149512, 27226813, 26726923, 26726923, 26726923, 26726923, 26726923, 26726923, 26726923, 26726923, 26726923, 26726923, 26726923, 26726923, 26726923, 26726923, 7267655481, 26695203, 26695203, 26695203, 26695203, 26695203, 26615821, 26615821, 26645180, 26645180, 26645180, 26645180, 26645180, 26645180, 26645180, 26645180, 26645180, 26645180, 26645180, 26645180, 26645180, 26645180, 26444528, 26444528, 26444528, 26444528, 26444528, 26444528, 26444528, 26444528, 26444528, 26444528, 26444528, 26444528, 26444528, 26444528, 26444528, 26444528, 26444528, 26444528, 26444528, 26444528, 26444528, 26444528, 26444528, 26444528, 26444528, 26444528, 26444528, 26444528, 26444528, 26444528, 26444528, 26444528, 26444528, 26444528, 26444528, 26444528, 26444528, 26444528, 26444528, 26444528, 26380886, 26380886, 26380886, 26380886, 26380886, 26380886, 26380886, 26380886, 26380886, 26428822, 26428822, 26428822, 26428822, 26428822, 26428822]",0,0,0,NPU,0,0,0,0,0,0,1.0,hot,0,0,0,0,1.0,0
0,295,meta-llama/Llama-3.1-8B,16,145,28906043546,186531243181,157625199635,143610538507,143854154881,107586287,"[27773145, 27773145, 27773145, 27773145, 27773145, 27773145, 919777058, 27685307, 27512576, 27512576, 27512576, 27512576, 27512576, 27512576, 27512576, 27512576, 27232760, 27232760, 27232760, 27232760, 27232760, 27232760, 211086597, 27278932, 27278932, 27278932, 1532375987, 183332349, 164195561, 26956587, 26956587, 26956587, 155008018, 76901417, 79025947, 26726923, 26726923, 26726923, 26726923, 26726923, 26726923, 26726923, 26726923, 26726923, 26726923, 26726923, 26726923, 26726923, 26726923, 7267655481, 26695203, 26695203, 26695203, 26695203, 26695203, 26615821, 26615821, 26645180, 26645180, 26645180, 26645180, 26645180, 26645180, 26645180, 26645180, 26645180, 26645180, 26645180, 26645180, 26645180, 26645180, 26444528, 26444528, 26444528, 26444528, 26444528, 26444528, 26444528, 26444528, 26444528, 26444528, 26444528, 26444528, 26444528, 26444528, 26444528, 26444528, 26444528, 26444528, 26444528, 26444528, 26444528, 26444528, 26444528, 26444528, 26444528, 26444528, 26444528, 26444528, 26444528, 26444528, 26444528, 26444528, 26444528, 26444528, 26444528, 26444528, 26444528, 26444528, 26444528, 26444528, 26380886, 26380886, 26380886, 26380886, 26380886, 26380886, 26380886, 26380886, 26380886, 26428822, 26428822, 26428822, 26428822, 26428822, 26428822, 26729656, 26729656]",0,0,0,NPU,0,0,0,0,0,0,1.0,hot,0,0,0,0,1.0,0
0,279,meta-llama/Llama-3.1-8B,158,467,27921129640,187953440771,160032311131,142238217521,142518344197,56863529,"[27232760, 27232760, 27232760, 27232760, 319137045, 268370097, 27766321, 27766321, 27766321, 27766321, 289070447, 27773145, 98495133, 27773145, 27773145, 27773145, 27773145, 27773145, 27773145, 27773145, 27685307, 27685307, 27512576, 27512576, 27512576, 27512576, 27512576, 27512576, 27512576, 27512576, 27512576, 27512576, 27512576, 27512576, 27512576, 27512576, 27512576, 27512576, 27512576, 27512576, 27512576, 27278932, 27232760, 27232760, 243616374, 27773145, 27773145, 27773145, 27773145, 27773145, 27773145, 27103283, 27103283, 27603173, 27103283, 27103283, 27103283, 27103283, 27103283, 27103283, 27103283, 27103283, 27103283, 27103283, 27103283, 27103283, 27103283, 27103283, 27103283, 27103283, 27103283, 27103283, 27103283, 27103283, 27103283, 27103283, 27103283, 27103283, 27103283, 27103283, 27103283, 106178678, 27685307, 27512576, 27512576, 27512576, 27512576, 27512576, 27512576, 27512576, 27512576, 27232760, 27232760, 27232760, 27232760, 27232760, 27232760, 211086597, 27278932, 27278932, 27278932, 26699917, 338278500, 26699917, 26699917, 26699917, 26699917, 26699917, 26699917, 26699917, 26699917, 26699917, 26699917, 26699917, 26699917, 26699917, 26699917, 26699917, 26699917, 26699917, 26699917, 26699917, 25884336, 25884336, 25884336, 25884336, 25884336, 25884336, 25884336, 157276889, 26786947, 26786947, 26786947, 26786947, 26786947, 26699917, 26699917, 26699917, 26699917, 26699917, 26699917, 27497669, 25884336, 25884336, 25884336, 26384226, 25884336, 53410779, 164195561, 26956587, 26956587, 26956587, 25649622, 25649622, 25649622, 25649622, 25649622, 26759908, 76901417, 25649622, 26149512, 27226813, 26726923, 26726923, 26726923, 26726923, 26726923, 26726923, 26726923, 26726923, 26726923, 26726923, 26726923, 26726923, 26726923, 26726923, 7267655481, 26695203, 26695203, 26695203, 26695203, 26695203, 26615821, 26615821, 26645180, 26645180, 26645180, 26645180, 26645180, 26645180, 26645180, 26645180, 26645180, 26645180, 26645180, 26645180, 26645180, 26645180, 26444528, 26444528, 26444528, 26444528, 26444528, 26444528, 26444528, 26444528, 26444528, 26444528, 26444528, 26444528, 26444528, 26444528, 26444528, 26444528, 26444528, 26444528, 26444528, 26444528, 26444528, 26444528, 26444528, 26444528, 26444528, 26444528, 26444528, 26444528, 26444528, 26444528, 26444528, 26444528, 26444528, 26444528, 26444528, 26444528, 26444528, 26444528, 26444528, 26444528, 26380886, 26380886, 26380886, 26380886, 26380886, 26380886, 26380886, 26380886, 26380886, 26428822, 26428822, 26428822, 26428822, 26428822, 26428822, 26729656, 26729656, 26820478, 26820478, 26820478, 26820478, 26820478, 26820478, 26820478, 26820478, 26820478, 26820478, 26820478, 26820478, 26820478, 26820478, 26820478, 26820478, 26820478, 26820478, 26820478, 26820478, 26820478, 26820478, 26843454, 26843454, 26843454, 26843454, 26843454, 26843454, 26843454, 26843454, 26843454, 26843454, 26843454, 26843454, 26843454, 26843454, 26843454, 26843454, 26843454, 26843454, 26843454, 26843454, 26843454, 26843454, 26843454, 26843454, 26843454, 26843454, 26843454, 26843454, 26843454, 26843454, 26843454]",0,0,0,NPU,0,0,0,0,0,0,1.0,hot,0,0,0,0,1.0,0
0,278,meta-llama/Llama-3.1-8B,23,345,27762267693,188139452184,160377184491,142397079468,142677206144,55140119,"[27232760, 27232760, 27232760, 27232760, 319137045, 268370097, 27766321, 27766321, 27766321, 27766321, 289070447, 27773145, 98495133, 27773145, 27773145, 27773145, 27773145, 27773145, 27773145, 27773145, 27685307, 27685307, 27512576, 27512576, 27512576, 27512576, 27512576, 27512576, 27512576, 27512576, 27512576, 27512576, 27512576, 27512576, 27512576, 27512576, 27512576, 27512576, 27512576, 27512576, 27512576, 27278932, 27232760, 27232760, 243616374, 27773145, 27773145, 27773145, 27773145, 27773145, 27773145, 27103283, 27103283, 27603173, 27103283, 27103283, 27103283, 27103283, 27103283, 27103283, 27103283, 27103283, 27103283, 27103283, 27103283, 27103283, 27103283, 27103283, 27103283, 27103283, 27103283, 27103283, 27103283, 27103283, 27103283, 27103283, 27103283, 27103283, 27103283, 27103283, 27103283, 25997827, 25997827, 25997827, 28185197, 27685307, 27512576, 27512576, 27512576, 27512576, 27512576, 27512576, 27512576, 27512576, 27232760, 27232760, 27232760, 27232760, 27232760, 27232760, 211086597, 27278932, 27278932, 27278932, 26699917, 338278500, 26699917, 26699917, 26699917, 26699917, 26699917, 26699917, 26699917, 26699917, 26699917, 26699917, 26699917, 26699917, 26699917, 26699917, 26699917, 26699917, 26699917, 26699917, 26699917, 25884336, 25884336, 25884336, 25884336, 25884336, 25884336, 25884336, 26171806, 26171806, 26171806, 78761471, 26786947, 26786947, 26786947, 26786947, 26786947, 26699917, 26699917, 26699917, 26699917, 26699917, 26699917, 27497669, 25884336, 25884336, 25884336, 26384226, 25884336, 53410779, 164195561, 26956587, 26956587, 26956587, 25649622, 25649622, 25649622, 25649622, 25649622, 26759908, 76901417, 25649622, 26149512, 27226813, 26726923, 26726923, 26726923, 26726923, 26726923, 26726923, 26726923, 26726923, 26726923, 26726923, 26726923, 26726923, 26726923, 26726923, 7267655481, 26695203, 26695203, 26695203, 26695203, 26695203, 26615821, 26615821, 26645180, 26645180, 26645180, 26645180, 26645180, 26645180, 26645180, 26645180, 26645180, 26645180, 26645180, 26645180, 26645180, 26645180, 26444528, 26444528, 26444528, 26444528, 26444528, 26444528, 26444528, 26444528, 26444528, 26444528, 26444528, 26444528, 26444528, 26444528, 26444528, 26444528, 26444528, 26444528, 26444528, 26444528, 26444528, 26444528, 26444528, 26444528, 26444528, 26444528, 26444528, 26444528, 26444528, 26444528, 26444528, 26444528, 26444528, 26444528, 26444528, 26444528, 26444528, 26444528, 26444528, 26444528, 26380886, 26380886, 26380886, 26380886, 26380886, 26380886, 26380886, 26380886, 26380886, 26428822, 26428822, 26428822, 26428822, 26428822, 26428822, 26729656, 26729656, 26820478, 26820478, 26820478, 26820478, 26820478, 26820478, 26820478, 26820478, 26820478, 26820478, 26820478, 26820478, 26820478, 26820478, 26820478, 26820478, 26820478, 26820478, 26820478, 26820478, 26820478, 26820478, 26843454, 26843454, 26843454, 26843454, 26843454, 26843454, 26843454, 26843454, 26843454, 26843454, 26843454, 26843454, 26843454, 26843454, 26843454, 26843454, 26843454, 26843454, 26843454, 26843454, 26843454, 26843454, 26843454, 26843454, 26843454, 26843454, 26843454, 26843454, 26843454, 26843454, 26843454, 26573059, 26573059, 26573059, 26573059, 26573059, 26573059, 26573059]",0,0,0,NPU,0,0,0,0,0,0,1.0,hot,0,0,0,0,1.0,0
0,298,meta-llama/Llama-3.1-8B,831,994,29174842101,188218191930,159043349829,147091586458,147255782019,72762764,"[26956587, 26956587, 26956587, 155008018, 76901417, 79025947, 26726923, 26726923, 26726923, 26726923, 26726923, 26726923, 26726923, 26726923, 26726923, 26726923, 26726923, 26726923, 26726923, 26726923, 7267655481, 26695203, 26695203, 26695203, 26695203, 26695203, 26615821, 26615821, 26645180, 26645180, 26645180, 26645180, 26645180, 26645180, 26645180, 26645180, 26645180, 26645180, 26645180, 26645180, 26645180, 26645180, 26444528, 26444528, 26444528, 26444528, 26444528, 26444528, 26444528, 26444528, 26444528, 26444528, 26444528, 26444528, 26444528, 26444528, 26444528, 26444528, 26444528, 26444528, 26444528, 26444528, 26444528, 26444528, 26444528, 26444528, 26444528, 26444528, 26444528, 26444528, 26444528, 26444528, 26444528, 26444528, 26444528, 26444528, 26444528, 26444528, 26444528, 26444528, 26444528, 26444528, 26380886, 26380886, 26380886, 26380886, 26380886, 26380886, 26380886, 26380886, 26380886, 26428822, 26428822, 26428822, 26428822, 26428822, 26428822, 26729656, 26729656, 26820478, 26820478, 26820478, 26820478, 26820478, 26820478, 26820478, 26820478, 26820478, 26820478, 26820478, 26820478, 26820478, 26820478, 26820478, 26820478, 26820478, 26820478, 26820478, 26820478, 26820478, 26820478, 26843454, 26843454, 26843454, 26843454, 26843454, 26843454, 26843454, 26843454, 26843454, 26843454, 26843454, 26843454, 26843454, 26843454, 26843454, 26843454, 26843454, 26843454, 26843454, 26843454, 26843454, 26843454, 26843454, 26843454, 26843454, 26843454, 26843454, 26843454, 26843454, 26843454, 26843454, 26573059, 26573059, 26573059, 26573059, 26573059, 26573059, 26573059, 26246582, 26246582, 26246582]",0,0,0,NPU,0,0,0,0,0,0,1.0,hot,0,0,0,0,1.0,0
0,291,meta-llama/Llama-3.1-8B,761,954,28600995646,188244598186,159643602540,143915586407,144159202781,80647915,"[27773145, 27773145, 27773145, 27773145, 27773145, 27773145, 919777058, 27685307, 27512576, 27512576, 27512576, 27512576, 27512576, 27512576, 27512576, 27512576, 27232760, 27232760, 27232760, 27232760, 27232760, 27232760, 211086597, 27278932, 27278932, 27278932, 1532375987, 183332349, 164195561, 26956587, 26956587, 26956587, 155008018, 76901417, 79025947, 26726923, 26726923, 26726923, 26726923, 26726923, 26726923, 26726923, 26726923, 26726923, 26726923, 26726923, 26726923, 26726923, 26726923, 7267655481, 26695203, 26695203, 26695203, 26695203, 26695203, 26615821, 26615821, 26645180, 26645180, 26645180, 26645180, 26645180, 26645180, 26645180, 26645180, 26645180, 26645180, 26645180, 26645180, 26645180, 26645180, 26444528, 26444528, 26444528, 26444528, 26444528, 26444528, 26444528, 26444528, 26444528, 26444528, 26444528, 26444528, 26444528, 26444528, 26444528, 26444528, 26444528, 26444528, 26444528, 26444528, 26444528, 26444528, 26444528, 26444528, 26444528, 26444528, 26444528, 26444528, 26444528, 26444528, 26444528, 26444528, 26444528, 26444528, 26444528, 26444528, 26444528, 26444528, 26444528, 26444528, 26380886, 26380886, 26380886, 26380886, 26380886, 26380886, 26380886, 26380886, 26380886, 26428822, 26428822, 26428822, 26428822, 26428822, 26428822, 26729656, 26729656, 26820478, 26820478, 26820478, 26820478, 26820478, 26820478, 26820478, 26820478, 26820478, 26820478, 26820478, 26820478, 26820478, 26820478, 26820478, 26820478, 26820478, 26820478, 26820478, 26820478, 26820478, 26820478, 26843454, 26843454, 26843454, 26843454, 26843454, 26843454, 26843454, 26843454, 26843454, 26843454, 26843454, 26843454, 26843454, 26843454, 26843454, 26843454, 26843454, 26843454, 26843454, 26843454, 26843454, 26843454, 26843454, 26843454, 26843454, 26843454, 26843454, 26843454, 26843454, 26843454, 26843454, 26573059, 26573059, 26573059, 26573059, 26573059, 26573059, 26573059, 26246582, 26246582, 26246582, 26406256]",0,0,0,SSD,0,205520896,0,205520896,205520896,205520896,1.0,hot,0,0,0,0,1.0,411041792
0,268,meta-llama/Llama-3.1-8B,66,573,26422034892,188614297294,162192262402,130280611695,130331516894,62965900,"[344142257, 28107904, 28107904, 28107904, 28107904, 28114176, 28114176, 269260299, 1609105235, 27278932, 1387324330, 27512576, 27512576, 27512576, 74561110, 27512576, 27512576, 27512576, 27512576, 27512576, 27512576, 1732790845, 27278932, 27278932, 27278932, 27278932, 27232760, 27232760, 27232760, 27232760, 27232760, 27232760, 27232760, 27232760, 27232760, 27232760, 27232760, 27232760, 27232760, 27232760, 27232760, 27232760, 27232760, 27232760, 27103283, 27103283, 27103283, 27103283, 27103283, 27103283, 27103283, 27103283, 27061067, 26859940, 26859940, 26859940, 26859940, 26859940, 26759908, 26759908, 26759908, 26759908, 26726923, 26726923, 26726923, 26726923, 26695203, 26695203, 26695203, 26695203, 26695203, 26695203, 26695203, 26695203, 26695203, 26695203, 26695203, 26695203, 26695203, 26695203, 26695203, 26615821, 26615821, 26615821, 26615821, 26615821, 26615821, 26615821, 26615821, 26615821, 26615821, 26615821, 26615821, 26615821, 26615821, 26615821, 26706189, 26706189, 26706189, 26706189, 26706189, 26706189, 26706189, 26706189, 26706189, 26645180, 26645180, 26645180, 26645180, 26645180, 26645180, 26645180, 26645180, 26645180, 26645180, 26645180, 26645180, 26645180, 26645180, 26645180, 26645180, 26645180, 26645180, 26645180, 26645180, 26645180, 26645180, 26645180, 26645180, 26645180, 26645180, 26645180, 26645180, 26645180, 26645180, 26645180, 26645180, 26645180, 26645180, 26645180, 26645180, 26645180, 26645180, 26645180, 26645180, 26645180, 798753229, 26454608, 26454608, 26454608, 26454608, 26454608, 26454608, 26454608, 26454608, 26454608, 26454608, 26454608, 26454608, 26454608, 26454608, 26454608, 3305700338, 27232760, 27232760, 27232760, 27232760, 319137045, 268370097, 27766321, 27766321, 27766321, 27766321, 289070447, 27773145, 98495133, 27773145, 27773145, 27773145, 27773145, 27773145, 27773145, 27773145, 27685307, 27685307, 27512576, 27512576, 27512576, 27512576, 27512576, 27512576, 27512576, 27512576, 27512576, 27512576, 27512576, 27512576, 27512576, 27512576, 27512576, 27512576, 27512576, 27512576, 27512576, 27278932, 27232760, 27232760, 243616374, 27773145, 27773145, 27773145, 27773145, 27773145, 27773145, 27103283, 27103283, 27603173, 27103283, 27103283, 27103283, 27103283, 27103283, 27103283, 27103283, 27103283, 27103283, 27103283, 27103283, 27103283, 27103283, 27103283, 27103283, 27103283, 27103283, 27103283, 27103283, 27103283, 27103283, 27103283, 27103283, 27103283, 27103283, 27103283, 27103283, 25997827, 25997827, 25997827, 28185197, 27685307, 27512576, 27512576, 27512576, 27512576, 27512576, 27512576, 27512576, 27512576, 27232760, 27232760, 27232760, 27232760, 27232760, 27232760, 211086597, 27278932, 27278932, 27278932, 26699917, 25859550, 312418950, 26699917, 26699917, 26699917, 26699917, 26699917, 26699917, 26699917, 26699917, 26699917, 26699917, 26699917, 26699917, 26699917, 26699917, 26699917, 26699917, 26699917, 26699917, 26699917, 25884336, 25884336, 25884336, 25884336, 25884336, 25884336, 25884336, 26171806, 26171806, 26171806, 25487317, 25487317, 27786837, 26786947, 26786947, 26786947, 26786947, 26786947, 26699917, 26699917, 26699917, 26699917, 26699917, 26699917, 27497669, 25884336, 25884336, 25884336, 26384226, 25884336, 25954302, 27456477, 164195561, 26956587, 26956587, 26956587, 25649622, 25649622, 25649622, 25649622, 25649622, 26759908, 76901417, 25649622, 26149512, 27226813, 26726923, 26726923, 26726923, 26726923, 26726923, 26726923, 26726923, 26726923, 26726923, 26726923, 26726923, 26726923, 26726923, 26726923, 7267655481, 26695203, 26695203, 26695203, 26695203, 26695203, 26615821, 26615821, 26645180, 26645180, 26645180, 26645180, 26645180, 26645180, 26645180, 26645180, 26645180, 26645180, 26645180, 26645180, 26645180, 26645180, 26444528, 26444528, 26444528, 26444528, 26444528, 26444528, 26444528, 26444528, 26444528, 26444528, 26444528, 26444528, 26444528, 26444528, 26444528, 26444528, 26444528, 26444528, 26444528, 26444528, 26444528, 26444528, 26444528, 26444528, 26444528, 26444528, 26444528, 26444528, 26444528, 26444528, 26444528, 26444528, 26444528, 26444528, 26444528, 26444528, 26444528, 26444528, 26444528, 26444528, 26380886, 26380886, 26380886, 26380886, 26380886, 26380886, 26380886, 26380886, 26380886, 26428822, 26428822, 26428822, 26428822, 26428822, 26428822, 26729656, 26729656, 26820478, 26820478, 26820478, 26820478, 26820478, 26820478, 26820478, 26820478, 26820478, 26820478, 26820478, 26820478, 26820478, 26820478, 26820478, 26820478, 26820478, 26820478, 26820478, 26820478, 26820478, 26820478, 26843454, 26843454, 26843454, 26843454, 26843454, 26843454, 26843454, 26843454, 26843454, 26843454, 26843454, 26843454, 26843454, 26843454, 26843454, 26843454, 26843454, 26843454, 26843454, 26843454, 26843454, 26843454, 26843454, 26843454, 26843454, 26843454, 26843454, 26843454, 26843454, 26843454, 26843454, 26573059, 26573059, 26573059, 26573059, 26573059, 26573059, 26573059, 26246582, 26246582, 26246582, 26406256, 26437374, 26437374, 26437374, 26437374, 26437374, 26437374, 26437374, 26437374, 26366686, 26366686, 26366686, 26366686, 26366686, 26366686]",0,0,0,NPU,0,0,0,0,0,0,1.0,hot,0,0,0,0,1.0,0
0,294,meta-llama/Llama-3.1-8B,516,728,28832178188,188744685234,159912507046,143684403865,143928020239,75755861,"[27773145, 27773145, 27773145, 27773145, 27773145, 27773145, 919777058, 27685307, 27512576, 27512576, 27512576, 27512576, 27512576, 27512576, 27512576, 27512576, 27232760, 27232760, 27232760, 27232760, 27232760, 27232760, 211086597, 27278932, 27278932, 27278932, 1532375987, 183332349, 164195561, 26956587, 26956587, 26956587, 155008018, 76901417, 79025947, 26726923, 26726923, 26726923, 26726923, 26726923, 26726923, 26726923, 26726923, 26726923, 26726923, 26726923, 26726923, 26726923, 26726923, 7267655481, 26695203, 26695203, 26695203, 26695203, 26695203, 26615821, 26615821, 26645180, 26645180, 26645180, 26645180, 26645180, 26645180, 26645180, 26645180, 26645180, 26645180, 26645180, 26645180, 26645180, 26645180, 26444528, 26444528, 26444528, 26444528, 26444528, 26444528, 26444528, 26444528, 26444528, 26444528, 26444528, 26444528, 26444528, 26444528, 26444528, 26444528, 26444528, 26444528, 26444528, 26444528, 26444528, 26444528, 26444528, 26444528, 26444528, 26444528, 26444528, 26444528, 26444528, 26444528, 26444528, 26444528, 26444528, 26444528, 26444528, 26444528, 26444528, 26444528, 26444528, 26444528, 26380886, 26380886, 26380886, 26380886, 26380886, 26380886, 26380886, 26380886, 26380886, 26428822, 26428822, 26428822, 26428822, 26428822, 26428822, 26729656, 26729656, 26820478, 26820478, 26820478, 26820478, 26820478, 26820478, 26820478, 26820478, 26820478, 26820478, 26820478, 26820478, 26820478, 26820478, 26820478, 26820478, 26820478, 26820478, 26820478, 26820478, 26820478, 26820478, 26843454, 26843454, 26843454, 26843454, 26843454, 26843454, 26843454, 26843454, 26843454, 26843454, 26843454, 26843454, 26843454, 26843454, 26843454, 26843454, 26843454, 26843454, 26843454, 26843454, 26843454, 26843454, 26843454, 26843454, 26843454, 26843454, 26843454, 26843454, 26843454, 26843454, 26843454, 26573059, 26573059, 26573059, 26573059, 26573059, 26573059, 26573059, 26246582, 26246582, 26246582, 26406256, 26437374, 26437374, 26437374, 26437374, 26437374, 26437374, 26437374, 26437374, 26366686, 26366686, 26366686, 26366686, 26366686, 26366686, 26077588, 26077588, 26077588, 26077588, 26077588]",0,0,0,NPU,0,0,0,0,0,0,1.0,hot,0,0,0,0,1.0,0
0,283,meta-llama/Llama-3.1-8B,540,864,28240073508,188796377894,160556304386,142487195996,142627468414,55507232,"[268370097, 27766321, 27766321, 27766321, 27766321, 289070447, 27773145, 98495133, 27773145, 27773145, 27773145, 27773145, 27773145, 27773145, 27773145, 27685307, 27685307, 27512576, 27512576, 27512576, 27512576, 27512576, 27512576, 27512576, 27512576, 27512576, 27512576, 27512576, 27512576, 27512576, 27512576, 27512576, 27512576, 27512576, 27512576, 27512576, 27278932, 27232760, 27232760, 243616374, 27773145, 27773145, 27773145, 27773145, 27773145, 27773145, 27103283, 27103283, 27603173, 27103283, 27103283, 27103283, 27103283, 27103283, 27103283, 27103283, 27103283, 27103283, 27103283, 27103283, 27103283, 27103283, 27103283, 27103283, 27103283, 27103283, 27103283, 27103283, 27103283, 27103283, 27103283, 27103283, 27103283, 27103283, 27103283, 27103283, 106178678, 27685307, 27512576, 27512576, 27512576, 27512576, 27512576, 27512576, 27512576, 27512576, 27232760, 27232760, 27232760, 27232760, 27232760, 27232760, 211086597, 27278932, 27278932, 27278932, 26699917, 338278500, 26699917, 26699917, 26699917, 26699917, 26699917, 26699917, 26699917, 26699917, 26699917, 26699917, 26699917, 26699917, 26699917, 26699917, 26699917, 26699917, 26699917, 26699917, 26699917, 338467241, 26786947, 26786947, 26786947, 26786947, 26786947, 26699917, 26699917, 26699917, 26699917, 26699917, 26699917, 27497669, 183332349, 164195561, 26956587, 26956587, 26956587, 25649622, 25649622, 25649622, 25649622, 25649622, 26759908, 76901417, 25649622, 26149512, 27226813, 26726923, 26726923, 26726923, 26726923, 26726923, 26726923, 26726923, 26726923, 26726923, 26726923, 26726923, 26726923, 26726923, 26726923, 7267655481, 26695203, 26695203, 26695203, 26695203, 26695203, 26615821, 26615821, 26645180, 26645180, 26645180, 26645180, 26645180, 26645180, 26645180, 26645180, 26645180, 26645180, 26645180, 26645180, 26645180, 26645180, 26444528, 26444528, 26444528, 26444528, 26444528, 26444528, 26444528, 26444528, 26444528, 26444528, 26444528, 26444528, 26444528, 26444528, 26444528, 26444528, 26444528, 26444528, 26444528, 26444528, 26444528, 26444528, 26444528, 26444528, 26444528, 26444528, 26444528, 26444528, 26444528, 26444528, 26444528, 26444528, 26444528, 26444528, 26444528, 26444528, 26444528, 26444528, 26444528, 26444528, 26380886, 26380886, 26380886, 26380886, 26380886, 26380886, 26380886, 26380886, 26380886, 26428822, 26428822, 26428822, 26428822, 26428822, 26428822, 26729656, 26729656, 26820478, 26820478, 26820478, 26820478, 26820478, 26820478, 26820478, 26820478, 26820478, 26820478, 26820478, 26820478, 26820478, 26820478, 26820478, 26820478, 26820478, 26820478, 26820478, 26820478, 26820478, 26820478, 26843454, 26843454, 26843454, 26843454, 26843454, 26843454, 26843454, 26843454, 26843454, 26843454, 26843454, 26843454, 26843454, 26843454, 26843454, 26843454, 26843454, 26843454, 26843454, 26843454, 26843454, 26843454, 26843454, 26843454, 26843454, 26843454, 26843454, 26843454, 26843454, 26843454, 26843454, 26573059, 26573059, 26573059, 26573059, 26573059, 26573059, 26573059, 26246582, 26246582, 26246582, 26406256, 26437374, 26437374, 26437374, 26437374, 26437374, 26437374, 26437374, 26437374, 26366686, 26366686, 26366686, 26366686, 26366686, 26366686, 26077588, 26077588, 26077588, 26077588, 26077588, 25846330, 25846330]",0,0,0,NPU,0,0,0,0,0,0,1.0,hot,0,0,0,0,1.0,0
0,275,meta-llama/Llama-3.1-8B,6,375,27376145729,189369313268,161993167539,142783201432,143063328108,51439781,"[27232760, 27232760, 27232760, 27232760, 319137045, 268370097, 27766321, 27766321, 27766321, 27766321, 289070447, 27773145, 98495133, 27773145, 27773145, 27773145, 27773145, 27773145, 27773145, 27773145, 27685307, 27685307, 27512576, 27512576, 27512576, 27512576, 27512576, 27512576, 27512576, 27512576, 27512576, 27512576, 27512576, 27512576, 27512576, 27512576, 27512576, 27512576, 27512576, 27512576, 27512576, 27278932, 27232760, 27232760, 243616374, 27773145, 27773145, 27773145, 27773145, 27773145, 27773145, 27103283, 27103283, 27603173, 27103283, 27103283, 27103283, 27103283, 27103283, 27103283, 27103283, 27103283, 27103283, 27103283, 27103283, 27103283, 27103283, 27103283, 27103283, 27103283, 27103283, 27103283, 27103283, 27103283, 27103283, 27103283, 27103283, 27103283, 27103283, 27103283, 27103283, 25997827, 25997827, 25997827, 28185197, 27685307, 27512576, 27512576, 27512576, 27512576, 27512576, 27512576, 27512576, 27512576, 27232760, 27232760, 27232760, 27232760, 27232760, 27232760, 211086597, 27278932, 27278932, 27278932, 26699917, 338278500, 26699917, 26699917, 26699917, 26699917, 26699917, 26699917, 26699917, 26699917, 26699917, 26699917, 26699917, 26699917, 26699917, 26699917, 26699917, 26699917, 26699917, 26699917, 26699917, 25884336, 25884336, 25884336, 25884336, 25884336, 25884336, 25884336, 26171806, 26171806, 26171806, 78761471, 26786947, 26786947, 26786947, 26786947, 26786947, 26699917, 26699917, 26699917, 26699917, 26699917, 26699917, 27497669, 25884336, 25884336, 25884336, 26384226, 25884336, 53410779, 164195561, 26956587, 26956587, 26956587, 25649622, 25649622, 25649622, 25649622, 25649622, 26759908, 76901417, 25649622, 26149512, 27226813, 26726923, 26726923, 26726923, 26726923, 26726923, 26726923, 26726923, 26726923, 26726923, 26726923, 26726923, 26726923, 26726923, 26726923, 7267655481, 26695203, 26695203, 26695203, 26695203, 26695203, 26615821, 26615821, 26645180, 26645180, 26645180, 26645180, 26645180, 26645180, 26645180, 26645180, 26645180, 26645180, 26645180, 26645180, 26645180, 26645180, 26444528, 26444528, 26444528, 26444528, 26444528, 26444528, 26444528, 26444528, 26444528, 26444528, 26444528, 26444528, 26444528, 26444528, 26444528, 26444528, 26444528, 26444528, 26444528, 26444528, 26444528, 26444528, 26444528, 26444528, 26444528, 26444528, 26444528, 26444528, 26444528, 26444528, 26444528, 26444528, 26444528, 26444528, 26444528, 26444528, 26444528, 26444528, 26444528, 26444528, 26380886, 26380886, 26380886, 26380886, 26380886, 26380886, 26380886, 26380886, 26380886, 26428822, 26428822, 26428822, 26428822, 26428822, 26428822, 26729656, 26729656, 26820478, 26820478, 26820478, 26820478, 26820478, 26820478, 26820478, 26820478, 26820478, 26820478, 26820478, 26820478, 26820478, 26820478, 26820478, 26820478, 26820478, 26820478, 26820478, 26820478, 26820478, 26820478, 26843454, 26843454, 26843454, 26843454, 26843454, 26843454, 26843454, 26843454, 26843454, 26843454, 26843454, 26843454, 26843454, 26843454, 26843454, 26843454, 26843454, 26843454, 26843454, 26843454, 26843454, 26843454, 26843454, 26843454, 26843454, 26843454, 26843454, 26843454, 26843454, 26843454, 26843454, 26573059, 26573059, 26573059, 26573059, 26573059, 26573059, 26573059, 26246582, 26246582, 26246582, 26406256, 26437374, 26437374, 26437374, 26437374, 26437374, 26437374, 26437374, 26437374, 26366686, 26366686, 26366686, 26366686, 26366686, 26366686, 26077588, 26077588, 26077588, 26077588, 26077588, 25846330, 25846330, 26042517, 26042517, 26042517, 26042517, 26042517, 26042517, 26042517, 26042517, 26042517, 26042517, 26042517, 26042517, 26042517, 26042517, 26042517, 26042517, 26042517, 26042517, 26042517, 26042517, 26042517, 26042517]",0,0,0,NPU,0,0,0,0,0,0,1.0,hot,0,0,0,0,1.0,0
0,289,meta-llama/Llama-3.1-8B,7,394,28594091791,190640680555,162046588764,142510617250,142541820228,50530488,"[27766321, 27766321, 27766321, 27766321, 289070447, 27773145, 98495133, 27773145, 27773145, 27773145, 27773145, 27773145, 27773145, 27773145, 27685307, 27685307, 27512576, 27512576, 27512576, 27512576, 27512576, 27512576, 27512576, 27512576, 27512576, 27512576, 27512576, 27512576, 27512576, 27512576, 27512576, 27512576, 27512576, 27512576, 27512576, 27278932, 27232760, 27232760, 243616374, 27773145, 27773145, 27773145, 27773145, 27773145, 27773145, 27103283, 27103283, 27603173, 27103283, 27103283, 27103283, 27103283, 27103283, 27103283, 27103283, 27103283, 27103283, 27103283, 27103283, 27103283, 27103283, 27103283, 27103283, 27103283, 27103283, 27103283, 27103283, 27103283, 27103283, 27103283, 27103283, 27103283, 27103283, 27103283, 27103283, 106178678, 27685307, 27512576, 27512576, 27512576, 27512576, 27512576, 27512576, 27512576, 27512576, 27232760, 27232760, 27232760, 27232760, 27232760, 27232760, 211086597, 27278932, 27278932, 27278932, 26699917, 338278500, 26699917, 26699917, 26699917, 26699917, 26699917, 26699917, 26699917, 26699917, 26699917, 26699917, 26699917, 26699917, 26699917, 26699917, 26699917, 26699917, 26699917, 26699917, 26699917, 338467241, 26786947, 26786947, 26786947, 26786947, 26786947, 26699917, 26699917, 26699917, 26699917, 26699917, 26699917, 27497669, 183332349, 164195561, 26956587, 26956587, 26956587, 155008018, 76901417, 79025947, 26726923, 26726923, 26726923, 26726923, 26726923, 26726923, 26726923, 26726923, 26726923, 26726923, 26726923, 26726923, 26726923, 26726923, 7267655481, 26695203, 26695203, 26695203, 26695203, 26695203, 26615821, 26615821, 26645180, 26645180, 26645180, 26645180, 26645180, 26645180, 26645180, 26645180, 26645180, 26645180, 26645180, 26645180, 26645180, 26645180, 26444528, 26444528, 26444528, 26444528, 26444528, 26444528, 26444528, 26444528, 26444528, 26444528, 26444528, 26444528, 26444528, 26444528, 26444528, 26444528, 26444528, 26444528, 26444528, 26444528, 26444528, 26444528, 26444528, 26444528, 26444528, 26444528, 26444528, 26444528, 26444528, 26444528, 26444528, 26444528, 26444528, 26444528, 26444528, 26444528, 26444528, 26444528, 26444528, 26444528, 26380886, 26380886, 26380886, 26380886, 26380886, 26380886, 26380886, 26380886, 26380886, 26428822, 26428822, 26428822, 26428822, 26428822, 26428822, 26729656, 26729656, 26820478, 26820478, 26820478, 26820478, 26820478, 26820478, 26820478, 26820478, 26820478, 26820478, 26820478, 26820478, 26820478, 26820478, 26820478, 26820478, 26820478, 26820478, 26820478, 26820478, 26820478, 26820478, 26843454, 26843454, 26843454, 26843454, 26843454, 26843454, 26843454, 26843454, 26843454, 26843454, 26843454, 26843454, 26843454, 26843454, 26843454, 26843454, 26843454, 26843454, 26843454, 26843454, 26843454, 26843454, 26843454, 26843454, 26843454, 26843454, 26843454, 26843454, 26843454, 26843454, 26843454, 26573059, 26573059, 26573059, 26573059, 26573059, 26573059, 26573059, 26246582, 26246582, 26246582, 26406256, 26437374, 26437374, 26437374, 26437374, 26437374, 26437374, 26437374, 26437374, 26366686, 26366686, 26366686, 26366686, 26366686, 26366686, 26077588, 26077588, 26077588, 26077588, 26077588, 25846330, 25846330, 26042517, 26042517, 26042517, 26042517, 26042517, 26042517, 26042517, 26042517, 26042517, 26042517, 26042517, 26042517, 26042517, 26042517, 26042517, 26042517, 26042517, 26042517, 26042517, 26042517, 26042517, 26042517, 25969703, 25969703, 25969703, 25969703, 25969703, 25969703, 25969703, 25969703, 25969703, 25969703, 25969703, 25969703, 25969703, 25969703, 25969703, 25969703, 25969703, 25969703, 25969703, 25969703, 25969703, 25969703, 25969703, 25969703, 25969703, 25921863, 25921863, 25921863, 25921863, 25921863, 25921863, 25921863, 25921863, 25921863, 25921863, 25921863, 25921863, 25921863, 25921863, 25921863, 25921863, 25921863, 25921863, 25921863, 25921863, 25921863, 25921863, 25921863, 25921863]",0,0,0,SSD,0,18874368,0,18874368,18874368,18874368,1.0,hot,0,0,0,0,1.0,37748736
0,287,meta-llama/Llama-3.1-8B,9,431,28470965472,191502059145,163031093673,142633743569,142664946547,48375646,"[27766321, 27766321, 27766321, 27766321, 289070447, 27773145, 98495133, 27773145, 27773145, 27773145, 27773145, 27773145, 27773145, 27773145, 27685307, 27685307, 27512576, 27512576, 27512576, 27512576, 27512576, 27512576, 27512576, 27512576, 27512576, 27512576, 27512576, 27512576, 27512576, 27512576, 27512576, 27512576, 27512576, 27512576, 27512576, 27278932, 27232760, 27232760, 243616374, 27773145, 27773145, 27773145, 27773145, 27773145, 27773145, 27103283, 27103283, 27603173, 27103283, 27103283, 27103283, 27103283, 27103283, 27103283, 27103283, 27103283, 27103283, 27103283, 27103283, 27103283, 27103283, 27103283, 27103283, 27103283, 27103283, 27103283, 27103283, 27103283, 27103283, 27103283, 27103283, 27103283, 27103283, 27103283, 27103283, 106178678, 27685307, 27512576, 27512576, 27512576, 27512576, 27512576, 27512576, 27512576, 27512576, 27232760, 27232760, 27232760, 27232760, 27232760, 27232760, 211086597, 27278932, 27278932, 27278932, 26699917, 338278500, 26699917, 26699917, 26699917, 26699917, 26699917, 26699917, 26699917, 26699917, 26699917, 26699917, 26699917, 26699917, 26699917, 26699917, 26699917, 26699917, 26699917, 26699917, 26699917, 338467241, 26786947, 26786947, 26786947, 26786947, 26786947, 26699917, 26699917, 26699917, 26699917, 26699917, 26699917, 27497669, 183332349, 164195561, 26956587, 26956587, 26956587, 155008018, 76901417, 25649622, 26149512, 27226813, 26726923, 26726923, 26726923, 26726923, 26726923, 26726923, 26726923, 26726923, 26726923, 26726923, 26726923, 26726923, 26726923, 26726923, 7267655481, 26695203, 26695203, 26695203, 26695203, 26695203, 26615821, 26615821, 26645180, 26645180, 26645180, 26645180, 26645180, 26645180, 26645180, 26645180, 26645180, 26645180, 26645180, 26645180, 26645180, 26645180, 26444528, 26444528, 26444528, 26444528, 26444528, 26444528, 26444528, 26444528, 26444528, 26444528, 26444528, 26444528, 26444528, 26444528, 26444528, 26444528, 26444528, 26444528, 26444528, 26444528, 26444528, 26444528, 26444528, 26444528, 26444528, 26444528, 26444528, 26444528, 26444528, 26444528, 26444528, 26444528, 26444528, 26444528, 26444528, 26444528, 26444528, 26444528, 26444528, 26444528, 26380886, 26380886, 26380886, 26380886, 26380886, 26380886, 26380886, 26380886, 26380886, 26428822, 26428822, 26428822, 26428822, 26428822, 26428822, 26729656, 26729656, 26820478, 26820478, 26820478, 26820478, 26820478, 26820478, 26820478, 26820478, 26820478, 26820478, 26820478, 26820478, 26820478, 26820478, 26820478, 26820478, 26820478, 26820478, 26820478, 26820478, 26820478, 26820478, 26843454, 26843454, 26843454, 26843454, 26843454, 26843454, 26843454, 26843454, 26843454, 26843454, 26843454, 26843454, 26843454, 26843454, 26843454, 26843454, 26843454, 26843454, 26843454, 26843454, 26843454, 26843454, 26843454, 26843454, 26843454, 26843454, 26843454, 26843454, 26843454, 26843454, 26843454, 26573059, 26573059, 26573059, 26573059, 26573059, 26573059, 26573059, 26246582, 26246582, 26246582, 26406256, 26437374, 26437374, 26437374, 26437374, 26437374, 26437374, 26437374, 26437374, 26366686, 26366686, 26366686, 26366686, 26366686, 26366686, 26077588, 26077588, 26077588, 26077588, 26077588, 25846330, 25846330, 26042517, 26042517, 26042517, 26042517, 26042517, 26042517, 26042517, 26042517, 26042517, 26042517, 26042517, 26042517, 26042517, 26042517, 26042517, 26042517, 26042517, 26042517, 26042517, 26042517, 26042517, 26042517, 25969703, 25969703, 25969703, 25969703, 25969703, 25969703, 25969703, 25969703, 25969703, 25969703, 25969703, 25969703, 25969703, 25969703, 25969703, 25969703, 25969703, 25969703, 25969703, 25969703, 25969703, 25969703, 25969703, 25969703, 25969703, 25921863, 25921863, 25921863, 25921863, 25921863, 25921863, 25921863, 25921863, 25921863, 25921863, 25921863, 25921863, 25921863, 25921863, 25921863, 25921863, 25921863, 25921863, 25921863, 25921863, 25921863, 25921863, 25921863, 25921863, 25897854, 25897854, 25897854, 25897854, 25897854, 25897854, 25897854, 25897854, 25897854, 25897854, 25897854, 25897854, 25897854, 25897854, 25897854, 25897854, 26294878, 26294878, 26294878, 26294878, 26294878, 26294878, 26294878, 26294878, 26294878, 26294878, 26294878, 26294878, 26294878, 26294878, 26294878, 26294878, 26294878]",0,0,0,NPU,0,0,0,0,0,0,1.0,hot,0,0,0,0,1.0,0
0,297,meta-llama/Llama-3.1-8B,62,467,29077320140,194342398991,165265078851,145180476690,145391563287,49191870,"[27278932, 27278932, 27278932, 1532375987, 183332349, 164195561, 26956587, 26956587, 26956587, 155008018, 76901417, 79025947, 26726923, 26726923, 26726923, 26726923, 26726923, 26726923, 26726923, 26726923, 26726923, 26726923, 26726923, 26726923, 26726923, 26726923, 7267655481, 26695203, 26695203, 26695203, 26695203, 26695203, 26615821, 26615821, 26645180, 26645180, 26645180, 26645180, 26645180, 26645180, 26645180, 26645180, 26645180, 26645180, 26645180, 26645180, 26645180, 26645180, 26444528, 26444528, 26444528, 26444528, 26444528, 26444528, 26444528, 26444528, 26444528, 26444528, 26444528, 26444528, 26444528, 26444528, 26444528, 26444528, 26444528, 26444528, 26444528, 26444528, 26444528, 26444528, 26444528, 26444528, 26444528, 26444528, 26444528, 26444528, 26444528, 26444528, 26444528, 26444528, 26444528, 26444528, 26444528, 26444528, 26444528, 26444528, 26444528, 26444528, 26380886, 26380886, 26380886, 26380886, 26380886, 26380886, 26380886, 26380886, 26380886, 26428822, 26428822, 26428822, 26428822, 26428822, 26428822, 26729656, 26729656, 26820478, 26820478, 26820478, 26820478, 26820478, 26820478, 26820478, 26820478, 26820478, 26820478, 26820478, 26820478, 26820478, 26820478, 26820478, 26820478, 26820478, 26820478, 26820478, 26820478, 26820478, 26820478, 26843454, 26843454, 26843454, 26843454, 26843454, 26843454, 26843454, 26843454, 26843454, 26843454, 26843454, 26843454, 26843454, 26843454, 26843454, 26843454, 26843454, 26843454, 26843454, 26843454, 26843454, 26843454, 26843454, 26843454, 26843454, 26843454, 26843454, 26843454, 26843454, 26843454, 26843454, 26573059, 26573059, 26573059, 26573059, 26573059, 26573059, 26573059, 26246582, 26246582, 26246582, 26406256, 26437374, 26437374, 26437374, 26437374, 26437374, 26437374, 26437374, 26437374, 26366686, 26366686, 26366686, 26366686, 26366686, 26366686, 26077588, 26077588, 26077588, 26077588, 26077588, 25846330, 25846330, 26042517, 26042517, 26042517, 26042517, 26042517, 26042517, 26042517, 26042517, 26042517, 26042517, 26042517, 26042517, 26042517, 26042517, 26042517, 26042517, 26042517, 26042517, 26042517, 26042517, 26042517, 26042517, 25969703, 25969703, 25969703, 25969703, 25969703, 25969703, 25969703, 25969703, 25969703, 25969703, 25969703, 25969703, 25969703, 25969703, 25969703, 25969703, 25969703, 25969703, 25969703, 25969703, 25969703, 25969703, 25969703, 25969703, 25969703, 25921863, 25921863, 25921863, 25921863, 25921863, 25921863, 25921863, 25921863, 25921863, 25921863, 25921863, 25921863, 25921863, 25921863, 25921863, 25921863, 25921863, 25921863, 25921863, 25921863, 25921863, 25921863, 25921863, 25921863, 25897854, 25897854, 25897854, 25897854, 25897854, 25897854, 25897854, 25897854, 25897854, 25897854, 25897854, 25897854, 25897854, 25897854, 25897854, 25897854, 26294878, 26294878, 26294878, 26294878, 26294878, 26294878, 26294878, 26294878, 26294878, 26294878, 26294878, 26294878, 26294878, 26294878, 26294878, 26294878, 26294878, 25619925, 25619925, 25619925, 25619925, 25619925, 25619925, 25619925, 25619925, 25619925, 25619925, 25619925, 25619925, 25619925, 25619925, 25829685, 25829685, 25829685, 25829685, 25829685, 25829685, 25829685, 25829685, 25829685, 25829685, 25829685, 25829685, 25829685, 25829685, 25829685, 25829685, 25829685, 25829685, 25829685, 25829685, 25829685, 25829685, 25829685, 25829685, 25829685, 25829685, 25829685, 25829685, 25829685, 25829685, 25829685, 25829685, 25829685, 25829685, 25829685, 25829685, 25829685, 25829685, 25829685, 25829685, 25829685, 25829685, 25829685, 25829685, 25829685, 25829685, 25829685, 25829685, 25829685, 25829685, 25829685, 25829685, 25829685, 25829685, 25829685, 25829685, 25829685, 25829685, 25829685, 25829685, 25829685, 25829685, 25829685, 25829685, 25892533, 25892533, 25892533, 25892533, 25892533, 25892533, 25892533, 25892533, 25892533, 25892533, 25892533, 25892533, 25892533, 25892533, 25892533, 25892533, 25892533, 25892533, 25892533, 25892533, 25892533, 25892533, 25892533, 25892533, 25892533, 25892533, 25892533, 25892533, 25892533, 25892533, 25892533, 25892533]",0,0,0,NPU,0,0,0,0,0,0,1.0,hot,0,0,0,0,1.0,0
0,292,meta-llama/Llama-3.1-8B,10,509,28773930782,196228196616,167454265834,143742651271,143986267645,47124494,"[27773145, 27773145, 27773145, 27773145, 27773145, 27773145, 919777058, 27685307, 27512576, 27512576, 27512576, 27512576, 27512576, 27512576, 27512576, 27512576, 27232760, 27232760, 27232760, 27232760, 27232760, 27232760, 211086597, 27278932, 27278932, 27278932, 1532375987, 183332349, 164195561, 26956587, 26956587, 26956587, 155008018, 76901417, 79025947, 26726923, 26726923, 26726923, 26726923, 26726923, 26726923, 26726923, 26726923, 26726923, 26726923, 26726923, 26726923, 26726923, 26726923, 7267655481, 26695203, 26695203, 26695203, 26695203, 26695203, 26615821, 26615821, 26645180, 26645180, 26645180, 26645180, 26645180, 26645180, 26645180, 26645180, 26645180, 26645180, 26645180, 26645180, 26645180, 26645180, 26444528, 26444528, 26444528, 26444528, 26444528, 26444528, 26444528, 26444528, 26444528, 26444528, 26444528, 26444528, 26444528, 26444528, 26444528, 26444528, 26444528, 26444528, 26444528, 26444528, 26444528, 26444528, 26444528, 26444528, 26444528, 26444528, 26444528, 26444528, 26444528, 26444528, 26444528, 26444528, 26444528, 26444528, 26444528, 26444528, 26444528, 26444528, 26444528, 26444528, 26380886, 26380886, 26380886, 26380886, 26380886, 26380886, 26380886, 26380886, 26380886, 26428822, 26428822, 26428822, 26428822, 26428822, 26428822, 26729656, 26729656, 26820478, 26820478, 26820478, 26820478, 26820478, 26820478, 26820478, 26820478, 26820478, 26820478, 26820478, 26820478, 26820478, 26820478, 26820478, 26820478, 26820478, 26820478, 26820478, 26820478, 26820478, 26820478, 26843454, 26843454, 26843454, 26843454, 26843454, 26843454, 26843454, 26843454, 26843454, 26843454, 26843454, 26843454, 26843454, 26843454, 26843454, 26843454, 26843454, 26843454, 26843454, 26843454, 26843454, 26843454, 26843454, 26843454, 26843454, 26843454, 26843454, 26843454, 26843454, 26843454, 26843454, 26573059, 26573059, 26573059, 26573059, 26573059, 26573059, 26573059, 26246582, 26246582, 26246582, 26406256, 26437374, 26437374, 26437374, 26437374, 26437374, 26437374, 26437374, 26437374, 26366686, 26366686, 26366686, 26366686, 26366686, 26366686, 26077588, 26077588, 26077588, 26077588, 26077588, 25846330, 25846330, 26042517, 26042517, 26042517, 26042517, 26042517, 26042517, 26042517, 26042517, 26042517, 26042517, 26042517, 26042517, 26042517, 26042517, 26042517, 26042517, 26042517, 26042517, 26042517, 26042517, 26042517, 26042517, 25969703, 25969703, 25969703, 25969703, 25969703, 25969703, 25969703, 25969703, 25969703, 25969703, 25969703, 25969703, 25969703, 25969703, 25969703, 25969703, 25969703, 25969703, 25969703, 25969703, 25969703, 25969703, 25969703, 25969703, 25969703, 25921863, 25921863, 25921863, 25921863, 25921863, 25921863, 25921863, 25921863, 25921863, 25921863, 25921863, 25921863, 25921863, 25921863, 25921863, 25921863, 25921863, 25921863, 25921863, 25921863, 25921863, 25921863, 25921863, 25921863, 25897854, 25897854, 25897854, 25897854, 25897854, 25897854, 25897854, 25897854, 25897854, 25897854, 25897854, 25897854, 25897854, 25897854, 25897854, 25897854, 26294878, 26294878, 26294878, 26294878, 26294878, 26294878, 26294878, 26294878, 26294878, 26294878, 26294878, 26294878, 26294878, 26294878, 26294878, 26294878, 26294878, 25619925, 25619925, 25619925, 25619925, 25619925, 25619925, 25619925, 25619925, 25619925, 25619925, 25619925, 25619925, 25619925, 25619925, 25829685, 25829685, 25829685, 25829685, 25829685, 25829685, 25829685, 25829685, 25829685, 25829685, 25829685, 25829685, 25829685, 25829685, 25829685, 25829685, 25829685, 25829685, 25829685, 25829685, 25829685, 25829685, 25829685, 25829685, 25829685, 25829685, 25829685, 25829685, 25829685, 25829685, 25829685, 25829685, 25829685, 25829685, 25829685, 25829685, 25829685, 25829685, 25829685, 25829685, 25829685, 25829685, 25829685, 25829685, 25829685, 25829685, 25829685, 25829685, 25829685, 25829685, 25829685, 25829685, 25829685, 25829685, 25829685, 25829685, 25829685, 25829685, 25829685, 25829685, 25829685, 25829685, 25829685, 25829685, 25892533, 25892533, 25892533, 25892533, 25892533, 25892533, 25892533, 25892533, 25892533, 25892533, 25892533, 25892533, 25892533, 25892533, 25892533, 25892533, 25892533, 25892533, 25892533, 25892533, 25892533, 25892533, 25892533, 25892533, 25892533, 25892533, 25892533, 25892533, 25892533, 25892533, 25892533, 25892533, 26572255, 26572255, 26572255, 26572255, 26572255, 26572255, 26572255, 26572255, 26572255, 26572255, 26572255, 26572255, 26572255, 26572255, 26572255, 26572255, 26572255, 26572255, 26572255, 26572255, 26572255, 26572255, 26572255, 26572255, 26572255, 26572255, 26572255, 26572255, 26552895, 26552895, 26552895, 26552895, 26552895, 26552895, 26552895, 26552895, 26552895, 26552895, 26552895, 26552895, 26552895, 26552895, 26552895, 26552895, 26552895, 26552895, 26552895, 26552895, 26552895, 26552895, 26552895, 26552895, 26552895, 26552895, 26552895, 26552895, 26552895, 26552895, 26552895, 26552895, 26552895, 26552895, 26552895, 26552895, 26552895, 26552895, 26552895, 26552895, 26552895, 26552895, 26552895]",0,0,0,NPU,0,0,0,0,0,0,1.0,hot,0,0,0,0,1.0,0
0,299,meta-llama/Llama-3.1-8B,361,924,29183763203,198943716530,169759953327,147482738696,147559640113,39502336,"[79025947, 26726923, 26726923, 26726923, 26726923, 26726923, 26726923, 26726923, 26726923, 26726923, 26726923, 26726923, 26726923, 26726923, 26726923, 7267655481, 26695203, 26695203, 26695203, 26695203, 26695203, 26615821, 26615821, 26645180, 26645180, 26645180, 26645180, 26645180, 26645180, 26645180, 26645180, 26645180, 26645180, 26645180, 26645180, 26645180, 26645180, 26444528, 26444528, 26444528, 26444528, 26444528, 26444528, 26444528, 26444528, 26444528, 26444528, 26444528, 26444528, 26444528, 26444528, 26444528, 26444528, 26444528, 26444528, 26444528, 26444528, 26444528, 26444528, 26444528, 26444528, 26444528, 26444528, 26444528, 26444528, 26444528, 26444528, 26444528, 26444528, 26444528, 26444528, 26444528, 26444528, 26444528, 26444528, 26444528, 26444528, 26380886, 26380886, 26380886, 26380886, 26380886, 26380886, 26380886, 26380886, 26380886, 26428822, 26428822, 26428822, 26428822, 26428822, 26428822, 26729656, 26729656, 26820478, 26820478, 26820478, 26820478, 26820478, 26820478, 26820478, 26820478, 26820478, 26820478, 26820478, 26820478, 26820478, 26820478, 26820478, 26820478, 26820478, 26820478, 26820478, 26820478, 26820478, 26820478, 26843454, 26843454, 26843454, 26843454, 26843454, 26843454, 26843454, 26843454, 26843454, 26843454, 26843454, 26843454, 26843454, 26843454, 26843454, 26843454, 26843454, 26843454, 26843454, 26843454, 26843454, 26843454, 26843454, 26843454, 26843454, 26843454, 26843454, 26843454, 26843454, 26843454, 26843454, 26573059, 26573059, 26573059, 26573059, 26573059, 26573059, 26573059, 26246582, 26246582, 26246582, 26406256, 26437374, 26437374, 26437374, 26437374, 26437374, 26437374, 26437374, 26437374, 26366686, 26366686, 26366686, 26366686, 26366686, 26366686, 26077588, 26077588, 26077588, 26077588, 26077588, 25846330, 25846330, 26042517, 26042517, 26042517, 26042517, 26042517, 26042517, 26042517, 26042517, 26042517, 26042517, 26042517, 26042517, 26042517, 26042517, 26042517, 26042517, 26042517, 26042517, 26042517, 26042517, 26042517, 26042517, 25969703, 25969703, 25969703, 25969703, 25969703, 25969703, 25969703, 25969703, 25969703, 25969703, 25969703, 25969703, 25969703, 25969703, 25969703, 25969703, 25969703, 25969703, 25969703, 25969703, 25969703, 25969703, 25969703, 25969703, 25969703, 25921863, 25921863, 25921863, 25921863, 25921863, 25921863, 25921863, 25921863, 25921863, 25921863, 25921863, 25921863, 25921863, 25921863, 25921863, 25921863, 25921863, 25921863, 25921863, 25921863, 25921863, 25921863, 25921863, 25921863, 25897854, 25897854, 25897854, 25897854, 25897854, 25897854, 25897854, 25897854, 25897854, 25897854, 25897854, 25897854, 25897854, 25897854, 25897854, 25897854, 26294878, 26294878, 26294878, 26294878, 26294878, 26294878, 26294878, 26294878, 26294878, 26294878, 26294878, 26294878, 26294878, 26294878, 26294878, 26294878, 26294878, 25619925, 25619925, 25619925, 25619925, 25619925, 25619925, 25619925, 25619925, 25619925, 25619925, 25619925, 25619925, 25619925, 25619925, 25829685, 25829685, 25829685, 25829685, 25829685, 25829685, 25829685, 25829685, 25829685, 25829685, 25829685, 25829685, 25829685, 25829685, 25829685, 25829685, 25829685, 25829685, 25829685, 25829685, 25829685, 25829685, 25829685, 25829685, 25829685, 25829685, 25829685, 25829685, 25829685, 25829685, 25829685, 25829685, 25829685, 25829685, 25829685, 25829685, 25829685, 25829685, 25829685, 25829685, 25829685, 25829685, 25829685, 25829685, 25829685, 25829685, 25829685, 25829685, 25829685, 25829685, 25829685, 25829685, 25829685, 25829685, 25829685, 25829685, 25829685, 25829685, 25829685, 25829685, 25829685, 25829685, 25829685, 25829685, 25892533, 25892533, 25892533, 25892533, 25892533, 25892533, 25892533, 25892533, 25892533, 25892533, 25892533, 25892533, 25892533, 25892533, 25892533, 25892533, 25892533, 25892533, 25892533, 25892533, 25892533, 25892533, 25892533, 25892533, 25892533, 25892533, 25892533, 25892533, 25892533, 25892533, 25892533, 25892533, 26572255, 26572255, 26572255, 26572255, 26572255, 26572255, 26572255, 26572255, 26572255, 26572255, 26572255, 26572255, 26572255, 26572255, 26572255, 26572255, 26572255, 26572255, 26572255, 26572255, 26572255, 26572255, 26572255, 26572255, 26572255, 26572255, 26572255, 26572255, 26552895, 26552895, 26552895, 26552895, 26552895, 26552895, 26552895, 26552895, 26552895, 26552895, 26552895, 26552895, 26552895, 26552895, 26552895, 26552895, 26552895, 26552895, 26552895, 26552895, 26552895, 26552895, 26552895, 26552895, 26552895, 26552895, 26552895, 26552895, 26552895, 26552895, 26552895, 26552895, 26552895, 26552895, 26552895, 26552895, 26552895, 26552895, 26552895, 26552895, 26552895, 26552895, 26552895, 27555797, 27555797, 27555797, 27555797, 27555797, 27555797, 27555797, 27555797, 27555797, 27555797, 27555797, 27555797, 27555797, 27555797, 27555797, 27555797, 27555797, 27555797, 27555797, 27555797, 27555797, 27555797, 27555797, 27555797, 27555797, 27555797, 27555797, 27757525, 27757525, 27757525, 27757525, 27757525, 27757525, 27757525, 27757525, 27757525, 27757525, 27757525, 27757525, 27757525, 27757525, 27757525, 27757525, 27757525, 27757525, 27757525, 27757525, 27757525, 27757525, 27757525, 27757525, 27757525, 27757525, 27757525, 27757525, 27757525, 27757525, 27757525, 27757525, 27757525, 27757525, 27757525, 27757525, 27757525, 27757525, 27757525, 27757525, 27757525, 27757525, 27757525, 27757525, 27757525, 27757525, 27757525, 27757525, 27757525, 27757525, 27757525, 27757525, 27757525, 27757525, 27757525, 27757525, 27757525, 27757525, 27757525, 27757525, 27757525, 27757525, 27757525, 27757525, 27861685, 27861685, 27861685, 27861685, 27861685, 27861685, 27861685]",0,0,0,NPU,0,0,0,0,0,0,1.0,hot,0,0,0,0,1.0,0
0,282,meta-llama/Llama-3.1-8B,8,721,28230203905,198971136653,170740932748,141929143256,142209269932,40072560,"[27232760, 27232760, 27232760, 27232760, 319137045, 268370097, 27766321, 27766321, 27766321, 27766321, 289070447, 27773145, 98495133, 27773145, 27773145, 27773145, 27773145, 27773145, 27773145, 27773145, 27685307, 27685307, 27512576, 27512576, 27512576, 27512576, 27512576, 27512576, 27512576, 27512576, 27512576, 27512576, 27512576, 27512576, 27512576, 27512576, 27512576, 27512576, 27512576, 27512576, 27512576, 27278932, 27232760, 27232760, 243616374, 27773145, 27773145, 27773145, 27773145, 27773145, 27773145, 27103283, 27103283, 27603173, 27103283, 27103283, 27103283, 27103283, 27103283, 27103283, 27103283, 27103283, 27103283, 27103283, 27103283, 27103283, 27103283, 27103283, 27103283, 27103283, 27103283, 27103283, 27103283, 27103283, 27103283, 27103283, 27103283, 27103283, 27103283, 27103283, 27103283, 106178678, 27685307, 27512576, 27512576, 27512576, 27512576, 27512576, 27512576, 27512576, 27512576, 27232760, 27232760, 27232760, 27232760, 27232760, 27232760, 211086597, 27278932, 27278932, 27278932, 26699917, 338278500, 26699917, 26699917, 26699917, 26699917, 26699917, 26699917, 26699917, 26699917, 26699917, 26699917, 26699917, 26699917, 26699917, 26699917, 26699917, 26699917, 26699917, 26699917, 26699917, 338467241, 26786947, 26786947, 26786947, 26786947, 26786947, 26699917, 26699917, 26699917, 26699917, 26699917, 26699917, 27497669, 183332349, 164195561, 26956587, 26956587, 26956587, 25649622, 25649622, 25649622, 25649622, 25649622, 26759908, 76901417, 25649622, 26149512, 27226813, 26726923, 26726923, 26726923, 26726923, 26726923, 26726923, 26726923, 26726923, 26726923, 26726923, 26726923, 26726923, 26726923, 26726923, 7267655481, 26695203, 26695203, 26695203, 26695203, 26695203, 26615821, 26615821, 26645180, 26645180, 26645180, 26645180, 26645180, 26645180, 26645180, 26645180, 26645180, 26645180, 26645180, 26645180, 26645180, 26645180, 26444528, 26444528, 26444528, 26444528, 26444528, 26444528, 26444528, 26444528, 26444528, 26444528, 26444528, 26444528, 26444528, 26444528, 26444528, 26444528, 26444528, 26444528, 26444528, 26444528, 26444528, 26444528, 26444528, 26444528, 26444528, 26444528, 26444528, 26444528, 26444528, 26444528, 26444528, 26444528, 26444528, 26444528, 26444528, 26444528, 26444528, 26444528, 26444528, 26444528, 26380886, 26380886, 26380886, 26380886, 26380886, 26380886, 26380886, 26380886, 26380886, 26428822, 26428822, 26428822, 26428822, 26428822, 26428822, 26729656, 26729656, 26820478, 26820478, 26820478, 26820478, 26820478, 26820478, 26820478, 26820478, 26820478, 26820478, 26820478, 26820478, 26820478, 26820478, 26820478, 26820478, 26820478, 26820478, 26820478, 26820478, 26820478, 26820478, 26843454, 26843454, 26843454, 26843454, 26843454, 26843454, 26843454, 26843454, 26843454, 26843454, 26843454, 26843454, 26843454, 26843454, 26843454, 26843454, 26843454, 26843454, 26843454, 26843454, 26843454, 26843454, 26843454, 26843454, 26843454, 26843454, 26843454, 26843454, 26843454, 26843454, 26843454, 26573059, 26573059, 26573059, 26573059, 26573059, 26573059, 26573059, 26246582, 26246582, 26246582, 26406256, 26437374, 26437374, 26437374, 26437374, 26437374, 26437374, 26437374, 26437374, 26366686, 26366686, 26366686, 26366686, 26366686, 26366686, 26077588, 26077588, 26077588, 26077588, 26077588, 25846330, 25846330, 26042517, 26042517, 26042517, 26042517, 26042517, 26042517, 26042517, 26042517, 26042517, 26042517, 26042517, 26042517, 26042517, 26042517, 26042517, 26042517, 26042517, 26042517, 26042517, 26042517, 26042517, 26042517, 25969703, 25969703, 25969703, 25969703, 25969703, 25969703, 25969703, 25969703, 25969703, 25969703, 25969703, 25969703, 25969703, 25969703, 25969703, 25969703, 25969703, 25969703, 25969703, 25969703, 25969703, 25969703, 25969703, 25969703, 25969703, 25921863, 25921863, 25921863, 25921863, 25921863, 25921863, 25921863, 25921863, 25921863, 25921863, 25921863, 25921863, 25921863, 25921863, 25921863, 25921863, 25921863, 25921863, 25921863, 25921863, 25921863, 25921863, 25921863, 25921863, 25897854, 25897854, 25897854, 25897854, 25897854, 25897854, 25897854, 25897854, 25897854, 25897854, 25897854, 25897854, 25897854, 25897854, 25897854, 25897854, 26294878, 26294878, 26294878, 26294878, 26294878, 26294878, 26294878, 26294878, 26294878, 26294878, 26294878, 26294878, 26294878, 26294878, 26294878, 26294878, 26294878, 25619925, 25619925, 25619925, 25619925, 25619925, 25619925, 25619925, 25619925, 25619925, 25619925, 25619925, 25619925, 25619925, 25619925, 25829685, 25829685, 25829685, 25829685, 25829685, 25829685, 25829685, 25829685, 25829685, 25829685, 25829685, 25829685, 25829685, 25829685, 25829685, 25829685, 25829685, 25829685, 25829685, 25829685, 25829685, 25829685, 25829685, 25829685, 25829685, 25829685, 25829685, 25829685, 25829685, 25829685, 25829685, 25829685, 25829685, 25829685, 25829685, 25829685, 25829685, 25829685, 25829685, 25829685, 25829685, 25829685, 25829685, 25829685, 25829685, 25829685, 25829685, 25829685, 25829685, 25829685, 25829685, 25829685, 25829685, 25829685, 25829685, 25829685, 25829685, 25829685, 25829685, 25829685, 25829685, 25829685, 25829685, 25829685, 25892533, 25892533, 25892533, 25892533, 25892533, 25892533, 25892533, 25892533, 25892533, 25892533, 25892533, 25892533, 25892533, 25892533, 25892533, 25892533, 25892533, 25892533, 25892533, 25892533, 25892533, 25892533, 25892533, 25892533, 25892533, 25892533, 25892533, 25892533, 25892533, 25892533, 25892533, 25892533, 26572255, 26572255, 26572255, 26572255, 26572255, 26572255, 26572255, 26572255, 26572255, 26572255, 26572255, 26572255, 26572255, 26572255, 26572255, 26572255, 26572255, 26572255, 26572255, 26572255, 26572255, 26572255, 26572255, 26572255, 26572255, 26572255, 26572255, 26572255, 26552895, 26552895, 26552895, 26552895, 26552895, 26552895, 26552895, 26552895, 26552895, 26552895, 26552895, 26552895, 26552895, 26552895, 26552895, 26552895, 26552895, 26552895, 26552895, 26552895, 26552895, 26552895, 26552895, 26552895, 26552895, 26552895, 26552895, 26552895, 26552895, 26552895, 26552895, 26552895, 26552895, 26552895, 26552895, 26552895, 26552895, 26552895, 26552895, 26552895, 26552895, 26552895, 26552895, 27555797, 27555797, 27555797, 27555797, 27555797, 27555797, 27555797, 27555797, 27555797, 27555797, 27555797, 27555797, 27555797, 27555797, 27555797, 27555797, 27555797, 27555797, 27555797, 27555797, 27555797, 27555797, 27555797, 27555797, 27555797, 27555797, 27555797, 27757525, 27757525, 27757525, 27757525, 27757525, 27757525, 27757525, 27757525, 27757525, 27757525, 27757525, 27757525, 27757525, 27757525, 27757525, 27757525, 27757525, 27757525, 27757525, 27757525, 27757525, 27757525, 27757525, 27757525, 27757525, 27757525, 27757525, 27757525, 27757525, 27757525, 27757525, 27757525, 27757525, 27757525, 27757525, 27757525, 27757525, 27757525, 27757525, 27757525, 27757525, 27757525, 27757525, 27757525, 27757525, 27757525, 27757525, 27757525, 27757525, 27757525, 27757525, 27757525, 27757525, 27757525, 27757525, 27757525, 27757525, 27757525, 27757525, 27757525, 27757525, 27757525, 27757525, 27757525, 27861685, 27861685, 27861685, 27861685, 27861685, 27861685, 27861685, 27420123]",0,0,0,SSD,0,18874368,0,18874368,18874368,18874368,1.0,hot,0,0,0,0,1.0,37748736
0,296,meta-llama/Llama-3.1-8B,1071,1838,29053008340,205323572013,176270563673,145204788490,145415875087,40280272,"[27278932, 27278932, 27278932, 1532375987, 183332349, 164195561, 26956587, 26956587, 26956587, 155008018, 76901417, 79025947, 26726923, 26726923, 26726923, 26726923, 26726923, 26726923, 26726923, 26726923, 26726923, 26726923, 26726923, 26726923, 26726923, 26726923, 7267655481, 26695203, 26695203, 26695203, 26695203, 26695203, 26615821, 26615821, 26645180, 26645180, 26645180, 26645180, 26645180, 26645180, 26645180, 26645180, 26645180, 26645180, 26645180, 26645180, 26645180, 26645180, 26444528, 26444528, 26444528, 26444528, 26444528, 26444528, 26444528, 26444528, 26444528, 26444528, 26444528, 26444528, 26444528, 26444528, 26444528, 26444528, 26444528, 26444528, 26444528, 26444528, 26444528, 26444528, 26444528, 26444528, 26444528, 26444528, 26444528, 26444528, 26444528, 26444528, 26444528, 26444528, 26444528, 26444528, 26444528, 26444528, 26444528, 26444528, 26444528, 26444528, 26380886, 26380886, 26380886, 26380886, 26380886, 26380886, 26380886, 26380886, 26380886, 26428822, 26428822, 26428822, 26428822, 26428822, 26428822, 26729656, 26729656, 26820478, 26820478, 26820478, 26820478, 26820478, 26820478, 26820478, 26820478, 26820478, 26820478, 26820478, 26820478, 26820478, 26820478, 26820478, 26820478, 26820478, 26820478, 26820478, 26820478, 26820478, 26820478, 26843454, 26843454, 26843454, 26843454, 26843454, 26843454, 26843454, 26843454, 26843454, 26843454, 26843454, 26843454, 26843454, 26843454, 26843454, 26843454, 26843454, 26843454, 26843454, 26843454, 26843454, 26843454, 26843454, 26843454, 26843454, 26843454, 26843454, 26843454, 26843454, 26843454, 26843454, 26573059, 26573059, 26573059, 26573059, 26573059, 26573059, 26573059, 26246582, 26246582, 26246582, 26406256, 26437374, 26437374, 26437374, 26437374, 26437374, 26437374, 26437374, 26437374, 26366686, 26366686, 26366686, 26366686, 26366686, 26366686, 26077588, 26077588, 26077588, 26077588, 26077588, 25846330, 25846330, 26042517, 26042517, 26042517, 26042517, 26042517, 26042517, 26042517, 26042517, 26042517, 26042517, 26042517, 26042517, 26042517, 26042517, 26042517, 26042517, 26042517, 26042517, 26042517, 26042517, 26042517, 26042517, 25969703, 25969703, 25969703, 25969703, 25969703, 25969703, 25969703, 25969703, 25969703, 25969703, 25969703, 25969703, 25969703, 25969703, 25969703, 25969703, 25969703, 25969703, 25969703, 25969703, 25969703, 25969703, 25969703, 25969703, 25969703, 25921863, 25921863, 25921863, 25921863, 25921863, 25921863, 25921863, 25921863, 25921863, 25921863, 25921863, 25921863, 25921863, 25921863, 25921863, 25921863, 25921863, 25921863, 25921863, 25921863, 25921863, 25921863, 25921863, 25921863, 25897854, 25897854, 25897854, 25897854, 25897854, 25897854, 25897854, 25897854, 25897854, 25897854, 25897854, 25897854, 25897854, 25897854, 25897854, 25897854, 26294878, 26294878, 26294878, 26294878, 26294878, 26294878, 26294878, 26294878, 26294878, 26294878, 26294878, 26294878, 26294878, 26294878, 26294878, 26294878, 26294878, 25619925, 25619925, 25619925, 25619925, 25619925, 25619925, 25619925, 25619925, 25619925, 25619925, 25619925, 25619925, 25619925, 25619925, 25829685, 25829685, 25829685, 25829685, 25829685, 25829685, 25829685, 25829685, 25829685, 25829685, 25829685, 25829685, 25829685, 25829685, 25829685, 25829685, 25829685, 25829685, 25829685, 25829685, 25829685, 25829685, 25829685, 25829685, 25829685, 25829685, 25829685, 25829685, 25829685, 25829685, 25829685, 25829685, 25829685, 25829685, 25829685, 25829685, 25829685, 25829685, 25829685, 25829685, 25829685, 25829685, 25829685, 25829685, 25829685, 25829685, 25829685, 25829685, 25829685, 25829685, 25829685, 25829685, 25829685, 25829685, 25829685, 25829685, 25829685, 25829685, 25829685, 25829685, 25829685, 25829685, 25829685, 25829685, 25892533, 25892533, 25892533, 25892533, 25892533, 25892533, 25892533, 25892533, 25892533, 25892533, 25892533, 25892533, 25892533, 25892533, 25892533, 25892533, 25892533, 25892533, 25892533, 25892533, 25892533, 25892533, 25892533, 25892533, 25892533, 25892533, 25892533, 25892533, 25892533, 25892533, 25892533, 25892533, 26572255, 26572255, 26572255, 26572255, 26572255, 26572255, 26572255, 26572255, 26572255, 26572255, 26572255, 26572255, 26572255, 26572255, 26572255, 26572255, 26572255, 26572255, 26572255, 26572255, 26572255, 26572255, 26572255, 26572255, 26572255, 26572255, 26572255, 26572255, 26552895, 26552895, 26552895, 26552895, 26552895, 26552895, 26552895, 26552895, 26552895, 26552895, 26552895, 26552895, 26552895, 26552895, 26552895, 26552895, 26552895, 26552895, 26552895, 26552895, 26552895, 26552895, 26552895, 26552895, 26552895, 26552895, 26552895, 26552895, 26552895, 26552895, 26552895, 26552895, 26552895, 26552895, 26552895, 26552895, 26552895, 26552895, 26552895, 26552895, 26552895, 26552895, 26552895, 27555797, 27555797, 27555797, 27555797, 27555797, 27555797, 27555797, 27555797, 27555797, 27555797, 27555797, 27555797, 27555797, 27555797, 27555797, 27555797, 27555797, 27555797, 27555797, 27555797, 27555797, 27555797, 27555797, 27555797, 27555797, 27555797, 27555797, 27757525, 27757525, 27757525, 27757525, 27757525, 27757525, 27757525, 27757525, 27757525, 27757525, 27757525, 27757525, 27757525, 27757525, 27757525, 27757525, 27757525, 27757525, 27757525, 27757525, 27757525, 27757525, 27757525, 27757525, 27757525, 27757525, 27757525, 27757525, 27757525, 27757525, 27757525, 27757525, 27757525, 27757525, 27757525, 27757525, 27757525, 27757525, 27757525, 27757525, 27757525, 27757525, 27757525, 27757525, 27757525, 27757525, 27757525, 27757525, 27757525, 27757525, 27757525, 27757525, 27757525, 27757525, 27757525, 27757525, 27757525, 27757525, 27757525, 27757525, 27757525, 27757525, 27757525, 27757525, 27861685, 27861685, 27861685, 27861685, 27861685, 27861685, 27861685, 27420123, 32509598, 32509598, 32509598, 32509598, 32509598, 32509598, 32509598, 32509598, 32509598, 32509598, 32509598, 32509598, 32509598, 32509598, 32509598, 32509598, 32509598, 32509598, 32509598, 32854654, 32854654, 32854654, 32854654, 32854654, 32854654, 32854654, 32854654, 32854654, 32854654, 32854654, 32854654, 32854654, 32854654, 32854654, 32854654, 32854654, 32854654, 32854654, 32854654, 32854654, 32854654, 32854654, 32854654, 32854654, 32854654, 32854654, 32854654, 32854654, 32854654, 32854654, 32854654, 32854654, 32854654, 32854654, 32854654, 32854654, 32854654, 32854654, 32854654, 32854654, 32854654, 32854654, 32854654, 32854654, 32854654, 32854654, 32854654, 32854654, 32854654, 32854654, 32854654, 32854654, 32854654, 32854654, 32854654, 32854654, 32854654, 32854654, 32854654, 32854654, 32854654, 32854654, 32854654, 33187198, 33187198, 33187198, 33187198, 33187198, 33187198, 33187198, 33187198, 33187198, 33187198, 33187198, 33187198, 33187198, 33187198, 33187198, 33187198, 33187198, 33187198, 33187198, 33187198, 33187198, 33187198, 33187198, 33187198, 33187198, 33187198, 33187198, 33187198, 33187198, 33187198, 33187198, 33187198, 33187198, 33187198, 33187198, 33187198, 33187198, 33187198, 33187198, 33187198, 33187198, 33187198, 33187198, 33187198, 33187198, 33187198, 33187198, 33187198, 33187198, 33187198, 33187198, 33187198, 33187198, 33187198, 33187198, 33187198, 33187198, 33187198, 33187198, 33187198, 33187198, 33187198, 33187198, 33187198, 33512766, 33512766, 33512766, 33512766, 33512766, 33512766, 33512766, 33512766, 33512766, 33512766, 33512766, 33512766, 33512766, 33512766, 33512766, 33512766, 33512766, 33512766, 33512766, 33512766, 33512766, 33512766, 33512766, 33512766, 33512766, 33512766, 33512766, 33512766, 33512766, 33512766, 33512766, 33512766, 33512766, 33512766, 33512766, 33512766, 33512766, 33512766, 33512766, 33512766, 33512766, 33512766, 33512766, 33512766, 33512766]",0,0,0,NPU,0,0,0,0,0,0,1.0,hot,0,0,0,0,1.0,0
