instance id,request id,model,input,output,arrival,end_time,latency,queuing_delay,TTFT,TPOT,ITL,npu_cache_hit,storage_cache_hit,prefix_cache_hit,tier_reload_source,evict_npu_to_cpu_bytes,evict_npu_to_cxl_bytes,load_cpu_to_npu_bytes,load_cxl_to_npu_bytes,evict_raw_bytes,evict_stored_bytes,evict_compression_ratio,harp_state_final,harp_stall_time_ns,harp_stall_events,harp_shadow_hit_tokens,harp_decode_tokens,harp_shadow_ratio,tier_transition_bytes_total
0,4,meta-llama/Llama-3.1-8B,27,55,587870262,1618421347,1030551085,4925957,33473580,36928796,"[26802818, 25052199, 25052199, 25052199, 25052199, 25052199, 25052199, 25052199, 59242245, 25354389, 171718242, 146422271, 25755166, 25755166, 25755166, 25755166, 25755166, 25755166, 27679889, 25802576, 25802576, 25802576, 25802576, 25802576, 25802576, 27579202, 27566604]",0,0,0,NPU,0,0,0,0,0,0,1.0,hot,0,0,0,0,1.0,0
0,14,meta-llama/Llama-3.1-8B,4,28,1601985365,2951140733,1349155368,16435982,43965212,56747398,"[285739312, 50600609, 30154385, 26822699, 29747880, 26844708, 93558915, 27059851, 27059851, 29019418, 190839741, 146937332, 63155925, 27764953, 27764953, 27764953, 27764953, 27764953, 27764953, 27764953, 27764953, 27764953, 27764953]",0,0,0,NPU,0,0,0,0,0,0,1.0,hot,0,0,0,0,1.0,0
0,3,meta-llama/Llama-3.1-8B,26,209,570907775,6699183005,6128275230,21888444,50436067,33394720,"[26802818, 25052199, 25052199, 25052199, 25052199, 25052199, 25052199, 25052199, 59242245, 25354389, 171718242, 146422271, 25755166, 25755166, 25755166, 25755166, 25755166, 25755166, 27679889, 25802576, 25802576, 25802576, 25802576, 25802576, 25802576, 27579202, 27566604, 27529230, 285739312, 50600609, 30154385, 26822699, 29747880, 26844708, 93558915, 27059851, 27059851, 29019418, 190839741, 146937332, 63155925, 27764953, 27764953, 27764953, 27764953, 27764953, 27764953, 27764953, 27764953, 27764953, 27764953, 27684411, 27684411, 27684411, 27684411, 27684411, 27684411, 27684411, 27684411, 27685307, 27685307, 27685307, 27685307, 27685307, 27685307, 27685307, 27685307, 27685307, 27685307, 27685307, 27685307, 27685307, 27685307, 27685307, 27685307, 27685307, 27685307, 27685307, 27685307, 27685307, 27685307, 27685307, 27685307, 27685307, 27685307, 27685307, 27685307, 26520888, 325840203, 26520888, 26520888, 25040478, 25040478, 25040478, 25089086, 25089086, 25089086, 25089086, 25089086, 25089086, 25089086, 99536023, 24842869, 25029791, 25029791, 25029791, 25029791, 25029791, 25029791, 25029791, 25029791, 25029791, 25029791, 25029791, 25029791, 25029791, 25029791, 25160953, 25029791, 25029791, 25029791, 25029791, 25029791, 25029791, 25029791, 25029791, 25029791, 25029791, 25029791, 25029791, 25029791, 25029791, 25029791, 25006799, 24842869, 24842869, 24842869, 24842869, 24842869, 24842869, 24842869, 24842869, 24842869, 24842869, 24842869, 24842869, 24842869, 24842869, 24842869, 25006799, 24842869, 24842869, 24842869, 24842869, 24842869, 24842869, 24842869, 24917685, 24917685, 24917685, 24917685, 24917685, 24917685, 24917685, 24917685, 25081615, 24917685, 24917685, 24917685, 24917685, 24917685, 24917685, 24917685, 24917685, 24917685, 24917685, 24917685, 24917685, 24917685, 24917685, 24917685, 25081615]",0,0,0,NPU,0,0,0,0,0,0,1.0,hot,0,0,0,0,1.0,0
0,2,meta-llama/Llama-3.1-8B,19,263,479613520,8059710427,7580096907,13088220,39885292,31029677,"[24432469, 24432469, 24432469, 28547623, 26802818, 25052199, 25052199, 25052199, 25052199, 25052199, 25052199, 25052199, 59242245, 25354389, 171718242, 146422271, 25755166, 25755166, 25755166, 25755166, 25755166, 25755166, 27679889, 25802576, 25802576, 25802576, 25802576, 25802576, 25802576, 27579202, 27566604, 27529230, 285739312, 50600609, 30154385, 26822699, 29747880, 26844708, 93558915, 27059851, 27059851, 29019418, 190839741, 146937332, 63155925, 27764953, 27764953, 27764953, 27764953, 27764953, 27764953, 27764953, 27764953, 27764953, 27764953, 27684411, 27684411, 27684411, 27684411, 27684411, 27684411, 27684411, 27684411, 27685307, 27685307, 27685307, 27685307, 27685307, 27685307, 27685307, 27685307, 27685307, 27685307, 27685307, 27685307, 27685307, 27685307, 27685307, 27685307, 27685307, 27685307, 27685307, 27685307, 27685307, 27685307, 27685307, 27685307, 27685307, 27685307, 27685307, 27685307, 26520888, 325840203, 26520888, 26520888, 25040478, 25040478, 25040478, 25089086, 25089086, 25089086, 25089086, 25089086, 25089086, 25089086, 24771925, 24771925, 24771925, 25220248, 24842869, 25029791, 25029791, 25029791, 25029791, 25029791, 25029791, 25029791, 25029791, 25029791, 25029791, 25029791, 25029791, 25029791, 25029791, 25160953, 25029791, 25029791, 25029791, 25029791, 25029791, 25029791, 25029791, 25029791, 25029791, 25029791, 25029791, 25029791, 25029791, 25029791, 25029791, 25006799, 24842869, 24842869, 24842869, 24842869, 24842869, 24842869, 24842869, 24842869, 24842869, 24842869, 24842869, 24842869, 24842869, 24842869, 24842869, 25006799, 24842869, 24842869, 24842869, 24842869, 24842869, 24842869, 24842869, 24917685, 24917685, 24917685, 24917685, 24917685, 24917685, 24917685, 24917685, 25081615, 24917685, 24917685, 24917685, 24917685, 24917685, 24917685, 24917685, 24917685, 24917685, 24917685, 24917685, 24917685, 24917685, 24917685, 24917685, 25081615, 26109885, 25782115, 25782115, 25782115, 25782115, 25782115, 25811664, 25442238, 25442238, 25442238, 25442238, 25442238, 25442238, 25442238, 25442238, 25975594, 25116479, 25116479, 25116479, 25116479, 25116479, 25116479, 25116479, 25116479, 25116479, 25116479, 25116479, 25116479, 25116479, 25116479, 25116479, 25081615, 24917685, 24917685, 24917685, 24917685, 24917685, 24917685, 24917685, 24917685, 24917685, 24917685, 24917685, 24917685, 24917685, 24917685, 24917685, 25081615, 24917685, 24917685, 24917685, 24917685, 24917685, 24917685]",0,0,0,NPU,0,0,0,0,0,0,1.0,hot,0,0,0,0,1.0,0
0,1,meta-llama/Llama-3.1-8B,9,342,347938951,10074801261,9726862310,19924492,46838713,29156697,"[24481019, 24481019, 24481019, 24481019, 26797072, 24432469, 24432469, 24432469, 28547623, 26802818, 25052199, 25052199, 25052199, 25052199, 25052199, 25052199, 25052199, 59242245, 25354389, 171718242, 146422271, 25755166, 25755166, 25755166, 25755166, 25755166, 25755166, 27679889, 25802576, 25802576, 25802576, 25802576, 25802576, 25802576, 27579202, 27566604, 27529230, 285739312, 50600609, 30154385, 26822699, 29747880, 26844708, 93558915, 27059851, 27059851, 29019418, 190839741, 146937332, 63155925, 27764953, 27764953, 27764953, 27764953, 27764953, 27764953, 27764953, 27764953, 27764953, 27764953, 27684411, 27684411, 27684411, 27684411, 27684411, 27684411, 27684411, 27684411, 27685307, 27685307, 27685307, 27685307, 27685307, 27685307, 27685307, 27685307, 27685307, 27685307, 27685307, 27685307, 27685307, 27685307, 27685307, 27685307, 27685307, 27685307, 27685307, 27685307, 27685307, 27685307, 27685307, 27685307, 27685307, 27685307, 27685307, 27685307, 26520888, 24833243, 24833243, 24833243, 24833243, 24833243, 201673988, 26520888, 26520888, 25040478, 25040478, 25040478, 25089086, 25089086, 25089086, 25089086, 25089086, 25089086, 25089086, 24771925, 24771925, 24771925, 25220248, 24842869, 25029791, 25029791, 25029791, 25029791, 25029791, 25029791, 25029791, 25029791, 25029791, 25029791, 25029791, 25029791, 25029791, 25029791, 25160953, 25029791, 25029791, 25029791, 25029791, 25029791, 25029791, 25029791, 25029791, 25029791, 25029791, 25029791, 25029791, 25029791, 25029791, 25029791, 25006799, 24842869, 24842869, 24842869, 24842869, 24842869, 24842869, 24842869, 24842869, 24842869, 24842869, 24842869, 24842869, 24842869, 24842869, 24842869, 25006799, 24842869, 24842869, 24842869, 24842869, 24842869, 24842869, 24842869, 24917685, 24917685, 24917685, 24917685, 24917685, 24917685, 24917685, 24917685, 25081615, 24917685, 24917685, 24917685, 24917685, 24917685, 24917685, 24917685, 24917685, 24917685, 24917685, 24917685, 24917685, 24917685, 24917685, 24917685, 25081615, 26109885, 25782115, 25782115, 25782115, 25782115, 25782115, 25811664, 25442238, 25442238, 25442238, 25442238, 25442238, 25442238, 25442238, 25442238, 25975594, 25116479, 25116479, 25116479, 25116479, 25116479, 25116479, 25116479, 25116479, 25116479, 25116479, 25116479, 25116479, 25116479, 25116479, 25116479, 25081615, 24917685, 24917685, 24917685, 24917685, 24917685, 24917685, 24917685, 24917685, 24917685, 24917685, 24917685, 24917685, 24917685, 24917685, 24917685, 25081615, 24917685, 24917685, 24917685, 24917685, 24917685, 24917685, 26808618, 26349776, 25859550, 25859550, 25859550, 25859550, 25859550, 25859550, 25859550, 26133633, 25969703, 25969703, 25969703, 25969703, 25969703, 24996181, 25322687, 25322687, 25322687, 25322687, 25322687, 25322687, 25322687, 25322687, 25322687, 25160111, 24996181, 24996181, 24996181, 24996181, 24996181, 24996181, 24996181, 24996181, 24996181, 24996181, 24996181, 24996181, 24996181, 24996181, 24996181, 25160111, 24996181, 24996181, 24996181, 24996181, 24996181, 24996181, 24996181, 24996181, 24996181, 24996181, 24996181, 24996181, 24996181, 25138869, 25138869, 26166401, 25969703, 25969703, 25969703, 25969703, 25969703, 25969703, 25969703, 25969703, 25969703, 25954302, 25954302, 25954302, 25954302, 25954302, 25954302, 26151000, 25954302, 25954302, 25954302, 25954302, 25954302]",0,0,0,NPU,0,0,0,0,0,0,1.0,hot,0,0,0,0,1.0,0
0,6,meta-llama/Llama-3.1-8B,10,245,610813767,10467458963,9856645196,10530075,37332893,41962873,"[25052199, 25052199, 25052199, 25052199, 25052199, 25052199, 25052199, 59242245, 25354389, 171718242, 146422271, 25755166, 25755166, 25755166, 25755166, 25755166, 25755166, 27679889, 25802576, 25802576, 25802576, 25802576, 25802576, 25802576, 27579202, 27566604, 27529230, 285739312, 50600609, 30154385, 26822699, 29747880, 26844708, 93558915, 27059851, 27059851, 29019418, 190839741, 146937332, 63155925, 27764953, 27764953, 27764953, 27764953, 27764953, 27764953, 27764953, 27764953, 27764953, 27764953, 27684411, 27684411, 27684411, 27684411, 27684411, 27684411, 27684411, 27684411, 27685307, 27685307, 27685307, 27685307, 27685307, 27685307, 27685307, 27685307, 27685307, 27685307, 27685307, 27685307, 27685307, 27685307, 27685307, 27685307, 27685307, 27685307, 27685307, 27685307, 27685307, 27685307, 27685307, 27685307, 27685307, 27685307, 27685307, 27685307, 26520888, 325840203, 26520888, 26520888, 25040478, 25040478, 25040478, 25089086, 25089086, 25089086, 25089086, 25089086, 25089086, 25089086, 99536023, 2021804347, 25782115, 25782115, 25782115, 25782115, 25782115, 25811664, 25442238, 25442238, 25442238, 25442238, 25442238, 25442238, 25442238, 25442238, 25975594, 401828800, 24917685, 24917685, 24917685, 24917685, 24917685, 24917685, 24917685, 24917685, 24917685, 24917685, 24917685, 24917685, 24917685, 24917685, 24917685, 25081615, 24917685, 24917685, 24917685, 24917685, 24917685, 24917685, 26808618, 26349776, 25859550, 25859550, 25859550, 25859550, 25859550, 25859550, 25859550, 26133633, 25969703, 25969703, 25969703, 25969703, 25969703, 24996181, 25322687, 25322687, 25322687, 25322687, 25322687, 25322687, 25322687, 25322687, 25322687, 25160111, 24996181, 24996181, 24996181, 24996181, 24996181, 24996181, 24996181, 24996181, 24996181, 24996181, 24996181, 24996181, 24996181, 24996181, 24996181, 25160111, 24996181, 24996181, 24996181, 24996181, 24996181, 24996181, 24996181, 24996181, 24996181, 24996181, 24996181, 24996181, 24996181, 25138869, 25138869, 26166401, 25969703, 25969703, 25969703, 25969703, 25969703, 25969703, 25969703, 25969703, 25969703, 25954302, 25954302, 25954302, 25954302, 25954302, 25954302, 26151000, 25954302, 25954302, 25954302, 25954302, 25954302, 26792304, 26235158, 26235158, 26235158, 26235158, 26235158, 26235158, 26235158, 26475376, 26475376, 25984852, 25820922, 25820922, 25820922, 25820922]",0,0,0,NPU,0,0,0,0,0,0,1.0,hot,0,0,0,0,1.0,0
0,5,meta-llama/Llama-3.1-8B,9,310,604829891,10493950795,9889120904,16513951,43316769,32819347,"[25052199, 25052199, 25052199, 25052199, 25052199, 25052199, 25052199, 59242245, 25354389, 171718242, 146422271, 25755166, 25755166, 25755166, 25755166, 25755166, 25755166, 27679889, 25802576, 25802576, 25802576, 25802576, 25802576, 25802576, 27579202, 27566604, 27529230, 285739312, 50600609, 30154385, 26822699, 29747880, 26844708, 93558915, 27059851, 27059851, 29019418, 190839741, 146937332, 63155925, 27764953, 27764953, 27764953, 27764953, 27764953, 27764953, 27764953, 27764953, 27764953, 27764953, 27684411, 27684411, 27684411, 27684411, 27684411, 27684411, 27684411, 27684411, 27685307, 27685307, 27685307, 27685307, 27685307, 27685307, 27685307, 27685307, 27685307, 27685307, 27685307, 27685307, 27685307, 27685307, 27685307, 27685307, 27685307, 27685307, 27685307, 27685307, 27685307, 27685307, 27685307, 27685307, 27685307, 27685307, 27685307, 27685307, 26520888, 325840203, 26520888, 26520888, 25040478, 25040478, 25040478, 25089086, 25089086, 25089086, 25089086, 25089086, 25089086, 25089086, 99536023, 24842869, 776031691, 24842869, 24842869, 24842869, 24842869, 24842869, 24842869, 24842869, 24842869, 24842869, 24842869, 24842869, 24842869, 24842869, 24842869, 24842869, 25006799, 24842869, 24842869, 24842869, 24842869, 24842869, 24842869, 24842869, 24917685, 24917685, 24917685, 24917685, 24917685, 24917685, 24917685, 24917685, 25081615, 24917685, 24917685, 24917685, 24917685, 24917685, 24917685, 24917685, 24917685, 24917685, 24917685, 24917685, 24917685, 24917685, 24917685, 24917685, 25081615, 26109885, 25782115, 25782115, 25782115, 25782115, 25782115, 25811664, 25442238, 25442238, 25442238, 25442238, 25442238, 25442238, 25442238, 25442238, 25975594, 25116479, 25116479, 25116479, 25116479, 25116479, 25116479, 25116479, 25116479, 25116479, 25116479, 25116479, 25116479, 25116479, 25116479, 25116479, 25081615, 24917685, 24917685, 24917685, 24917685, 24917685, 24917685, 24917685, 24917685, 24917685, 24917685, 24917685, 24917685, 24917685, 24917685, 24917685, 25081615, 24917685, 24917685, 24917685, 24917685, 24917685, 24917685, 26808618, 26349776, 25859550, 25859550, 25859550, 25859550, 25859550, 25859550, 25859550, 26133633, 25969703, 25969703, 25969703, 25969703, 25969703, 24996181, 25322687, 25322687, 25322687, 25322687, 25322687, 25322687, 25322687, 25322687, 25322687, 25160111, 24996181, 24996181, 24996181, 24996181, 24996181, 24996181, 24996181, 24996181, 24996181, 24996181, 24996181, 24996181, 24996181, 24996181, 24996181, 25160111, 24996181, 24996181, 24996181, 24996181, 24996181, 24996181, 24996181, 24996181, 24996181, 24996181, 24996181, 24996181, 24996181, 25138869, 25138869, 26166401, 25969703, 25969703, 25969703, 25969703, 25969703, 25969703, 25969703, 25969703, 25969703, 25954302, 25954302, 25954302, 25954302, 25954302, 25954302, 26151000, 25954302, 25954302, 25954302, 25954302, 25954302, 26792304, 26235158, 26235158, 26235158, 26235158, 26235158, 26235158, 26235158, 26475376, 26475376, 25984852, 25820922, 25820922, 25820922, 25820922, 26491832]",0,0,0,NPU,0,0,0,0,0,0,1.0,hot,0,0,0,0,1.0,0
0,0,meta-llama/Llama-3.1-8B,85,501,46926808,11716176585,11669249777,0,29098963,28048556,"[24319806, 24319806, 24319806, 24319806, 24319806, 24319806, 24319806, 24319806, 24319806, 24319806, 24319806, 24319806, 26914221, 24481019, 24481019, 24481019, 24481019, 26797072, 24432469, 24432469, 24432469, 28547623, 26802818, 25052199, 25052199, 25052199, 25052199, 25052199, 25052199, 25052199, 59242245, 25354389, 171718242, 146422271, 25755166, 25755166, 25755166, 25755166, 25755166, 25755166, 27679889, 25802576, 25802576, 25802576, 25802576, 25802576, 25802576, 27579202, 27566604, 27529230, 285739312, 50600609, 30154385, 26822699, 29747880, 26844708, 93558915, 27059851, 27059851, 29019418, 190839741, 146937332, 63155925, 27764953, 27764953, 27764953, 27764953, 27764953, 27764953, 27764953, 27764953, 27764953, 27764953, 27684411, 27684411, 27684411, 27684411, 27684411, 27684411, 27684411, 27684411, 27685307, 27685307, 27685307, 27685307, 27685307, 27685307, 27685307, 27685307, 27685307, 27685307, 27685307, 27685307, 27685307, 27685307, 27685307, 27685307, 27685307, 27685307, 27685307, 27685307, 27685307, 27685307, 27685307, 27685307, 27685307, 27685307, 27685307, 27685307, 26520888, 24833243, 24833243, 24833243, 24833243, 24833243, 25003134, 25003134, 25003134, 25003134, 25003134, 25003134, 25003134, 26652050, 26520888, 26520888, 25040478, 25040478, 25040478, 25089086, 25089086, 25089086, 25089086, 25089086, 25089086, 25089086, 24771925, 24771925, 24771925, 25220248, 24842869, 25029791, 25029791, 25029791, 25029791, 25029791, 25029791, 25029791, 25029791, 25029791, 25029791, 25029791, 25029791, 25029791, 25029791, 25160953, 25029791, 25029791, 25029791, 25029791, 25029791, 25029791, 25029791, 25029791, 25029791, 25029791, 25029791, 25029791, 25029791, 25029791, 25029791, 25006799, 24842869, 24842869, 24842869, 24842869, 24842869, 24842869, 24842869, 24842869, 24842869, 24842869, 24842869, 24842869, 24842869, 24842869, 24842869, 25006799, 24842869, 24842869, 24842869, 24842869, 24842869, 24842869, 24842869, 24917685, 24917685, 24917685, 24917685, 24917685, 24917685, 24917685, 24917685, 25081615, 24917685, 24917685, 24917685, 24917685, 24917685, 24917685, 24917685, 24917685, 24917685, 24917685, 24917685, 24917685, 24917685, 24917685, 24917685, 25081615, 26109885, 25782115, 25782115, 25782115, 25782115, 25782115, 25811664, 25442238, 25442238, 25442238, 25442238, 25442238, 25442238, 25442238, 25442238, 25975594, 25116479, 25116479, 25116479, 25116479, 25116479, 25116479, 25116479, 25116479, 25116479, 25116479, 25116479, 25116479, 25116479, 25116479, 25116479, 25081615, 24917685, 24917685, 24917685, 24917685, 24917685, 24917685, 24917685, 24917685, 24917685, 24917685, 24917685, 24917685, 24917685, 24917685, 24917685, 25081615, 24917685, 24917685, 24917685, 24917685, 24917685, 24917685, 26808618, 26349776, 25859550, 25859550, 25859550, 25859550, 25859550, 25859550, 25859550, 26133633, 25969703, 25969703, 25969703, 25969703, 25969703, 24996181, 25322687, 25322687, 25322687, 25322687, 25322687, 25322687, 25322687, 25322687, 25322687, 25160111, 24996181, 24996181, 24996181, 24996181, 24996181, 24996181, 24996181, 24996181, 24996181, 24996181, 24996181, 24996181, 24996181, 24996181, 24996181, 25160111, 24996181, 24996181, 24996181, 24996181, 24996181, 24996181, 24996181, 24996181, 24996181, 24996181, 24996181, 24996181, 24996181, 25138869, 25138869, 26166401, 25969703, 25969703, 25969703, 25969703, 25969703, 25969703, 25969703, 25969703, 25969703, 25954302, 25954302, 25954302, 25954302, 25954302, 25954302, 26151000, 25954302, 25954302, 25954302, 25954302, 25954302, 26792304, 26235158, 26235158, 26235158, 26235158, 26235158, 26235158, 26235158, 26475376, 26475376, 25984852, 25820922, 25820922, 25820922, 25820922, 26491832, 27238503, 26615821, 26615821, 26235158, 26235158, 26235158, 26464944, 25897854, 25897854, 25897854, 25985012, 25853850, 25853850, 25853850, 25853850, 25853850, 26447349, 26447349, 26447349, 26447349, 26447349, 26447349, 26447349, 26447349, 26447349, 26447349, 26017780, 25853850, 25969703, 25619925, 25619925, 25619925, 25619925, 25619925, 25619925, 25619925, 25619925, 25619925, 25619925, 25619925, 25619925, 25619925, 25783855, 25619925, 25619925, 25619925, 25619925]",0,0,0,NPU,0,0,0,0,0,0,1.0,hot,0,0,0,0,1.0,0
0,8,meta-llama/Llama-3.1-8B,920,1193,903845068,13883021181,12979176113,4263619,175981861,47070567,"[146422271, 25755166, 25755166, 25755166, 25755166, 25755166, 25755166, 27679889, 25802576, 25802576, 25802576, 25802576, 25802576, 25802576, 27579202, 27566604, 27529230, 285739312, 50600609, 30154385, 26822699, 29747880, 26844708, 93558915, 27059851, 27059851, 29019418, 190839741, 146937332, 63155925, 27764953, 27764953, 27764953, 27764953, 27764953, 27764953, 27764953, 27764953, 27764953, 27764953, 27684411, 27684411, 27684411, 27684411, 27684411, 27684411, 27684411, 27684411, 27685307, 27685307, 27685307, 27685307, 27685307, 27685307, 27685307, 27685307, 27685307, 27685307, 27685307, 27685307, 27685307, 27685307, 27685307, 27685307, 27685307, 27685307, 27685307, 27685307, 27685307, 27685307, 27685307, 27685307, 27685307, 27685307, 27685307, 27685307, 26520888, 325840203, 26520888, 26520888, 2372085406, 25782115, 25782115, 25782115, 25782115, 25782115, 25811664, 229513498, 976990418, 26349776, 25859550, 25859550, 25859550, 25859550, 25859550, 25859550, 25859550, 26133633, 25969703, 25969703, 25969703, 25969703, 25969703, 1079557793, 25969703, 25969703, 25969703, 25969703, 25969703, 25969703, 25969703, 25969703, 25969703, 25954302, 25954302, 25954302, 25954302, 25954302, 25954302, 26151000, 25954302, 25954302, 25954302, 25954302, 25954302, 26792304, 26235158, 26235158, 26235158, 26235158, 26235158, 26235158, 26235158, 26475376, 26475376, 25984852, 25820922, 25820922, 25820922, 25820922, 26491832, 27238503, 26615821, 26615821, 26235158, 26235158, 26235158, 26464944, 25897854, 25897854, 25897854, 25985012, 25853850, 25853850, 25853850, 25853850, 25853850, 26447349, 26447349, 26447349, 26447349, 26447349, 26447349, 26447349, 26447349, 26447349, 26447349, 26017780, 25853850, 25969703, 25619925, 25619925, 25619925, 25619925, 25619925, 25619925, 25619925, 25619925, 25619925, 25619925, 25619925, 25619925, 25619925, 25783855, 25619925, 25619925, 25619925, 25619925, 27513662, 26759908, 26759908, 26287926, 25668423, 25668423, 25668423, 25491349, 25491349, 25491349, 25491349, 25622511, 25491349, 25491349, 25491349, 25491349, 26253855, 26253855, 26253855, 26253855, 26253855, 26253855, 26253855, 26253855, 26253855, 26253855, 26253855, 25783855, 25619925, 25619925, 25619925, 25619925, 25619925, 25619925, 25619925, 25619925, 25619925, 25619925, 25619925, 25619925, 25619925, 25619925, 25619925, 25783855, 25619925, 25619925, 25619925, 25619925, 25619925, 25619925, 25619925, 25619925, 25619925, 25619925, 25619925, 25619925, 25619925, 25619925, 25619925, 25783855, 25619925, 25619925, 25619925, 25619925, 25619925, 25619925, 25619925, 25619925, 25619925, 25619925, 25619925, 25619925, 25619925, 25619925, 25619925, 26166401, 25969703, 25969703, 25969703, 25969703, 25969703, 25969703, 25969703, 25969703]",0,0,0,NPU,0,0,0,0,0,0,1.0,hot,0,0,0,0,1.0,0
0,7,meta-llama/Llama-3.1-8B,253,668,811936853,16492288042,15680351189,11575200,70817445,37704187,"[25354389, 171718242, 146422271, 25755166, 25755166, 25755166, 25755166, 25755166, 25755166, 27679889, 25802576, 25802576, 25802576, 25802576, 25802576, 25802576, 27579202, 27566604, 27529230, 285739312, 50600609, 30154385, 26822699, 29747880, 26844708, 93558915, 27059851, 27059851, 29019418, 190839741, 146937332, 63155925, 27764953, 27764953, 27764953, 27764953, 27764953, 27764953, 27764953, 27764953, 27764953, 27764953, 27684411, 27684411, 27684411, 27684411, 27684411, 27684411, 27684411, 27684411, 27685307, 27685307, 27685307, 27685307, 27685307, 27685307, 27685307, 27685307, 27685307, 27685307, 27685307, 27685307, 27685307, 27685307, 27685307, 27685307, 27685307, 27685307, 27685307, 27685307, 27685307, 27685307, 27685307, 27685307, 27685307, 27685307, 27685307, 27685307, 26520888, 325840203, 26520888, 26520888, 2372085406, 25782115, 25782115, 25782115, 25782115, 25782115, 25811664, 25442238, 25442238, 25442238, 25442238, 25442238, 25442238, 25442238, 25442238, 25975594, 976990418, 26349776, 25859550, 25859550, 25859550, 25859550, 25859550, 25859550, 25859550, 26133633, 25969703, 25969703, 25969703, 25969703, 25969703, 24996181, 253064294, 24996181, 24996181, 24996181, 24996181, 24996181, 24996181, 24996181, 24996181, 24996181, 24996181, 24996181, 24996181, 24996181, 24996181, 24996181, 25160111, 24996181, 24996181, 24996181, 24996181, 24996181, 24996181, 24996181, 24996181, 24996181, 24996181, 24996181, 24996181, 24996181, 25138869, 25138869, 26166401, 25969703, 25969703, 25969703, 25969703, 25969703, 25969703, 25969703, 25969703, 25969703, 25954302, 25954302, 25954302, 25954302, 25954302, 25954302, 26151000, 25954302, 25954302, 25954302, 25954302, 25954302, 26792304, 26235158, 26235158, 26235158, 26235158, 26235158, 26235158, 26235158, 26475376, 26475376, 25984852, 25820922, 25820922, 25820922, 25820922, 26491832, 27238503, 26615821, 26615821, 26235158, 26235158, 26235158, 26464944, 25897854, 25897854, 25897854, 25985012, 25853850, 25853850, 25853850, 25853850, 25853850, 26447349, 26447349, 26447349, 26447349, 26447349, 26447349, 26447349, 26447349, 26447349, 26447349, 26017780, 25853850, 25969703, 25619925, 25619925, 25619925, 25619925, 25619925, 25619925, 25619925, 25619925, 25619925, 25619925, 25619925, 25619925, 25619925, 25783855, 25619925, 25619925, 25619925, 25619925, 27513662, 26759908, 26759908, 26287926, 25668423, 25668423, 25668423, 25491349, 25491349, 25491349, 25491349, 25622511, 25491349, 25491349, 25491349, 25491349, 26253855, 26253855, 26253855, 26253855, 26253855, 26253855, 26253855, 26253855, 26253855, 26253855, 26253855, 25783855, 25619925, 25619925, 25619925, 25619925, 25619925, 25619925, 25619925, 25619925, 25619925, 25619925, 25619925, 25619925, 25619925, 25619925, 25619925, 25783855, 25619925, 25619925, 25619925, 25619925, 25619925, 25619925, 25619925, 25619925, 25619925, 25619925, 25619925, 25619925, 25619925, 25619925, 25619925, 25783855, 25619925, 25619925, 25619925, 25619925, 25619925, 25619925, 25619925, 25619925, 25619925, 25619925, 25619925, 25619925, 25619925, 25619925, 25619925, 26166401, 25969703, 25969703, 25969703, 25969703, 25969703, 25969703, 25969703, 25969703, 27546213, 26726923, 26726923, 26726923, 26726923, 26726923, 26726923, 26726923, 26726923, 26726923, 26726923, 26726923, 26726923, 26726923, 26726923, 26726923, 26726923, 26726923, 26726923, 26726923, 26726923, 26726923, 26726923, 26726923, 26726923, 26726923, 26726923, 26726923, 26726923, 26726923, 26726923, 26726923, 26726923, 26726923, 26726923, 26726923, 26726923, 26726923, 26044318, 26675090, 26445624, 26445624, 26445624, 26445624, 26049543, 26049543, 26049543, 26049543, 25487317, 25487317, 25487317, 25487317, 25487317, 25487317, 25487317, 26279009, 26049543, 26049543, 26049543, 26049543, 26049543, 26049543, 26049543, 26049543, 26049543, 26049543, 26049543, 26049543, 26049543, 26049543, 26326183, 26555649, 26326183, 26326183, 26326183, 26326183, 26326183, 26326183, 26326183, 26326183, 26326183, 26326183, 26326183, 26326183, 26326183, 26326183, 26326183, 26116084, 25853850, 25853850, 25853850, 25853850, 25853850, 25853850, 25853850, 26468245, 26468245, 26468245, 26468245]",0,0,0,NPU,0,0,0,0,0,0,1.0,hot,0,0,0,0,1.0,0
0,11,meta-llama/Llama-3.1-8B,10,346,1379405751,17700248992,16320843241,1374445,29054334,48632205,"[25802576, 25802576, 25802576, 25802576, 25802576, 25802576, 27579202, 27566604, 27529230, 285739312, 50600609, 30154385, 26822699, 29747880, 26844708, 93558915, 27059851, 27059851, 29019418, 190839741, 146937332, 63155925, 27764953, 27764953, 27764953, 27764953, 27764953, 27764953, 27764953, 27764953, 27764953, 27764953, 27684411, 27684411, 27684411, 27684411, 27684411, 27684411, 27684411, 27684411, 27685307, 27685307, 27685307, 27685307, 27685307, 27685307, 27685307, 27685307, 27685307, 27685307, 27685307, 27685307, 27685307, 27685307, 27685307, 27685307, 27685307, 27685307, 27685307, 27685307, 27685307, 27685307, 27685307, 27685307, 27685307, 27685307, 27685307, 27685307, 26520888, 325840203, 26520888, 26520888, 2372085406, 25782115, 25782115, 25782115, 25782115, 25782115, 25811664, 229513498, 976990418, 26349776, 1988724744, 26235158, 26235158, 26235158, 26235158, 26235158, 26235158, 26235158, 26475376, 26475376, 25984852, 25820922, 25820922, 25820922, 25820922, 26491832, 27238503, 26615821, 26615821, 26235158, 26235158, 26235158, 26464944, 25897854, 25897854, 25897854, 25985012, 25853850, 25853850, 25853850, 25853850, 25853850, 290491270, 25853850, 25969703, 488836242, 26759908, 26759908, 26287926, 25668423, 25668423, 25668423, 25491349, 25491349, 25491349, 25491349, 25622511, 25491349, 25491349, 25491349, 25491349, 314576260, 25619925, 25619925, 25619925, 25619925, 25619925, 25619925, 25619925, 25619925, 25619925, 25619925, 25619925, 25619925, 25619925, 25619925, 25619925, 25783855, 25619925, 25619925, 25619925, 25619925, 25619925, 25619925, 25619925, 25619925, 25619925, 25619925, 25619925, 25619925, 25619925, 25619925, 25619925, 25783855, 25619925, 25619925, 25619925, 25619925, 25619925, 25619925, 25619925, 25619925, 25619925, 25619925, 25619925, 25619925, 25619925, 25619925, 25619925, 26166401, 25969703, 25969703, 25969703, 25969703, 25969703, 25969703, 25969703, 25969703, 27546213, 26726923, 26726923, 26726923, 26726923, 26726923, 26726923, 26726923, 26726923, 26726923, 26726923, 26726923, 26726923, 26726923, 26726923, 26726923, 26726923, 26726923, 26726923, 26726923, 26726923, 26726923, 26726923, 26726923, 26726923, 26726923, 26726923, 26726923, 26726923, 26726923, 26726923, 26726923, 26726923, 26726923, 26726923, 26726923, 26726923, 26726923, 26044318, 26675090, 26445624, 26445624, 26445624, 26445624, 26049543, 26049543, 26049543, 26049543, 25487317, 25487317, 25487317, 25487317, 25487317, 25487317, 25487317, 26279009, 26049543, 26049543, 26049543, 26049543, 26049543, 26049543, 26049543, 26049543, 26049543, 26049543, 26049543, 26049543, 26049543, 26049543, 26326183, 26555649, 26326183, 26326183, 26326183, 26326183, 26326183, 26326183, 26326183, 26326183, 26326183, 26326183, 26326183, 26326183, 26326183, 26326183, 26326183, 26116084, 25853850, 25853850, 25853850, 25853850, 25853850, 25853850, 25853850, 26468245, 26468245, 26468245, 26468245, 27741341, 26790979, 26790979, 26790979, 26553020, 26553020, 26368885, 26368885, 26368885, 26368885, 26368885, 26368885, 26368885, 26368885, 26368885, 26368885, 26049543, 26049543, 26049543, 26049543, 26279009, 26049543, 26049543, 26049543, 26049543, 26049543, 26049543, 26049543, 26049543, 26049543, 26049543, 26049543, 26049543, 26049543, 26049543, 26049543, 26279009, 26049543, 26049543, 26049543, 26049543, 26049543, 26326183, 26326183, 26326183, 26326183]",0,0,0,CXL,0,12582912,0,12582912,12582912,12582912,1.0,hot,0,0,0,0,1.0,25165824
0,23,meta-llama/Llama-3.1-8B,21,134,2013730478,17727414023,15713683545,25537104,55284984,139807130,"[26844708, 93558915, 27059851, 27059851, 29019418, 190839741, 146937332, 63155925, 27764953, 27764953, 27764953, 27764953, 27764953, 27764953, 27764953, 27764953, 27764953, 27764953, 27684411, 27684411, 27684411, 27684411, 27684411, 27684411, 27684411, 27684411, 27685307, 27685307, 27685307, 27685307, 27685307, 27685307, 27685307, 27685307, 27685307, 27685307, 27685307, 27685307, 27685307, 27685307, 27685307, 27685307, 27685307, 27685307, 27685307, 27685307, 27685307, 27685307, 27685307, 27685307, 27685307, 27685307, 27685307, 27685307, 6573384681, 26615821, 26615821, 1169269307, 26759908, 26759908, 26287926, 2087069405, 26726923, 26726923, 26726923, 26726923, 26726923, 26726923, 26726923, 26726923, 26726923, 26726923, 26726923, 26726923, 26726923, 26726923, 26726923, 26726923, 26726923, 26726923, 26726923, 26726923, 26726923, 26726923, 26726923, 26726923, 26726923, 26726923, 26726923, 26726923, 26726923, 26726923, 26726923, 26726923, 26726923, 26726923, 26726923, 26726923, 26726923, 26044318, 26675090, 26445624, 26445624, 26445624, 26445624, 1462063934, 26790979, 26790979, 26790979, 26553020, 26553020, 1073905663]",0,0,0,CXL,0,10485760,0,10485760,10485760,10485760,1.0,hot,0,0,0,0,1.0,20971520
0,9,meta-llama/Llama-3.1-8B,726,1117,1026970074,17780704383,16753734309,52856855,199279126,42447320,"[25755166, 25755166, 25755166, 25755166, 25755166, 25755166, 27679889, 25802576, 25802576, 25802576, 25802576, 25802576, 25802576, 27579202, 27566604, 27529230, 285739312, 50600609, 30154385, 26822699, 29747880, 26844708, 93558915, 27059851, 27059851, 29019418, 190839741, 146937332, 63155925, 27764953, 27764953, 27764953, 27764953, 27764953, 27764953, 27764953, 27764953, 27764953, 27764953, 27684411, 27684411, 27684411, 27684411, 27684411, 27684411, 27684411, 27684411, 27685307, 27685307, 27685307, 27685307, 27685307, 27685307, 27685307, 27685307, 27685307, 27685307, 27685307, 27685307, 27685307, 27685307, 27685307, 27685307, 27685307, 27685307, 27685307, 27685307, 27685307, 27685307, 27685307, 27685307, 27685307, 27685307, 27685307, 27685307, 26520888, 325840203, 26520888, 26520888, 2372085406, 25782115, 25782115, 25782115, 25782115, 25782115, 25811664, 229513498, 976990418, 26349776, 207150483, 25969703, 25969703, 25969703, 25969703, 25969703, 1079557793, 25969703, 25969703, 25969703, 25969703, 25969703, 25969703, 25969703, 25969703, 25969703, 338440626, 26235158, 26235158, 26235158, 26235158, 26235158, 26235158, 26235158, 26475376, 26475376, 25984852, 25820922, 25820922, 25820922, 25820922, 26491832, 27238503, 26615821, 26615821, 26235158, 26235158, 26235158, 26464944, 25897854, 25897854, 25897854, 25985012, 25853850, 25853850, 25853850, 25853850, 25853850, 290491270, 25853850, 25969703, 25619925, 25619925, 25619925, 25619925, 25619925, 25619925, 25619925, 25619925, 25619925, 25619925, 25619925, 25619925, 25619925, 25783855, 25619925, 25619925, 25619925, 25619925, 27513662, 26759908, 26759908, 26287926, 25668423, 25668423, 25668423, 25491349, 25491349, 25491349, 25491349, 25622511, 25491349, 25491349, 25491349, 25491349, 26253855, 26253855, 26253855, 26253855, 26253855, 26253855, 26253855, 26253855, 26253855, 26253855, 26253855, 25783855, 25619925, 25619925, 25619925, 25619925, 25619925, 25619925, 25619925, 25619925, 25619925, 25619925, 25619925, 25619925, 25619925, 25619925, 25619925, 25783855, 25619925, 25619925, 25619925, 25619925, 25619925, 25619925, 25619925, 25619925, 25619925, 25619925, 25619925, 25619925, 25619925, 25619925, 25619925, 25783855, 25619925, 25619925, 25619925, 25619925, 25619925, 25619925, 25619925, 25619925, 25619925, 25619925, 25619925, 25619925, 25619925, 25619925, 25619925, 26166401, 25969703, 25969703, 25969703, 25969703, 25969703, 25969703, 25969703, 25969703, 27546213, 26726923, 26726923, 26726923, 26726923, 26726923, 26726923, 26726923, 26726923, 26726923, 26726923, 26726923, 26726923, 26726923, 26726923, 26726923, 26726923, 26726923, 26726923, 26726923, 26726923, 26726923, 26726923, 26726923, 26726923, 26726923, 26726923, 26726923, 26726923, 26726923, 26726923, 26726923, 26726923, 26726923, 26726923, 26726923, 26726923, 26726923, 26044318, 26675090, 26445624, 26445624, 26445624, 26445624, 26049543, 26049543, 26049543, 26049543, 25487317, 25487317, 25487317, 25487317, 25487317, 25487317, 25487317, 26279009, 26049543, 26049543, 26049543, 26049543, 26049543, 26049543, 26049543, 26049543, 26049543, 26049543, 26049543, 26049543, 26049543, 26049543, 26326183, 26555649, 26326183, 26326183, 26326183, 26326183, 26326183, 26326183, 26326183, 26326183, 26326183, 26326183, 26326183, 26326183, 26326183, 26326183, 26326183, 26116084, 25853850, 25853850, 25853850, 25853850, 25853850, 25853850, 25853850, 26468245, 26468245, 26468245, 26468245, 27741341, 26790979, 26790979, 26790979, 26553020, 26553020, 26368885, 26368885, 26368885, 26368885, 26368885, 26368885, 26368885, 26368885, 26368885, 26368885, 26049543, 26049543, 26049543, 26049543, 26279009, 26049543, 26049543, 26049543, 26049543, 26049543, 26049543, 26049543, 26049543, 26049543, 26049543, 26049543, 26049543, 26049543, 26049543, 26049543, 26279009, 26049543, 26049543, 26049543, 26049543, 26049543, 26326183, 26326183, 26326183, 26326183, 27165031, 26645180, 26645180]",0,0,0,NPU,0,0,0,0,0,0,1.0,hot,0,0,0,0,1.0,0
0,28,meta-llama/Llama-3.1-8B,20,153,2412644520,18706262863,16293618343,50753426,197690758,121938845,"[63155925, 27764953, 27764953, 27764953, 27764953, 27764953, 27764953, 27764953, 27764953, 27764953, 27764953, 27684411, 27684411, 27684411, 27684411, 27684411, 27684411, 27684411, 27684411, 27685307, 27685307, 27685307, 27685307, 27685307, 27685307, 27685307, 27685307, 27685307, 27685307, 27685307, 27685307, 27685307, 27685307, 27685307, 27685307, 27685307, 27685307, 27685307, 27685307, 27685307, 27685307, 27685307, 27685307, 27685307, 27685307, 27685307, 27685307, 7795885630, 26759908, 26759908, 2113357331, 26726923, 26726923, 26726923, 26726923, 26726923, 26726923, 26726923, 26726923, 26726923, 26726923, 26726923, 26726923, 26726923, 26726923, 26726923, 26726923, 26726923, 26726923, 26726923, 26726923, 26726923, 26726923, 26726923, 26726923, 26726923, 26726923, 26726923, 26726923, 26726923, 26726923, 26726923, 26726923, 26726923, 26726923, 26726923, 26726923, 26726923, 1620565838, 26790979, 26790979, 26790979, 26553020, 26553020, 1073905663, 26645180, 26645180, 26444528, 26444528, 26444528, 26444528, 26444528, 26444528, 26444528, 26444528, 26444528, 26444528, 26444528, 26444528, 26444528, 26444528, 26444528, 26444528, 26444528, 26444528, 26444528, 26444528, 26444528, 26444528, 26444528, 26444528, 26444528, 26444528, 26444528, 26444528, 26444528, 26444528, 26444528, 26444528, 26444528, 26444528, 26444528]",0,0,0,CXL,0,35651584,0,35651584,35651584,35651584,1.0,hot,0,0,0,0,1.0,71303168
0,15,meta-llama/Llama-3.1-8B,1659,1947,1622246507,18996788161,17374541654,23704070,309443382,59460272,"[50600609, 30154385, 26822699, 29747880, 26844708, 93558915, 27059851, 27059851, 29019418, 190839741, 146937332, 63155925, 27764953, 27764953, 27764953, 27764953, 27764953, 27764953, 27764953, 27764953, 27764953, 27764953, 27684411, 27684411, 27684411, 27684411, 27684411, 27684411, 27684411, 27684411, 27685307, 27685307, 27685307, 27685307, 27685307, 27685307, 27685307, 27685307, 27685307, 27685307, 27685307, 27685307, 27685307, 27685307, 27685307, 27685307, 27685307, 27685307, 27685307, 27685307, 27685307, 27685307, 27685307, 27685307, 27685307, 27685307, 27685307, 27685307, 26520888, 325840203, 26520888, 26520888, 2372085406, 25782115, 25782115, 25782115, 25782115, 25782115, 1232315580, 26349776, 1988724744, 26235158, 26235158, 26235158, 26235158, 26235158, 26235158, 26235158, 26475376, 26475376, 155760372, 27238503, 26615821, 26615821, 26235158, 26235158, 26235158, 26464944, 103678574, 25853850, 25853850, 25853850, 25853850, 25853850, 290491270, 25853850, 514805945, 26759908, 26759908, 26287926, 2087069405, 26726923, 26726923, 26726923, 26726923, 26726923, 26726923, 26726923, 26726923, 26726923, 26726923, 26726923, 26726923, 26726923, 26726923, 26726923, 26726923, 26726923, 26726923, 26726923, 26726923, 26726923, 26726923, 26726923, 26726923, 26726923, 26726923, 26726923, 26726923, 26726923, 26726923, 26726923, 26726923, 26726923, 26726923, 26726923, 26726923, 26726923, 26044318, 26675090, 26445624, 26445624, 26445624, 26445624, 26049543, 26049543, 26049543, 26049543, 204690228, 26049543, 26049543, 26049543, 26049543, 26049543, 26049543, 26049543, 26049543, 26049543, 26049543, 26049543, 26049543, 26049543, 26049543, 26326183, 26555649, 26326183, 26326183, 26326183, 26326183, 26326183, 26326183, 26326183, 26326183, 26326183, 26326183, 26326183, 26326183, 26326183, 26326183, 26326183, 26116084, 25853850, 25853850, 25853850, 25853850, 25853850, 25853850, 25853850, 26468245, 26468245, 26468245, 26468245, 27741341, 26790979, 26790979, 26790979, 26553020, 26553020, 26368885, 26368885, 26368885, 26368885, 26368885, 26368885, 26368885, 26368885, 26368885, 26368885, 26049543, 26049543, 26049543, 26049543, 26279009, 26049543, 26049543, 26049543, 26049543, 26049543, 26049543, 26049543, 26049543, 26049543, 26049543, 26049543, 26049543, 26049543, 26049543, 26049543, 26279009, 26049543, 26049543, 26049543, 26049543, 26049543, 26326183, 26326183, 26326183, 26326183, 27165031, 26645180, 26645180, 26444528, 26444528, 26444528, 26444528, 26444528, 26444528, 26444528, 26444528, 26444528, 26444528, 26444528, 26444528, 26444528, 26444528, 26444528, 26444528, 26444528, 26444528, 26444528, 26444528, 26444528, 26444528, 26444528, 26444528, 26444528, 26444528, 26444528, 26444528, 26444528, 26444528, 26444528, 26444528, 26444528, 26444528, 26444528, 26380886, 26380886, 26380886, 26380886, 26428822, 26428822, 26428822, 26428822, 26428822, 26428822, 26428822]",0,0,0,NPU,0,0,0,0,0,0,1.0,hot,0,0,0,0,1.0,0
0,18,meta-llama/Llama-3.1-8B,6,180,1789468368,19443066332,17653597964,142221521,192822130,100929340,"[30154385, 26822699, 29747880, 26844708, 93558915, 27059851, 27059851, 29019418, 190839741, 146937332, 63155925, 27764953, 27764953, 27764953, 27764953, 27764953, 27764953, 27764953, 27764953, 27764953, 27764953, 27684411, 27684411, 27684411, 27684411, 27684411, 27684411, 27684411, 27684411, 27685307, 27685307, 27685307, 27685307, 27685307, 27685307, 27685307, 27685307, 27685307, 27685307, 27685307, 27685307, 27685307, 27685307, 27685307, 27685307, 27685307, 27685307, 27685307, 27685307, 27685307, 27685307, 27685307, 27685307, 27685307, 27685307, 27685307, 27685307, 4138714428, 26349776, 2381081974, 27238503, 26615821, 26615821, 26235158, 26235158, 26235158, 26464944, 1064098889, 26759908, 26759908, 26287926, 2087069405, 26726923, 26726923, 26726923, 26726923, 26726923, 26726923, 26726923, 26726923, 26726923, 26726923, 26726923, 26726923, 26726923, 26726923, 26726923, 26726923, 26726923, 26726923, 26726923, 26726923, 26726923, 26726923, 26726923, 26726923, 26726923, 26726923, 26726923, 26726923, 26726923, 26726923, 26726923, 26726923, 26726923, 26726923, 26726923, 26726923, 26726923, 26044318, 26675090, 26445624, 26445624, 26445624, 26445624, 1462063934, 26790979, 26790979, 26790979, 26553020, 26553020, 1073905663, 26645180, 26645180, 26444528, 26444528, 26444528, 26444528, 26444528, 26444528, 26444528, 26444528, 26444528, 26444528, 26444528, 26444528, 26444528, 26444528, 26444528, 26444528, 26444528, 26444528, 26444528, 26444528, 26444528, 26444528, 26444528, 26444528, 26444528, 26444528, 26444528, 26444528, 26444528, 26444528, 26444528, 26444528, 26444528, 26444528, 26444528, 26380886, 26380886, 26380886, 26380886, 26428822, 26428822, 26428822, 26428822, 26428822, 26428822, 26428822, 352829925, 66688338, 26759908]",0,0,0,CXL,0,56623104,0,56623104,56623104,56623104,1.0,hot,0,0,0,0,1.0,113246208
0,35,meta-llama/Llama-3.1-8B,17,22,3336021694,19523247101,16187225407,16013596392,16080284730,26735169,"[26759908, 26726923, 26726923, 26726923]",0,0,0,NPU,0,0,0,0,0,0,1.0,hot,0,0,0,0,1.0,0
0,10,meta-llama/Llama-3.1-8B,22,492,1029050004,20642052225,19613002221,50776925,197199196,41398300,"[25755166, 25755166, 25755166, 25755166, 25755166, 25755166, 27679889, 25802576, 25802576, 25802576, 25802576, 25802576, 25802576, 27579202, 27566604, 27529230, 285739312, 50600609, 30154385, 26822699, 29747880, 26844708, 93558915, 27059851, 27059851, 29019418, 190839741, 146937332, 63155925, 27764953, 27764953, 27764953, 27764953, 27764953, 27764953, 27764953, 27764953, 27764953, 27764953, 27684411, 27684411, 27684411, 27684411, 27684411, 27684411, 27684411, 27684411, 27685307, 27685307, 27685307, 27685307, 27685307, 27685307, 27685307, 27685307, 27685307, 27685307, 27685307, 27685307, 27685307, 27685307, 27685307, 27685307, 27685307, 27685307, 27685307, 27685307, 27685307, 27685307, 27685307, 27685307, 27685307, 27685307, 27685307, 27685307, 26520888, 325840203, 26520888, 26520888, 2372085406, 25782115, 25782115, 25782115, 25782115, 25782115, 25811664, 229513498, 976990418, 26349776, 1988724744, 26235158, 26235158, 26235158, 26235158, 26235158, 26235158, 26235158, 26475376, 26475376, 25984852, 25820922, 25820922, 25820922, 25820922, 26491832, 27238503, 26615821, 26615821, 26235158, 26235158, 26235158, 26464944, 25897854, 25897854, 25897854, 25985012, 25853850, 25853850, 25853850, 25853850, 25853850, 290491270, 25853850, 25969703, 25619925, 25619925, 25619925, 25619925, 25619925, 25619925, 25619925, 25619925, 25619925, 25619925, 25619925, 25619925, 25619925, 25783855, 25619925, 25619925, 25619925, 25619925, 27513662, 26759908, 26759908, 26287926, 25668423, 25668423, 25668423, 25491349, 25491349, 25491349, 25491349, 25622511, 25491349, 25491349, 25491349, 25491349, 26253855, 26253855, 26253855, 26253855, 26253855, 26253855, 26253855, 26253855, 26253855, 26253855, 26253855, 25783855, 25619925, 25619925, 25619925, 25619925, 25619925, 25619925, 25619925, 25619925, 25619925, 25619925, 25619925, 25619925, 25619925, 25619925, 25619925, 25783855, 25619925, 25619925, 25619925, 25619925, 25619925, 25619925, 25619925, 25619925, 25619925, 25619925, 25619925, 25619925, 25619925, 25619925, 25619925, 25783855, 25619925, 25619925, 25619925, 25619925, 25619925, 25619925, 25619925, 25619925, 25619925, 25619925, 25619925, 25619925, 25619925, 25619925, 25619925, 26166401, 25969703, 25969703, 25969703, 25969703, 25969703, 25969703, 25969703, 25969703, 27546213, 26726923, 26726923, 26726923, 26726923, 26726923, 26726923, 26726923, 26726923, 26726923, 26726923, 26726923, 26726923, 26726923, 26726923, 26726923, 26726923, 26726923, 26726923, 26726923, 26726923, 26726923, 26726923, 26726923, 26726923, 26726923, 26726923, 26726923, 26726923, 26726923, 26726923, 26726923, 26726923, 26726923, 26726923, 26726923, 26726923, 26726923, 26044318, 26675090, 26445624, 26445624, 26445624, 26445624, 26049543, 26049543, 26049543, 26049543, 25487317, 25487317, 25487317, 25487317, 25487317, 25487317, 25487317, 26279009, 26049543, 26049543, 26049543, 26049543, 26049543, 26049543, 26049543, 26049543, 26049543, 26049543, 26049543, 26049543, 26049543, 26049543, 26326183, 26555649, 26326183, 26326183, 26326183, 26326183, 26326183, 26326183, 26326183, 26326183, 26326183, 26326183, 26326183, 26326183, 26326183, 26326183, 26326183, 26116084, 25853850, 25853850, 25853850, 25853850, 25853850, 25853850, 25853850, 26468245, 26468245, 26468245, 26468245, 27741341, 26790979, 26790979, 26790979, 26553020, 26553020, 26368885, 26368885, 26368885, 26368885, 26368885, 26368885, 26368885, 26368885, 26368885, 26368885, 26049543, 26049543, 26049543, 26049543, 26279009, 26049543, 26049543, 26049543, 26049543, 26049543, 26049543, 26049543, 26049543, 26049543, 26049543, 26049543, 26049543, 26049543, 26049543, 26049543, 26279009, 26049543, 26049543, 26049543, 26049543, 26049543, 26326183, 26326183, 26326183, 26326183, 27165031, 26645180, 26645180, 26444528, 26444528, 26444528, 26444528, 26444528, 26444528, 26444528, 26444528, 26444528, 26444528, 26444528, 26444528, 26444528, 26444528, 26444528, 26444528, 26444528, 26444528, 26444528, 26444528, 26444528, 26444528, 26444528, 26444528, 26444528, 26444528, 26444528, 26444528, 26444528, 26444528, 26444528, 26444528, 26444528, 26444528, 26444528, 26380886, 26380886, 26380886, 26380886, 26428822, 26428822, 26428822, 26428822, 26428822, 26428822, 26428822, 352829925, 66688338, 26759908, 26726923, 26726923, 26726923, 26790979, 26790979, 26790979, 26790979, 26790979, 26790979, 26790979, 26790979, 26790979, 26790979, 26790979, 26790979, 26790979, 26790979, 25722010, 25403215, 25648437, 25648437, 25648437, 25648437, 25648437, 25648437, 25648437, 25648437, 25648437, 25648437, 25648437, 25648437, 25648437, 25648437, 25648437, 25746831, 25648437, 25648437, 25648437, 25648437, 25648437, 25648437, 25648437, 25648437, 25648437, 25648437, 25648437]",0,0,0,NPU,0,0,0,0,0,0,1.0,hot,0,0,0,0,1.0,0
0,13,meta-llama/Llama-3.1-8B,11,376,1581917467,20962723191,19380805724,8937276,36503880,53143686,"[27529230, 285739312, 50600609, 30154385, 26822699, 29747880, 26844708, 93558915, 27059851, 27059851, 29019418, 190839741, 146937332, 63155925, 27764953, 27764953, 27764953, 27764953, 27764953, 27764953, 27764953, 27764953, 27764953, 27764953, 27684411, 27684411, 27684411, 27684411, 27684411, 27684411, 27684411, 27684411, 27685307, 27685307, 27685307, 27685307, 27685307, 27685307, 27685307, 27685307, 27685307, 27685307, 27685307, 27685307, 27685307, 27685307, 27685307, 27685307, 27685307, 27685307, 27685307, 27685307, 27685307, 27685307, 27685307, 27685307, 27685307, 27685307, 27685307, 27685307, 26520888, 325840203, 26520888, 26520888, 2372085406, 25782115, 25782115, 25782115, 25782115, 25782115, 25811664, 229513498, 976990418, 26349776, 1988724744, 26235158, 26235158, 26235158, 26235158, 26235158, 26235158, 26235158, 26475376, 26475376, 155760372, 27238503, 26615821, 26615821, 26235158, 26235158, 26235158, 26464944, 103678574, 25853850, 25853850, 25853850, 25853850, 25853850, 290491270, 25853850, 514805945, 26759908, 26759908, 26287926, 25668423, 25668423, 25668423, 1774760299, 25969703, 25969703, 25969703, 25969703, 25969703, 25969703, 25969703, 25969703, 27546213, 26726923, 26726923, 26726923, 26726923, 26726923, 26726923, 26726923, 26726923, 26726923, 26726923, 26726923, 26726923, 26726923, 26726923, 26726923, 26726923, 26726923, 26726923, 26726923, 26726923, 26726923, 26726923, 26726923, 26726923, 26726923, 26726923, 26726923, 26726923, 26726923, 26726923, 26726923, 26726923, 26726923, 26726923, 26726923, 26726923, 26726923, 26044318, 26675090, 26445624, 26445624, 26445624, 26445624, 26049543, 26049543, 26049543, 26049543, 204690228, 26049543, 26049543, 26049543, 26049543, 26049543, 26049543, 26049543, 26049543, 26049543, 26049543, 26049543, 26049543, 26049543, 26049543, 26326183, 26555649, 26326183, 26326183, 26326183, 26326183, 26326183, 26326183, 26326183, 26326183, 26326183, 26326183, 26326183, 26326183, 26326183, 26326183, 26326183, 26116084, 25853850, 25853850, 25853850, 25853850, 25853850, 25853850, 25853850, 26468245, 26468245, 26468245, 26468245, 27741341, 26790979, 26790979, 26790979, 26553020, 26553020, 26368885, 26368885, 26368885, 26368885, 26368885, 26368885, 26368885, 26368885, 26368885, 26368885, 26049543, 26049543, 26049543, 26049543, 26279009, 26049543, 26049543, 26049543, 26049543, 26049543, 26049543, 26049543, 26049543, 26049543, 26049543, 26049543, 26049543, 26049543, 26049543, 26049543, 26279009, 26049543, 26049543, 26049543, 26049543, 26049543, 26326183, 26326183, 26326183, 26326183, 27165031, 26645180, 26645180, 26444528, 26444528, 26444528, 26444528, 26444528, 26444528, 26444528, 26444528, 26444528, 26444528, 26444528, 26444528, 26444528, 26444528, 26444528, 26444528, 26444528, 26444528, 26444528, 26444528, 26444528, 26444528, 26444528, 26444528, 26444528, 26444528, 26444528, 26444528, 26444528, 26444528, 26444528, 26444528, 26444528, 26444528, 26444528, 26380886, 26380886, 26380886, 26380886, 26428822, 26428822, 26428822, 26428822, 26428822, 26428822, 26428822, 352829925, 66688338, 26759908, 26726923, 26726923, 26726923, 26790979, 26790979, 26790979, 26790979, 26790979, 26790979, 26790979, 26790979, 26790979, 26790979, 26790979, 26790979, 26790979, 26790979, 25722010, 25403215, 25648437, 25648437, 25648437, 25648437, 25648437, 25648437, 25648437, 25648437, 25648437, 25648437, 25648437, 25648437, 25648437, 25648437, 25648437, 25746831, 25648437, 25648437, 25648437, 25648437, 25648437, 25648437, 25648437, 25648437, 25648437, 25648437, 25648437, 26902887, 26706189, 26706189, 26706189, 26706189, 26706189, 26706189, 26706189, 26706189, 26706189, 26706189, 26706189]",0,0,0,CXL,0,10485760,0,10485760,10485760,10485760,1.0,hot,0,0,0,0,1.0,20971520
0,19,meta-llama/Llama-3.1-8B,125,347,1823890667,21941723533,20117832866,107799222,158399831,90314176,"[30154385, 26822699, 29747880, 26844708, 93558915, 27059851, 27059851, 29019418, 190839741, 146937332, 63155925, 27764953, 27764953, 27764953, 27764953, 27764953, 27764953, 27764953, 27764953, 27764953, 27764953, 27684411, 27684411, 27684411, 27684411, 27684411, 27684411, 27684411, 27684411, 27685307, 27685307, 27685307, 27685307, 27685307, 27685307, 27685307, 27685307, 27685307, 27685307, 27685307, 27685307, 27685307, 27685307, 27685307, 27685307, 27685307, 27685307, 27685307, 27685307, 27685307, 27685307, 27685307, 27685307, 27685307, 27685307, 27685307, 27685307, 4138714428, 26349776, 2381081974, 27238503, 26615821, 26615821, 26235158, 26235158, 26235158, 1090563833, 26759908, 26759908, 26287926, 2087069405, 26726923, 26726923, 26726923, 26726923, 26726923, 26726923, 26726923, 26726923, 26726923, 26726923, 26726923, 26726923, 26726923, 26726923, 26726923, 26726923, 26726923, 26726923, 26726923, 26726923, 26726923, 26726923, 26726923, 26726923, 26726923, 26726923, 26726923, 26726923, 26726923, 26726923, 26726923, 26726923, 26726923, 26726923, 26726923, 26726923, 26726923, 26044318, 26675090, 26445624, 26445624, 26445624, 26445624, 1462063934, 26790979, 26790979, 26790979, 26553020, 26553020, 1073905663, 26645180, 26645180, 26444528, 26444528, 26444528, 26444528, 26444528, 26444528, 26444528, 26444528, 26444528, 26444528, 26444528, 26444528, 26444528, 26444528, 26444528, 26444528, 26444528, 26444528, 26444528, 26444528, 26444528, 26444528, 26444528, 26444528, 26444528, 26444528, 26444528, 26444528, 26444528, 26444528, 26444528, 26444528, 26444528, 26444528, 26444528, 26380886, 26380886, 26380886, 26380886, 26428822, 26428822, 26428822, 26428822, 26428822, 26428822, 26428822, 352829925, 66688338, 26759908, 26726923, 26726923, 26726923, 26790979, 26790979, 26790979, 26790979, 26790979, 26790979, 26790979, 26790979, 26790979, 26790979, 26790979, 26790979, 26790979, 26790979, 25722010, 744912295, 26706189, 26706189, 26706189, 26706189, 26706189, 26706189, 26706189, 26706189, 26706189, 26706189, 26706189, 113116696, 25722010, 25722010, 25914165, 129882476, 25485022, 25485022, 25485022, 328837849, 25335007, 25335007, 25335007, 25335007, 25335007, 25335007, 25335007, 25335007, 25335007, 25335007]",0,0,0,NPU,0,0,0,0,0,0,1.0,hot,0,0,0,0,1.0,0
0,17,meta-llama/Llama-3.1-8B,8,316,1732914662,23200392015,21467477353,198775227,249375836,69114337,"[30154385, 26822699, 29747880, 26844708, 93558915, 27059851, 27059851, 29019418, 190839741, 146937332, 63155925, 27764953, 27764953, 27764953, 27764953, 27764953, 27764953, 27764953, 27764953, 27764953, 27764953, 27684411, 27684411, 27684411, 27684411, 27684411, 27684411, 27684411, 27684411, 27685307, 27685307, 27685307, 27685307, 27685307, 27685307, 27685307, 27685307, 27685307, 27685307, 27685307, 27685307, 27685307, 27685307, 27685307, 27685307, 27685307, 27685307, 27685307, 27685307, 27685307, 27685307, 27685307, 27685307, 27685307, 27685307, 27685307, 27685307, 26520888, 325840203, 26520888, 26520888, 3733311561, 26349776, 1988724744, 26235158, 26235158, 26235158, 26235158, 26235158, 26235158, 26235158, 208711124, 27238503, 26615821, 26615821, 26235158, 26235158, 26235158, 26464944, 1064098889, 26759908, 26759908, 26287926, 2087069405, 26726923, 26726923, 26726923, 26726923, 26726923, 26726923, 26726923, 26726923, 26726923, 26726923, 26726923, 26726923, 26726923, 26726923, 26726923, 26726923, 26726923, 26726923, 26726923, 26726923, 26726923, 26726923, 26726923, 26726923, 26726923, 26726923, 26726923, 26726923, 26726923, 26726923, 26726923, 26726923, 26726923, 26726923, 26726923, 26726923, 26726923, 26044318, 26675090, 26445624, 26445624, 26445624, 26445624, 1147472663, 25853850, 25853850, 25853850, 25853850, 25853850, 25853850, 25853850, 133614321, 26790979, 26790979, 26790979, 26553020, 26553020, 26368885, 26368885, 26368885, 26368885, 26368885, 26368885, 26368885, 26368885, 26368885, 26368885, 810216813, 26645180, 26645180, 26444528, 26444528, 26444528, 26444528, 26444528, 26444528, 26444528, 26444528, 26444528, 26444528, 26444528, 26444528, 26444528, 26444528, 26444528, 26444528, 26444528, 26444528, 26444528, 26444528, 26444528, 26444528, 26444528, 26444528, 26444528, 26444528, 26444528, 26444528, 26444528, 26444528, 26444528, 26444528, 26444528, 26444528, 26444528, 26380886, 26380886, 26380886, 26380886, 26428822, 26428822, 26428822, 26428822, 26428822, 26428822, 26428822, 352829925, 66688338, 26759908, 26726923, 26726923, 26726923, 26790979, 26790979, 26790979, 26790979, 26790979, 26790979, 26790979, 26790979, 26790979, 26790979, 26790979, 26790979, 26790979, 26790979, 25722010, 744912295, 26706189, 26706189, 26706189, 26706189, 26706189, 26706189, 26706189, 26706189, 26706189, 26706189, 26706189, 113116696, 25722010, 25722010, 25914165, 129882476, 25485022, 25485022, 25485022, 25274357, 25304821, 25304821, 25304821, 25304821, 25304821, 177039387, 25335007, 25335007, 25335007, 25335007, 25335007, 25335007, 25335007, 25335007, 25335007, 25335007, 26968423, 26706189, 26706189, 26706189, 26706189, 26706189, 26706189, 26706189, 26706189, 26706189, 26706189, 26820478, 26820478, 26246582, 26097524, 25485022, 25304821, 25304821, 25304821, 25304821, 25304821, 25127343, 24996181, 25335007, 25335007, 25335007, 25335007, 25335007, 25335007, 25335007, 25335007, 25335007, 25335007, 25335007, 25335007, 25335007, 25335007, 25302799, 25138869, 25138869, 25138869, 25138869, 25138869, 25138869, 25138869, 25138869, 25138869, 25138869, 25138869]",0,0,0,CXL,0,44040192,0,44040192,44040192,44040192,1.0,hot,0,0,0,0,1.0,88080384
0,31,meta-llama/Llama-3.1-8B,1998,2048,2529630331,23280622557,20750992226,16467157830,16819987755,80224581,"[66688338, 26759908, 26726923, 26726923, 26726923, 26790979, 26790979, 26790979, 26790979, 26790979, 26790979, 26790979, 26790979, 26790979, 26790979, 26790979, 26790979, 26790979, 26790979, 770634305, 26706189, 26706189, 26706189, 26706189, 26706189, 26706189, 26706189, 26706189, 26706189, 26706189, 26706189, 113116696, 892852069, 26706189, 26706189, 26706189, 26706189, 26706189, 26706189, 26706189, 26706189, 26706189, 26706189, 26820478, 26820478, 26246582, 911690813, 26645180, 26645180]",0,0,0,NPU,0,0,0,0,0,0,1.0,hot,0,0,0,0,1.0,0
0,12,meta-llama/Llama-3.1-8B,13,483,1558048705,23607162267,22049113562,5226836,32806038,46943086,"[27566604, 27529230, 285739312, 50600609, 30154385, 26822699, 29747880, 26844708, 93558915, 27059851, 27059851, 29019418, 190839741, 146937332, 63155925, 27764953, 27764953, 27764953, 27764953, 27764953, 27764953, 27764953, 27764953, 27764953, 27764953, 27684411, 27684411, 27684411, 27684411, 27684411, 27684411, 27684411, 27684411, 27685307, 27685307, 27685307, 27685307, 27685307, 27685307, 27685307, 27685307, 27685307, 27685307, 27685307, 27685307, 27685307, 27685307, 27685307, 27685307, 27685307, 27685307, 27685307, 27685307, 27685307, 27685307, 27685307, 27685307, 27685307, 27685307, 27685307, 27685307, 26520888, 325840203, 26520888, 26520888, 2372085406, 25782115, 25782115, 25782115, 25782115, 25782115, 25811664, 229513498, 976990418, 26349776, 1988724744, 26235158, 26235158, 26235158, 26235158, 26235158, 26235158, 26235158, 26475376, 26475376, 25984852, 25820922, 25820922, 25820922, 25820922, 26491832, 27238503, 26615821, 26615821, 26235158, 26235158, 26235158, 26464944, 103678574, 25853850, 25853850, 25853850, 25853850, 25853850, 290491270, 25853850, 25969703, 488836242, 26759908, 26759908, 26287926, 25668423, 25668423, 25668423, 1774760299, 25969703, 25969703, 25969703, 25969703, 25969703, 25969703, 25969703, 25969703, 27546213, 26726923, 26726923, 26726923, 26726923, 26726923, 26726923, 26726923, 26726923, 26726923, 26726923, 26726923, 26726923, 26726923, 26726923, 26726923, 26726923, 26726923, 26726923, 26726923, 26726923, 26726923, 26726923, 26726923, 26726923, 26726923, 26726923, 26726923, 26726923, 26726923, 26726923, 26726923, 26726923, 26726923, 26726923, 26726923, 26726923, 26726923, 26044318, 26675090, 26445624, 26445624, 26445624, 26445624, 26049543, 26049543, 26049543, 26049543, 25487317, 25487317, 25487317, 25487317, 25487317, 25487317, 25487317, 26279009, 26049543, 26049543, 26049543, 26049543, 26049543, 26049543, 26049543, 26049543, 26049543, 26049543, 26049543, 26049543, 26049543, 26049543, 26326183, 26555649, 26326183, 26326183, 26326183, 26326183, 26326183, 26326183, 26326183, 26326183, 26326183, 26326183, 26326183, 26326183, 26326183, 26326183, 26326183, 26116084, 25853850, 25853850, 25853850, 25853850, 25853850, 25853850, 25853850, 26468245, 26468245, 26468245, 26468245, 27741341, 26790979, 26790979, 26790979, 26553020, 26553020, 26368885, 26368885, 26368885, 26368885, 26368885, 26368885, 26368885, 26368885, 26368885, 26368885, 26049543, 26049543, 26049543, 26049543, 26279009, 26049543, 26049543, 26049543, 26049543, 26049543, 26049543, 26049543, 26049543, 26049543, 26049543, 26049543, 26049543, 26049543, 26049543, 26049543, 26279009, 26049543, 26049543, 26049543, 26049543, 26049543, 26326183, 26326183, 26326183, 26326183, 27165031, 26645180, 26645180, 26444528, 26444528, 26444528, 26444528, 26444528, 26444528, 26444528, 26444528, 26444528, 26444528, 26444528, 26444528, 26444528, 26444528, 26444528, 26444528, 26444528, 26444528, 26444528, 26444528, 26444528, 26444528, 26444528, 26444528, 26444528, 26444528, 26444528, 26444528, 26444528, 26444528, 26444528, 26444528, 26444528, 26444528, 26444528, 26380886, 26380886, 26380886, 26380886, 26428822, 26428822, 26428822, 26428822, 26428822, 26428822, 26428822, 352829925, 66688338, 26759908, 26726923, 26726923, 26726923, 26790979, 26790979, 26790979, 26790979, 26790979, 26790979, 26790979, 26790979, 26790979, 26790979, 26790979, 26790979, 26790979, 26790979, 25722010, 25403215, 25648437, 25648437, 25648437, 25648437, 25648437, 25648437, 25648437, 25648437, 25648437, 25648437, 25648437, 25648437, 25648437, 25648437, 25648437, 25746831, 25648437, 25648437, 25648437, 25648437, 25648437, 25648437, 25648437, 25648437, 25648437, 25648437, 25648437, 26902887, 26706189, 26706189, 26706189, 26706189, 26706189, 26706189, 26706189, 26706189, 26706189, 26706189, 26706189, 113116696, 25722010, 25722010, 25914165, 26007326, 26007326, 26007326, 26007326, 25853172, 25485022, 25485022, 25485022, 25274357, 25304821, 25304821, 25304821, 25304821, 25304821, 25262203, 25262203, 25262203, 25262203, 25262203, 25262203, 25466169, 25335007, 25335007, 25335007, 25335007, 25335007, 25335007, 25335007, 25335007, 25335007, 25335007, 26968423, 26706189, 26706189, 26706189, 26706189, 26706189, 26706189, 26706189, 26706189, 26706189, 26706189, 26820478, 26820478, 26246582, 26097524, 25485022, 25304821, 25304821, 25304821, 25304821, 25304821, 25127343, 24996181, 25335007, 25335007, 25335007, 25335007, 25335007, 25335007, 25335007, 25335007, 25335007, 25335007, 25335007, 25335007, 25335007, 25335007, 25302799, 25138869, 25138869, 25138869, 25138869, 25138869, 25138869, 25138869, 25138869, 25138869, 25138869, 25138869, 26940182, 26645180, 26645180, 246604170, 26645180, 26645180, 26645180]",0,0,0,CXL,0,23068672,0,23068672,23068672,23068672,1.0,hot,0,0,0,0,1.0,46137344
0,20,meta-llama/Llama-3.1-8B,32,307,1918527754,24030274715,22111746961,13162135,63762744,80467095,"[30154385, 26822699, 29747880, 26844708, 93558915, 27059851, 27059851, 29019418, 190839741, 146937332, 63155925, 27764953, 27764953, 27764953, 27764953, 27764953, 27764953, 27764953, 27764953, 27764953, 27764953, 27684411, 27684411, 27684411, 27684411, 27684411, 27684411, 27684411, 27684411, 27685307, 27685307, 27685307, 27685307, 27685307, 27685307, 27685307, 27685307, 27685307, 27685307, 27685307, 27685307, 27685307, 27685307, 27685307, 27685307, 27685307, 27685307, 27685307, 27685307, 27685307, 27685307, 27685307, 27685307, 27685307, 27685307, 27685307, 27685307, 4138714428, 26349776, 2381081974, 27238503, 26615821, 26615821, 1169269307, 26759908, 26759908, 26287926, 2087069405, 26726923, 26726923, 26726923, 26726923, 26726923, 26726923, 26726923, 26726923, 26726923, 26726923, 26726923, 26726923, 26726923, 26726923, 26726923, 26726923, 26726923, 26726923, 26726923, 26726923, 26726923, 26726923, 26726923, 26726923, 26726923, 26726923, 26726923, 26726923, 26726923, 26726923, 26726923, 26726923, 26726923, 26726923, 26726923, 26726923, 26726923, 26044318, 26675090, 26445624, 26445624, 26445624, 26445624, 1462063934, 26790979, 26790979, 26790979, 26553020, 26553020, 1073905663, 26645180, 26645180, 26444528, 26444528, 26444528, 26444528, 26444528, 26444528, 26444528, 26444528, 26444528, 26444528, 26444528, 26444528, 26444528, 26444528, 26444528, 26444528, 26444528, 26444528, 26444528, 26444528, 26444528, 26444528, 26444528, 26444528, 26444528, 26444528, 26444528, 26444528, 26444528, 26444528, 26444528, 26444528, 26444528, 26444528, 26444528, 26380886, 26380886, 26380886, 26380886, 26428822, 26428822, 26428822, 26428822, 26428822, 26428822, 26428822, 352829925, 66688338, 26759908, 26726923, 26726923, 26726923, 26790979, 26790979, 26790979, 26790979, 26790979, 26790979, 26790979, 26790979, 26790979, 26790979, 26790979, 26790979, 26790979, 26790979, 25722010, 744912295, 26706189, 26706189, 26706189, 26706189, 26706189, 26706189, 26706189, 26706189, 26706189, 26706189, 26706189, 113116696, 25722010, 25722010, 25914165, 129882476, 25485022, 25485022, 25485022, 609156342, 26706189, 26706189, 26706189, 26706189, 26706189, 26706189, 26706189, 26706189, 26706189, 26706189, 26820478, 26820478, 26246582, 26097524, 25485022, 151651448, 24996181, 25335007, 25335007, 25335007, 25335007, 25335007, 25335007, 25335007, 25335007, 25335007, 25335007, 25335007, 25335007, 25335007, 25335007, 25302799, 25138869, 25138869, 25138869, 25138869, 25138869, 25138869, 25138869, 25138869, 25138869, 25138869, 25138869, 26940182, 26645180, 26645180, 246604170, 26645180, 26645180, 26645180, 26444528, 26444528, 26444528, 26444528, 26444528, 26444528, 26444528, 26444528, 26444528, 26444528, 26444528, 26444528, 26444528, 26444528, 26444528, 26444528]",0,0,0,NPU,0,0,0,0,0,0,1.0,hot,0,0,0,0,1.0,0
0,27,meta-llama/Llama-3.1-8B,14,230,2322894048,24056655601,21733761553,140503898,287441230,99750327,"[63155925, 27764953, 27764953, 27764953, 27764953, 27764953, 27764953, 27764953, 27764953, 27764953, 27764953, 27684411, 27684411, 27684411, 27684411, 27684411, 27684411, 27684411, 27684411, 27685307, 27685307, 27685307, 27685307, 27685307, 27685307, 27685307, 27685307, 27685307, 27685307, 27685307, 27685307, 27685307, 27685307, 27685307, 27685307, 27685307, 27685307, 27685307, 27685307, 27685307, 27685307, 27685307, 27685307, 27685307, 27685307, 27685307, 27685307, 7795885630, 26759908, 26759908, 2113357331, 26726923, 26726923, 26726923, 26726923, 26726923, 26726923, 26726923, 26726923, 26726923, 26726923, 26726923, 26726923, 26726923, 26726923, 26726923, 26726923, 26726923, 26726923, 26726923, 26726923, 26726923, 26726923, 26726923, 26726923, 26726923, 26726923, 26726923, 26726923, 26726923, 26726923, 26726923, 26726923, 26726923, 26726923, 26726923, 26726923, 26726923, 1620565838, 26790979, 26790979, 26790979, 26553020, 26553020, 1073905663, 26645180, 26645180, 26444528, 26444528, 26444528, 26444528, 26444528, 26444528, 26444528, 26444528, 26444528, 26444528, 26444528, 26444528, 26444528, 26444528, 26444528, 26444528, 26444528, 26444528, 26444528, 26444528, 26444528, 26444528, 26444528, 26444528, 26444528, 26444528, 26444528, 26444528, 26444528, 26444528, 26444528, 26444528, 26444528, 26444528, 26444528, 26380886, 26380886, 26380886, 26380886, 26428822, 26428822, 26428822, 26428822, 26428822, 26428822, 26428822, 352829925, 66688338, 26759908, 26726923, 26726923, 26726923, 26790979, 26790979, 26790979, 26790979, 26790979, 26790979, 26790979, 26790979, 26790979, 26790979, 26790979, 26790979, 26790979, 26790979, 770634305, 26706189, 26706189, 26706189, 26706189, 26706189, 26706189, 26706189, 26706189, 26706189, 26706189, 26706189, 113116696, 892852069, 26706189, 26706189, 26706189, 26706189, 26706189, 26706189, 26706189, 26706189, 26706189, 26706189, 26820478, 26820478, 26246582, 26097524, 885593289, 26645180, 26645180, 246604170, 26645180, 26645180, 26645180, 26444528, 26444528, 26444528, 26444528, 26444528, 26444528, 26444528, 26444528, 26444528, 26444528, 26444528, 26444528, 26444528, 26444528, 26444528, 26444528, 26380886]",0,0,0,CXL,0,48234496,0,48234496,48234496,48234496,1.0,hot,0,0,0,0,1.0,96468992
0,26,meta-llama/Llama-3.1-8B,971,1236,2250691133,25504063263,23253372130,21867072,212706813,87275247,"[146937332, 63155925, 27764953, 27764953, 27764953, 27764953, 27764953, 27764953, 27764953, 27764953, 27764953, 27764953, 27684411, 27684411, 27684411, 27684411, 27684411, 27684411, 27684411, 27684411, 27685307, 27685307, 27685307, 27685307, 27685307, 27685307, 27685307, 27685307, 27685307, 27685307, 27685307, 27685307, 27685307, 27685307, 27685307, 27685307, 27685307, 27685307, 27685307, 27685307, 27685307, 27685307, 27685307, 27685307, 27685307, 27685307, 27685307, 27685307, 6573384681, 26615821, 26615821, 1169269307, 26759908, 26759908, 2113357331, 26726923, 26726923, 26726923, 26726923, 26726923, 26726923, 26726923, 26726923, 26726923, 26726923, 26726923, 26726923, 26726923, 26726923, 26726923, 26726923, 26726923, 26726923, 26726923, 26726923, 26726923, 26726923, 26726923, 26726923, 26726923, 26726923, 26726923, 26726923, 26726923, 26726923, 26726923, 26726923, 26726923, 26726923, 26726923, 26726923, 26726923, 1620565838, 26790979, 26790979, 26790979, 26553020, 26553020, 1073905663, 26645180, 26645180, 26444528, 26444528, 26444528, 26444528, 26444528, 26444528, 26444528, 26444528, 26444528, 26444528, 26444528, 26444528, 26444528, 26444528, 26444528, 26444528, 26444528, 26444528, 26444528, 26444528, 26444528, 26444528, 26444528, 26444528, 26444528, 26444528, 26444528, 26444528, 26444528, 26444528, 26444528, 26444528, 26444528, 26444528, 26444528, 26380886, 26380886, 26380886, 26380886, 26428822, 26428822, 26428822, 26428822, 26428822, 26428822, 26428822, 352829925, 66688338, 26759908, 26726923, 26726923, 26726923, 26790979, 26790979, 26790979, 26790979, 26790979, 26790979, 26790979, 26790979, 26790979, 26790979, 26790979, 26790979, 26790979, 26790979, 770634305, 26706189, 26706189, 26706189, 26706189, 26706189, 26706189, 26706189, 26706189, 26706189, 26706189, 26706189, 113116696, 892852069, 26706189, 26706189, 26706189, 26706189, 26706189, 26706189, 26706189, 26706189, 26706189, 26706189, 26820478, 26820478, 26246582, 26097524, 885593289, 26645180, 26645180, 246604170, 26645180, 26645180, 26645180, 26444528, 26444528, 26444528, 26444528, 26444528, 26444528, 26444528, 26444528, 26444528, 26444528, 26444528, 26444528, 26444528, 26444528, 26444528, 26444528, 26380886, 209434769, 26428822, 26428822, 26428822, 26428822, 26428822, 26428822, 26428822, 26428822, 26428822, 26428822, 26428822, 26598351, 26368885, 26368885, 26368885, 26368885, 26368885, 26368885, 26368885, 26368885, 26368885, 26368885, 26368885, 26368885, 102139182, 26368885, 26368885, 26368885, 26368885, 26368885, 26468245, 26468245, 26468245, 26468245, 26468245, 26468245, 26468245, 26468245, 26468245, 25897854, 26730479, 26468245, 26468245, 26468245]",0,0,0,NPU,0,0,0,0,0,0,1.0,hot,0,0,0,0,1.0,0
0,43,meta-llama/Llama-3.1-8B,469,470,3880823975,25665136764,21784312789,21623239288,21784312789,0,[],0,0,0,NPU,0,0,0,0,0,0,1.0,hot,0,0,0,0,1.0,0
0,25,meta-llama/Llama-3.1-8B,8,283,2228417547,25742255245,23513837698,15121240,44140658,85655828,"[190839741, 146937332, 63155925, 27764953, 27764953, 27764953, 27764953, 27764953, 27764953, 27764953, 27764953, 27764953, 27764953, 27684411, 27684411, 27684411, 27684411, 27684411, 27684411, 27684411, 27684411, 27685307, 27685307, 27685307, 27685307, 27685307, 27685307, 27685307, 27685307, 27685307, 27685307, 27685307, 27685307, 27685307, 27685307, 27685307, 27685307, 27685307, 27685307, 27685307, 27685307, 27685307, 27685307, 27685307, 27685307, 27685307, 27685307, 27685307, 27685307, 6573384681, 26615821, 26615821, 1169269307, 26759908, 26759908, 2113357331, 26726923, 26726923, 26726923, 26726923, 26726923, 26726923, 26726923, 26726923, 26726923, 26726923, 26726923, 26726923, 26726923, 26726923, 26726923, 26726923, 26726923, 26726923, 26726923, 26726923, 26726923, 26726923, 26726923, 26726923, 26726923, 26726923, 26726923, 26726923, 26726923, 26726923, 26726923, 26726923, 26726923, 26726923, 26726923, 26726923, 26726923, 1620565838, 26790979, 26790979, 26790979, 26553020, 26553020, 1073905663, 26645180, 26645180, 26444528, 26444528, 26444528, 26444528, 26444528, 26444528, 26444528, 26444528, 26444528, 26444528, 26444528, 26444528, 26444528, 26444528, 26444528, 26444528, 26444528, 26444528, 26444528, 26444528, 26444528, 26444528, 26444528, 26444528, 26444528, 26444528, 26444528, 26444528, 26444528, 26444528, 26444528, 26444528, 26444528, 26444528, 26444528, 26380886, 26380886, 26380886, 26380886, 26428822, 26428822, 26428822, 26428822, 26428822, 26428822, 26428822, 352829925, 66688338, 26759908, 26726923, 26726923, 26726923, 26790979, 26790979, 26790979, 26790979, 26790979, 26790979, 26790979, 26790979, 26790979, 26790979, 26790979, 26790979, 26790979, 26790979, 770634305, 26706189, 26706189, 26706189, 26706189, 26706189, 26706189, 26706189, 26706189, 26706189, 26706189, 26706189, 113116696, 25722010, 25722010, 155796641, 685611408, 26706189, 26706189, 26706189, 26706189, 26706189, 26706189, 26706189, 26706189, 26706189, 26706189, 26820478, 26820478, 26246582, 26097524, 885593289, 26645180, 26645180, 246604170, 26645180, 26645180, 26645180, 26444528, 26444528, 26444528, 26444528, 26444528, 26444528, 26444528, 26444528, 26444528, 26444528, 26444528, 26444528, 26444528, 26444528, 26444528, 26444528, 26380886, 209434769, 26428822, 26428822, 26428822, 26428822, 26428822, 26428822, 26428822, 26428822, 26428822, 26428822, 26428822, 26598351, 26368885, 26368885, 26368885, 26368885, 26368885, 26368885, 26368885, 26368885, 26368885, 26368885, 26368885, 26368885, 25138869, 25138869, 25263093, 26598351, 26368885, 26368885, 26368885, 26368885, 26368885, 26468245, 26468245, 26468245, 26468245, 26468245, 26468245, 26468245, 26468245, 26468245, 25897854, 26730479, 26468245, 26468245, 26468245, 161073501, 50473301, 26645180]",0,0,0,CXL,0,54525952,0,54525952,54525952,54525952,1.0,hot,0,0,0,0,1.0,109051904
0,39,meta-llama/Llama-3.1-8B,121,208,3555912370,26694449773,23138537403,17406810821,17519927517,65332673,"[892852069, 26706189, 26706189, 26706189, 26706189, 26706189, 26706189, 26706189, 26706189, 26706189, 26706189, 991578351, 26645180, 26645180, 246604170, 26645180, 26645180, 26645180, 26444528, 26444528, 26444528, 26444528, 26444528, 26444528, 26444528, 26444528, 26444528, 26444528, 26444528, 26444528, 26444528, 26444528, 26444528, 26444528, 26380886, 209434769, 26428822, 26428822, 26428822, 26428822, 26428822, 26428822, 26428822, 26428822, 26428822, 26428822, 26428822, 1108329352, 50473301, 26645180, 26444528, 26444528, 26444528, 26444528, 26444528, 26444528, 26444528, 26444528, 26444528, 26444528, 26444528, 26444528, 26444528, 26444528, 26444528, 26444528, 26444528, 26454608, 26454608, 26454608, 26454608, 26454608, 26454608, 26454608, 26454608, 26454608, 26454608, 26454608, 26454608, 26454608, 26454608, 26454608, 26454608, 26454608, 26454608, 26454608]",0,0,0,NPU,0,0,0,0,0,0,1.0,hot,0,0,0,0,1.0,0
0,16,meta-llama/Llama-3.1-8B,24,532,1658521879,27761498001,26102976122,273168010,323768619,50846563,"[30154385, 26822699, 29747880, 26844708, 93558915, 27059851, 27059851, 29019418, 190839741, 146937332, 63155925, 27764953, 27764953, 27764953, 27764953, 27764953, 27764953, 27764953, 27764953, 27764953, 27764953, 27684411, 27684411, 27684411, 27684411, 27684411, 27684411, 27684411, 27684411, 27685307, 27685307, 27685307, 27685307, 27685307, 27685307, 27685307, 27685307, 27685307, 27685307, 27685307, 27685307, 27685307, 27685307, 27685307, 27685307, 27685307, 27685307, 27685307, 27685307, 27685307, 27685307, 27685307, 27685307, 27685307, 27685307, 27685307, 27685307, 26520888, 325840203, 26520888, 26520888, 2372085406, 25782115, 25782115, 25782115, 25782115, 25782115, 1232315580, 26349776, 1988724744, 26235158, 26235158, 26235158, 26235158, 26235158, 26235158, 26235158, 26475376, 26475376, 155760372, 27238503, 26615821, 26615821, 26235158, 26235158, 26235158, 26464944, 1064098889, 26759908, 26759908, 26287926, 2087069405, 26726923, 26726923, 26726923, 26726923, 26726923, 26726923, 26726923, 26726923, 26726923, 26726923, 26726923, 26726923, 26726923, 26726923, 26726923, 26726923, 26726923, 26726923, 26726923, 26726923, 26726923, 26726923, 26726923, 26726923, 26726923, 26726923, 26726923, 26726923, 26726923, 26726923, 26726923, 26726923, 26726923, 26726923, 26726923, 26726923, 26726923, 26044318, 26675090, 26445624, 26445624, 26445624, 26445624, 1147472663, 25853850, 25853850, 25853850, 25853850, 25853850, 25853850, 25853850, 26468245, 26468245, 26468245, 26468245, 27741341, 26790979, 26790979, 26790979, 26553020, 26553020, 26368885, 26368885, 26368885, 26368885, 26368885, 26368885, 26368885, 26368885, 26368885, 26368885, 26049543, 26049543, 26049543, 26049543, 26279009, 26049543, 26049543, 26049543, 26049543, 26049543, 26049543, 26049543, 26049543, 26049543, 26049543, 26049543, 26049543, 26049543, 26049543, 26049543, 26279009, 26049543, 26049543, 26049543, 26049543, 26049543, 26326183, 26326183, 26326183, 26326183, 27165031, 26645180, 26645180, 26444528, 26444528, 26444528, 26444528, 26444528, 26444528, 26444528, 26444528, 26444528, 26444528, 26444528, 26444528, 26444528, 26444528, 26444528, 26444528, 26444528, 26444528, 26444528, 26444528, 26444528, 26444528, 26444528, 26444528, 26444528, 26444528, 26444528, 26444528, 26444528, 26444528, 26444528, 26444528, 26444528, 26444528, 26444528, 26380886, 26380886, 26380886, 26380886, 26428822, 26428822, 26428822, 26428822, 26428822, 26428822, 26428822, 352829925, 66688338, 26759908, 26726923, 26726923, 26726923, 26790979, 26790979, 26790979, 26790979, 26790979, 26790979, 26790979, 26790979, 26790979, 26790979, 26790979, 26790979, 26790979, 26790979, 25722010, 744912295, 26706189, 26706189, 26706189, 26706189, 26706189, 26706189, 26706189, 26706189, 26706189, 26706189, 26706189, 113116696, 25722010, 25722010, 25914165, 129882476, 25485022, 25485022, 25485022, 25274357, 25304821, 25304821, 25304821, 25304821, 25304821, 25262203, 25262203, 25262203, 25262203, 25262203, 25262203, 25466169, 25335007, 25335007, 25335007, 25335007, 25335007, 25335007, 25335007, 25335007, 25335007, 25335007, 26968423, 26706189, 26706189, 26706189, 26706189, 26706189, 26706189, 26706189, 26706189, 26706189, 26706189, 26820478, 26820478, 26246582, 26097524, 25485022, 25304821, 25304821, 25304821, 25304821, 25304821, 25127343, 24996181, 25335007, 25335007, 25335007, 25335007, 25335007, 25335007, 25335007, 25335007, 25335007, 25335007, 25335007, 25335007, 25335007, 25335007, 25302799, 25138869, 25138869, 25138869, 25138869, 25138869, 25138869, 25138869, 25138869, 25138869, 25138869, 25138869, 26940182, 26645180, 26645180, 246604170, 26645180, 26645180, 26645180, 26444528, 26444528, 26444528, 26444528, 26444528, 26444528, 26444528, 26444528, 26444528, 26444528, 26444528, 26444528, 26444528, 26444528, 26444528, 26444528, 26380886, 209434769, 26428822, 26428822, 26428822, 26428822, 26428822, 26428822, 26428822, 26428822, 26428822, 26428822, 26428822, 26598351, 26368885, 26368885, 26368885, 26368885, 26368885, 26368885, 26368885, 26368885, 26368885, 26368885, 26368885, 26368885, 25138869, 25138869, 25263093, 26598351, 26368885, 26368885, 26368885, 26368885, 26368885, 26468245, 26468245, 26468245, 26468245, 26468245, 26468245, 26468245, 26468245, 26468245, 25897854, 26730479, 26468245, 26468245, 26468245, 161073501, 50473301, 26645180, 26444528, 26444528, 26444528, 26444528, 26444528, 26444528, 26444528, 26444528, 26444528, 26444528, 26444528, 26444528, 26444528, 26444528, 26444528, 26444528, 26444528, 26454608, 26454608, 26454608, 26454608, 26454608, 26454608, 26454608, 26454608, 26454608, 26454608, 26454608, 26454608, 26454608, 26454608, 26454608, 26454608, 26454608, 26454608, 26454608, 26428822, 26428822, 26428822, 26428822, 26428822, 26428822, 26428822, 26464944, 26464944, 26464944, 26464944, 25619925, 25619925, 25619925, 25619925, 25619925, 25619925, 25536603, 25536603, 25536603, 25536603, 26628874, 26464944, 26464944, 26464944, 25732479, 25732479, 25732479, 25732479, 25732479, 25732479, 25732479, 25732479, 25732479, 25732479, 25732479, 25732479, 26622648, 26294878, 26294878, 26294878]",0,0,0,NPU,0,0,0,0,0,0,1.0,hot,0,0,0,0,1.0,0
0,24,meta-llama/Llama-3.1-8B,382,741,2074623946,27788719267,25714095321,21236224,114795139,71506425,"[27059851, 27059851, 29019418, 190839741, 146937332, 63155925, 27764953, 27764953, 27764953, 27764953, 27764953, 27764953, 27764953, 27764953, 27764953, 27764953, 27684411, 27684411, 27684411, 27684411, 27684411, 27684411, 27684411, 27684411, 27685307, 27685307, 27685307, 27685307, 27685307, 27685307, 27685307, 27685307, 27685307, 27685307, 27685307, 27685307, 27685307, 27685307, 27685307, 27685307, 27685307, 27685307, 27685307, 27685307, 27685307, 27685307, 27685307, 27685307, 27685307, 27685307, 27685307, 27685307, 6573384681, 26615821, 26615821, 1169269307, 26759908, 26759908, 26287926, 2087069405, 26726923, 26726923, 26726923, 26726923, 26726923, 26726923, 26726923, 26726923, 26726923, 26726923, 26726923, 26726923, 26726923, 26726923, 26726923, 26726923, 26726923, 26726923, 26726923, 26726923, 26726923, 26726923, 26726923, 26726923, 26726923, 26726923, 26726923, 26726923, 26726923, 26726923, 26726923, 26726923, 26726923, 26726923, 26726923, 26726923, 26726923, 52719408, 26445624, 26445624, 26445624, 26445624, 1462063934, 26790979, 26790979, 26790979, 26553020, 26553020, 1073905663, 26645180, 26645180, 26444528, 26444528, 26444528, 26444528, 26444528, 26444528, 26444528, 26444528, 26444528, 26444528, 26444528, 26444528, 26444528, 26444528, 26444528, 26444528, 26444528, 26444528, 26444528, 26444528, 26444528, 26444528, 26444528, 26444528, 26444528, 26444528, 26444528, 26444528, 26444528, 26444528, 26444528, 26444528, 26444528, 26444528, 26444528, 26380886, 26380886, 26380886, 26380886, 26428822, 26428822, 26428822, 26428822, 26428822, 26428822, 26428822, 352829925, 66688338, 26759908, 26726923, 26726923, 26726923, 26790979, 26790979, 26790979, 26790979, 26790979, 26790979, 26790979, 26790979, 26790979, 26790979, 26790979, 26790979, 26790979, 26790979, 770634305, 26706189, 26706189, 26706189, 26706189, 26706189, 26706189, 26706189, 26706189, 26706189, 26706189, 26706189, 113116696, 25722010, 25722010, 25914165, 129882476, 685611408, 26706189, 26706189, 26706189, 26706189, 26706189, 26706189, 26706189, 26706189, 26706189, 26706189, 26820478, 26820478, 26246582, 26097524, 885593289, 26645180, 26645180, 246604170, 26645180, 26645180, 26645180, 26444528, 26444528, 26444528, 26444528, 26444528, 26444528, 26444528, 26444528, 26444528, 26444528, 26444528, 26444528, 26444528, 26444528, 26444528, 26444528, 26380886, 209434769, 26428822, 26428822, 26428822, 26428822, 26428822, 26428822, 26428822, 26428822, 26428822, 26428822, 26428822, 26598351, 26368885, 26368885, 26368885, 26368885, 26368885, 26368885, 26368885, 26368885, 26368885, 26368885, 26368885, 26368885, 25138869, 25138869, 25263093, 26598351, 26368885, 26368885, 26368885, 26368885, 26368885, 26468245, 26468245, 26468245, 26468245, 26468245, 26468245, 26468245, 26468245, 26468245, 25897854, 26730479, 26468245, 26468245, 26468245, 161073501, 50473301, 26645180, 26444528, 26444528, 26444528, 26444528, 26444528, 26444528, 26444528, 26444528, 26444528, 26444528, 26444528, 26444528, 26444528, 26444528, 26444528, 26444528, 26444528, 26454608, 26454608, 26454608, 26454608, 26454608, 26454608, 26454608, 26454608, 26454608, 26454608, 26454608, 26454608, 26454608, 26454608, 26454608, 26454608, 26454608, 26454608, 26454608, 26428822, 26428822, 26428822, 26428822, 26428822, 26428822, 26428822, 26464944, 26464944, 26464944, 26464944, 25619925, 25619925, 25619925, 25619925, 25619925, 25619925, 128775286, 26464944, 26464944, 26464944, 25732479, 25732479, 25732479, 25732479, 25732479, 25732479, 25732479, 25732479, 25732479, 25732479, 25732479, 25732479, 26622648, 26294878, 26294878, 26294878, 27221266]",0,0,0,NPU,0,0,0,0,0,0,1.0,hot,0,0,0,0,1.0,0
0,30,meta-llama/Llama-3.1-8B,254,569,2510934206,27788719267,25277785061,99401072,162556997,79984802,"[27764953, 27764953, 27764953, 27764953, 27764953, 27764953, 27764953, 27764953, 27764953, 27764953, 27684411, 27684411, 27684411, 27684411, 27684411, 27684411, 27684411, 27684411, 27685307, 27685307, 27685307, 27685307, 27685307, 27685307, 27685307, 27685307, 27685307, 27685307, 27685307, 27685307, 27685307, 27685307, 27685307, 27685307, 27685307, 27685307, 27685307, 27685307, 27685307, 27685307, 27685307, 27685307, 27685307, 27685307, 27685307, 27685307, 7795885630, 26759908, 26759908, 2113357331, 26726923, 26726923, 26726923, 26726923, 26726923, 26726923, 26726923, 26726923, 26726923, 26726923, 26726923, 26726923, 26726923, 26726923, 26726923, 26726923, 26726923, 26726923, 26726923, 26726923, 26726923, 26726923, 26726923, 26726923, 26726923, 26726923, 26726923, 26726923, 26726923, 26726923, 26726923, 26726923, 26726923, 26726923, 26726923, 26726923, 26726923, 1620565838, 26790979, 26790979, 26790979, 1127011703, 26645180, 26645180, 26444528, 26444528, 26444528, 26444528, 26444528, 26444528, 26444528, 26444528, 26444528, 26444528, 26444528, 26444528, 26444528, 26444528, 26444528, 26444528, 26444528, 26444528, 26444528, 26444528, 26444528, 26444528, 26444528, 26444528, 26444528, 26444528, 26444528, 26444528, 26444528, 26444528, 26444528, 26444528, 26444528, 26444528, 26444528, 26380886, 26380886, 26380886, 26380886, 26428822, 26428822, 26428822, 26428822, 26428822, 26428822, 26428822, 352829925, 66688338, 26759908, 26726923, 26726923, 26726923, 26790979, 26790979, 26790979, 26790979, 26790979, 26790979, 26790979, 26790979, 26790979, 26790979, 26790979, 26790979, 26790979, 26790979, 770634305, 26706189, 26706189, 26706189, 26706189, 26706189, 26706189, 26706189, 26706189, 26706189, 26706189, 26706189, 113116696, 892852069, 26706189, 26706189, 26706189, 26706189, 26706189, 26706189, 26706189, 26706189, 26706189, 26706189, 26820478, 26820478, 26246582, 911690813, 26645180, 26645180, 246604170, 26645180, 26645180, 26645180, 26444528, 26444528, 26444528, 26444528, 26444528, 26444528, 26444528, 26444528, 26444528, 26444528, 26444528, 26444528, 26444528, 26444528, 26444528, 26444528, 26380886, 209434769, 26428822, 26428822, 26428822, 26428822, 26428822, 26428822, 26428822, 26428822, 26428822, 26428822, 26428822, 26598351, 26368885, 26368885, 26368885, 26368885, 26368885, 26368885, 26368885, 26368885, 26368885, 26368885, 26368885, 26368885, 102139182, 26368885, 26368885, 26368885, 26368885, 26368885, 26468245, 26468245, 26468245, 26468245, 26468245, 26468245, 26468245, 26468245, 26468245, 52628333, 26468245, 26468245, 26468245, 161073501, 50473301, 26645180, 26444528, 26444528, 26444528, 26444528, 26444528, 26444528, 26444528, 26444528, 26444528, 26444528, 26444528, 26444528, 26444528, 26444528, 26444528, 26444528, 26444528, 26454608, 26454608, 26454608, 26454608, 26454608, 26454608, 26454608, 26454608, 26454608, 26454608, 26454608, 26454608, 26454608, 26454608, 26454608, 26454608, 26454608, 26454608, 26454608, 26428822, 26428822, 26428822, 26428822, 26428822, 26428822, 26428822, 26464944, 26464944, 26464944, 26464944, 282494836, 26464944, 26464944, 26464944, 335412396, 26294878, 26294878, 26294878, 27221266]",0,0,0,NPU,0,0,0,0,0,0,1.0,hot,0,0,0,0,1.0,0
0,36,meta-llama/Llama-3.1-8B,25,160,3372350479,28013368624,24641018145,15977267607,16043955945,64157180,"[26759908, 26726923, 26726923, 26726923, 26790979, 26790979, 26790979, 26790979, 26790979, 26790979, 26790979, 26790979, 26790979, 26790979, 26790979, 26790979, 26790979, 26790979, 770634305, 26706189, 26706189, 26706189, 26706189, 26706189, 26706189, 26706189, 26706189, 26706189, 26706189, 26706189, 113116696, 892852069, 26706189, 26706189, 26706189, 26706189, 26706189, 26706189, 26706189, 26706189, 26706189, 26706189, 991578351, 26645180, 26645180, 246604170, 26645180, 26645180, 26645180, 26444528, 26444528, 26444528, 26444528, 26444528, 26444528, 26444528, 26444528, 26444528, 26444528, 26444528, 26444528, 26444528, 26444528, 26444528, 26444528, 26380886, 209434769, 26428822, 26428822, 26428822, 26428822, 26428822, 26428822, 26428822, 26428822, 26428822, 26428822, 26428822, 1108329352, 50473301, 26645180, 26444528, 26444528, 26444528, 26444528, 26444528, 26444528, 26444528, 26444528, 26444528, 26444528, 26444528, 26444528, 26444528, 26444528, 26444528, 26444528, 26444528, 26454608, 26454608, 26454608, 26454608, 26454608, 26454608, 26454608, 26454608, 26454608, 26454608, 26454608, 26454608, 26454608, 26454608, 26454608, 26454608, 26454608, 26454608, 26454608, 26428822, 26428822, 26428822, 26428822, 26428822, 26428822, 26428822, 26464944, 26464944, 26464944, 26464944, 282494836, 26464944, 26464944, 26464944, 441518296, 224649357]",0,0,0,CXL,0,39845888,0,39845888,39845888,39845888,1.0,hot,0,0,0,0,1.0,79691776
0,44,meta-llama/Llama-3.1-8B,165,216,3910769752,28119949344,24209179592,21754367012,21804840313,48086785,"[26645180, 26444528, 26444528, 26444528, 26444528, 26444528, 26444528, 26444528, 26444528, 26444528, 26444528, 26444528, 26444528, 26444528, 26444528, 26444528, 26444528, 26444528, 26454608, 26454608, 26454608, 26454608, 26454608, 26454608, 26454608, 26454608, 26454608, 26454608, 26454608, 26454608, 26454608, 26454608, 26454608, 26454608, 26454608, 26454608, 26454608, 26428822, 26428822, 26428822, 26428822, 26428822, 26428822, 26428822, 909267740, 224649357, 26645180, 26645180, 26645180, 26645180]",0,0,0,NPU,0,0,0,0,0,0,1.0,hot,0,0,0,0,1.0,0
0,33,meta-llama/Llama-3.1-8B,51,232,2833725503,29587338902,26753613399,16515892583,16582580921,56505735,"[26759908, 26726923, 26726923, 26726923, 26790979, 26790979, 26790979, 26790979, 26790979, 26790979, 26790979, 26790979, 26790979, 26790979, 26790979, 26790979, 26790979, 26790979, 770634305, 26706189, 26706189, 26706189, 26706189, 26706189, 26706189, 26706189, 26706189, 26706189, 26706189, 26706189, 113116696, 892852069, 26706189, 26706189, 26706189, 26706189, 26706189, 26706189, 26706189, 26706189, 26706189, 26706189, 26820478, 26820478, 937937395, 26645180, 26645180, 246604170, 26645180, 26645180, 26645180, 26444528, 26444528, 26444528, 26444528, 26444528, 26444528, 26444528, 26444528, 26444528, 26444528, 26444528, 26444528, 26444528, 26444528, 26444528, 26444528, 26380886, 209434769, 26428822, 26428822, 26428822, 26428822, 26428822, 26428822, 26428822, 26428822, 26428822, 26428822, 26428822, 1108329352, 50473301, 26645180, 26444528, 26444528, 26444528, 26444528, 26444528, 26444528, 26444528, 26444528, 26444528, 26444528, 26444528, 26444528, 26444528, 26444528, 26444528, 26444528, 26444528, 26454608, 26454608, 26454608, 26454608, 26454608, 26454608, 26454608, 26454608, 26454608, 26454608, 26454608, 26454608, 26454608, 26454608, 26454608, 26454608, 26454608, 26454608, 26454608, 26428822, 26428822, 26428822, 26428822, 26428822, 26428822, 26428822, 26464944, 26464944, 26464944, 26464944, 282494836, 26464944, 26464944, 26464944, 441518296, 224649357, 26645180, 26645180, 26645180, 26645180, 26444528, 26444528, 26444528, 26444528, 26444528, 26444528, 26444528, 26444528, 26444528, 26444528, 26444528, 26444528, 26444528, 26444528, 26444528, 26444528, 26444528, 26444528, 26444528, 26444528, 26444528, 26444528, 26454608, 26454608, 26454608, 26454608, 26454608, 26454608, 26454608, 26454608, 26454608, 26454608, 26454608, 26454608, 26454608, 26454608, 26454608, 26454608, 436026368, 26309846]",0,0,0,NPU,0,0,0,0,0,0,1.0,hot,0,0,0,0,1.0,0
0,51,meta-llama/Llama-3.1-8B,16,62,4728227566,29666756530,24938528964,23060491701,23285141058,36741953,"[26645180, 26645180, 26645180, 26645180, 26444528, 26444528, 26444528, 26444528, 26444528, 26444528, 26444528, 26444528, 26444528, 26444528, 26444528, 26444528, 26444528, 26444528, 26444528, 26444528, 26444528, 26444528, 26444528, 26444528, 26444528, 26444528, 26454608, 26454608, 26454608, 26454608, 26454608, 26454608, 26454608, 26454608, 26454608, 26454608, 26454608, 26454608, 26454608, 26454608, 26454608, 26454608, 488896198, 26428822, 26428822]",0,0,0,NPU,0,0,0,0,0,0,1.0,hot,0,0,0,0,1.0,0
0,29,meta-llama/Llama-3.1-8B,691,1144,2417400904,31826914504,29409513600,45997042,192934374,64638449,"[63155925, 27764953, 27764953, 27764953, 27764953, 27764953, 27764953, 27764953, 27764953, 27764953, 27764953, 27684411, 27684411, 27684411, 27684411, 27684411, 27684411, 27684411, 27684411, 27685307, 27685307, 27685307, 27685307, 27685307, 27685307, 27685307, 27685307, 27685307, 27685307, 27685307, 27685307, 27685307, 27685307, 27685307, 27685307, 27685307, 27685307, 27685307, 27685307, 27685307, 27685307, 27685307, 27685307, 27685307, 27685307, 27685307, 27685307, 7795885630, 26759908, 26759908, 2113357331, 26726923, 26726923, 26726923, 26726923, 26726923, 26726923, 26726923, 26726923, 26726923, 26726923, 26726923, 26726923, 26726923, 26726923, 26726923, 26726923, 26726923, 26726923, 26726923, 26726923, 26726923, 26726923, 26726923, 26726923, 26726923, 26726923, 26726923, 26726923, 26726923, 26726923, 26726923, 26726923, 26726923, 26726923, 26726923, 26726923, 26726923, 1620565838, 26790979, 26790979, 26790979, 1127011703, 26645180, 26645180, 26444528, 26444528, 26444528, 26444528, 26444528, 26444528, 26444528, 26444528, 26444528, 26444528, 26444528, 26444528, 26444528, 26444528, 26444528, 26444528, 26444528, 26444528, 26444528, 26444528, 26444528, 26444528, 26444528, 26444528, 26444528, 26444528, 26444528, 26444528, 26444528, 26444528, 26444528, 26444528, 26444528, 26444528, 26444528, 26380886, 26380886, 26380886, 26380886, 26428822, 26428822, 26428822, 26428822, 26428822, 26428822, 26428822, 352829925, 66688338, 26759908, 26726923, 26726923, 26726923, 26790979, 26790979, 26790979, 26790979, 26790979, 26790979, 26790979, 26790979, 26790979, 26790979, 26790979, 26790979, 26790979, 26790979, 770634305, 26706189, 26706189, 26706189, 26706189, 26706189, 26706189, 26706189, 26706189, 26706189, 26706189, 26706189, 113116696, 892852069, 26706189, 26706189, 26706189, 26706189, 26706189, 26706189, 26706189, 26706189, 26706189, 26706189, 26820478, 26820478, 26246582, 911690813, 26645180, 26645180, 246604170, 26645180, 26645180, 26645180, 26444528, 26444528, 26444528, 26444528, 26444528, 26444528, 26444528, 26444528, 26444528, 26444528, 26444528, 26444528, 26444528, 26444528, 26444528, 26444528, 26380886, 209434769, 26428822, 26428822, 26428822, 26428822, 26428822, 26428822, 26428822, 26428822, 26428822, 26428822, 26428822, 26598351, 26368885, 26368885, 26368885, 26368885, 26368885, 26368885, 26368885, 26368885, 26368885, 26368885, 26368885, 26368885, 102139182, 26368885, 26368885, 26368885, 26368885, 26368885, 26468245, 26468245, 26468245, 26468245, 26468245, 26468245, 26468245, 26468245, 26468245, 52628333, 26468245, 26468245, 26468245, 161073501, 50473301, 26645180, 26444528, 26444528, 26444528, 26444528, 26444528, 26444528, 26444528, 26444528, 26444528, 26444528, 26444528, 26444528, 26444528, 26444528, 26444528, 26444528, 26444528, 26454608, 26454608, 26454608, 26454608, 26454608, 26454608, 26454608, 26454608, 26454608, 26454608, 26454608, 26454608, 26454608, 26454608, 26454608, 26454608, 26454608, 26454608, 26454608, 26428822, 26428822, 26428822, 26428822, 26428822, 26428822, 26428822, 26464944, 26464944, 26464944, 26464944, 25619925, 25619925, 25619925, 25619925, 25619925, 25619925, 128775286, 26464944, 26464944, 26464944, 335412396, 26294878, 26294878, 26294878, 27221266, 224649357, 26645180, 26645180, 26645180, 26645180, 26444528, 26444528, 26444528, 26444528, 26444528, 26444528, 26444528, 26444528, 26444528, 26444528, 26444528, 26444528, 26444528, 26444528, 26444528, 26444528, 26444528, 26444528, 26444528, 26444528, 26444528, 26444528, 26454608, 26454608, 26454608, 26454608, 26454608, 26454608, 26454608, 26454608, 26454608, 26454608, 26454608, 26454608, 26454608, 26454608, 26454608, 26454608, 436026368, 26309846, 26559984, 26428822, 26428822, 26729656, 26729656, 27286840, 27286840, 27286840, 27286840, 27286840, 27286840, 27286840, 27286840, 27286840, 26843454, 26843454, 26639587, 26639587, 25969703, 25969703, 25491349, 25491349, 25491349, 25491349, 26447349, 26447349, 26447349, 26447349, 26447349, 26447349, 26023577, 25892415, 25892415, 25892415, 25892415, 26032767, 26032767, 26032767, 26032767, 26032767, 26032767, 26032767, 26032767, 26032767, 26032767, 26032767, 25655279, 25491349, 25491349, 25491349, 25491349, 25491349, 25491349, 25491349, 25491349, 25491349, 25491349, 25491349, 25491349, 25491349, 25491349, 25491349, 25655279, 25491349, 25491349, 25491349, 25491349, 25491349, 25491349, 25491349, 25619925, 25619925, 25619925, 25619925, 25619925, 25619925, 25619925, 25619925, 26685578, 26456112, 25897854, 25897854, 25897854, 25897854, 25897854, 25897854]",0,0,0,NPU,0,0,0,0,0,0,1.0,hot,0,0,0,0,1.0,0
0,47,meta-llama/Llama-3.1-8B,8,99,4130161078,32632768486,28502607408,23658558189,23883207546,51326665,"[26645180, 26645180, 26645180, 26645180, 26444528, 26444528, 26444528, 26444528, 26444528, 26444528, 26444528, 26444528, 26444528, 26444528, 26444528, 26444528, 26444528, 26444528, 26444528, 26444528, 26444528, 26444528, 26444528, 26444528, 26444528, 26444528, 26454608, 26454608, 26454608, 26454608, 26454608, 26454608, 26454608, 26454608, 26454608, 26454608, 26454608, 26454608, 26454608, 26454608, 26454608, 26454608, 488896198, 26428822, 26428822, 26729656, 26729656, 27286840, 27286840, 27286840, 27286840, 27286840, 27286840, 27286840, 27286840, 27286840, 26843454, 26843454, 26639587, 26639587, 1781659716, 26820478, 26820478, 26820478, 26820478, 26820478, 26843454, 26843454, 26843454, 26843454, 26843454, 26843454, 26843454, 26843454, 26843454, 26843454, 26843454, 26843454, 26843454, 26843454, 26843454, 26843454, 26843454, 26843454, 26843454, 26843454, 26843454, 26843454, 26843454, 26843454]",0,0,0,CXL,0,18874368,0,18874368,18874368,18874368,1.0,hot,0,0,0,0,1.0,37748736
0,22,meta-llama/Llama-3.1-8B,23,576,1968102757,32898565604,30930462847,14187741,44342126,55953117,"[26822699, 29747880, 26844708, 93558915, 27059851, 27059851, 29019418, 190839741, 146937332, 63155925, 27764953, 27764953, 27764953, 27764953, 27764953, 27764953, 27764953, 27764953, 27764953, 27764953, 27684411, 27684411, 27684411, 27684411, 27684411, 27684411, 27684411, 27684411, 27685307, 27685307, 27685307, 27685307, 27685307, 27685307, 27685307, 27685307, 27685307, 27685307, 27685307, 27685307, 27685307, 27685307, 27685307, 27685307, 27685307, 27685307, 27685307, 27685307, 27685307, 27685307, 27685307, 27685307, 27685307, 27685307, 27685307, 27685307, 6573384681, 26615821, 26615821, 1169269307, 26759908, 26759908, 26287926, 2087069405, 26726923, 26726923, 26726923, 26726923, 26726923, 26726923, 26726923, 26726923, 26726923, 26726923, 26726923, 26726923, 26726923, 26726923, 26726923, 26726923, 26726923, 26726923, 26726923, 26726923, 26726923, 26726923, 26726923, 26726923, 26726923, 26726923, 26726923, 26726923, 26726923, 26726923, 26726923, 26726923, 26726923, 26726923, 26726923, 26726923, 26726923, 26044318, 26675090, 26445624, 26445624, 26445624, 26445624, 1462063934, 26790979, 26790979, 26790979, 26553020, 26553020, 1073905663, 26645180, 26645180, 26444528, 26444528, 26444528, 26444528, 26444528, 26444528, 26444528, 26444528, 26444528, 26444528, 26444528, 26444528, 26444528, 26444528, 26444528, 26444528, 26444528, 26444528, 26444528, 26444528, 26444528, 26444528, 26444528, 26444528, 26444528, 26444528, 26444528, 26444528, 26444528, 26444528, 26444528, 26444528, 26444528, 26444528, 26444528, 26380886, 26380886, 26380886, 26380886, 26428822, 26428822, 26428822, 26428822, 26428822, 26428822, 26428822, 352829925, 66688338, 26759908, 26726923, 26726923, 26726923, 26790979, 26790979, 26790979, 26790979, 26790979, 26790979, 26790979, 26790979, 26790979, 26790979, 26790979, 26790979, 26790979, 26790979, 25722010, 744912295, 26706189, 26706189, 26706189, 26706189, 26706189, 26706189, 26706189, 26706189, 26706189, 26706189, 26706189, 113116696, 25722010, 25722010, 25914165, 129882476, 685611408, 26706189, 26706189, 26706189, 26706189, 26706189, 26706189, 26706189, 26706189, 26706189, 26706189, 26820478, 26820478, 26246582, 26097524, 25485022, 860108267, 26645180, 26645180, 246604170, 26645180, 26645180, 26645180, 26444528, 26444528, 26444528, 26444528, 26444528, 26444528, 26444528, 26444528, 26444528, 26444528, 26444528, 26444528, 26444528, 26444528, 26444528, 26444528, 26380886, 209434769, 26428822, 26428822, 26428822, 26428822, 26428822, 26428822, 26428822, 26428822, 26428822, 26428822, 26428822, 26598351, 26368885, 26368885, 26368885, 26368885, 26368885, 26368885, 26368885, 26368885, 26368885, 26368885, 26368885, 26368885, 25138869, 25138869, 25263093, 26598351, 26368885, 26368885, 26368885, 26368885, 26368885, 26468245, 26468245, 26468245, 26468245, 26468245, 26468245, 26468245, 26468245, 26468245, 25897854, 26730479, 26468245, 26468245, 26468245, 161073501, 50473301, 26645180, 26444528, 26444528, 26444528, 26444528, 26444528, 26444528, 26444528, 26444528, 26444528, 26444528, 26444528, 26444528, 26444528, 26444528, 26444528, 26444528, 26444528, 26454608, 26454608, 26454608, 26454608, 26454608, 26454608, 26454608, 26454608, 26454608, 26454608, 26454608, 26454608, 26454608, 26454608, 26454608, 26454608, 26454608, 26454608, 26454608, 26428822, 26428822, 26428822, 26428822, 26428822, 26428822, 26428822, 26464944, 26464944, 26464944, 26464944, 25619925, 25619925, 25619925, 25619925, 25619925, 25619925, 128775286, 26464944, 26464944, 26464944, 25732479, 25732479, 25732479, 25732479, 25732479, 25732479, 25732479, 25732479, 25732479, 25732479, 25732479, 25732479, 26622648, 26294878, 26294878, 26294878, 27221266, 224649357, 26645180, 26645180, 26645180, 26645180, 26444528, 26444528, 26444528, 26444528, 26444528, 26444528, 26444528, 26444528, 26444528, 26444528, 26444528, 26444528, 26444528, 26444528, 26444528, 26444528, 26444528, 26444528, 26444528, 26444528, 26444528, 26444528, 26454608, 26454608, 26454608, 26454608, 26454608, 26454608, 26454608, 26454608, 26454608, 26454608, 26454608, 26454608, 26454608, 26454608, 26454608, 26454608, 25536603, 25536603, 25536603, 25536603, 25536603, 25536603, 25536603, 25536603, 25536603, 25679419, 25679419, 25679419, 25679419, 25679419, 25679419, 25679419, 26441008, 26309846, 26559984, 26428822, 26428822, 26729656, 26729656, 27286840, 27286840, 27286840, 27286840, 27286840, 27286840, 27286840, 27286840, 27286840, 26843454, 26843454, 26639587, 26639587, 25969703, 25969703, 25491349, 25491349, 25491349, 25491349, 26447349, 26447349, 26447349, 26447349, 26447349, 26447349, 26023577, 25892415, 25892415, 25892415, 25892415, 26032767, 26032767, 26032767, 26032767, 26032767, 26032767, 26032767, 26032767, 26032767, 26032767, 26032767, 25655279, 25491349, 25491349, 25491349, 25491349, 25491349, 25491349, 25491349, 25491349, 25491349, 25491349, 25491349, 25491349, 25491349, 25491349, 25491349, 25655279, 25491349, 25491349, 25491349, 25491349, 25491349, 25491349, 25491349, 25619925, 25619925, 25619925, 25619925, 25619925, 25619925, 25619925, 25619925, 26685578, 26456112, 25897854, 25897854, 25897854, 25897854, 25897854, 25897854, 27508696, 26820478, 26820478, 26820478, 26820478, 26820478, 26843454, 26843454, 26843454, 26843454, 26843454, 26843454, 26843454, 26843454, 26843454, 26843454, 26843454, 26843454, 26843454, 26843454, 26843454, 26843454, 26843454, 26843454, 26843454, 26843454, 26843454, 26843454, 26843454, 26843454, 26573059, 26573059, 26573059, 26573059, 26573059, 26573059, 26573059, 26573059, 26573059, 26639587]",0,0,0,CXL,0,10485760,0,10485760,10485760,10485760,1.0,hot,0,0,0,0,1.0,20971520
0,21,meta-llama/Llama-3.1-8B,16,631,1933551206,33924649598,31991098392,48739292,78893677,51974274,"[26822699, 29747880, 26844708, 93558915, 27059851, 27059851, 29019418, 190839741, 146937332, 63155925, 27764953, 27764953, 27764953, 27764953, 27764953, 27764953, 27764953, 27764953, 27764953, 27764953, 27684411, 27684411, 27684411, 27684411, 27684411, 27684411, 27684411, 27684411, 27685307, 27685307, 27685307, 27685307, 27685307, 27685307, 27685307, 27685307, 27685307, 27685307, 27685307, 27685307, 27685307, 27685307, 27685307, 27685307, 27685307, 27685307, 27685307, 27685307, 27685307, 27685307, 27685307, 27685307, 27685307, 27685307, 27685307, 27685307, 4138714428, 26349776, 2408320477, 26615821, 26615821, 1169269307, 26759908, 26759908, 26287926, 2087069405, 26726923, 26726923, 26726923, 26726923, 26726923, 26726923, 26726923, 26726923, 26726923, 26726923, 26726923, 26726923, 26726923, 26726923, 26726923, 26726923, 26726923, 26726923, 26726923, 26726923, 26726923, 26726923, 26726923, 26726923, 26726923, 26726923, 26726923, 26726923, 26726923, 26726923, 26726923, 26726923, 26726923, 26726923, 26726923, 26726923, 26726923, 26044318, 26675090, 26445624, 26445624, 26445624, 26445624, 1462063934, 26790979, 26790979, 26790979, 26553020, 26553020, 1073905663, 26645180, 26645180, 26444528, 26444528, 26444528, 26444528, 26444528, 26444528, 26444528, 26444528, 26444528, 26444528, 26444528, 26444528, 26444528, 26444528, 26444528, 26444528, 26444528, 26444528, 26444528, 26444528, 26444528, 26444528, 26444528, 26444528, 26444528, 26444528, 26444528, 26444528, 26444528, 26444528, 26444528, 26444528, 26444528, 26444528, 26444528, 26380886, 26380886, 26380886, 26380886, 26428822, 26428822, 26428822, 26428822, 26428822, 26428822, 26428822, 352829925, 66688338, 26759908, 26726923, 26726923, 26726923, 26790979, 26790979, 26790979, 26790979, 26790979, 26790979, 26790979, 26790979, 26790979, 26790979, 26790979, 26790979, 26790979, 26790979, 25722010, 744912295, 26706189, 26706189, 26706189, 26706189, 26706189, 26706189, 26706189, 26706189, 26706189, 26706189, 26706189, 113116696, 25722010, 25722010, 25914165, 129882476, 25485022, 25485022, 25485022, 609156342, 26706189, 26706189, 26706189, 26706189, 26706189, 26706189, 26706189, 26706189, 26706189, 26706189, 26820478, 26820478, 26246582, 26097524, 25485022, 151651448, 24996181, 379992897, 25138869, 25138869, 25138869, 25138869, 25138869, 25138869, 25138869, 25138869, 25138869, 25138869, 25138869, 26940182, 26645180, 26645180, 246604170, 26645180, 26645180, 26645180, 26444528, 26444528, 26444528, 26444528, 26444528, 26444528, 26444528, 26444528, 26444528, 26444528, 26444528, 26444528, 26444528, 26444528, 26444528, 26444528, 26380886, 209434769, 26428822, 26428822, 26428822, 26428822, 26428822, 26428822, 26428822, 26428822, 26428822, 26428822, 26428822, 26598351, 26368885, 26368885, 26368885, 26368885, 26368885, 26368885, 26368885, 26368885, 26368885, 26368885, 26368885, 26368885, 25138869, 25138869, 25263093, 26598351, 26368885, 26368885, 26368885, 26368885, 26368885, 26468245, 26468245, 26468245, 26468245, 26468245, 26468245, 26468245, 26468245, 26468245, 25897854, 26730479, 26468245, 26468245, 26468245, 161073501, 50473301, 26645180, 26444528, 26444528, 26444528, 26444528, 26444528, 26444528, 26444528, 26444528, 26444528, 26444528, 26444528, 26444528, 26444528, 26444528, 26444528, 26444528, 26444528, 26454608, 26454608, 26454608, 26454608, 26454608, 26454608, 26454608, 26454608, 26454608, 26454608, 26454608, 26454608, 26454608, 26454608, 26454608, 26454608, 26454608, 26454608, 26454608, 26428822, 26428822, 26428822, 26428822, 26428822, 26428822, 26428822, 26464944, 26464944, 26464944, 26464944, 25619925, 25619925, 25619925, 25619925, 25619925, 25619925, 25536603, 25536603, 25536603, 25536603, 26628874, 26464944, 26464944, 26464944, 25732479, 25732479, 25732479, 25732479, 25732479, 25732479, 25732479, 25732479, 25732479, 25732479, 25732479, 25732479, 26622648, 26294878, 26294878, 26294878, 27221266, 224649357, 26645180, 26645180, 26645180, 26645180, 26444528, 26444528, 26444528, 26444528, 26444528, 26444528, 26444528, 26444528, 26444528, 26444528, 26444528, 26444528, 26444528, 26444528, 26444528, 26444528, 26444528, 26444528, 26444528, 26444528, 26444528, 26444528, 26454608, 26454608, 26454608, 26454608, 26454608, 26454608, 26454608, 26454608, 26454608, 26454608, 26454608, 26454608, 26454608, 26454608, 26454608, 26454608, 25536603, 25536603, 25536603, 25536603, 25536603, 25536603, 25536603, 25536603, 25536603, 25679419, 25679419, 25679419, 25679419, 25679419, 25679419, 25679419, 26441008, 26309846, 26559984, 26428822, 26428822, 26729656, 26729656, 27286840, 27286840, 27286840, 27286840, 27286840, 27286840, 27286840, 27286840, 27286840, 26843454, 26843454, 26639587, 26639587, 25969703, 25969703, 25491349, 25491349, 25491349, 25491349, 26447349, 26447349, 26447349, 26447349, 26447349, 26447349, 26023577, 25892415, 25892415, 25892415, 25892415, 26032767, 26032767, 26032767, 26032767, 26032767, 26032767, 26032767, 26032767, 26032767, 26032767, 26032767, 25655279, 25491349, 25491349, 25491349, 25491349, 25491349, 25491349, 25491349, 25491349, 25491349, 25491349, 25491349, 25491349, 25491349, 25491349, 25491349, 25655279, 25491349, 25491349, 25491349, 25491349, 25491349, 25491349, 25491349, 25619925, 25619925, 25619925, 25619925, 25619925, 25619925, 25619925, 25619925, 26685578, 26456112, 25897854, 25897854, 25897854, 25897854, 25897854, 25897854, 27508696, 26820478, 26820478, 26820478, 26820478, 26820478, 26843454, 26843454, 26843454, 26843454, 26843454, 26843454, 26843454, 26843454, 26843454, 26843454, 26843454, 26843454, 26843454, 26843454, 26843454, 26843454, 26843454, 26843454, 26843454, 26843454, 26843454, 26843454, 26843454, 26843454, 26573059, 26573059, 26573059, 26573059, 26573059, 26573059, 26573059, 26573059, 26573059, 26639587, 26309846, 26309846, 26309846, 26309846, 26309846, 26309846, 26309846, 26309846, 26309846, 26309846, 26309846, 26309846, 26309846, 26309846, 26309846, 26309846, 26309846, 26309846, 26309846, 26309846, 26309846, 26309846, 26309846, 26309846, 26309846, 26309846, 26309846, 26309846, 26309846, 26309846, 26309846, 26309846, 26309846, 26309846, 26309846, 26309846, 26309846, 26309846, 26309846]",0,0,0,CXL,0,31457280,0,31457280,31457280,31457280,1.0,hot,0,0,0,0,1.0,62914560
0,37,meta-llama/Llama-3.1-8B,41,328,3382628210,33951117582,30568489372,15966989876,16033678214,50821018,"[26759908, 26726923, 26726923, 26726923, 26790979, 26790979, 26790979, 26790979, 26790979, 26790979, 26790979, 26790979, 26790979, 26790979, 26790979, 26790979, 26790979, 26790979, 770634305, 26706189, 26706189, 26706189, 26706189, 26706189, 26706189, 26706189, 26706189, 26706189, 26706189, 26706189, 113116696, 892852069, 26706189, 26706189, 26706189, 26706189, 26706189, 26706189, 26706189, 26706189, 26706189, 26706189, 991578351, 26645180, 26645180, 246604170, 26645180, 26645180, 26645180, 26444528, 26444528, 26444528, 26444528, 26444528, 26444528, 26444528, 26444528, 26444528, 26444528, 26444528, 26444528, 26444528, 26444528, 26444528, 26444528, 26380886, 209434769, 26428822, 26428822, 26428822, 26428822, 26428822, 26428822, 26428822, 26428822, 26428822, 26428822, 26428822, 1108329352, 50473301, 26645180, 26444528, 26444528, 26444528, 26444528, 26444528, 26444528, 26444528, 26444528, 26444528, 26444528, 26444528, 26444528, 26444528, 26444528, 26444528, 26444528, 26444528, 26454608, 26454608, 26454608, 26454608, 26454608, 26454608, 26454608, 26454608, 26454608, 26454608, 26454608, 26454608, 26454608, 26454608, 26454608, 26454608, 26454608, 26454608, 26454608, 26428822, 26428822, 26428822, 26428822, 26428822, 26428822, 26428822, 26464944, 26464944, 26464944, 26464944, 282494836, 26464944, 26464944, 26464944, 441518296, 224649357, 26645180, 26645180, 26645180, 26645180, 26444528, 26444528, 26444528, 26444528, 26444528, 26444528, 26444528, 26444528, 26444528, 26444528, 26444528, 26444528, 26444528, 26444528, 26444528, 26444528, 26444528, 26444528, 26444528, 26444528, 26444528, 26444528, 26454608, 26454608, 26454608, 26454608, 26454608, 26454608, 26454608, 26454608, 26454608, 26454608, 26454608, 26454608, 26454608, 26454608, 26454608, 26454608, 436026368, 26309846, 26559984, 26428822, 26428822, 26729656, 26729656, 27286840, 27286840, 27286840, 27286840, 27286840, 27286840, 27286840, 27286840, 27286840, 26843454, 26843454, 26639587, 26639587, 25969703, 25969703, 1520368378, 26456112, 25897854, 25897854, 25897854, 25897854, 25897854, 25897854, 27508696, 26820478, 26820478, 26820478, 26820478, 26820478, 26843454, 26843454, 26843454, 26843454, 26843454, 26843454, 26843454, 26843454, 26843454, 26843454, 26843454, 26843454, 26843454, 26843454, 26843454, 26843454, 26843454, 26843454, 26843454, 26843454, 26843454, 26843454, 26843454, 26843454, 26573059, 26573059, 26573059, 26573059, 26573059, 26573059, 26573059, 26573059, 26573059, 26639587, 26309846, 26309846, 26309846, 26309846, 26309846, 26309846, 26309846, 26309846, 26309846, 26309846, 26309846, 26309846, 26309846, 26309846, 26309846, 26309846, 26309846, 26309846, 26309846, 26309846, 26309846, 26309846, 26309846, 26309846, 26309846, 26309846, 26309846, 26309846, 26309846, 26309846, 26309846, 26309846, 26309846, 26309846, 26309846, 26309846, 26309846, 26309846, 26309846, 26467984]",0,0,0,CXL,0,16777216,0,16777216,16777216,16777216,1.0,hot,0,0,0,0,1.0,33554432
0,32,meta-llama/Llama-3.1-8B,18,376,2536356724,34590921965,32054565241,16460431437,16813261362,42692727,"[66688338, 26759908, 26726923, 26726923, 26726923, 26790979, 26790979, 26790979, 26790979, 26790979, 26790979, 26790979, 26790979, 26790979, 26790979, 26790979, 26790979, 26790979, 26790979, 770634305, 26706189, 26706189, 26706189, 26706189, 26706189, 26706189, 26706189, 26706189, 26706189, 26706189, 26706189, 113116696, 892852069, 26706189, 26706189, 26706189, 26706189, 26706189, 26706189, 26706189, 26706189, 26706189, 26706189, 26820478, 26820478, 937937395, 26645180, 26645180, 246604170, 26645180, 26645180, 26645180, 26444528, 26444528, 26444528, 26444528, 26444528, 26444528, 26444528, 26444528, 26444528, 26444528, 26444528, 26444528, 26444528, 26444528, 26444528, 26444528, 26380886, 209434769, 26428822, 26428822, 26428822, 26428822, 26428822, 26428822, 26428822, 26428822, 26428822, 26428822, 26428822, 1108329352, 50473301, 26645180, 26444528, 26444528, 26444528, 26444528, 26444528, 26444528, 26444528, 26444528, 26444528, 26444528, 26444528, 26444528, 26444528, 26444528, 26444528, 26444528, 26444528, 26454608, 26454608, 26454608, 26454608, 26454608, 26454608, 26454608, 26454608, 26454608, 26454608, 26454608, 26454608, 26454608, 26454608, 26454608, 26454608, 26454608, 26454608, 26454608, 26428822, 26428822, 26428822, 26428822, 26428822, 26428822, 26428822, 26464944, 26464944, 26464944, 26464944, 282494836, 26464944, 26464944, 26464944, 441518296, 224649357, 26645180, 26645180, 26645180, 26645180, 26444528, 26444528, 26444528, 26444528, 26444528, 26444528, 26444528, 26444528, 26444528, 26444528, 26444528, 26444528, 26444528, 26444528, 26444528, 26444528, 26444528, 26444528, 26444528, 26444528, 26444528, 26444528, 26454608, 26454608, 26454608, 26454608, 26454608, 26454608, 26454608, 26454608, 26454608, 26454608, 26454608, 26454608, 26454608, 26454608, 26454608, 26454608, 436026368, 26309846, 26559984, 26428822, 26428822, 26729656, 26729656, 27286840, 27286840, 27286840, 27286840, 27286840, 27286840, 27286840, 27286840, 27286840, 26843454, 26843454, 26639587, 26639587, 25969703, 25969703, 25491349, 25491349, 25491349, 25491349, 184707671, 25892415, 25892415, 25892415, 25892415, 26032767, 26032767, 26032767, 26032767, 26032767, 26032767, 26032767, 26032767, 26032767, 26032767, 26032767, 25655279, 25491349, 25491349, 25491349, 25491349, 25491349, 25491349, 25491349, 25491349, 25491349, 25491349, 25491349, 25491349, 25491349, 25491349, 25491349, 25655279, 25491349, 25491349, 25491349, 25491349, 25491349, 25491349, 25491349, 25619925, 25619925, 25619925, 25619925, 25619925, 25619925, 25619925, 25619925, 26685578, 26456112, 25897854, 25897854, 25897854, 25897854, 25897854, 25897854, 27508696, 26820478, 26820478, 26820478, 26820478, 26820478, 26843454, 26843454, 26843454, 26843454, 26843454, 26843454, 26843454, 26843454, 26843454, 26843454, 26843454, 26843454, 26843454, 26843454, 26843454, 26843454, 26843454, 26843454, 26843454, 26843454, 26843454, 26843454, 26843454, 26843454, 26573059, 26573059, 26573059, 26573059, 26573059, 26573059, 26573059, 26573059, 26573059, 26639587, 26309846, 26309846, 26309846, 26309846, 26309846, 26309846, 26309846, 26309846, 26309846, 26309846, 26309846, 26309846, 26309846, 26309846, 26309846, 26309846, 26309846, 26309846, 26309846, 26309846, 26309846, 26309846, 26309846, 26309846, 26309846, 26309846, 26309846, 26309846, 26309846, 26309846, 26309846, 26309846, 26309846, 26309846, 26309846, 26309846, 26309846, 26309846, 26309846, 26467984, 240750165, 26456112, 26456112, 26456112, 26456112, 26456112, 26456112, 26456112, 26966478, 26638708, 26638708, 26723508, 26723508, 26723508, 26723508, 26723508]",0,0,0,CXL,0,58720256,0,58720256,58720256,58720256,1.0,hot,0,0,0,0,1.0,117440512
0,38,meta-llama/Llama-3.1-8B,390,661,3497903286,34749479759,31251576473,17464819905,17577936601,50643110,"[892852069, 26706189, 26706189, 26706189, 26706189, 26706189, 26706189, 26706189, 26706189, 26706189, 26706189, 991578351, 26645180, 26645180, 246604170, 26645180, 26645180, 26645180, 26444528, 26444528, 26444528, 26444528, 26444528, 26444528, 26444528, 26444528, 26444528, 26444528, 26444528, 26444528, 26444528, 26444528, 26444528, 26444528, 26380886, 209434769, 26428822, 26428822, 26428822, 26428822, 26428822, 26428822, 26428822, 26428822, 26428822, 26428822, 26428822, 1108329352, 50473301, 26645180, 26444528, 26444528, 26444528, 26444528, 26444528, 26444528, 26444528, 26444528, 26444528, 26444528, 26444528, 26444528, 26444528, 26444528, 26444528, 26444528, 26444528, 26454608, 26454608, 26454608, 26454608, 26454608, 26454608, 26454608, 26454608, 26454608, 26454608, 26454608, 26454608, 26454608, 26454608, 26454608, 26454608, 26454608, 26454608, 26454608, 26428822, 26428822, 26428822, 26428822, 26428822, 26428822, 26428822, 26464944, 26464944, 26464944, 26464944, 282494836, 26464944, 26464944, 26464944, 441518296, 224649357, 26645180, 26645180, 26645180, 26645180, 26444528, 26444528, 26444528, 26444528, 26444528, 26444528, 26444528, 26444528, 26444528, 26444528, 26444528, 26444528, 26444528, 26444528, 26444528, 26444528, 26444528, 26444528, 26444528, 26444528, 26444528, 26444528, 26454608, 26454608, 26454608, 26454608, 26454608, 26454608, 26454608, 26454608, 26454608, 26454608, 26454608, 26454608, 26454608, 26454608, 26454608, 26454608, 436026368, 26309846, 26559984, 26428822, 26428822, 26729656, 26729656, 27286840, 27286840, 27286840, 27286840, 27286840, 27286840, 27286840, 27286840, 27286840, 26843454, 26843454, 26639587, 26639587, 25969703, 25969703, 1520368378, 26456112, 182895820, 26820478, 26820478, 26820478, 26820478, 26820478, 26843454, 26843454, 26843454, 26843454, 26843454, 26843454, 26843454, 26843454, 26843454, 26843454, 26843454, 26843454, 26843454, 26843454, 26843454, 26843454, 26843454, 26843454, 26843454, 26843454, 26843454, 26843454, 26843454, 26843454, 26573059, 26573059, 26573059, 26573059, 26573059, 26573059, 26573059, 26573059, 26573059, 26639587, 26309846, 26309846, 26309846, 26309846, 26309846, 26309846, 26309846, 26309846, 26309846, 26309846, 26309846, 26309846, 26309846, 26309846, 26309846, 26309846, 26309846, 26309846, 26309846, 26309846, 26309846, 26309846, 26309846, 26309846, 26309846, 26309846, 26309846, 26309846, 26309846, 26309846, 26309846, 26309846, 26309846, 26309846, 26309846, 26309846, 26309846, 26309846, 26309846, 26467984, 240750165, 26456112, 26456112, 26456112, 26456112, 26456112, 26456112, 26456112, 26966478, 26638708, 26638708, 26723508, 26723508, 26723508, 26723508, 26723508, 51598610, 26428822, 26843454, 26843454, 26843454]",0,0,0,NPU,0,0,0,0,0,0,1.0,hot,0,0,0,0,1.0,0
0,60,meta-llama/Llama-3.1-8B,1,10,5704274631,34991043211,29286768580,29045205128,29075212356,26444528,"[26444528, 26444528, 26444528, 26444528, 26444528, 26444528, 26444528, 26444528]",0,0,0,NPU,0,0,0,0,0,0,1.0,hot,0,0,0,0,1.0,0
0,34,meta-llama/Llama-3.1-8B,213,581,3170788537,35387475541,32216687004,16178829549,16245517887,43518171,"[26759908, 26726923, 26726923, 26726923, 26790979, 26790979, 26790979, 26790979, 26790979, 26790979, 26790979, 26790979, 26790979, 26790979, 26790979, 26790979, 26790979, 26790979, 770634305, 26706189, 26706189, 26706189, 26706189, 26706189, 26706189, 26706189, 26706189, 26706189, 26706189, 26706189, 113116696, 892852069, 26706189, 26706189, 26706189, 26706189, 26706189, 26706189, 26706189, 26706189, 26706189, 26706189, 991578351, 26645180, 26645180, 246604170, 26645180, 26645180, 26645180, 26444528, 26444528, 26444528, 26444528, 26444528, 26444528, 26444528, 26444528, 26444528, 26444528, 26444528, 26444528, 26444528, 26444528, 26444528, 26444528, 26380886, 209434769, 26428822, 26428822, 26428822, 26428822, 26428822, 26428822, 26428822, 26428822, 26428822, 26428822, 26428822, 1108329352, 50473301, 26645180, 26444528, 26444528, 26444528, 26444528, 26444528, 26444528, 26444528, 26444528, 26444528, 26444528, 26444528, 26444528, 26444528, 26444528, 26444528, 26444528, 26444528, 26454608, 26454608, 26454608, 26454608, 26454608, 26454608, 26454608, 26454608, 26454608, 26454608, 26454608, 26454608, 26454608, 26454608, 26454608, 26454608, 26454608, 26454608, 26454608, 26428822, 26428822, 26428822, 26428822, 26428822, 26428822, 26428822, 26464944, 26464944, 26464944, 26464944, 282494836, 26464944, 26464944, 26464944, 441518296, 224649357, 26645180, 26645180, 26645180, 26645180, 26444528, 26444528, 26444528, 26444528, 26444528, 26444528, 26444528, 26444528, 26444528, 26444528, 26444528, 26444528, 26444528, 26444528, 26444528, 26444528, 26444528, 26444528, 26444528, 26444528, 26444528, 26444528, 26454608, 26454608, 26454608, 26454608, 26454608, 26454608, 26454608, 26454608, 26454608, 26454608, 26454608, 26454608, 26454608, 26454608, 26454608, 26454608, 436026368, 26309846, 26559984, 26428822, 26428822, 26729656, 26729656, 27286840, 27286840, 27286840, 27286840, 27286840, 27286840, 27286840, 27286840, 27286840, 26843454, 26843454, 26639587, 26639587, 25969703, 25969703, 25491349, 25491349, 25491349, 25491349, 600293047, 25491349, 25491349, 25491349, 25491349, 25491349, 25491349, 25491349, 25491349, 25491349, 25491349, 25491349, 25491349, 25491349, 25491349, 25491349, 25655279, 25491349, 25491349, 25491349, 25491349, 25491349, 25491349, 25491349, 25619925, 25619925, 25619925, 25619925, 25619925, 25619925, 25619925, 25619925, 26685578, 26456112, 25897854, 25897854, 25897854, 25897854, 25897854, 25897854, 27508696, 26820478, 26820478, 26820478, 26820478, 26820478, 26843454, 26843454, 26843454, 26843454, 26843454, 26843454, 26843454, 26843454, 26843454, 26843454, 26843454, 26843454, 26843454, 26843454, 26843454, 26843454, 26843454, 26843454, 26843454, 26843454, 26843454, 26843454, 26843454, 26843454, 26573059, 26573059, 26573059, 26573059, 26573059, 26573059, 26573059, 26573059, 26573059, 26639587, 26309846, 26309846, 26309846, 26309846, 26309846, 26309846, 26309846, 26309846, 26309846, 26309846, 26309846, 26309846, 26309846, 26309846, 26309846, 26309846, 26309846, 26309846, 26309846, 26309846, 26309846, 26309846, 26309846, 26309846, 26309846, 26309846, 26309846, 26309846, 26309846, 26309846, 26309846, 26309846, 26309846, 26309846, 26309846, 26309846, 26309846, 26309846, 26309846, 26467984, 240750165, 26456112, 26456112, 26456112, 26456112, 26456112, 26456112, 26456112, 26966478, 26638708, 26638708, 26723508, 26723508, 26723508, 26723508, 26723508, 51598610, 26428822, 26843454, 26843454, 26843454, 30007228, 26444528, 26444528, 26444528, 26444528, 26444528, 26444528, 26444528, 26444528, 26428822, 26428822, 26428822, 26428822, 26428822, 26428822, 26428822, 26428822, 26428822, 26428822, 26428822, 26428822, 26428822, 26428822, 26428822]",0,0,0,NPU,0,0,0,0,0,0,1.0,hot,0,0,0,0,1.0,0
0,48,meta-llama/Llama-3.1-8B,50,269,4209283457,36269554189,32060270732,23579435810,23804085167,37872410,"[26645180, 26645180, 26645180, 26645180, 26444528, 26444528, 26444528, 26444528, 26444528, 26444528, 26444528, 26444528, 26444528, 26444528, 26444528, 26444528, 26444528, 26444528, 26444528, 26444528, 26444528, 26444528, 26444528, 26444528, 26444528, 26444528, 26454608, 26454608, 26454608, 26454608, 26454608, 26454608, 26454608, 26454608, 26454608, 26454608, 26454608, 26454608, 26454608, 26454608, 26454608, 26454608, 488896198, 26428822, 26428822, 26729656, 26729656, 27286840, 27286840, 27286840, 27286840, 27286840, 27286840, 27286840, 27286840, 27286840, 26843454, 26843454, 26639587, 26639587, 1781659716, 26820478, 26820478, 26820478, 26820478, 26820478, 26843454, 26843454, 26843454, 26843454, 26843454, 26843454, 26843454, 26843454, 26843454, 26843454, 26843454, 26843454, 26843454, 26843454, 26843454, 26843454, 26843454, 26843454, 26843454, 26843454, 26843454, 26843454, 26843454, 26843454, 26573059, 26573059, 26573059, 26573059, 26573059, 26573059, 26573059, 26573059, 26573059, 26639587, 26309846, 26309846, 26309846, 26309846, 26309846, 26309846, 26309846, 26309846, 26309846, 26309846, 26309846, 26309846, 26309846, 26309846, 26309846, 26309846, 26309846, 26309846, 26309846, 26309846, 26309846, 26309846, 26309846, 26309846, 26309846, 26309846, 26309846, 26309846, 26309846, 26309846, 26309846, 26309846, 26309846, 26309846, 26309846, 26309846, 26309846, 26309846, 26309846, 26467984, 240750165, 26456112, 26456112, 26456112, 26456112, 26456112, 26456112, 26456112, 26966478, 26638708, 26638708, 26723508, 26723508, 26723508, 26723508, 26723508, 51598610, 26428822, 26843454, 26843454, 26843454, 30007228, 26444528, 26444528, 26444528, 26444528, 26444528, 26444528, 26444528, 26444528, 26428822, 26428822, 26428822, 26428822, 26428822, 26428822, 26428822, 26428822, 26428822, 26428822, 26428822, 26428822, 26428822, 26428822, 26428822, 26729656, 26729656, 26729656, 26729656, 26729656, 26729656, 26729656, 26729656, 26729656, 26729656, 26729656, 26729656, 26729656, 26729656, 26729656, 26729656, 26729656, 26729656, 26729656, 26729656, 26729656, 26729656, 26729656, 26729656, 26729656, 26729656, 26729656, 26729656, 26729656, 26729656, 26729656, 26729656, 26729656]",0,0,0,CXL,0,14680064,0,14680064,14680064,14680064,1.0,hot,0,0,0,0,1.0,29360128
0,56,meta-llama/Llama-3.1-8B,8,84,5589266729,36645362545,31056095816,29001655236,29053253846,26704559,"[26428822, 26843454, 26843454, 26843454, 30007228, 26444528, 26444528, 26444528, 26444528, 26444528, 26444528, 26444528, 26444528, 26428822, 26428822, 26428822, 26428822, 26428822, 26428822, 26428822, 26428822, 26428822, 26428822, 26428822, 26428822, 26428822, 26428822, 26428822, 26729656, 26729656, 26729656, 26729656, 26729656, 26729656, 26729656, 26729656, 26729656, 26729656, 26729656, 26729656, 26729656, 26729656, 26729656, 26729656, 26729656, 26729656, 26729656, 26729656, 26729656, 26729656, 26729656, 26729656, 26729656, 26729656, 26729656, 26729656, 26729656, 26729656, 26729656, 26729656, 26729656, 26843454, 26843454, 26843454, 26843454, 26843454, 26843454, 26843454, 26843454, 26843454, 26843454, 26843454, 26843454, 26843454, 26843454]",0,0,0,NPU,0,0,0,0,0,0,1.0,hot,0,0,0,0,1.0,0
0,41,meta-llama/Llama-3.1-8B,1114,1444,3637282315,37686722002,34049439687,20419373286,20628808055,40792193,"[26428822, 26428822, 26428822, 26428822, 26428822, 26428822, 26428822, 26428822, 26428822, 26428822, 26428822, 1108329352, 50473301, 26645180, 26444528, 26444528, 26444528, 26444528, 26444528, 26444528, 26444528, 26444528, 26444528, 26444528, 26444528, 26444528, 26444528, 26444528, 26444528, 26444528, 26444528, 26454608, 26454608, 26454608, 26454608, 26454608, 26454608, 26454608, 26454608, 26454608, 26454608, 26454608, 26454608, 26454608, 26454608, 26454608, 26454608, 26454608, 26454608, 26454608, 26428822, 26428822, 26428822, 26428822, 26428822, 26428822, 26428822, 909267740, 224649357, 26645180, 26645180, 26645180, 26645180, 26444528, 26444528, 26444528, 26444528, 26444528, 26444528, 26444528, 26444528, 26444528, 26444528, 26444528, 26444528, 26444528, 26444528, 26444528, 26444528, 26444528, 26444528, 26444528, 26444528, 26444528, 26444528, 26454608, 26454608, 26454608, 26454608, 26454608, 26454608, 26454608, 26454608, 26454608, 26454608, 26454608, 26454608, 26454608, 26454608, 26454608, 26454608, 436026368, 26309846, 26559984, 26428822, 26428822, 26729656, 26729656, 27286840, 27286840, 27286840, 27286840, 27286840, 27286840, 27286840, 27286840, 27286840, 26843454, 26843454, 26639587, 26639587, 1572307784, 26456112, 182895820, 26820478, 26820478, 26820478, 26820478, 26820478, 26843454, 26843454, 26843454, 26843454, 26843454, 26843454, 26843454, 26843454, 26843454, 26843454, 26843454, 26843454, 26843454, 26843454, 26843454, 26843454, 26843454, 26843454, 26843454, 26843454, 26843454, 26843454, 26843454, 26843454, 26573059, 26573059, 26573059, 26573059, 26573059, 26573059, 26573059, 26573059, 26573059, 26639587, 26309846, 26309846, 26309846, 26309846, 26309846, 26309846, 26309846, 26309846, 26309846, 26309846, 26309846, 26309846, 26309846, 26309846, 26309846, 26309846, 26309846, 26309846, 26309846, 26309846, 26309846, 26309846, 26309846, 26309846, 26309846, 26309846, 26309846, 26309846, 26309846, 26309846, 26309846, 26309846, 26309846, 26309846, 26309846, 26309846, 26309846, 26309846, 26309846, 26467984, 240750165, 26456112, 26456112, 26456112, 26456112, 26456112, 26456112, 26456112, 26966478, 26638708, 26638708, 26723508, 26723508, 26723508, 26723508, 26723508, 51598610, 26428822, 26843454, 26843454, 26843454, 30007228, 26444528, 26444528, 26444528, 26444528, 26444528, 26444528, 26444528, 26444528, 26428822, 26428822, 26428822, 26428822, 26428822, 26428822, 26428822, 26428822, 26428822, 26428822, 26428822, 26428822, 26428822, 26428822, 26428822, 26729656, 26729656, 26729656, 26729656, 26729656, 26729656, 26729656, 26729656, 26729656, 26729656, 26729656, 26729656, 26729656, 26729656, 26729656, 26729656, 26729656, 26729656, 26729656, 26729656, 26729656, 26729656, 26729656, 26729656, 26729656, 26729656, 26729656, 26729656, 26729656, 26729656, 26729656, 26729656, 26729656, 26843454, 26843454, 26843454, 26843454, 26843454, 26843454, 26843454, 26843454, 26843454, 26843454, 26843454, 26843454, 26843454, 26843454, 26573059, 26573059, 26573059, 26573059, 26639587, 26639587, 26639587, 26639587, 26639587, 26639587, 26639587, 26639587, 26639587, 26639587, 26639587, 26639587, 26639587, 26639587, 26639587, 26639587, 26639587, 26639587, 26639587, 26639587, 26639587, 26639587, 26639587, 26639587, 27306366, 28411605, 159758060, 26747034, 26747034, 26747034]",0,0,0,NPU,0,0,0,0,0,0,1.0,hot,0,0,0,0,1.0,0
0,46,meta-llama/Llama-3.1-8B,1142,1436,4056749989,39546561347,35489811358,23731969278,23956618635,39362432,"[26645180, 26645180, 26645180, 26645180, 26444528, 26444528, 26444528, 26444528, 26444528, 26444528, 26444528, 26444528, 26444528, 26444528, 26444528, 26444528, 26444528, 26444528, 26444528, 26444528, 26444528, 26444528, 26444528, 26444528, 26444528, 26444528, 26454608, 26454608, 26454608, 26454608, 26454608, 26454608, 26454608, 26454608, 26454608, 26454608, 26454608, 26454608, 26454608, 26454608, 26454608, 26454608, 436026368, 26309846, 26559984, 26428822, 26428822, 26729656, 26729656, 27286840, 27286840, 27286840, 27286840, 27286840, 27286840, 27286840, 27286840, 27286840, 26843454, 26843454, 26639587, 26639587, 1572307784, 26456112, 182895820, 26820478, 26820478, 26820478, 26820478, 26820478, 26843454, 26843454, 26843454, 26843454, 26843454, 26843454, 26843454, 26843454, 26843454, 26843454, 26843454, 26843454, 26843454, 26843454, 26843454, 26843454, 26843454, 26843454, 26843454, 26843454, 26843454, 26843454, 26843454, 26843454, 26573059, 26573059, 26573059, 26573059, 26573059, 26573059, 26573059, 26573059, 26573059, 26639587, 26309846, 26309846, 26309846, 26309846, 26309846, 26309846, 26309846, 26309846, 26309846, 26309846, 26309846, 26309846, 26309846, 26309846, 26309846, 26309846, 26309846, 26309846, 26309846, 26309846, 26309846, 26309846, 26309846, 26309846, 26309846, 26309846, 26309846, 26309846, 26309846, 26309846, 26309846, 26309846, 26309846, 26309846, 26309846, 26309846, 26309846, 26309846, 26309846, 26467984, 240750165, 26456112, 26456112, 26456112, 26456112, 26456112, 26456112, 26456112, 26966478, 26638708, 26638708, 26723508, 26723508, 26723508, 26723508, 26723508, 51598610, 26428822, 26843454, 26843454, 26843454, 30007228, 26444528, 26444528, 26444528, 26444528, 26444528, 26444528, 26444528, 26444528, 26428822, 26428822, 26428822, 26428822, 26428822, 26428822, 26428822, 26428822, 26428822, 26428822, 26428822, 26428822, 26428822, 26428822, 26428822, 26729656, 26729656, 26729656, 26729656, 26729656, 26729656, 26729656, 26729656, 26729656, 26729656, 26729656, 26729656, 26729656, 26729656, 26729656, 26729656, 26729656, 26729656, 26729656, 26729656, 26729656, 26729656, 26729656, 26729656, 26729656, 26729656, 26729656, 26729656, 26729656, 26729656, 26729656, 26729656, 26729656, 26843454, 26843454, 26843454, 26843454, 26843454, 26843454, 26843454, 26843454, 26843454, 26843454, 26843454, 26843454, 26843454, 26843454, 26573059, 26573059, 26573059, 26573059, 26639587, 26639587, 26639587, 26639587, 26639587, 26639587, 26639587, 26639587, 26639587, 26639587, 26639587, 26639587, 26639587, 26639587, 26639587, 26639587, 26639587, 26639587, 26639587, 26639587, 26639587, 26639587, 26639587, 26639587, 27306366, 188169665, 26747034, 26747034, 26747034, 239245892, 26428822, 26573059, 27145695, 27145695, 27145695, 27145695, 723767533, 26639587, 26639587, 26639587, 26639587, 331570744, 27010197, 27010197, 27010197, 27010197, 27010197, 27010197, 27010197, 27010197, 27010197, 27010197, 27010197]",0,0,0,NPU,0,0,0,0,0,0,1.0,hot,0,0,0,0,1.0,0
0,40,meta-llama/Llama-3.1-8B,1409,1842,3568927593,40335792931,36766865338,19711694964,19958299134,38908718,"[26645180, 26645180, 26645180, 26444528, 26444528, 26444528, 26444528, 26444528, 26444528, 26444528, 26444528, 26444528, 26444528, 26444528, 26444528, 26444528, 26444528, 26444528, 26444528, 26380886, 209434769, 26428822, 26428822, 26428822, 26428822, 26428822, 26428822, 26428822, 26428822, 26428822, 26428822, 26428822, 1108329352, 50473301, 26645180, 26444528, 26444528, 26444528, 26444528, 26444528, 26444528, 26444528, 26444528, 26444528, 26444528, 26444528, 26444528, 26444528, 26444528, 26444528, 26444528, 26444528, 26454608, 26454608, 26454608, 26454608, 26454608, 26454608, 26454608, 26454608, 26454608, 26454608, 26454608, 26454608, 26454608, 26454608, 26454608, 26454608, 26454608, 26454608, 26454608, 26428822, 26428822, 26428822, 26428822, 26428822, 26428822, 26428822, 909267740, 224649357, 26645180, 26645180, 26645180, 26645180, 26444528, 26444528, 26444528, 26444528, 26444528, 26444528, 26444528, 26444528, 26444528, 26444528, 26444528, 26444528, 26444528, 26444528, 26444528, 26444528, 26444528, 26444528, 26444528, 26444528, 26444528, 26444528, 26454608, 26454608, 26454608, 26454608, 26454608, 26454608, 26454608, 26454608, 26454608, 26454608, 26454608, 26454608, 26454608, 26454608, 26454608, 26454608, 436026368, 26309846, 26559984, 26428822, 26428822, 26729656, 26729656, 27286840, 27286840, 27286840, 27286840, 27286840, 27286840, 27286840, 27286840, 27286840, 26843454, 26843454, 26639587, 26639587, 1572307784, 26456112, 182895820, 26820478, 26820478, 26820478, 26820478, 26820478, 26843454, 26843454, 26843454, 26843454, 26843454, 26843454, 26843454, 26843454, 26843454, 26843454, 26843454, 26843454, 26843454, 26843454, 26843454, 26843454, 26843454, 26843454, 26843454, 26843454, 26843454, 26843454, 26843454, 26843454, 26573059, 26573059, 26573059, 26573059, 26573059, 26573059, 26573059, 26573059, 26573059, 26639587, 26309846, 26309846, 26309846, 26309846, 26309846, 26309846, 26309846, 26309846, 26309846, 26309846, 26309846, 26309846, 26309846, 26309846, 26309846, 26309846, 26309846, 26309846, 26309846, 26309846, 26309846, 26309846, 26309846, 26309846, 26309846, 26309846, 26309846, 26309846, 26309846, 26309846, 26309846, 26309846, 26309846, 26309846, 26309846, 26309846, 26309846, 26309846, 26309846, 26467984, 240750165, 26456112, 26456112, 26456112, 26456112, 26456112, 26456112, 26456112, 26966478, 26638708, 26638708, 26723508, 26723508, 26723508, 26723508, 26723508, 51598610, 26428822, 26843454, 26843454, 26843454, 30007228, 26444528, 26444528, 26444528, 26444528, 26444528, 26444528, 26444528, 26444528, 26428822, 26428822, 26428822, 26428822, 26428822, 26428822, 26428822, 26428822, 26428822, 26428822, 26428822, 26428822, 26428822, 26428822, 26428822, 26729656, 26729656, 26729656, 26729656, 26729656, 26729656, 26729656, 26729656, 26729656, 26729656, 26729656, 26729656, 26729656, 26729656, 26729656, 26729656, 26729656, 26729656, 26729656, 26729656, 26729656, 26729656, 26729656, 26729656, 26729656, 26729656, 26729656, 26729656, 26729656, 26729656, 26729656, 26729656, 26729656, 26843454, 26843454, 26843454, 26843454, 26843454, 26843454, 26843454, 26843454, 26843454, 26843454, 26843454, 26843454, 26843454, 26843454, 26573059, 26573059, 26573059, 26573059, 26639587, 26639587, 26639587, 26639587, 26639587, 26639587, 26639587, 26639587, 26639587, 26639587, 26639587, 26639587, 26639587, 26639587, 26639587, 26639587, 26639587, 26639587, 26639587, 26639587, 26639587, 26639587, 26639587, 26639587, 27306366, 28411605, 33187198, 33187198, 33187198, 33187198, 27009268, 26747034, 26747034, 26747034, 239245892, 26428822, 26573059, 27145695, 27145695, 27145695, 27145695, 33187198, 33187198, 33187198, 33187198, 33187198, 33220056, 33187198, 33187198, 33187198, 33187198, 33187198, 33187198, 33187198, 33187198, 33187198, 33187198, 33187198, 33187198, 33187198, 33187198, 33187198, 26803517, 26639587, 26639587, 26639587, 26639587, 27663483, 27663483, 27663483, 27663483, 27663483, 27663483, 27663483, 27663483, 27663483, 27663483, 27663483, 27272431, 27010197, 27010197, 27010197, 27010197, 27010197, 27010197, 27010197, 27010197, 27010197, 27010197, 27010197, 195152161, 26997779, 26997779, 26997779, 27876731, 27876731, 27876731, 27876731, 27876731, 27876731, 27876731, 27876731, 27876731, 27876731, 27876731, 27876731, 27876731, 27876731, 27876731, 27876731, 33545624, 33512766]",0,0,0,NPU,0,0,0,0,0,0,1.0,hot,0,0,0,0,1.0,0
0,45,meta-llama/Llama-3.1-8B,24,369,4019395331,40594592169,36575196838,21645741433,21696214734,43252854,"[26645180, 26444528, 26444528, 26444528, 26444528, 26444528, 26444528, 26444528, 26444528, 26444528, 26444528, 26444528, 26444528, 26444528, 26444528, 26444528, 26444528, 26444528, 26454608, 26454608, 26454608, 26454608, 26454608, 26454608, 26454608, 26454608, 26454608, 26454608, 26454608, 26454608, 26454608, 26454608, 26454608, 26454608, 26454608, 26454608, 26454608, 26428822, 26428822, 26428822, 26428822, 26428822, 26428822, 26428822, 909267740, 224649357, 26645180, 26645180, 26645180, 26645180, 26444528, 26444528, 26444528, 26444528, 26444528, 26444528, 26444528, 26444528, 26444528, 26444528, 26444528, 26444528, 26444528, 26444528, 26444528, 26444528, 26444528, 26444528, 26444528, 26444528, 26444528, 26444528, 26454608, 26454608, 26454608, 26454608, 26454608, 26454608, 26454608, 26454608, 26454608, 26454608, 26454608, 26454608, 26454608, 26454608, 26454608, 26454608, 436026368, 26309846, 26559984, 26428822, 26428822, 26729656, 26729656, 27286840, 27286840, 27286840, 27286840, 27286840, 27286840, 27286840, 27286840, 27286840, 26843454, 26843454, 26639587, 26639587, 1572307784, 26456112, 182895820, 26820478, 26820478, 26820478, 26820478, 26820478, 26843454, 26843454, 26843454, 26843454, 26843454, 26843454, 26843454, 26843454, 26843454, 26843454, 26843454, 26843454, 26843454, 26843454, 26843454, 26843454, 26843454, 26843454, 26843454, 26843454, 26843454, 26843454, 26843454, 26843454, 26573059, 26573059, 26573059, 26573059, 26573059, 26573059, 26573059, 26573059, 26573059, 26639587, 26309846, 26309846, 26309846, 26309846, 26309846, 26309846, 26309846, 26309846, 26309846, 26309846, 26309846, 26309846, 26309846, 26309846, 26309846, 26309846, 26309846, 26309846, 26309846, 26309846, 26309846, 26309846, 26309846, 26309846, 26309846, 26309846, 26309846, 26309846, 26309846, 26309846, 26309846, 26309846, 26309846, 26309846, 26309846, 26309846, 26309846, 26309846, 26309846, 26467984, 240750165, 26456112, 26456112, 26456112, 26456112, 26456112, 26456112, 26456112, 26966478, 26638708, 26638708, 26723508, 26723508, 26723508, 26723508, 26723508, 51598610, 26428822, 26843454, 26843454, 26843454, 30007228, 26444528, 26444528, 26444528, 26444528, 26444528, 26444528, 26444528, 26444528, 26428822, 26428822, 26428822, 26428822, 26428822, 26428822, 26428822, 26428822, 26428822, 26428822, 26428822, 26428822, 26428822, 26428822, 26428822, 26729656, 26729656, 26729656, 26729656, 26729656, 26729656, 26729656, 26729656, 26729656, 26729656, 26729656, 26729656, 26729656, 26729656, 26729656, 26729656, 26729656, 26729656, 26729656, 26729656, 26729656, 26729656, 26729656, 26729656, 26729656, 26729656, 26729656, 26729656, 26729656, 26729656, 26729656, 26729656, 26729656, 26843454, 26843454, 26843454, 26843454, 26843454, 26843454, 26843454, 26843454, 26843454, 26843454, 26843454, 26843454, 26843454, 26843454, 26573059, 26573059, 26573059, 26573059, 26639587, 26639587, 26639587, 26639587, 26639587, 26639587, 26639587, 26639587, 26639587, 26639587, 26639587, 26639587, 26639587, 26639587, 26639587, 26639587, 26639587, 26639587, 26639587, 26639587, 26639587, 26639587, 26639587, 26639587, 27306366, 188169665, 26747034, 26747034, 26747034, 239245892, 26428822, 26573059, 27145695, 27145695, 27145695, 27145695, 723767533, 26639587, 26639587, 26639587, 26639587, 331570744, 27010197, 27010197, 27010197, 27010197, 27010197, 27010197, 27010197, 27010197, 27010197, 27010197, 27010197, 195152161, 26997779, 26997779, 26997779, 771885324]",0,0,0,CXL,0,10485760,0,10485760,10485760,10485760,1.0,hot,0,0,0,0,1.0,20971520
0,49,meta-llama/Llama-3.1-8B,21,317,4229722316,40846526860,36616804544,23558996951,23783646308,43502231,"[26645180, 26645180, 26645180, 26645180, 26444528, 26444528, 26444528, 26444528, 26444528, 26444528, 26444528, 26444528, 26444528, 26444528, 26444528, 26444528, 26444528, 26444528, 26444528, 26444528, 26444528, 26444528, 26444528, 26444528, 26444528, 26444528, 26454608, 26454608, 26454608, 26454608, 26454608, 26454608, 26454608, 26454608, 26454608, 26454608, 26454608, 26454608, 26454608, 26454608, 26454608, 26454608, 488896198, 26428822, 26428822, 26729656, 26729656, 27286840, 27286840, 27286840, 27286840, 27286840, 27286840, 27286840, 27286840, 27286840, 26843454, 26843454, 1834938890, 26820478, 26820478, 26820478, 26820478, 26820478, 26843454, 26843454, 26843454, 26843454, 26843454, 26843454, 26843454, 26843454, 26843454, 26843454, 26843454, 26843454, 26843454, 26843454, 26843454, 26843454, 26843454, 26843454, 26843454, 26843454, 26843454, 26843454, 26843454, 26843454, 26573059, 26573059, 26573059, 26573059, 26573059, 26573059, 26573059, 26573059, 26573059, 26639587, 26309846, 26309846, 26309846, 26309846, 26309846, 26309846, 26309846, 26309846, 26309846, 26309846, 26309846, 26309846, 26309846, 26309846, 26309846, 26309846, 26309846, 26309846, 26309846, 26309846, 26309846, 26309846, 26309846, 26309846, 26309846, 26309846, 26309846, 26309846, 26309846, 26309846, 26309846, 26309846, 26309846, 26309846, 26309846, 26309846, 26309846, 26309846, 26309846, 26467984, 240750165, 26456112, 26456112, 26456112, 26456112, 26456112, 26456112, 26456112, 26966478, 26638708, 26638708, 26723508, 26723508, 26723508, 26723508, 26723508, 51598610, 26428822, 26843454, 26843454, 26843454, 30007228, 26444528, 26444528, 26444528, 26444528, 26444528, 26444528, 26444528, 26444528, 26428822, 26428822, 26428822, 26428822, 26428822, 26428822, 26428822, 26428822, 26428822, 26428822, 26428822, 26428822, 26428822, 26428822, 26428822, 26729656, 26729656, 26729656, 26729656, 26729656, 26729656, 26729656, 26729656, 26729656, 26729656, 26729656, 26729656, 26729656, 26729656, 26729656, 26729656, 26729656, 26729656, 26729656, 26729656, 26729656, 26729656, 26729656, 26729656, 26729656, 26729656, 26729656, 26729656, 26729656, 26729656, 26729656, 26729656, 26729656, 26843454, 26843454, 26843454, 26843454, 26843454, 26843454, 26843454, 26843454, 26843454, 26843454, 26843454, 26843454, 26843454, 26843454, 26573059, 26573059, 26573059, 26573059, 26639587, 26639587, 26639587, 26639587, 26639587, 26639587, 26639587, 26639587, 26639587, 26639587, 26639587, 26639587, 26639587, 26639587, 26639587, 26639587, 26639587, 26639587, 26639587, 26639587, 26639587, 26639587, 26639587, 26639587, 27306366, 188169665, 26747034, 26747034, 26747034, 239245892, 26428822, 26573059, 832350313, 26639587, 26639587, 26639587, 26639587, 331570744, 27010197, 27010197, 27010197, 27010197, 27010197, 27010197, 27010197, 27010197, 27010197, 27010197, 27010197, 195152161, 26997779, 26997779, 26997779, 771885324, 97071181, 25904021, 25904021, 25763867, 25763867, 25763867, 25763867]",0,0,0,CXL,0,10485760,0,10485760,10485760,10485760,1.0,hot,0,0,0,0,1.0,20971520
0,42,meta-llama/Llama-3.1-8B,411,798,3640781687,41045844443,37405062756,21863281576,22024355077,39846392,"[50473301, 26645180, 26444528, 26444528, 26444528, 26444528, 26444528, 26444528, 26444528, 26444528, 26444528, 26444528, 26444528, 26444528, 26444528, 26444528, 26444528, 26444528, 26444528, 26454608, 26454608, 26454608, 26454608, 26454608, 26454608, 26454608, 26454608, 26454608, 26454608, 26454608, 26454608, 26454608, 26454608, 26454608, 26454608, 26454608, 26454608, 26454608, 26428822, 26428822, 26428822, 26428822, 26428822, 26428822, 26428822, 909267740, 224649357, 26645180, 26645180, 26645180, 26645180, 26444528, 26444528, 26444528, 26444528, 26444528, 26444528, 26444528, 26444528, 26444528, 26444528, 26444528, 26444528, 26444528, 26444528, 26444528, 26444528, 26444528, 26444528, 26444528, 26444528, 26444528, 26444528, 26454608, 26454608, 26454608, 26454608, 26454608, 26454608, 26454608, 26454608, 26454608, 26454608, 26454608, 26454608, 26454608, 26454608, 26454608, 26454608, 436026368, 26309846, 26559984, 26428822, 26428822, 26729656, 26729656, 27286840, 27286840, 27286840, 27286840, 27286840, 27286840, 27286840, 27286840, 27286840, 26843454, 26843454, 26639587, 26639587, 1572307784, 26456112, 182895820, 26820478, 26820478, 26820478, 26820478, 26820478, 26843454, 26843454, 26843454, 26843454, 26843454, 26843454, 26843454, 26843454, 26843454, 26843454, 26843454, 26843454, 26843454, 26843454, 26843454, 26843454, 26843454, 26843454, 26843454, 26843454, 26843454, 26843454, 26843454, 26843454, 26573059, 26573059, 26573059, 26573059, 26573059, 26573059, 26573059, 26573059, 26573059, 26639587, 26309846, 26309846, 26309846, 26309846, 26309846, 26309846, 26309846, 26309846, 26309846, 26309846, 26309846, 26309846, 26309846, 26309846, 26309846, 26309846, 26309846, 26309846, 26309846, 26309846, 26309846, 26309846, 26309846, 26309846, 26309846, 26309846, 26309846, 26309846, 26309846, 26309846, 26309846, 26309846, 26309846, 26309846, 26309846, 26309846, 26309846, 26309846, 26309846, 26467984, 240750165, 26456112, 26456112, 26456112, 26456112, 26456112, 26456112, 26456112, 26966478, 26638708, 26638708, 26723508, 26723508, 26723508, 26723508, 26723508, 51598610, 26428822, 26843454, 26843454, 26843454, 30007228, 26444528, 26444528, 26444528, 26444528, 26444528, 26444528, 26444528, 26444528, 26428822, 26428822, 26428822, 26428822, 26428822, 26428822, 26428822, 26428822, 26428822, 26428822, 26428822, 26428822, 26428822, 26428822, 26428822, 26729656, 26729656, 26729656, 26729656, 26729656, 26729656, 26729656, 26729656, 26729656, 26729656, 26729656, 26729656, 26729656, 26729656, 26729656, 26729656, 26729656, 26729656, 26729656, 26729656, 26729656, 26729656, 26729656, 26729656, 26729656, 26729656, 26729656, 26729656, 26729656, 26729656, 26729656, 26729656, 26729656, 26843454, 26843454, 26843454, 26843454, 26843454, 26843454, 26843454, 26843454, 26843454, 26843454, 26843454, 26843454, 26843454, 26843454, 26573059, 26573059, 26573059, 26573059, 26639587, 26639587, 26639587, 26639587, 26639587, 26639587, 26639587, 26639587, 26639587, 26639587, 26639587, 26639587, 26639587, 26639587, 26639587, 26639587, 26639587, 26639587, 26639587, 26639587, 26639587, 26639587, 26639587, 26639587, 27306366, 28411605, 159758060, 26747034, 26747034, 26747034, 239245892, 26428822, 26573059, 27145695, 27145695, 27145695, 27145695, 723767533, 26639587, 26639587, 26639587, 26639587, 27663483, 27663483, 27663483, 27663483, 27663483, 27663483, 27663483, 27663483, 27663483, 27663483, 27663483, 27272431, 27010197, 27010197, 27010197, 27010197, 27010197, 27010197, 27010197, 27010197, 27010197, 27010197, 27010197, 195152161, 26997779, 26997779, 26997779, 27876731, 27876731, 27876731, 27876731, 27876731, 27876731, 27876731, 27876731, 27876731, 27876731, 27876731, 27876731, 27876731, 27876731, 27876731, 27876731, 325857628, 97071181, 25904021, 25904021, 25763867, 25763867, 25763867, 25763867, 63382192, 31409793, 26859940, 26425808, 25619925, 25619925]",0,0,0,NPU,0,0,0,0,0,0,1.0,hot,0,0,0,0,1.0,0
0,50,meta-llama/Llama-3.1-8B,7,467,4579003029,45655704643,41076701614,23209716238,23434365595,38436461,"[26645180, 26645180, 26645180, 26645180, 26444528, 26444528, 26444528, 26444528, 26444528, 26444528, 26444528, 26444528, 26444528, 26444528, 26444528, 26444528, 26444528, 26444528, 26444528, 26444528, 26444528, 26444528, 26444528, 26444528, 26444528, 26444528, 26454608, 26454608, 26454608, 26454608, 26454608, 26454608, 26454608, 26454608, 26454608, 26454608, 26454608, 26454608, 26454608, 26454608, 26454608, 26454608, 488896198, 26428822, 26428822, 26729656, 26729656, 27286840, 27286840, 27286840, 27286840, 27286840, 27286840, 27286840, 27286840, 27286840, 1888625798, 26820478, 26820478, 26820478, 26820478, 26820478, 26843454, 26843454, 26843454, 26843454, 26843454, 26843454, 26843454, 26843454, 26843454, 26843454, 26843454, 26843454, 26843454, 26843454, 26843454, 26843454, 26843454, 26843454, 26843454, 26843454, 26843454, 26843454, 26843454, 26843454, 26573059, 26573059, 26573059, 26573059, 26573059, 26573059, 26573059, 26573059, 26573059, 26639587, 26309846, 26309846, 26309846, 26309846, 26309846, 26309846, 26309846, 26309846, 26309846, 26309846, 26309846, 26309846, 26309846, 26309846, 26309846, 26309846, 26309846, 26309846, 26309846, 26309846, 26309846, 26309846, 26309846, 26309846, 26309846, 26309846, 26309846, 26309846, 26309846, 26309846, 26309846, 26309846, 26309846, 26309846, 26309846, 26309846, 26309846, 26309846, 26309846, 26467984, 240750165, 26456112, 26456112, 26456112, 26456112, 26456112, 26456112, 26456112, 265460044, 26428822, 26843454, 26843454, 26843454, 30007228, 26444528, 26444528, 26444528, 26444528, 26444528, 26444528, 26444528, 26444528, 26428822, 26428822, 26428822, 26428822, 26428822, 26428822, 26428822, 26428822, 26428822, 26428822, 26428822, 26428822, 26428822, 26428822, 26428822, 26729656, 26729656, 26729656, 26729656, 26729656, 26729656, 26729656, 26729656, 26729656, 26729656, 26729656, 26729656, 26729656, 26729656, 26729656, 26729656, 26729656, 26729656, 26729656, 26729656, 26729656, 26729656, 26729656, 26729656, 26729656, 26729656, 26729656, 26729656, 26729656, 26729656, 26729656, 26729656, 26729656, 26843454, 26843454, 26843454, 26843454, 26843454, 26843454, 26843454, 26843454, 26843454, 26843454, 26843454, 26843454, 26843454, 26843454, 26573059, 26573059, 26573059, 26573059, 26639587, 26639587, 26639587, 26639587, 26639587, 26639587, 26639587, 26639587, 26639587, 26639587, 26639587, 26639587, 26639587, 26639587, 26639587, 26639587, 26639587, 26639587, 26639587, 26639587, 26639587, 26639587, 26639587, 26639587, 215476031, 26747034, 26747034, 26747034, 239245892, 26428822, 26573059, 832350313, 26639587, 26639587, 26639587, 26639587, 331570744, 27010197, 27010197, 27010197, 27010197, 27010197, 27010197, 27010197, 27010197, 27010197, 27010197, 27010197, 195152161, 26997779, 26997779, 26997779, 771885324, 97071181, 25904021, 25904021, 166437660, 31409793, 26859940, 26425808, 25619925, 25619925, 63421019, 32351057, 32351057, 32351057, 32353969, 32353969, 30343401, 26699917, 25614678, 26097524, 25383640, 25350782, 25350782, 25350782, 25350782, 25350782, 25350782, 25350782, 25350782, 25350782, 25350782, 25350782, 25350782, 25350782, 25350782, 25350782, 25383640, 25567390, 25567390, 25567390, 25567390, 25567390, 25567390, 25567390, 25567390, 25567390, 25567390, 25567390, 25567390, 25567390, 25567390, 25567390, 25600248, 25567390, 25567390, 25567390, 25567390, 25567390, 25567390, 25567390, 25567390, 25567390, 25567390, 25567390, 25567390, 25567390, 25567390, 25567390, 25600248, 25567390, 25567390, 25567390, 25567390, 25567390, 25567390, 25567390, 25567390, 25567390, 25567390, 25567390, 25567390, 25567390, 25567390, 25567390, 25600248, 25567390, 25567390, 25567390, 25567390, 25567390, 25567390, 25567390, 25567390, 25567390, 25567390, 25567390, 25567390, 25567390, 25567390, 25567390, 26163150, 26851835, 26851835, 26851835, 26851835, 26851835, 26851835, 26851835, 26851835, 26851835, 26851835, 26851835, 26851835, 26851835, 26851835, 26851835, 26917461, 26851835, 26851835, 26851835, 26851835, 26851835, 26851835, 26851835, 26851835, 26851835, 26851835, 26851835, 26851835, 26851835, 26851835, 26851835, 26917461, 26851835, 26851835, 26851835, 26851835, 26851835, 26851835, 26851835, 26851835, 26851835, 26851835, 26851835, 26851835, 26851835, 26851835, 26851835, 26917461, 27019707, 27019707, 27019707, 27019707, 27019707, 27019707, 27019707, 27019707, 27019707, 27019707, 27019707, 27019707, 27019707, 27019707, 27019707, 27085333, 27019707, 27019707, 27019707, 27019707, 27019707, 27019707, 27019707, 27019707, 27019707, 27019707, 27019707, 27019707, 27019707, 27019707, 27019707, 27085333, 27019707, 27019707]",0,0,0,CXL,0,29360128,0,29360128,29360128,29360128,1.0,hot,0,0,0,0,1.0,58720256
0,52,meta-llama/Llama-3.1-8B,1282,1576,5008737007,47288705162,42279968155,28942380575,29183130740,44699103,"[26456112, 26456112, 26456112, 26456112, 26456112, 26456112, 26456112, 265460044, 26428822, 26843454, 26843454, 26843454, 30007228, 26444528, 26444528, 26444528, 26444528, 26444528, 26444528, 26444528, 26444528, 26428822, 26428822, 26428822, 26428822, 26428822, 26428822, 26428822, 26428822, 26428822, 26428822, 26428822, 26428822, 26428822, 26428822, 26428822, 26729656, 26729656, 26729656, 26729656, 26729656, 26729656, 26729656, 26729656, 26729656, 26729656, 26729656, 26729656, 26729656, 26729656, 26729656, 26729656, 26729656, 26729656, 26729656, 26729656, 26729656, 26729656, 26729656, 26729656, 26729656, 26729656, 26729656, 26729656, 26729656, 26729656, 26729656, 26729656, 26729656, 26843454, 26843454, 26843454, 26843454, 26843454, 26843454, 26843454, 26843454, 26843454, 26843454, 26843454, 26843454, 26843454, 26843454, 26573059, 26573059, 26573059, 26573059, 26639587, 26639587, 26639587, 26639587, 26639587, 26639587, 26639587, 26639587, 26639587, 26639587, 26639587, 26639587, 26639587, 26639587, 26639587, 26639587, 26639587, 26639587, 26639587, 26639587, 26639587, 26639587, 26639587, 26639587, 215476031, 26747034, 26747034, 26747034, 239245892, 26428822, 26573059, 832350313, 26639587, 26639587, 26639587, 26639587, 331570744, 27010197, 27010197, 27010197, 27010197, 27010197, 27010197, 27010197, 27010197, 27010197, 27010197, 27010197, 195152161, 26997779, 26997779, 26997779, 771885324, 97071181, 218245702, 31409793, 26859940, 26425808, 25619925, 25619925, 63421019, 32351057, 32351057, 32351057, 32353969, 32353969, 30343401, 26699917, 25614678, 26097524, 2068036304, 26851835, 26851835, 26851835, 26851835, 26851835, 26851835, 26851835, 26851835, 26851835, 26851835, 26851835, 26851835, 26851835, 26851835, 26851835, 26917461, 26851835, 26851835, 26851835, 26851835, 26851835, 26851835, 26851835, 26851835, 26851835, 26851835, 26851835, 26851835, 26851835, 26851835, 26851835, 26917461, 26851835, 26851835, 26851835, 26851835, 26851835, 26851835, 26851835, 26851835, 26851835, 26851835, 26851835, 26851835, 26851835, 26851835, 26851835, 26917461, 27019707, 27019707, 27019707, 27019707, 27019707, 27019707, 27019707, 27019707, 27019707, 27019707, 27019707, 27019707, 27019707, 27019707, 27019707, 27085333, 27019707, 27019707, 27019707, 27019707, 27019707, 27019707, 27019707, 27019707, 27019707, 27019707, 27019707, 27019707, 27019707, 27019707, 27019707, 27085333, 27019707, 27019707, 32686387, 32129242, 31000079, 26830763, 26830763, 26447349, 26447349, 26447349, 26447349, 26851835, 26851835, 26851835, 26851835, 26884693, 26851835, 26851835, 32153310, 32153310, 32153310, 32153310, 32153310, 32153310, 32153310, 32153310, 32153310, 32153310, 32153310, 32153310, 32153310, 32186168, 32153310, 32153310, 32153310, 32153310, 32153310, 32153310, 32153310, 32153310, 32153310, 32153310, 32153310, 32153310, 32153310, 32153310, 32153310, 32186168, 32153310, 32153310, 32153310, 32153310, 32153310, 32153310, 32153310]",0,0,0,NPU,0,0,0,0,0,0,1.0,hot,0,0,0,0,1.0,0
0,54,meta-llama/Llama-3.1-8B,16,181,5325057647,48450026418,43124968771,29265864318,29317462928,84192108,"[26428822, 26843454, 26843454, 26843454, 30007228, 26444528, 26444528, 26444528, 26444528, 26444528, 26444528, 26444528, 26444528, 26428822, 26428822, 26428822, 26428822, 26428822, 26428822, 26428822, 26428822, 26428822, 26428822, 26428822, 26428822, 26428822, 26428822, 26428822, 26729656, 26729656, 26729656, 26729656, 26729656, 26729656, 26729656, 26729656, 26729656, 26729656, 26729656, 26729656, 26729656, 26729656, 26729656, 26729656, 26729656, 26729656, 26729656, 26729656, 26729656, 26729656, 26729656, 26729656, 26729656, 26729656, 26729656, 26729656, 26729656, 26729656, 26729656, 26729656, 26729656, 26843454, 26843454, 26843454, 26843454, 26843454, 26843454, 26843454, 26843454, 26843454, 26843454, 26843454, 26843454, 26843454, 26843454, 26573059, 26573059, 26573059, 26573059, 26639587, 26639587, 26639587, 26639587, 26639587, 26639587, 26639587, 26639587, 26639587, 26639587, 26639587, 26639587, 26639587, 26639587, 26639587, 26639587, 26639587, 26639587, 26639587, 26639587, 26639587, 26639587, 26639587, 26639587, 534963025, 26428822, 26573059, 832350313, 26639587, 26639587, 26639587, 26639587, 823835072, 26997779, 26997779, 26997779, 771885324, 97071181, 218245702, 31409793, 26859940, 26425808, 25619925, 25619925, 63421019, 32351057, 32351057, 32351057, 32353969, 32353969, 30343401, 26699917, 25614678, 26097524, 2068036304, 2240572635, 32129242, 31000079, 26830763, 26830763, 26447349, 26447349, 26447349, 26447349, 1578067757, 32406219, 32406219, 32406219, 32406219, 32406219, 32406219, 31770245, 27059851, 25843491, 25843491, 25051829, 25051829, 25051829, 25051829, 25051829, 430723567, 25012571, 25012571, 25012571, 25012571]",0,0,0,CXL,0,33554432,0,33554432,33554432,33554432,1.0,hot,0,0,0,0,1.0,67108864
0,55,meta-llama/Llama-3.1-8B,22,224,5580001184,49950935643,44370934459,29010920781,29062519391,76161268,"[26428822, 26843454, 26843454, 26843454, 30007228, 26444528, 26444528, 26444528, 26444528, 26444528, 26444528, 26444528, 26444528, 26428822, 26428822, 26428822, 26428822, 26428822, 26428822, 26428822, 26428822, 26428822, 26428822, 26428822, 26428822, 26428822, 26428822, 26428822, 26729656, 26729656, 26729656, 26729656, 26729656, 26729656, 26729656, 26729656, 26729656, 26729656, 26729656, 26729656, 26729656, 26729656, 26729656, 26729656, 26729656, 26729656, 26729656, 26729656, 26729656, 26729656, 26729656, 26729656, 26729656, 26729656, 26729656, 26729656, 26729656, 26729656, 26729656, 26729656, 26729656, 26843454, 26843454, 26843454, 26843454, 26843454, 26843454, 26843454, 26843454, 26843454, 26843454, 26843454, 26843454, 26843454, 26843454, 26573059, 26573059, 26573059, 26573059, 26639587, 26639587, 26639587, 26639587, 26639587, 26639587, 26639587, 26639587, 26639587, 26639587, 26639587, 26639587, 26639587, 26639587, 26639587, 26639587, 26639587, 26639587, 26639587, 26639587, 26639587, 26639587, 26639587, 26639587, 534963025, 26428822, 26573059, 832350313, 26639587, 26639587, 26639587, 26639587, 823835072, 26997779, 26997779, 26997779, 771885324, 97071181, 218245702, 31409793, 26859940, 26425808, 114660869, 32351057, 32351057, 32351057, 32353969, 32353969, 30343401, 26699917, 25614678, 26097524, 2068036304, 2240572635, 32129242, 31000079, 26830763, 26830763, 1683857153, 32406219, 32406219, 32406219, 32406219, 32406219, 32406219, 31770245, 27059851, 25843491, 25843491, 25051829, 25051829, 25051829, 25051829, 25051829, 562439453, 25914165, 25914165, 25914165, 25914165, 25914165, 25914165, 25914165, 25914165, 25116479, 25116479, 24983311, 24917685, 24917685, 24917685, 24917685, 306484127, 25177211, 25177211, 25177211, 25177211, 25177211, 25177211, 25177211, 25177211, 25177211, 25177211, 25177211, 25177211, 25177211, 25177211, 25177211, 25242837, 25177211, 25177211, 25177211, 25177211, 25177211, 25177211, 25177211, 25177211, 25177211, 25177211, 25177211, 25177211, 25177211, 25177211, 25177211]",0,0,0,NPU,0,0,0,0,0,0,1.0,hot,0,0,0,0,1.0,0
0,53,meta-llama/Llama-3.1-8B,105,620,5233952206,56370826392,51136874186,29356969759,29408568369,42272968,"[26428822, 26843454, 26843454, 26843454, 30007228, 26444528, 26444528, 26444528, 26444528, 26444528, 26444528, 26444528, 26444528, 26428822, 26428822, 26428822, 26428822, 26428822, 26428822, 26428822, 26428822, 26428822, 26428822, 26428822, 26428822, 26428822, 26428822, 26428822, 26729656, 26729656, 26729656, 26729656, 26729656, 26729656, 26729656, 26729656, 26729656, 26729656, 26729656, 26729656, 26729656, 26729656, 26729656, 26729656, 26729656, 26729656, 26729656, 26729656, 26729656, 26729656, 26729656, 26729656, 26729656, 26729656, 26729656, 26729656, 26729656, 26729656, 26729656, 26729656, 26729656, 26843454, 26843454, 26843454, 26843454, 26843454, 26843454, 26843454, 26843454, 26843454, 26843454, 26843454, 26843454, 26843454, 26843454, 26573059, 26573059, 26573059, 26573059, 26639587, 26639587, 26639587, 26639587, 26639587, 26639587, 26639587, 26639587, 26639587, 26639587, 26639587, 26639587, 26639587, 26639587, 26639587, 26639587, 26639587, 26639587, 26639587, 26639587, 26639587, 26639587, 26639587, 26639587, 215476031, 26747034, 26747034, 26747034, 239245892, 26428822, 26573059, 832350313, 26639587, 26639587, 26639587, 26639587, 331570744, 27010197, 27010197, 27010197, 27010197, 27010197, 27010197, 27010197, 27010197, 27010197, 27010197, 27010197, 195152161, 26997779, 26997779, 26997779, 771885324, 97071181, 218245702, 31409793, 26859940, 26425808, 25619925, 25619925, 63421019, 32351057, 32351057, 32351057, 32353969, 32353969, 30343401, 26699917, 25614678, 26097524, 2068036304, 2240572635, 32129242, 31000079, 26830763, 26830763, 26447349, 26447349, 26447349, 26447349, 26851835, 26851835, 26851835, 26851835, 26884693, 26851835, 26851835, 1390072054, 32406219, 32406219, 32406219, 32406219, 32406219, 32406219, 31770245, 27059851, 25843491, 25843491, 25051829, 25051829, 25051829, 25051829, 25051829, 25383640, 25350782, 25350782, 25350782, 25350782, 25350782, 25350782, 25350782, 25350782, 25350782, 25350782, 25350782, 25350782, 25350782, 25350782, 25350782, 25078197, 25012571, 25012571, 25012571, 25012571, 31665602, 25914165, 25914165, 25914165, 25914165, 25914165, 25914165, 25914165, 25914165, 25116479, 25116479, 24983311, 24917685, 24917685, 24917685, 24917685, 25567390, 25567390, 25567390, 25567390, 25567390, 25567390, 25567390, 25567390, 25567390, 25567390, 25567390, 25242837, 25177211, 25177211, 25177211, 25177211, 25177211, 25177211, 25177211, 25177211, 25177211, 25177211, 25177211, 25177211, 25177211, 25177211, 25177211, 25242837, 25177211, 25177211, 25177211, 25177211, 25177211, 25177211, 25177211, 25177211, 25177211, 25177211, 25177211, 25177211, 25177211, 25177211, 25177211, 32210589, 26515608, 25263093, 25263093, 25263093, 25263093, 25263093, 25263093, 25263093, 25263093, 25263093, 25051829, 25274357, 25274357, 25274357, 25274357, 25242837, 25177211, 25177211, 25177211, 25177211, 25177211, 25177211, 25177211, 25177211, 25177211, 25177211, 25177211, 25177211, 25177211, 25177211, 25177211, 25242837, 25177211, 25177211, 25177211, 25177211, 25177211, 25177211, 25177211, 25177211, 25177211, 25177211, 25177211, 25177211, 25177211, 25177211, 25177211, 25242837, 25262203, 25262203, 25262203, 25262203, 25262203, 25262203, 25262203, 25262203, 25262203, 25262203, 25262203, 25262203, 25262203, 25262203, 25262203, 25327829, 25262203, 25262203, 25262203, 25262203, 25262203, 25262203, 25262203, 25262203, 25262203, 25262203, 25262203, 25262203, 25262203, 25262203, 25262203, 25327829, 25262203, 25262203, 25262203, 25262203, 25262203, 25262203, 25262203, 25262203, 25262203, 25262203, 25262203, 25262203, 25262203, 25262203, 25262203, 25327829, 25262203, 25262203, 25262203, 25262203, 25262203, 25262203, 25262203, 25262203, 25262203, 25262203, 25262203, 25262203, 25262203, 25262203, 25262203, 25327829, 25536603, 25536603, 25536603, 25536603, 25536603, 25536603, 25536603, 25536603, 25536603, 25536603, 25536603, 25536603, 25536603, 25536603, 25536603, 25602229, 25536603, 25536603, 25536603, 25536603, 25536603, 25536603, 25536603, 25536603, 25536603, 25536603, 25536603, 25536603, 25536603, 25536603, 25536603, 25602229, 25536603, 25536603, 25536603, 25536603, 25536603, 25536603, 25536603, 25536603, 25536603, 25536603, 25536603, 25536603, 25536603, 25536603, 25536603, 25602229, 25536603, 25536603, 25536603, 25536603, 25536603, 25536603, 25536603, 25536603, 25536603, 25536603, 25536603, 25536603, 25536603, 25536603, 25536603, 25602229, 25679419, 25679419, 25679419, 25679419, 25679419, 25679419, 25679419, 25679419, 25679419, 25679419, 25679419, 25679419, 25679419, 25679419, 25679419, 25745045, 25679419, 25679419, 25679419, 25679419, 25679419, 25679419, 25679419, 25679419, 25679419, 25679419, 25679419, 25679419, 25679419, 25679419, 25679419, 25746831, 25648437, 25648437, 25648437, 25648437, 25648437, 25648437, 25648437, 25648437, 25648437, 25648437, 25648437, 25648437, 25648437, 25648437, 25648437, 25746831, 25648437, 25648437, 25648437, 25648437, 25648437, 25648437, 25648437, 25648437, 25648437, 25648437, 25648437, 25648437, 25648437, 25648437, 25648437, 25746831, 25648437, 25648437, 25648437, 25648437, 25648437, 25648437, 25648437, 25648437, 25648437, 25648437, 25648437]",0,0,0,NPU,0,0,0,0,0,0,1.0,hot,0,0,0,0,1.0,0
0,57,meta-llama/Llama-3.1-8B,14,641,5611080198,61834418351,56223338153,28979841767,29031440377,43437536,"[26428822, 110537590, 26444528, 26444528, 26444528, 26444528, 26444528, 26444528, 26444528, 26444528, 26428822, 26428822, 26428822, 26428822, 26428822, 26428822, 26428822, 26428822, 26428822, 26428822, 26428822, 26428822, 26428822, 26428822, 26428822, 26729656, 26729656, 26729656, 26729656, 26729656, 26729656, 26729656, 26729656, 26729656, 26729656, 26729656, 26729656, 26729656, 26729656, 26729656, 26729656, 26729656, 26729656, 26729656, 26729656, 26729656, 26729656, 26729656, 26729656, 26729656, 26729656, 26729656, 26729656, 26729656, 26729656, 26729656, 26729656, 26729656, 26843454, 26843454, 26843454, 26843454, 26843454, 26843454, 26843454, 26843454, 26843454, 26843454, 26843454, 26843454, 26843454, 26843454, 26573059, 26573059, 26573059, 26573059, 26639587, 26639587, 26639587, 26639587, 26639587, 26639587, 26639587, 26639587, 26639587, 26639587, 26639587, 26639587, 26639587, 26639587, 26639587, 26639587, 26639587, 26639587, 26639587, 26639587, 26639587, 26639587, 26639587, 26639587, 534963025, 26428822, 26573059, 832350313, 26639587, 26639587, 26639587, 26639587, 823835072, 26997779, 26997779, 26997779, 771885324, 97071181, 218245702, 31409793, 26859940, 26425808, 114660869, 32351057, 32351057, 32351057, 32353969, 32353969, 30343401, 26699917, 25614678, 26097524, 2068036304, 2240572635, 32129242, 31000079, 26830763, 26830763, 1683857153, 32406219, 32406219, 32406219, 32406219, 32406219, 32406219, 31770245, 27059851, 25843491, 25843491, 687698598, 25914165, 25914165, 25914165, 25914165, 25914165, 25914165, 25914165, 25914165, 25116479, 25116479, 24983311, 24917685, 24917685, 24917685, 24917685, 1119253883, 26515608, 25263093, 25263093, 25263093, 25263093, 25263093, 25263093, 25263093, 25263093, 25263093, 25051829, 25274357, 25274357, 25274357, 25274357, 25242837, 25177211, 25177211, 25177211, 25177211, 25177211, 25177211, 25177211, 25177211, 25177211, 25177211, 25177211, 25177211, 25177211, 25177211, 25177211, 25242837, 25177211, 25177211, 25177211, 25177211, 25177211, 25177211, 25177211, 25177211, 25177211, 25177211, 25177211, 25177211, 25177211, 25177211, 25177211, 25242837, 25262203, 25262203, 25262203, 25262203, 25262203, 25262203, 25262203, 25262203, 25262203, 25262203, 25262203, 25262203, 25262203, 25262203, 25262203, 25327829, 25262203, 25262203, 25262203, 25262203, 25262203, 25262203, 25262203, 25262203, 25262203, 25262203, 25262203, 25262203, 25262203, 25262203, 25262203, 25327829, 25262203, 25262203, 25262203, 25262203, 25262203, 25262203, 25262203, 25262203, 25262203, 25262203, 25262203, 25262203, 25262203, 25262203, 25262203, 25327829, 25262203, 25262203, 25262203, 25262203, 25262203, 25262203, 25262203, 25262203, 25262203, 25262203, 25262203, 25262203, 25262203, 25262203, 25262203, 25327829, 25536603, 25536603, 25536603, 25536603, 25536603, 25536603, 25536603, 25536603, 25536603, 25536603, 25536603, 25536603, 25536603, 25536603, 25536603, 25602229, 25536603, 25536603, 25536603, 25536603, 25536603, 25536603, 25536603, 25536603, 25536603, 25536603, 25536603, 25536603, 25536603, 25536603, 25536603, 25602229, 25536603, 25536603, 25536603, 25536603, 25536603, 25536603, 25536603, 25536603, 25536603, 25536603, 25536603, 25536603, 25536603, 25536603, 25536603, 25602229, 25536603, 25536603, 25536603, 25536603, 25536603, 25536603, 25536603, 25536603, 25536603, 25536603, 25536603, 25536603, 25536603, 25536603, 25536603, 25602229, 25679419, 25679419, 25679419, 25679419, 25679419, 25679419, 25679419, 25679419, 25679419, 25679419, 25679419, 25679419, 25679419, 25679419, 25679419, 25745045, 25679419, 25679419, 25679419, 25679419, 25679419, 25679419, 25679419, 25679419, 25679419, 25679419, 25679419, 25679419, 25679419, 25679419, 25679419, 25746831, 25648437, 25648437, 25648437, 25648437, 25648437, 25648437, 25648437, 25648437, 25648437, 25648437, 25648437, 25648437, 25648437, 25648437, 25648437, 25746831, 25648437, 25648437, 25648437, 25648437, 25648437, 25648437, 25648437, 25648437, 25648437, 25648437, 25648437, 25648437, 25648437, 25648437, 25648437, 25746831, 25648437, 25648437, 25648437, 25648437, 25648437, 25648437, 25648437, 25648437, 25648437, 25648437, 25648437, 33062557, 31190522, 27276468, 26640156, 26705782, 25274357, 25274357, 25274357, 25274357, 25274357, 25274357, 25274357, 25274357, 25274357, 25274357, 25274357, 25262203, 25262203, 25262203, 25262203, 25327829, 25262203, 25262203, 25262203, 25262203, 25262203, 25262203, 25262203, 25262203, 25262203, 25262203, 25262203, 25262203, 25262203, 25262203, 25262203, 25327829, 25262203, 25262203, 25262203, 25262203, 25262203, 25262203, 25262203, 25262203, 25536603, 25536603, 25536603, 25536603, 25536603, 25536603, 25536603, 25602229, 25536603, 25536603, 25536603, 25536603, 25536603, 25536603, 25536603, 25536603, 25536603, 25536603, 25536603, 25536603, 25536603, 25536603, 25536603, 25602229, 25536603, 25536603, 25536603, 25536603, 25536603, 25536603, 25536603, 25536603, 25536603, 25536603, 25536603, 25536603, 25536603, 25536603, 25536603, 25602229, 25536603, 25536603, 25536603, 25536603, 25536603, 25536603, 25536603, 25536603, 25536603, 25536603, 25536603, 25536603, 25536603, 25536603, 25536603, 25602229, 25536603, 25536603, 25536603, 25536603, 25536603, 25536603, 25536603, 25536603, 25679419, 25679419, 25679419, 25679419, 25679419, 25679419, 25679419, 25745045, 25679419, 25679419, 25679419, 25679419, 25679419, 25679419, 25679419, 25679419, 25679419, 25679419, 25679419, 25679419, 25679419, 25679419, 25679419, 25745045, 25679419, 25679419, 25679419, 25679419, 25679419, 25679419, 25679419, 25679419, 25679419, 25679419, 25679419, 25679419, 25679419, 25679419, 25679419, 25746831, 25648437, 25648437, 25648437, 25648437, 25648437, 25648437, 25648437, 25648437, 25648437, 25648437, 25648437, 25648437, 25648437, 25648437, 25648437, 25746831, 25648437, 25648437, 25648437, 25648437, 25648437, 25648437, 25648437, 25648437, 25648437, 25648437, 25648437, 25648437, 25648437, 25648437, 25648437, 25746831, 25648437, 25648437, 25648437, 25648437, 25648437, 25648437, 25648437, 25648437, 25648437, 25648437, 25648437, 25648437, 25648437, 25648437, 25648437, 25746831, 25904021, 25904021, 25904021, 25904021, 25904021, 25904021, 25904021, 25904021, 25904021, 25904021, 25904021, 25904021, 25904021, 25904021, 25904021, 26002415]",0,0,0,NPU,0,0,0,0,0,0,1.0,hot,0,0,0,0,1.0,0
0,102,meta-llama/Llama-3.1-8B,49,73,9289586335,61867267789,52577681454,31556940525,31620322717,911189510,"[31409793, 167946617, 32351057, 32351057, 32351057, 32353969, 32353969, 4417364459, 32129242, 31000079, 1737518679, 32406219, 32406219, 32406219, 32406219, 32406219, 32406219, 31770245, 766445431, 1501454212, 6420742717, 31190522, 5432188318]",0,0,0,NPU,0,0,0,0,0,0,1.0,hot,0,0,0,0,1.0,0
0,58,meta-llama/Llama-3.1-8B,30,475,5615708394,62111169141,56495460747,28975213571,29026812181,61866325,"[26428822, 110537590, 26444528, 26444528, 26444528, 26444528, 26444528, 26444528, 26444528, 26444528, 26428822, 26428822, 26428822, 26428822, 26428822, 26428822, 26428822, 26428822, 26428822, 26428822, 26428822, 26428822, 26428822, 26428822, 26428822, 26729656, 26729656, 26729656, 26729656, 26729656, 26729656, 26729656, 26729656, 26729656, 26729656, 26729656, 26729656, 26729656, 26729656, 26729656, 26729656, 26729656, 26729656, 26729656, 26729656, 26729656, 26729656, 26729656, 26729656, 26729656, 26729656, 26729656, 26729656, 26729656, 26729656, 26729656, 26729656, 26729656, 26843454, 26843454, 26843454, 26843454, 26843454, 26843454, 26843454, 26843454, 26843454, 26843454, 26843454, 26843454, 26843454, 26843454, 26573059, 26573059, 26573059, 26573059, 26639587, 26639587, 26639587, 26639587, 26639587, 26639587, 26639587, 26639587, 26639587, 26639587, 26639587, 26639587, 26639587, 26639587, 26639587, 26639587, 26639587, 26639587, 26639587, 26639587, 26639587, 26639587, 26639587, 26639587, 534963025, 26428822, 26573059, 832350313, 26639587, 26639587, 26639587, 26639587, 823835072, 26997779, 26997779, 26997779, 771885324, 97071181, 218245702, 31409793, 26859940, 26425808, 114660869, 32351057, 32351057, 32351057, 32353969, 32353969, 30343401, 26699917, 25614678, 26097524, 2068036304, 2240572635, 32129242, 31000079, 26830763, 26830763, 1683857153, 32406219, 32406219, 32406219, 32406219, 32406219, 32406219, 31770245, 27059851, 25843491, 25843491, 687698598, 25914165, 25914165, 25914165, 25914165, 25914165, 25914165, 25914165, 25914165, 25116479, 25116479, 24983311, 24917685, 24917685, 24917685, 24917685, 1119253883, 26515608, 25263093, 25263093, 25263093, 25263093, 25263093, 25263093, 25263093, 25263093, 25263093, 25051829, 25274357, 25274357, 25274357, 25274357, 4904567879, 25648437, 25648437, 25648437, 25648437, 25648437, 25648437, 25648437, 25648437, 25648437, 25648437, 25648437, 25648437, 25648437, 25648437, 25648437, 25746831, 25648437, 25648437, 25648437, 25648437, 25648437, 25648437, 25648437, 25648437, 25648437, 25648437, 25648437, 25648437, 25648437, 25648437, 25648437, 25746831, 25648437, 25648437, 25648437, 25648437, 25648437, 25648437, 25648437, 25648437, 25648437, 25648437, 25648437, 33062557, 31190522, 27276468, 26640156, 26705782, 25274357, 25274357, 25274357, 25274357, 25274357, 25274357, 25274357, 25274357, 25274357, 25274357, 25274357, 25262203, 25262203, 25262203, 25262203, 25327829, 25262203, 25262203, 25262203, 25262203, 25262203, 25262203, 25262203, 25262203, 25262203, 25262203, 25262203, 25262203, 25262203, 25262203, 25262203, 25327829, 25262203, 25262203, 25262203, 25262203, 25262203, 25262203, 25262203, 25262203, 25536603, 25536603, 25536603, 25536603, 25536603, 25536603, 25536603, 25602229, 25536603, 25536603, 25536603, 25536603, 25536603, 25536603, 25536603, 25536603, 25536603, 25536603, 25536603, 25536603, 25536603, 25536603, 25536603, 25602229, 25536603, 25536603, 25536603, 25536603, 25536603, 25536603, 25536603, 25536603, 25536603, 25536603, 25536603, 25536603, 25536603, 25536603, 25536603, 25602229, 25536603, 25536603, 25536603, 25536603, 25536603, 25536603, 25536603, 25536603, 25536603, 25536603, 25536603, 25536603, 25536603, 25536603, 25536603, 25602229, 25536603, 25536603, 25536603, 25536603, 25536603, 25536603, 25536603, 25536603, 25679419, 25679419, 25679419, 25679419, 25679419, 25679419, 25679419, 25745045, 25679419, 25679419, 25679419, 25679419, 25679419, 25679419, 25679419, 25679419, 25679419, 25679419, 25679419, 25679419, 25679419, 25679419, 25679419, 25745045, 25679419, 25679419, 25679419, 25679419, 25679419, 25679419, 25679419, 25679419, 25679419, 25679419, 25679419, 25679419, 25679419, 25679419, 25679419, 25746831, 25648437, 25648437, 25648437, 25648437, 25648437, 25648437, 25648437, 25648437, 25648437, 25648437, 25648437, 25648437, 25648437, 25648437, 25648437, 25746831, 25648437, 25648437, 25648437, 25648437, 25648437, 25648437, 25648437, 25648437, 25648437, 25648437, 25648437, 25648437, 25648437, 25648437, 25648437, 25746831, 25648437, 25648437, 25648437, 25648437, 25648437, 25648437, 25648437, 25648437, 25648437, 25648437, 25648437, 25648437, 25648437, 25648437, 25648437, 25746831, 25904021, 25904021, 25904021, 25904021, 25904021, 25904021, 25904021, 25904021, 25904021, 25904021, 25904021, 25904021, 25904021, 25904021, 25904021, 26002415, 32849438, 31833630, 31768005, 25914165, 25914165, 25914165, 25914165, 25914165, 25465799, 25263093]",0,0,0,NPU,0,0,0,0,0,0,1.0,hot,0,0,0,0,1.0,0
0,63,meta-llama/Llama-3.1-8B,11,78,5956509160,62237574041,56281064881,31730212842,31969458734,368357668,"[26428822, 1789316792, 26997779, 26997779, 26997779, 771885324, 97071181, 218245702, 31409793, 26859940, 26425808, 114660869, 32351057, 32351057, 32351057, 32353969, 32353969, 30343401, 26699917, 25614678, 4334706463, 32129242, 31000079, 26830763, 26830763, 1683857153, 32406219, 32406219, 32406219, 32406219, 32406219, 32406219, 31770245, 27059851, 25843491, 25843491, 687698598, 25914165, 25914165, 25914165, 25914165, 25914165, 25914165, 25914165, 25914165, 1294140892, 26515608, 6394227109, 31190522, 27276468, 26640156, 26705782, 5351565912, 31833630, 31768005, 25914165, 25914165, 25914165, 25914165, 25914165, 25465799, 25263093, 31601225, 31601225, 31601225, 31601225]",0,0,0,CXL,0,6291456,0,6291456,6291456,6291456,1.0,hot,0,0,0,0,1.0,12582912
0,59,meta-llama/Llama-3.1-8B,39,364,5655061602,63842645759,58187584157,29094418157,29124425385,89701107,"[26444528, 26444528, 26444528, 26444528, 26444528, 26444528, 26444528, 26444528, 26428822, 26428822, 26428822, 26428822, 26428822, 26428822, 26428822, 26428822, 26428822, 26428822, 26428822, 26428822, 26428822, 26428822, 26428822, 26729656, 26729656, 26729656, 26729656, 26729656, 26729656, 26729656, 26729656, 26729656, 26729656, 26729656, 26729656, 26729656, 26729656, 26729656, 26729656, 26729656, 26729656, 26729656, 26729656, 26729656, 26729656, 26729656, 26729656, 26729656, 26729656, 26729656, 26729656, 26729656, 26729656, 26729656, 26729656, 26729656, 26843454, 26843454, 26843454, 26843454, 26843454, 26843454, 26843454, 26843454, 26843454, 26843454, 26843454, 26843454, 26843454, 26843454, 26573059, 26573059, 26573059, 26573059, 26639587, 26639587, 26639587, 26639587, 26639587, 26639587, 26639587, 26639587, 26639587, 26639587, 26639587, 26639587, 26639587, 26639587, 26639587, 26639587, 26639587, 26639587, 26639587, 26639587, 26639587, 26639587, 26639587, 26639587, 534963025, 26428822, 26573059, 832350313, 26639587, 26639587, 26639587, 26639587, 823835072, 26997779, 26997779, 26997779, 771885324, 97071181, 218245702, 31409793, 26859940, 26425808, 114660869, 32351057, 32351057, 32351057, 32353969, 32353969, 30343401, 26699917, 25614678, 26097524, 2068036304, 2240572635, 32129242, 31000079, 26830763, 26830763, 1683857153, 32406219, 32406219, 32406219, 32406219, 32406219, 32406219, 31770245, 27059851, 25843491, 25843491, 687698598, 25914165, 25914165, 25914165, 25914165, 25914165, 25914165, 25914165, 25914165, 75216269, 24917685, 24917685, 24917685, 24917685, 1119253883, 26515608, 25263093, 25263093, 25263093, 25263093, 25263093, 25263093, 25263093, 25263093, 25263093, 6166859272, 31190522, 27276468, 26640156, 26705782, 25274357, 25274357, 25274357, 25274357, 25274357, 25274357, 25274357, 25274357, 25274357, 25274357, 25274357, 3394715659, 25648437, 25648437, 25648437, 25648437, 25648437, 25648437, 25648437, 25648437, 25648437, 25648437, 25648437, 25648437, 25648437, 25648437, 25648437, 25746831, 25648437, 25648437, 25648437, 25648437, 25648437, 25648437, 25648437, 25648437, 25648437, 25648437, 25648437, 25648437, 25648437, 25648437, 25648437, 25746831, 25648437, 25648437, 25648437, 25648437, 25648437, 25648437, 25648437, 25648437, 25648437, 25648437, 25648437, 25648437, 25648437, 25648437, 25648437, 25746831, 25904021, 25904021, 25904021, 25904021, 25904021, 25904021, 25904021, 25904021, 25904021, 25904021, 25904021, 25904021, 25904021, 25904021, 25904021, 26002415, 32849438, 31833630, 31768005, 25914165, 25914165, 25914165, 25914165, 25914165, 25465799, 25263093, 31601225, 31601225, 31601225, 31601225, 31409793, 31409793, 31409793, 31409793, 28500506, 27218200, 26360054, 26360054, 26360054, 26118142, 26118142, 25739482, 25929013, 26154619, 26154619, 26154619, 26154619, 25994639, 25567390, 25567390, 25567390, 25567390, 25567390, 25567390, 25567390, 25567390, 25567390, 25567390, 25567390, 25567390, 25567390, 25567390, 25567390, 25994639, 25929013, 25929013, 25929013, 25929013, 25929013, 25929013, 25929013, 25929013, 25929013, 25929013, 25929013, 25929013, 25929013, 25929013, 26357563, 26027407, 25929013, 25929013, 25929013, 25929013, 25929013, 25929013, 25929013, 25929013, 25929013, 25929013, 25929013]",0,0,0,NPU,0,0,0,0,0,0,1.0,hot,0,0,0,0,1.0,0
0,64,meta-llama/Llama-3.1-8B,266,463,5989489444,67290218722,61300729278,31697232558,31936478450,149817606,"[26428822, 1789316792, 26997779, 26997779, 26997779, 771885324, 97071181, 218245702, 31409793, 26859940, 26425808, 114660869, 32351057, 32351057, 32351057, 32353969, 32353969, 30343401, 26699917, 25614678, 4334706463, 32129242, 31000079, 26830763, 26830763, 1683857153, 32406219, 32406219, 32406219, 32406219, 32406219, 32406219, 31770245, 27059851, 25843491, 25843491, 687698598, 1501454212, 26515608, 6394227109, 31190522, 27276468, 26640156, 26705782, 5351565912, 31833630, 31768005, 25914165, 25914165, 25914165, 25914165, 25914165, 25465799, 56864318, 31601225, 31601225, 31601225, 31409793, 31409793, 31409793, 31409793, 28500506, 27218200, 26360054, 26360054, 26360054, 26118142, 26118142, 25739482, 1298068778, 31181400, 29983933, 25712916, 25778542, 25465799, 25465799, 25465799, 25929013, 25929013, 25929013, 25929013, 25929013, 25929013, 25929013, 25929013, 130645883, 25929013, 25929013, 25929013, 25929013, 25929013, 25929013, 25929013, 25929013, 25929013, 25929013, 25929013, 26211925, 26211925, 26211925, 26211925, 26310319, 26211925, 26211925, 26211925, 26211925, 26211925, 26211925, 26211925, 26211925, 26211925, 26211925, 26211925, 26211925, 26211925, 26211925, 26211925, 26310319, 26211925, 26211925, 26211925, 26211925, 26211925, 26211925, 26211925, 26211925, 26211925, 26211925, 26211925, 26211925, 26211925, 26211925, 26211925, 26310319, 26211925, 26211925, 26211925, 26211925, 26211925, 26211925, 26211925, 26211925, 26211925, 26211925, 26211925, 26211925, 26211925, 26211925, 26211925, 26310319, 26211925, 26211925, 26211925, 26211925, 26211925, 26211925, 26211925, 26211925, 26211925, 26211925, 26211925, 26447349, 26447349, 26447349, 26447349, 26545743, 26447349, 26447349, 26447349, 26447349, 26447349, 26447349, 26447349, 26447349, 26447349, 26447349, 26447349, 26447349, 26447349, 26447349, 26447349, 26545743, 26447349, 26447349, 26447349, 26447349, 26447349, 26447349, 26447349, 26447349, 26447349, 26447349, 26447349, 26447349, 26447349, 26447349]",0,0,0,NPU,0,0,0,0,0,0,1.0,hot,0,0,0,0,1.0,0
0,66,meta-llama/Llama-3.1-8B,62,170,6082919966,70524300491,64441380525,33463641381,33658793542,287687728,"[26997779, 26997779, 26997779, 771885324, 97071181, 218245702, 31409793, 26859940, 26425808, 114660869, 32351057, 32351057, 32351057, 32353969, 32353969, 30343401, 26699917, 4360321141, 32129242, 31000079, 26830763, 26830763, 1683857153, 32406219, 32406219, 32406219, 32406219, 32406219, 32406219, 31770245, 27059851, 25843491, 25843491, 687698598, 1501454212, 26515608, 6394227109, 31190522, 27276468, 26640156, 26705782, 5351565912, 31833630, 31768005, 25914165, 25914165, 25914165, 25914165, 25914165, 82330117, 31601225, 31601225, 31601225, 31409793, 31409793, 31409793, 31409793, 28500506, 27218200, 26360054, 26360054, 26360054, 26118142, 26118142, 25739482, 1298068778, 31181400, 29983933, 25712916, 25778542, 25465799, 25465799, 25465799, 3257503983, 29806160, 29806160, 29806160, 27511680, 27219992, 25712916, 25712916, 2360668174, 25892415, 25892415, 25892415, 25892415, 25892415, 25892415, 25892415, 25892415, 25892415, 25892415, 25892415, 25892415, 25892415, 25892415, 25892415, 26023577, 25892415, 25892415, 25892415, 25892415, 25892415, 25892415, 25892415, 25892415, 25892415]",0,0,0,NPU,0,0,0,0,0,0,1.0,hot,0,0,0,0,1.0,0
0,61,meta-llama/Llama-3.1-8B,986,1393,5735930675,71123546331,65387615656,31950791327,32190037219,81767434,"[26428822, 26573059, 832350313, 26639587, 26639587, 26639587, 26639587, 823835072, 26997779, 26997779, 26997779, 771885324, 97071181, 218245702, 31409793, 26859940, 26425808, 114660869, 32351057, 32351057, 32351057, 32353969, 32353969, 30343401, 26699917, 25614678, 26097524, 2068036304, 2240572635, 32129242, 31000079, 26830763, 26830763, 1683857153, 32406219, 32406219, 32406219, 32406219, 32406219, 32406219, 31770245, 27059851, 25843491, 25843491, 687698598, 25914165, 25914165, 25914165, 25914165, 25914165, 25914165, 25914165, 25914165, 1294140892, 26515608, 25263093, 25263093, 25263093, 25263093, 25263093, 25263093, 25263093, 25263093, 25263093, 6166859272, 31190522, 27276468, 26640156, 26705782, 5351565912, 31833630, 31768005, 25914165, 25914165, 25914165, 25914165, 25914165, 25465799, 25263093, 31601225, 31601225, 31601225, 31601225, 31409793, 31409793, 31409793, 31409793, 28500506, 27218200, 26360054, 26360054, 26360054, 26118142, 26118142, 25739482, 25929013, 26154619, 26154619, 26154619, 26154619, 25994639, 409505489, 25929013, 25929013, 25929013, 25929013, 25929013, 25929013, 25929013, 25929013, 25929013, 25929013, 25929013, 25929013, 25929013, 25929013, 26357563, 26027407, 25929013, 25929013, 25929013, 25929013, 25929013, 25929013, 25929013, 25929013, 25929013, 25929013, 25929013, 31410866, 31181400, 29983933, 25712916, 25778542, 25465799, 25465799, 25465799, 25929013, 25929013, 25929013, 25929013, 25929013, 25929013, 25929013, 25929013, 26154619, 26154619, 26154619, 26154619, 26027407, 25929013, 25929013, 25929013, 25929013, 25929013, 25929013, 25929013, 25929013, 25929013, 25929013, 25929013, 26211925, 26211925, 26211925, 26211925, 26310319, 26211925, 26211925, 26211925, 26211925, 26211925, 26211925, 26211925, 26211925, 26211925, 26211925, 26211925, 26211925, 26211925, 26211925, 26211925, 26310319, 26211925, 26211925, 26211925, 26211925, 26211925, 26211925, 26211925, 26211925, 26211925, 26211925, 26211925, 26211925, 26211925, 26211925, 26211925, 26310319, 26211925, 26211925, 26211925, 26211925, 26211925, 26211925, 26211925, 26211925, 26211925, 26211925, 26211925, 26211925, 26211925, 26211925, 26211925, 26310319, 26211925, 26211925, 26211925, 26211925, 26211925, 26211925, 26211925, 26211925, 26211925, 26211925, 26211925, 26447349, 26447349, 26447349, 26447349, 26545743, 26447349, 26447349, 26447349, 26447349, 26447349, 26447349, 26447349, 26447349, 26447349, 26447349, 26447349, 26447349, 26447349, 26447349, 26447349, 26545743, 26447349, 26447349, 26447349, 26447349, 26447349, 26447349, 26447349, 26447349, 26447349, 26447349, 26447349, 26447349, 26447349, 26447349, 30396074, 29806160, 29806160, 29806160, 27511680, 27219992, 25712916, 25712916, 25929013, 25929013, 25929013, 25929013, 25929013, 25929013, 25929013, 25929013, 26518075, 26027407, 26211925, 26211925, 26211925, 26211925, 26211925, 26211925, 26211925, 26211925, 26211925, 26211925, 26211925, 26211925, 26211925, 26211925, 26211925, 26310319, 26211925, 26211925, 26211925, 26211925, 26211925, 26211925, 26211925, 26211925, 26211925, 26211925, 26211925, 26211925, 26211925, 26211925, 26211925, 26310319, 26211925, 26211925, 26211925, 26211925, 26211925, 26211925, 26211925, 26211925, 26211925, 26211925, 26211925, 26211925, 26211925, 26211925, 26211925, 26310319, 26211925, 26211925, 26211925, 26211925, 26211925, 26211925, 26211925, 26211925, 26211925, 26211925, 26211925, 26211925, 26211925, 26211925, 26211925, 26310319, 26447349, 26447349, 26447349, 26447349, 26447349, 26447349, 26447349, 26447349, 26447349, 26447349, 26447349, 26447349, 26447349, 26447349, 26447349, 26023577, 25892415, 25892415, 25892415, 25892415, 25892415, 25892415, 25892415, 25892415, 25892415, 25892415, 25892415, 25892415, 25892415, 25892415, 25892415, 26023577, 25892415, 25892415, 25892415, 25892415, 25892415, 25892415, 25892415, 25892415, 25892415, 27356781, 25892415, 25892415, 25892415, 25892415, 25892415, 25745840, 25614678, 25954302, 25954302, 25954302, 25954302, 25954302, 25619925, 25619925, 25619925, 26447349, 26447349, 26447349, 26447349, 26447349, 26447349, 25751087]",0,0,0,NPU,0,0,0,0,0,0,1.0,hot,0,0,0,0,1.0,0
0,65,meta-llama/Llama-3.1-8B,36,274,6067730152,71651465268,65583735116,33478831195,33673983356,134640302,"[26997779, 26997779, 26997779, 771885324, 97071181, 218245702, 31409793, 26859940, 26425808, 114660869, 32351057, 32351057, 32351057, 32353969, 32353969, 30343401, 26699917, 25614678, 4334706463, 32129242, 31000079, 26830763, 26830763, 1683857153, 32406219, 32406219, 32406219, 32406219, 32406219, 32406219, 31770245, 27059851, 25843491, 25843491, 687698598, 1501454212, 26515608, 6394227109, 31190522, 27276468, 26640156, 26705782, 5351565912, 31833630, 31768005, 25914165, 25914165, 25914165, 25914165, 25914165, 25465799, 56864318, 31601225, 31601225, 31601225, 31409793, 31409793, 31409793, 31409793, 28500506, 27218200, 26360054, 26360054, 26360054, 26118142, 26118142, 25739482, 1298068778, 31181400, 29983933, 25712916, 25778542, 25465799, 25465799, 25465799, 3257503983, 29806160, 29806160, 29806160, 27511680, 27219992, 25712916, 25712916, 25929013, 25929013, 25929013, 25929013, 25929013, 25929013, 25929013, 25929013, 52545482, 26211925, 26211925, 26211925, 26211925, 26211925, 26211925, 26211925, 26211925, 26211925, 26211925, 26211925, 26211925, 26211925, 26211925, 26211925, 26310319, 26211925, 26211925, 26211925, 26211925, 26211925, 26211925, 26211925, 26211925, 26211925, 26211925, 26211925, 26211925, 26211925, 26211925, 26211925, 26310319, 26211925, 26211925, 26211925, 26211925, 26211925, 26211925, 26211925, 26211925, 26211925, 26211925, 26211925, 26211925, 26211925, 26211925, 26211925, 26310319, 26211925, 26211925, 26211925, 26211925, 26211925, 26211925, 26211925, 26211925, 26211925, 26211925, 26211925, 26211925, 26211925, 26211925, 26211925, 26310319, 26447349, 26447349, 26447349, 26447349, 26447349, 26447349, 26447349, 26447349, 26447349, 26447349, 26447349, 26447349, 26447349, 26447349, 26447349, 26023577, 25892415, 25892415, 25892415, 25892415, 25892415, 25892415, 25892415, 25892415, 25892415, 25892415, 25892415, 25892415, 25892415, 25892415, 25892415, 26023577, 25892415, 25892415, 25892415, 25892415, 25892415, 25892415, 25892415, 25892415, 25892415, 27356781, 25892415, 25892415, 25892415, 25892415, 25892415, 25745840, 25614678, 25954302, 25954302, 25954302, 25954302, 25954302, 25619925, 25619925, 25619925, 26447349, 26447349, 26447349, 26447349, 26447349, 26447349, 25751087, 31917673, 31000079, 31000079, 31000079, 31000079, 31000079, 31000079, 31000079, 31000079, 31000079, 31000079, 31000079, 31000079, 31000079, 31000079, 31000079, 31000079]",0,0,0,NPU,0,0,0,0,0,0,1.0,hot,0,0,0,0,1.0,0
0,83,meta-llama/Llama-3.1-8B,12,79,7834202581,71651465268,63817262687,32501590350,32760389588,470558683,"[97071181, 218245702, 31409793, 167946617, 32351057, 32351057, 32351057, 32353969, 32353969, 30343401, 4387021058, 32129242, 31000079, 1737518679, 32406219, 32406219, 32406219, 32406219, 32406219, 32406219, 31770245, 766445431, 1501454212, 6420742717, 31190522, 27276468, 5404911850, 31833630, 31768005, 211900942, 31601225, 31601225, 31601225, 31409793, 31409793, 31409793, 31409793, 28500506, 27218200, 1455124706, 31181400, 29983933, 3385392838, 29806160, 29806160, 29806160, 27511680, 27219992, 3086892324, 603806732, 31000079, 31000079, 31000079, 31000079, 31000079, 31000079, 31000079, 31000079, 31000079, 31000079, 31000079, 31000079, 31000079, 31000079, 31000079, 31000079]",0,0,0,NPU,0,0,0,0,0,0,1.0,hot,0,0,0,0,1.0,0
0,68,meta-llama/Llama-3.1-8B,626,773,6252715911,73001650833,66748934922,33293845436,33488997597,227807789,"[26997779, 26997779, 26997779, 771885324, 97071181, 218245702, 31409793, 26859940, 26425808, 114660869, 32351057, 32351057, 32351057, 32353969, 32353969, 30343401, 26699917, 4360321141, 32129242, 31000079, 26830763, 26830763, 1683857153, 32406219, 32406219, 32406219, 32406219, 32406219, 32406219, 31770245, 27059851, 25843491, 25843491, 687698598, 1501454212, 26515608, 6394227109, 31190522, 27276468, 26640156, 26705782, 5351565912, 31833630, 31768005, 211900942, 31601225, 31601225, 31601225, 31409793, 31409793, 31409793, 31409793, 28500506, 27218200, 26360054, 26360054, 26360054, 26118142, 26118142, 25739482, 1298068778, 31181400, 29983933, 25712916, 25778542, 25465799, 25465799, 25465799, 3257503983, 29806160, 29806160, 29806160, 27511680, 27219992, 25712916, 25712916, 3035466492, 155207915, 25614678, 25954302, 25954302, 25954302, 25954302, 25954302, 25619925, 25619925, 25619925, 184435181, 31917673, 31000079, 31000079, 31000079, 31000079, 31000079, 31000079, 31000079, 31000079, 31000079, 31000079, 31000079, 31000079, 31000079, 31000079, 31000079, 31000079, 30810577, 30810577, 30810577, 30810577, 30810577, 30810577, 30810577, 29482892, 26420112, 26420112, 26420112, 26420112, 25501991, 25501991, 26771318, 25904021, 25904021, 25904021, 25904021, 25904021, 278427879, 25674687, 25674687, 25674687, 25674687, 25674687, 25674687, 25674687, 25674687, 25674687, 25674687, 25674687, 25674687, 25674687, 25674687, 25674687, 25805849, 25674687, 25674687, 25674687, 25674687]",0,0,0,NPU,0,0,0,0,0,0,1.0,hot,0,0,0,0,1.0,0
0,100,meta-llama/Llama-3.1-8B,11,78,9150673710,73032707991,63882034281,31695853150,31759235342,486709074,"[31409793, 167946617, 32351057, 32351057, 32351057, 32353969, 32353969, 4417364459, 32129242, 31000079, 1737518679, 32406219, 32406219, 32406219, 32406219, 32406219, 32406219, 31770245, 766445431, 1501454212, 6420742717, 31190522, 5432188318, 31833630, 31768005, 211900942, 31601225, 31601225, 31601225, 31409793, 31409793, 31409793, 31409793, 1510843412, 31181400, 29983933, 3385392838, 29806160, 29806160, 29806160, 3745430728, 31000079, 31000079, 31000079, 31000079, 31000079, 31000079, 31000079, 31000079, 31000079, 31000079, 31000079, 31000079, 31000079, 31000079, 31000079, 31000079, 30810577, 30810577, 30810577, 30810577, 30810577, 30810577, 30810577, 29482892, 1136085792]",0,0,0,CXL,0,10485760,0,10485760,10485760,10485760,1.0,hot,0,0,0,0,1.0,20971520
0,110,meta-llama/Llama-3.1-8B,35,98,9889338569,73184761291,63295422722,31156505874,31219926893,517346706,"[32351057, 32351057, 32351057, 32353969, 32353969, 4417364459, 32129242, 1768518758, 32406219, 32406219, 32406219, 32406219, 32406219, 32406219, 31770245, 766445431, 1501454212, 6420742717, 31190522, 5432188318, 31833630, 31768005, 211900942, 31601225, 31601225, 31601225, 31409793, 31409793, 31409793, 31409793, 1510843412, 31181400, 7250225979, 31000079, 31000079, 31000079, 31000079, 31000079, 31000079, 31000079, 31000079, 31000079, 31000079, 31000079, 31000079, 31000079, 31000079, 31000079, 31000079, 30810577, 30810577, 30810577, 30810577, 30810577, 30810577, 30810577, 1165568684, 30410660, 30410660, 30410660, 30410660, 30410660]",0,0,0,NPU,0,0,0,0,0,0,1.0,hot,0,0,0,0,1.0,0
0,72,meta-llama/Llama-3.1-8B,4,137,6856786607,74409429545,67552642938,32689774740,32884926901,262634212,"[26997779, 26997779, 26997779, 771885324, 97071181, 218245702, 31409793, 26859940, 141086677, 32351057, 32351057, 32351057, 32353969, 32353969, 30343401, 26699917, 4360321141, 32129242, 31000079, 26830763, 26830763, 1683857153, 32406219, 32406219, 32406219, 32406219, 32406219, 32406219, 31770245, 27059851, 739385580, 1501454212, 26515608, 6394227109, 31190522, 27276468, 26640156, 26705782, 5351565912, 31833630, 31768005, 211900942, 31601225, 31601225, 31601225, 31409793, 31409793, 31409793, 31409793, 28500506, 27218200, 26360054, 26360054, 26360054, 26118142, 26118142, 1323808260, 31181400, 29983933, 3385392838, 29806160, 29806160, 29806160, 27511680, 27219992, 25712916, 25712916, 3035466492, 155207915, 25614678, 422984139, 31000079, 31000079, 31000079, 31000079, 31000079, 31000079, 31000079, 31000079, 31000079, 31000079, 31000079, 31000079, 31000079, 31000079, 31000079, 31000079, 30810577, 30810577, 30810577, 30810577, 30810577, 30810577, 30810577, 29482892, 26420112, 26420112, 26420112, 26420112, 25501991, 25501991, 26771318, 952630044, 30410660, 30410660, 30410660, 30410660, 30410660, 30343401, 30343401, 30343401, 30343401, 30343401, 30343401, 30343401, 30343401, 30343401, 30343401, 27680923, 26515608, 255286313, 27218200, 25843491, 354085921, 25722010, 25722010, 25857173, 25432871, 25432871, 25432871, 25501991, 25501991]",0,0,0,CXL,0,16777216,0,16777216,16777216,16777216,1.0,hot,0,0,0,0,1.0,33554432
0,71,meta-llama/Llama-3.1-8B,229,368,6856232865,74463951960,67607719095,32690328482,32885480643,251610423,"[26997779, 26997779, 26997779, 771885324, 97071181, 218245702, 31409793, 26859940, 141086677, 32351057, 32351057, 32351057, 32353969, 32353969, 30343401, 26699917, 4360321141, 32129242, 31000079, 26830763, 26830763, 1683857153, 32406219, 32406219, 32406219, 32406219, 32406219, 32406219, 31770245, 27059851, 739385580, 1501454212, 26515608, 6394227109, 31190522, 27276468, 26640156, 26705782, 5351565912, 31833630, 31768005, 211900942, 31601225, 31601225, 31601225, 31409793, 31409793, 31409793, 31409793, 28500506, 27218200, 26360054, 26360054, 26360054, 26118142, 26118142, 1323808260, 31181400, 29983933, 25712916, 25778542, 3333901380, 29806160, 29806160, 29806160, 27511680, 27219992, 25712916, 25712916, 3035466492, 155207915, 25614678, 422984139, 31000079, 31000079, 31000079, 31000079, 31000079, 31000079, 31000079, 31000079, 31000079, 31000079, 31000079, 31000079, 31000079, 31000079, 31000079, 31000079, 30810577, 30810577, 30810577, 30810577, 30810577, 30810577, 30810577, 29482892, 26420112, 26420112, 26420112, 26420112, 25501991, 25501991, 26771318, 952630044, 30410660, 30410660, 30410660, 30410660, 30410660, 30343401, 30343401, 30343401, 30343401, 30343401, 30343401, 30343401, 30343401, 30343401, 30343401, 27680923, 26515608, 255286313, 27218200, 25843491, 24996181, 24996181, 304093559, 25722010, 25722010, 25857173, 25432871, 25432871, 25432871, 25501991, 25501991, 28678924, 25843491]",0,0,0,NPU,0,0,0,0,0,0,1.0,hot,0,0,0,0,1.0,0
0,76,meta-llama/Llama-3.1-8B,34,158,7426573616,75216142199,67789568583,32909219315,33168018553,281476016,"[97071181, 218245702, 31409793, 167946617, 32351057, 32351057, 32351057, 32353969, 32353969, 30343401, 4387021058, 32129242, 31000079, 1737518679, 32406219, 32406219, 32406219, 32406219, 32406219, 32406219, 31770245, 27059851, 739385580, 1501454212, 6420742717, 31190522, 27276468, 26640156, 26705782, 5351565912, 31833630, 31768005, 211900942, 31601225, 31601225, 31601225, 31409793, 31409793, 31409793, 31409793, 28500506, 27218200, 26360054, 26360054, 26360054, 1376044544, 31181400, 29983933, 3385392838, 29806160, 29806160, 29806160, 27511680, 27219992, 3086892324, 155207915, 25614678, 422984139, 31000079, 31000079, 31000079, 31000079, 31000079, 31000079, 31000079, 31000079, 31000079, 31000079, 31000079, 31000079, 31000079, 31000079, 31000079, 31000079, 30810577, 30810577, 30810577, 30810577, 30810577, 30810577, 30810577, 29482892, 26420112, 26420112, 26420112, 26420112, 77775300, 952630044, 30410660, 30410660, 30410660, 30410660, 30410660, 30343401, 30343401, 30343401, 30343401, 30343401, 30343401, 30343401, 30343401, 30343401, 30343401, 27680923, 26515608, 255286313, 27218200, 25843491, 354085921, 233282712, 25843491, 30421179, 30093409, 30093409, 30093409, 30093409, 438232470, 28111936, 28111936, 28111936, 26360054, 26360054, 26107038]",0,0,0,NPU,0,0,0,0,0,0,1.0,hot,0,0,0,0,1.0,0
0,74,meta-llama/Llama-3.1-8B,682,824,7148485874,76059780294,68911294420,33187307057,33446106295,251526156,"[97071181, 218245702, 31409793, 26859940, 141086677, 32351057, 32351057, 32351057, 32353969, 32353969, 30343401, 4387021058, 32129242, 31000079, 26830763, 26830763, 1683857153, 32406219, 32406219, 32406219, 32406219, 32406219, 32406219, 31770245, 27059851, 739385580, 1501454212, 6420742717, 31190522, 27276468, 26640156, 26705782, 5351565912, 31833630, 31768005, 211900942, 31601225, 31601225, 31601225, 31409793, 31409793, 31409793, 31409793, 28500506, 27218200, 26360054, 26360054, 26360054, 26118142, 26118142, 1323808260, 31181400, 29983933, 3385392838, 29806160, 29806160, 29806160, 27511680, 27219992, 3086892324, 155207915, 25614678, 422984139, 31000079, 31000079, 31000079, 31000079, 31000079, 31000079, 31000079, 31000079, 31000079, 31000079, 31000079, 31000079, 31000079, 31000079, 31000079, 31000079, 30810577, 30810577, 30810577, 30810577, 30810577, 30810577, 30810577, 29482892, 26420112, 26420112, 26420112, 26420112, 77775300, 952630044, 30410660, 30410660, 30410660, 30410660, 30410660, 30343401, 30343401, 30343401, 30343401, 30343401, 30343401, 30343401, 30343401, 30343401, 30343401, 27680923, 26515608, 255286313, 27218200, 25843491, 354085921, 25722010, 25722010, 25857173, 155981519, 25843491, 30421179, 30093409, 30093409, 30093409, 30093409, 438232470, 28111936, 28111936, 28111936, 26360054, 26360054, 26107038, 29746454, 29746454, 603128337, 25859550, 25859550, 25859550, 25859550, 25859550, 25859550, 25859550]",0,0,0,NPU,0,0,0,0,0,0,1.0,hot,0,0,0,0,1.0,0
0,106,meta-llama/Llama-3.1-8B,13,107,9680258683,76328560112,66648301429,31166268177,31229650369,380845710,"[31409793, 167946617, 32351057, 32351057, 32351057, 32353969, 32353969, 4417364459, 32129242, 1768518758, 32406219, 32406219, 32406219, 32406219, 32406219, 32406219, 31770245, 766445431, 1501454212, 6420742717, 31190522, 5432188318, 31833630, 31768005, 211900942, 31601225, 31601225, 31601225, 31409793, 31409793, 31409793, 31409793, 1510843412, 31181400, 7250225979, 31000079, 31000079, 31000079, 31000079, 31000079, 31000079, 31000079, 31000079, 31000079, 31000079, 31000079, 31000079, 31000079, 31000079, 31000079, 31000079, 30810577, 30810577, 30810577, 30810577, 30810577, 30810577, 30810577, 29482892, 1136085792, 30410660, 30410660, 30410660, 30410660, 30410660, 30343401, 30343401, 30343401, 30343401, 30343401, 30343401, 30343401, 30343401, 30343401, 30343401, 949913168, 56264670, 30093409, 30093409, 30093409, 30093409, 438232470, 192909408, 29746454, 814475725, 29806160, 29806160, 29806160, 29806160, 29806160, 29806160, 29806160, 29806160]",0,0,0,CXL,0,6291456,0,6291456,6291456,6291456,1.0,hot,0,0,0,0,1.0,12582912
0,73,meta-llama/Llama-3.1-8B,16,302,7025776284,79133424200,72107647916,32520785063,32715937224,138216528,"[26997779, 26997779, 26997779, 771885324, 97071181, 218245702, 31409793, 26859940, 141086677, 32351057, 32351057, 32351057, 32353969, 32353969, 30343401, 4387021058, 32129242, 31000079, 26830763, 26830763, 1683857153, 32406219, 32406219, 32406219, 32406219, 32406219, 32406219, 31770245, 27059851, 739385580, 1501454212, 6420742717, 31190522, 27276468, 26640156, 26705782, 5351565912, 31833630, 31768005, 211900942, 31601225, 31601225, 31601225, 31409793, 31409793, 31409793, 31409793, 28500506, 27218200, 26360054, 26360054, 26360054, 26118142, 26118142, 1323808260, 31181400, 29983933, 3385392838, 29806160, 29806160, 29806160, 27511680, 27219992, 3086892324, 155207915, 25614678, 422984139, 31000079, 31000079, 31000079, 31000079, 31000079, 31000079, 31000079, 31000079, 31000079, 31000079, 31000079, 31000079, 31000079, 31000079, 31000079, 31000079, 30810577, 30810577, 30810577, 30810577, 30810577, 30810577, 30810577, 29482892, 26420112, 26420112, 26420112, 26420112, 77775300, 952630044, 30410660, 30410660, 30410660, 30410660, 30410660, 30343401, 30343401, 30343401, 30343401, 30343401, 30343401, 30343401, 30343401, 30343401, 30343401, 27680923, 26515608, 255286313, 27218200, 25843491, 354085921, 25722010, 25722010, 25857173, 25432871, 25432871, 25432871, 25501991, 25501991, 28678924, 25843491, 30421179, 30093409, 30093409, 30093409, 30093409, 438232470, 28111936, 28111936, 28111936, 26360054, 26360054, 26107038, 29746454, 29746454, 24996181, 177133193, 24996181, 24996181, 24996181, 24996181, 24996181, 24996181, 24996181, 24996181, 24996181, 24996181, 24996181, 24996181, 24996181, 24996181, 24996181, 26056248, 25859550, 25859550, 25859550, 25859550, 25859550, 25859550, 25859550, 30330538, 29806160, 29806160, 29806160, 29806160, 29806160, 29806160, 29806160, 29806160, 29746454, 29746454, 29746454, 29746454, 29746454, 29746454, 29746454, 25272570, 25272570, 25485022, 25485022, 25485022, 25485022, 25485022, 25485022, 25698689, 25501991, 25501991, 25501991, 25501991, 25501991, 25501991, 25501991, 25138869, 25138869, 25138869, 25138869, 25138869, 25138869, 25138869, 25138869, 25698689, 25501991, 25501991, 25501991, 25501991, 25501991, 25501991, 25501991, 25454110, 25454110, 25454110, 25454110, 25454110, 25454110, 25454110, 25454110, 25731457, 25501991, 25501991, 25501991, 25501991, 25501991, 25465799, 25465799, 25465799, 25465799, 25465799, 25465799, 25465799, 25465799, 25465799, 25465799, 25695265, 25465799, 25465799, 25465799, 25465799, 25465799, 25465799, 25465799, 25465799, 25465799, 25465799, 25465799, 25465799, 25465799, 25465799, 25465799, 25695265, 25465799, 25465799, 25465799, 25465799, 25465799, 25465799, 25465799, 25465799, 25465799, 25465799, 25465799, 25465799, 25465799, 25465799, 25465799, 25695265, 25465799, 25465799, 25465799, 25465799, 25465799, 25465799, 25465799, 25465799, 25465799, 25465799, 25465799, 25465799, 25465799]",0,0,0,CXL,0,10485760,0,10485760,10485760,10485760,1.0,hot,0,0,0,0,1.0,20971520
0,81,meta-llama/Llama-3.1-8B,28,168,7787453895,79349950425,71562496530,32548339036,32807138274,278815527,"[97071181, 218245702, 31409793, 167946617, 32351057, 32351057, 32351057, 32353969, 32353969, 30343401, 4387021058, 32129242, 31000079, 1737518679, 32406219, 32406219, 32406219, 32406219, 32406219, 32406219, 31770245, 766445431, 1501454212, 6420742717, 31190522, 27276468, 5404911850, 31833630, 31768005, 211900942, 31601225, 31601225, 31601225, 31409793, 31409793, 31409793, 31409793, 28500506, 27218200, 1455124706, 31181400, 29983933, 3385392838, 29806160, 29806160, 29806160, 27511680, 27219992, 3086892324, 603806732, 31000079, 31000079, 31000079, 31000079, 31000079, 31000079, 31000079, 31000079, 31000079, 31000079, 31000079, 31000079, 31000079, 31000079, 31000079, 31000079, 30810577, 30810577, 30810577, 30810577, 30810577, 30810577, 30810577, 29482892, 26420112, 26420112, 26420112, 26420112, 77775300, 952630044, 30410660, 30410660, 30410660, 30410660, 30410660, 30343401, 30343401, 30343401, 30343401, 30343401, 30343401, 30343401, 30343401, 30343401, 30343401, 27680923, 26515608, 255286313, 27218200, 613212124, 25843491, 30421179, 30093409, 30093409, 30093409, 30093409, 438232470, 28111936, 28111936, 28111936, 26360054, 26360054, 26107038, 29746454, 29746454, 814475725, 29806160, 29806160, 29806160, 29806160, 29806160, 29806160, 29806160, 29806160, 29746454, 29746454, 29746454, 29746454, 29746454, 29746454, 29746454, 2625369960, 26822699, 27052165, 26822699, 26774403, 26774403, 26774403, 26774403]",0,0,0,NPU,0,0,0,0,0,0,1.0,hot,0,0,0,0,1.0,0
0,67,meta-llama/Llama-3.1-8B,19,444,6244968325,79928684075,73683715750,33301593022,33496745183,94780590,"[26997779, 26997779, 26997779, 771885324, 97071181, 218245702, 31409793, 26859940, 26425808, 114660869, 32351057, 32351057, 32351057, 32353969, 32353969, 30343401, 26699917, 4360321141, 32129242, 31000079, 26830763, 26830763, 1683857153, 32406219, 32406219, 32406219, 32406219, 32406219, 32406219, 31770245, 27059851, 25843491, 25843491, 687698598, 1501454212, 26515608, 6394227109, 31190522, 27276468, 26640156, 26705782, 5351565912, 31833630, 31768005, 211900942, 31601225, 31601225, 31601225, 31409793, 31409793, 31409793, 31409793, 28500506, 27218200, 26360054, 26360054, 26360054, 26118142, 26118142, 25739482, 1298068778, 31181400, 29983933, 25712916, 25778542, 25465799, 25465799, 25465799, 3257503983, 29806160, 29806160, 29806160, 27511680, 27219992, 25712916, 25712916, 3035466492, 25892415, 25892415, 25892415, 25892415, 25892415, 25745840, 25614678, 25954302, 25954302, 25954302, 25954302, 25954302, 25619925, 25619925, 25619925, 184435181, 31917673, 31000079, 31000079, 31000079, 31000079, 31000079, 31000079, 31000079, 31000079, 31000079, 31000079, 31000079, 31000079, 31000079, 31000079, 31000079, 31000079, 30810577, 30810577, 30810577, 30810577, 30810577, 30810577, 30810577, 29482892, 26420112, 26420112, 26420112, 26420112, 25501991, 25501991, 26771318, 25904021, 25904021, 25904021, 25904021, 25904021, 25262203, 25262203, 25262203, 25262203, 25262203, 25262203, 25262203, 25262203, 25262203, 25262203, 25805849, 25674687, 25674687, 25674687, 25674687, 25674687, 25674687, 25674687, 25674687, 25674687, 25674687, 25674687, 25674687, 25674687, 25674687, 25674687, 25805849, 25674687, 25674687, 25674687, 25674687, 31057158, 30410660, 30410660, 30410660, 30410660, 30410660, 30343401, 30343401, 30343401, 30343401, 30343401, 30343401, 30343401, 30343401, 30343401, 30343401, 27680923, 26515608, 25322687, 25322687, 25322687, 25322687, 25322687, 25322687, 25322687, 25322687, 25322687, 27382130, 27218200, 25843491, 24996181, 24996181, 25274357, 25274357, 25304821, 25304821, 25304821, 25304821, 25304821, 25304821, 25304821, 25304821, 25304821, 25801456, 25722010, 25722010, 25857173, 25432871, 25432871, 25432871, 25501991, 25501991, 28678924, 25843491, 30421179, 30093409, 30093409, 30093409, 30093409, 25536603, 25536603, 25536603, 25536603, 25536603, 25536603, 25536603, 25536603, 25536603, 25536603, 25536603, 25536603, 25536603, 25536603, 25536603, 25536603, 29646822, 28111936, 28111936, 28111936, 26360054, 26360054, 26107038, 29746454, 29746454, 24996181, 25322687, 25322687, 25322687, 25335007, 25335007, 25335007, 25160111, 24996181, 24996181, 24996181, 24996181, 24996181, 24996181, 24996181, 24996181, 24996181, 24996181, 24996181, 24996181, 24996181, 24996181, 24996181, 26056248, 25859550, 25859550, 25859550, 25859550, 25859550, 25859550, 25859550, 30330538, 29806160, 29806160, 29806160, 29806160, 29806160, 29806160, 29806160, 29806160, 29746454, 29746454, 29746454, 29746454, 29746454, 29746454, 29746454, 25272570, 25272570, 25485022, 25485022, 25485022, 25485022, 25485022, 25485022, 25698689, 25501991, 25501991, 25501991, 25501991, 25501991, 25501991, 25501991, 25138869, 25138869, 25138869, 25138869, 25138869, 25138869, 25138869, 25138869, 25698689, 25501991, 25501991, 25501991, 25501991, 25501991, 25501991, 25501991, 25454110, 25454110, 25454110, 25454110, 25454110, 25454110, 25454110, 25454110, 25731457, 25501991, 25501991, 25501991, 25501991, 25501991, 25465799, 25465799, 25465799, 25465799, 25465799, 25465799, 25465799, 25465799, 25465799, 25465799, 25695265, 25465799, 25465799, 25465799, 25465799, 25465799, 25465799, 25465799, 25465799, 25465799, 25465799, 25465799, 25465799, 25465799, 25465799, 25465799, 25695265, 25465799, 25465799, 25465799, 25465799, 25465799, 25465799, 25465799, 25465799, 25465799, 25465799, 25465799, 25465799, 25465799, 25465799, 25465799, 25695265, 25465799, 25465799, 25465799, 25465799, 25465799, 25465799, 25465799, 25465799, 25465799, 25465799, 25465799, 25465799, 25465799, 28731050, 26822699, 27052165, 26822699, 26774403, 26774403, 26774403, 26774403, 27761521, 27761521, 27761521, 27761521, 27761521, 27761521, 25649622, 25712916, 25859550, 25859550, 25975150, 25712916, 25739482, 25739482, 25739482, 25739482, 25739482, 25739482, 25739482, 25739482, 25739482, 25739482]",0,0,0,NPU,0,0,0,0,0,0,1.0,hot,0,0,0,0,1.0,0
0,70,meta-llama/Llama-3.1-8B,7,364,6834078921,80342580369,73508501448,32712482426,32907634587,114047378,"[26997779, 26997779, 26997779, 771885324, 97071181, 218245702, 31409793, 26859940, 141086677, 32351057, 32351057, 32351057, 32353969, 32353969, 30343401, 26699917, 4360321141, 32129242, 31000079, 26830763, 26830763, 1683857153, 32406219, 32406219, 32406219, 32406219, 32406219, 32406219, 31770245, 27059851, 739385580, 1501454212, 26515608, 6394227109, 31190522, 27276468, 26640156, 26705782, 5351565912, 31833630, 31768005, 211900942, 31601225, 31601225, 31601225, 31409793, 31409793, 31409793, 31409793, 28500506, 27218200, 26360054, 26360054, 26360054, 26118142, 26118142, 1323808260, 31181400, 29983933, 25712916, 25778542, 3333901380, 29806160, 29806160, 29806160, 27511680, 27219992, 25712916, 25712916, 3035466492, 155207915, 25614678, 422984139, 31000079, 31000079, 31000079, 31000079, 31000079, 31000079, 31000079, 31000079, 31000079, 31000079, 31000079, 31000079, 31000079, 31000079, 31000079, 31000079, 30810577, 30810577, 30810577, 30810577, 30810577, 30810577, 30810577, 29482892, 26420112, 26420112, 26420112, 26420112, 25501991, 25501991, 26771318, 952630044, 30410660, 30410660, 30410660, 30410660, 30410660, 30343401, 30343401, 30343401, 30343401, 30343401, 30343401, 30343401, 30343401, 30343401, 30343401, 27680923, 26515608, 25322687, 25322687, 25322687, 25322687, 25322687, 25322687, 25322687, 25322687, 25322687, 27382130, 27218200, 25843491, 24996181, 24996181, 304093559, 25722010, 25722010, 25857173, 25432871, 25432871, 25432871, 25501991, 25501991, 28678924, 25843491, 30421179, 30093409, 30093409, 30093409, 30093409, 438232470, 28111936, 28111936, 28111936, 26360054, 26360054, 26107038, 29746454, 29746454, 24996181, 25322687, 25322687, 25322687, 25335007, 25335007, 25335007, 25160111, 24996181, 24996181, 24996181, 24996181, 24996181, 24996181, 24996181, 24996181, 24996181, 24996181, 24996181, 24996181, 24996181, 24996181, 24996181, 26056248, 25859550, 25859550, 25859550, 25859550, 25859550, 25859550, 25859550, 30330538, 29806160, 29806160, 29806160, 29806160, 29806160, 29806160, 29806160, 29806160, 29746454, 29746454, 29746454, 29746454, 29746454, 29746454, 29746454, 25272570, 25272570, 25485022, 25485022, 25485022, 25485022, 25485022, 25485022, 25698689, 25501991, 25501991, 25501991, 25501991, 25501991, 25501991, 25501991, 25138869, 25138869, 25138869, 25138869, 25138869, 25138869, 25138869, 25138869, 25698689, 25501991, 25501991, 25501991, 25501991, 25501991, 25501991, 25501991, 25454110, 25454110, 25454110, 25454110, 25454110, 25454110, 25454110, 25454110, 25731457, 25501991, 25501991, 25501991, 25501991, 25501991, 25465799, 25465799, 25465799, 25465799, 25465799, 25465799, 25465799, 25465799, 25465799, 25465799, 25695265, 25465799, 25465799, 25465799, 25465799, 25465799, 25465799, 25465799, 25465799, 25465799, 25465799, 25465799, 25465799, 25465799, 25465799, 25465799, 25695265, 25465799, 25465799, 25465799, 25465799, 25465799, 25465799, 25465799, 25465799, 25465799, 25465799, 25465799, 25465799, 25465799, 25465799, 25465799, 25695265, 25465799, 25465799, 25465799, 25465799, 25465799, 25465799, 25465799, 25465799, 25465799, 25465799, 25465799, 25465799, 25465799, 28731050, 26822699, 27052165, 26822699, 26774403, 26774403, 26774403, 26774403, 27761521, 27761521, 27761521, 27761521, 27761521, 27761521, 25649622, 25712916, 25859550, 25859550, 25975150, 25712916, 25739482, 25739482, 25739482, 25739482, 25739482, 25739482, 25739482, 25739482, 25739482, 25739482, 28828890, 26420112, 25454110, 25454110, 26655274, 26425808, 25465799, 25465799, 25465799, 25465799, 25465799, 25465799, 25465799, 25465799, 25465799, 25465799]",0,0,0,CXL,0,18874368,0,18874368,18874368,18874368,1.0,hot,0,0,0,0,1.0,37748736
0,78,meta-llama/Llama-3.1-8B,7,191,7478655809,80427090723,72948434914,32857137122,33115936360,217663926,"[97071181, 218245702, 31409793, 167946617, 32351057, 32351057, 32351057, 32353969, 32353969, 30343401, 4387021058, 32129242, 31000079, 1737518679, 32406219, 32406219, 32406219, 32406219, 32406219, 32406219, 31770245, 27059851, 739385580, 1501454212, 6420742717, 31190522, 27276468, 5404911850, 31833630, 31768005, 211900942, 31601225, 31601225, 31601225, 31409793, 31409793, 31409793, 31409793, 28500506, 27218200, 1455124706, 31181400, 29983933, 3385392838, 29806160, 29806160, 29806160, 27511680, 27219992, 3086892324, 603806732, 31000079, 31000079, 31000079, 31000079, 31000079, 31000079, 31000079, 31000079, 31000079, 31000079, 31000079, 31000079, 31000079, 31000079, 31000079, 31000079, 30810577, 30810577, 30810577, 30810577, 30810577, 30810577, 30810577, 29482892, 26420112, 26420112, 26420112, 26420112, 77775300, 952630044, 30410660, 30410660, 30410660, 30410660, 30410660, 30343401, 30343401, 30343401, 30343401, 30343401, 30343401, 30343401, 30343401, 30343401, 30343401, 27680923, 26515608, 255286313, 27218200, 25843491, 354085921, 233282712, 25843491, 30421179, 30093409, 30093409, 30093409, 30093409, 438232470, 28111936, 28111936, 28111936, 26360054, 26360054, 26107038, 29746454, 29746454, 814475725, 29806160, 29806160, 29806160, 29806160, 29806160, 29806160, 29806160, 29806160, 29746454, 29746454, 29746454, 29746454, 29746454, 29746454, 29746454, 25272570, 25272570, 2574824820, 26822699, 27052165, 26822699, 26774403, 26774403, 26774403, 26774403, 27761521, 27761521, 27761521, 27761521, 27761521, 27761521, 25649622, 25712916, 77694250, 25712916, 25739482, 25739482, 25739482, 25739482, 25739482, 25739482, 25739482, 25739482, 25739482, 25739482, 28828890, 26420112, 25454110, 25454110, 26655274, 26425808, 25465799, 25465799, 25465799, 25465799, 25465799, 25465799, 25465799, 25465799, 25465799, 25465799, 29157300, 28501850, 26851204]",0,0,0,CXL,0,35651584,0,35651584,35651584,35651584,1.0,hot,0,0,0,0,1.0,71303168
0,89,meta-llama/Llama-3.1-8B,34,174,8425191154,80455789271,72030598117,31910601777,32169401015,286771202,"[97071181, 218245702, 31409793, 167946617, 32351057, 32351057, 32351057, 32353969, 32353969, 30343401, 4387021058, 32129242, 31000079, 1737518679, 32406219, 32406219, 32406219, 32406219, 32406219, 32406219, 31770245, 766445431, 1501454212, 6420742717, 31190522, 5432188318, 31833630, 31768005, 211900942, 31601225, 31601225, 31601225, 31409793, 31409793, 31409793, 31409793, 28500506, 1482342906, 31181400, 29983933, 3385392838, 29806160, 29806160, 29806160, 27511680, 3717919048, 31000079, 31000079, 31000079, 31000079, 31000079, 31000079, 31000079, 31000079, 31000079, 31000079, 31000079, 31000079, 31000079, 31000079, 31000079, 31000079, 30810577, 30810577, 30810577, 30810577, 30810577, 30810577, 30810577, 29482892, 1136085792, 30410660, 30410660, 30410660, 30410660, 30410660, 30343401, 30343401, 30343401, 30343401, 30343401, 30343401, 30343401, 30343401, 30343401, 30343401, 27680923, 281801921, 27218200, 613212124, 56264670, 30093409, 30093409, 30093409, 30093409, 438232470, 28111936, 28111936, 28111936, 108573600, 29746454, 814475725, 29806160, 29806160, 29806160, 29806160, 29806160, 29806160, 29806160, 29806160, 29746454, 29746454, 29746454, 29746454, 29746454, 29746454, 29746454, 2625369960, 26822699, 27052165, 26822699, 26774403, 26774403, 26774403, 26774403, 27761521, 27761521, 27761521, 27761521, 27761521, 27761521, 440993414, 26420112, 77563494, 26425808, 283815290, 28501850, 26851204, 28698548]",0,0,0,NPU,0,0,0,0,0,0,1.0,hot,0,0,0,0,1.0,0
0,77,meta-llama/Llama-3.1-8B,4,290,7434266542,80930515039,73496248497,32901526389,33160325627,141529553,"[97071181, 218245702, 31409793, 167946617, 32351057, 32351057, 32351057, 32353969, 32353969, 30343401, 4387021058, 32129242, 31000079, 1737518679, 32406219, 32406219, 32406219, 32406219, 32406219, 32406219, 31770245, 27059851, 739385580, 1501454212, 6420742717, 31190522, 27276468, 5404911850, 31833630, 31768005, 211900942, 31601225, 31601225, 31601225, 31409793, 31409793, 31409793, 31409793, 28500506, 27218200, 26360054, 26360054, 26360054, 1376044544, 31181400, 29983933, 3385392838, 29806160, 29806160, 29806160, 27511680, 27219992, 3086892324, 603806732, 31000079, 31000079, 31000079, 31000079, 31000079, 31000079, 31000079, 31000079, 31000079, 31000079, 31000079, 31000079, 31000079, 31000079, 31000079, 31000079, 30810577, 30810577, 30810577, 30810577, 30810577, 30810577, 30810577, 29482892, 26420112, 26420112, 26420112, 26420112, 77775300, 952630044, 30410660, 30410660, 30410660, 30410660, 30410660, 30343401, 30343401, 30343401, 30343401, 30343401, 30343401, 30343401, 30343401, 30343401, 30343401, 27680923, 26515608, 255286313, 27218200, 25843491, 354085921, 233282712, 25843491, 30421179, 30093409, 30093409, 30093409, 30093409, 438232470, 28111936, 28111936, 28111936, 26360054, 26360054, 26107038, 29746454, 29746454, 814475725, 29806160, 29806160, 29806160, 29806160, 29806160, 29806160, 29806160, 29806160, 29746454, 29746454, 29746454, 29746454, 29746454, 29746454, 29746454, 25272570, 25272570, 178608821, 25501991, 25501991, 25501991, 25501991, 25501991, 25501991, 25501991, 226809641, 25501991, 25501991, 25501991, 25501991, 25501991, 25501991, 25501991, 229364337, 25501991, 25501991, 25501991, 25501991, 25501991, 25465799, 25465799, 25465799, 25465799, 25465799, 25465799, 25465799, 25465799, 25465799, 25465799, 25695265, 25465799, 25465799, 25465799, 25465799, 25465799, 25465799, 25465799, 25465799, 25465799, 25465799, 25465799, 25465799, 25465799, 25465799, 25465799, 25695265, 25465799, 25465799, 25465799, 25465799, 25465799, 25465799, 25465799, 25465799, 25465799, 25465799, 25465799, 25465799, 25465799, 25465799, 25465799, 25695265, 25465799, 25465799, 25465799, 25465799, 25465799, 25465799, 25465799, 25465799, 25465799, 25465799, 25465799, 25465799, 25465799, 28731050, 26822699, 27052165, 26822699, 26774403, 26774403, 26774403, 26774403, 27761521, 27761521, 27761521, 27761521, 27761521, 27761521, 25649622, 25712916, 25859550, 25859550, 25975150, 25712916, 25739482, 25739482, 25739482, 25739482, 25739482, 25739482, 25739482, 25739482, 25739482, 25739482, 28828890, 26420112, 25454110, 25454110, 26655274, 26425808, 25465799, 25465799, 25465799, 25465799, 25465799, 25465799, 25465799, 25465799, 25465799, 25465799, 29157300, 28501850, 26851204, 28698548, 28422327, 28422327, 28422327, 28422327, 28422327, 26363542, 26363542, 25857173, 25454110, 25454110, 25454110, 25454110, 25263093, 25263093, 25263093, 25263093, 25695265, 25465799]",0,0,0,CXL,0,41943040,0,41943040,41943040,41943040,1.0,hot,0,0,0,0,1.0,83886080
0,62,meta-llama/Llama-3.1-8B,78,846,5912386461,81252589696,75340203235,31774335541,32013581433,56488424,"[26428822, 1789316792, 26997779, 26997779, 26997779, 771885324, 97071181, 218245702, 31409793, 26859940, 26425808, 114660869, 32351057, 32351057, 32351057, 32353969, 32353969, 30343401, 26699917, 25614678, 26097524, 2068036304, 2240572635, 32129242, 31000079, 26830763, 26830763, 1683857153, 32406219, 32406219, 32406219, 32406219, 32406219, 32406219, 31770245, 27059851, 25843491, 25843491, 687698598, 25914165, 25914165, 25914165, 25914165, 25914165, 25914165, 25914165, 25914165, 1294140892, 26515608, 6394227109, 31190522, 27276468, 26640156, 26705782, 5351565912, 31833630, 31768005, 25914165, 25914165, 25914165, 25914165, 25914165, 25465799, 25263093, 31601225, 31601225, 31601225, 31601225, 31409793, 31409793, 31409793, 31409793, 28500506, 27218200, 26360054, 26360054, 26360054, 26118142, 26118142, 25739482, 25929013, 130613115, 409505489, 25929013, 25929013, 25929013, 25929013, 25929013, 25929013, 25929013, 25929013, 25929013, 25929013, 25929013, 25929013, 25929013, 25929013, 52384970, 25929013, 25929013, 25929013, 25929013, 25929013, 25929013, 25929013, 25929013, 25929013, 25929013, 25929013, 31410866, 31181400, 29983933, 25712916, 25778542, 25465799, 25465799, 25465799, 25929013, 25929013, 25929013, 25929013, 25929013, 25929013, 25929013, 25929013, 26154619, 26154619, 26154619, 26154619, 26027407, 25929013, 25929013, 25929013, 25929013, 25929013, 25929013, 25929013, 25929013, 25929013, 25929013, 25929013, 26211925, 26211925, 26211925, 26211925, 26310319, 26211925, 26211925, 26211925, 26211925, 26211925, 26211925, 26211925, 26211925, 26211925, 26211925, 26211925, 26211925, 26211925, 26211925, 26211925, 26310319, 26211925, 26211925, 26211925, 26211925, 26211925, 26211925, 26211925, 26211925, 26211925, 26211925, 26211925, 26211925, 26211925, 26211925, 26211925, 26310319, 26211925, 26211925, 26211925, 26211925, 26211925, 26211925, 26211925, 26211925, 26211925, 26211925, 26211925, 26211925, 26211925, 26211925, 26211925, 26310319, 26211925, 26211925, 26211925, 26211925, 26211925, 26211925, 26211925, 26211925, 26211925, 26211925, 26211925, 26447349, 26447349, 26447349, 26447349, 26545743, 26447349, 26447349, 26447349, 26447349, 26447349, 26447349, 26447349, 26447349, 26447349, 26447349, 26447349, 26447349, 26447349, 26447349, 26447349, 26545743, 26447349, 26447349, 26447349, 26447349, 26447349, 26447349, 26447349, 26447349, 26447349, 26447349, 26447349, 26447349, 26447349, 26447349, 30396074, 29806160, 29806160, 29806160, 27511680, 27219992, 25712916, 25712916, 25929013, 25929013, 25929013, 25929013, 25929013, 25929013, 25929013, 25929013, 26518075, 26027407, 26211925, 26211925, 26211925, 26211925, 26211925, 26211925, 26211925, 26211925, 26211925, 26211925, 26211925, 26211925, 26211925, 26211925, 26211925, 26310319, 26211925, 26211925, 26211925, 26211925, 26211925, 26211925, 26211925, 26211925, 26211925, 26211925, 26211925, 26211925, 26211925, 26211925, 26211925, 26310319, 26211925, 26211925, 26211925, 26211925, 26211925, 26211925, 26211925, 26211925, 26211925, 26211925, 26211925, 26211925, 26211925, 26211925, 26211925, 26310319, 26211925, 26211925, 26211925, 26211925, 26211925, 26211925, 26211925, 26211925, 26211925, 26211925, 26211925, 26211925, 26211925, 26211925, 26211925, 26310319, 26447349, 26447349, 26447349, 26447349, 26447349, 26447349, 26447349, 26447349, 26447349, 26447349, 26447349, 26447349, 26447349, 26447349, 26447349, 26023577, 25892415, 25892415, 25892415, 25892415, 25892415, 25892415, 25892415, 25892415, 25892415, 25892415, 25892415, 25892415, 25892415, 25892415, 25892415, 26023577, 25892415, 25892415, 25892415, 25892415, 25892415, 25892415, 25892415, 25892415, 25892415, 27356781, 25892415, 25892415, 25892415, 25892415, 25892415, 25745840, 25614678, 25954302, 25954302, 25954302, 25954302, 25954302, 25619925, 25619925, 25619925, 26447349, 26447349, 26447349, 26447349, 26447349, 26447349, 25751087, 31917673, 31000079, 31000079, 31000079, 31000079, 31000079, 31000079, 31000079, 31000079, 31000079, 31000079, 31000079, 31000079, 31000079, 31000079, 31000079, 31000079, 30810577, 30810577, 30810577, 30810577, 30810577, 30810577, 30810577, 29482892, 26420112, 26420112, 26420112, 26420112, 25501991, 25501991, 26771318, 25904021, 25904021, 25904021, 25904021, 25904021, 25262203, 25262203, 25262203, 25262203, 25262203, 25262203, 25262203, 25262203, 25262203, 25262203, 25805849, 25674687, 25674687, 25674687, 25674687, 25674687, 25674687, 25674687, 25674687, 25674687, 25674687, 25674687, 25674687, 25674687, 25674687, 25674687, 25805849, 25674687, 25674687, 25674687, 25674687, 31057158, 30410660, 30410660, 30410660, 30410660, 30410660, 30343401, 30343401, 30343401, 30343401, 30343401, 30343401, 30343401, 30343401, 30343401, 30343401, 27680923, 26515608, 25322687, 25322687, 25322687, 25322687, 25322687, 25322687, 25322687, 25322687, 25322687, 27382130, 27218200, 25843491, 24996181, 24996181, 25274357, 25274357, 25304821, 25304821, 25304821, 25304821, 25304821, 25304821, 25304821, 25304821, 25304821, 25801456, 25722010, 25722010, 25857173, 25432871, 25432871, 25432871, 25501991, 25501991, 28678924, 25843491, 30421179, 30093409, 30093409, 30093409, 30093409, 25536603, 25536603, 25536603, 25536603, 25536603, 25536603, 25536603, 25536603, 25536603, 25536603, 25536603, 25536603, 25536603, 25536603, 25536603, 25536603, 29646822, 28111936, 28111936, 28111936, 26360054, 26360054, 26107038, 29746454, 29746454, 24996181, 25322687, 25322687, 25322687, 25335007, 25335007, 25335007, 25160111, 24996181, 24996181, 24996181, 24996181, 24996181, 24996181, 24996181, 24996181, 24996181, 24996181, 24996181, 24996181, 24996181, 24996181, 24996181, 26056248, 25859550, 25859550, 25859550, 25859550, 25859550, 25859550, 25859550, 30330538, 29806160, 29806160, 29806160, 29806160, 29806160, 29806160, 29806160, 29806160, 29746454, 29746454, 29746454, 29746454, 29746454, 29746454, 29746454, 25272570, 25272570, 25485022, 25485022, 25485022, 25485022, 25485022, 25485022, 25698689, 25501991, 25501991, 25501991, 25501991, 25501991, 25501991, 25501991, 25138869, 25138869, 25138869, 25138869, 25138869, 25138869, 25138869, 25138869, 25698689, 25501991, 25501991, 25501991, 25501991, 25501991, 25501991, 25501991, 25454110, 25454110, 25454110, 25454110, 25454110, 25454110, 25454110, 25454110, 25731457, 25501991, 25501991, 25501991, 25501991, 25501991, 25465799, 25465799, 25465799, 25465799, 25465799, 25465799, 25465799, 25465799, 25465799, 25465799, 25695265, 25465799, 25465799, 25465799, 25465799, 25465799, 25465799, 25465799, 25465799, 25465799, 25465799, 25465799, 25465799, 25465799, 25465799, 25465799, 25695265, 25465799, 25465799, 25465799, 25465799, 25465799, 25465799, 25465799, 25465799, 25465799, 25465799, 25465799, 25465799, 25465799, 25465799, 25465799, 25695265, 25465799, 25465799, 25465799, 25465799, 25465799, 25465799, 25465799, 25465799, 25465799, 25465799, 25465799, 25465799, 25465799, 28731050, 26822699, 27052165, 26822699, 26774403, 26774403, 26774403, 26774403, 27761521, 27761521, 27761521, 27761521, 27761521, 27761521, 25649622, 25712916, 25859550, 25859550, 25975150, 25712916, 25739482, 25739482, 25739482, 25739482, 25739482, 25739482, 25739482, 25739482, 25739482, 25739482, 28828890, 26420112, 25454110, 25454110, 26655274, 26425808, 25465799, 25465799, 25465799, 25465799, 25465799, 25465799, 25465799, 25465799, 25465799, 25465799, 29157300, 28501850, 26851204, 28698548, 28422327, 28422327, 28422327, 28422327, 28422327, 26363542, 26363542, 25857173, 25454110, 25454110, 25454110, 25454110, 25263093, 25263093, 25263093, 25263093, 25695265, 25465799, 28423141, 28193675, 28193675, 28193675, 28193675, 25850435, 25850435, 25850435, 25850435, 25850435, 25850435, 25774206]",0,0,0,CXL,0,10485760,0,10485760,10485760,10485760,1.0,hot,0,0,0,0,1.0,20971520
0,113,meta-llama/Llama-3.1-8B,21,129,10337503120,81309134112,70971630992,30708341323,30771762342,375699707,"[32351057, 32351057, 32351057, 32353969, 32353969, 4417364459, 32129242, 1768518758, 32406219, 32406219, 32406219, 32406219, 32406219, 32406219, 2299669888, 6420742717, 5463378840, 31833630, 31768005, 211900942, 31601225, 31601225, 31601225, 31409793, 31409793, 31409793, 31409793, 1510843412, 31181400, 7250225979, 31000079, 31000079, 31000079, 31000079, 31000079, 31000079, 31000079, 31000079, 31000079, 31000079, 31000079, 31000079, 31000079, 31000079, 31000079, 31000079, 30810577, 30810577, 30810577, 30810577, 30810577, 30810577, 30810577, 1165568684, 30410660, 30410660, 30410660, 30410660, 30410660, 30343401, 30343401, 30343401, 30343401, 30343401, 30343401, 30343401, 30343401, 30343401, 30343401, 1006177838, 30093409, 30093409, 30093409, 30093409, 631141878, 29746454, 814475725, 29806160, 29806160, 29806160, 29806160, 29806160, 29806160, 29806160, 29806160, 29746454, 29746454, 29746454, 29746454, 29746454, 29746454, 29746454, 3834952379, 28501850, 55549752, 28422327, 28422327, 28422327, 28422327, 28422327, 361037274, 28193675, 28193675, 28193675, 28193675, 209149024, 28272208]",0,0,0,NPU,0,0,0,0,0,0,1.0,hot,0,0,0,0,1.0,0
0,75,meta-llama/Llama-3.1-8B,12,341,7279052164,81449673632,74170621468,33056740767,33315540005,124558175,"[97071181, 218245702, 31409793, 167946617, 32351057, 32351057, 32351057, 32353969, 32353969, 30343401, 4387021058, 32129242, 31000079, 26830763, 26830763, 1683857153, 32406219, 32406219, 32406219, 32406219, 32406219, 32406219, 31770245, 27059851, 739385580, 1501454212, 6420742717, 31190522, 27276468, 26640156, 26705782, 5351565912, 31833630, 31768005, 211900942, 31601225, 31601225, 31601225, 31409793, 31409793, 31409793, 31409793, 28500506, 27218200, 26360054, 26360054, 26360054, 26118142, 26118142, 1323808260, 31181400, 29983933, 3385392838, 29806160, 29806160, 29806160, 27511680, 27219992, 3086892324, 155207915, 25614678, 422984139, 31000079, 31000079, 31000079, 31000079, 31000079, 31000079, 31000079, 31000079, 31000079, 31000079, 31000079, 31000079, 31000079, 31000079, 31000079, 31000079, 30810577, 30810577, 30810577, 30810577, 30810577, 30810577, 30810577, 29482892, 26420112, 26420112, 26420112, 26420112, 77775300, 952630044, 30410660, 30410660, 30410660, 30410660, 30410660, 30343401, 30343401, 30343401, 30343401, 30343401, 30343401, 30343401, 30343401, 30343401, 30343401, 27680923, 26515608, 255286313, 27218200, 25843491, 354085921, 25722010, 25722010, 181838692, 25843491, 30421179, 30093409, 30093409, 30093409, 30093409, 438232470, 28111936, 28111936, 28111936, 26360054, 26360054, 26107038, 29746454, 29746454, 814475725, 29806160, 29806160, 29806160, 29806160, 29806160, 29806160, 29806160, 29806160, 29746454, 29746454, 29746454, 29746454, 29746454, 29746454, 29746454, 25272570, 25272570, 25485022, 25485022, 25485022, 25485022, 25485022, 25485022, 25698689, 25501991, 25501991, 25501991, 25501991, 25501991, 25501991, 25501991, 226809641, 25501991, 25501991, 25501991, 25501991, 25501991, 25501991, 25501991, 25454110, 25454110, 25454110, 25454110, 25454110, 25454110, 25454110, 25454110, 25731457, 25501991, 25501991, 25501991, 25501991, 25501991, 25465799, 25465799, 25465799, 25465799, 25465799, 25465799, 25465799, 25465799, 25465799, 25465799, 25695265, 25465799, 25465799, 25465799, 25465799, 25465799, 25465799, 25465799, 25465799, 25465799, 25465799, 25465799, 25465799, 25465799, 25465799, 25465799, 25695265, 25465799, 25465799, 25465799, 25465799, 25465799, 25465799, 25465799, 25465799, 25465799, 25465799, 25465799, 25465799, 25465799, 25465799, 25465799, 25695265, 25465799, 25465799, 25465799, 25465799, 25465799, 25465799, 25465799, 25465799, 25465799, 25465799, 25465799, 25465799, 25465799, 28731050, 26822699, 27052165, 26822699, 26774403, 26774403, 26774403, 26774403, 27761521, 27761521, 27761521, 27761521, 27761521, 27761521, 25649622, 25712916, 25859550, 25859550, 25975150, 25712916, 25739482, 25739482, 25739482, 25739482, 25739482, 25739482, 25739482, 25739482, 25739482, 25739482, 28828890, 26420112, 25454110, 25454110, 26655274, 26425808, 25465799, 25465799, 25465799, 25465799, 25465799, 25465799, 25465799, 25465799, 25465799, 25465799, 29157300, 28501850, 26851204, 28698548, 28422327, 28422327, 28422327, 28422327, 28422327, 26363542, 26363542, 25857173, 25454110, 25454110, 25454110, 25454110, 25263093, 25263093, 25263093, 25263093, 25695265, 25465799, 28423141, 28193675, 28193675, 28193675, 28193675, 25850435, 25850435, 25850435, 25850435, 25850435, 25850435, 25774206, 28272208, 28272208, 28107904, 28107904, 28107904, 28107904, 28107904]",0,0,0,CXL,0,10485760,0,10485760,10485760,10485760,1.0,hot,0,0,0,0,1.0,20971520
0,69,meta-llama/Llama-3.1-8B,16,526,6686130544,83484413330,76798282786,32860430803,33055582964,85938506,"[26997779, 26997779, 26997779, 771885324, 97071181, 218245702, 31409793, 26859940, 26425808, 114660869, 32351057, 32351057, 32351057, 32353969, 32353969, 30343401, 26699917, 4360321141, 32129242, 31000079, 26830763, 26830763, 1683857153, 32406219, 32406219, 32406219, 32406219, 32406219, 32406219, 31770245, 27059851, 739385580, 1501454212, 26515608, 6394227109, 31190522, 27276468, 26640156, 26705782, 5351565912, 31833630, 31768005, 211900942, 31601225, 31601225, 31601225, 31409793, 31409793, 31409793, 31409793, 28500506, 27218200, 26360054, 26360054, 26360054, 26118142, 26118142, 25739482, 1298068778, 31181400, 29983933, 25712916, 25778542, 3333901380, 29806160, 29806160, 29806160, 27511680, 27219992, 25712916, 25712916, 3035466492, 155207915, 25614678, 25954302, 25954302, 25954302, 25954302, 25954302, 293212629, 31000079, 31000079, 31000079, 31000079, 31000079, 31000079, 31000079, 31000079, 31000079, 31000079, 31000079, 31000079, 31000079, 31000079, 31000079, 31000079, 30810577, 30810577, 30810577, 30810577, 30810577, 30810577, 30810577, 29482892, 26420112, 26420112, 26420112, 26420112, 25501991, 25501991, 26771318, 407947984, 25674687, 25674687, 25674687, 25674687, 25674687, 25674687, 25674687, 25674687, 25674687, 25674687, 25674687, 25674687, 25674687, 25674687, 25674687, 25805849, 25674687, 25674687, 25674687, 25674687, 31057158, 30410660, 30410660, 30410660, 30410660, 30410660, 30343401, 30343401, 30343401, 30343401, 30343401, 30343401, 30343401, 30343401, 30343401, 30343401, 27680923, 26515608, 25322687, 25322687, 25322687, 25322687, 25322687, 25322687, 25322687, 25322687, 25322687, 27382130, 27218200, 25843491, 24996181, 24996181, 25274357, 25274357, 25304821, 25304821, 25304821, 25304821, 25304821, 25304821, 25304821, 25304821, 25304821, 25801456, 25722010, 25722010, 25857173, 25432871, 25432871, 25432871, 25501991, 25501991, 28678924, 25843491, 30421179, 30093409, 30093409, 30093409, 30093409, 438232470, 28111936, 28111936, 28111936, 26360054, 26360054, 26107038, 29746454, 29746454, 24996181, 25322687, 25322687, 25322687, 25335007, 25335007, 25335007, 25160111, 24996181, 24996181, 24996181, 24996181, 24996181, 24996181, 24996181, 24996181, 24996181, 24996181, 24996181, 24996181, 24996181, 24996181, 24996181, 26056248, 25859550, 25859550, 25859550, 25859550, 25859550, 25859550, 25859550, 30330538, 29806160, 29806160, 29806160, 29806160, 29806160, 29806160, 29806160, 29806160, 29746454, 29746454, 29746454, 29746454, 29746454, 29746454, 29746454, 25272570, 25272570, 25485022, 25485022, 25485022, 25485022, 25485022, 25485022, 25698689, 25501991, 25501991, 25501991, 25501991, 25501991, 25501991, 25501991, 25138869, 25138869, 25138869, 25138869, 25138869, 25138869, 25138869, 25138869, 25698689, 25501991, 25501991, 25501991, 25501991, 25501991, 25501991, 25501991, 25454110, 25454110, 25454110, 25454110, 25454110, 25454110, 25454110, 25454110, 25731457, 25501991, 25501991, 25501991, 25501991, 25501991, 25465799, 25465799, 25465799, 25465799, 25465799, 25465799, 25465799, 25465799, 25465799, 25465799, 25695265, 25465799, 25465799, 25465799, 25465799, 25465799, 25465799, 25465799, 25465799, 25465799, 25465799, 25465799, 25465799, 25465799, 25465799, 25465799, 25695265, 25465799, 25465799, 25465799, 25465799, 25465799, 25465799, 25465799, 25465799, 25465799, 25465799, 25465799, 25465799, 25465799, 25465799, 25465799, 25695265, 25465799, 25465799, 25465799, 25465799, 25465799, 25465799, 25465799, 25465799, 25465799, 25465799, 25465799, 25465799, 25465799, 28731050, 26822699, 27052165, 26822699, 26774403, 26774403, 26774403, 26774403, 27761521, 27761521, 27761521, 27761521, 27761521, 27761521, 25649622, 25712916, 25859550, 25859550, 25975150, 25712916, 25739482, 25739482, 25739482, 25739482, 25739482, 25739482, 25739482, 25739482, 25739482, 25739482, 28828890, 26420112, 25454110, 25454110, 26655274, 26425808, 25465799, 25465799, 25465799, 25465799, 25465799, 25465799, 25465799, 25465799, 25465799, 25465799, 29157300, 28501850, 26851204, 28698548, 28422327, 28422327, 28422327, 28422327, 28422327, 26363542, 26363542, 25857173, 25454110, 25454110, 25454110, 25454110, 25263093, 25263093, 25263093, 25263093, 25695265, 25465799, 28423141, 28193675, 28193675, 28193675, 28193675, 25850435, 25850435, 25850435, 25850435, 25850435, 25850435, 25774206, 28272208, 28272208, 28107904, 28107904, 28107904, 28107904, 28107904, 172049990, 28107904, 28107904, 28107904, 26822699, 26822699, 26822699, 26515608, 26515608, 25722010, 25722010, 26777842, 26520888, 25322687, 25322687, 25322687, 25322687, 25322687, 25322687, 25322687, 25322687, 25322687, 25322687, 25322687, 25335007, 25335007, 25335007, 27946645, 25485022, 25485022, 25485022, 25485022, 25485022, 25485022, 25485022, 25485022, 25485022, 25485022, 25485022, 25485022, 25485022, 25485022, 25485022, 26658544, 26363542, 26363542, 26363542, 26363542, 26118142, 25649622, 25649622, 25649622, 25649622, 25649622, 25649622, 25649622, 25722010, 25722010, 25722010, 26017012, 25722010, 25722010, 25722010, 25722010, 25722010, 25722010, 25722010, 25722010, 25722010, 25722010, 25722010, 25722010, 25722010]",0,0,0,NPU,0,0,0,0,0,0,1.0,hot,0,0,0,0,1.0,0
0,93,meta-llama/Llama-3.1-8B,12,197,8788269051,84028058074,75239789023,31547523880,31806323118,236051445,"[97071181, 218245702, 31409793, 167946617, 32351057, 32351057, 32351057, 32353969, 32353969, 30343401, 4387021058, 32129242, 31000079, 1737518679, 32406219, 32406219, 32406219, 32406219, 32406219, 32406219, 31770245, 766445431, 1501454212, 6420742717, 31190522, 5432188318, 31833630, 31768005, 211900942, 31601225, 31601225, 31601225, 31409793, 31409793, 31409793, 31409793, 28500506, 1482342906, 31181400, 29983933, 3385392838, 29806160, 29806160, 29806160, 3745430728, 31000079, 31000079, 31000079, 31000079, 31000079, 31000079, 31000079, 31000079, 31000079, 31000079, 31000079, 31000079, 31000079, 31000079, 31000079, 31000079, 30810577, 30810577, 30810577, 30810577, 30810577, 30810577, 30810577, 29482892, 1136085792, 30410660, 30410660, 30410660, 30410660, 30410660, 30343401, 30343401, 30343401, 30343401, 30343401, 30343401, 30343401, 30343401, 30343401, 30343401, 27680923, 281801921, 27218200, 613212124, 56264670, 30093409, 30093409, 30093409, 30093409, 438232470, 28111936, 28111936, 28111936, 108573600, 29746454, 814475725, 29806160, 29806160, 29806160, 29806160, 29806160, 29806160, 29806160, 29806160, 29746454, 29746454, 29746454, 29746454, 29746454, 29746454, 29746454, 2625369960, 26822699, 27052165, 26822699, 26774403, 26774403, 26774403, 26774403, 27761521, 27761521, 27761521, 27761521, 27761521, 27761521, 440993414, 414224704, 28501850, 26851204, 28698548, 28422327, 28422327, 28422327, 28422327, 28422327, 26363542, 26363542, 308310190, 28193675, 28193675, 28193675, 28193675, 209149024, 28272208, 28107904, 28107904, 28107904, 28107904, 28107904, 172049990, 28107904, 28107904, 28107904, 26822699, 26822699, 26822699, 26515608, 26515608, 78221862, 26520888, 382501223, 408933874, 26363542, 26363542, 26363542, 26363542, 26118142, 25649622, 25649622, 25649622, 25649622, 25649622, 25649622, 25649622, 465671662, 27512576, 435178062, 26425808, 26425808]",0,0,0,NPU,0,0,0,0,0,0,1.0,hot,0,0,0,0,1.0,0
0,104,meta-llama/Llama-3.1-8B,23,173,9598756604,84137468804,74538712200,31247770256,31311152448,290117850,"[31409793, 167946617, 32351057, 32351057, 32351057, 32353969, 32353969, 4417364459, 32129242, 31000079, 1737518679, 32406219, 32406219, 32406219, 32406219, 32406219, 32406219, 31770245, 766445431, 1501454212, 6420742717, 31190522, 5432188318, 31833630, 31768005, 211900942, 31601225, 31601225, 31601225, 31409793, 31409793, 31409793, 31409793, 1510843412, 31181400, 29983933, 3385392838, 29806160, 29806160, 29806160, 3745430728, 31000079, 31000079, 31000079, 31000079, 31000079, 31000079, 31000079, 31000079, 31000079, 31000079, 31000079, 31000079, 31000079, 31000079, 31000079, 31000079, 30810577, 30810577, 30810577, 30810577, 30810577, 30810577, 30810577, 29482892, 1136085792, 30410660, 30410660, 30410660, 30410660, 30410660, 30343401, 30343401, 30343401, 30343401, 30343401, 30343401, 30343401, 30343401, 30343401, 30343401, 949913168, 56264670, 30093409, 30093409, 30093409, 30093409, 438232470, 192909408, 29746454, 814475725, 29806160, 29806160, 29806160, 29806160, 29806160, 29806160, 29806160, 29806160, 29746454, 29746454, 29746454, 29746454, 29746454, 29746454, 29746454, 2625369960, 215556696, 27761521, 27761521, 27761521, 27761521, 27761521, 440993414, 414224704, 28501850, 55549752, 28422327, 28422327, 28422327, 28422327, 28422327, 361037274, 28193675, 28193675, 28193675, 28193675, 209149024, 28272208, 28107904, 28107904, 28107904, 28107904, 28107904, 172049990, 28107904, 28107904, 28107904, 26822699, 26822699, 26822699, 540275189, 1185725200, 27512576, 435178062, 80425550, 27278932, 27278932, 27278932]",0,0,0,NPU,0,0,0,0,0,0,1.0,hot,0,0,0,0,1.0,0
0,82,meta-llama/Llama-3.1-8B,75,376,7827635775,84587802486,76760166711,32508157156,32766956394,146644034,"[97071181, 218245702, 31409793, 167946617, 32351057, 32351057, 32351057, 32353969, 32353969, 30343401, 4387021058, 32129242, 31000079, 1737518679, 32406219, 32406219, 32406219, 32406219, 32406219, 32406219, 31770245, 766445431, 1501454212, 6420742717, 31190522, 27276468, 5404911850, 31833630, 31768005, 211900942, 31601225, 31601225, 31601225, 31409793, 31409793, 31409793, 31409793, 28500506, 27218200, 1455124706, 31181400, 29983933, 3385392838, 29806160, 29806160, 29806160, 27511680, 27219992, 3086892324, 603806732, 31000079, 31000079, 31000079, 31000079, 31000079, 31000079, 31000079, 31000079, 31000079, 31000079, 31000079, 31000079, 31000079, 31000079, 31000079, 31000079, 30810577, 30810577, 30810577, 30810577, 30810577, 30810577, 30810577, 29482892, 26420112, 26420112, 26420112, 26420112, 77775300, 952630044, 30410660, 30410660, 30410660, 30410660, 30410660, 30343401, 30343401, 30343401, 30343401, 30343401, 30343401, 30343401, 30343401, 30343401, 30343401, 27680923, 26515608, 255286313, 27218200, 613212124, 56264670, 30093409, 30093409, 30093409, 30093409, 438232470, 28111936, 28111936, 28111936, 26360054, 26360054, 26107038, 29746454, 29746454, 814475725, 29806160, 29806160, 29806160, 29806160, 29806160, 29806160, 29806160, 29806160, 29746454, 29746454, 29746454, 29746454, 29746454, 29746454, 29746454, 2625369960, 26822699, 27052165, 26822699, 26774403, 26774403, 26774403, 26774403, 27761521, 27761521, 27761521, 27761521, 27761521, 27761521, 25649622, 25712916, 77694250, 25712916, 286223710, 26420112, 77563494, 26425808, 283815290, 28501850, 26851204, 28698548, 28422327, 28422327, 28422327, 28422327, 28422327, 26363542, 26363542, 25857173, 228564077, 25465799, 28423141, 28193675, 28193675, 28193675, 28193675, 25850435, 25850435, 25850435, 25850435, 25850435, 25850435, 25774206, 28272208, 28272208, 28107904, 28107904, 28107904, 28107904, 28107904, 172049990, 28107904, 28107904, 28107904, 26822699, 26822699, 26822699, 26515608, 26515608, 25722010, 25722010, 26777842, 26520888, 25322687, 25322687, 25322687, 25322687, 25322687, 25322687, 25322687, 25322687, 25322687, 25322687, 25322687, 25335007, 25335007, 25335007, 27946645, 25485022, 25485022, 25485022, 25485022, 25485022, 25485022, 25485022, 25485022, 25485022, 25485022, 25485022, 25485022, 25485022, 25485022, 25485022, 26658544, 26363542, 26363542, 26363542, 26363542, 26118142, 25649622, 25649622, 25649622, 25649622, 25649622, 25649622, 25649622, 25722010, 25722010, 25722010, 26017012, 25722010, 25722010, 25722010, 25722010, 25722010, 25722010, 25722010, 25722010, 25722010, 25722010, 25722010, 25722010, 25722010, 28102490, 27512576, 25501991, 25501991, 25501991, 25501991, 25501991, 25501991, 25501991, 25501991, 25501991, 25501991, 25501991, 25501991, 25501991, 25501991, 25501991, 25501991, 27146206, 26425808, 26425808, 27573934, 27278932, 27278932, 27278932, 27541166, 27278932, 27278932, 27278932, 27278932, 27278932, 27278932, 25914165, 25914165, 26176399, 25914165, 25914165, 25857173, 25857173, 25857173, 25857173, 25857173]",0,0,0,NPU,0,0,0,0,0,0,1.0,hot,0,0,0,0,1.0,0
0,79,meta-llama/Llama-3.1-8B,42,392,7490970819,85007443598,77516472779,32844822112,33103621350,127257453,"[97071181, 218245702, 31409793, 167946617, 32351057, 32351057, 32351057, 32353969, 32353969, 30343401, 4387021058, 32129242, 31000079, 1737518679, 32406219, 32406219, 32406219, 32406219, 32406219, 32406219, 31770245, 766445431, 1501454212, 6420742717, 31190522, 27276468, 5404911850, 31833630, 31768005, 211900942, 31601225, 31601225, 31601225, 31409793, 31409793, 31409793, 31409793, 28500506, 27218200, 1455124706, 31181400, 29983933, 3385392838, 29806160, 29806160, 29806160, 27511680, 27219992, 3086892324, 603806732, 31000079, 31000079, 31000079, 31000079, 31000079, 31000079, 31000079, 31000079, 31000079, 31000079, 31000079, 31000079, 31000079, 31000079, 31000079, 31000079, 30810577, 30810577, 30810577, 30810577, 30810577, 30810577, 30810577, 29482892, 26420112, 26420112, 26420112, 26420112, 77775300, 952630044, 30410660, 30410660, 30410660, 30410660, 30410660, 30343401, 30343401, 30343401, 30343401, 30343401, 30343401, 30343401, 30343401, 30343401, 30343401, 27680923, 26515608, 255286313, 27218200, 25843491, 354085921, 233282712, 25843491, 30421179, 30093409, 30093409, 30093409, 30093409, 438232470, 28111936, 28111936, 28111936, 26360054, 26360054, 26107038, 29746454, 29746454, 814475725, 29806160, 29806160, 29806160, 29806160, 29806160, 29806160, 29806160, 29806160, 29746454, 29746454, 29746454, 29746454, 29746454, 29746454, 29746454, 25272570, 25272570, 2574824820, 26822699, 27052165, 26822699, 26774403, 26774403, 26774403, 26774403, 27761521, 27761521, 27761521, 27761521, 27761521, 27761521, 25649622, 25712916, 77694250, 25712916, 25739482, 25739482, 25739482, 25739482, 25739482, 25739482, 25739482, 25739482, 25739482, 25739482, 28828890, 26420112, 77563494, 26425808, 25465799, 25465799, 25465799, 25465799, 25465799, 25465799, 25465799, 25465799, 25465799, 25465799, 29157300, 28501850, 26851204, 28698548, 28422327, 28422327, 28422327, 28422327, 28422327, 26363542, 26363542, 25857173, 25454110, 25454110, 25454110, 25454110, 25263093, 25263093, 25263093, 25263093, 25695265, 25465799, 28423141, 28193675, 28193675, 28193675, 28193675, 25850435, 25850435, 25850435, 25850435, 25850435, 25850435, 25774206, 28272208, 28272208, 28107904, 28107904, 28107904, 28107904, 28107904, 172049990, 28107904, 28107904, 28107904, 26822699, 26822699, 26822699, 26515608, 26515608, 25722010, 25722010, 26777842, 26520888, 25322687, 25322687, 25322687, 25322687, 25322687, 25322687, 25322687, 25322687, 25322687, 25322687, 25322687, 25335007, 25335007, 25335007, 27946645, 25485022, 25485022, 25485022, 25485022, 25485022, 25485022, 25485022, 25485022, 25485022, 25485022, 25485022, 25485022, 25485022, 25485022, 25485022, 26658544, 26363542, 26363542, 26363542, 26363542, 26118142, 25649622, 25649622, 25649622, 25649622, 25649622, 25649622, 25649622, 25722010, 25722010, 25722010, 26017012, 25722010, 25722010, 25722010, 25722010, 25722010, 25722010, 25722010, 25722010, 25722010, 25722010, 25722010, 25722010, 25722010, 28102490, 27512576, 25501991, 25501991, 25501991, 25501991, 25501991, 25501991, 25501991, 25501991, 25501991, 25501991, 25501991, 25501991, 25501991, 25501991, 25501991, 25501991, 27146206, 26425808, 26425808, 27573934, 27278932, 27278932, 27278932, 27541166, 27278932, 27278932, 27278932, 27278932, 27278932, 27278932, 25914165, 25914165, 26176399, 25914165, 25914165, 25857173, 25857173, 25857173, 25857173, 25857173, 28036954, 26425808, 25774206, 25774206, 25774206, 25774206, 25774206, 25774206, 26688042, 26425808, 26425808, 26520888, 26118142, 26118142, 26118142, 26118142]",0,0,0,NPU,0,0,0,0,0,0,1.0,hot,0,0,0,0,1.0,0
0,85,meta-llama/Llama-3.1-8B,6,296,7910782837,85007443598,77096660761,32425010094,32683809332,153677686,"[97071181, 218245702, 31409793, 167946617, 32351057, 32351057, 32351057, 32353969, 32353969, 30343401, 4387021058, 32129242, 31000079, 1737518679, 32406219, 32406219, 32406219, 32406219, 32406219, 32406219, 31770245, 766445431, 1501454212, 6420742717, 31190522, 5432188318, 31833630, 31768005, 211900942, 31601225, 31601225, 31601225, 31409793, 31409793, 31409793, 31409793, 28500506, 27218200, 1455124706, 31181400, 29983933, 3385392838, 29806160, 29806160, 29806160, 27511680, 27219992, 3086892324, 603806732, 31000079, 31000079, 31000079, 31000079, 31000079, 31000079, 31000079, 31000079, 31000079, 31000079, 31000079, 31000079, 31000079, 31000079, 31000079, 31000079, 30810577, 30810577, 30810577, 30810577, 30810577, 30810577, 30810577, 29482892, 183455748, 952630044, 30410660, 30410660, 30410660, 30410660, 30410660, 30343401, 30343401, 30343401, 30343401, 30343401, 30343401, 30343401, 30343401, 30343401, 30343401, 27680923, 281801921, 27218200, 613212124, 56264670, 30093409, 30093409, 30093409, 30093409, 438232470, 28111936, 28111936, 28111936, 26360054, 26360054, 55853492, 29746454, 814475725, 29806160, 29806160, 29806160, 29806160, 29806160, 29806160, 29806160, 29806160, 29746454, 29746454, 29746454, 29746454, 29746454, 29746454, 29746454, 2625369960, 26822699, 27052165, 26822699, 26774403, 26774403, 26774403, 26774403, 27761521, 27761521, 27761521, 27761521, 27761521, 27761521, 25649622, 415343792, 26420112, 77563494, 26425808, 283815290, 28501850, 26851204, 28698548, 28422327, 28422327, 28422327, 28422327, 28422327, 26363542, 26363542, 308310190, 28193675, 28193675, 28193675, 28193675, 25850435, 25850435, 25850435, 25850435, 25850435, 25850435, 25774206, 28272208, 28272208, 28107904, 28107904, 28107904, 28107904, 28107904, 172049990, 28107904, 28107904, 28107904, 26822699, 26822699, 26822699, 26515608, 26515608, 25722010, 25722010, 26777842, 26520888, 382501223, 25485022, 25485022, 25485022, 25485022, 25485022, 25485022, 25485022, 25485022, 25485022, 25485022, 25485022, 25485022, 25485022, 25485022, 25485022, 26658544, 26363542, 26363542, 26363542, 26363542, 26118142, 25649622, 25649622, 25649622, 25649622, 25649622, 25649622, 25649622, 25722010, 25722010, 25722010, 26017012, 25722010, 25722010, 25722010, 25722010, 25722010, 25722010, 25722010, 25722010, 25722010, 25722010, 25722010, 25722010, 25722010, 28102490, 27512576, 25501991, 25501991, 25501991, 25501991, 25501991, 25501991, 25501991, 25501991, 25501991, 25501991, 25501991, 25501991, 25501991, 25501991, 25501991, 25501991, 27146206, 26425808, 26425808, 27573934, 27278932, 27278932, 27278932, 27541166, 27278932, 27278932, 27278932, 27278932, 27278932, 27278932, 25914165, 25914165, 26176399, 25914165, 25914165, 25857173, 25857173, 25857173, 25857173, 25857173, 28036954, 26425808, 25774206, 25774206, 25774206, 25774206, 25774206, 25774206, 26688042, 26425808, 26425808, 26520888, 26118142, 26118142, 26118142, 26118142]",0,0,0,CXL,0,18874368,0,18874368,18874368,18874368,1.0,hot,0,0,0,0,1.0,37748736
0,96,meta-llama/Llama-3.1-8B,256,442,9077707403,85007443598,75929736195,31516884766,31613955947,239544758,"[218245702, 31409793, 167946617, 32351057, 32351057, 32351057, 32353969, 32353969, 30343401, 4387021058, 32129242, 31000079, 1737518679, 32406219, 32406219, 32406219, 32406219, 32406219, 32406219, 31770245, 766445431, 1501454212, 6420742717, 31190522, 5432188318, 31833630, 31768005, 211900942, 31601225, 31601225, 31601225, 31409793, 31409793, 31409793, 31409793, 28500506, 1482342906, 31181400, 29983933, 3385392838, 29806160, 29806160, 29806160, 3745430728, 31000079, 31000079, 31000079, 31000079, 31000079, 31000079, 31000079, 31000079, 31000079, 31000079, 31000079, 31000079, 31000079, 31000079, 31000079, 31000079, 30810577, 30810577, 30810577, 30810577, 30810577, 30810577, 30810577, 29482892, 1136085792, 30410660, 30410660, 30410660, 30410660, 30410660, 30343401, 30343401, 30343401, 30343401, 30343401, 30343401, 30343401, 30343401, 30343401, 30343401, 27680923, 922232245, 56264670, 30093409, 30093409, 30093409, 30093409, 438232470, 28111936, 28111936, 28111936, 108573600, 29746454, 814475725, 29806160, 29806160, 29806160, 29806160, 29806160, 29806160, 29806160, 29806160, 29746454, 29746454, 29746454, 29746454, 29746454, 29746454, 29746454, 2625369960, 215556696, 27761521, 27761521, 27761521, 27761521, 27761521, 440993414, 414224704, 28501850, 26851204, 28698548, 28422327, 28422327, 28422327, 28422327, 28422327, 361037274, 28193675, 28193675, 28193675, 28193675, 209149024, 28272208, 28107904, 28107904, 28107904, 28107904, 28107904, 172049990, 28107904, 28107904, 28107904, 26822699, 26822699, 26822699, 26515608, 26515608, 78221862, 26520888, 382501223, 408933874, 26363542, 26363542, 26363542, 26363542, 671337158, 27512576, 435178062, 26425808, 26425808, 27573934, 27278932, 27278932, 27278932, 27541166, 27278932, 27278932, 27278932, 27278932, 27278932, 27278932, 287155878, 26425808, 181333278, 26425808, 26425808, 26520888, 26118142, 26118142, 26118142, 26118142]",0,0,0,NPU,0,0,0,0,0,0,1.0,hot,0,0,0,0,1.0,0
0,84,meta-llama/Llama-3.1-8B,31,338,7871451416,85278738662,77407287246,32464341515,32723140753,146026622,"[97071181, 218245702, 31409793, 167946617, 32351057, 32351057, 32351057, 32353969, 32353969, 30343401, 4387021058, 32129242, 31000079, 1737518679, 32406219, 32406219, 32406219, 32406219, 32406219, 32406219, 31770245, 766445431, 1501454212, 6420742717, 31190522, 27276468, 5404911850, 31833630, 31768005, 211900942, 31601225, 31601225, 31601225, 31409793, 31409793, 31409793, 31409793, 28500506, 27218200, 1455124706, 31181400, 29983933, 3385392838, 29806160, 29806160, 29806160, 27511680, 27219992, 3086892324, 603806732, 31000079, 31000079, 31000079, 31000079, 31000079, 31000079, 31000079, 31000079, 31000079, 31000079, 31000079, 31000079, 31000079, 31000079, 31000079, 31000079, 30810577, 30810577, 30810577, 30810577, 30810577, 30810577, 30810577, 29482892, 26420112, 26420112, 26420112, 26420112, 77775300, 952630044, 30410660, 30410660, 30410660, 30410660, 30410660, 30343401, 30343401, 30343401, 30343401, 30343401, 30343401, 30343401, 30343401, 30343401, 30343401, 27680923, 281801921, 27218200, 613212124, 56264670, 30093409, 30093409, 30093409, 30093409, 438232470, 28111936, 28111936, 28111936, 26360054, 26360054, 26107038, 29746454, 29746454, 814475725, 29806160, 29806160, 29806160, 29806160, 29806160, 29806160, 29806160, 29806160, 29746454, 29746454, 29746454, 29746454, 29746454, 29746454, 29746454, 2625369960, 26822699, 27052165, 26822699, 26774403, 26774403, 26774403, 26774403, 27761521, 27761521, 27761521, 27761521, 27761521, 27761521, 25649622, 415343792, 26420112, 77563494, 26425808, 283815290, 28501850, 26851204, 28698548, 28422327, 28422327, 28422327, 28422327, 28422327, 26363542, 26363542, 25857173, 282453017, 28193675, 28193675, 28193675, 28193675, 25850435, 25850435, 25850435, 25850435, 25850435, 25850435, 25774206, 28272208, 28272208, 28107904, 28107904, 28107904, 28107904, 28107904, 172049990, 28107904, 28107904, 28107904, 26822699, 26822699, 26822699, 26515608, 26515608, 25722010, 25722010, 26777842, 26520888, 382501223, 25485022, 25485022, 25485022, 25485022, 25485022, 25485022, 25485022, 25485022, 25485022, 25485022, 25485022, 25485022, 25485022, 25485022, 25485022, 26658544, 26363542, 26363542, 26363542, 26363542, 26118142, 25649622, 25649622, 25649622, 25649622, 25649622, 25649622, 25649622, 25722010, 25722010, 25722010, 26017012, 25722010, 25722010, 25722010, 25722010, 25722010, 25722010, 25722010, 25722010, 25722010, 25722010, 25722010, 25722010, 25722010, 28102490, 27512576, 25501991, 25501991, 25501991, 25501991, 25501991, 25501991, 25501991, 25501991, 25501991, 25501991, 25501991, 25501991, 25501991, 25501991, 25501991, 25501991, 27146206, 26425808, 26425808, 27573934, 27278932, 27278932, 27278932, 27541166, 27278932, 27278932, 27278932, 27278932, 27278932, 27278932, 25914165, 25914165, 26176399, 25914165, 25914165, 25857173, 25857173, 25857173, 25857173, 25857173, 28036954, 26425808, 25774206, 25774206, 25774206, 25774206, 25774206, 25774206, 26688042, 26425808, 26425808, 26520888, 26118142, 26118142, 26118142, 26118142, 27365517, 27103283, 27103283, 27103283, 27103283, 27103283, 27103283, 27103283, 27103283, 27103283]",0,0,0,NPU,0,0,0,0,0,0,1.0,hot,0,0,0,0,1.0,0
0,87,meta-llama/Llama-3.1-8B,42,327,8143059350,85584233846,77441174496,32192733581,32451532819,158414231,"[97071181, 218245702, 31409793, 167946617, 32351057, 32351057, 32351057, 32353969, 32353969, 30343401, 4387021058, 32129242, 31000079, 1737518679, 32406219, 32406219, 32406219, 32406219, 32406219, 32406219, 31770245, 766445431, 1501454212, 6420742717, 31190522, 5432188318, 31833630, 31768005, 211900942, 31601225, 31601225, 31601225, 31409793, 31409793, 31409793, 31409793, 28500506, 1482342906, 31181400, 29983933, 3385392838, 29806160, 29806160, 29806160, 27511680, 27219992, 3086892324, 603806732, 31000079, 31000079, 31000079, 31000079, 31000079, 31000079, 31000079, 31000079, 31000079, 31000079, 31000079, 31000079, 31000079, 31000079, 31000079, 31000079, 30810577, 30810577, 30810577, 30810577, 30810577, 30810577, 30810577, 29482892, 1136085792, 30410660, 30410660, 30410660, 30410660, 30410660, 30343401, 30343401, 30343401, 30343401, 30343401, 30343401, 30343401, 30343401, 30343401, 30343401, 27680923, 281801921, 27218200, 613212124, 56264670, 30093409, 30093409, 30093409, 30093409, 438232470, 28111936, 28111936, 28111936, 108573600, 29746454, 814475725, 29806160, 29806160, 29806160, 29806160, 29806160, 29806160, 29806160, 29806160, 29746454, 29746454, 29746454, 29746454, 29746454, 29746454, 29746454, 2625369960, 26822699, 27052165, 26822699, 26774403, 26774403, 26774403, 26774403, 27761521, 27761521, 27761521, 27761521, 27761521, 27761521, 440993414, 26420112, 77563494, 26425808, 283815290, 28501850, 26851204, 28698548, 28422327, 28422327, 28422327, 28422327, 28422327, 26363542, 26363542, 308310190, 28193675, 28193675, 28193675, 28193675, 25850435, 25850435, 25850435, 25850435, 25850435, 25850435, 25774206, 28272208, 28272208, 28107904, 28107904, 28107904, 28107904, 28107904, 172049990, 28107904, 28107904, 28107904, 26822699, 26822699, 26822699, 26515608, 26515608, 25722010, 25722010, 26777842, 26520888, 382501223, 408933874, 26363542, 26363542, 26363542, 26363542, 26118142, 25649622, 25649622, 25649622, 25649622, 25649622, 25649622, 25649622, 25722010, 25722010, 25722010, 26017012, 25722010, 25722010, 25722010, 25722010, 25722010, 25722010, 25722010, 25722010, 25722010, 25722010, 25722010, 25722010, 25722010, 28102490, 27512576, 25501991, 25501991, 25501991, 25501991, 25501991, 25501991, 25501991, 25501991, 25501991, 25501991, 25501991, 25501991, 25501991, 25501991, 25501991, 25501991, 27146206, 26425808, 26425808, 27573934, 27278932, 27278932, 27278932, 27541166, 27278932, 27278932, 27278932, 27278932, 27278932, 27278932, 25914165, 25914165, 26176399, 25914165, 25914165, 25857173, 25857173, 25857173, 25857173, 25857173, 28036954, 26425808, 25774206, 25774206, 25774206, 25774206, 25774206, 25774206, 26688042, 26425808, 26425808, 26520888, 26118142, 26118142, 26118142, 26118142, 27365517, 27103283, 27103283, 27103283, 27103283, 27103283, 27103283, 27103283, 27103283, 27103283, 197440780, 26997779, 26997779, 26997779, 27061067]",0,0,0,NPU,0,0,0,0,0,0,1.0,hot,0,0,0,0,1.0,0
0,86,meta-llama/Llama-3.1-8B,6,323,8041570415,86319595153,78278024738,32294222516,32553021754,144699376,"[97071181, 218245702, 31409793, 167946617, 32351057, 32351057, 32351057, 32353969, 32353969, 30343401, 4387021058, 32129242, 31000079, 1737518679, 32406219, 32406219, 32406219, 32406219, 32406219, 32406219, 31770245, 766445431, 1501454212, 6420742717, 31190522, 5432188318, 31833630, 31768005, 211900942, 31601225, 31601225, 31601225, 31409793, 31409793, 31409793, 31409793, 28500506, 27218200, 1455124706, 31181400, 29983933, 3385392838, 29806160, 29806160, 29806160, 27511680, 27219992, 3086892324, 603806732, 31000079, 31000079, 31000079, 31000079, 31000079, 31000079, 31000079, 31000079, 31000079, 31000079, 31000079, 31000079, 31000079, 31000079, 31000079, 31000079, 30810577, 30810577, 30810577, 30810577, 30810577, 30810577, 30810577, 29482892, 1136085792, 30410660, 30410660, 30410660, 30410660, 30410660, 30343401, 30343401, 30343401, 30343401, 30343401, 30343401, 30343401, 30343401, 30343401, 30343401, 27680923, 281801921, 27218200, 613212124, 56264670, 30093409, 30093409, 30093409, 30093409, 438232470, 28111936, 28111936, 28111936, 26360054, 26360054, 55853492, 29746454, 814475725, 29806160, 29806160, 29806160, 29806160, 29806160, 29806160, 29806160, 29806160, 29746454, 29746454, 29746454, 29746454, 29746454, 29746454, 29746454, 2625369960, 26822699, 27052165, 26822699, 26774403, 26774403, 26774403, 26774403, 27761521, 27761521, 27761521, 27761521, 27761521, 27761521, 25649622, 415343792, 26420112, 77563494, 26425808, 283815290, 28501850, 26851204, 28698548, 28422327, 28422327, 28422327, 28422327, 28422327, 26363542, 26363542, 308310190, 28193675, 28193675, 28193675, 28193675, 25850435, 25850435, 25850435, 25850435, 25850435, 25850435, 25774206, 28272208, 28272208, 28107904, 28107904, 28107904, 28107904, 28107904, 172049990, 28107904, 28107904, 28107904, 26822699, 26822699, 26822699, 26515608, 26515608, 25722010, 25722010, 26777842, 26520888, 382501223, 408933874, 26363542, 26363542, 26363542, 26363542, 26118142, 25649622, 25649622, 25649622, 25649622, 25649622, 25649622, 25649622, 25722010, 25722010, 25722010, 26017012, 25722010, 25722010, 25722010, 25722010, 25722010, 25722010, 25722010, 25722010, 25722010, 25722010, 25722010, 25722010, 25722010, 28102490, 27512576, 25501991, 25501991, 25501991, 25501991, 25501991, 25501991, 25501991, 25501991, 25501991, 25501991, 25501991, 25501991, 25501991, 25501991, 25501991, 25501991, 27146206, 26425808, 26425808, 27573934, 27278932, 27278932, 27278932, 27541166, 27278932, 27278932, 27278932, 27278932, 27278932, 27278932, 25914165, 25914165, 26176399, 25914165, 25914165, 25857173, 25857173, 25857173, 25857173, 25857173, 28036954, 26425808, 25774206, 25774206, 25774206, 25774206, 25774206, 25774206, 26688042, 26425808, 26425808, 26520888, 26118142, 26118142, 26118142, 26118142, 27365517, 27103283, 27103283, 27103283, 27103283, 27103283, 27103283, 27103283, 27103283, 27103283, 197440780, 26997779, 26997779, 26997779, 27061067, 26956587, 26956587, 26956587, 26956587, 26956587, 26956587, 26956587, 26956587, 26956587, 26956587, 26956587, 26786947, 26786947, 26363542, 26363542, 26363542, 26118142, 25304821, 25304821, 25304821, 25304821, 25304821, 25304821, 25304821, 25304821, 26069208, 25774206, 25774206]",0,0,0,CXL,0,14680064,0,14680064,14680064,14680064,1.0,hot,0,0,0,0,1.0,29360128
0,88,meta-llama/Llama-3.1-8B,138,455,8361284541,86849139736,78487855195,31974508390,32233307628,146375150,"[97071181, 218245702, 31409793, 167946617, 32351057, 32351057, 32351057, 32353969, 32353969, 30343401, 4387021058, 32129242, 31000079, 1737518679, 32406219, 32406219, 32406219, 32406219, 32406219, 32406219, 31770245, 766445431, 1501454212, 6420742717, 31190522, 5432188318, 31833630, 31768005, 211900942, 31601225, 31601225, 31601225, 31409793, 31409793, 31409793, 31409793, 28500506, 1482342906, 31181400, 29983933, 3385392838, 29806160, 29806160, 29806160, 27511680, 27219992, 3086892324, 603806732, 31000079, 31000079, 31000079, 31000079, 31000079, 31000079, 31000079, 31000079, 31000079, 31000079, 31000079, 31000079, 31000079, 31000079, 31000079, 31000079, 30810577, 30810577, 30810577, 30810577, 30810577, 30810577, 30810577, 29482892, 1136085792, 30410660, 30410660, 30410660, 30410660, 30410660, 30343401, 30343401, 30343401, 30343401, 30343401, 30343401, 30343401, 30343401, 30343401, 30343401, 27680923, 281801921, 27218200, 613212124, 56264670, 30093409, 30093409, 30093409, 30093409, 438232470, 28111936, 28111936, 28111936, 108573600, 29746454, 814475725, 29806160, 29806160, 29806160, 29806160, 29806160, 29806160, 29806160, 29806160, 29746454, 29746454, 29746454, 29746454, 29746454, 29746454, 29746454, 2625369960, 26822699, 27052165, 26822699, 26774403, 26774403, 26774403, 26774403, 27761521, 27761521, 27761521, 27761521, 27761521, 27761521, 440993414, 26420112, 77563494, 26425808, 283815290, 28501850, 26851204, 28698548, 28422327, 28422327, 28422327, 28422327, 28422327, 26363542, 26363542, 308310190, 28193675, 28193675, 28193675, 28193675, 25850435, 25850435, 25850435, 25850435, 25850435, 25850435, 25774206, 28272208, 28272208, 28107904, 28107904, 28107904, 28107904, 28107904, 172049990, 28107904, 28107904, 28107904, 26822699, 26822699, 26822699, 26515608, 26515608, 25722010, 25722010, 26777842, 26520888, 382501223, 408933874, 26363542, 26363542, 26363542, 26363542, 26118142, 25649622, 25649622, 25649622, 25649622, 25649622, 25649622, 25649622, 25722010, 25722010, 25722010, 26017012, 25722010, 25722010, 25722010, 25722010, 25722010, 25722010, 25722010, 25722010, 25722010, 25722010, 25722010, 25722010, 25722010, 28102490, 27512576, 435178062, 26425808, 26425808, 27573934, 27278932, 27278932, 27278932, 27541166, 27278932, 27278932, 27278932, 27278932, 27278932, 27278932, 25914165, 25914165, 26176399, 25914165, 25914165, 25857173, 25857173, 25857173, 25857173, 25857173, 28036954, 26425808, 25774206, 25774206, 25774206, 25774206, 25774206, 25774206, 26688042, 26425808, 26425808, 26520888, 26118142, 26118142, 26118142, 26118142, 27365517, 27103283, 27103283, 27103283, 27103283, 27103283, 27103283, 27103283, 27103283, 27103283, 197440780, 26997779, 26997779, 26997779, 27061067, 26956587, 26956587, 26956587, 26956587, 26956587, 26956587, 26956587, 26956587, 26956587, 26956587, 26956587, 26786947, 26786947, 26363542, 26363542, 26363542, 26118142, 25304821, 25304821, 25304821, 25304821, 25304821, 25304821, 25304821, 25304821, 26069208, 25774206, 25774206, 27054910, 26759908, 26759908, 26759908, 26759908, 26759908, 26759908, 26759908, 26759908, 25774206, 25774206, 25774206, 25774206, 26880790, 26553020, 26553020, 26553020, 26553020, 26363542, 25857173]",0,0,0,NPU,0,0,0,0,0,0,1.0,hot,0,0,0,0,1.0,0
0,97,meta-llama/Llama-3.1-8B,156,393,9133488822,86902921352,77769432530,31461103347,31558174528,195810415,"[218245702, 31409793, 167946617, 32351057, 32351057, 32351057, 32353969, 32353969, 30343401, 4387021058, 32129242, 31000079, 1737518679, 32406219, 32406219, 32406219, 32406219, 32406219, 32406219, 31770245, 766445431, 1501454212, 6420742717, 31190522, 5432188318, 31833630, 31768005, 211900942, 31601225, 31601225, 31601225, 31409793, 31409793, 31409793, 31409793, 1510843412, 31181400, 29983933, 3385392838, 29806160, 29806160, 29806160, 3745430728, 31000079, 31000079, 31000079, 31000079, 31000079, 31000079, 31000079, 31000079, 31000079, 31000079, 31000079, 31000079, 31000079, 31000079, 31000079, 31000079, 30810577, 30810577, 30810577, 30810577, 30810577, 30810577, 30810577, 29482892, 1136085792, 30410660, 30410660, 30410660, 30410660, 30410660, 30343401, 30343401, 30343401, 30343401, 30343401, 30343401, 30343401, 30343401, 30343401, 30343401, 949913168, 56264670, 30093409, 30093409, 30093409, 30093409, 438232470, 28111936, 28111936, 28111936, 108573600, 29746454, 814475725, 29806160, 29806160, 29806160, 29806160, 29806160, 29806160, 29806160, 29806160, 29746454, 29746454, 29746454, 29746454, 29746454, 29746454, 29746454, 2625369960, 215556696, 27761521, 27761521, 27761521, 27761521, 27761521, 440993414, 414224704, 28501850, 26851204, 28698548, 28422327, 28422327, 28422327, 28422327, 28422327, 361037274, 28193675, 28193675, 28193675, 28193675, 209149024, 28272208, 28107904, 28107904, 28107904, 28107904, 28107904, 172049990, 28107904, 28107904, 28107904, 26822699, 26822699, 26822699, 540275189, 408933874, 26363542, 26363542, 26363542, 26363542, 671337158, 27512576, 435178062, 26425808, 26425808, 27573934, 27278932, 27278932, 27278932, 27541166, 27278932, 27278932, 27278932, 27278932, 27278932, 27278932, 287155878, 26425808, 181333278, 26425808, 26425808, 26520888, 26118142, 26118142, 26118142, 26118142, 27365517, 27103283, 27103283, 27103283, 27103283, 27103283, 27103283, 27103283, 27103283, 27103283, 197440780, 26997779, 26997779, 26997779, 27061067, 26956587, 26956587, 26956587, 26956587, 26956587, 26956587, 26956587, 26956587, 26956587, 26956587, 26956587, 26786947, 26786947, 26363542, 26363542, 26363542, 26118142, 228507776, 25774206, 25774206, 27054910, 26759908, 26759908, 26759908, 26759908, 26759908, 26759908, 26759908, 26759908, 25774206, 25774206, 25774206, 25774206, 26880790, 26553020, 26553020, 26553020, 26553020, 26363542, 25857173, 27054693, 26726923]",0,0,0,NPU,0,0,0,0,0,0,1.0,hot,0,0,0,0,1.0,0
0,109,meta-llama/Llama-3.1-8B,8,204,9855124539,87196568585,77341444046,31190719904,31254140923,236345144,"[32351057, 32351057, 32351057, 32353969, 32353969, 4417364459, 32129242, 1768518758, 32406219, 32406219, 32406219, 32406219, 32406219, 32406219, 31770245, 766445431, 1501454212, 6420742717, 31190522, 5432188318, 31833630, 31768005, 211900942, 31601225, 31601225, 31601225, 31409793, 31409793, 31409793, 31409793, 1510843412, 31181400, 7250225979, 31000079, 31000079, 31000079, 31000079, 31000079, 31000079, 31000079, 31000079, 31000079, 31000079, 31000079, 31000079, 31000079, 31000079, 31000079, 31000079, 30810577, 30810577, 30810577, 30810577, 30810577, 30810577, 30810577, 1165568684, 30410660, 30410660, 30410660, 30410660, 30410660, 30343401, 30343401, 30343401, 30343401, 30343401, 30343401, 30343401, 30343401, 30343401, 30343401, 1006177838, 30093409, 30093409, 30093409, 30093409, 438232470, 192909408, 29746454, 814475725, 29806160, 29806160, 29806160, 29806160, 29806160, 29806160, 29806160, 29806160, 29746454, 29746454, 29746454, 29746454, 29746454, 29746454, 29746454, 3420727675, 414224704, 28501850, 55549752, 28422327, 28422327, 28422327, 28422327, 28422327, 361037274, 28193675, 28193675, 28193675, 28193675, 209149024, 28272208, 28107904, 28107904, 28107904, 28107904, 28107904, 172049990, 28107904, 28107904, 28107904, 620743286, 1185725200, 27512576, 515603612, 27278932, 27278932, 27278932, 27541166, 27278932, 27278932, 27278932, 27278932, 27278932, 27278932, 287155878, 418969675, 27103283, 27103283, 27103283, 27103283, 27103283, 27103283, 27103283, 27103283, 27103283, 197440780, 26997779, 26997779, 26997779, 27061067, 26956587, 26956587, 26956587, 26956587, 26956587, 26956587, 26956587, 26956587, 26956587, 26956587, 26956587, 26786947, 26786947, 26363542, 26363542, 26363542, 333229240, 26759908, 26759908, 26759908, 26759908, 26759908, 26759908, 26759908, 26759908, 129977614, 26553020, 26553020, 26553020, 26553020, 26363542, 52911866, 26726923, 26695203, 26695203, 26695203, 26695203, 26695203, 26695203, 26695203, 26695203, 26695203, 26695203, 26695203]",0,0,0,CXL,0,52428800,0,52428800,52428800,52428800,1.0,hot,0,0,0,0,1.0,104857600
0,94,meta-llama/Llama-3.1-8B,9,279,8935658047,87276687152,78341029105,31400134884,31658934122,173539386,"[97071181, 218245702, 31409793, 167946617, 32351057, 32351057, 32351057, 32353969, 32353969, 30343401, 4387021058, 32129242, 31000079, 1737518679, 32406219, 32406219, 32406219, 32406219, 32406219, 32406219, 31770245, 766445431, 1501454212, 6420742717, 31190522, 5432188318, 31833630, 31768005, 211900942, 31601225, 31601225, 31601225, 31409793, 31409793, 31409793, 31409793, 28500506, 1482342906, 31181400, 29983933, 3385392838, 29806160, 29806160, 29806160, 3745430728, 31000079, 31000079, 31000079, 31000079, 31000079, 31000079, 31000079, 31000079, 31000079, 31000079, 31000079, 31000079, 31000079, 31000079, 31000079, 31000079, 30810577, 30810577, 30810577, 30810577, 30810577, 30810577, 30810577, 29482892, 1136085792, 30410660, 30410660, 30410660, 30410660, 30410660, 30343401, 30343401, 30343401, 30343401, 30343401, 30343401, 30343401, 30343401, 30343401, 30343401, 27680923, 922232245, 56264670, 30093409, 30093409, 30093409, 30093409, 438232470, 28111936, 28111936, 28111936, 108573600, 29746454, 814475725, 29806160, 29806160, 29806160, 29806160, 29806160, 29806160, 29806160, 29806160, 29746454, 29746454, 29746454, 29746454, 29746454, 29746454, 29746454, 2625369960, 26822699, 27052165, 26822699, 134859133, 27761521, 27761521, 27761521, 27761521, 27761521, 440993414, 414224704, 28501850, 26851204, 28698548, 28422327, 28422327, 28422327, 28422327, 28422327, 26363542, 26363542, 308310190, 28193675, 28193675, 28193675, 28193675, 209149024, 28272208, 28107904, 28107904, 28107904, 28107904, 28107904, 172049990, 28107904, 28107904, 28107904, 26822699, 26822699, 26822699, 26515608, 26515608, 78221862, 26520888, 382501223, 408933874, 26363542, 26363542, 26363542, 26363542, 26118142, 645219016, 27512576, 435178062, 26425808, 26425808, 27573934, 27278932, 27278932, 27278932, 27541166, 27278932, 27278932, 27278932, 27278932, 27278932, 27278932, 287155878, 26425808, 25774206, 25774206, 25774206, 25774206, 25774206, 25774206, 26688042, 26425808, 26425808, 26520888, 26118142, 26118142, 26118142, 26118142, 27365517, 27103283, 27103283, 27103283, 27103283, 27103283, 27103283, 27103283, 27103283, 27103283, 197440780, 26997779, 26997779, 26997779, 27061067, 26956587, 26956587, 26956587, 26956587, 26956587, 26956587, 26956587, 26956587, 26956587, 26956587, 26956587, 26786947, 26786947, 26363542, 26363542, 26363542, 26118142, 228507776, 25774206, 25774206, 27054910, 26759908, 26759908, 26759908, 26759908, 26759908, 26759908, 26759908, 26759908, 25774206, 25774206, 25774206, 25774206, 26880790, 26553020, 26553020, 26553020, 26553020, 26363542, 25857173, 27054693, 26726923, 26695203, 26695203, 26695203, 26695203, 26695203, 26695203, 26695203, 26695203, 26695203, 26695203, 26695203, 26706189, 26706189, 26706189]",0,0,0,NPU,0,0,0,0,0,0,1.0,hot,0,0,0,0,1.0,0
0,101,meta-llama/Llama-3.1-8B,11,263,9251846665,87924876565,78673029900,31594680195,31658062387,187310627,"[31409793, 167946617, 32351057, 32351057, 32351057, 32353969, 32353969, 4417364459, 32129242, 31000079, 1737518679, 32406219, 32406219, 32406219, 32406219, 32406219, 32406219, 31770245, 766445431, 1501454212, 6420742717, 31190522, 5432188318, 31833630, 31768005, 211900942, 31601225, 31601225, 31601225, 31409793, 31409793, 31409793, 31409793, 1510843412, 31181400, 29983933, 3385392838, 29806160, 29806160, 29806160, 3745430728, 31000079, 31000079, 31000079, 31000079, 31000079, 31000079, 31000079, 31000079, 31000079, 31000079, 31000079, 31000079, 31000079, 31000079, 31000079, 31000079, 30810577, 30810577, 30810577, 30810577, 30810577, 30810577, 30810577, 29482892, 1136085792, 30410660, 30410660, 30410660, 30410660, 30410660, 30343401, 30343401, 30343401, 30343401, 30343401, 30343401, 30343401, 30343401, 30343401, 30343401, 949913168, 56264670, 30093409, 30093409, 30093409, 30093409, 438232470, 28111936, 28111936, 28111936, 108573600, 29746454, 814475725, 29806160, 29806160, 29806160, 29806160, 29806160, 29806160, 29806160, 29806160, 29746454, 29746454, 29746454, 29746454, 29746454, 29746454, 29746454, 2625369960, 215556696, 27761521, 27761521, 27761521, 27761521, 27761521, 440993414, 414224704, 28501850, 55549752, 28422327, 28422327, 28422327, 28422327, 28422327, 361037274, 28193675, 28193675, 28193675, 28193675, 209149024, 28272208, 28107904, 28107904, 28107904, 28107904, 28107904, 172049990, 28107904, 28107904, 28107904, 26822699, 26822699, 26822699, 540275189, 1185725200, 27512576, 435178062, 80425550, 27278932, 27278932, 27278932, 27541166, 27278932, 27278932, 27278932, 27278932, 27278932, 27278932, 287155878, 26425808, 181333278, 26425808, 26425808, 158358973, 27103283, 27103283, 27103283, 27103283, 27103283, 27103283, 27103283, 27103283, 27103283, 197440780, 26997779, 26997779, 26997779, 27061067, 26956587, 26956587, 26956587, 26956587, 26956587, 26956587, 26956587, 26956587, 26956587, 26956587, 26956587, 26786947, 26786947, 26363542, 26363542, 26363542, 26118142, 307111098, 26759908, 26759908, 26759908, 26759908, 26759908, 26759908, 26759908, 26759908, 25774206, 25774206, 25774206, 25774206, 26880790, 26553020, 26553020, 26553020, 26553020, 26363542, 52911866, 26726923, 26695203, 26695203, 26695203, 26695203, 26695203, 26695203, 26695203, 26695203, 26695203, 26695203, 26695203, 26706189, 26706189, 26706189, 146512244, 26706189, 26706189, 26706189, 26706189, 26706189, 26706189, 26445624, 25850435, 26806162, 26445624, 26445624, 26445624, 26445624, 26445624, 26445624, 26445624, 25739482, 25739482, 25739482]",0,0,0,CXL,0,10485760,0,10485760,10485760,10485760,1.0,hot,0,0,0,0,1.0,20971520
0,107,meta-llama/Llama-3.1-8B,25,267,9821133597,88344237457,78523103860,31224710846,31288131865,195995734,"[32351057, 32351057, 32351057, 32353969, 32353969, 4417364459, 32129242, 1768518758, 32406219, 32406219, 32406219, 32406219, 32406219, 32406219, 31770245, 766445431, 1501454212, 6420742717, 31190522, 5432188318, 31833630, 31768005, 211900942, 31601225, 31601225, 31601225, 31409793, 31409793, 31409793, 31409793, 1510843412, 31181400, 7250225979, 31000079, 31000079, 31000079, 31000079, 31000079, 31000079, 31000079, 31000079, 31000079, 31000079, 31000079, 31000079, 31000079, 31000079, 31000079, 31000079, 30810577, 30810577, 30810577, 30810577, 30810577, 30810577, 30810577, 29482892, 1136085792, 30410660, 30410660, 30410660, 30410660, 30410660, 30343401, 30343401, 30343401, 30343401, 30343401, 30343401, 30343401, 30343401, 30343401, 30343401, 949913168, 56264670, 30093409, 30093409, 30093409, 30093409, 438232470, 192909408, 29746454, 814475725, 29806160, 29806160, 29806160, 29806160, 29806160, 29806160, 29806160, 29806160, 29746454, 29746454, 29746454, 29746454, 29746454, 29746454, 29746454, 2625369960, 215556696, 27761521, 27761521, 27761521, 27761521, 27761521, 440993414, 414224704, 28501850, 55549752, 28422327, 28422327, 28422327, 28422327, 28422327, 361037274, 28193675, 28193675, 28193675, 28193675, 209149024, 28272208, 28107904, 28107904, 28107904, 28107904, 28107904, 172049990, 28107904, 28107904, 28107904, 620743286, 1185725200, 27512576, 435178062, 80425550, 27278932, 27278932, 27278932, 27541166, 27278932, 27278932, 27278932, 27278932, 27278932, 27278932, 287155878, 418969675, 27103283, 27103283, 27103283, 27103283, 27103283, 27103283, 27103283, 27103283, 27103283, 197440780, 26997779, 26997779, 26997779, 27061067, 26956587, 26956587, 26956587, 26956587, 26956587, 26956587, 26956587, 26956587, 26956587, 26956587, 26956587, 26786947, 26786947, 26363542, 26363542, 26363542, 26118142, 307111098, 26759908, 26759908, 26759908, 26759908, 26759908, 26759908, 26759908, 26759908, 129977614, 26553020, 26553020, 26553020, 26553020, 26363542, 52911866, 26726923, 26695203, 26695203, 26695203, 26695203, 26695203, 26695203, 26695203, 26695203, 26695203, 26695203, 26695203, 26706189, 26706189, 26706189, 146512244, 26706189, 26706189, 26706189, 26706189, 26706189, 26706189, 26445624, 25850435, 26806162, 26445624, 26445624, 26445624, 26445624, 26445624, 26445624, 26445624, 104224164, 26645180, 26645180, 26444528, 52177106, 26044318, 26044318, 26044318, 26044318, 26044318, 26044318, 26044318, 26044318, 26044318, 26044318]",0,0,0,NPU,0,0,0,0,0,0,1.0,hot,0,0,0,0,1.0,0
0,95,meta-llama/Llama-3.1-8B,44,350,9003739520,88633284071,79629544551,31332053411,31590852649,157503907,"[97071181, 218245702, 31409793, 167946617, 32351057, 32351057, 32351057, 32353969, 32353969, 30343401, 4387021058, 32129242, 31000079, 1737518679, 32406219, 32406219, 32406219, 32406219, 32406219, 32406219, 31770245, 766445431, 1501454212, 6420742717, 31190522, 5432188318, 31833630, 31768005, 211900942, 31601225, 31601225, 31601225, 31409793, 31409793, 31409793, 31409793, 28500506, 1482342906, 31181400, 29983933, 3385392838, 29806160, 29806160, 29806160, 3745430728, 31000079, 31000079, 31000079, 31000079, 31000079, 31000079, 31000079, 31000079, 31000079, 31000079, 31000079, 31000079, 31000079, 31000079, 31000079, 31000079, 30810577, 30810577, 30810577, 30810577, 30810577, 30810577, 30810577, 29482892, 1136085792, 30410660, 30410660, 30410660, 30410660, 30410660, 30343401, 30343401, 30343401, 30343401, 30343401, 30343401, 30343401, 30343401, 30343401, 30343401, 27680923, 922232245, 56264670, 30093409, 30093409, 30093409, 30093409, 438232470, 28111936, 28111936, 28111936, 108573600, 29746454, 814475725, 29806160, 29806160, 29806160, 29806160, 29806160, 29806160, 29806160, 29806160, 29746454, 29746454, 29746454, 29746454, 29746454, 29746454, 29746454, 2625369960, 215556696, 27761521, 27761521, 27761521, 27761521, 27761521, 440993414, 414224704, 28501850, 26851204, 28698548, 28422327, 28422327, 28422327, 28422327, 28422327, 361037274, 28193675, 28193675, 28193675, 28193675, 209149024, 28272208, 28107904, 28107904, 28107904, 28107904, 28107904, 172049990, 28107904, 28107904, 28107904, 26822699, 26822699, 26822699, 26515608, 26515608, 78221862, 26520888, 382501223, 408933874, 26363542, 26363542, 26363542, 26363542, 26118142, 645219016, 27512576, 435178062, 26425808, 26425808, 27573934, 27278932, 27278932, 27278932, 27541166, 27278932, 27278932, 27278932, 27278932, 27278932, 27278932, 287155878, 26425808, 181333278, 26425808, 26425808, 26520888, 26118142, 26118142, 26118142, 26118142, 27365517, 27103283, 27103283, 27103283, 27103283, 27103283, 27103283, 27103283, 27103283, 27103283, 197440780, 26997779, 26997779, 26997779, 27061067, 26956587, 26956587, 26956587, 26956587, 26956587, 26956587, 26956587, 26956587, 26956587, 26956587, 26956587, 26786947, 26786947, 26363542, 26363542, 26363542, 26118142, 228507776, 25774206, 25774206, 27054910, 26759908, 26759908, 26759908, 26759908, 26759908, 26759908, 26759908, 26759908, 25774206, 25774206, 25774206, 25774206, 26880790, 26553020, 26553020, 26553020, 26553020, 26363542, 25857173, 27054693, 26726923, 26695203, 26695203, 26695203, 26695203, 26695203, 26695203, 26695203, 26695203, 26695203, 26695203, 26695203, 26706189, 26706189, 26706189, 146512244, 26706189, 26706189, 26706189, 26706189, 26706189, 26706189, 26445624, 25850435, 26806162, 26445624, 26445624, 26445624, 26445624, 26445624, 26445624, 26445624, 25739482, 25739482, 25739482, 27005718, 26645180, 26645180, 26444528, 25739482, 26437624, 26044318, 26044318, 26044318, 26044318, 26044318, 26044318, 26044318, 26044318, 26044318, 26044318, 26847914, 26454608, 26454608, 26454608, 26454608, 26391133, 25997827, 25997827, 25997827, 25997827, 25997827]",0,0,0,NPU,0,0,0,0,0,0,1.0,hot,0,0,0,0,1.0,0
0,103,meta-llama/Llama-3.1-8B,2,291,9360630052,89003151365,79642521313,31485896808,31549279000,166990424,"[31409793, 167946617, 32351057, 32351057, 32351057, 32353969, 32353969, 4417364459, 32129242, 31000079, 1737518679, 32406219, 32406219, 32406219, 32406219, 32406219, 32406219, 31770245, 766445431, 1501454212, 6420742717, 31190522, 5432188318, 31833630, 31768005, 211900942, 31601225, 31601225, 31601225, 31409793, 31409793, 31409793, 31409793, 1510843412, 31181400, 29983933, 3385392838, 29806160, 29806160, 29806160, 3745430728, 31000079, 31000079, 31000079, 31000079, 31000079, 31000079, 31000079, 31000079, 31000079, 31000079, 31000079, 31000079, 31000079, 31000079, 31000079, 31000079, 30810577, 30810577, 30810577, 30810577, 30810577, 30810577, 30810577, 29482892, 1136085792, 30410660, 30410660, 30410660, 30410660, 30410660, 30343401, 30343401, 30343401, 30343401, 30343401, 30343401, 30343401, 30343401, 30343401, 30343401, 949913168, 56264670, 30093409, 30093409, 30093409, 30093409, 438232470, 28111936, 28111936, 28111936, 108573600, 29746454, 814475725, 29806160, 29806160, 29806160, 29806160, 29806160, 29806160, 29806160, 29806160, 29746454, 29746454, 29746454, 29746454, 29746454, 29746454, 29746454, 2625369960, 215556696, 27761521, 27761521, 27761521, 27761521, 27761521, 440993414, 414224704, 28501850, 55549752, 28422327, 28422327, 28422327, 28422327, 28422327, 361037274, 28193675, 28193675, 28193675, 28193675, 209149024, 28272208, 28107904, 28107904, 28107904, 28107904, 28107904, 172049990, 28107904, 28107904, 28107904, 26822699, 26822699, 26822699, 540275189, 1185725200, 27512576, 435178062, 80425550, 27278932, 27278932, 27278932, 27541166, 27278932, 27278932, 27278932, 27278932, 27278932, 27278932, 287155878, 26425808, 181333278, 26425808, 26425808, 158358973, 27103283, 27103283, 27103283, 27103283, 27103283, 27103283, 27103283, 27103283, 27103283, 197440780, 26997779, 26997779, 26997779, 27061067, 26956587, 26956587, 26956587, 26956587, 26956587, 26956587, 26956587, 26956587, 26956587, 26956587, 26956587, 26786947, 26786947, 26363542, 26363542, 26363542, 26118142, 307111098, 26759908, 26759908, 26759908, 26759908, 26759908, 26759908, 26759908, 26759908, 129977614, 26553020, 26553020, 26553020, 26553020, 26363542, 52911866, 26726923, 26695203, 26695203, 26695203, 26695203, 26695203, 26695203, 26695203, 26695203, 26695203, 26695203, 26695203, 26706189, 26706189, 26706189, 146512244, 26706189, 26706189, 26706189, 26706189, 26706189, 26706189, 26445624, 25850435, 26806162, 26445624, 26445624, 26445624, 26445624, 26445624, 26445624, 26445624, 25739482, 25739482, 25739482, 27005718, 26645180, 26645180, 26444528, 25739482, 26437624, 26044318, 26044318, 26044318, 26044318, 26044318, 26044318, 26044318, 26044318, 26044318, 26044318, 26847914, 26454608, 26454608, 26454608, 26454608, 26391133, 25997827, 25997827, 25997827, 25997827, 25997827, 26822128, 26428822, 26428822, 26428822, 26428822, 26428822, 26428822, 26428822, 26428822, 26428822, 26428822, 26428822, 26164062, 26164062]",0,0,0,CXL,0,52428800,0,52428800,52428800,52428800,1.0,hot,0,0,0,0,1.0,104857600
0,108,meta-llama/Llama-3.1-8B,7,274,9847114112,89271562293,79424448181,31198730331,31262151350,181061266,"[32351057, 32351057, 32351057, 32353969, 32353969, 4417364459, 32129242, 1768518758, 32406219, 32406219, 32406219, 32406219, 32406219, 32406219, 31770245, 766445431, 1501454212, 6420742717, 31190522, 5432188318, 31833630, 31768005, 211900942, 31601225, 31601225, 31601225, 31409793, 31409793, 31409793, 31409793, 1510843412, 31181400, 7250225979, 31000079, 31000079, 31000079, 31000079, 31000079, 31000079, 31000079, 31000079, 31000079, 31000079, 31000079, 31000079, 31000079, 31000079, 31000079, 31000079, 30810577, 30810577, 30810577, 30810577, 30810577, 30810577, 30810577, 1165568684, 30410660, 30410660, 30410660, 30410660, 30410660, 30343401, 30343401, 30343401, 30343401, 30343401, 30343401, 30343401, 30343401, 30343401, 30343401, 1006177838, 30093409, 30093409, 30093409, 30093409, 438232470, 192909408, 29746454, 814475725, 29806160, 29806160, 29806160, 29806160, 29806160, 29806160, 29806160, 29806160, 29746454, 29746454, 29746454, 29746454, 29746454, 29746454, 29746454, 2625369960, 795357715, 414224704, 28501850, 55549752, 28422327, 28422327, 28422327, 28422327, 28422327, 361037274, 28193675, 28193675, 28193675, 28193675, 209149024, 28272208, 28107904, 28107904, 28107904, 28107904, 28107904, 172049990, 28107904, 28107904, 28107904, 620743286, 1185725200, 27512576, 515603612, 27278932, 27278932, 27278932, 27541166, 27278932, 27278932, 27278932, 27278932, 27278932, 27278932, 287155878, 418969675, 27103283, 27103283, 27103283, 27103283, 27103283, 27103283, 27103283, 27103283, 27103283, 197440780, 26997779, 26997779, 26997779, 27061067, 26956587, 26956587, 26956587, 26956587, 26956587, 26956587, 26956587, 26956587, 26956587, 26956587, 26956587, 26786947, 26786947, 26363542, 26363542, 26363542, 333229240, 26759908, 26759908, 26759908, 26759908, 26759908, 26759908, 26759908, 26759908, 129977614, 26553020, 26553020, 26553020, 26553020, 26363542, 52911866, 26726923, 26695203, 26695203, 26695203, 26695203, 26695203, 26695203, 26695203, 26695203, 26695203, 26695203, 26695203, 26706189, 26706189, 26706189, 146512244, 26706189, 26706189, 26706189, 26706189, 26706189, 26706189, 26445624, 25850435, 26806162, 26445624, 26445624, 26445624, 26445624, 26445624, 26445624, 26445624, 104224164, 26645180, 26645180, 26444528, 52177106, 26044318, 26044318, 26044318, 26044318, 26044318, 26044318, 26044318, 26044318, 26044318, 26044318, 26847914, 26454608, 26454608, 26454608, 26454608, 26391133, 25997827, 25997827, 25997827, 25997827, 25997827, 26822128, 26428822, 26428822, 26428822, 26428822, 26428822, 26428822, 26428822, 26428822, 26428822, 26428822, 26428822, 26164062, 26164062, 26729656, 26729656, 26729656, 26729656, 26729656, 26729656, 26729656, 26729656, 27286840, 27286840]",0,0,0,CXL,0,119537664,0,119537664,119537664,119537664,1.0,hot,0,0,0,0,1.0,239075328
0,99,meta-llama/Llama-3.1-8B,7,323,9147480342,89432623017,80285142675,31447111827,31544183008,154733205,"[218245702, 31409793, 167946617, 32351057, 32351057, 32351057, 32353969, 32353969, 4417364459, 32129242, 31000079, 1737518679, 32406219, 32406219, 32406219, 32406219, 32406219, 32406219, 31770245, 766445431, 1501454212, 6420742717, 31190522, 5432188318, 31833630, 31768005, 211900942, 31601225, 31601225, 31601225, 31409793, 31409793, 31409793, 31409793, 1510843412, 31181400, 29983933, 3385392838, 29806160, 29806160, 29806160, 3745430728, 31000079, 31000079, 31000079, 31000079, 31000079, 31000079, 31000079, 31000079, 31000079, 31000079, 31000079, 31000079, 31000079, 31000079, 31000079, 31000079, 30810577, 30810577, 30810577, 30810577, 30810577, 30810577, 30810577, 29482892, 1136085792, 30410660, 30410660, 30410660, 30410660, 30410660, 30343401, 30343401, 30343401, 30343401, 30343401, 30343401, 30343401, 30343401, 30343401, 30343401, 949913168, 56264670, 30093409, 30093409, 30093409, 30093409, 438232470, 28111936, 28111936, 28111936, 108573600, 29746454, 814475725, 29806160, 29806160, 29806160, 29806160, 29806160, 29806160, 29806160, 29806160, 29746454, 29746454, 29746454, 29746454, 29746454, 29746454, 29746454, 2625369960, 215556696, 27761521, 27761521, 27761521, 27761521, 27761521, 440993414, 414224704, 28501850, 55549752, 28422327, 28422327, 28422327, 28422327, 28422327, 361037274, 28193675, 28193675, 28193675, 28193675, 209149024, 28272208, 28107904, 28107904, 28107904, 28107904, 28107904, 172049990, 28107904, 28107904, 28107904, 26822699, 26822699, 26822699, 540275189, 1185725200, 27512576, 435178062, 26425808, 26425808, 27573934, 27278932, 27278932, 27278932, 27541166, 27278932, 27278932, 27278932, 27278932, 27278932, 27278932, 287155878, 26425808, 181333278, 26425808, 26425808, 26520888, 131838085, 27103283, 27103283, 27103283, 27103283, 27103283, 27103283, 27103283, 27103283, 27103283, 197440780, 26997779, 26997779, 26997779, 27061067, 26956587, 26956587, 26956587, 26956587, 26956587, 26956587, 26956587, 26956587, 26956587, 26956587, 26956587, 26786947, 26786947, 26363542, 26363542, 26363542, 26118142, 228507776, 25774206, 25774206, 27054910, 26759908, 26759908, 26759908, 26759908, 26759908, 26759908, 26759908, 26759908, 25774206, 25774206, 25774206, 25774206, 26880790, 26553020, 26553020, 26553020, 26553020, 26363542, 52911866, 26726923, 26695203, 26695203, 26695203, 26695203, 26695203, 26695203, 26695203, 26695203, 26695203, 26695203, 26695203, 26706189, 26706189, 26706189, 146512244, 26706189, 26706189, 26706189, 26706189, 26706189, 26706189, 26445624, 25850435, 26806162, 26445624, 26445624, 26445624, 26445624, 26445624, 26445624, 26445624, 25739482, 25739482, 25739482, 27005718, 26645180, 26645180, 26444528, 25739482, 26437624, 26044318, 26044318, 26044318, 26044318, 26044318, 26044318, 26044318, 26044318, 26044318, 26044318, 26847914, 26454608, 26454608, 26454608, 26454608, 26391133, 25997827, 25997827, 25997827, 25997827, 25997827, 26822128, 26428822, 26428822, 26428822, 26428822, 26428822, 26428822, 26428822, 26428822, 26428822, 26428822, 26428822, 26164062, 26164062, 26729656, 26729656, 26729656, 26729656, 26729656, 26729656, 26729656, 26729656, 27286840, 27286840, 26843454, 26843454, 26843454, 26843454, 26843454, 26843454]",0,0,0,CXL,0,33554432,0,33554432,33554432,33554432,1.0,hot,0,0,0,0,1.0,67108864
0,98,meta-llama/Llama-3.1-8B,11,350,9136063599,89884365020,80748301421,31458528570,31555599751,145540537,"[218245702, 31409793, 167946617, 32351057, 32351057, 32351057, 32353969, 32353969, 30343401, 4387021058, 32129242, 31000079, 1737518679, 32406219, 32406219, 32406219, 32406219, 32406219, 32406219, 31770245, 766445431, 1501454212, 6420742717, 31190522, 5432188318, 31833630, 31768005, 211900942, 31601225, 31601225, 31601225, 31409793, 31409793, 31409793, 31409793, 1510843412, 31181400, 29983933, 3385392838, 29806160, 29806160, 29806160, 3745430728, 31000079, 31000079, 31000079, 31000079, 31000079, 31000079, 31000079, 31000079, 31000079, 31000079, 31000079, 31000079, 31000079, 31000079, 31000079, 31000079, 30810577, 30810577, 30810577, 30810577, 30810577, 30810577, 30810577, 29482892, 1136085792, 30410660, 30410660, 30410660, 30410660, 30410660, 30343401, 30343401, 30343401, 30343401, 30343401, 30343401, 30343401, 30343401, 30343401, 30343401, 949913168, 56264670, 30093409, 30093409, 30093409, 30093409, 438232470, 28111936, 28111936, 28111936, 108573600, 29746454, 814475725, 29806160, 29806160, 29806160, 29806160, 29806160, 29806160, 29806160, 29806160, 29746454, 29746454, 29746454, 29746454, 29746454, 29746454, 29746454, 2625369960, 215556696, 27761521, 27761521, 27761521, 27761521, 27761521, 440993414, 414224704, 28501850, 26851204, 28698548, 28422327, 28422327, 28422327, 28422327, 28422327, 361037274, 28193675, 28193675, 28193675, 28193675, 209149024, 28272208, 28107904, 28107904, 28107904, 28107904, 28107904, 172049990, 28107904, 28107904, 28107904, 26822699, 26822699, 26822699, 540275189, 1185725200, 27512576, 435178062, 26425808, 26425808, 27573934, 27278932, 27278932, 27278932, 27541166, 27278932, 27278932, 27278932, 27278932, 27278932, 27278932, 287155878, 26425808, 181333278, 26425808, 26425808, 26520888, 26118142, 26118142, 26118142, 26118142, 27365517, 27103283, 27103283, 27103283, 27103283, 27103283, 27103283, 27103283, 27103283, 27103283, 197440780, 26997779, 26997779, 26997779, 27061067, 26956587, 26956587, 26956587, 26956587, 26956587, 26956587, 26956587, 26956587, 26956587, 26956587, 26956587, 26786947, 26786947, 26363542, 26363542, 26363542, 26118142, 228507776, 25774206, 25774206, 27054910, 26759908, 26759908, 26759908, 26759908, 26759908, 26759908, 26759908, 26759908, 25774206, 25774206, 25774206, 25774206, 26880790, 26553020, 26553020, 26553020, 26553020, 26363542, 52911866, 26726923, 26695203, 26695203, 26695203, 26695203, 26695203, 26695203, 26695203, 26695203, 26695203, 26695203, 26695203, 26706189, 26706189, 26706189, 146512244, 26706189, 26706189, 26706189, 26706189, 26706189, 26706189, 26445624, 25850435, 26806162, 26445624, 26445624, 26445624, 26445624, 26445624, 26445624, 26445624, 25739482, 25739482, 25739482, 27005718, 26645180, 26645180, 26444528, 25739482, 26437624, 26044318, 26044318, 26044318, 26044318, 26044318, 26044318, 26044318, 26044318, 26044318, 26044318, 26847914, 26454608, 26454608, 26454608, 26454608, 26391133, 25997827, 25997827, 25997827, 25997827, 25997827, 26822128, 26428822, 26428822, 26428822, 26428822, 26428822, 26428822, 26428822, 26428822, 26428822, 26428822, 26428822, 26164062, 26164062, 26729656, 26729656, 26729656, 26729656, 26729656, 26729656, 26729656, 26729656, 27286840, 27286840, 26843454, 26843454, 26843454, 26843454, 26843454, 26843454, 26573059, 26573059, 26573059, 26573059, 26573059, 26573059, 26573059, 26573059, 26573059, 26573059, 26573059, 26573059, 26573059, 26573059, 26573059, 26573059, 26573059]",0,0,0,NPU,0,0,0,0,0,0,1.0,hot,0,0,0,0,1.0,0
0,91,meta-llama/Llama-3.1-8B,19,416,8562841027,90173773326,81610932299,31772951904,32031751142,125199952,"[97071181, 218245702, 31409793, 167946617, 32351057, 32351057, 32351057, 32353969, 32353969, 30343401, 4387021058, 32129242, 31000079, 1737518679, 32406219, 32406219, 32406219, 32406219, 32406219, 32406219, 31770245, 766445431, 1501454212, 6420742717, 31190522, 5432188318, 31833630, 31768005, 211900942, 31601225, 31601225, 31601225, 31409793, 31409793, 31409793, 31409793, 28500506, 1482342906, 31181400, 29983933, 3385392838, 29806160, 29806160, 29806160, 3745430728, 31000079, 31000079, 31000079, 31000079, 31000079, 31000079, 31000079, 31000079, 31000079, 31000079, 31000079, 31000079, 31000079, 31000079, 31000079, 31000079, 30810577, 30810577, 30810577, 30810577, 30810577, 30810577, 30810577, 29482892, 1136085792, 30410660, 30410660, 30410660, 30410660, 30410660, 30343401, 30343401, 30343401, 30343401, 30343401, 30343401, 30343401, 30343401, 30343401, 30343401, 27680923, 281801921, 27218200, 613212124, 56264670, 30093409, 30093409, 30093409, 30093409, 438232470, 28111936, 28111936, 28111936, 108573600, 29746454, 814475725, 29806160, 29806160, 29806160, 29806160, 29806160, 29806160, 29806160, 29806160, 29746454, 29746454, 29746454, 29746454, 29746454, 29746454, 29746454, 2625369960, 26822699, 27052165, 26822699, 26774403, 26774403, 26774403, 26774403, 27761521, 27761521, 27761521, 27761521, 27761521, 27761521, 440993414, 26420112, 77563494, 26425808, 283815290, 28501850, 26851204, 28698548, 28422327, 28422327, 28422327, 28422327, 28422327, 26363542, 26363542, 308310190, 28193675, 28193675, 28193675, 28193675, 25850435, 25850435, 25850435, 25850435, 25850435, 25850435, 54046414, 28272208, 28107904, 28107904, 28107904, 28107904, 28107904, 172049990, 28107904, 28107904, 28107904, 26822699, 26822699, 26822699, 26515608, 26515608, 78221862, 26520888, 382501223, 408933874, 26363542, 26363542, 26363542, 26363542, 26118142, 25649622, 25649622, 25649622, 25649622, 25649622, 25649622, 25649622, 465671662, 27512576, 435178062, 26425808, 26425808, 27573934, 27278932, 27278932, 27278932, 27541166, 27278932, 27278932, 27278932, 27278932, 27278932, 27278932, 287155878, 26425808, 25774206, 25774206, 25774206, 25774206, 25774206, 25774206, 26688042, 26425808, 26425808, 26520888, 26118142, 26118142, 26118142, 26118142, 27365517, 27103283, 27103283, 27103283, 27103283, 27103283, 27103283, 27103283, 27103283, 27103283, 197440780, 26997779, 26997779, 26997779, 27061067, 26956587, 26956587, 26956587, 26956587, 26956587, 26956587, 26956587, 26956587, 26956587, 26956587, 26956587, 26786947, 26786947, 26363542, 26363542, 26363542, 26118142, 228507776, 25774206, 25774206, 27054910, 26759908, 26759908, 26759908, 26759908, 26759908, 26759908, 26759908, 26759908, 25774206, 25774206, 25774206, 25774206, 26880790, 26553020, 26553020, 26553020, 26553020, 26363542, 25857173, 27054693, 26726923, 26695203, 26695203, 26695203, 26695203, 26695203, 26695203, 26695203, 26695203, 26695203, 26695203, 26695203, 26706189, 26706189, 26706189, 146512244, 26706189, 26706189, 26706189, 26706189, 26706189, 26706189, 26445624, 25850435, 26806162, 26445624, 26445624, 26445624, 26445624, 26445624, 26445624, 26445624, 25739482, 25739482, 25739482, 27005718, 26645180, 26645180, 26444528, 25739482, 26437624, 26044318, 26044318, 26044318, 26044318, 26044318, 26044318, 26044318, 26044318, 26044318, 26044318, 26847914, 26454608, 26454608, 26454608, 26454608, 26391133, 25997827, 25997827, 25997827, 25997827, 25997827, 26822128, 26428822, 26428822, 26428822, 26428822, 26428822, 26428822, 26428822, 26428822, 26428822, 26428822, 26428822, 26164062, 26164062, 26729656, 26729656, 26729656, 26729656, 26729656, 26729656, 26729656, 26729656, 27286840, 27286840, 26843454, 26843454, 26843454, 26843454, 26843454, 26843454, 26573059, 26573059, 26573059, 26573059, 26573059, 26573059, 26573059, 26573059, 26573059, 26573059, 26573059, 26573059, 26573059, 26573059, 26573059, 26573059, 26573059, 26309846, 26309846, 26309846, 26309846, 26309846, 26309846, 26309846, 26309846, 26309846, 26309846, 26309846]",0,0,0,NPU,0,0,0,0,0,0,1.0,hot,0,0,0,0,1.0,0
0,114,meta-llama/Llama-3.1-8B,946,1244,10437852539,90597261070,80159408531,36850852623,37051186491,145145528,"[32406219, 32406219, 32406219, 32406219, 32406219, 32406219, 2299669888, 6420742717, 5463378840, 31833630, 31768005, 211900942, 31601225, 31601225, 31601225, 31409793, 31409793, 31409793, 31409793, 1510843412, 31181400, 7250225979, 31000079, 31000079, 31000079, 31000079, 31000079, 31000079, 31000079, 31000079, 31000079, 31000079, 31000079, 31000079, 31000079, 31000079, 31000079, 31000079, 30810577, 30810577, 30810577, 30810577, 30810577, 30810577, 30810577, 1165568684, 30410660, 30410660, 30410660, 30410660, 30410660, 30343401, 30343401, 30343401, 30343401, 30343401, 30343401, 30343401, 30343401, 30343401, 30343401, 1006177838, 30093409, 30093409, 30093409, 30093409, 631141878, 29746454, 814475725, 29806160, 29806160, 29806160, 29806160, 29806160, 29806160, 29806160, 29806160, 29746454, 29746454, 29746454, 29746454, 29746454, 29746454, 29746454, 3834952379, 28501850, 55549752, 28422327, 28422327, 28422327, 28422327, 28422327, 361037274, 28193675, 28193675, 28193675, 28193675, 209149024, 28272208, 28107904, 28107904, 28107904, 28107904, 28107904, 172049990, 28107904, 28107904, 28107904, 620743286, 1185725200, 27512576, 515603612, 27278932, 27278932, 27278932, 27541166, 27278932, 27278932, 27278932, 27278932, 27278932, 27278932, 287155878, 418969675, 27103283, 27103283, 27103283, 27103283, 27103283, 27103283, 27103283, 27103283, 27103283, 197440780, 26997779, 26997779, 26997779, 27061067, 26956587, 26956587, 26956587, 26956587, 26956587, 26956587, 26956587, 26956587, 26956587, 26956587, 26956587, 26786947, 26786947, 412319866, 26759908, 26759908, 26759908, 26759908, 26759908, 26759908, 26759908, 26759908, 129977614, 26553020, 26553020, 26553020, 26553020, 79275408, 26726923, 26695203, 26695203, 26695203, 26695203, 26695203, 26695203, 26695203, 26695203, 26695203, 26695203, 26695203, 26706189, 26706189, 26706189, 146512244, 26706189, 26706189, 26706189, 26706189, 26706189, 26706189, 26445624, 52656597, 26445624, 26445624, 26445624, 26445624, 26445624, 26445624, 26445624, 104224164, 26645180, 26645180, 26444528, 52177106, 26044318, 26044318, 26044318, 26044318, 26044318, 26044318, 26044318, 26044318, 26044318, 26044318, 26847914, 26454608, 26454608, 26454608, 26454608, 26391133, 25997827, 25997827, 25997827, 25997827, 25997827, 26822128, 26428822, 26428822, 26428822, 26428822, 26428822, 26428822, 26428822, 26428822, 26428822, 26428822, 26428822, 26164062, 26164062, 26729656, 26729656, 26729656, 26729656, 26729656, 26729656, 26729656, 26729656, 27286840, 27286840, 26843454, 26843454, 26843454, 26843454, 26843454, 26843454, 26573059, 26573059, 26573059, 26573059, 26573059, 26573059, 26573059, 26573059, 26573059, 26573059, 26573059, 26573059, 26573059, 26573059, 26573059, 26573059, 26573059, 26309846, 26309846, 26309846, 26309846, 26309846, 26309846, 26309846, 26309846, 26309846, 26309846, 26309846, 26467984, 26467984, 26467984, 26467984, 26467984, 26467984, 26467984, 26467984, 26467984, 26467984, 26467984, 26467984, 26467984, 26467984, 26467984, 26467984]",0,0,0,NPU,0,0,0,0,0,0,1.0,hot,0,0,0,0,1.0,0
0,122,meta-llama/Llama-3.1-8B,1,10,11556474447,91159818056,79603343609,79040786623,79391913033,26428822,"[26428822, 26428822, 26428822, 26428822, 26428822, 26428822, 26428822, 26428822]",0,0,0,NPU,0,0,0,0,0,0,1.0,hot,0,0,0,0,1.0,0
0,92,meta-llama/Llama-3.1-8B,19,444,8705880302,91240320749,82534440447,31629912629,31888711867,119447473,"[97071181, 218245702, 31409793, 167946617, 32351057, 32351057, 32351057, 32353969, 32353969, 30343401, 4387021058, 32129242, 31000079, 1737518679, 32406219, 32406219, 32406219, 32406219, 32406219, 32406219, 31770245, 766445431, 1501454212, 6420742717, 31190522, 5432188318, 31833630, 31768005, 211900942, 31601225, 31601225, 31601225, 31409793, 31409793, 31409793, 31409793, 28500506, 1482342906, 31181400, 29983933, 3385392838, 29806160, 29806160, 29806160, 3745430728, 31000079, 31000079, 31000079, 31000079, 31000079, 31000079, 31000079, 31000079, 31000079, 31000079, 31000079, 31000079, 31000079, 31000079, 31000079, 31000079, 30810577, 30810577, 30810577, 30810577, 30810577, 30810577, 30810577, 29482892, 1136085792, 30410660, 30410660, 30410660, 30410660, 30410660, 30343401, 30343401, 30343401, 30343401, 30343401, 30343401, 30343401, 30343401, 30343401, 30343401, 27680923, 281801921, 27218200, 613212124, 56264670, 30093409, 30093409, 30093409, 30093409, 438232470, 28111936, 28111936, 28111936, 108573600, 29746454, 814475725, 29806160, 29806160, 29806160, 29806160, 29806160, 29806160, 29806160, 29806160, 29746454, 29746454, 29746454, 29746454, 29746454, 29746454, 29746454, 2625369960, 26822699, 27052165, 26822699, 26774403, 26774403, 26774403, 26774403, 27761521, 27761521, 27761521, 27761521, 27761521, 27761521, 440993414, 26420112, 77563494, 26425808, 283815290, 28501850, 26851204, 28698548, 28422327, 28422327, 28422327, 28422327, 28422327, 26363542, 26363542, 308310190, 28193675, 28193675, 28193675, 28193675, 25850435, 25850435, 25850435, 25850435, 25850435, 25850435, 54046414, 28272208, 28107904, 28107904, 28107904, 28107904, 28107904, 172049990, 28107904, 28107904, 28107904, 26822699, 26822699, 26822699, 26515608, 26515608, 78221862, 26520888, 382501223, 408933874, 26363542, 26363542, 26363542, 26363542, 26118142, 25649622, 25649622, 25649622, 25649622, 25649622, 25649622, 25649622, 465671662, 27512576, 435178062, 26425808, 26425808, 27573934, 27278932, 27278932, 27278932, 27541166, 27278932, 27278932, 27278932, 27278932, 27278932, 27278932, 287155878, 26425808, 25774206, 25774206, 25774206, 25774206, 25774206, 25774206, 26688042, 26425808, 26425808, 26520888, 26118142, 26118142, 26118142, 26118142, 27365517, 27103283, 27103283, 27103283, 27103283, 27103283, 27103283, 27103283, 27103283, 27103283, 197440780, 26997779, 26997779, 26997779, 27061067, 26956587, 26956587, 26956587, 26956587, 26956587, 26956587, 26956587, 26956587, 26956587, 26956587, 26956587, 26786947, 26786947, 26363542, 26363542, 26363542, 26118142, 228507776, 25774206, 25774206, 27054910, 26759908, 26759908, 26759908, 26759908, 26759908, 26759908, 26759908, 26759908, 25774206, 25774206, 25774206, 25774206, 26880790, 26553020, 26553020, 26553020, 26553020, 26363542, 25857173, 27054693, 26726923, 26695203, 26695203, 26695203, 26695203, 26695203, 26695203, 26695203, 26695203, 26695203, 26695203, 26695203, 26706189, 26706189, 26706189, 146512244, 26706189, 26706189, 26706189, 26706189, 26706189, 26706189, 26445624, 25850435, 26806162, 26445624, 26445624, 26445624, 26445624, 26445624, 26445624, 26445624, 25739482, 25739482, 25739482, 27005718, 26645180, 26645180, 26444528, 25739482, 26437624, 26044318, 26044318, 26044318, 26044318, 26044318, 26044318, 26044318, 26044318, 26044318, 26044318, 26847914, 26454608, 26454608, 26454608, 26454608, 26391133, 25997827, 25997827, 25997827, 25997827, 25997827, 26822128, 26428822, 26428822, 26428822, 26428822, 26428822, 26428822, 26428822, 26428822, 26428822, 26428822, 26428822, 26164062, 26164062, 26729656, 26729656, 26729656, 26729656, 26729656, 26729656, 26729656, 26729656, 27286840, 27286840, 26843454, 26843454, 26843454, 26843454, 26843454, 26843454, 26573059, 26573059, 26573059, 26573059, 26573059, 26573059, 26573059, 26573059, 26573059, 26573059, 26573059, 26573059, 26573059, 26573059, 26573059, 26573059, 26573059, 26309846, 26309846, 26309846, 26309846, 26309846, 26309846, 26309846, 26309846, 26309846, 26309846, 26309846, 26467984, 26467984, 26467984, 26467984, 26467984, 26467984, 26467984, 26467984, 26467984, 26467984, 26467984, 26467984, 26467984, 26467984, 26467984, 26467984, 351126410, 26428822, 26428822, 26428822, 26428822, 26428822, 26428822, 26428822, 26428822, 27286840, 27286840, 25929013]",0,0,0,NPU,0,0,0,0,0,0,1.0,hot,0,0,0,0,1.0,0
0,112,meta-llama/Llama-3.1-8B,97,433,10172414412,91696659467,81524245055,30873430031,30936851050,151007146,"[32351057, 32351057, 32351057, 32353969, 32353969, 4417364459, 32129242, 1768518758, 32406219, 32406219, 32406219, 32406219, 32406219, 32406219, 2299669888, 6420742717, 5463378840, 31833630, 31768005, 211900942, 31601225, 31601225, 31601225, 31409793, 31409793, 31409793, 31409793, 1510843412, 31181400, 7250225979, 31000079, 31000079, 31000079, 31000079, 31000079, 31000079, 31000079, 31000079, 31000079, 31000079, 31000079, 31000079, 31000079, 31000079, 31000079, 31000079, 30810577, 30810577, 30810577, 30810577, 30810577, 30810577, 30810577, 1165568684, 30410660, 30410660, 30410660, 30410660, 30410660, 30343401, 30343401, 30343401, 30343401, 30343401, 30343401, 30343401, 30343401, 30343401, 30343401, 1006177838, 30093409, 30093409, 30093409, 30093409, 438232470, 192909408, 29746454, 814475725, 29806160, 29806160, 29806160, 29806160, 29806160, 29806160, 29806160, 29806160, 29746454, 29746454, 29746454, 29746454, 29746454, 29746454, 29746454, 3834952379, 28501850, 55549752, 28422327, 28422327, 28422327, 28422327, 28422327, 361037274, 28193675, 28193675, 28193675, 28193675, 209149024, 28272208, 28107904, 28107904, 28107904, 28107904, 28107904, 172049990, 28107904, 28107904, 28107904, 620743286, 1185725200, 27512576, 515603612, 27278932, 27278932, 27278932, 27541166, 27278932, 27278932, 27278932, 27278932, 27278932, 27278932, 287155878, 418969675, 27103283, 27103283, 27103283, 27103283, 27103283, 27103283, 27103283, 27103283, 27103283, 197440780, 26997779, 26997779, 26997779, 27061067, 26956587, 26956587, 26956587, 26956587, 26956587, 26956587, 26956587, 26956587, 26956587, 26956587, 26956587, 26786947, 26786947, 412319866, 26759908, 26759908, 26759908, 26759908, 26759908, 26759908, 26759908, 26759908, 129977614, 26553020, 26553020, 26553020, 26553020, 79275408, 26726923, 26695203, 26695203, 26695203, 26695203, 26695203, 26695203, 26695203, 26695203, 26695203, 26695203, 26695203, 26706189, 26706189, 26706189, 146512244, 26706189, 26706189, 26706189, 26706189, 26706189, 26706189, 26445624, 25850435, 26806162, 26445624, 26445624, 26445624, 26445624, 26445624, 26445624, 26445624, 104224164, 26645180, 26645180, 26444528, 52177106, 26044318, 26044318, 26044318, 26044318, 26044318, 26044318, 26044318, 26044318, 26044318, 26044318, 26847914, 26454608, 26454608, 26454608, 26454608, 26391133, 25997827, 25997827, 25997827, 25997827, 25997827, 26822128, 26428822, 26428822, 26428822, 26428822, 26428822, 26428822, 26428822, 26428822, 26428822, 26428822, 26428822, 26164062, 26164062, 26729656, 26729656, 26729656, 26729656, 26729656, 26729656, 26729656, 26729656, 27286840, 27286840, 26843454, 26843454, 26843454, 26843454, 26843454, 26843454, 26573059, 26573059, 26573059, 26573059, 26573059, 26573059, 26573059, 26573059, 26573059, 26573059, 26573059, 26573059, 26573059, 26573059, 26573059, 26573059, 26573059, 26309846, 26309846, 26309846, 26309846, 26309846, 26309846, 26309846, 26309846, 26309846, 26309846, 26309846, 26467984, 26467984, 26467984, 26467984, 26467984, 26467984, 26467984, 26467984, 26467984, 26467984, 26467984, 26467984, 26467984, 26467984, 26467984, 26467984, 351126410, 26428822, 26428822, 26428822, 26428822, 26428822, 26428822, 26428822, 26428822, 27286840, 27286840, 52772467, 26843454, 26843454, 26843454, 26843454, 26843454, 26843454, 26843454, 26843454, 26843454, 26843454, 26843454, 26843454, 26843454, 26843454, 26843454, 26843454]",0,0,0,NPU,0,0,0,0,0,0,1.0,hot,0,0,0,0,1.0,0
0,80,meta-llama/Llama-3.1-8B,11,590,7689823776,92148401470,84458577694,32645969155,32904768393,89193441,"[97071181, 218245702, 31409793, 167946617, 32351057, 32351057, 32351057, 32353969, 32353969, 30343401, 4387021058, 32129242, 31000079, 1737518679, 32406219, 32406219, 32406219, 32406219, 32406219, 32406219, 31770245, 766445431, 1501454212, 6420742717, 31190522, 27276468, 5404911850, 31833630, 31768005, 211900942, 31601225, 31601225, 31601225, 31409793, 31409793, 31409793, 31409793, 28500506, 27218200, 1455124706, 31181400, 29983933, 3385392838, 29806160, 29806160, 29806160, 27511680, 27219992, 3086892324, 603806732, 31000079, 31000079, 31000079, 31000079, 31000079, 31000079, 31000079, 31000079, 31000079, 31000079, 31000079, 31000079, 31000079, 31000079, 31000079, 31000079, 30810577, 30810577, 30810577, 30810577, 30810577, 30810577, 30810577, 29482892, 26420112, 26420112, 26420112, 26420112, 77775300, 952630044, 30410660, 30410660, 30410660, 30410660, 30410660, 30343401, 30343401, 30343401, 30343401, 30343401, 30343401, 30343401, 30343401, 30343401, 30343401, 27680923, 26515608, 255286313, 27218200, 25843491, 587368633, 25843491, 30421179, 30093409, 30093409, 30093409, 30093409, 438232470, 28111936, 28111936, 28111936, 26360054, 26360054, 26107038, 29746454, 29746454, 814475725, 29806160, 29806160, 29806160, 29806160, 29806160, 29806160, 29806160, 29806160, 29746454, 29746454, 29746454, 29746454, 29746454, 29746454, 29746454, 2625369960, 26822699, 27052165, 26822699, 26774403, 26774403, 26774403, 26774403, 27761521, 27761521, 27761521, 27761521, 27761521, 27761521, 25649622, 25712916, 77694250, 25712916, 25739482, 25739482, 25739482, 25739482, 25739482, 25739482, 25739482, 25739482, 25739482, 25739482, 28828890, 26420112, 77563494, 26425808, 283815290, 28501850, 26851204, 28698548, 28422327, 28422327, 28422327, 28422327, 28422327, 26363542, 26363542, 25857173, 25454110, 25454110, 25454110, 25454110, 126747637, 25465799, 28423141, 28193675, 28193675, 28193675, 28193675, 25850435, 25850435, 25850435, 25850435, 25850435, 25850435, 25774206, 28272208, 28272208, 28107904, 28107904, 28107904, 28107904, 28107904, 172049990, 28107904, 28107904, 28107904, 26822699, 26822699, 26822699, 26515608, 26515608, 25722010, 25722010, 26777842, 26520888, 25322687, 25322687, 25322687, 25322687, 25322687, 25322687, 25322687, 25322687, 25322687, 25322687, 25322687, 25335007, 25335007, 25335007, 27946645, 25485022, 25485022, 25485022, 25485022, 25485022, 25485022, 25485022, 25485022, 25485022, 25485022, 25485022, 25485022, 25485022, 25485022, 25485022, 26658544, 26363542, 26363542, 26363542, 26363542, 26118142, 25649622, 25649622, 25649622, 25649622, 25649622, 25649622, 25649622, 25722010, 25722010, 25722010, 26017012, 25722010, 25722010, 25722010, 25722010, 25722010, 25722010, 25722010, 25722010, 25722010, 25722010, 25722010, 25722010, 25722010, 28102490, 27512576, 25501991, 25501991, 25501991, 25501991, 25501991, 25501991, 25501991, 25501991, 25501991, 25501991, 25501991, 25501991, 25501991, 25501991, 25501991, 25501991, 27146206, 26425808, 26425808, 27573934, 27278932, 27278932, 27278932, 27541166, 27278932, 27278932, 27278932, 27278932, 27278932, 27278932, 25914165, 25914165, 26176399, 25914165, 25914165, 25857173, 25857173, 25857173, 25857173, 25857173, 28036954, 26425808, 25774206, 25774206, 25774206, 25774206, 25774206, 25774206, 26688042, 26425808, 26425808, 26520888, 26118142, 26118142, 26118142, 26118142, 27365517, 27103283, 27103283, 27103283, 27103283, 27103283, 27103283, 27103283, 27103283, 27103283, 197440780, 26997779, 26997779, 26997779, 27061067, 26956587, 26956587, 26956587, 26956587, 26956587, 26956587, 26956587, 26956587, 26956587, 26956587, 26956587, 26786947, 26786947, 26363542, 26363542, 26363542, 26118142, 25304821, 25304821, 25304821, 25304821, 25304821, 25304821, 25304821, 25304821, 26069208, 25774206, 25774206, 27054910, 26759908, 26759908, 26759908, 26759908, 26759908, 26759908, 26759908, 26759908, 25774206, 25774206, 25774206, 25774206, 26880790, 26553020, 26553020, 26553020, 26553020, 26363542, 25857173, 27054693, 26726923, 26695203, 26695203, 26695203, 26695203, 26695203, 26695203, 26695203, 26695203, 26695203, 26695203, 26695203, 26706189, 26706189, 26706189, 146512244, 26706189, 26706189, 26706189, 26706189, 26706189, 26706189, 26445624, 25850435, 26806162, 26445624, 26445624, 26445624, 26445624, 26445624, 26445624, 26445624, 25739482, 25739482, 25739482, 27005718, 26645180, 26645180, 26444528, 25739482, 26437624, 26044318, 26044318, 26044318, 26044318, 26044318, 26044318, 26044318, 26044318, 26044318, 26044318, 26847914, 26454608, 26454608, 26454608, 26454608, 26391133, 25997827, 25997827, 25997827, 25997827, 25997827, 26822128, 26428822, 26428822, 26428822, 26428822, 26428822, 26428822, 26428822, 26428822, 26428822, 26428822, 26428822, 26164062, 26164062, 26729656, 26729656, 26729656, 26729656, 26729656, 26729656, 26729656, 26729656, 27286840, 27286840, 26843454, 26843454, 26843454, 26843454, 26843454, 26843454, 26573059, 26573059, 26573059, 26573059, 26573059, 26573059, 26573059, 26573059, 26573059, 26573059, 26573059, 26573059, 26573059, 26573059, 26573059, 26573059, 26573059, 26309846, 26309846, 26309846, 26309846, 26309846, 26309846, 26309846, 26309846, 26309846, 26309846, 26309846, 26467984, 26467984, 26467984, 26467984, 26467984, 26467984, 26467984, 26467984, 26467984, 26467984, 26467984, 26467984, 26467984, 26467984, 26467984, 26467984, 351126410, 26428822, 26428822, 26428822, 26428822, 26428822, 26428822, 26428822, 26428822, 27286840, 27286840, 25929013, 26843454, 26843454, 26843454, 26843454, 26843454, 26843454, 26843454, 26843454, 26843454, 26843454, 26843454, 26843454, 26843454, 26843454, 26843454, 26843454, 26843454, 26573059, 26573059, 26573059, 26573059, 26573059, 26573059, 26573059, 26573059, 26573059, 26573059, 26573059, 26573059, 26573059, 26573059, 26573059, 26573059, 26573059]",0,0,0,CXL,0,6291456,0,6291456,6291456,6291456,1.0,hot,0,0,0,0,1.0,12582912
0,90,meta-llama/Llama-3.1-8B,226,742,8437928393,93621563054,85183634661,31897864538,32156663776,102964992,"[97071181, 218245702, 31409793, 167946617, 32351057, 32351057, 32351057, 32353969, 32353969, 30343401, 4387021058, 32129242, 31000079, 1737518679, 32406219, 32406219, 32406219, 32406219, 32406219, 32406219, 31770245, 766445431, 1501454212, 6420742717, 31190522, 5432188318, 31833630, 31768005, 211900942, 31601225, 31601225, 31601225, 31409793, 31409793, 31409793, 31409793, 28500506, 1482342906, 31181400, 29983933, 3385392838, 29806160, 29806160, 29806160, 27511680, 3717919048, 31000079, 31000079, 31000079, 31000079, 31000079, 31000079, 31000079, 31000079, 31000079, 31000079, 31000079, 31000079, 31000079, 31000079, 31000079, 31000079, 30810577, 30810577, 30810577, 30810577, 30810577, 30810577, 30810577, 29482892, 1136085792, 30410660, 30410660, 30410660, 30410660, 30410660, 30343401, 30343401, 30343401, 30343401, 30343401, 30343401, 30343401, 30343401, 30343401, 30343401, 27680923, 281801921, 27218200, 613212124, 56264670, 30093409, 30093409, 30093409, 30093409, 438232470, 28111936, 28111936, 28111936, 108573600, 29746454, 814475725, 29806160, 29806160, 29806160, 29806160, 29806160, 29806160, 29806160, 29806160, 29746454, 29746454, 29746454, 29746454, 29746454, 29746454, 29746454, 2625369960, 26822699, 27052165, 26822699, 26774403, 26774403, 26774403, 26774403, 27761521, 27761521, 27761521, 27761521, 27761521, 27761521, 440993414, 26420112, 77563494, 26425808, 283815290, 28501850, 26851204, 28698548, 28422327, 28422327, 28422327, 28422327, 28422327, 26363542, 26363542, 308310190, 28193675, 28193675, 28193675, 28193675, 25850435, 25850435, 25850435, 25850435, 25850435, 25850435, 54046414, 28272208, 28107904, 28107904, 28107904, 28107904, 28107904, 172049990, 28107904, 28107904, 28107904, 26822699, 26822699, 26822699, 26515608, 26515608, 78221862, 26520888, 382501223, 408933874, 26363542, 26363542, 26363542, 26363542, 26118142, 25649622, 25649622, 25649622, 25649622, 25649622, 25649622, 25649622, 465671662, 27512576, 435178062, 26425808, 26425808, 27573934, 27278932, 27278932, 27278932, 27541166, 27278932, 27278932, 27278932, 27278932, 27278932, 27278932, 287155878, 26425808, 25774206, 25774206, 25774206, 25774206, 25774206, 25774206, 26688042, 26425808, 26425808, 26520888, 26118142, 26118142, 26118142, 26118142, 27365517, 27103283, 27103283, 27103283, 27103283, 27103283, 27103283, 27103283, 27103283, 27103283, 197440780, 26997779, 26997779, 26997779, 27061067, 26956587, 26956587, 26956587, 26956587, 26956587, 26956587, 26956587, 26956587, 26956587, 26956587, 26956587, 26786947, 26786947, 26363542, 26363542, 26363542, 26118142, 228507776, 25774206, 25774206, 27054910, 26759908, 26759908, 26759908, 26759908, 26759908, 26759908, 26759908, 26759908, 25774206, 25774206, 25774206, 25774206, 26880790, 26553020, 26553020, 26553020, 26553020, 26363542, 25857173, 27054693, 26726923, 26695203, 26695203, 26695203, 26695203, 26695203, 26695203, 26695203, 26695203, 26695203, 26695203, 26695203, 26706189, 26706189, 26706189, 146512244, 26706189, 26706189, 26706189, 26706189, 26706189, 26706189, 26445624, 25850435, 26806162, 26445624, 26445624, 26445624, 26445624, 26445624, 26445624, 26445624, 25739482, 25739482, 25739482, 27005718, 26645180, 26645180, 26444528, 25739482, 26437624, 26044318, 26044318, 26044318, 26044318, 26044318, 26044318, 26044318, 26044318, 26044318, 26044318, 26847914, 26454608, 26454608, 26454608, 26454608, 26391133, 25997827, 25997827, 25997827, 25997827, 25997827, 26822128, 26428822, 26428822, 26428822, 26428822, 26428822, 26428822, 26428822, 26428822, 26428822, 26428822, 26428822, 26164062, 26164062, 26729656, 26729656, 26729656, 26729656, 26729656, 26729656, 26729656, 26729656, 27286840, 27286840, 26843454, 26843454, 26843454, 26843454, 26843454, 26843454, 26573059, 26573059, 26573059, 26573059, 26573059, 26573059, 26573059, 26573059, 26573059, 26573059, 26573059, 26573059, 26573059, 26573059, 26573059, 26573059, 26573059, 26309846, 26309846, 26309846, 26309846, 26309846, 26309846, 26309846, 26309846, 26309846, 26309846, 26309846, 26467984, 26467984, 26467984, 26467984, 26467984, 26467984, 26467984, 26467984, 26467984, 26467984, 26467984, 26467984, 26467984, 26467984, 26467984, 26467984, 351126410, 26428822, 26428822, 26428822, 26428822, 26428822, 26428822, 26428822, 26428822, 27286840, 27286840, 25929013, 26843454, 26843454, 26843454, 26843454, 26843454, 26843454, 26843454, 26843454, 26843454, 26843454, 26843454, 26843454, 26843454, 26843454, 26843454, 26843454, 26843454, 26573059, 26573059, 26573059, 26573059, 26573059, 26573059, 26573059, 26573059, 26573059, 26573059, 26573059, 26573059, 26573059, 26573059, 26573059, 26573059, 26573059, 26246582, 26246582, 26246582, 26309846, 26309846, 26309846, 26309846, 26309846, 26309846, 26309846, 26309846, 26309846, 26309846, 26309846, 26309846, 26309846, 26309846, 26309846, 26309846, 26309846, 26309846, 26309846, 26309846, 26309846, 26309846, 26309846, 26309846, 26309846, 26309846, 26309846, 26309846, 26309846, 26309846, 26309846, 26309846, 26309846, 26309846, 26309846, 26309846, 26309846, 26309846, 26309846, 26309846, 26309846, 26309846, 26309846, 26309846, 26309846, 26309846, 26309846, 26309846, 26309846, 26309846, 26309846, 26309846, 26309846]",0,0,0,NPU,0,0,0,0,0,0,1.0,hot,0,0,0,0,1.0,0
0,121,meta-llama/Llama-3.1-8B,8,127,11518201376,94097986766,82579785390,79079059694,79430186104,26691519,"[26428822, 26428822, 26428822, 26428822, 26428822, 26428822, 26428822, 26428822, 27286840, 27286840, 52772467, 26843454, 26843454, 26843454, 26843454, 26843454, 26843454, 26843454, 26843454, 26843454, 26843454, 26843454, 26843454, 26843454, 26843454, 26843454, 26843454, 26573059, 26573059, 26573059, 26573059, 26573059, 26573059, 26573059, 26573059, 26573059, 26573059, 26573059, 26573059, 26573059, 26573059, 26573059, 26573059, 26573059, 26246582, 26246582, 26246582, 26309846, 26309846, 26309846, 26309846, 26309846, 26309846, 26309846, 26309846, 26309846, 26309846, 26309846, 26309846, 26309846, 26309846, 26309846, 26309846, 26309846, 26309846, 26309846, 26309846, 26309846, 26309846, 26309846, 26309846, 26309846, 26309846, 26309846, 26309846, 26309846, 26309846, 26309846, 26309846, 26309846, 26309846, 26309846, 26309846, 26309846, 26309846, 26309846, 26309846, 26309846, 26309846, 26309846, 26309846, 26309846, 26309846, 26309846, 26309846, 26309846, 26309846, 26309846, 26309846, 26309846, 26467984, 26467984, 26467984, 26467984, 26467984, 26467984, 26467984, 26467984, 26467984, 26467984, 26467984, 26467984, 26467984, 26467984, 26467984, 26467984, 26467984, 26467984]",0,0,0,NPU,0,0,0,0,0,0,1.0,hot,0,0,0,0,1.0,0
0,117,meta-llama/Llama-3.1-8B,879,1146,10826450953,94151026378,83324575425,70623222679,70795272669,47102641,"[28107904, 28107904, 28107904, 2909792106, 418969675, 27103283, 27103283, 27103283, 27103283, 27103283, 27103283, 27103283, 27103283, 27103283, 197440780, 26997779, 26997779, 26997779, 27061067, 26956587, 26956587, 26956587, 26956587, 26956587, 26956587, 26956587, 26956587, 26956587, 26956587, 26956587, 465893760, 26759908, 26759908, 26759908, 26759908, 26759908, 26759908, 26759908, 26759908, 315465102, 26726923, 26695203, 26695203, 26695203, 26695203, 26695203, 26695203, 26695203, 26695203, 26695203, 26695203, 26695203, 26706189, 26706189, 26706189, 146512244, 26706189, 26706189, 26706189, 26706189, 26706189, 26706189, 368445753, 26645180, 26645180, 26444528, 339468200, 26454608, 26454608, 26454608, 26454608, 183202396, 26428822, 26428822, 26428822, 26428822, 26428822, 26428822, 26428822, 26428822, 26428822, 26428822, 26428822, 26164062, 26164062, 26729656, 26729656, 26729656, 26729656, 26729656, 26729656, 26729656, 26729656, 27286840, 27286840, 26843454, 26843454, 26843454, 26843454, 26843454, 26843454, 26573059, 26573059, 26573059, 26573059, 26573059, 26573059, 26573059, 26573059, 26573059, 26573059, 26573059, 26573059, 26573059, 26573059, 26573059, 26573059, 26573059, 26309846, 26309846, 26309846, 26309846, 26309846, 26309846, 26309846, 26309846, 26309846, 26309846, 26309846, 26467984, 26467984, 26467984, 26467984, 26467984, 26467984, 26467984, 26467984, 26467984, 26467984, 26467984, 26467984, 26467984, 26467984, 26467984, 26467984, 351126410, 26428822, 26428822, 26428822, 26428822, 26428822, 26428822, 26428822, 26428822, 27286840, 27286840, 52772467, 26843454, 26843454, 26843454, 26843454, 26843454, 26843454, 26843454, 26843454, 26843454, 26843454, 26843454, 26843454, 26843454, 26843454, 26843454, 26843454, 26573059, 26573059, 26573059, 26573059, 26573059, 26573059, 26573059, 26573059, 26573059, 26573059, 26573059, 26573059, 26573059, 26573059, 26573059, 26573059, 26573059, 26246582, 26246582, 26246582, 26309846, 26309846, 26309846, 26309846, 26309846, 26309846, 26309846, 26309846, 26309846, 26309846, 26309846, 26309846, 26309846, 26309846, 26309846, 26309846, 26309846, 26309846, 26309846, 26309846, 26309846, 26309846, 26309846, 26309846, 26309846, 26309846, 26309846, 26309846, 26309846, 26309846, 26309846, 26309846, 26309846, 26309846, 26309846, 26309846, 26309846, 26309846, 26309846, 26309846, 26309846, 26309846, 26309846, 26309846, 26309846, 26309846, 26309846, 26309846, 26309846, 26309846, 26309846, 26309846, 26309846, 26467984, 26467984, 26467984, 26467984, 26467984, 26467984, 26467984, 26467984, 26467984, 26467984, 26467984, 26467984, 26467984, 26467984, 26467984, 26467984, 26467984, 26467984, 26519806, 26519806]",0,0,0,NPU,0,0,0,0,0,0,1.0,hot,0,0,0,0,1.0,0
0,111,meta-llama/Llama-3.1-8B,13,490,9906919404,96877525700,86970606296,31138925039,31202346058,117160210,"[32351057, 32351057, 32351057, 32353969, 32353969, 4417364459, 32129242, 1768518758, 32406219, 32406219, 32406219, 32406219, 32406219, 32406219, 31770245, 766445431, 1501454212, 6420742717, 5463378840, 31833630, 31768005, 211900942, 31601225, 31601225, 31601225, 31409793, 31409793, 31409793, 31409793, 1510843412, 31181400, 7250225979, 31000079, 31000079, 31000079, 31000079, 31000079, 31000079, 31000079, 31000079, 31000079, 31000079, 31000079, 31000079, 31000079, 31000079, 31000079, 31000079, 30810577, 30810577, 30810577, 30810577, 30810577, 30810577, 30810577, 1165568684, 30410660, 30410660, 30410660, 30410660, 30410660, 30343401, 30343401, 30343401, 30343401, 30343401, 30343401, 30343401, 30343401, 30343401, 30343401, 1006177838, 30093409, 30093409, 30093409, 30093409, 438232470, 192909408, 29746454, 814475725, 29806160, 29806160, 29806160, 29806160, 29806160, 29806160, 29806160, 29806160, 29746454, 29746454, 29746454, 29746454, 29746454, 29746454, 29746454, 3834952379, 28501850, 55549752, 28422327, 28422327, 28422327, 28422327, 28422327, 361037274, 28193675, 28193675, 28193675, 28193675, 209149024, 28272208, 28107904, 28107904, 28107904, 28107904, 28107904, 172049990, 28107904, 28107904, 28107904, 620743286, 1185725200, 27512576, 515603612, 27278932, 27278932, 27278932, 27541166, 27278932, 27278932, 27278932, 27278932, 27278932, 27278932, 287155878, 418969675, 27103283, 27103283, 27103283, 27103283, 27103283, 27103283, 27103283, 27103283, 27103283, 197440780, 26997779, 26997779, 26997779, 27061067, 26956587, 26956587, 26956587, 26956587, 26956587, 26956587, 26956587, 26956587, 26956587, 26956587, 26956587, 26786947, 26786947, 412319866, 26759908, 26759908, 26759908, 26759908, 26759908, 26759908, 26759908, 26759908, 129977614, 26553020, 26553020, 26553020, 26553020, 26363542, 52911866, 26726923, 26695203, 26695203, 26695203, 26695203, 26695203, 26695203, 26695203, 26695203, 26695203, 26695203, 26695203, 26706189, 26706189, 26706189, 146512244, 26706189, 26706189, 26706189, 26706189, 26706189, 26706189, 26445624, 25850435, 26806162, 26445624, 26445624, 26445624, 26445624, 26445624, 26445624, 26445624, 104224164, 26645180, 26645180, 26444528, 52177106, 26044318, 26044318, 26044318, 26044318, 26044318, 26044318, 26044318, 26044318, 26044318, 26044318, 26847914, 26454608, 26454608, 26454608, 26454608, 26391133, 25997827, 25997827, 25997827, 25997827, 25997827, 26822128, 26428822, 26428822, 26428822, 26428822, 26428822, 26428822, 26428822, 26428822, 26428822, 26428822, 26428822, 26164062, 26164062, 26729656, 26729656, 26729656, 26729656, 26729656, 26729656, 26729656, 26729656, 27286840, 27286840, 26843454, 26843454, 26843454, 26843454, 26843454, 26843454, 26573059, 26573059, 26573059, 26573059, 26573059, 26573059, 26573059, 26573059, 26573059, 26573059, 26573059, 26573059, 26573059, 26573059, 26573059, 26573059, 26573059, 26309846, 26309846, 26309846, 26309846, 26309846, 26309846, 26309846, 26309846, 26309846, 26309846, 26309846, 26467984, 26467984, 26467984, 26467984, 26467984, 26467984, 26467984, 26467984, 26467984, 26467984, 26467984, 26467984, 26467984, 26467984, 26467984, 26467984, 351126410, 26428822, 26428822, 26428822, 26428822, 26428822, 26428822, 26428822, 26428822, 27286840, 27286840, 52772467, 26843454, 26843454, 26843454, 26843454, 26843454, 26843454, 26843454, 26843454, 26843454, 26843454, 26843454, 26843454, 26843454, 26843454, 26843454, 26843454, 26573059, 26573059, 26573059, 26573059, 26573059, 26573059, 26573059, 26573059, 26573059, 26573059, 26573059, 26573059, 26573059, 26573059, 26573059, 26573059, 26573059, 26246582, 26246582, 26246582, 26309846, 26309846, 26309846, 26309846, 26309846, 26309846, 26309846, 26309846, 26309846, 26309846, 26309846, 26309846, 26309846, 26309846, 26309846, 26309846, 26309846, 26309846, 26309846, 26309846, 26309846, 26309846, 26309846, 26309846, 26309846, 26309846, 26309846, 26309846, 26309846, 26309846, 26309846, 26309846, 26309846, 26309846, 26309846, 26309846, 26309846, 26309846, 26309846, 26309846, 26309846, 26309846, 26309846, 26309846, 26309846, 26309846, 26309846, 26309846, 26309846, 26309846, 26309846, 26309846, 26309846, 26467984, 26467984, 26467984, 26467984, 26467984, 26467984, 26467984, 26467984, 26467984, 26467984, 26467984, 26467984, 26467984, 26467984, 26467984, 26467984, 26467984, 26467984, 26519806, 26519806, 319109265, 26454608, 26454608, 26454608, 26519806, 26519806, 26638708, 26370142, 26370142, 26370142, 25619925, 25732479, 25732479, 25732479, 25732479, 25732479, 25732479, 25732479, 25765337, 1293562571, 25763867, 25763867, 25763867, 25763867, 25763867, 25763867, 25763867, 25763867, 25763867, 25763867, 25763867, 25763867, 25763867, 25763867, 25763867, 25829493, 25763867, 25763867, 25763867, 25763867, 25763867, 25763867, 25763867, 25763867, 25763867]",0,0,0,CXL,0,29360128,0,29360128,29360128,29360128,1.0,hot,0,0,0,0,1.0,58720256
0,115,meta-llama/Llama-3.1-8B,9,503,10643004512,99354982707,88711978195,36645700650,36846034518,105204753,"[32406219, 32406219, 32406219, 32406219, 32406219, 32406219, 8720412605, 5463378840, 31833630, 31768005, 211900942, 31601225, 31601225, 31601225, 31409793, 31409793, 31409793, 31409793, 1510843412, 31181400, 7250225979, 31000079, 31000079, 31000079, 31000079, 31000079, 31000079, 31000079, 31000079, 31000079, 31000079, 31000079, 31000079, 31000079, 31000079, 31000079, 31000079, 30810577, 30810577, 30810577, 30810577, 30810577, 30810577, 30810577, 1165568684, 30410660, 30410660, 30410660, 30410660, 30410660, 30343401, 30343401, 30343401, 30343401, 30343401, 30343401, 30343401, 30343401, 30343401, 30343401, 1006177838, 30093409, 30093409, 30093409, 30093409, 1475364057, 29806160, 29806160, 29806160, 29806160, 29806160, 29806160, 29806160, 29806160, 29746454, 29746454, 29746454, 29746454, 29746454, 29746454, 29746454, 3834952379, 28501850, 55549752, 28422327, 28422327, 28422327, 28422327, 28422327, 361037274, 28193675, 28193675, 28193675, 28193675, 209149024, 28272208, 28107904, 28107904, 28107904, 28107904, 28107904, 172049990, 28107904, 28107904, 28107904, 2458962636, 27278932, 27278932, 27278932, 27278932, 27278932, 27278932, 287155878, 418969675, 27103283, 27103283, 27103283, 27103283, 27103283, 27103283, 27103283, 27103283, 27103283, 197440780, 26997779, 26997779, 26997779, 27061067, 26956587, 26956587, 26956587, 26956587, 26956587, 26956587, 26956587, 26956587, 26956587, 26956587, 26956587, 26786947, 26786947, 412319866, 26759908, 26759908, 26759908, 26759908, 26759908, 26759908, 26759908, 26759908, 315465102, 26726923, 26695203, 26695203, 26695203, 26695203, 26695203, 26695203, 26695203, 26695203, 26695203, 26695203, 26695203, 26706189, 26706189, 26706189, 146512244, 26706189, 26706189, 26706189, 26706189, 26706189, 26706189, 26445624, 52656597, 26445624, 26445624, 26445624, 26445624, 26445624, 26445624, 26445624, 104224164, 26645180, 26645180, 26444528, 52177106, 26044318, 26044318, 26044318, 26044318, 26044318, 26044318, 26044318, 26044318, 26044318, 26044318, 26847914, 26454608, 26454608, 26454608, 26454608, 26391133, 25997827, 25997827, 25997827, 25997827, 25997827, 26822128, 26428822, 26428822, 26428822, 26428822, 26428822, 26428822, 26428822, 26428822, 26428822, 26428822, 26428822, 26164062, 26164062, 26729656, 26729656, 26729656, 26729656, 26729656, 26729656, 26729656, 26729656, 27286840, 27286840, 26843454, 26843454, 26843454, 26843454, 26843454, 26843454, 26573059, 26573059, 26573059, 26573059, 26573059, 26573059, 26573059, 26573059, 26573059, 26573059, 26573059, 26573059, 26573059, 26573059, 26573059, 26573059, 26573059, 26309846, 26309846, 26309846, 26309846, 26309846, 26309846, 26309846, 26309846, 26309846, 26309846, 26309846, 26467984, 26467984, 26467984, 26467984, 26467984, 26467984, 26467984, 26467984, 26467984, 26467984, 26467984, 26467984, 26467984, 26467984, 26467984, 26467984, 351126410, 26428822, 26428822, 26428822, 26428822, 26428822, 26428822, 26428822, 26428822, 27286840, 27286840, 52772467, 26843454, 26843454, 26843454, 26843454, 26843454, 26843454, 26843454, 26843454, 26843454, 26843454, 26843454, 26843454, 26843454, 26843454, 26843454, 26843454, 26573059, 26573059, 26573059, 26573059, 26573059, 26573059, 26573059, 26573059, 26573059, 26573059, 26573059, 26573059, 26573059, 26573059, 26573059, 26573059, 26573059, 26246582, 26246582, 26246582, 26309846, 26309846, 26309846, 26309846, 26309846, 26309846, 26309846, 26309846, 26309846, 26309846, 26309846, 26309846, 26309846, 26309846, 26309846, 26309846, 26309846, 26309846, 26309846, 26309846, 26309846, 26309846, 26309846, 26309846, 26309846, 26309846, 26309846, 26309846, 26309846, 26309846, 26309846, 26309846, 26309846, 26309846, 26309846, 26309846, 26309846, 26309846, 26309846, 26309846, 26309846, 26309846, 26309846, 26309846, 26309846, 26309846, 26309846, 26309846, 26309846, 26309846, 26309846, 26309846, 26309846, 26467984, 26467984, 26467984, 26467984, 26467984, 26467984, 26467984, 26467984, 26467984, 26467984, 26467984, 26467984, 26467984, 26467984, 26467984, 26467984, 26467984, 26467984, 26519806, 26519806, 319109265, 26454608, 26454608, 26454608, 26519806, 26519806, 26638708, 26370142, 26370142, 26370142, 25619925, 25732479, 25732479, 25732479, 25732479, 25732479, 25732479, 25732479, 25765337, 1998576677, 25763867, 25763867, 25763867, 25763867, 25763867, 25796725, 25763867, 25763867, 25763867, 25763867, 25763867, 25763867, 25763867, 25763867, 25763867, 627066339, 25763867, 25763867, 25763867, 25763867, 25763867, 25763867, 25763867, 25763867, 26016091, 26016091, 26016091, 26016091, 26016091, 26016091, 26016091, 26081717, 26016091, 26016091, 26016091, 26016091, 26016091, 26016091, 26016091, 26016091, 26016091, 26016091, 26016091, 26016091, 26016091, 26016091, 26016091, 26081717, 26016091, 26016091, 26016091, 26016091, 26016091, 26016091, 26016091, 26016091, 26016091, 26016091, 26016091, 26016091, 26016091, 26016091, 26016091, 26081717, 26016091, 26016091, 26016091, 26016091, 26016091, 26016091]",0,0,0,CXL,0,142606336,0,142606336,142606336,142606336,1.0,hot,0,0,0,0,1.0,285212672
0,116,meta-llama/Llama-3.1-8B,15,426,10805801406,100299360867,89493559461,36482903756,36683237624,128805663,"[32406219, 32406219, 32406219, 32406219, 32406219, 32406219, 14215625075, 31768005, 211900942, 31601225, 31601225, 31601225, 31409793, 31409793, 31409793, 31409793, 1510843412, 31181400, 7250225979, 31000079, 31000079, 31000079, 31000079, 31000079, 31000079, 31000079, 31000079, 31000079, 31000079, 31000079, 31000079, 31000079, 31000079, 31000079, 31000079, 30810577, 30810577, 30810577, 30810577, 30810577, 30810577, 30810577, 1165568684, 30410660, 30410660, 30410660, 30410660, 30410660, 30343401, 30343401, 30343401, 30343401, 30343401, 30343401, 30343401, 30343401, 30343401, 30343401, 1006177838, 30093409, 30093409, 30093409, 30093409, 1475364057, 29806160, 29806160, 29806160, 29806160, 29806160, 29806160, 29806160, 29806160, 29746454, 29746454, 29746454, 29746454, 29746454, 29746454, 29746454, 3919003981, 28422327, 28422327, 28422327, 28422327, 28422327, 361037274, 28193675, 28193675, 28193675, 28193675, 209149024, 28272208, 28107904, 28107904, 28107904, 28107904, 28107904, 172049990, 28107904, 28107904, 28107904, 2909792106, 418969675, 27103283, 27103283, 27103283, 27103283, 27103283, 27103283, 27103283, 27103283, 27103283, 197440780, 26997779, 26997779, 26997779, 27061067, 26956587, 26956587, 26956587, 26956587, 26956587, 26956587, 26956587, 26956587, 26956587, 26956587, 26956587, 465893760, 26759908, 26759908, 26759908, 26759908, 26759908, 26759908, 26759908, 26759908, 315465102, 26726923, 26695203, 26695203, 26695203, 26695203, 26695203, 26695203, 26695203, 26695203, 26695203, 26695203, 26695203, 26706189, 26706189, 26706189, 146512244, 26706189, 26706189, 26706189, 26706189, 26706189, 26706189, 368445753, 26645180, 26645180, 26444528, 339468200, 26454608, 26454608, 26454608, 26454608, 183202396, 26428822, 26428822, 26428822, 26428822, 26428822, 26428822, 26428822, 26428822, 26428822, 26428822, 26428822, 26164062, 26164062, 26729656, 26729656, 26729656, 26729656, 26729656, 26729656, 26729656, 26729656, 27286840, 27286840, 26843454, 26843454, 26843454, 26843454, 26843454, 26843454, 26573059, 26573059, 26573059, 26573059, 26573059, 26573059, 26573059, 26573059, 26573059, 26573059, 26573059, 26573059, 26573059, 26573059, 26573059, 26573059, 26573059, 26309846, 26309846, 26309846, 26309846, 26309846, 26309846, 26309846, 26309846, 26309846, 26309846, 26309846, 26467984, 26467984, 26467984, 26467984, 26467984, 26467984, 26467984, 26467984, 26467984, 26467984, 26467984, 26467984, 26467984, 26467984, 26467984, 26467984, 351126410, 26428822, 26428822, 26428822, 26428822, 26428822, 26428822, 26428822, 26428822, 27286840, 27286840, 52772467, 26843454, 26843454, 26843454, 26843454, 26843454, 26843454, 26843454, 26843454, 26843454, 26843454, 26843454, 26843454, 26843454, 26843454, 26843454, 26843454, 26573059, 26573059, 26573059, 26573059, 26573059, 26573059, 26573059, 26573059, 26573059, 26573059, 26573059, 26573059, 26573059, 26573059, 26573059, 26573059, 26573059, 26246582, 26246582, 26246582, 26309846, 26309846, 26309846, 26309846, 26309846, 26309846, 26309846, 26309846, 26309846, 26309846, 26309846, 26309846, 26309846, 26309846, 26309846, 26309846, 26309846, 26309846, 26309846, 26309846, 26309846, 26309846, 26309846, 26309846, 26309846, 26309846, 26309846, 26309846, 26309846, 26309846, 26309846, 26309846, 26309846, 26309846, 26309846, 26309846, 26309846, 26309846, 26309846, 26309846, 26309846, 26309846, 26309846, 26309846, 26309846, 26309846, 26309846, 26309846, 26309846, 26309846, 26309846, 26309846, 26309846, 26467984, 26467984, 26467984, 26467984, 26467984, 26467984, 26467984, 26467984, 26467984, 26467984, 26467984, 26467984, 26467984, 26467984, 26467984, 26467984, 26467984, 26467984, 26519806, 26519806, 319109265, 26454608, 26454608, 26454608, 26519806, 26519806, 26638708, 26370142, 26370142, 26370142, 25619925, 25732479, 25732479, 25732479, 25732479, 25732479, 25732479, 25732479, 25765337, 1998576677, 2446543023, 26706189, 26706189, 26706189, 26706189, 26706189, 26706189, 26706189, 26706189, 26706189, 26706189, 26706189, 26706189, 26706189, 26706189, 26503322, 275930274, 26503322, 26503322, 26515239, 26515239, 26515239, 26515239, 26515239, 26268629, 26268629]",0,0,0,CXL,0,155189248,0,155189248,155189248,155189248,1.0,hot,0,0,0,0,1.0,310378496
0,105,meta-llama/Llama-3.1-8B,102,795,9627430486,100752394553,91124964067,31219096374,31282478566,86477580,"[31409793, 167946617, 32351057, 32351057, 32351057, 32353969, 32353969, 4417364459, 32129242, 1768518758, 32406219, 32406219, 32406219, 32406219, 32406219, 32406219, 31770245, 766445431, 1501454212, 6420742717, 31190522, 5432188318, 31833630, 31768005, 211900942, 31601225, 31601225, 31601225, 31409793, 31409793, 31409793, 31409793, 1510843412, 31181400, 29983933, 3385392838, 29806160, 29806160, 29806160, 3745430728, 31000079, 31000079, 31000079, 31000079, 31000079, 31000079, 31000079, 31000079, 31000079, 31000079, 31000079, 31000079, 31000079, 31000079, 31000079, 31000079, 30810577, 30810577, 30810577, 30810577, 30810577, 30810577, 30810577, 29482892, 1136085792, 30410660, 30410660, 30410660, 30410660, 30410660, 30343401, 30343401, 30343401, 30343401, 30343401, 30343401, 30343401, 30343401, 30343401, 30343401, 949913168, 56264670, 30093409, 30093409, 30093409, 30093409, 438232470, 192909408, 29746454, 814475725, 29806160, 29806160, 29806160, 29806160, 29806160, 29806160, 29806160, 29806160, 29746454, 29746454, 29746454, 29746454, 29746454, 29746454, 29746454, 2625369960, 215556696, 27761521, 27761521, 27761521, 27761521, 27761521, 440993414, 414224704, 28501850, 55549752, 28422327, 28422327, 28422327, 28422327, 28422327, 361037274, 28193675, 28193675, 28193675, 28193675, 209149024, 28272208, 28107904, 28107904, 28107904, 28107904, 28107904, 172049990, 28107904, 28107904, 28107904, 620743286, 1185725200, 27512576, 435178062, 80425550, 27278932, 27278932, 27278932, 27541166, 27278932, 27278932, 27278932, 27278932, 27278932, 27278932, 287155878, 418969675, 27103283, 27103283, 27103283, 27103283, 27103283, 27103283, 27103283, 27103283, 27103283, 197440780, 26997779, 26997779, 26997779, 27061067, 26956587, 26956587, 26956587, 26956587, 26956587, 26956587, 26956587, 26956587, 26956587, 26956587, 26956587, 26786947, 26786947, 26363542, 26363542, 26363542, 26118142, 307111098, 26759908, 26759908, 26759908, 26759908, 26759908, 26759908, 26759908, 26759908, 129977614, 26553020, 26553020, 26553020, 26553020, 26363542, 52911866, 26726923, 26695203, 26695203, 26695203, 26695203, 26695203, 26695203, 26695203, 26695203, 26695203, 26695203, 26695203, 26706189, 26706189, 26706189, 146512244, 26706189, 26706189, 26706189, 26706189, 26706189, 26706189, 26445624, 25850435, 26806162, 26445624, 26445624, 26445624, 26445624, 26445624, 26445624, 26445624, 104224164, 26645180, 26645180, 26444528, 25739482, 26437624, 26044318, 26044318, 26044318, 26044318, 26044318, 26044318, 26044318, 26044318, 26044318, 26044318, 26847914, 26454608, 26454608, 26454608, 26454608, 26391133, 25997827, 25997827, 25997827, 25997827, 25997827, 26822128, 26428822, 26428822, 26428822, 26428822, 26428822, 26428822, 26428822, 26428822, 26428822, 26428822, 26428822, 26164062, 26164062, 26729656, 26729656, 26729656, 26729656, 26729656, 26729656, 26729656, 26729656, 27286840, 27286840, 26843454, 26843454, 26843454, 26843454, 26843454, 26843454, 26573059, 26573059, 26573059, 26573059, 26573059, 26573059, 26573059, 26573059, 26573059, 26573059, 26573059, 26573059, 26573059, 26573059, 26573059, 26573059, 26573059, 26309846, 26309846, 26309846, 26309846, 26309846, 26309846, 26309846, 26309846, 26309846, 26309846, 26309846, 26467984, 26467984, 26467984, 26467984, 26467984, 26467984, 26467984, 26467984, 26467984, 26467984, 26467984, 26467984, 26467984, 26467984, 26467984, 26467984, 351126410, 26428822, 26428822, 26428822, 26428822, 26428822, 26428822, 26428822, 26428822, 27286840, 27286840, 52772467, 26843454, 26843454, 26843454, 26843454, 26843454, 26843454, 26843454, 26843454, 26843454, 26843454, 26843454, 26843454, 26843454, 26843454, 26843454, 26843454, 26573059, 26573059, 26573059, 26573059, 26573059, 26573059, 26573059, 26573059, 26573059, 26573059, 26573059, 26573059, 26573059, 26573059, 26573059, 26573059, 26573059, 26246582, 26246582, 26246582, 26309846, 26309846, 26309846, 26309846, 26309846, 26309846, 26309846, 26309846, 26309846, 26309846, 26309846, 26309846, 26309846, 26309846, 26309846, 26309846, 26309846, 26309846, 26309846, 26309846, 26309846, 26309846, 26309846, 26309846, 26309846, 26309846, 26309846, 26309846, 26309846, 26309846, 26309846, 26309846, 26309846, 26309846, 26309846, 26309846, 26309846, 26309846, 26309846, 26309846, 26309846, 26309846, 26309846, 26309846, 26309846, 26309846, 26309846, 26309846, 26309846, 26309846, 26309846, 26309846, 26309846, 26467984, 26467984, 26467984, 26467984, 26467984, 26467984, 26467984, 26467984, 26467984, 26467984, 26467984, 26467984, 26467984, 26467984, 26467984, 26467984, 26467984, 26467984, 26519806, 26519806, 319109265, 26454608, 26454608, 26454608, 26519806, 26519806, 26638708, 26370142, 26370142, 26370142, 25619925, 25732479, 25732479, 25732479, 25732479, 25732479, 25732479, 25732479, 25765337, 26971646, 26971646, 26971646, 26971646, 26971646, 26971646, 26971646, 26971646, 26971646, 26971646, 26971646, 26971646, 26971646, 26971646, 26971646, 27004504, 26971646, 26971646, 26971646, 26971646, 26971646, 26971646, 26971646, 26971646, 26971646, 26971646, 26971646, 26971646, 26971646, 26971646, 26971646, 27004504, 26971646, 26971646, 26971646, 26971646, 26971646, 26971646, 26971646, 26971646, 26971646, 26971646, 26971646, 26971646, 26971646, 26971646, 26971646, 25829493, 25763867, 25763867, 25763867, 25763867, 25763867, 25763867, 25763867, 25763867, 25763867, 25763867, 25763867, 25763867, 25763867, 25763867, 25763867, 25829493, 25763867, 25763867, 25763867, 25763867, 25763867, 25763867, 25763867, 25763867, 25763867, 60851805, 25763867, 25763867, 25763867, 25763867, 25763867, 25796725, 25763867, 25763867, 25763867, 25763867, 25763867, 25763867, 25763867, 25763867, 25763867, 27327454, 27327454, 27327454, 27327454, 27327454, 27327454, 27360312, 27327454, 27327454, 27327454, 27327454, 27327454, 27327454, 27327454, 27327454, 27327454, 27327454, 27327454, 27327454, 27327454, 27327454, 27327454, 25829493, 25763867, 25763867, 25763867, 25763867, 25763867, 25763867, 25763867, 25763867, 26016091, 26016091, 26016091, 26016091, 26016091, 26016091, 26016091, 26081717, 26016091, 26016091, 26016091, 26016091, 26016091, 26016091, 26016091, 26016091, 26016091, 26016091, 26016091, 26016091, 26016091, 26016091, 26016091, 26081717, 26016091, 26016091, 26016091, 26016091, 26016091, 26016091, 26016091, 26016091, 26016091, 26016091, 26016091, 26016091, 26016091, 26016091, 26016091, 26081717, 26016091, 26016091, 26016091, 26016091, 26016091, 26016091, 29937821, 26706189, 26706189, 26706189, 26706189, 26706189, 26706189, 26706189, 26706189, 26706189, 26706189, 26706189, 26706189, 26706189, 26706189, 26503322, 27706814, 27706814, 27706814, 27706814, 27706814, 27706814, 27706814, 27706814, 27706814, 26568948, 26503322, 26503322, 26515239, 26515239, 26515239, 26515239, 26515239, 26268629, 26268629, 26710806, 26645180, 26645180, 26645180, 26645180, 26645180, 26645180, 26645180, 26645180, 26645180, 26645180, 26645180, 26645180, 26645180, 26645180, 26645180, 26645180]",0,0,0,NPU,0,0,0,0,0,0,1.0,hot,0,0,0,0,1.0,0
0,131,meta-llama/Llama-3.1-8B,64,103,12168554895,100805283609,88636728714,81982471483,82301580748,166714420,"[26454608, 26454608, 26454608, 2388878038, 2446543023, 26706189, 26706189, 26706189, 26706189, 26706189, 26706189, 26706189, 26706189, 26706189, 26706189, 26706189, 26706189, 26706189, 26706189, 567264499, 26645180, 26645180, 26645180, 26645180, 26645180, 26645180, 26645180, 26645180, 26645180, 26645180, 26645180, 26645180, 26645180, 26645180, 26645180, 26645180, 26444528, 26444528]",0,0,0,NPU,0,0,0,0,0,0,1.0,hot,0,0,0,0,1.0,0
0,126,meta-llama/Llama-3.1-8B,970,1017,11820091078,100858045381,89037954303,82330935300,82650044565,138867603,"[26454608, 26454608, 26454608, 26519806, 26519806, 2335838426, 2446543023, 26706189, 26706189, 26706189, 26706189, 26706189, 26706189, 26706189, 26706189, 26706189, 26706189, 26706189, 26706189, 26706189, 26706189, 26503322, 275930274, 26503322, 26503322, 211824259, 26645180, 26645180, 26645180, 26645180, 26645180, 26645180, 26645180, 26645180, 26645180, 26645180, 26645180, 26645180, 26645180, 26645180, 26645180, 26645180, 26444528, 26444528, 26380886, 26380886]",0,0,0,NPU,0,0,0,0,0,0,1.0,hot,0,0,0,0,1.0,0
0,119,meta-llama/Llama-3.1-8B,726,1044,11127042283,102546492579,91419450296,76149644869,76296157113,47707549,"[26706189, 26706189, 26706189, 26706189, 26706189, 26706189, 368445753, 26645180, 26645180, 365912728, 26454608, 26454608, 26454608, 26454608, 183202396, 26428822, 26428822, 26428822, 26428822, 26428822, 26428822, 26428822, 26428822, 26428822, 26428822, 26428822, 79057780, 26729656, 26729656, 26729656, 26729656, 26729656, 26729656, 26729656, 27286840, 27286840, 26843454, 26843454, 26843454, 26843454, 26843454, 26843454, 26573059, 26573059, 26573059, 26573059, 26573059, 26573059, 26573059, 26573059, 26573059, 26573059, 26573059, 26573059, 26573059, 26573059, 26573059, 26573059, 26573059, 26309846, 26309846, 26309846, 26309846, 26309846, 26309846, 26309846, 26309846, 26309846, 26309846, 26309846, 26467984, 26467984, 26467984, 26467984, 26467984, 26467984, 26467984, 26467984, 26467984, 26467984, 26467984, 26467984, 26467984, 26467984, 26467984, 26467984, 351126410, 26428822, 26428822, 26428822, 26428822, 26428822, 26428822, 26428822, 26428822, 27286840, 27286840, 52772467, 26843454, 26843454, 26843454, 26843454, 26843454, 26843454, 26843454, 26843454, 26843454, 26843454, 26843454, 26843454, 26843454, 26843454, 26843454, 26843454, 26573059, 26573059, 26573059, 26573059, 26573059, 26573059, 26573059, 26573059, 26573059, 26573059, 26573059, 26573059, 26573059, 26573059, 26573059, 26573059, 26573059, 26246582, 26246582, 26246582, 26309846, 26309846, 26309846, 26309846, 26309846, 26309846, 26309846, 26309846, 26309846, 26309846, 26309846, 26309846, 26309846, 26309846, 26309846, 26309846, 26309846, 26309846, 26309846, 26309846, 26309846, 26309846, 26309846, 26309846, 26309846, 26309846, 26309846, 26309846, 26309846, 26309846, 26309846, 26309846, 26309846, 26309846, 26309846, 26309846, 26309846, 26309846, 26309846, 26309846, 26309846, 26309846, 26309846, 26309846, 26309846, 26309846, 26309846, 26309846, 26309846, 26309846, 26309846, 26309846, 26309846, 26467984, 26467984, 26467984, 26467984, 26467984, 26467984, 26467984, 26467984, 26467984, 26467984, 26467984, 26467984, 26467984, 26467984, 26467984, 26467984, 26467984, 26467984, 26519806, 26519806, 319109265, 26454608, 26454608, 26454608, 26519806, 26519806, 26638708, 26370142, 26370142, 26370142, 2230089292, 2446543023, 26706189, 26706189, 26706189, 26706189, 26706189, 26706189, 26706189, 26706189, 26706189, 26706189, 26706189, 26706189, 26706189, 26706189, 26503322, 275930274, 26503322, 26503322, 26515239, 26515239, 26515239, 26515239, 26515239, 26268629, 26268629, 26710806, 26645180, 26645180, 26645180, 26645180, 26645180, 26645180, 26645180, 26645180, 26645180, 26645180, 26645180, 26645180, 26645180, 26645180, 26645180, 26645180, 26444528, 26444528, 26380886, 26380886, 312185125, 26454608, 26454608, 26454608, 26454608, 26454608, 26454608, 26454608, 26637795, 26637795, 26324758, 27948373, 28253013, 28253013, 28253013, 28253013, 26259791, 26128629, 26128629, 26128629, 26128629, 26128629, 26128629, 27145695, 27145695, 27145695, 27145695, 27145695, 27145695, 27145695, 27145695, 27145695, 27276857, 27145695, 27145695, 27145695, 27145695, 27145695, 27145695, 27145695, 27145695, 27145695, 27145695, 27145695, 27145695, 27145695, 27145695, 27145695, 27276857, 27145695, 27145695, 27145695]",0,0,0,NPU,0,0,0,0,0,0,1.0,hot,0,0,0,0,1.0,0
0,135,meta-llama/Llama-3.1-8B,17,65,12547864283,102634688467,90086824184,84329661417,84390513222,121198105,"[2446543023, 26706189, 26706189, 26706189, 26706189, 26706189, 26706189, 26706189, 26706189, 26706189, 26706189, 26706189, 26706189, 26706189, 26706189, 567264499, 26645180, 26645180, 26645180, 26645180, 26645180, 26645180, 26645180, 26645180, 26645180, 26645180, 26645180, 26645180, 26645180, 26645180, 26645180, 26645180, 26444528, 26444528, 26380886, 26380886, 312185125, 26454608, 26454608, 26454608, 26454608, 26454608, 26454608, 26454608, 26637795, 26637795, 1226000115]",0,0,0,CXL,0,4194304,0,4194304,4194304,4194304,1.0,hot,0,0,0,0,1.0,8388608
0,118,meta-llama/Llama-3.1-8B,1004,1369,11049532293,102741469279,91691936986,74229206369,74426647149,47432114,"[26997779, 26997779, 26997779, 54017654, 26956587, 26956587, 26956587, 26956587, 26956587, 26956587, 26956587, 26956587, 26956587, 26956587, 465893760, 26759908, 26759908, 26759908, 26759908, 26759908, 26759908, 26759908, 26759908, 315465102, 26726923, 26695203, 26695203, 26695203, 26695203, 26695203, 26695203, 26695203, 26695203, 26695203, 26695203, 26695203, 26706189, 26706189, 26706189, 146512244, 26706189, 26706189, 26706189, 26706189, 26706189, 26706189, 368445753, 26645180, 26645180, 26444528, 339468200, 26454608, 26454608, 26454608, 26454608, 183202396, 26428822, 26428822, 26428822, 26428822, 26428822, 26428822, 26428822, 26428822, 26428822, 26428822, 26428822, 79057780, 26729656, 26729656, 26729656, 26729656, 26729656, 26729656, 26729656, 27286840, 27286840, 26843454, 26843454, 26843454, 26843454, 26843454, 26843454, 26573059, 26573059, 26573059, 26573059, 26573059, 26573059, 26573059, 26573059, 26573059, 26573059, 26573059, 26573059, 26573059, 26573059, 26573059, 26573059, 26573059, 26309846, 26309846, 26309846, 26309846, 26309846, 26309846, 26309846, 26309846, 26309846, 26309846, 26309846, 26467984, 26467984, 26467984, 26467984, 26467984, 26467984, 26467984, 26467984, 26467984, 26467984, 26467984, 26467984, 26467984, 26467984, 26467984, 26467984, 351126410, 26428822, 26428822, 26428822, 26428822, 26428822, 26428822, 26428822, 26428822, 27286840, 27286840, 52772467, 26843454, 26843454, 26843454, 26843454, 26843454, 26843454, 26843454, 26843454, 26843454, 26843454, 26843454, 26843454, 26843454, 26843454, 26843454, 26843454, 26573059, 26573059, 26573059, 26573059, 26573059, 26573059, 26573059, 26573059, 26573059, 26573059, 26573059, 26573059, 26573059, 26573059, 26573059, 26573059, 26573059, 26246582, 26246582, 26246582, 26309846, 26309846, 26309846, 26309846, 26309846, 26309846, 26309846, 26309846, 26309846, 26309846, 26309846, 26309846, 26309846, 26309846, 26309846, 26309846, 26309846, 26309846, 26309846, 26309846, 26309846, 26309846, 26309846, 26309846, 26309846, 26309846, 26309846, 26309846, 26309846, 26309846, 26309846, 26309846, 26309846, 26309846, 26309846, 26309846, 26309846, 26309846, 26309846, 26309846, 26309846, 26309846, 26309846, 26309846, 26309846, 26309846, 26309846, 26309846, 26309846, 26309846, 26309846, 26309846, 26309846, 26467984, 26467984, 26467984, 26467984, 26467984, 26467984, 26467984, 26467984, 26467984, 26467984, 26467984, 26467984, 26467984, 26467984, 26467984, 26467984, 26467984, 26467984, 26519806, 26519806, 319109265, 26454608, 26454608, 26454608, 26519806, 26519806, 26638708, 26370142, 26370142, 26370142, 25619925, 2204469367, 2446543023, 26706189, 26706189, 26706189, 26706189, 26706189, 26706189, 26706189, 26706189, 26706189, 26706189, 26706189, 26706189, 26706189, 26706189, 26503322, 275930274, 26503322, 26503322, 26515239, 26515239, 26515239, 26515239, 26515239, 26268629, 26268629, 26710806, 26645180, 26645180, 26645180, 26645180, 26645180, 26645180, 26645180, 26645180, 26645180, 26645180, 26645180, 26645180, 26645180, 26645180, 26645180, 26645180, 26444528, 26444528, 26380886, 26380886, 312185125, 26454608, 26454608, 26454608, 26454608, 26454608, 26454608, 26454608, 26637795, 26637795, 26324758, 27948373, 28253013, 28253013, 28253013, 28253013, 26259791, 26128629, 26128629, 26128629, 26128629, 26128629, 26128629, 27145695, 27145695, 27145695, 27145695, 27145695, 27145695, 27145695, 27145695, 27145695, 27276857, 27145695, 27145695, 27145695, 27145695, 27145695, 27145695, 27145695, 27145695, 27145695, 27145695, 27145695, 27145695, 27145695, 27145695, 27145695, 27276857, 27145695, 27145695, 27145695, 88195888, 26695203, 26695203, 26695203, 26695203]",0,0,0,NPU,0,0,0,0,0,0,1.0,hot,0,0,0,0,1.0,0
0,140,meta-llama/Llama-3.1-8B,90,95,13472596508,102741469279,89268872771,89073896071,89162091959,26695203,"[26695203, 26695203, 26695203, 26695203]",0,0,0,NPU,0,0,0,0,0,0,1.0,hot,0,0,0,0,1.0,0
0,124,meta-llama/Llama-3.1-8B,48,258,11594002337,103258477044,91664474707,79003258733,79354385143,58899950,"[26428822, 26428822, 26428822, 26428822, 26428822, 26428822, 26428822, 26428822, 27286840, 27286840, 52772467, 26843454, 26843454, 26843454, 26843454, 26843454, 26843454, 26843454, 26843454, 26843454, 26843454, 26843454, 26843454, 26843454, 26843454, 26843454, 26843454, 26573059, 26573059, 26573059, 26573059, 26573059, 26573059, 26573059, 26573059, 26573059, 26573059, 26573059, 26573059, 26573059, 26573059, 26573059, 26573059, 26573059, 26246582, 26246582, 26246582, 26309846, 26309846, 26309846, 26309846, 26309846, 26309846, 26309846, 26309846, 26309846, 26309846, 26309846, 26309846, 26309846, 26309846, 26309846, 26309846, 26309846, 26309846, 26309846, 26309846, 26309846, 26309846, 26309846, 26309846, 26309846, 26309846, 26309846, 26309846, 26309846, 26309846, 26309846, 26309846, 26309846, 26309846, 26309846, 26309846, 26309846, 26309846, 26309846, 26309846, 26309846, 26309846, 26309846, 26309846, 26309846, 26309846, 26309846, 26309846, 26309846, 26309846, 26309846, 26309846, 26309846, 26467984, 26467984, 26467984, 26467984, 26467984, 26467984, 26467984, 26467984, 26467984, 26467984, 26467984, 26467984, 26467984, 26467984, 26467984, 26467984, 26467984, 26467984, 26519806, 26519806, 319109265, 26454608, 26454608, 26454608, 26519806, 26519806, 26638708, 2309199718, 2446543023, 26706189, 26706189, 26706189, 26706189, 26706189, 26706189, 26706189, 26706189, 26706189, 26706189, 26706189, 26706189, 26706189, 26706189, 26503322, 275930274, 26503322, 26503322, 26515239, 26515239, 26515239, 26515239, 26515239, 79248064, 26645180, 26645180, 26645180, 26645180, 26645180, 26645180, 26645180, 26645180, 26645180, 26645180, 26645180, 26645180, 26645180, 26645180, 26645180, 26645180, 26444528, 26444528, 26380886, 26380886, 312185125, 26454608, 26454608, 26454608, 26454608, 26454608, 26454608, 26454608, 26637795, 26637795, 26324758, 167220216, 26128629, 26128629, 26128629, 26128629, 26128629, 26128629, 875683367, 26695203, 26695203, 26695203, 26695203, 196665329, 26695203, 26695203, 26695203, 26695203, 26695203, 26695203, 26695203, 26695203, 26695203, 26695203, 26695203, 26695203]",0,0,0,NPU,0,0,0,0,0,0,1.0,hot,0,0,0,0,1.0,0
0,125,meta-llama/Llama-3.1-8B,412,733,11649708106,107796086612,96146378506,78947552964,79298679374,52649059,"[26428822, 26428822, 26428822, 26428822, 26428822, 26428822, 26428822, 26428822, 27286840, 27286840, 52772467, 26843454, 26843454, 26843454, 26843454, 26843454, 26843454, 26843454, 26843454, 26843454, 26843454, 26843454, 26843454, 26843454, 26843454, 26843454, 26843454, 26573059, 26573059, 26573059, 26573059, 26573059, 26573059, 26573059, 26573059, 26573059, 26573059, 26573059, 26573059, 26573059, 26573059, 26573059, 26573059, 26573059, 26246582, 26246582, 26246582, 26309846, 26309846, 26309846, 26309846, 26309846, 26309846, 26309846, 26309846, 26309846, 26309846, 26309846, 26309846, 26309846, 26309846, 26309846, 26309846, 26309846, 26309846, 26309846, 26309846, 26309846, 26309846, 26309846, 26309846, 26309846, 26309846, 26309846, 26309846, 26309846, 26309846, 26309846, 26309846, 26309846, 26309846, 26309846, 26309846, 26309846, 26309846, 26309846, 26309846, 26309846, 26309846, 26309846, 26309846, 26309846, 26309846, 26309846, 26309846, 26309846, 26309846, 26309846, 26309846, 26309846, 26467984, 26467984, 26467984, 26467984, 26467984, 26467984, 26467984, 26467984, 26467984, 26467984, 26467984, 26467984, 26467984, 26467984, 26467984, 26467984, 26467984, 26467984, 26519806, 26519806, 319109265, 26454608, 26454608, 26454608, 26519806, 26519806, 26638708, 2309199718, 2446543023, 26706189, 26706189, 26706189, 26706189, 26706189, 26706189, 26706189, 26706189, 26706189, 26706189, 26706189, 26706189, 26706189, 26706189, 26503322, 275930274, 26503322, 26503322, 211824259, 26645180, 26645180, 26645180, 26645180, 26645180, 26645180, 26645180, 26645180, 26645180, 26645180, 26645180, 26645180, 26645180, 26645180, 26645180, 26645180, 26444528, 26444528, 26380886, 26380886, 312185125, 26454608, 26454608, 26454608, 26454608, 26454608, 26454608, 26454608, 26637795, 26637795, 26324758, 1199675357, 26695203, 26695203, 26695203, 26695203, 196665329, 26695203, 26695203, 26695203, 26695203, 26695203, 26695203, 26695203, 26695203, 26695203, 26695203, 26695203, 26695203, 26615821, 26615821, 26615821, 26706189, 26706189, 26706189, 26706189, 26706189, 26706189, 26706189, 26706189, 26706189, 26706189, 26706189, 26706189, 26706189, 26706189, 26706189, 26706189, 26706189, 26706189, 26706189, 26706189, 26706189, 26706189, 26706189, 26706189, 26706189, 26706189, 26706189, 26706189, 26706189, 26706189, 26706189, 26706189, 26421342, 26421342, 26421342, 25921863, 25921863, 25921863, 25921863, 26801725, 26637795, 26464944, 26464944, 353938259, 27275701, 27275701, 27275701, 27275701, 27275701, 27275701, 27275701, 27275701, 27275701, 27275701, 27275701, 27275701, 27275701, 27275701, 27275701, 27275701, 27275701, 27275701, 27275701, 27275701, 27275701, 27275701, 27275701, 27275701, 27275701, 27275701, 27275701, 27275701, 27275701, 27275701, 27275701, 463865087, 27555797, 27555797, 27555797, 27555797, 27555797, 27555797, 27555797, 27555797, 27555797, 27555797, 27555797, 27555797, 27555797, 27555797, 27555797, 27555797, 27555797, 27555797, 27555797, 27555797, 27555797, 27555797, 27555797, 27555797, 27555797, 27555797, 27555797, 27555797, 27555797, 27555797, 27555797, 465593823, 27555797, 27555797, 27555797, 27555797, 27555797, 27555797, 27555797, 27555797, 27555797, 27555797, 27555797, 27555797]",0,0,0,NPU,0,0,0,0,0,0,1.0,hot,0,0,0,0,1.0,0
0,133,meta-llama/Llama-3.1-8B,26,148,12222513791,108063488774,95840974983,81928512587,82247621852,112341761,"[26454608, 26454608, 26454608, 2388878038, 2446543023, 26706189, 26706189, 26706189, 26706189, 26706189, 26706189, 26706189, 26706189, 26706189, 26706189, 26706189, 26706189, 26706189, 26706189, 567264499, 26645180, 26645180, 26645180, 26645180, 26645180, 26645180, 26645180, 26645180, 26645180, 26645180, 26645180, 26645180, 26645180, 26645180, 26645180, 26645180, 26444528, 26444528, 26380886, 26380886, 312185125, 26454608, 26454608, 26454608, 26454608, 26454608, 26454608, 26454608, 26637795, 26637795, 26324758, 1199675357, 26695203, 26695203, 26695203, 26695203, 196665329, 26695203, 26695203, 26695203, 26695203, 26695203, 26695203, 26695203, 26695203, 26695203, 26695203, 26695203, 26695203, 26615821, 26615821, 26615821, 26706189, 26706189, 26706189, 26706189, 26706189, 26706189, 26706189, 26706189, 26706189, 26706189, 26706189, 26706189, 26706189, 26706189, 26706189, 26706189, 26706189, 26706189, 26706189, 26706189, 26706189, 26706189, 26706189, 26706189, 26706189, 26706189, 26706189, 26706189, 26706189, 26706189, 26706189, 26706189, 26421342, 26421342, 26421342, 130489177, 26637795, 26464944, 26464944, 3341438713, 26645180, 26645180, 26645180, 26645180, 26645180, 26645180, 26645180, 26645180, 26645180]",0,0,0,CXL,0,8388608,0,8388608,8388608,8388608,1.0,hot,0,0,0,0,1.0,16777216
0,143,meta-llama/Llama-3.1-8B,81,154,13606161610,108328034854,94721873244,88940330969,89028526857,79074255,"[26695203, 26695203, 26695203, 26695203, 196665329, 26695203, 26695203, 26695203, 26695203, 26695203, 26695203, 26695203, 26695203, 26695203, 26695203, 26695203, 26695203, 26615821, 26615821, 26615821, 26706189, 26706189, 26706189, 26706189, 26706189, 26706189, 26706189, 26706189, 26706189, 26706189, 26706189, 26706189, 26706189, 26706189, 26706189, 26706189, 26706189, 26706189, 26706189, 26706189, 26706189, 26706189, 26706189, 26706189, 26706189, 26706189, 26706189, 26706189, 26706189, 26706189, 26706189, 26706189, 3630759599, 26645180, 26645180, 26645180, 26645180, 26645180, 26645180, 26645180, 26645180, 26645180, 26454608, 26454608, 26454608, 26454608, 26454608, 26454608, 26454608, 26454608, 26454608, 26454608]",0,0,0,NPU,0,0,0,0,0,0,1.0,hot,0,0,0,0,1.0,0
0,120,meta-llama/Llama-3.1-8B,1136,1573,11291777112,108433750142,97141973030,79305483958,79656610368,40104042,"[26428822, 26428822, 26428822, 26428822, 26428822, 26428822, 26428822, 26428822, 27286840, 27286840, 52772467, 26843454, 26843454, 26843454, 26843454, 26843454, 26843454, 26843454, 26843454, 26843454, 26843454, 26843454, 26843454, 26843454, 26843454, 26843454, 26843454, 26573059, 26573059, 26573059, 26573059, 26573059, 26573059, 26573059, 26573059, 26573059, 26573059, 26573059, 26573059, 26573059, 26573059, 26573059, 26573059, 26573059, 26246582, 26246582, 26246582, 26309846, 26309846, 26309846, 26309846, 26309846, 26309846, 26309846, 26309846, 26309846, 26309846, 26309846, 26309846, 26309846, 26309846, 26309846, 26309846, 26309846, 26309846, 26309846, 26309846, 26309846, 26309846, 26309846, 26309846, 26309846, 26309846, 26309846, 26309846, 26309846, 26309846, 26309846, 26309846, 26309846, 26309846, 26309846, 26309846, 26309846, 26309846, 26309846, 26309846, 26309846, 26309846, 26309846, 26309846, 26309846, 26309846, 26309846, 26309846, 26309846, 26309846, 26309846, 26309846, 26309846, 26467984, 26467984, 26467984, 26467984, 26467984, 26467984, 26467984, 26467984, 26467984, 26467984, 26467984, 26467984, 26467984, 26467984, 26467984, 26467984, 26467984, 26467984, 26519806, 26519806, 319109265, 26454608, 26454608, 26454608, 26519806, 26519806, 26638708, 2309199718, 2446543023, 26706189, 26706189, 26706189, 26706189, 26706189, 26706189, 26706189, 26706189, 26706189, 26706189, 26706189, 26706189, 26706189, 26706189, 26503322, 275930274, 26503322, 26503322, 26515239, 26515239, 26515239, 26515239, 26515239, 26268629, 26268629, 26710806, 26645180, 26645180, 26645180, 26645180, 26645180, 26645180, 26645180, 26645180, 26645180, 26645180, 26645180, 26645180, 26645180, 26645180, 26645180, 26645180, 26444528, 26444528, 26380886, 26380886, 312185125, 26454608, 26454608, 26454608, 26454608, 26454608, 26454608, 26454608, 26637795, 26637795, 26324758, 27948373, 28253013, 28253013, 28253013, 28253013, 26259791, 26128629, 26128629, 26128629, 26128629, 26128629, 26128629, 27145695, 27145695, 27145695, 27145695, 27145695, 27145695, 27145695, 27145695, 27145695, 27276857, 27145695, 27145695, 27145695, 27145695, 27145695, 27145695, 27145695, 27145695, 27145695, 27145695, 27145695, 27145695, 27145695, 27145695, 27145695, 27276857, 27145695, 27145695, 27145695, 88195888, 26695203, 26695203, 26695203, 26695203, 196665329, 26695203, 26695203, 26695203, 26695203, 26695203, 26695203, 26695203, 26695203, 26695203, 26695203, 26695203, 26695203, 26615821, 26615821, 26615821, 26706189, 26706189, 26706189, 26706189, 26706189, 26706189, 26706189, 26706189, 26706189, 26706189, 26706189, 26706189, 26706189, 26706189, 26706189, 26706189, 26706189, 26706189, 26706189, 26706189, 26706189, 26706189, 26706189, 26706189, 26706189, 26706189, 26706189, 26706189, 26706189, 26706189, 26706189, 26706189, 26421342, 26421342, 26421342, 25921863, 25921863, 25921863, 25921863, 26801725, 26637795, 26464944, 26464944, 27200027, 27200027, 27200027, 27200027, 27200027, 27200027, 27200027, 27200027, 27200027, 27200027, 27200027, 27200027, 27537935, 27275701, 27275701, 27275701, 27275701, 27275701, 27275701, 27275701, 27275701, 27275701, 27275701, 27275701, 27275701, 27275701, 27275701, 27275701, 27275701, 27275701, 27275701, 27275701, 27275701, 27275701, 27275701, 27275701, 27275701, 27275701, 27275701, 27275701, 27275701, 27275701, 27275701, 27275701, 27200027, 27200027, 27200027, 27200027, 27200027, 27200027, 27200027, 27200027, 27200027, 27360987, 27360987, 27360987, 27360987, 27360987, 27360987, 27360987, 27537935, 27555797, 27555797, 27555797, 27555797, 27555797, 27555797, 27555797, 27555797, 27555797, 27555797, 27555797, 27555797, 27555797, 27555797, 27555797, 27555797, 27555797, 27555797, 27555797, 27555797, 27555797, 27555797, 27555797, 27555797, 27555797, 27555797, 27555797, 27555797, 27555797, 27555797, 27555797, 27360987, 27360987, 27360987, 27360987, 27360987, 27360987, 27360987, 27360987, 27360987, 27360987, 27360987, 27360987, 27360987, 27360987, 27360987, 27360987, 27818031, 27555797, 27555797, 27555797, 27555797, 27555797, 27555797, 27555797, 27555797, 27555797, 27555797, 27555797, 27555797, 27595542, 26645180, 26645180, 26645180, 26645180, 26645180, 26645180, 26645180, 26645180, 26645180, 26454608, 26454608, 26454608, 26454608, 26454608, 26454608, 26454608, 26454608, 26454608, 26454608, 26428822, 26428822, 26428822, 26428822]",0,0,0,NPU,0,0,0,0,0,0,1.0,hot,0,0,0,0,1.0,0
0,127,meta-llama/Llama-3.1-8B,12,168,12017225575,109073518500,97056292925,82133800803,82452910068,94215373,"[26454608, 26454608, 26454608, 2388878038, 2446543023, 26706189, 26706189, 26706189, 26706189, 26706189, 26706189, 26706189, 26706189, 26706189, 26706189, 26706189, 26706189, 26706189, 26706189, 567264499, 26645180, 26645180, 26645180, 26645180, 26645180, 26645180, 26645180, 26645180, 26645180, 26645180, 26645180, 26645180, 26645180, 26645180, 26645180, 26645180, 26444528, 26444528, 26380886, 26380886, 312185125, 26454608, 26454608, 26454608, 26454608, 26454608, 26454608, 26454608, 26637795, 26637795, 26324758, 1199675357, 26695203, 26695203, 26695203, 26695203, 196665329, 26695203, 26695203, 26695203, 26695203, 26695203, 26695203, 26695203, 26695203, 26695203, 26695203, 26695203, 26695203, 26615821, 26615821, 26615821, 26706189, 26706189, 26706189, 26706189, 26706189, 26706189, 26706189, 26706189, 26706189, 26706189, 26706189, 26706189, 26706189, 26706189, 26706189, 26706189, 26706189, 26706189, 26706189, 26706189, 26706189, 26706189, 26706189, 26706189, 26706189, 26706189, 26706189, 26706189, 26706189, 26706189, 26706189, 26706189, 26421342, 26421342, 26421342, 25921863, 25921863, 25921863, 25921863, 26801725, 26637795, 26464944, 26464944, 3341438713, 26645180, 26645180, 26645180, 26645180, 26645180, 26645180, 26645180, 26645180, 26645180, 26454608, 26454608, 26454608, 26454608, 26454608, 26454608, 26454608, 26454608, 26454608, 26454608, 26428822, 26428822, 26428822, 26428822, 240090658, 26645180, 26645180, 26645180, 26645180, 26645180, 26645180, 26645180, 26645180, 26645180, 26645180, 26645180, 26645180, 26645180, 26645180, 26645180]",0,0,0,CXL,0,35651584,0,35651584,35651584,35651584,1.0,hot,0,0,0,0,1.0,71303168
0,123,meta-llama/Llama-3.1-8B,359,1025,11568133663,115029367003,103461233340,79029127407,79380253817,36211999,"[26428822, 26428822, 26428822, 26428822, 26428822, 26428822, 26428822, 26428822, 27286840, 27286840, 52772467, 26843454, 26843454, 26843454, 26843454, 26843454, 26843454, 26843454, 26843454, 26843454, 26843454, 26843454, 26843454, 26843454, 26843454, 26843454, 26843454, 26573059, 26573059, 26573059, 26573059, 26573059, 26573059, 26573059, 26573059, 26573059, 26573059, 26573059, 26573059, 26573059, 26573059, 26573059, 26573059, 26573059, 26246582, 26246582, 26246582, 26309846, 26309846, 26309846, 26309846, 26309846, 26309846, 26309846, 26309846, 26309846, 26309846, 26309846, 26309846, 26309846, 26309846, 26309846, 26309846, 26309846, 26309846, 26309846, 26309846, 26309846, 26309846, 26309846, 26309846, 26309846, 26309846, 26309846, 26309846, 26309846, 26309846, 26309846, 26309846, 26309846, 26309846, 26309846, 26309846, 26309846, 26309846, 26309846, 26309846, 26309846, 26309846, 26309846, 26309846, 26309846, 26309846, 26309846, 26309846, 26309846, 26309846, 26309846, 26309846, 26309846, 26467984, 26467984, 26467984, 26467984, 26467984, 26467984, 26467984, 26467984, 26467984, 26467984, 26467984, 26467984, 26467984, 26467984, 26467984, 26467984, 26467984, 26467984, 26519806, 26519806, 319109265, 26454608, 26454608, 26454608, 26519806, 26519806, 26638708, 2309199718, 2446543023, 26706189, 26706189, 26706189, 26706189, 26706189, 26706189, 26706189, 26706189, 26706189, 26706189, 26706189, 26706189, 26706189, 26706189, 26503322, 275930274, 26503322, 26503322, 26515239, 26515239, 26515239, 26515239, 26515239, 79248064, 26645180, 26645180, 26645180, 26645180, 26645180, 26645180, 26645180, 26645180, 26645180, 26645180, 26645180, 26645180, 26645180, 26645180, 26645180, 26645180, 26444528, 26444528, 26380886, 26380886, 312185125, 26454608, 26454608, 26454608, 26454608, 26454608, 26454608, 26454608, 26637795, 26637795, 26324758, 167220216, 26128629, 26128629, 26128629, 26128629, 26128629, 26128629, 27145695, 27145695, 27145695, 27145695, 27145695, 27145695, 27145695, 27145695, 27145695, 27276857, 27145695, 27145695, 27145695, 27145695, 27145695, 27145695, 27145695, 27145695, 27145695, 27145695, 27145695, 27145695, 27145695, 27145695, 27145695, 27276857, 27145695, 27145695, 27145695, 88195888, 26695203, 26695203, 26695203, 26695203, 196665329, 26695203, 26695203, 26695203, 26695203, 26695203, 26695203, 26695203, 26695203, 26695203, 26695203, 26695203, 26695203, 26615821, 26615821, 26615821, 26706189, 26706189, 26706189, 26706189, 26706189, 26706189, 26706189, 26706189, 26706189, 26706189, 26706189, 26706189, 26706189, 26706189, 26706189, 26706189, 26706189, 26706189, 26706189, 26706189, 26706189, 26706189, 26706189, 26706189, 26706189, 26706189, 26706189, 26706189, 26706189, 26706189, 26706189, 26706189, 26421342, 26421342, 26421342, 25921863, 25921863, 25921863, 25921863, 26801725, 26637795, 26464944, 26464944, 27200027, 27200027, 27200027, 27200027, 27200027, 27200027, 27200027, 27200027, 27200027, 27200027, 27200027, 27200027, 27537935, 27275701, 27275701, 27275701, 27275701, 27275701, 27275701, 27275701, 27275701, 27275701, 27275701, 27275701, 27275701, 27275701, 27275701, 27275701, 27275701, 27275701, 27275701, 27275701, 27275701, 27275701, 27275701, 27275701, 27275701, 27275701, 27275701, 27275701, 27275701, 27275701, 27275701, 27275701, 27200027, 27200027, 27200027, 27200027, 27200027, 27200027, 27200027, 27200027, 27200027, 27360987, 27360987, 27360987, 27360987, 27360987, 27360987, 27360987, 27537935, 27555797, 27555797, 27555797, 27555797, 27555797, 27555797, 27555797, 27555797, 27555797, 27555797, 27555797, 27555797, 27555797, 27555797, 27555797, 27555797, 27555797, 27555797, 27555797, 27555797, 27555797, 27555797, 27555797, 27555797, 27555797, 27555797, 27555797, 27555797, 27555797, 27555797, 27555797, 27360987, 27360987, 27360987, 27360987, 27360987, 27360987, 27360987, 27360987, 27360987, 27360987, 27360987, 27360987, 27360987, 27360987, 27360987, 27360987, 27818031, 27555797, 27555797, 27555797, 27555797, 27555797, 27555797, 27555797, 27555797, 27555797, 27555797, 27555797, 27555797, 27595542, 26645180, 26645180, 26645180, 26645180, 26645180, 26645180, 26645180, 26645180, 26645180, 26454608, 26454608, 26454608, 26454608, 26454608, 26454608, 26454608, 26454608, 26454608, 26454608, 26428822, 26428822, 26428822, 26428822, 240090658, 26645180, 26645180, 26645180, 26645180, 26645180, 26645180, 26645180, 26645180, 26645180, 26645180, 26645180, 26645180, 26645180, 26645180, 26645180, 26454608, 26454608, 26454608, 26454608, 26454608, 26454608, 26454608, 26454608, 26454608, 26454608, 26454608, 26454608, 26454608, 26454608, 26454608, 26637795, 26637795, 26637795, 26637795, 25846330, 28044382, 28044382, 28044382, 28044382, 28044382, 28044382, 28044382, 26867261, 26637795, 26637795, 26637795, 25916533, 25487317, 26851835, 26851835, 26851835, 26851835, 26851835, 26851835, 26851835, 26851835, 26851835, 26851835, 26372590, 26077588, 26077588, 26077588, 26077588, 26077588, 26077588, 26077588, 26077588, 26077588, 26077588, 26077588, 25846330, 25846330, 25846330, 25846330, 27277909, 26851835, 26851835, 26851835, 26851835, 26851835, 26851835, 26851835, 26851835, 26851835, 26851835, 26851835, 26851835, 26851835, 26851835, 26851835, 26851835, 26851835, 26851835, 26851835, 26851835, 26851835, 26851835, 26851835, 26851835, 26851835, 26851835, 26851835, 26851835, 26851835, 26851835, 26851835, 26851835, 27019707, 27019707, 27019707, 27019707, 27019707, 27019707, 27019707, 27019707, 27019707, 27019707, 27019707, 27019707, 27019707, 27019707, 27019707, 27019707, 27019707, 27019707, 27019707, 27019707, 27019707, 27019707, 27019707, 27019707, 27019707, 27019707, 27019707, 27019707, 27019707, 27019707, 27019707, 27019707, 27019707, 27019707, 27019707, 27019707, 27019707, 27019707, 27019707, 27019707, 27019707, 27019707, 27019707, 27019707, 27019707, 27019707, 27019707, 27019707, 27019707, 27019707, 27019707, 27019707, 27019707, 27019707, 27019707, 27019707, 27019707, 27019707, 27019707, 27019707, 27019707, 27019707, 27019707, 28738558, 29084190, 29084190, 29084190, 29084190, 29084190, 29084190, 29084190, 29084190, 29084190, 29084190, 29084190, 29084190, 29084190, 29084190, 29084190, 27626101, 27200027, 27200027, 27200027, 27200027, 27200027, 27200027, 27200027, 27200027, 27200027, 27200027, 27200027, 27200027, 27200027, 27200027, 27200027, 27200027, 27200027, 27200027, 27200027, 27200027, 27200027, 27200027, 27200027, 27200027, 27200027, 27200027, 27200027, 27200027, 27200027, 27200027, 27200027, 27200027, 27200027, 27200027, 27200027, 27200027, 27200027, 27200027, 27200027, 27200027, 27200027, 27200027, 27200027, 27200027, 27200027, 27200027, 27200027, 27200027]",0,0,0,NPU,0,0,0,0,0,0,1.0,hot,0,0,0,0,1.0,0
0,130,meta-llama/Llama-3.1-8B,7,234,12143438162,115796040643,103652602481,82007588216,82326697481,94362411,"[26454608, 26454608, 26454608, 2388878038, 2446543023, 26706189, 26706189, 26706189, 26706189, 26706189, 26706189, 26706189, 26706189, 26706189, 26706189, 26706189, 26706189, 26706189, 26706189, 567264499, 26645180, 26645180, 26645180, 26645180, 26645180, 26645180, 26645180, 26645180, 26645180, 26645180, 26645180, 26645180, 26645180, 26645180, 26645180, 26645180, 26444528, 26444528, 26380886, 26380886, 312185125, 26454608, 26454608, 26454608, 26454608, 26454608, 26454608, 26454608, 26637795, 26637795, 26324758, 1199675357, 26695203, 26695203, 26695203, 26695203, 196665329, 26695203, 26695203, 26695203, 26695203, 26695203, 26695203, 26695203, 26695203, 26695203, 26695203, 26695203, 26695203, 26615821, 26615821, 26615821, 26706189, 26706189, 26706189, 26706189, 26706189, 26706189, 26706189, 26706189, 26706189, 26706189, 26706189, 26706189, 26706189, 26706189, 26706189, 26706189, 26706189, 26706189, 26706189, 26706189, 26706189, 26706189, 26706189, 26706189, 26706189, 26706189, 26706189, 26706189, 26706189, 26706189, 26706189, 26706189, 26421342, 26421342, 26421342, 25921863, 25921863, 25921863, 25921863, 26801725, 26637795, 26464944, 26464944, 3341438713, 26645180, 26645180, 26645180, 26645180, 26645180, 26645180, 26645180, 26645180, 26645180, 26454608, 26454608, 26454608, 26454608, 26454608, 26454608, 26454608, 26454608, 26454608, 26454608, 26428822, 26428822, 26428822, 26428822, 240090658, 26645180, 26645180, 26645180, 26645180, 26645180, 26645180, 26645180, 26645180, 26645180, 26645180, 26645180, 26645180, 26645180, 26645180, 26645180, 26454608, 26454608, 26454608, 26454608, 26454608, 26454608, 26454608, 26454608, 26454608, 26454608, 26454608, 26454608, 26454608, 26454608, 26454608, 26637795, 26637795, 26637795, 26637795, 25846330, 223177935, 26637795, 26637795, 26637795, 25916533, 25487317, 294890940, 26077588, 26077588, 26077588, 26077588, 26077588, 26077588, 26077588, 26077588, 26077588, 26077588, 26077588, 25846330, 25846330, 25846330, 25846330, 4414812143, 26428822, 26428822, 26428822, 26428822, 26428822, 26428822, 26428822, 26428822, 26428822, 26428822, 26428822, 26428822, 26428822, 26428822, 26428822, 26428822, 26428822, 26428822, 26428822, 26428822, 26428822, 26428822, 26428822, 26428822, 26428822, 26428822, 25859550, 25859550]",0,0,0,CXL,0,56623104,0,56623104,56623104,56623104,1.0,hot,0,0,0,0,1.0,113246208
0,129,meta-llama/Llama-3.1-8B,10,305,12089410830,117596513906,105507103076,82061615548,82380724813,78661150,"[26454608, 26454608, 26454608, 2388878038, 2446543023, 26706189, 26706189, 26706189, 26706189, 26706189, 26706189, 26706189, 26706189, 26706189, 26706189, 26706189, 26706189, 26706189, 26706189, 567264499, 26645180, 26645180, 26645180, 26645180, 26645180, 26645180, 26645180, 26645180, 26645180, 26645180, 26645180, 26645180, 26645180, 26645180, 26645180, 26645180, 26444528, 26444528, 26380886, 26380886, 312185125, 26454608, 26454608, 26454608, 26454608, 26454608, 26454608, 26454608, 26637795, 26637795, 26324758, 1199675357, 26695203, 26695203, 26695203, 26695203, 196665329, 26695203, 26695203, 26695203, 26695203, 26695203, 26695203, 26695203, 26695203, 26695203, 26695203, 26695203, 26695203, 26615821, 26615821, 26615821, 26706189, 26706189, 26706189, 26706189, 26706189, 26706189, 26706189, 26706189, 26706189, 26706189, 26706189, 26706189, 26706189, 26706189, 26706189, 26706189, 26706189, 26706189, 26706189, 26706189, 26706189, 26706189, 26706189, 26706189, 26706189, 26706189, 26706189, 26706189, 26706189, 26706189, 26706189, 26706189, 26421342, 26421342, 26421342, 25921863, 25921863, 25921863, 25921863, 26801725, 26637795, 26464944, 26464944, 3341438713, 26645180, 26645180, 26645180, 26645180, 26645180, 26645180, 26645180, 26645180, 26645180, 26454608, 26454608, 26454608, 26454608, 26454608, 26454608, 26454608, 26454608, 26454608, 26454608, 26428822, 26428822, 26428822, 26428822, 240090658, 26645180, 26645180, 26645180, 26645180, 26645180, 26645180, 26645180, 26645180, 26645180, 26645180, 26645180, 26645180, 26645180, 26645180, 26645180, 26454608, 26454608, 26454608, 26454608, 26454608, 26454608, 26454608, 26454608, 26454608, 26454608, 26454608, 26454608, 26454608, 26454608, 26454608, 26637795, 26637795, 26637795, 26637795, 25846330, 223177935, 26637795, 26637795, 26637795, 25916533, 25487317, 294890940, 26077588, 26077588, 26077588, 26077588, 26077588, 26077588, 26077588, 26077588, 26077588, 26077588, 26077588, 25846330, 25846330, 25846330, 25846330, 4414812143, 26428822, 26428822, 26428822, 26428822, 26428822, 26428822, 26428822, 26428822, 26428822, 26428822, 26428822, 26428822, 26428822, 26428822, 26428822, 26428822, 26428822, 26428822, 26428822, 26428822, 26428822, 26428822, 26428822, 26428822, 26428822, 26428822, 25859550, 25859550, 27286840, 27286840, 27286840, 27286840, 27286840, 27286840, 27286840, 27286840, 27286840, 27286840, 27286840, 27286840, 27286840, 25853850, 25853850, 25853850, 25487317, 25487317, 27138456, 26843454, 26843454, 26843454, 26843454, 25921863, 25921863, 25921863, 25921863, 25921863, 25921863, 26357563, 26357563, 26357563, 26357563, 26357563, 26861551, 26468245, 26468245, 26468245, 26468245, 26468245, 26468245, 26468245, 26468245, 26468245, 26468245, 26468245, 26468245, 26468245, 26468245, 26468245, 26468245, 26468245, 26468245, 26468245, 26468245, 25491349, 26211925, 26211925, 26211925, 26211925, 26211925, 26211925, 26211925, 26211925, 26211925, 26211925, 26048495, 25491349]",0,0,0,CXL,0,56623104,0,56623104,56623104,56623104,1.0,hot,0,0,0,0,1.0,113246208
0,145,meta-llama/Llama-3.1-8B,651,811,13643445024,117704022616,104060577592,89098024255,89294689584,92867220,"[26695203, 26695203, 26695203, 26695203, 26695203, 26695203, 26695203, 26695203, 26695203, 26695203, 26695203, 26695203, 26615821, 26615821, 26615821, 26706189, 26706189, 26706189, 26706189, 26706189, 26706189, 26706189, 26706189, 26706189, 26706189, 26706189, 26706189, 26706189, 26706189, 26706189, 26706189, 26706189, 26706189, 26706189, 26706189, 26706189, 26706189, 26706189, 26706189, 26706189, 26706189, 26706189, 26706189, 26706189, 26706189, 26706189, 26706189, 3630759599, 26645180, 26645180, 26645180, 26645180, 26645180, 26645180, 26645180, 26645180, 26645180, 26454608, 26454608, 26454608, 26454608, 26454608, 26454608, 26454608, 26454608, 26454608, 26454608, 26428822, 26428822, 26428822, 26428822, 240090658, 26645180, 26645180, 26645180, 26645180, 26645180, 26645180, 26645180, 26645180, 26645180, 26645180, 26645180, 26645180, 26645180, 26645180, 26645180, 26454608, 26454608, 26454608, 26454608, 26454608, 26454608, 26454608, 26454608, 26454608, 26454608, 26454608, 26454608, 26454608, 26454608, 26454608, 26637795, 26637795, 26637795, 26637795, 249024265, 26637795, 26637795, 26637795, 5151345721, 26428822, 26428822, 26428822, 26428822, 26428822, 26428822, 26428822, 26428822, 26428822, 26428822, 26428822, 26428822, 26428822, 26428822, 26428822, 26428822, 26428822, 26428822, 26428822, 26428822, 26428822, 26428822, 26428822, 26428822, 26428822, 26428822, 79005940, 27286840, 27286840, 27286840, 27286840, 27286840, 27286840, 27286840, 27286840, 27286840, 27286840, 27286840, 27286840, 155674640, 26843454, 26843454, 26843454, 26843454, 1210285836, 26639587, 26639587, 26639587]",0,0,0,NPU,0,0,0,0,0,0,1.0,hot,0,0,0,0,1.0,0
0,136,meta-llama/Llama-3.1-8B,20,307,12621009563,118129486562,105508476999,86733973144,86763910965,65540440,"[26706189, 26706189, 26706189, 26706189, 26706189, 26706189, 26706189, 26706189, 26706189, 26706189, 26706189, 26706189, 26706189, 26706189, 567264499, 26645180, 26645180, 26645180, 26645180, 26645180, 26645180, 26645180, 26645180, 26645180, 26645180, 26645180, 26645180, 26645180, 26645180, 26645180, 26645180, 26444528, 26444528, 26380886, 26380886, 312185125, 26454608, 26454608, 26454608, 26454608, 26454608, 26454608, 26454608, 1279275705, 26695203, 26695203, 26695203, 26695203, 196665329, 26695203, 26695203, 26695203, 26695203, 26695203, 26695203, 26695203, 26695203, 26695203, 26695203, 26695203, 26695203, 26615821, 26615821, 26615821, 26706189, 26706189, 26706189, 26706189, 26706189, 26706189, 26706189, 26706189, 26706189, 26706189, 26706189, 26706189, 26706189, 26706189, 26706189, 26706189, 26706189, 26706189, 26706189, 26706189, 26706189, 26706189, 26706189, 26706189, 26706189, 26706189, 26706189, 26706189, 26706189, 26706189, 26706189, 26706189, 26421342, 26421342, 26421342, 130489177, 26637795, 26464944, 26464944, 3341438713, 26645180, 26645180, 26645180, 26645180, 26645180, 26645180, 26645180, 26645180, 26645180, 26454608, 26454608, 26454608, 26454608, 26454608, 26454608, 26454608, 26454608, 26454608, 26454608, 26428822, 26428822, 26428822, 26428822, 240090658, 26645180, 26645180, 26645180, 26645180, 26645180, 26645180, 26645180, 26645180, 26645180, 26645180, 26645180, 26645180, 26645180, 26645180, 26645180, 26454608, 26454608, 26454608, 26454608, 26454608, 26454608, 26454608, 26454608, 26454608, 26454608, 26454608, 26454608, 26454608, 26454608, 26454608, 26637795, 26637795, 26637795, 26637795, 25846330, 223177935, 26637795, 26637795, 26637795, 25916533, 320378257, 26077588, 26077588, 26077588, 26077588, 26077588, 26077588, 26077588, 26077588, 26077588, 26077588, 26077588, 25846330, 25846330, 25846330, 25846330, 4414812143, 26428822, 26428822, 26428822, 26428822, 26428822, 26428822, 26428822, 26428822, 26428822, 26428822, 26428822, 26428822, 26428822, 26428822, 26428822, 26428822, 26428822, 26428822, 26428822, 26428822, 26428822, 26428822, 26428822, 26428822, 26428822, 26428822, 25859550, 25859550, 27286840, 27286840, 27286840, 27286840, 27286840, 27286840, 27286840, 27286840, 27286840, 27286840, 27286840, 27286840, 27286840, 25853850, 25853850, 25853850, 25487317, 25487317, 27138456, 26843454, 26843454, 26843454, 26843454, 25921863, 25921863, 25921863, 25921863, 25921863, 25921863, 158649366, 26468245, 26468245, 26468245, 26468245, 26468245, 26468245, 26468245, 26468245, 26468245, 26468245, 26468245, 26468245, 26468245, 26468245, 26468245, 26468245, 26468245, 26468245, 26468245, 26468245, 25491349, 288167745, 25491349, 27589949, 26639587, 26639587, 26639587, 26868061, 26573059, 26573059, 26573059, 26573059, 26573059, 26573059, 26573059, 26573059, 26573059, 26573059, 26573059, 26573059, 26573059, 26573059, 26573059]",0,0,0,NPU,0,0,0,0,0,0,1.0,hot,0,0,0,0,1.0,0
0,142,meta-llama/Llama-3.1-8B,132,325,13570368564,118445204714,104874836150,88976124015,89064319903,82346438,"[26695203, 26695203, 26695203, 26695203, 196665329, 26695203, 26695203, 26695203, 26695203, 26695203, 26695203, 26695203, 26695203, 26695203, 26695203, 26695203, 26695203, 26615821, 26615821, 26615821, 26706189, 26706189, 26706189, 26706189, 26706189, 26706189, 26706189, 26706189, 26706189, 26706189, 26706189, 26706189, 26706189, 26706189, 26706189, 26706189, 26706189, 26706189, 26706189, 26706189, 26706189, 26706189, 26706189, 26706189, 26706189, 26706189, 26706189, 26706189, 26706189, 26706189, 26706189, 26706189, 3630759599, 26645180, 26645180, 26645180, 26645180, 26645180, 26645180, 26645180, 26645180, 26645180, 26454608, 26454608, 26454608, 26454608, 26454608, 26454608, 26454608, 26454608, 26454608, 26454608, 26428822, 26428822, 26428822, 26428822, 240090658, 26645180, 26645180, 26645180, 26645180, 26645180, 26645180, 26645180, 26645180, 26645180, 26645180, 26645180, 26645180, 26645180, 26645180, 26645180, 26454608, 26454608, 26454608, 26454608, 26454608, 26454608, 26454608, 26454608, 26454608, 26454608, 26454608, 26454608, 26454608, 26454608, 26454608, 26637795, 26637795, 26637795, 26637795, 249024265, 26637795, 26637795, 26637795, 5151345721, 26428822, 26428822, 26428822, 26428822, 26428822, 26428822, 26428822, 26428822, 26428822, 26428822, 26428822, 26428822, 26428822, 26428822, 26428822, 26428822, 26428822, 26428822, 26428822, 26428822, 26428822, 26428822, 26428822, 26428822, 26428822, 26428822, 79005940, 27286840, 27286840, 27286840, 27286840, 27286840, 27286840, 27286840, 27286840, 27286840, 27286840, 27286840, 27286840, 155674640, 26843454, 26843454, 26843454, 26843454, 1210285836, 26639587, 26639587, 26639587, 26868061, 26573059, 26573059, 26573059, 26573059, 26573059, 26573059, 26573059, 26573059, 26573059, 26573059, 26573059, 26573059, 26573059, 26573059, 26573059, 26309846, 26309846, 26309846, 26309846, 26309846, 26309846, 26309846, 26309846, 26309846, 26309846, 26309846, 26309846]",0,0,0,NPU,0,0,0,0,0,0,1.0,hot,0,0,0,0,1.0,0
0,147,meta-llama/Llama-3.1-8B,1021,1140,13807346194,118736352538,104929006344,94626403948,94866494606,85275523,"[26645180, 26645180, 26645180, 26645180, 26645180, 26645180, 26645180, 26645180, 26645180, 26645180, 26645180, 26645180, 26645180, 26645180, 26645180, 26454608, 26454608, 26454608, 26454608, 26454608, 26454608, 26454608, 26454608, 26454608, 26454608, 26454608, 26454608, 26454608, 26454608, 26454608, 5586834551, 26428822, 26428822, 26428822, 26428822, 26428822, 26428822, 26428822, 26428822, 26428822, 26428822, 26428822, 26428822, 26428822, 26428822, 26428822, 26428822, 26428822, 26428822, 26428822, 26428822, 26428822, 26428822, 26428822, 26428822, 26428822, 26428822, 79005940, 27286840, 27286840, 27286840, 27286840, 27286840, 27286840, 27286840, 27286840, 27286840, 27286840, 27286840, 27286840, 155674640, 26843454, 26843454, 26843454, 26843454, 1210285836, 26639587, 26639587, 26639587, 26868061, 26573059, 26573059, 26573059, 26573059, 26573059, 26573059, 26573059, 26573059, 26573059, 26573059, 26573059, 26573059, 26573059, 26573059, 26573059, 26309846, 26309846, 26309846, 26309846, 26309846, 26309846, 26309846, 26309846, 26309846, 26309846, 26309846, 26309846, 26467984, 26467984, 26467984, 26467984, 26467984, 26467984, 26467984, 26467984, 26467984, 26467984, 26467984]",0,0,0,NPU,0,0,0,0,0,0,1.0,hot,0,0,0,0,1.0,0
0,128,meta-llama/Llama-3.1-8B,784,1417,12017923215,122986160357,110968237142,82133103163,82452212428,45120292,"[26454608, 26454608, 26454608, 2388878038, 2446543023, 26706189, 26706189, 26706189, 26706189, 26706189, 26706189, 26706189, 26706189, 26706189, 26706189, 26706189, 26706189, 26706189, 26706189, 567264499, 26645180, 26645180, 26645180, 26645180, 26645180, 26645180, 26645180, 26645180, 26645180, 26645180, 26645180, 26645180, 26645180, 26645180, 26645180, 26645180, 26444528, 26444528, 26380886, 26380886, 312185125, 26454608, 26454608, 26454608, 26454608, 26454608, 26454608, 26454608, 26637795, 26637795, 26324758, 1199675357, 26695203, 26695203, 26695203, 26695203, 196665329, 26695203, 26695203, 26695203, 26695203, 26695203, 26695203, 26695203, 26695203, 26695203, 26695203, 26695203, 26695203, 26615821, 26615821, 26615821, 26706189, 26706189, 26706189, 26706189, 26706189, 26706189, 26706189, 26706189, 26706189, 26706189, 26706189, 26706189, 26706189, 26706189, 26706189, 26706189, 26706189, 26706189, 26706189, 26706189, 26706189, 26706189, 26706189, 26706189, 26706189, 26706189, 26706189, 26706189, 26706189, 26706189, 26706189, 26706189, 26421342, 26421342, 26421342, 25921863, 25921863, 25921863, 25921863, 26801725, 26637795, 26464944, 26464944, 3341438713, 26645180, 26645180, 26645180, 26645180, 26645180, 26645180, 26645180, 26645180, 26645180, 26454608, 26454608, 26454608, 26454608, 26454608, 26454608, 26454608, 26454608, 26454608, 26454608, 26428822, 26428822, 26428822, 26428822, 240090658, 26645180, 26645180, 26645180, 26645180, 26645180, 26645180, 26645180, 26645180, 26645180, 26645180, 26645180, 26645180, 26645180, 26645180, 26645180, 26454608, 26454608, 26454608, 26454608, 26454608, 26454608, 26454608, 26454608, 26454608, 26454608, 26454608, 26454608, 26454608, 26454608, 26454608, 26637795, 26637795, 26637795, 26637795, 25846330, 223177935, 26637795, 26637795, 26637795, 25916533, 25487317, 26851835, 26851835, 26851835, 26851835, 26851835, 26851835, 26851835, 26851835, 26851835, 26851835, 26372590, 26077588, 26077588, 26077588, 26077588, 26077588, 26077588, 26077588, 26077588, 26077588, 26077588, 26077588, 25846330, 25846330, 25846330, 25846330, 27277909, 26851835, 26851835, 26851835, 26851835, 26851835, 26851835, 26851835, 26851835, 26851835, 26851835, 26851835, 26851835, 26851835, 26851835, 26851835, 26851835, 26851835, 26851835, 26851835, 26851835, 26851835, 26851835, 26851835, 26851835, 26851835, 26851835, 26851835, 26851835, 26851835, 26851835, 26851835, 26851835, 27019707, 27019707, 27019707, 27019707, 27019707, 27019707, 27019707, 27019707, 27019707, 27019707, 27019707, 27019707, 27019707, 27019707, 27019707, 27019707, 27019707, 27019707, 27019707, 27019707, 27019707, 27019707, 27019707, 27019707, 27019707, 27019707, 27019707, 27019707, 27019707, 27019707, 27019707, 27019707, 27019707, 27019707, 27019707, 27019707, 27019707, 27019707, 27019707, 27019707, 27019707, 27019707, 27019707, 27019707, 27019707, 27019707, 27019707, 27019707, 27019707, 27019707, 27019707, 27019707, 27019707, 27019707, 27019707, 27019707, 27019707, 27019707, 27019707, 27019707, 27019707, 27019707, 27019707, 492627509, 27200027, 27200027, 27200027, 27200027, 27200027, 27200027, 27200027, 27200027, 27200027, 27200027, 27200027, 27200027, 27200027, 27200027, 27200027, 27200027, 27200027, 27200027, 27200027, 27200027, 27200027, 27200027, 27200027, 27200027, 27200027, 27200027, 27200027, 27200027, 27200027, 27200027, 27200027, 27200027, 27200027, 27200027, 27200027, 27200027, 27200027, 27200027, 27200027, 27200027, 27200027, 27200027, 27200027, 27200027, 27200027, 27200027, 27200027, 27200027, 27805168, 26428822, 26428822, 26428822, 26428822, 26428822, 26428822, 26428822, 26428822, 26428822, 26428822, 26428822, 26428822, 26428822, 26428822, 26428822, 26428822, 26428822, 26428822, 26428822, 26428822, 26428822, 26428822, 26428822, 26428822, 26428822, 26428822, 25859550, 25859550, 27286840, 27286840, 27286840, 27286840, 27286840, 27286840, 27286840, 27286840, 27286840, 27286840, 27286840, 27286840, 27286840, 25853850, 25853850, 25853850, 25487317, 25487317, 27138456, 26843454, 26843454, 26843454, 26843454, 25921863, 25921863, 25921863, 25921863, 25921863, 25921863, 26357563, 26357563, 26357563, 26357563, 26357563, 26861551, 26468245, 26468245, 26468245, 26468245, 26468245, 26468245, 26468245, 26468245, 26468245, 26468245, 26468245, 26468245, 26468245, 26468245, 26468245, 26468245, 26468245, 26468245, 26468245, 26468245, 25491349, 26211925, 26211925, 26211925, 26211925, 26211925, 26211925, 26211925, 26211925, 26211925, 26211925, 26048495, 25491349, 27589949, 26639587, 26639587, 26639587, 26868061, 26573059, 26573059, 26573059, 26573059, 26573059, 26573059, 26573059, 26573059, 26573059, 26573059, 26573059, 26573059, 26573059, 26573059, 26573059, 26309846, 26309846, 26309846, 26309846, 26309846, 26309846, 26309846, 26309846, 26309846, 26309846, 26309846, 26309846, 26467984, 26467984, 26467984, 26467984, 26467984, 26467984, 26467984, 26467984, 26467984, 26467984, 26467984, 350551123, 27286840, 26292502, 30291128, 30678174, 30678174, 30678174, 30678174, 30678174, 30678174, 30678174, 30678174, 30678174, 30678174, 30678174, 30678174, 30678174, 30678174, 30678174, 30711032, 30678174, 30678174, 30678174, 30678174, 30678174, 30678174, 30678174, 30678174, 30678174, 30678174, 30678174, 30678174, 30678174, 30678174, 30678174, 30711032, 30678174, 30678174, 30678174, 30678174, 30678174, 30678174, 30678174, 30678174, 30678174, 30678174, 30678174, 30678174, 30678174, 30678174, 30678174, 26654126, 26260820, 26260820, 26260820, 26638708, 26638708, 26638708, 26638708, 26638708, 26638708, 26638708, 26638708, 26638708, 26638708, 26638708, 26638708, 26603195, 26603195, 26603195, 26603195, 26603195, 26603195, 26603195, 26603195, 26603195, 26603195, 26603195, 26603195, 26603195, 26603195, 26603195, 26603195, 27032014, 26638708, 26638708, 26638708, 26638708, 26638708, 26638708, 26638708, 26638708, 26638708, 26638708, 26638708, 26638708, 26638708, 26638708, 26638708, 26603195, 26603195, 26603195, 26603195, 26603195, 26603195, 26603195, 26603195, 26603195, 26851835, 26851835, 26851835, 26851835, 26851835, 26851835, 26851835, 27282456, 26725310, 26725310, 26725310, 26725310, 26725310, 26725310, 26725310, 26725310, 26725310, 26725310, 26725310, 26725310, 26725310, 26725310, 26725310, 26725310, 26725310, 26725310, 26725310, 26725310, 26725310, 26725310, 26725310, 26725310]",0,0,0,NPU,0,0,0,0,0,0,1.0,hot,0,0,0,0,1.0,0
0,139,meta-llama/Llama-3.1-8B,742,1077,13144395522,123658550733,110514155211,87713649859,88025834984,67330300,"[26454608, 26454608, 26454608, 26454608, 26454608, 26454608, 26454608, 1279275705, 26695203, 26695203, 26695203, 26695203, 196665329, 26695203, 26695203, 26695203, 26695203, 26695203, 26695203, 26695203, 26695203, 26695203, 26695203, 26695203, 26695203, 26615821, 26615821, 26615821, 26706189, 26706189, 26706189, 26706189, 26706189, 26706189, 26706189, 26706189, 26706189, 26706189, 26706189, 26706189, 26706189, 26706189, 26706189, 26706189, 26706189, 26706189, 26706189, 26706189, 26706189, 26706189, 26706189, 26706189, 26706189, 26706189, 26706189, 26706189, 26706189, 26706189, 26706189, 26706189, 209753203, 26637795, 3394368601, 26645180, 26645180, 26645180, 26645180, 26645180, 26645180, 26645180, 26645180, 26645180, 26454608, 26454608, 26454608, 26454608, 26454608, 26454608, 26454608, 26454608, 26454608, 26454608, 26428822, 26428822, 26428822, 26428822, 240090658, 26645180, 26645180, 26645180, 26645180, 26645180, 26645180, 26645180, 26645180, 26645180, 26645180, 26645180, 26645180, 26645180, 26645180, 26645180, 26454608, 26454608, 26454608, 26454608, 26454608, 26454608, 26454608, 26454608, 26454608, 26454608, 26454608, 26454608, 26454608, 26454608, 26454608, 26637795, 26637795, 26637795, 26637795, 249024265, 26637795, 26637795, 26637795, 346294790, 26077588, 26077588, 26077588, 26077588, 26077588, 26077588, 26077588, 26077588, 26077588, 26077588, 26077588, 4518197463, 26428822, 26428822, 26428822, 26428822, 26428822, 26428822, 26428822, 26428822, 26428822, 26428822, 26428822, 26428822, 26428822, 26428822, 26428822, 26428822, 26428822, 26428822, 26428822, 26428822, 26428822, 26428822, 26428822, 26428822, 26428822, 26428822, 79005940, 27286840, 27286840, 27286840, 27286840, 27286840, 27286840, 27286840, 27286840, 27286840, 27286840, 27286840, 27286840, 25853850, 25853850, 25853850, 78113090, 26843454, 26843454, 26843454, 26843454, 314180544, 26468245, 26468245, 26468245, 26468245, 26468245, 26468245, 26468245, 26468245, 26468245, 26468245, 26468245, 26468245, 26468245, 26468245, 26468245, 26468245, 26468245, 26468245, 26468245, 26468245, 366740392, 26639587, 26639587, 26639587, 26868061, 26573059, 26573059, 26573059, 26573059, 26573059, 26573059, 26573059, 26573059, 26573059, 26573059, 26573059, 26573059, 26573059, 26573059, 26573059, 26309846, 26309846, 26309846, 26309846, 26309846, 26309846, 26309846, 26309846, 26309846, 26309846, 26309846, 26309846, 26467984, 26467984, 26467984, 26467984, 26467984, 26467984, 26467984, 26467984, 26467984, 26467984, 26467984, 350551123, 27286840, 26292502, 1498885148, 26260820, 26260820, 26260820, 26638708, 26638708, 26638708, 26638708, 26638708, 26638708, 26638708, 26638708, 26638708, 26638708, 26638708, 26638708, 452683134, 26638708, 26638708, 26638708, 26638708, 26638708, 26638708, 26638708, 26638708, 26638708, 26638708, 26638708, 26638708, 26638708, 26638708, 26638708, 454674056, 26725310, 26725310, 26725310, 26725310, 26725310, 26725310, 26725310, 26725310, 26725310, 26725310, 26725310, 26725310, 26725310, 26725310, 26725310, 26725310, 26725310, 26725310, 26725310, 26725310, 26725310, 26725310, 26725310, 26725310, 28262360, 26820478, 26820478, 26820478, 26820478, 26820478, 26843454, 26843454, 26843454, 26843454, 26843454, 26843454, 26843454, 26843454, 26843454, 26843454, 26843454, 26843454, 26843454, 26843454, 26843454, 26843454, 26843454, 26843454, 26843454]",0,0,0,NPU,0,0,0,0,0,0,1.0,hot,0,0,0,0,1.0,0
0,150,meta-llama/Llama-3.1-8B,1714,1742,14084179989,123658550733,109574370744,104652172549,105002723672,169320261,"[27286840, 26292502, 3873939714, 26820478, 26820478, 26820478, 26820478, 26820478, 26843454, 26843454, 26843454, 26843454, 26843454, 26843454, 26843454, 26843454, 26843454, 26843454, 26843454, 26843454, 26843454, 26843454, 26843454, 26843454, 26843454, 26843454, 26843454]",0,0,0,NPU,0,0,0,0,0,0,1.0,hot,0,0,0,0,1.0,0
0,144,meta-llama/Llama-3.1-8B,160,440,13639686577,124467090890,110827404313,88906806002,88995001890,78252338,"[26695203, 26695203, 26695203, 26695203, 196665329, 26695203, 26695203, 26695203, 26695203, 26695203, 26695203, 26695203, 26695203, 26695203, 26695203, 26695203, 26695203, 26615821, 26615821, 26615821, 26706189, 26706189, 26706189, 26706189, 26706189, 26706189, 26706189, 26706189, 26706189, 26706189, 26706189, 26706189, 26706189, 26706189, 26706189, 26706189, 26706189, 26706189, 26706189, 26706189, 26706189, 26706189, 26706189, 26706189, 26706189, 26706189, 26706189, 26706189, 26706189, 26706189, 26706189, 26706189, 3630759599, 26645180, 26645180, 26645180, 26645180, 26645180, 26645180, 26645180, 26645180, 26645180, 26454608, 26454608, 26454608, 26454608, 26454608, 26454608, 26454608, 26454608, 26454608, 26454608, 26428822, 26428822, 26428822, 26428822, 240090658, 26645180, 26645180, 26645180, 26645180, 26645180, 26645180, 26645180, 26645180, 26645180, 26645180, 26645180, 26645180, 26645180, 26645180, 26645180, 26454608, 26454608, 26454608, 26454608, 26454608, 26454608, 26454608, 26454608, 26454608, 26454608, 26454608, 26454608, 26454608, 26454608, 26454608, 26637795, 26637795, 26637795, 26637795, 249024265, 26637795, 26637795, 26637795, 5151345721, 26428822, 26428822, 26428822, 26428822, 26428822, 26428822, 26428822, 26428822, 26428822, 26428822, 26428822, 26428822, 26428822, 26428822, 26428822, 26428822, 26428822, 26428822, 26428822, 26428822, 26428822, 26428822, 26428822, 26428822, 26428822, 26428822, 79005940, 27286840, 27286840, 27286840, 27286840, 27286840, 27286840, 27286840, 27286840, 27286840, 27286840, 27286840, 27286840, 155674640, 26843454, 26843454, 26843454, 26843454, 1210285836, 26639587, 26639587, 26639587, 26868061, 26573059, 26573059, 26573059, 26573059, 26573059, 26573059, 26573059, 26573059, 26573059, 26573059, 26573059, 26573059, 26573059, 26573059, 26573059, 26309846, 26309846, 26309846, 26309846, 26309846, 26309846, 26309846, 26309846, 26309846, 26309846, 26309846, 26309846, 26467984, 26467984, 26467984, 26467984, 26467984, 26467984, 26467984, 26467984, 26467984, 26467984, 26467984, 350551123, 27286840, 26292502, 1498885148, 26260820, 26260820, 26260820, 26638708, 26638708, 26638708, 26638708, 26638708, 26638708, 26638708, 26638708, 26638708, 26638708, 26638708, 26638708, 452683134, 26638708, 26638708, 26638708, 26638708, 26638708, 26638708, 26638708, 26638708, 26638708, 26638708, 26638708, 26638708, 26638708, 26638708, 26638708, 1124343856, 26820478, 26820478, 26820478, 26820478, 26820478, 26843454, 26843454, 26843454, 26843454, 26843454, 26843454, 26843454, 26843454, 26843454, 26843454, 26843454, 26843454, 26843454, 26843454, 26843454, 26843454, 26843454, 26843454, 26843454, 197825479, 240950850, 26380886, 26380886, 26380886, 26380886, 26380886, 26428822, 26428822, 26428822, 26428822, 26428822, 26428822, 26428822, 26428822, 26428822]",0,0,0,NPU,0,0,0,0,0,0,1.0,hot,0,0,0,0,1.0,0
0,132,meta-llama/Llama-3.1-8B,20,506,12181322934,125263413144,113082090210,81969703444,82288812709,63491293,"[26454608, 26454608, 26454608, 2388878038, 2446543023, 26706189, 26706189, 26706189, 26706189, 26706189, 26706189, 26706189, 26706189, 26706189, 26706189, 26706189, 26706189, 26706189, 26706189, 567264499, 26645180, 26645180, 26645180, 26645180, 26645180, 26645180, 26645180, 26645180, 26645180, 26645180, 26645180, 26645180, 26645180, 26645180, 26645180, 26645180, 26444528, 26444528, 26380886, 26380886, 312185125, 26454608, 26454608, 26454608, 26454608, 26454608, 26454608, 26454608, 26637795, 26637795, 26324758, 1199675357, 26695203, 26695203, 26695203, 26695203, 196665329, 26695203, 26695203, 26695203, 26695203, 26695203, 26695203, 26695203, 26695203, 26695203, 26695203, 26695203, 26695203, 26615821, 26615821, 26615821, 26706189, 26706189, 26706189, 26706189, 26706189, 26706189, 26706189, 26706189, 26706189, 26706189, 26706189, 26706189, 26706189, 26706189, 26706189, 26706189, 26706189, 26706189, 26706189, 26706189, 26706189, 26706189, 26706189, 26706189, 26706189, 26706189, 26706189, 26706189, 26706189, 26706189, 26706189, 26706189, 26421342, 26421342, 26421342, 130489177, 26637795, 26464944, 26464944, 3341438713, 26645180, 26645180, 26645180, 26645180, 26645180, 26645180, 26645180, 26645180, 26645180, 26454608, 26454608, 26454608, 26454608, 26454608, 26454608, 26454608, 26454608, 26454608, 26454608, 26428822, 26428822, 26428822, 26428822, 240090658, 26645180, 26645180, 26645180, 26645180, 26645180, 26645180, 26645180, 26645180, 26645180, 26645180, 26645180, 26645180, 26645180, 26645180, 26645180, 26454608, 26454608, 26454608, 26454608, 26454608, 26454608, 26454608, 26454608, 26454608, 26454608, 26454608, 26454608, 26454608, 26454608, 26454608, 26637795, 26637795, 26637795, 26637795, 25846330, 223177935, 26637795, 26637795, 26637795, 25916533, 25487317, 294890940, 26077588, 26077588, 26077588, 26077588, 26077588, 26077588, 26077588, 26077588, 26077588, 26077588, 26077588, 25846330, 25846330, 25846330, 25846330, 4414812143, 26428822, 26428822, 26428822, 26428822, 26428822, 26428822, 26428822, 26428822, 26428822, 26428822, 26428822, 26428822, 26428822, 26428822, 26428822, 26428822, 26428822, 26428822, 26428822, 26428822, 26428822, 26428822, 26428822, 26428822, 26428822, 26428822, 25859550, 25859550, 27286840, 27286840, 27286840, 27286840, 27286840, 27286840, 27286840, 27286840, 27286840, 27286840, 27286840, 27286840, 27286840, 25853850, 25853850, 25853850, 25487317, 25487317, 27138456, 26843454, 26843454, 26843454, 26843454, 25921863, 25921863, 25921863, 25921863, 25921863, 25921863, 158649366, 26468245, 26468245, 26468245, 26468245, 26468245, 26468245, 26468245, 26468245, 26468245, 26468245, 26468245, 26468245, 26468245, 26468245, 26468245, 26468245, 26468245, 26468245, 26468245, 26468245, 25491349, 26211925, 26211925, 26211925, 26211925, 26211925, 26211925, 26211925, 26211925, 26211925, 26211925, 26048495, 25491349, 27589949, 26639587, 26639587, 26639587, 26868061, 26573059, 26573059, 26573059, 26573059, 26573059, 26573059, 26573059, 26573059, 26573059, 26573059, 26573059, 26573059, 26573059, 26573059, 26573059, 26309846, 26309846, 26309846, 26309846, 26309846, 26309846, 26309846, 26309846, 26309846, 26309846, 26309846, 26309846, 26467984, 26467984, 26467984, 26467984, 26467984, 26467984, 26467984, 26467984, 26467984, 26467984, 26467984, 350551123, 27286840, 26292502, 1498885148, 26260820, 26260820, 26260820, 26638708, 26638708, 26638708, 26638708, 26638708, 26638708, 26638708, 26638708, 26638708, 26638708, 26638708, 26638708, 26603195, 26603195, 26603195, 26603195, 26603195, 26603195, 26603195, 26603195, 26603195, 26603195, 26603195, 26603195, 26603195, 26603195, 26603195, 26603195, 27032014, 26638708, 26638708, 26638708, 26638708, 26638708, 26638708, 26638708, 26638708, 26638708, 26638708, 26638708, 26638708, 26638708, 26638708, 26638708, 26603195, 26603195, 26603195, 26603195, 26603195, 26603195, 26603195, 26603195, 26603195, 26851835, 26851835, 26851835, 26851835, 26851835, 26851835, 26851835, 27282456, 26725310, 26725310, 26725310, 26725310, 26725310, 26725310, 26725310, 26725310, 26725310, 26725310, 26725310, 26725310, 26725310, 26725310, 26725310, 26725310, 26725310, 26725310, 26725310, 26725310, 26725310, 26725310, 26725310, 26725310, 28262360, 26820478, 26820478, 26820478, 26820478, 26820478, 26843454, 26843454, 26843454, 26843454, 26843454, 26843454, 26843454, 26843454, 26843454, 26843454, 26843454, 26843454, 26843454, 26843454, 26843454, 26843454, 26843454, 26843454, 26843454, 197825479, 240950850, 26380886, 26380886, 26380886, 26380886, 26380886, 26428822, 26428822, 26428822, 26428822, 26428822, 26428822, 26428822, 26428822, 26428822, 197048981, 26464944, 26464944, 26464944, 26464944, 25929013, 25929013, 25929013, 25929013, 25929013, 25929013, 25929013, 25929013, 25929013, 25994639, 25929013, 26016091, 26016091, 26016091, 26016091, 26016091, 26016091, 26016091, 26016091]",0,0,0,CXL,0,8388608,0,8388608,8388608,8388608,1.0,hot,0,0,0,0,1.0,16777216
0,146,meta-llama/Llama-3.1-8B,361,642,13737494231,125504045674,111766551443,89003975048,89200640377,80592539,"[26695203, 26695203, 26695203, 26695203, 26695203, 26695203, 26695203, 26695203, 26695203, 26695203, 26695203, 26695203, 26615821, 26615821, 26615821, 26706189, 26706189, 26706189, 26706189, 26706189, 26706189, 26706189, 26706189, 26706189, 26706189, 26706189, 26706189, 26706189, 26706189, 26706189, 26706189, 26706189, 26706189, 26706189, 26706189, 26706189, 26706189, 26706189, 26706189, 26706189, 26706189, 26706189, 26706189, 26706189, 26706189, 26706189, 26706189, 3630759599, 26645180, 26645180, 26645180, 26645180, 26645180, 26645180, 26645180, 26645180, 26645180, 26454608, 26454608, 26454608, 26454608, 26454608, 26454608, 26454608, 26454608, 26454608, 26454608, 26428822, 26428822, 26428822, 26428822, 240090658, 26645180, 26645180, 26645180, 26645180, 26645180, 26645180, 26645180, 26645180, 26645180, 26645180, 26645180, 26645180, 26645180, 26645180, 26645180, 26454608, 26454608, 26454608, 26454608, 26454608, 26454608, 26454608, 26454608, 26454608, 26454608, 26454608, 26454608, 26454608, 26454608, 26454608, 5586834551, 26428822, 26428822, 26428822, 26428822, 26428822, 26428822, 26428822, 26428822, 26428822, 26428822, 26428822, 26428822, 26428822, 26428822, 26428822, 26428822, 26428822, 26428822, 26428822, 26428822, 26428822, 26428822, 26428822, 26428822, 26428822, 26428822, 79005940, 27286840, 27286840, 27286840, 27286840, 27286840, 27286840, 27286840, 27286840, 27286840, 27286840, 27286840, 27286840, 155674640, 26843454, 26843454, 26843454, 26843454, 1210285836, 26639587, 26639587, 26639587, 26868061, 26573059, 26573059, 26573059, 26573059, 26573059, 26573059, 26573059, 26573059, 26573059, 26573059, 26573059, 26573059, 26573059, 26573059, 26573059, 26309846, 26309846, 26309846, 26309846, 26309846, 26309846, 26309846, 26309846, 26309846, 26309846, 26309846, 26309846, 26467984, 26467984, 26467984, 26467984, 26467984, 26467984, 26467984, 26467984, 26467984, 26467984, 26467984, 350551123, 27286840, 26292502, 1498885148, 26260820, 26260820, 26260820, 26638708, 26638708, 26638708, 26638708, 26638708, 26638708, 26638708, 26638708, 26638708, 26638708, 26638708, 26638708, 452683134, 26638708, 26638708, 26638708, 26638708, 26638708, 26638708, 26638708, 26638708, 26638708, 26638708, 26638708, 26638708, 26638708, 26638708, 26638708, 1124343856, 26820478, 26820478, 26820478, 26820478, 26820478, 26843454, 26843454, 26843454, 26843454, 26843454, 26843454, 26843454, 26843454, 26843454, 26843454, 26843454, 26843454, 26843454, 26843454, 26843454, 26843454, 26843454, 26843454, 26843454, 197825479, 240950850, 26380886, 26380886, 26380886, 26380886, 26380886, 26428822, 26428822, 26428822, 26428822, 26428822, 26428822, 26428822, 26428822, 26428822, 197048981, 26464944, 26464944, 26464944, 26464944, 520208779, 26729656, 26729656, 26729656, 26729656, 26729656, 26729656, 26729656, 26729656]",0,0,0,NPU,0,0,0,0,0,0,1.0,hot,0,0,0,0,1.0,0
0,148,meta-llama/Llama-3.1-8B,260,496,13812631302,126228474292,112415842990,94621118840,94861209498,74700568,"[26645180, 26645180, 26645180, 26645180, 26645180, 26645180, 26645180, 26645180, 26645180, 26645180, 26645180, 26645180, 26645180, 26645180, 26645180, 26454608, 26454608, 26454608, 26454608, 26454608, 26454608, 26454608, 26454608, 26454608, 26454608, 26454608, 26454608, 26454608, 26454608, 26454608, 5586834551, 26428822, 26428822, 26428822, 26428822, 26428822, 26428822, 26428822, 26428822, 26428822, 26428822, 26428822, 26428822, 26428822, 26428822, 26428822, 26428822, 26428822, 26428822, 26428822, 26428822, 26428822, 26428822, 26428822, 26428822, 26428822, 26428822, 79005940, 27286840, 27286840, 27286840, 27286840, 27286840, 27286840, 27286840, 27286840, 27286840, 27286840, 27286840, 27286840, 155674640, 26843454, 26843454, 26843454, 26843454, 1210285836, 26639587, 26639587, 26639587, 26868061, 26573059, 26573059, 26573059, 26573059, 26573059, 26573059, 26573059, 26573059, 26573059, 26573059, 26573059, 26573059, 26573059, 26573059, 26573059, 26309846, 26309846, 26309846, 26309846, 26309846, 26309846, 26309846, 26309846, 26309846, 26309846, 26309846, 26309846, 26467984, 26467984, 26467984, 26467984, 26467984, 26467984, 26467984, 26467984, 26467984, 26467984, 26467984, 350551123, 27286840, 26292502, 1498885148, 26260820, 26260820, 26260820, 26638708, 26638708, 26638708, 26638708, 26638708, 26638708, 26638708, 26638708, 26638708, 26638708, 26638708, 26638708, 452683134, 26638708, 26638708, 26638708, 26638708, 26638708, 26638708, 26638708, 26638708, 26638708, 26638708, 26638708, 26638708, 26638708, 26638708, 26638708, 1124343856, 26820478, 26820478, 26820478, 26820478, 26820478, 26843454, 26843454, 26843454, 26843454, 26843454, 26843454, 26843454, 26843454, 26843454, 26843454, 26843454, 26843454, 26843454, 26843454, 26843454, 26843454, 26843454, 26843454, 26843454, 197825479, 240950850, 26380886, 26380886, 26380886, 26380886, 26380886, 26428822, 26428822, 26428822, 26428822, 26428822, 26428822, 26428822, 26428822, 26428822, 197048981, 26464944, 26464944, 26464944, 26464944, 520208779, 26729656, 26729656, 26729656, 26729656, 26729656, 26729656, 26729656, 26729656, 26820478, 26820478, 26820478, 26820478, 26820478, 26820478, 26820478, 26820478, 26820478, 26820478, 26820478, 26820478, 26820478, 26820478, 26820478, 26843454, 26843454, 26843454, 26843454, 26843454, 26843454, 26843454, 26843454, 26843454, 26843454, 26843454, 26843454]",0,0,0,NPU,0,0,0,0,0,0,1.0,hot,0,0,0,0,1.0,0
0,152,meta-llama/Llama-3.1-8B,14,100,14127219130,126281620410,112154401280,104609133408,104959684531,84643726,"[27286840, 3900232216, 26820478, 26820478, 26820478, 26820478, 26820478, 26843454, 26843454, 26843454, 26843454, 26843454, 26843454, 26843454, 26843454, 26843454, 26843454, 26843454, 26843454, 26843454, 26843454, 26843454, 26843454, 26843454, 26843454, 26843454, 197825479, 240950850, 26380886, 26380886, 26380886, 26380886, 26380886, 26428822, 26428822, 26428822, 26428822, 26428822, 26428822, 26428822, 26428822, 26428822, 197048981, 26464944, 26464944, 26464944, 26464944, 520208779, 26729656, 26729656, 26729656, 26729656, 26729656, 26729656, 26729656, 26729656, 26820478, 26820478, 26820478, 26820478, 26820478, 26820478, 26820478, 26820478, 26820478, 26820478, 26820478, 26820478, 26820478, 26820478, 26820478, 26843454, 26843454, 26843454, 26843454, 26843454, 26843454, 26843454, 26843454, 26843454, 26843454, 26843454, 26843454, 26573059, 26573059]",0,0,0,CXL,0,2097152,0,2097152,2097152,2097152,1.0,hot,0,0,0,0,1.0,4194304
0,137,meta-llama/Llama-3.1-8B,15,483,12742418260,126963169819,114220751559,86612564447,86642502268,59054067,"[26706189, 26706189, 26706189, 26706189, 26706189, 26706189, 26706189, 26706189, 26706189, 26706189, 26706189, 26706189, 26706189, 26706189, 567264499, 26645180, 26645180, 26645180, 26645180, 26645180, 26645180, 26645180, 26645180, 26645180, 26645180, 26645180, 26645180, 26645180, 26645180, 26645180, 26645180, 26444528, 26444528, 26380886, 26380886, 312185125, 26454608, 26454608, 26454608, 26454608, 26454608, 26454608, 26454608, 1279275705, 26695203, 26695203, 26695203, 26695203, 196665329, 26695203, 26695203, 26695203, 26695203, 26695203, 26695203, 26695203, 26695203, 26695203, 26695203, 26695203, 26695203, 26615821, 26615821, 26615821, 26706189, 26706189, 26706189, 26706189, 26706189, 26706189, 26706189, 26706189, 26706189, 26706189, 26706189, 26706189, 26706189, 26706189, 26706189, 26706189, 26706189, 26706189, 26706189, 26706189, 26706189, 26706189, 26706189, 26706189, 26706189, 26706189, 26706189, 26706189, 26706189, 26706189, 26706189, 26706189, 209753203, 26637795, 26464944, 26464944, 3341438713, 26645180, 26645180, 26645180, 26645180, 26645180, 26645180, 26645180, 26645180, 26645180, 26454608, 26454608, 26454608, 26454608, 26454608, 26454608, 26454608, 26454608, 26454608, 26454608, 26428822, 26428822, 26428822, 26428822, 240090658, 26645180, 26645180, 26645180, 26645180, 26645180, 26645180, 26645180, 26645180, 26645180, 26645180, 26645180, 26645180, 26645180, 26645180, 26645180, 26454608, 26454608, 26454608, 26454608, 26454608, 26454608, 26454608, 26454608, 26454608, 26454608, 26454608, 26454608, 26454608, 26454608, 26454608, 26637795, 26637795, 26637795, 26637795, 25846330, 223177935, 26637795, 26637795, 26637795, 25916533, 320378257, 26077588, 26077588, 26077588, 26077588, 26077588, 26077588, 26077588, 26077588, 26077588, 26077588, 26077588, 25846330, 25846330, 25846330, 25846330, 4414812143, 26428822, 26428822, 26428822, 26428822, 26428822, 26428822, 26428822, 26428822, 26428822, 26428822, 26428822, 26428822, 26428822, 26428822, 26428822, 26428822, 26428822, 26428822, 26428822, 26428822, 26428822, 26428822, 26428822, 26428822, 26428822, 26428822, 79005940, 27286840, 27286840, 27286840, 27286840, 27286840, 27286840, 27286840, 27286840, 27286840, 27286840, 27286840, 27286840, 25853850, 25853850, 25853850, 78113090, 26843454, 26843454, 26843454, 26843454, 25921863, 25921863, 25921863, 25921863, 25921863, 25921863, 158649366, 26468245, 26468245, 26468245, 26468245, 26468245, 26468245, 26468245, 26468245, 26468245, 26468245, 26468245, 26468245, 26468245, 26468245, 26468245, 26468245, 26468245, 26468245, 26468245, 26468245, 366740392, 26639587, 26639587, 26639587, 26868061, 26573059, 26573059, 26573059, 26573059, 26573059, 26573059, 26573059, 26573059, 26573059, 26573059, 26573059, 26573059, 26573059, 26573059, 26573059, 26309846, 26309846, 26309846, 26309846, 26309846, 26309846, 26309846, 26309846, 26309846, 26309846, 26309846, 26309846, 26467984, 26467984, 26467984, 26467984, 26467984, 26467984, 26467984, 26467984, 26467984, 26467984, 26467984, 350551123, 27286840, 26292502, 1498885148, 26260820, 26260820, 26260820, 26638708, 26638708, 26638708, 26638708, 26638708, 26638708, 26638708, 26638708, 26638708, 26638708, 26638708, 26638708, 452683134, 26638708, 26638708, 26638708, 26638708, 26638708, 26638708, 26638708, 26638708, 26638708, 26638708, 26638708, 26638708, 26638708, 26638708, 26638708, 454674056, 26725310, 26725310, 26725310, 26725310, 26725310, 26725310, 26725310, 26725310, 26725310, 26725310, 26725310, 26725310, 26725310, 26725310, 26725310, 26725310, 26725310, 26725310, 26725310, 26725310, 26725310, 26725310, 26725310, 26725310, 28262360, 26820478, 26820478, 26820478, 26820478, 26820478, 26843454, 26843454, 26843454, 26843454, 26843454, 26843454, 26843454, 26843454, 26843454, 26843454, 26843454, 26843454, 26843454, 26843454, 26843454, 26843454, 26843454, 26843454, 26843454, 197825479, 240950850, 26380886, 26380886, 26380886, 26380886, 26380886, 26428822, 26428822, 26428822, 26428822, 26428822, 26428822, 26428822, 26428822, 26428822, 197048981, 26464944, 26464944, 26464944, 26464944, 25929013, 25929013, 25929013, 25929013, 25929013, 25929013, 25929013, 25929013, 25929013, 25994639, 25929013, 234924010, 26729656, 26729656, 26729656, 26729656, 26729656, 26729656, 26729656, 26729656, 26820478, 26820478, 26820478, 26820478, 26820478, 26820478, 26820478, 26820478, 26820478, 26820478, 26820478, 26820478, 26820478, 26820478, 26820478, 26843454, 26843454, 26843454, 26843454, 26843454, 26843454, 26843454, 26843454, 26843454, 26843454, 26843454, 26843454, 26573059, 26573059, 198725337, 26843454, 26843454, 26843454, 26843454, 25829685, 26316447, 26316447, 26316447, 26316447, 192322601, 26016091, 26016091]",0,0,0,CXL,0,35651584,0,35651584,35651584,35651584,1.0,hot,0,0,0,0,1.0,71303168
0,138,meta-llama/Llama-3.1-8B,1041,1509,12787615709,128787780472,116000164763,88070429672,88382614797,59138222,"[26454608, 26454608, 26454608, 26454608, 26454608, 26454608, 26454608, 1279275705, 26695203, 26695203, 26695203, 26695203, 196665329, 26695203, 26695203, 26695203, 26695203, 26695203, 26695203, 26695203, 26695203, 26695203, 26695203, 26695203, 26695203, 26615821, 26615821, 26615821, 26706189, 26706189, 26706189, 26706189, 26706189, 26706189, 26706189, 26706189, 26706189, 26706189, 26706189, 26706189, 26706189, 26706189, 26706189, 26706189, 26706189, 26706189, 26706189, 26706189, 26706189, 26706189, 26706189, 26706189, 26706189, 26706189, 26706189, 26706189, 26706189, 26706189, 26706189, 26706189, 209753203, 26637795, 3394368601, 26645180, 26645180, 26645180, 26645180, 26645180, 26645180, 26645180, 26645180, 26645180, 26454608, 26454608, 26454608, 26454608, 26454608, 26454608, 26454608, 26454608, 26454608, 26454608, 26428822, 26428822, 26428822, 26428822, 240090658, 26645180, 26645180, 26645180, 26645180, 26645180, 26645180, 26645180, 26645180, 26645180, 26645180, 26645180, 26645180, 26645180, 26645180, 26645180, 26454608, 26454608, 26454608, 26454608, 26454608, 26454608, 26454608, 26454608, 26454608, 26454608, 26454608, 26454608, 26454608, 26454608, 26454608, 26637795, 26637795, 26637795, 26637795, 25846330, 223177935, 26637795, 26637795, 26637795, 346294790, 26077588, 26077588, 26077588, 26077588, 26077588, 26077588, 26077588, 26077588, 26077588, 26077588, 26077588, 25846330, 25846330, 25846330, 25846330, 4414812143, 26428822, 26428822, 26428822, 26428822, 26428822, 26428822, 26428822, 26428822, 26428822, 26428822, 26428822, 26428822, 26428822, 26428822, 26428822, 26428822, 26428822, 26428822, 26428822, 26428822, 26428822, 26428822, 26428822, 26428822, 26428822, 26428822, 79005940, 27286840, 27286840, 27286840, 27286840, 27286840, 27286840, 27286840, 27286840, 27286840, 27286840, 27286840, 27286840, 25853850, 25853850, 25853850, 78113090, 26843454, 26843454, 26843454, 26843454, 25921863, 25921863, 25921863, 25921863, 25921863, 25921863, 158649366, 26468245, 26468245, 26468245, 26468245, 26468245, 26468245, 26468245, 26468245, 26468245, 26468245, 26468245, 26468245, 26468245, 26468245, 26468245, 26468245, 26468245, 26468245, 26468245, 26468245, 366740392, 26639587, 26639587, 26639587, 26868061, 26573059, 26573059, 26573059, 26573059, 26573059, 26573059, 26573059, 26573059, 26573059, 26573059, 26573059, 26573059, 26573059, 26573059, 26573059, 26309846, 26309846, 26309846, 26309846, 26309846, 26309846, 26309846, 26309846, 26309846, 26309846, 26309846, 26309846, 26467984, 26467984, 26467984, 26467984, 26467984, 26467984, 26467984, 26467984, 26467984, 26467984, 26467984, 350551123, 27286840, 26292502, 1498885148, 26260820, 26260820, 26260820, 26638708, 26638708, 26638708, 26638708, 26638708, 26638708, 26638708, 26638708, 26638708, 26638708, 26638708, 26638708, 452683134, 26638708, 26638708, 26638708, 26638708, 26638708, 26638708, 26638708, 26638708, 26638708, 26638708, 26638708, 26638708, 26638708, 26638708, 26638708, 454674056, 26725310, 26725310, 26725310, 26725310, 26725310, 26725310, 26725310, 26725310, 26725310, 26725310, 26725310, 26725310, 26725310, 26725310, 26725310, 26725310, 26725310, 26725310, 26725310, 26725310, 26725310, 26725310, 26725310, 26725310, 28262360, 26820478, 26820478, 26820478, 26820478, 26820478, 26843454, 26843454, 26843454, 26843454, 26843454, 26843454, 26843454, 26843454, 26843454, 26843454, 26843454, 26843454, 26843454, 26843454, 26843454, 26843454, 26843454, 26843454, 26843454, 197825479, 240950850, 26380886, 26380886, 26380886, 26380886, 26380886, 26428822, 26428822, 26428822, 26428822, 26428822, 26428822, 26428822, 26428822, 26428822, 197048981, 26464944, 26464944, 26464944, 26464944, 520208779, 26729656, 26729656, 26729656, 26729656, 26729656, 26729656, 26729656, 26729656, 26820478, 26820478, 26820478, 26820478, 26820478, 26820478, 26820478, 26820478, 26820478, 26820478, 26820478, 26820478, 26820478, 26820478, 26820478, 26843454, 26843454, 26843454, 26843454, 26843454, 26843454, 26843454, 26843454, 26843454, 26843454, 26843454, 26843454, 26573059, 26573059, 198725337, 26843454, 26843454, 26843454, 26843454, 25829685, 26316447, 26316447, 26316447, 26316447, 332068806, 26260820, 26260820, 26260820, 26260820, 25969703, 25969703, 25969703, 25969703, 25619925, 25619925, 25619925, 25619925, 25652783, 25619925, 25619925, 387615195, 27360987, 27360987, 27360987, 27360987, 27360987, 27360987, 27360987, 27360987, 27360987, 27360987, 27360987, 27360987, 27360987, 27360987, 27360987, 26447609, 26316447, 26316447, 26316447, 26316447, 26316447, 26316447, 26316447, 26316447, 26316447, 26316447, 26316447, 26316447, 26316447, 26316447, 26316447, 26059151, 25829685, 25829685, 25829685, 25829685]",0,0,0,NPU,0,0,0,0,0,0,1.0,hot,0,0,0,0,1.0,0
0,134,meta-llama/Llama-3.1-8B,227,791,12508825903,128875822362,116366996459,84368699797,84429551602,56727255,"[2446543023, 26706189, 26706189, 26706189, 26706189, 26706189, 26706189, 26706189, 26706189, 26706189, 26706189, 26706189, 26706189, 26706189, 26706189, 567264499, 26645180, 26645180, 26645180, 26645180, 26645180, 26645180, 26645180, 26645180, 26645180, 26645180, 26645180, 26645180, 26645180, 26645180, 26645180, 26645180, 26444528, 26444528, 26380886, 26380886, 312185125, 26454608, 26454608, 26454608, 26454608, 26454608, 26454608, 26454608, 26637795, 26637795, 26324758, 1199675357, 26695203, 26695203, 26695203, 26695203, 196665329, 26695203, 26695203, 26695203, 26695203, 26695203, 26695203, 26695203, 26695203, 26695203, 26695203, 26695203, 26695203, 26615821, 26615821, 26615821, 26706189, 26706189, 26706189, 26706189, 26706189, 26706189, 26706189, 26706189, 26706189, 26706189, 26706189, 26706189, 26706189, 26706189, 26706189, 26706189, 26706189, 26706189, 26706189, 26706189, 26706189, 26706189, 26706189, 26706189, 26706189, 26706189, 26706189, 26706189, 26706189, 26706189, 26706189, 26706189, 26421342, 26421342, 26421342, 130489177, 26637795, 26464944, 26464944, 3341438713, 26645180, 26645180, 26645180, 26645180, 26645180, 26645180, 26645180, 26645180, 26645180, 26454608, 26454608, 26454608, 26454608, 26454608, 26454608, 26454608, 26454608, 26454608, 26454608, 26428822, 26428822, 26428822, 26428822, 240090658, 26645180, 26645180, 26645180, 26645180, 26645180, 26645180, 26645180, 26645180, 26645180, 26645180, 26645180, 26645180, 26645180, 26645180, 26645180, 26454608, 26454608, 26454608, 26454608, 26454608, 26454608, 26454608, 26454608, 26454608, 26454608, 26454608, 26454608, 26454608, 26454608, 26454608, 26637795, 26637795, 26637795, 26637795, 25846330, 223177935, 26637795, 26637795, 26637795, 25916533, 320378257, 26077588, 26077588, 26077588, 26077588, 26077588, 26077588, 26077588, 26077588, 26077588, 26077588, 26077588, 25846330, 25846330, 25846330, 25846330, 4414812143, 26428822, 26428822, 26428822, 26428822, 26428822, 26428822, 26428822, 26428822, 26428822, 26428822, 26428822, 26428822, 26428822, 26428822, 26428822, 26428822, 26428822, 26428822, 26428822, 26428822, 26428822, 26428822, 26428822, 26428822, 26428822, 26428822, 25859550, 25859550, 27286840, 27286840, 27286840, 27286840, 27286840, 27286840, 27286840, 27286840, 27286840, 27286840, 27286840, 27286840, 27286840, 25853850, 25853850, 25853850, 25487317, 25487317, 27138456, 26843454, 26843454, 26843454, 26843454, 25921863, 25921863, 25921863, 25921863, 25921863, 25921863, 158649366, 26468245, 26468245, 26468245, 26468245, 26468245, 26468245, 26468245, 26468245, 26468245, 26468245, 26468245, 26468245, 26468245, 26468245, 26468245, 26468245, 26468245, 26468245, 26468245, 26468245, 25491349, 288167745, 25491349, 27589949, 26639587, 26639587, 26639587, 26868061, 26573059, 26573059, 26573059, 26573059, 26573059, 26573059, 26573059, 26573059, 26573059, 26573059, 26573059, 26573059, 26573059, 26573059, 26573059, 26309846, 26309846, 26309846, 26309846, 26309846, 26309846, 26309846, 26309846, 26309846, 26309846, 26309846, 26309846, 26467984, 26467984, 26467984, 26467984, 26467984, 26467984, 26467984, 26467984, 26467984, 26467984, 26467984, 350551123, 27286840, 26292502, 1498885148, 26260820, 26260820, 26260820, 26638708, 26638708, 26638708, 26638708, 26638708, 26638708, 26638708, 26638708, 26638708, 26638708, 26638708, 26638708, 452683134, 26638708, 26638708, 26638708, 26638708, 26638708, 26638708, 26638708, 26638708, 26638708, 26638708, 26638708, 26638708, 26638708, 26638708, 26638708, 454674056, 26725310, 26725310, 26725310, 26725310, 26725310, 26725310, 26725310, 26725310, 26725310, 26725310, 26725310, 26725310, 26725310, 26725310, 26725310, 26725310, 26725310, 26725310, 26725310, 26725310, 26725310, 26725310, 26725310, 26725310, 28262360, 26820478, 26820478, 26820478, 26820478, 26820478, 26843454, 26843454, 26843454, 26843454, 26843454, 26843454, 26843454, 26843454, 26843454, 26843454, 26843454, 26843454, 26843454, 26843454, 26843454, 26843454, 26843454, 26843454, 26843454, 197825479, 240950850, 26380886, 26380886, 26380886, 26380886, 26380886, 26428822, 26428822, 26428822, 26428822, 26428822, 26428822, 26428822, 26428822, 26428822, 197048981, 26464944, 26464944, 26464944, 26464944, 25929013, 25929013, 25929013, 25929013, 25929013, 25929013, 25929013, 25929013, 25929013, 25994639, 25929013, 26016091, 26016091, 26016091, 26016091, 26016091, 26016091, 26016091, 26016091, 26795282, 26729656, 26729656, 26729656, 26729656, 26729656, 26729656, 26729656, 26729656, 26820478, 26820478, 26820478, 26820478, 26820478, 26820478, 26820478, 26820478, 26820478, 26820478, 26820478, 26820478, 26820478, 26820478, 26820478, 26843454, 26843454, 26843454, 26843454, 26843454, 26843454, 26843454, 26843454, 26843454, 26843454, 26843454, 26843454, 26573059, 26573059, 198725337, 26843454, 26843454, 26843454, 26843454, 25829685, 26316447, 26316447, 26316447, 26316447, 27706814, 27706814, 27706814, 27706814, 27706814, 27706814, 26081717, 26016091, 26016091, 87714023, 26260820, 26260820, 26260820, 26260820, 25969703, 25969703, 25969703, 25969703, 25619925, 25619925, 25619925, 25619925, 25652783, 25619925, 25619925, 27706814, 27706814, 27706814, 27706814, 27706814, 27706814, 27706814, 27706814, 27706814, 27706814, 27706814, 27706814, 27706814, 27426613, 27360987, 27360987, 27360987, 27360987, 27360987, 27360987, 27360987, 27360987, 27360987, 27360987, 27360987, 27360987, 27360987, 27360987, 27360987, 26447609, 26316447, 26316447, 26316447, 26316447, 26316447, 26316447, 26316447, 26316447, 26316447, 26316447, 26316447, 26316447, 26316447, 26316447, 26316447, 26059151, 25829685, 25829685, 25829685, 25829685, 61314967, 26726923]",0,0,0,NPU,0,0,0,0,0,0,1.0,hot,0,0,0,0,1.0,0
0,171,meta-llama/Llama-3.1-8B,1316,1319,15839452265,129189076748,113349624483,113036370097,113295158963,27232760,"[27232760, 27232760]",0,0,0,NPU,0,0,0,0,0,0,1.0,hot,0,0,0,0,1.0,0
0,167,meta-llama/Llama-3.1-8B,8,21,15631053583,129539678084,113908624501,113156726889,113218041856,57548553,"[26726923, 258788866, 27232760, 27232760, 156270689, 27761521, 27761521, 27761521, 27761521, 27761521, 27761521, 27761521]",0,0,0,NPU,0,0,0,0,0,0,1.0,hot,0,0,0,0,1.0,0
0,154,meta-llama/Llama-3.1-8B,12,182,14618850038,134577710328,119958860290,104117502500,104468053623,91661577,"[27286840, 3900232216, 26820478, 26820478, 26820478, 26820478, 26820478, 26843454, 26843454, 26843454, 26843454, 26843454, 26843454, 26843454, 26843454, 26843454, 26843454, 26843454, 26843454, 26843454, 26843454, 26843454, 26843454, 26843454, 26843454, 26843454, 197825479, 240950850, 26380886, 26380886, 26380886, 26380886, 26380886, 26428822, 26428822, 26428822, 26428822, 26428822, 26428822, 26428822, 26428822, 26428822, 197048981, 26464944, 26464944, 26464944, 26464944, 520208779, 26729656, 26729656, 26729656, 26729656, 26729656, 26729656, 26729656, 26729656, 26820478, 26820478, 26820478, 26820478, 26820478, 26820478, 26820478, 26820478, 26820478, 26820478, 26820478, 26820478, 26820478, 26820478, 26820478, 26843454, 26843454, 26843454, 26843454, 26843454, 26843454, 26843454, 26843454, 26843454, 26843454, 26843454, 26843454, 26573059, 26573059, 198725337, 26843454, 26843454, 26843454, 26843454, 463164279, 26260820, 26260820, 26260820, 26260820, 25969703, 25969703, 25969703, 25969703, 1589289505, 26726923, 258788866, 27232760, 27232760, 156270689, 27761521, 27761521, 27761521, 27761521, 27761521, 27761521, 27761521, 27773145, 27773145, 27773145, 27773145, 27773145, 27773145, 27773145, 27773145, 27773145, 27773145, 27773145, 27773145, 27773145, 27773145, 1668532827, 26406256, 26406256, 26406256, 26406256, 1944460126, 25138869, 25138869, 25138869, 25138869, 25138869, 25138869, 25138869, 25138869, 25138869, 25138869, 25138869, 25138869, 25138869, 25138869, 25138869, 25302799, 25138869, 25138869, 25138869, 25138869, 25138869, 25138869, 25138869, 25138869, 25138869, 25138869, 25138869, 25138869, 25138869, 25138869, 25138869, 25302799, 25138869, 25138869, 25138869, 25138869, 25263093]",0,0,0,CXL,0,2097152,0,2097152,2097152,2097152,1.0,hot,0,0,0,0,1.0,4194304
0,155,meta-llama/Llama-3.1-8B,847,1015,14646564519,137109425185,122462860666,109011986214,109209811693,79359574,"[240950850, 26380886, 26380886, 26380886, 26380886, 26380886, 26428822, 26428822, 26428822, 26428822, 26428822, 26428822, 26428822, 26428822, 26428822, 197048981, 626068555, 26729656, 26729656, 26729656, 26729656, 26729656, 26729656, 26729656, 26729656, 26820478, 26820478, 26820478, 26820478, 26820478, 26820478, 26820478, 26820478, 26820478, 26820478, 26820478, 26820478, 26820478, 26820478, 26820478, 26843454, 26843454, 26843454, 26843454, 26843454, 26843454, 26843454, 26843454, 26843454, 26843454, 26843454, 26843454, 26573059, 26573059, 198725337, 26843454, 26843454, 26843454, 26843454, 463164279, 26260820, 26260820, 26260820, 26260820, 1693168317, 26726923, 258788866, 27232760, 27232760, 156270689, 27761521, 27761521, 27761521, 27761521, 27761521, 27761521, 27761521, 27773145, 27773145, 27773145, 27773145, 27773145, 27773145, 27773145, 27773145, 27773145, 27773145, 27773145, 27773145, 27773145, 27773145, 1668532827, 26406256, 26406256, 26406256, 26406256, 2901917624, 26573059, 25491349, 25491349, 25491349, 25491349, 25491349, 25491349, 25491349, 25491349, 440585113, 25491349, 25491349, 25491349, 25491349, 25491349, 283880439, 26326183, 26326183, 26326183, 26326183, 26326183, 26326183, 26326183, 26326183, 26326183, 26326183, 26326183, 26326183, 26326183, 26326183, 26326183, 26555649, 26326183, 26326183, 26326183, 26326183, 26326183, 26326183, 26326183, 26326183, 26326183, 26326183, 26326183, 26326183, 26326183, 26326183, 26326183, 26555649, 26326183, 26326183, 26326183, 26326183, 26326183, 26326183, 26326183, 26326183, 26326183, 26326183, 26326183, 26326183, 26326183, 26326183, 26326183, 26555649, 26326183, 26326183, 26326183, 26326183, 26326183, 26445351]",0,0,0,NPU,0,0,0,0,0,0,1.0,hot,0,0,0,0,1.0,0
0,141,meta-llama/Llama-3.1-8B,16,752,13501602637,138606347407,125104744770,89044889942,89133085830,48941032,"[26695203, 26695203, 26695203, 26695203, 196665329, 26695203, 26695203, 26695203, 26695203, 26695203, 26695203, 26695203, 26695203, 26695203, 26695203, 26695203, 26695203, 26615821, 26615821, 26615821, 26706189, 26706189, 26706189, 26706189, 26706189, 26706189, 26706189, 26706189, 26706189, 26706189, 26706189, 26706189, 26706189, 26706189, 26706189, 26706189, 26706189, 26706189, 26706189, 26706189, 26706189, 26706189, 26706189, 26706189, 26706189, 26706189, 26706189, 26706189, 26706189, 26706189, 26706189, 26706189, 3630759599, 26645180, 26645180, 26645180, 26645180, 26645180, 26645180, 26645180, 26645180, 26645180, 26454608, 26454608, 26454608, 26454608, 26454608, 26454608, 26454608, 26454608, 26454608, 26454608, 26428822, 26428822, 26428822, 26428822, 240090658, 26645180, 26645180, 26645180, 26645180, 26645180, 26645180, 26645180, 26645180, 26645180, 26645180, 26645180, 26645180, 26645180, 26645180, 26645180, 26454608, 26454608, 26454608, 26454608, 26454608, 26454608, 26454608, 26454608, 26454608, 26454608, 26454608, 26454608, 26454608, 26454608, 26454608, 26637795, 26637795, 26637795, 26637795, 249024265, 26637795, 26637795, 26637795, 5151345721, 26428822, 26428822, 26428822, 26428822, 26428822, 26428822, 26428822, 26428822, 26428822, 26428822, 26428822, 26428822, 26428822, 26428822, 26428822, 26428822, 26428822, 26428822, 26428822, 26428822, 26428822, 26428822, 26428822, 26428822, 26428822, 26428822, 79005940, 27286840, 27286840, 27286840, 27286840, 27286840, 27286840, 27286840, 27286840, 27286840, 27286840, 27286840, 27286840, 25853850, 25853850, 25853850, 78113090, 26843454, 26843454, 26843454, 26843454, 1210285836, 26639587, 26639587, 26639587, 26868061, 26573059, 26573059, 26573059, 26573059, 26573059, 26573059, 26573059, 26573059, 26573059, 26573059, 26573059, 26573059, 26573059, 26573059, 26573059, 26309846, 26309846, 26309846, 26309846, 26309846, 26309846, 26309846, 26309846, 26309846, 26309846, 26309846, 26309846, 26467984, 26467984, 26467984, 26467984, 26467984, 26467984, 26467984, 26467984, 26467984, 26467984, 26467984, 350551123, 27286840, 26292502, 1498885148, 26260820, 26260820, 26260820, 26638708, 26638708, 26638708, 26638708, 26638708, 26638708, 26638708, 26638708, 26638708, 26638708, 26638708, 26638708, 452683134, 26638708, 26638708, 26638708, 26638708, 26638708, 26638708, 26638708, 26638708, 26638708, 26638708, 26638708, 26638708, 26638708, 26638708, 26638708, 1124343856, 26820478, 26820478, 26820478, 26820478, 26820478, 26843454, 26843454, 26843454, 26843454, 26843454, 26843454, 26843454, 26843454, 26843454, 26843454, 26843454, 26843454, 26843454, 26843454, 26843454, 26843454, 26843454, 26843454, 26843454, 197825479, 240950850, 26380886, 26380886, 26380886, 26380886, 26380886, 26428822, 26428822, 26428822, 26428822, 26428822, 26428822, 26428822, 26428822, 26428822, 197048981, 26464944, 26464944, 26464944, 26464944, 520208779, 26729656, 26729656, 26729656, 26729656, 26729656, 26729656, 26729656, 26729656, 26820478, 26820478, 26820478, 26820478, 26820478, 26820478, 26820478, 26820478, 26820478, 26820478, 26820478, 26820478, 26820478, 26820478, 26820478, 26843454, 26843454, 26843454, 26843454, 26843454, 26843454, 26843454, 26843454, 26843454, 26843454, 26843454, 26843454, 26573059, 26573059, 198725337, 26843454, 26843454, 26843454, 26843454, 25829685, 26316447, 26316447, 26316447, 26316447, 332068806, 26260820, 26260820, 26260820, 26260820, 25969703, 25969703, 25969703, 25969703, 25619925, 25619925, 25619925, 25619925, 25652783, 25619925, 25619925, 824477609, 26316447, 26316447, 26316447, 26316447, 26316447, 26316447, 26316447, 26316447, 26316447, 26316447, 26316447, 26316447, 26316447, 26316447, 26316447, 26059151, 25829685, 25829685, 25829685, 25829685, 61314967, 26726923, 258788866, 27232760, 27232760, 156270689, 27761521, 27761521, 27761521, 27761521, 27761521, 27761521, 27761521, 27773145, 27773145, 27773145, 27773145, 27773145, 27773145, 27773145, 27773145, 27773145, 27773145, 27773145, 27773145, 27773145, 27773145, 26007326, 26007326, 26007326, 26007326, 26007326, 26007326, 26007326, 26007326, 26007326, 26007326, 26007326, 26007326, 26007326, 26007326, 26007326, 26007326, 25327829, 25536603, 25536603, 25536603, 25536603, 25536603, 25536603, 25536603, 25536603, 25536603, 25536603, 25536603, 25536603, 25536603, 25536603, 25536603, 25602229, 25536603, 25536603, 25536603, 25536603, 25536603, 25536603, 25536603, 25536603, 25536603, 25536603, 25536603, 25536603, 25536603, 25536603, 25536603, 25602229, 25536603, 25536603, 25536603, 25536603, 25536603, 25536603, 25536603, 25536603, 25536603, 25536603, 25536603, 25536603, 25536603, 25536603, 25536603, 26736189, 26406256, 26406256, 26406256, 26406256, 25648437, 25648437, 25648437, 25648437, 25648437, 25648437, 25648437, 25648437, 25648437, 25648437, 25648437, 25746831, 25648437, 25648437, 25648437, 25648437, 25648437, 25648437, 25648437, 25648437, 25648437, 25648437, 25648437, 25648437, 25648437, 25648437, 25648437, 25746831, 25648437, 25648437, 25648437, 25648437, 25648437, 25648437, 25648437, 25648437, 25648437, 25648437, 25648437, 25648437, 25648437, 25648437, 25648437, 25466169, 25335007, 25335007, 25335007, 25335007, 25335007, 25335007, 25335007, 25335007, 25335007, 25335007, 25335007, 25335007, 25335007, 25335007, 25335007, 25466169, 25674687, 25674687, 25674687, 25674687, 25674687, 25674687, 25674687, 25674687, 25674687, 25674687, 25674687, 25674687, 25674687, 25674687, 25674687, 25302799, 25138869, 25138869, 25138869, 25138869, 25138869, 25138869, 25138869, 25138869, 25138869, 25138869, 25138869, 25138869, 25138869, 25138869, 25138869, 25302799, 25138869, 25138869, 25138869, 25138869, 25138869, 25138869, 25138869, 25138869, 25138869, 25138869, 25138869, 25138869, 25138869, 25138869, 25138869, 25302799, 25138869, 25138869, 25138869, 25138869, 25263093, 26867261, 26573059, 25491349, 25491349, 25491349, 25491349, 25491349, 25491349, 25491349, 25491349, 26027407, 25929013, 25929013, 25929013, 25929013, 25929013, 25929013, 25929013, 25929013, 25929013, 25929013, 25929013, 25929013, 25929013, 25929013, 25929013, 25622511, 25491349, 25491349, 25491349, 25491349, 25491349, 25732479, 25732479, 25732479, 25732479, 25732479, 25732479, 25732479, 25732479, 25732479, 25732479, 26555649, 26326183, 26326183, 26326183, 26326183, 26326183, 26326183, 26326183, 26326183, 26326183, 26326183, 26326183, 26326183, 26326183, 26326183, 26326183, 26555649, 26326183, 26326183, 26326183, 26326183, 26326183, 26326183, 26326183, 26326183, 26326183, 26326183, 26326183, 26326183, 26326183, 26326183, 26326183, 26555649, 26326183, 26326183, 26326183, 26326183, 26326183, 26326183, 26326183, 26326183, 26326183, 26326183, 26326183, 26326183, 26326183, 26326183, 26326183, 26555649, 26326183, 26326183, 26326183, 26326183, 26326183, 26445351, 29277870, 27278932, 27278932, 27278932, 26553020, 26049543, 26049543, 26049543, 25487317, 26220245, 26154619, 26154619, 26154619, 26154619, 26154619, 26154619, 26154619, 26154619, 26154619, 26154619, 26154619, 26154619, 26154619, 26154619, 26154619, 26220245, 26154619, 26154619, 26154619, 26154619, 26154619, 26154619, 26154619, 26154619, 26154619, 26154619, 26154619, 26154619, 26154619, 26154619, 26154619, 26220245, 26154619, 26154619, 26154619, 26154619, 26154619, 26154619, 26154619, 26154619, 26154619, 26154619, 26154619, 26154619, 26154619, 26154619, 26154619]",0,0,0,CXL,0,90177536,0,90177536,90177536,90177536,1.0,hot,0,0,0,0,1.0,180355072
0,153,meta-llama/Llama-3.1-8B,12,371,14194446340,140368333798,126173887458,104541906198,104892457321,59445335,"[27286840, 3900232216, 26820478, 26820478, 26820478, 26820478, 26820478, 26843454, 26843454, 26843454, 26843454, 26843454, 26843454, 26843454, 26843454, 26843454, 26843454, 26843454, 26843454, 26843454, 26843454, 26843454, 26843454, 26843454, 26843454, 26843454, 197825479, 240950850, 26380886, 26380886, 26380886, 26380886, 26380886, 26428822, 26428822, 26428822, 26428822, 26428822, 26428822, 26428822, 26428822, 26428822, 197048981, 26464944, 26464944, 26464944, 26464944, 520208779, 26729656, 26729656, 26729656, 26729656, 26729656, 26729656, 26729656, 26729656, 26820478, 26820478, 26820478, 26820478, 26820478, 26820478, 26820478, 26820478, 26820478, 26820478, 26820478, 26820478, 26820478, 26820478, 26820478, 26843454, 26843454, 26843454, 26843454, 26843454, 26843454, 26843454, 26843454, 26843454, 26843454, 26843454, 26843454, 26573059, 26573059, 198725337, 26843454, 26843454, 26843454, 26843454, 463164279, 26260820, 26260820, 26260820, 26260820, 25969703, 25969703, 25969703, 25969703, 1589289505, 26726923, 258788866, 27232760, 27232760, 156270689, 27761521, 27761521, 27761521, 27761521, 27761521, 27761521, 27761521, 27773145, 27773145, 27773145, 27773145, 27773145, 27773145, 27773145, 27773145, 27773145, 27773145, 27773145, 27773145, 27773145, 27773145, 1668532827, 26406256, 26406256, 26406256, 26406256, 1128545748, 25335007, 25335007, 25335007, 25335007, 25335007, 25335007, 25335007, 25335007, 25335007, 25335007, 25335007, 25335007, 25335007, 25335007, 25335007, 25466169, 25674687, 25674687, 25674687, 25674687, 25674687, 25674687, 25674687, 25674687, 25674687, 25674687, 25674687, 25674687, 25674687, 25674687, 25674687, 25302799, 25138869, 25138869, 25138869, 25138869, 25138869, 25138869, 25138869, 25138869, 25138869, 25138869, 25138869, 25138869, 25138869, 25138869, 25138869, 25302799, 25138869, 25138869, 25138869, 25138869, 25138869, 25138869, 25138869, 25138869, 25138869, 25138869, 25138869, 25138869, 25138869, 25138869, 25138869, 25302799, 25138869, 25138869, 25138869, 25138869, 25263093, 26867261, 26573059, 25491349, 25491349, 25491349, 25491349, 25491349, 25491349, 25491349, 25491349, 440585113, 25491349, 25491349, 25491349, 25491349, 25491349, 25732479, 25732479, 25732479, 25732479, 25732479, 25732479, 25732479, 25732479, 25732479, 25732479, 26555649, 26326183, 26326183, 26326183, 26326183, 26326183, 26326183, 26326183, 26326183, 26326183, 26326183, 26326183, 26326183, 26326183, 26326183, 26326183, 26555649, 26326183, 26326183, 26326183, 26326183, 26326183, 26326183, 26326183, 26326183, 26326183, 26326183, 26326183, 26326183, 26326183, 26326183, 26326183, 26555649, 26326183, 26326183, 26326183, 26326183, 26326183, 26326183, 26326183, 26326183, 26326183, 26326183, 26326183, 26326183, 26326183, 26326183, 26326183, 26555649, 26326183, 26326183, 26326183, 26326183, 26326183, 26445351, 29277870, 27278932, 27278932, 27278932, 26553020, 26049543, 26049543, 26049543, 25487317, 1283258060, 27278932, 27278932, 27278932, 27278932, 27278932, 27278932, 27278932, 27278932, 27278932, 27278932, 27278932, 27278932, 27278932, 27278932, 27278932, 27278932, 26535544, 26535544, 26260820, 26260820, 26260820, 25829685, 25829685, 25829685, 25829685, 25829685, 25829685, 25829685, 25829685, 25829685, 25829685, 26027407, 25929013, 25929013, 25929013, 25929013, 25929013, 25929013, 25929013, 25929013, 25929013, 25929013, 25929013, 25929013, 25929013, 25929013, 25929013, 26027407, 25929013, 25929013, 25929013, 25929013, 25929013, 25929013, 25929013, 25929013, 25929013, 25929013, 25929013, 25929013, 25929013, 25929013, 25929013, 26023577, 25892415, 25892415]",0,0,0,CXL,0,16777216,0,16777216,16777216,16777216,1.0,hot,0,0,0,0,1.0,33554432
0,159,meta-llama/Llama-3.1-8B,1020,1141,15058876991,142041478710,126982601719,109408213899,109605262880,144811156,"[626068555, 26729656, 26729656, 26729656, 26729656, 26729656, 26729656, 26729656, 26729656, 26820478, 26820478, 26820478, 26820478, 26820478, 26820478, 26820478, 26820478, 26820478, 26820478, 26820478, 26820478, 26820478, 26820478, 26820478, 26843454, 26843454, 26843454, 26843454, 26843454, 26843454, 26843454, 26843454, 26843454, 26843454, 26843454, 26843454, 26573059, 26573059, 198725337, 26843454, 26843454, 26843454, 26843454, 463164279, 1798211597, 26726923, 258788866, 27232760, 27232760, 156270689, 27761521, 27761521, 27761521, 27761521, 27761521, 27761521, 27761521, 27773145, 27773145, 27773145, 27773145, 27773145, 27773145, 27773145, 27773145, 27773145, 27773145, 27773145, 27773145, 27773145, 27773145, 1668532827, 26406256, 26406256, 26406256, 26406256, 2901917624, 26573059, 2507552407, 27278932, 27278932, 27278932, 26553020, 1386894006, 27278932, 27278932, 27278932, 27278932, 27278932, 27278932, 27278932, 27278932, 27278932, 27278932, 27278932, 27278932, 27278932, 27278932, 27278932, 27278932, 26535544, 26535544, 26260820, 26260820, 26260820, 1193590991, 27232760, 27232760, 27232760, 27232760, 27232760, 27232760, 27232760, 27232760, 26535544, 104155761, 26535544, 26324758, 1217531987, 26638708]",0,0,0,NPU,0,0,0,0,0,0,1.0,hot,0,0,0,0,1.0,0
0,156,meta-llama/Llama-3.1-8B,205,473,14758080020,142231758837,127473678817,108900470713,109098296192,68821657,"[240950850, 26380886, 26380886, 26380886, 26380886, 26380886, 26428822, 26428822, 26428822, 26428822, 26428822, 26428822, 26428822, 26428822, 26428822, 197048981, 626068555, 26729656, 26729656, 26729656, 26729656, 26729656, 26729656, 26729656, 26729656, 26820478, 26820478, 26820478, 26820478, 26820478, 26820478, 26820478, 26820478, 26820478, 26820478, 26820478, 26820478, 26820478, 26820478, 26820478, 26843454, 26843454, 26843454, 26843454, 26843454, 26843454, 26843454, 26843454, 26843454, 26843454, 26843454, 26843454, 26573059, 26573059, 198725337, 26843454, 26843454, 26843454, 26843454, 463164279, 26260820, 26260820, 26260820, 26260820, 1693168317, 26726923, 258788866, 27232760, 27232760, 156270689, 27761521, 27761521, 27761521, 27761521, 27761521, 27761521, 27761521, 27773145, 27773145, 27773145, 27773145, 27773145, 27773145, 27773145, 27773145, 27773145, 27773145, 27773145, 27773145, 27773145, 27773145, 1668532827, 26406256, 26406256, 26406256, 26406256, 2901917624, 26573059, 1055853089, 26326183, 26326183, 26326183, 26326183, 26326183, 26326183, 26326183, 26326183, 26326183, 26326183, 26326183, 26326183, 26326183, 26326183, 26326183, 26555649, 26326183, 26326183, 26326183, 26326183, 26326183, 26326183, 26326183, 26326183, 26326183, 26326183, 26326183, 26326183, 26326183, 26326183, 26326183, 26555649, 26326183, 26326183, 26326183, 26326183, 26326183, 26326183, 26326183, 26326183, 26326183, 26326183, 26326183, 26326183, 26326183, 26326183, 26326183, 26555649, 26326183, 26326183, 26326183, 26326183, 26326183, 26445351, 29277870, 27278932, 27278932, 27278932, 26553020, 26049543, 26049543, 26049543, 25487317, 1283258060, 27278932, 27278932, 27278932, 27278932, 27278932, 27278932, 27278932, 27278932, 27278932, 27278932, 27278932, 27278932, 27278932, 27278932, 27278932, 27278932, 26535544, 26535544, 26260820, 26260820, 26260820, 25829685, 25829685, 25829685, 25829685, 25829685, 25829685, 25829685, 25829685, 25829685, 25829685, 855948781, 25892415, 25892415, 27560530, 27232760, 27232760, 27232760, 27232760, 27232760, 27232760, 27232760, 27232760, 26535544, 25829685, 25829685, 25829685, 26666706, 26535544, 26324758, 26211925, 26211925, 26211925, 26211925, 26211925, 26211925, 26211925, 26211925, 26211925, 26211925, 26211925, 26211925, 26211925, 26703417, 26552895, 26552895, 26552895, 26552895, 26552895, 26552895, 26552895, 26552895, 26552895, 26552895, 26552895, 26552895, 26552895, 26552895, 26552895, 26684057, 26552895, 26552895, 26552895, 26552895, 26552895, 26552895, 26552895, 26552895, 26552895, 26552895, 26552895, 26552895, 26552895, 26552895, 26552895, 26802638, 26638708, 27660429, 27103283, 27103283, 27103283, 27103283, 27103283, 27103283]",0,0,0,NPU,0,0,0,0,0,0,1.0,hot,0,0,0,0,1.0,0
0,170,meta-llama/Llama-3.1-8B,111,196,15837779571,142691796976,126854017405,112950000901,113011315868,164794065,"[26726923, 258788866, 27232760, 27232760, 156270689, 27761521, 27761521, 27761521, 27761521, 27761521, 27761521, 27761521, 27773145, 27773145, 27773145, 27773145, 27773145, 27773145, 27773145, 27773145, 27773145, 27773145, 27773145, 27773145, 27773145, 27773145, 7210200941, 27278932, 27278932, 27278932, 26553020, 1386894006, 27278932, 27278932, 27278932, 27278932, 27278932, 27278932, 27278932, 27278932, 27278932, 27278932, 27278932, 27278932, 27278932, 27278932, 27278932, 27278932, 1325444539, 27232760, 27232760, 27232760, 27232760, 27232760, 27232760, 27232760, 27232760, 26535544, 104155761, 26535544, 1298155882, 27103283, 27103283, 27103283, 27103283, 27103283, 27103283, 27061067, 27061067, 27061067, 27061067, 27061067, 27061067, 27061067, 27061067, 27061067, 27061067, 27061067, 27061067, 27061067, 27061067, 27061067, 27061067, 27061067]",0,0,0,NPU,0,0,0,0,0,0,1.0,hot,0,0,0,0,1.0,0
0,158,meta-llama/Llama-3.1-8B,4,175,14928602099,142825596516,127896994417,108927774113,109168724963,110166290,"[26380886, 26380886, 26380886, 26380886, 26380886, 26428822, 26428822, 26428822, 26428822, 26428822, 26428822, 26428822, 26428822, 26428822, 197048981, 626068555, 26729656, 26729656, 26729656, 26729656, 26729656, 26729656, 26729656, 26729656, 26820478, 26820478, 26820478, 26820478, 26820478, 26820478, 26820478, 26820478, 26820478, 26820478, 26820478, 26820478, 26820478, 26820478, 26820478, 26843454, 26843454, 26843454, 26843454, 26843454, 26843454, 26843454, 26843454, 26843454, 26843454, 26843454, 26843454, 26573059, 26573059, 198725337, 26843454, 26843454, 26843454, 26843454, 463164279, 1798211597, 26726923, 258788866, 27232760, 27232760, 156270689, 27761521, 27761521, 27761521, 27761521, 27761521, 27761521, 27761521, 27773145, 27773145, 27773145, 27773145, 27773145, 27773145, 27773145, 27773145, 27773145, 27773145, 27773145, 27773145, 27773145, 27773145, 1668532827, 26406256, 26406256, 26406256, 26406256, 2901917624, 26573059, 2507552407, 27278932, 27278932, 27278932, 26553020, 26049543, 26049543, 26049543, 1308745377, 27278932, 27278932, 27278932, 27278932, 27278932, 27278932, 27278932, 27278932, 27278932, 27278932, 27278932, 27278932, 27278932, 27278932, 27278932, 27278932, 26535544, 26535544, 26260820, 26260820, 26260820, 1193590991, 27232760, 27232760, 27232760, 27232760, 27232760, 27232760, 27232760, 27232760, 26535544, 25829685, 25829685, 25829685, 26666706, 26535544, 26324758, 1217531987, 26638708, 27660429, 27103283, 27103283, 27103283, 27103283, 27103283, 27103283, 27061067, 27061067, 27061067, 27061067, 27061067, 27061067, 27061067, 27061067, 27061067, 27061067, 27061067, 27061067, 27061067, 27061067, 27061067, 27061067, 27061067, 26759908, 26759908, 26759908, 26759908, 26759908]",0,0,0,CXL,0,27262976,0,27262976,27262976,27262976,1.0,hot,0,0,0,0,1.0,54525952
0,157,meta-llama/Llama-3.1-8B,1295,1577,14901468782,143092865746,128191396964,108954907430,109195858280,67599781,"[26380886, 26380886, 26380886, 26380886, 26380886, 26428822, 26428822, 26428822, 26428822, 26428822, 26428822, 26428822, 26428822, 26428822, 197048981, 626068555, 26729656, 26729656, 26729656, 26729656, 26729656, 26729656, 26729656, 26729656, 26820478, 26820478, 26820478, 26820478, 26820478, 26820478, 26820478, 26820478, 26820478, 26820478, 26820478, 26820478, 26820478, 26820478, 26820478, 26843454, 26843454, 26843454, 26843454, 26843454, 26843454, 26843454, 26843454, 26843454, 26843454, 26843454, 26843454, 26573059, 26573059, 198725337, 26843454, 26843454, 26843454, 26843454, 463164279, 26260820, 26260820, 26260820, 26260820, 1693168317, 26726923, 258788866, 27232760, 27232760, 156270689, 27761521, 27761521, 27761521, 27761521, 27761521, 27761521, 27761521, 27773145, 27773145, 27773145, 27773145, 27773145, 27773145, 27773145, 27773145, 27773145, 27773145, 27773145, 27773145, 27773145, 27773145, 1668532827, 26406256, 26406256, 26406256, 26406256, 2901917624, 26573059, 1055853089, 26326183, 26326183, 26326183, 26326183, 26326183, 26326183, 26326183, 26326183, 26326183, 26326183, 26326183, 26326183, 26326183, 26326183, 26326183, 26555649, 26326183, 26326183, 26326183, 26326183, 26326183, 26326183, 26326183, 26326183, 26326183, 26326183, 26326183, 26326183, 26326183, 26326183, 26326183, 26555649, 26326183, 26326183, 26326183, 26326183, 26326183, 26326183, 26326183, 26326183, 26326183, 26326183, 26326183, 26326183, 26326183, 26326183, 26326183, 26555649, 26326183, 26326183, 26326183, 26326183, 26326183, 26445351, 29277870, 27278932, 27278932, 27278932, 26553020, 26049543, 26049543, 26049543, 1308745377, 27278932, 27278932, 27278932, 27278932, 27278932, 27278932, 27278932, 27278932, 27278932, 27278932, 27278932, 27278932, 27278932, 27278932, 27278932, 27278932, 26535544, 26535544, 26260820, 26260820, 26260820, 25829685, 25829685, 25829685, 25829685, 25829685, 25829685, 25829685, 25829685, 25829685, 25829685, 935294141, 27232760, 27232760, 27232760, 27232760, 27232760, 27232760, 27232760, 27232760, 26535544, 25829685, 25829685, 25829685, 26666706, 26535544, 26324758, 367458442, 26552895, 26552895, 26552895, 26552895, 26552895, 26552895, 26552895, 26552895, 26552895, 26552895, 26552895, 26552895, 26552895, 26552895, 26552895, 26684057, 26552895, 26552895, 26552895, 26552895, 26552895, 26552895, 26552895, 26552895, 26552895, 26552895, 26552895, 26552895, 26552895, 26552895, 26552895, 26802638, 26638708, 27660429, 27103283, 27103283, 27103283, 27103283, 27103283, 27103283, 27061067, 27061067, 27061067, 27061067, 27061067, 27061067, 27061067, 27061067, 27061067, 27061067, 27061067, 27061067, 27061067, 27061067, 27061067, 27061067, 27061067, 26759908, 26759908, 26759908, 26759908, 26759908, 26726923, 26726923, 26726923, 26726923, 26726923, 26726923, 26726923, 26726923, 26726923, 26726923]",0,0,0,NPU,0,0,0,0,0,0,1.0,hot,0,0,0,0,1.0,0
0,163,meta-llama/Llama-3.1-8B,217,330,15381901950,143424819538,128042917588,111581267869,111668981892,146195854,"[1798211597, 26726923, 258788866, 27232760, 27232760, 156270689, 27761521, 27761521, 27761521, 27761521, 27761521, 27761521, 27761521, 27773145, 27773145, 27773145, 27773145, 27773145, 27773145, 27773145, 27773145, 27773145, 27773145, 27773145, 27773145, 27773145, 27773145, 1668532827, 3007542648, 26573059, 2507552407, 27278932, 27278932, 27278932, 26553020, 1386894006, 27278932, 27278932, 27278932, 27278932, 27278932, 27278932, 27278932, 27278932, 27278932, 27278932, 27278932, 27278932, 27278932, 27278932, 27278932, 27278932, 26535544, 26535544, 1272373451, 27232760, 27232760, 27232760, 27232760, 27232760, 27232760, 27232760, 27232760, 26535544, 104155761, 26535544, 26324758, 1217531987, 26638708, 27660429, 27103283, 27103283, 27103283, 27103283, 27103283, 27103283, 27061067, 27061067, 27061067, 27061067, 27061067, 27061067, 27061067, 27061067, 27061067, 27061067, 27061067, 27061067, 27061067, 27061067, 27061067, 27061067, 27061067, 26759908, 26759908, 26759908, 26759908, 26759908, 26726923, 26726923, 26726923, 26726923, 26726923, 26726923, 26726923, 26726923, 26726923, 26726923, 250116996, 27278932, 27278932, 27278932]",0,0,0,NPU,0,0,0,0,0,0,1.0,hot,0,0,0,0,1.0,0
0,178,meta-llama/Llama-3.1-8B,4,102,16502022096,143506517818,127004495722,112687054652,112843325341,145991447,"[27761521, 27761521, 27761521, 27761521, 27761521, 27761521, 27761521, 27773145, 27773145, 27773145, 27773145, 27773145, 27773145, 27773145, 27773145, 27773145, 27773145, 27773145, 27773145, 27773145, 27773145, 7210200941, 27278932, 27278932, 27278932, 1413447026, 27278932, 27278932, 27278932, 27278932, 27278932, 27278932, 27278932, 27278932, 27278932, 27278932, 27278932, 27278932, 27278932, 27278932, 27278932, 27278932, 1325444539, 27232760, 27232760, 27232760, 27232760, 27232760, 27232760, 27232760, 27232760, 1455382731, 27103283, 27103283, 27103283, 27103283, 27103283, 27103283, 27061067, 27061067, 27061067, 27061067, 27061067, 27061067, 27061067, 27061067, 27061067, 27061067, 27061067, 27061067, 27061067, 27061067, 27061067, 27061067, 27061067, 26759908, 26759908, 26759908, 26759908, 26759908, 26726923, 26726923, 26726923, 26726923, 26726923, 26726923, 26726923, 26726923, 26726923, 26726923, 250116996, 27278932, 27278932, 27278932, 27232760, 27232760, 27232760]",0,0,0,CXL,0,23068672,0,23068672,23068672,23068672,1.0,hot,0,0,0,0,1.0,46137344
0,149,meta-llama/Llama-3.1-8B,69,833,13845293894,143533621101,129688327207,94588456248,94828546906,45687785,"[26645180, 26645180, 26645180, 26645180, 26645180, 26645180, 26645180, 26645180, 26645180, 26645180, 26645180, 26645180, 26645180, 26645180, 26645180, 26454608, 26454608, 26454608, 26454608, 26454608, 26454608, 26454608, 26454608, 26454608, 26454608, 26454608, 26454608, 26454608, 26454608, 26454608, 5586834551, 26428822, 26428822, 26428822, 26428822, 26428822, 26428822, 26428822, 26428822, 26428822, 26428822, 26428822, 26428822, 26428822, 26428822, 26428822, 26428822, 26428822, 26428822, 26428822, 26428822, 26428822, 26428822, 26428822, 26428822, 26428822, 26428822, 79005940, 27286840, 27286840, 27286840, 27286840, 27286840, 27286840, 27286840, 27286840, 27286840, 27286840, 27286840, 27286840, 1580121114, 26573059, 26573059, 26573059, 26573059, 26573059, 26573059, 26573059, 26573059, 26573059, 26573059, 26573059, 26573059, 26573059, 26573059, 26573059, 26309846, 26309846, 26309846, 26309846, 26309846, 26309846, 26309846, 26309846, 26309846, 26309846, 26309846, 26309846, 26467984, 26467984, 26467984, 26467984, 26467984, 26467984, 26467984, 26467984, 26467984, 26467984, 26467984, 350551123, 27286840, 26292502, 3873939714, 26820478, 26820478, 26820478, 26820478, 26820478, 26843454, 26843454, 26843454, 26843454, 26843454, 26843454, 26843454, 26843454, 26843454, 26843454, 26843454, 26843454, 26843454, 26843454, 26843454, 26843454, 26843454, 26843454, 26843454, 197825479, 240950850, 26380886, 26380886, 26380886, 26380886, 26380886, 26428822, 26428822, 26428822, 26428822, 26428822, 26428822, 26428822, 26428822, 26428822, 197048981, 26464944, 26464944, 26464944, 26464944, 520208779, 26729656, 26729656, 26729656, 26729656, 26729656, 26729656, 26729656, 26729656, 26820478, 26820478, 26820478, 26820478, 26820478, 26820478, 26820478, 26820478, 26820478, 26820478, 26820478, 26820478, 26820478, 26820478, 26820478, 26843454, 26843454, 26843454, 26843454, 26843454, 26843454, 26843454, 26843454, 26843454, 26843454, 26843454, 26843454, 26573059, 26573059, 198725337, 26843454, 26843454, 26843454, 26843454, 25829685, 437334594, 26260820, 26260820, 26260820, 26260820, 25969703, 25969703, 25969703, 25969703, 25619925, 25619925, 25619925, 25619925, 25652783, 25619925, 25619925, 824477609, 26316447, 26316447, 26316447, 26316447, 26316447, 26316447, 26316447, 26316447, 26316447, 26316447, 26316447, 26316447, 26316447, 26316447, 26316447, 26059151, 25829685, 25829685, 25829685, 25829685, 61314967, 26726923, 258788866, 27232760, 27232760, 156270689, 27761521, 27761521, 27761521, 27761521, 27761521, 27761521, 27761521, 27773145, 27773145, 27773145, 27773145, 27773145, 27773145, 27773145, 27773145, 27773145, 27773145, 27773145, 27773145, 27773145, 27773145, 441445045, 25536603, 25536603, 25536603, 25536603, 25536603, 25536603, 25536603, 25536603, 25536603, 25536603, 25536603, 25536603, 25536603, 25536603, 25536603, 25602229, 25536603, 25536603, 25536603, 25536603, 25536603, 25536603, 25536603, 25536603, 25536603, 25536603, 25536603, 25536603, 25536603, 25536603, 25536603, 25602229, 25536603, 25536603, 25536603, 25536603, 25536603, 25536603, 25536603, 25536603, 25536603, 25536603, 25536603, 25536603, 25536603, 25536603, 25536603, 26736189, 26406256, 26406256, 26406256, 26406256, 25648437, 25648437, 25648437, 25648437, 25648437, 25648437, 25648437, 25648437, 25648437, 25648437, 25648437, 25746831, 25648437, 25648437, 25648437, 25648437, 25648437, 25648437, 25648437, 25648437, 25648437, 25648437, 25648437, 25648437, 25648437, 25648437, 25648437, 25746831, 25648437, 25648437, 25648437, 25648437, 25648437, 25648437, 25648437, 25648437, 25648437, 25648437, 25648437, 25648437, 25648437, 25648437, 25648437, 25466169, 25335007, 25335007, 25335007, 25335007, 25335007, 25335007, 25335007, 25335007, 25335007, 25335007, 25335007, 25335007, 25335007, 25335007, 25335007, 25466169, 25674687, 25674687, 25674687, 25674687, 25674687, 25674687, 25674687, 25674687, 25674687, 25674687, 25674687, 25674687, 25674687, 25674687, 25674687, 25302799, 25138869, 25138869, 25138869, 25138869, 25138869, 25138869, 25138869, 25138869, 25138869, 25138869, 25138869, 25138869, 25138869, 25138869, 25138869, 25302799, 25138869, 25138869, 25138869, 25138869, 25138869, 25138869, 25138869, 25138869, 25138869, 25138869, 25138869, 25138869, 25138869, 25138869, 25138869, 25302799, 25138869, 25138869, 25138869, 25138869, 25263093, 26867261, 26573059, 25491349, 25491349, 25491349, 25491349, 25491349, 25491349, 25491349, 25491349, 26027407, 25929013, 25929013, 25929013, 25929013, 25929013, 25929013, 25929013, 25929013, 25929013, 25929013, 25929013, 25929013, 25929013, 25929013, 25929013, 25622511, 25491349, 25491349, 25491349, 25491349, 25491349, 25732479, 25732479, 25732479, 25732479, 25732479, 25732479, 25732479, 25732479, 25732479, 25732479, 26555649, 26326183, 26326183, 26326183, 26326183, 26326183, 26326183, 26326183, 26326183, 26326183, 26326183, 26326183, 26326183, 26326183, 26326183, 26326183, 26555649, 26326183, 26326183, 26326183, 26326183, 26326183, 26326183, 26326183, 26326183, 26326183, 26326183, 26326183, 26326183, 26326183, 26326183, 26326183, 26555649, 26326183, 26326183, 26326183, 26326183, 26326183, 26326183, 26326183, 26326183, 26326183, 26326183, 26326183, 26326183, 26326183, 26326183, 26326183, 26555649, 26326183, 26326183, 26326183, 26326183, 26326183, 26445351, 29277870, 27278932, 27278932, 27278932, 26553020, 26049543, 26049543, 26049543, 25487317, 26220245, 26154619, 26154619, 26154619, 26154619, 26154619, 26154619, 26154619, 26154619, 26154619, 26154619, 26154619, 26154619, 26154619, 26154619, 26154619, 26220245, 26154619, 26154619, 26154619, 26154619, 26154619, 26154619, 26154619, 26154619, 26154619, 26154619, 26154619, 26154619, 26154619, 26154619, 26154619, 26220245, 26154619, 26154619, 26154619, 26154619, 26154619, 26154619, 26154619, 26154619, 26154619, 26154619, 26154619, 26154619, 26154619, 26154619, 26154619, 27639470, 27278932, 27278932, 27278932, 27278932, 27278932, 27278932, 27278932, 27278932, 27278932, 27278932, 27278932, 27278932, 27278932, 27278932, 27278932, 27278932, 26535544, 26535544, 26260820, 26260820, 26260820, 25829685, 25829685, 25829685, 25829685, 25829685, 25829685, 25829685, 25829685, 25829685, 25829685, 26027407, 25929013, 25929013, 25929013, 25929013, 25929013, 25929013, 25929013, 25929013, 25929013, 25929013, 25929013, 25929013, 25929013, 25929013, 25929013, 26027407, 25929013, 25929013, 25929013, 25929013, 25929013, 25929013, 25929013, 25929013, 25929013, 25929013, 25929013, 25929013, 25929013, 25929013, 25929013, 26023577, 25892415, 25892415, 27560530, 27232760, 27232760, 27232760, 27232760, 27232760, 27232760, 27232760, 27232760, 26535544, 25829685, 25829685, 25829685, 26666706, 26535544, 26324758, 26211925, 26211925, 26211925, 26211925, 26211925, 26211925, 26211925, 26211925, 26211925, 26211925, 26211925, 26211925, 26211925, 26703417, 26552895, 26552895, 26552895, 26552895, 26552895, 26552895, 26552895, 26552895, 26552895, 26552895, 26552895, 26552895, 26552895, 26552895, 26552895, 26684057, 26552895, 26552895, 26552895, 26552895, 26552895, 26552895, 26552895, 26552895, 26552895, 26552895, 26552895, 26552895, 26552895, 26552895, 26552895, 26802638, 26638708, 27660429, 27103283, 27103283, 27103283, 27103283, 27103283, 27103283, 27061067, 27061067, 27061067, 27061067, 27061067, 27061067, 27061067, 27061067, 27061067, 27061067, 27061067, 27061067, 27061067, 27061067, 27061067, 27061067, 27061067, 26759908, 26759908, 26759908, 26759908, 26759908, 26726923, 26726923, 26726923, 26726923, 26726923, 26726923, 26726923, 26726923, 26726923, 26726923, 250116996, 27278932, 27278932, 27278932, 27232760, 27232760, 27232760, 27103283]",0,0,0,CXL,0,58720256,0,58720256,58720256,58720256,1.0,hot,0,0,0,0,1.0,117440512
0,151,meta-llama/Llama-3.1-8B,180,721,14111566044,143533621101,129422055057,104624786494,104975337617,45271698,"[27286840, 26292502, 3873939714, 26820478, 26820478, 26820478, 26820478, 26820478, 26843454, 26843454, 26843454, 26843454, 26843454, 26843454, 26843454, 26843454, 26843454, 26843454, 26843454, 26843454, 26843454, 26843454, 26843454, 26843454, 26843454, 26843454, 26843454, 197825479, 240950850, 26380886, 26380886, 26380886, 26380886, 26380886, 26428822, 26428822, 26428822, 26428822, 26428822, 26428822, 26428822, 26428822, 26428822, 197048981, 26464944, 26464944, 26464944, 26464944, 520208779, 26729656, 26729656, 26729656, 26729656, 26729656, 26729656, 26729656, 26729656, 26820478, 26820478, 26820478, 26820478, 26820478, 26820478, 26820478, 26820478, 26820478, 26820478, 26820478, 26820478, 26820478, 26820478, 26820478, 26843454, 26843454, 26843454, 26843454, 26843454, 26843454, 26843454, 26843454, 26843454, 26843454, 26843454, 26843454, 26573059, 26573059, 198725337, 26843454, 26843454, 26843454, 26843454, 463164279, 26260820, 26260820, 26260820, 26260820, 25969703, 25969703, 25969703, 25969703, 25619925, 25619925, 25619925, 25619925, 25652783, 25619925, 25619925, 1245283465, 25829685, 25829685, 25829685, 25829685, 61314967, 26726923, 258788866, 27232760, 27232760, 156270689, 27761521, 27761521, 27761521, 27761521, 27761521, 27761521, 27761521, 27773145, 27773145, 27773145, 27773145, 27773145, 27773145, 27773145, 27773145, 27773145, 27773145, 27773145, 27773145, 27773145, 27773145, 1668532827, 26406256, 26406256, 26406256, 26406256, 25648437, 25648437, 25648437, 25648437, 25648437, 25648437, 25648437, 25648437, 25648437, 25648437, 25648437, 25746831, 25648437, 25648437, 25648437, 25648437, 25648437, 25648437, 25648437, 25648437, 25648437, 25648437, 25648437, 25648437, 25648437, 25648437, 25648437, 25746831, 25648437, 25648437, 25648437, 25648437, 25648437, 25648437, 25648437, 25648437, 25648437, 25648437, 25648437, 25648437, 25648437, 25648437, 25648437, 25466169, 25335007, 25335007, 25335007, 25335007, 25335007, 25335007, 25335007, 25335007, 25335007, 25335007, 25335007, 25335007, 25335007, 25335007, 25335007, 25466169, 25674687, 25674687, 25674687, 25674687, 25674687, 25674687, 25674687, 25674687, 25674687, 25674687, 25674687, 25674687, 25674687, 25674687, 25674687, 25302799, 25138869, 25138869, 25138869, 25138869, 25138869, 25138869, 25138869, 25138869, 25138869, 25138869, 25138869, 25138869, 25138869, 25138869, 25138869, 25302799, 25138869, 25138869, 25138869, 25138869, 25138869, 25138869, 25138869, 25138869, 25138869, 25138869, 25138869, 25138869, 25138869, 25138869, 25138869, 25302799, 25138869, 25138869, 25138869, 25138869, 25263093, 26867261, 26573059, 25491349, 25491349, 25491349, 25491349, 25491349, 25491349, 25491349, 25491349, 26027407, 25929013, 25929013, 25929013, 25929013, 25929013, 25929013, 25929013, 25929013, 25929013, 25929013, 25929013, 25929013, 25929013, 25929013, 25929013, 25622511, 25491349, 25491349, 25491349, 25491349, 25491349, 25732479, 25732479, 25732479, 25732479, 25732479, 25732479, 25732479, 25732479, 25732479, 25732479, 26555649, 26326183, 26326183, 26326183, 26326183, 26326183, 26326183, 26326183, 26326183, 26326183, 26326183, 26326183, 26326183, 26326183, 26326183, 26326183, 26555649, 26326183, 26326183, 26326183, 26326183, 26326183, 26326183, 26326183, 26326183, 26326183, 26326183, 26326183, 26326183, 26326183, 26326183, 26326183, 26555649, 26326183, 26326183, 26326183, 26326183, 26326183, 26326183, 26326183, 26326183, 26326183, 26326183, 26326183, 26326183, 26326183, 26326183, 26326183, 26555649, 26326183, 26326183, 26326183, 26326183, 26326183, 26445351, 29277870, 27278932, 27278932, 27278932, 26553020, 26049543, 26049543, 26049543, 25487317, 1283258060, 27278932, 27278932, 27278932, 27278932, 27278932, 27278932, 27278932, 27278932, 27278932, 27278932, 27278932, 27278932, 27278932, 27278932, 27278932, 27278932, 26535544, 26535544, 26260820, 26260820, 26260820, 25829685, 25829685, 25829685, 25829685, 25829685, 25829685, 25829685, 25829685, 25829685, 25829685, 26027407, 25929013, 25929013, 25929013, 25929013, 25929013, 25929013, 25929013, 25929013, 25929013, 25929013, 25929013, 25929013, 25929013, 25929013, 25929013, 26027407, 25929013, 25929013, 25929013, 25929013, 25929013, 25929013, 25929013, 25929013, 25929013, 25929013, 25929013, 25929013, 25929013, 25929013, 25929013, 26023577, 25892415, 25892415, 27560530, 27232760, 27232760, 27232760, 27232760, 27232760, 27232760, 27232760, 27232760, 26535544, 25829685, 25829685, 25829685, 26666706, 26535544, 26324758, 26211925, 26211925, 26211925, 26211925, 26211925, 26211925, 26211925, 26211925, 26211925, 26211925, 26211925, 26211925, 26211925, 26703417, 26552895, 26552895, 26552895, 26552895, 26552895, 26552895, 26552895, 26552895, 26552895, 26552895, 26552895, 26552895, 26552895, 26552895, 26552895, 26684057, 26552895, 26552895, 26552895, 26552895, 26552895, 26552895, 26552895, 26552895, 26552895, 26552895, 26552895, 26552895, 26552895, 26552895, 26552895, 26802638, 26638708, 27660429, 27103283, 27103283, 27103283, 27103283, 27103283, 27103283, 27061067, 27061067, 27061067, 27061067, 27061067, 27061067, 27061067, 27061067, 27061067, 27061067, 27061067, 27061067, 27061067, 27061067, 27061067, 27061067, 27061067, 26759908, 26759908, 26759908, 26759908, 26759908, 26726923, 26726923, 26726923, 26726923, 26726923, 26726923, 26726923, 26726923, 26726923, 26726923, 250116996, 27278932, 27278932, 27278932, 27232760, 27232760, 27232760, 27103283]",0,0,0,CXL,0,25165824,0,25165824,25165824,25165824,1.0,hot,0,0,0,0,1.0,50331648
0,174,meta-llama/Llama-3.1-8B,52,169,16040510171,144268803323,128228293152,112835312191,113094101057,130467173,"[27232760, 27232760, 156270689, 27761521, 27761521, 27761521, 27761521, 27761521, 27761521, 27761521, 27773145, 27773145, 27773145, 27773145, 27773145, 27773145, 27773145, 27773145, 27773145, 27773145, 27773145, 27773145, 27773145, 27773145, 7210200941, 27278932, 27278932, 27278932, 1413447026, 27278932, 27278932, 27278932, 27278932, 27278932, 27278932, 27278932, 27278932, 27278932, 27278932, 27278932, 27278932, 27278932, 27278932, 27278932, 27278932, 1325444539, 27232760, 27232760, 27232760, 27232760, 27232760, 27232760, 27232760, 27232760, 1455382731, 27103283, 27103283, 27103283, 27103283, 27103283, 27103283, 27061067, 27061067, 27061067, 27061067, 27061067, 27061067, 27061067, 27061067, 27061067, 27061067, 27061067, 27061067, 27061067, 27061067, 27061067, 27061067, 27061067, 26759908, 26759908, 26759908, 26759908, 26759908, 26726923, 26726923, 26726923, 26726923, 26726923, 26726923, 26726923, 26726923, 26726923, 26726923, 250116996, 27278932, 27278932, 27278932, 27232760, 27232760, 27232760, 27103283, 353923582, 27232760, 27232760, 27232760, 27232760, 27232760, 27232760, 27232760, 27232760, 27232760, 27232760, 27232760, 27232760, 27232760, 27232760]",0,0,0,CXL,0,10485760,0,10485760,10485760,10485760,1.0,hot,0,0,0,0,1.0,20971520
0,176,meta-llama/Llama-3.1-8B,566,683,16177091845,144350113172,128173021327,113011984903,113168255592,129351428,"[27761521, 27761521, 27761521, 27761521, 27761521, 27761521, 27761521, 27773145, 27773145, 27773145, 27773145, 27773145, 27773145, 27773145, 27773145, 27773145, 27773145, 27773145, 27773145, 27773145, 27773145, 7210200941, 27278932, 27278932, 27278932, 1413447026, 27278932, 27278932, 27278932, 27278932, 27278932, 27278932, 27278932, 27278932, 27278932, 27278932, 27278932, 27278932, 27278932, 27278932, 27278932, 27278932, 1325444539, 27232760, 27232760, 27232760, 27232760, 27232760, 27232760, 27232760, 27232760, 1455382731, 27103283, 27103283, 27103283, 27103283, 27103283, 27103283, 27061067, 27061067, 27061067, 27061067, 27061067, 27061067, 27061067, 27061067, 27061067, 27061067, 27061067, 27061067, 27061067, 27061067, 27061067, 27061067, 27061067, 26759908, 26759908, 26759908, 26759908, 26759908, 26726923, 26726923, 26726923, 26726923, 26726923, 26726923, 26726923, 26726923, 26726923, 26726923, 250116996, 27278932, 27278932, 27278932, 27232760, 27232760, 27232760, 27103283, 353923582, 27232760, 27232760, 27232760, 27232760, 27232760, 27232760, 27232760, 27232760, 27232760, 27232760, 27232760, 27232760, 27232760, 27232760, 27103283, 27103283, 27103283]",0,0,0,NPU,0,0,0,0,0,0,1.0,hot,0,0,0,0,1.0,0
0,160,meta-llama/Llama-3.1-8B,1033,1207,15104729270,145312483009,130207753739,111176891140,111375616477,108856284,"[26843454, 26843454, 26843454, 26843454, 463164279, 1798211597, 26726923, 258788866, 27232760, 27232760, 156270689, 27761521, 27761521, 27761521, 27761521, 27761521, 27761521, 27761521, 27773145, 27773145, 27773145, 27773145, 27773145, 27773145, 27773145, 27773145, 27773145, 27773145, 27773145, 27773145, 27773145, 27773145, 1668532827, 26406256, 26406256, 26406256, 26406256, 2901917624, 26573059, 2507552407, 27278932, 27278932, 27278932, 26553020, 1386894006, 27278932, 27278932, 27278932, 27278932, 27278932, 27278932, 27278932, 27278932, 27278932, 27278932, 27278932, 27278932, 27278932, 27278932, 27278932, 27278932, 26535544, 26535544, 26260820, 26260820, 26260820, 1193590991, 27232760, 27232760, 27232760, 27232760, 27232760, 27232760, 27232760, 27232760, 26535544, 104155761, 26535544, 26324758, 1217531987, 26638708, 27660429, 27103283, 27103283, 27103283, 27103283, 27103283, 27103283, 27061067, 27061067, 27061067, 27061067, 27061067, 27061067, 27061067, 27061067, 27061067, 27061067, 27061067, 27061067, 27061067, 27061067, 27061067, 27061067, 27061067, 26759908, 26759908, 26759908, 26759908, 26759908, 26726923, 26726923, 26726923, 26726923, 26726923, 26726923, 26726923, 26726923, 26726923, 26726923, 250116996, 27278932, 27278932, 27278932, 27232760, 27232760, 27232760, 27103283, 353923582, 27232760, 27232760, 27232760, 27232760, 27232760, 27232760, 27232760, 27232760, 27232760, 27232760, 27232760, 27232760, 27232760, 27232760, 27103283, 27103283, 27103283, 199980853, 26694765, 26699917, 26154619, 26187477, 29846334, 29846334, 29846334, 29846334, 29846334, 29846334, 29846334, 29846334, 29846334, 29846334, 29846334, 29846334, 29846334, 29846334, 29846334, 29879192, 29846334, 29846334, 29846334, 29846334, 29846334, 29846334]",0,0,0,NPU,0,0,0,0,0,0,1.0,hot,0,0,0,0,1.0,0
0,188,meta-llama/Llama-3.1-8B,1382,1407,17503125211,145600595879,128097470668,126030495890,126384419472,71377133,"[27232760, 27232760, 27232760, 27232760, 27232760, 27232760, 27232760, 27232760, 27232760, 27232760, 27232760, 27232760, 27232760, 27232760, 27103283, 27103283, 27103283, 199980853, 907992604, 28501850, 28501850, 28501850, 28501850, 28501850]",0,0,0,NPU,0,0,0,0,0,0,1.0,hot,0,0,0,0,1.0,0
0,164,meta-llama/Llama-3.1-8B,9,193,15391364865,149739269270,134347904405,111571804954,111659518977,123980248,"[1798211597, 26726923, 258788866, 27232760, 27232760, 156270689, 27761521, 27761521, 27761521, 27761521, 27761521, 27761521, 27761521, 27773145, 27773145, 27773145, 27773145, 27773145, 27773145, 27773145, 27773145, 27773145, 27773145, 27773145, 27773145, 27773145, 27773145, 4676075475, 26573059, 2507552407, 27278932, 27278932, 27278932, 26553020, 1386894006, 27278932, 27278932, 27278932, 27278932, 27278932, 27278932, 27278932, 27278932, 27278932, 27278932, 27278932, 27278932, 27278932, 27278932, 27278932, 27278932, 26535544, 26535544, 1272373451, 27232760, 27232760, 27232760, 27232760, 27232760, 27232760, 27232760, 27232760, 26535544, 104155761, 26535544, 26324758, 1271831124, 27103283, 27103283, 27103283, 27103283, 27103283, 27103283, 27061067, 27061067, 27061067, 27061067, 27061067, 27061067, 27061067, 27061067, 27061067, 27061067, 27061067, 27061067, 27061067, 27061067, 27061067, 27061067, 27061067, 26759908, 26759908, 26759908, 26759908, 26759908, 26726923, 26726923, 26726923, 26726923, 26726923, 26726923, 26726923, 26726923, 26726923, 26726923, 250116996, 27278932, 27278932, 27278932, 27232760, 27232760, 27232760, 27103283, 353923582, 27232760, 27232760, 27232760, 27232760, 27232760, 27232760, 27232760, 27232760, 27232760, 27232760, 27232760, 27232760, 27232760, 27232760, 27103283, 27103283, 27103283, 199980853, 26694765, 26699917, 854597922, 28501850, 28501850, 28501850, 28501850, 28501850, 248785899, 28680716, 26515608, 25830947, 25830947, 25830947, 24917685, 25116479, 25116479, 25116479, 2847561023, 25322687, 25322687, 25322687, 25322687, 25322687, 25274357, 25274357, 25274357, 25274357, 25274357, 25274357, 25274357, 25274357, 25274357, 25274357, 25372751, 25274357, 25274357, 25274357, 25274357, 25274357, 25274357, 25274357, 25274357, 25274357, 25274357, 25274357, 25304821, 25304821, 25304821, 25304821, 25403215]",0,0,0,CXL,0,33554432,0,33554432,33554432,33554432,1.0,hot,0,0,0,0,1.0,67108864
0,161,meta-llama/Llama-3.1-8B,24,354,15204779644,150172181655,134967402011,111076840766,111275566103,72011659,"[26843454, 26843454, 26843454, 26843454, 463164279, 1798211597, 26726923, 258788866, 27232760, 27232760, 156270689, 27761521, 27761521, 27761521, 27761521, 27761521, 27761521, 27761521, 27773145, 27773145, 27773145, 27773145, 27773145, 27773145, 27773145, 27773145, 27773145, 27773145, 27773145, 27773145, 27773145, 27773145, 1668532827, 26406256, 26406256, 26406256, 26406256, 2901917624, 26573059, 2507552407, 27278932, 27278932, 27278932, 26553020, 1386894006, 27278932, 27278932, 27278932, 27278932, 27278932, 27278932, 27278932, 27278932, 27278932, 27278932, 27278932, 27278932, 27278932, 27278932, 27278932, 27278932, 26535544, 26535544, 26260820, 26260820, 26260820, 1193590991, 27232760, 27232760, 27232760, 27232760, 27232760, 27232760, 27232760, 27232760, 26535544, 104155761, 26535544, 26324758, 1217531987, 26638708, 27660429, 27103283, 27103283, 27103283, 27103283, 27103283, 27103283, 27061067, 27061067, 27061067, 27061067, 27061067, 27061067, 27061067, 27061067, 27061067, 27061067, 27061067, 27061067, 27061067, 27061067, 27061067, 27061067, 27061067, 26759908, 26759908, 26759908, 26759908, 26759908, 26726923, 26726923, 26726923, 26726923, 26726923, 26726923, 26726923, 26726923, 26726923, 26726923, 250116996, 27278932, 27278932, 27278932, 27232760, 27232760, 27232760, 27103283, 353923582, 27232760, 27232760, 27232760, 27232760, 27232760, 27232760, 27232760, 27232760, 27232760, 27232760, 27232760, 27232760, 27232760, 27232760, 27103283, 27103283, 27103283, 199980853, 26694765, 26699917, 26154619, 26187477, 802255826, 28501850, 28501850, 28501850, 28501850, 28501850, 248785899, 28680716, 26515608, 25830947, 25830947, 25830947, 24917685, 25116479, 25116479, 25116479, 25078197, 25012571, 25012571, 25012571, 25012571, 25012571, 25012571, 25012571, 25012571, 25177211, 25177211, 25177211, 25177211, 25177211, 25177211, 25177211, 25242837, 25177211, 25177211, 25177211, 25177211, 25177211, 25177211, 25177211, 25177211, 25177211, 25177211, 25177211, 25177211, 25177211, 25177211, 25177211, 25242837, 25177211, 25177211, 25177211, 25177211, 25177211, 25177211, 25177211, 25177211, 25177211, 25177211, 25177211, 25177211, 25177211, 25177211, 25177211, 25242837, 25177211, 25177211, 25177211, 25177211, 25177211, 25177211, 25177211, 25177211, 25177211, 25177211, 25177211, 25177211, 25177211, 25177211, 25177211, 25242837, 25177211, 25177211, 25177211, 25177211, 25177211, 25177211, 25177211, 25177211, 25262203, 25262203, 25262203, 25262203, 25262203, 25262203, 25262203, 25327829, 25262203, 25262203, 25262203, 25262203, 25262203, 25262203, 25262203, 25262203, 25262203, 25262203, 25262203, 25262203, 25262203, 25262203, 25262203, 25327829, 25262203, 25262203, 25262203, 25262203, 25262203, 25262203, 25262203, 25262203, 25262203, 25262203, 25262203, 25262203, 25262203, 25262203, 25262203, 25421081, 25322687, 25322687, 25322687, 25322687, 25322687, 25274357, 25274357, 25274357, 25274357, 25274357, 25274357, 25274357, 25274357, 25274357, 25274357, 25372751, 25274357, 25274357, 25274357, 25274357, 25274357, 25274357, 25274357, 25274357, 25274357, 25274357, 25274357, 25304821, 25304821, 25304821, 25304821, 25403215, 27027461, 26830763, 25755166, 25755166, 25755166, 25755166, 24996181, 24996181, 24996181, 24996181, 24996181, 24996181, 24996181, 24996181, 24996181, 25531265, 25536603]",0,0,0,CXL,0,25165824,0,25165824,25165824,25165824,1.0,hot,0,0,0,0,1.0,50331648
0,165,meta-llama/Llama-3.1-8B,22,204,15571729344,150478993599,134907264255,113216051128,113277366095,119502199,"[26726923, 258788866, 27232760, 27232760, 156270689, 27761521, 27761521, 27761521, 27761521, 27761521, 27761521, 27761521, 27773145, 27773145, 27773145, 27773145, 27773145, 27773145, 27773145, 27773145, 27773145, 27773145, 27773145, 27773145, 27773145, 27773145, 7210200941, 27278932, 27278932, 27278932, 26553020, 1386894006, 27278932, 27278932, 27278932, 27278932, 27278932, 27278932, 27278932, 27278932, 27278932, 27278932, 27278932, 27278932, 27278932, 27278932, 27278932, 27278932, 26535544, 26535544, 1272373451, 27232760, 27232760, 27232760, 27232760, 27232760, 27232760, 27232760, 27232760, 26535544, 104155761, 26535544, 26324758, 1271831124, 27103283, 27103283, 27103283, 27103283, 27103283, 27103283, 27061067, 27061067, 27061067, 27061067, 27061067, 27061067, 27061067, 27061067, 27061067, 27061067, 27061067, 27061067, 27061067, 27061067, 27061067, 27061067, 27061067, 26759908, 26759908, 26759908, 26759908, 26759908, 26726923, 26726923, 26726923, 26726923, 26726923, 26726923, 26726923, 26726923, 26726923, 26726923, 250116996, 27278932, 27278932, 27278932, 27232760, 27232760, 27232760, 27103283, 353923582, 27232760, 27232760, 27232760, 27232760, 27232760, 27232760, 27232760, 27232760, 27232760, 27232760, 27232760, 27232760, 27232760, 27232760, 27103283, 27103283, 27103283, 199980853, 26694765, 26699917, 854597922, 28501850, 28501850, 28501850, 28501850, 28501850, 248785899, 28680716, 26515608, 25830947, 25830947, 25830947, 24917685, 25116479, 25116479, 25116479, 2847561023, 25322687, 25322687, 25322687, 25322687, 25322687, 709784208, 26830763, 25755166, 25755166, 25755166, 25755166, 24996181, 24996181, 24996181, 24996181, 24996181, 24996181, 24996181, 24996181, 24996181, 25531265, 53822502, 25463477, 25463477, 25463477, 25463477, 25463477, 25432871, 25432871, 25432871, 24917685, 24996181, 24996181]",0,0,0,CXL,0,8388608,0,8388608,8388608,8388608,1.0,hot,0,0,0,0,1.0,16777216
0,162,meta-llama/Llama-3.1-8B,147,536,15305163426,151969491917,136664328491,111658006393,111745720416,64223216,"[1798211597, 26726923, 258788866, 27232760, 27232760, 156270689, 27761521, 27761521, 27761521, 27761521, 27761521, 27761521, 27761521, 27773145, 27773145, 27773145, 27773145, 27773145, 27773145, 27773145, 27773145, 27773145, 27773145, 27773145, 27773145, 27773145, 27773145, 1668532827, 3007542648, 26573059, 2507552407, 27278932, 27278932, 27278932, 26553020, 1386894006, 27278932, 27278932, 27278932, 27278932, 27278932, 27278932, 27278932, 27278932, 27278932, 27278932, 27278932, 27278932, 27278932, 27278932, 27278932, 27278932, 26535544, 26535544, 26260820, 26260820, 26260820, 1193590991, 27232760, 27232760, 27232760, 27232760, 27232760, 27232760, 27232760, 27232760, 26535544, 104155761, 26535544, 26324758, 1217531987, 26638708, 27660429, 27103283, 27103283, 27103283, 27103283, 27103283, 27103283, 27061067, 27061067, 27061067, 27061067, 27061067, 27061067, 27061067, 27061067, 27061067, 27061067, 27061067, 27061067, 27061067, 27061067, 27061067, 27061067, 27061067, 26759908, 26759908, 26759908, 26759908, 26759908, 26726923, 26726923, 26726923, 26726923, 26726923, 26726923, 26726923, 26726923, 26726923, 26726923, 250116996, 27278932, 27278932, 27278932, 27232760, 27232760, 27232760, 27103283, 353923582, 27232760, 27232760, 27232760, 27232760, 27232760, 27232760, 27232760, 27232760, 27232760, 27232760, 27232760, 27232760, 27232760, 27232760, 27103283, 27103283, 27103283, 199980853, 26694765, 26699917, 854597922, 28501850, 28501850, 28501850, 28501850, 28501850, 248785899, 28680716, 26515608, 25830947, 25830947, 25830947, 24917685, 25116479, 25116479, 25116479, 25078197, 25012571, 25012571, 25012571, 25012571, 25012571, 25012571, 25012571, 25012571, 25177211, 25177211, 25177211, 25177211, 25177211, 25177211, 25177211, 25242837, 25177211, 25177211, 25177211, 25177211, 25177211, 25177211, 25177211, 25177211, 25177211, 25177211, 25177211, 25177211, 25177211, 25177211, 25177211, 25242837, 25177211, 25177211, 25177211, 25177211, 25177211, 25177211, 25177211, 25177211, 25177211, 25177211, 25177211, 25177211, 25177211, 25177211, 25177211, 25242837, 25177211, 25177211, 25177211, 25177211, 25177211, 25177211, 25177211, 25177211, 25177211, 25177211, 25177211, 25177211, 25177211, 25177211, 25177211, 25242837, 25177211, 25177211, 25177211, 25177211, 25177211, 25177211, 25177211, 25177211, 25262203, 25262203, 25262203, 25262203, 25262203, 25262203, 25262203, 25327829, 25262203, 25262203, 25262203, 25262203, 25262203, 25262203, 25262203, 25262203, 25262203, 25262203, 25262203, 25262203, 25262203, 25262203, 25262203, 25327829, 25262203, 25262203, 25262203, 25262203, 25262203, 25262203, 25262203, 25262203, 25262203, 25262203, 25262203, 25262203, 25262203, 25262203, 25262203, 25421081, 25322687, 25322687, 25322687, 25322687, 25322687, 25274357, 25274357, 25274357, 25274357, 25274357, 25274357, 25274357, 25274357, 25274357, 25274357, 25372751, 25274357, 25274357, 25274357, 25274357, 25274357, 25274357, 25274357, 25274357, 25274357, 25274357, 25274357, 25304821, 25304821, 25304821, 25304821, 25403215, 27027461, 26830763, 25755166, 25755166, 25755166, 25755166, 24996181, 24996181, 24996181, 24996181, 24996181, 24996181, 24996181, 24996181, 24996181, 25531265, 25536603, 28285899, 25463477, 25463477, 25463477, 25463477, 25463477, 25432871, 25432871, 25432871, 24917685, 24996181, 24996181, 33861154, 25463477, 26183768, 25274357, 26359326, 26359326, 26359326, 26359326, 26359326, 26359326, 26359326, 26359326, 26359326, 26359326, 26359326, 26359326, 26359326, 26359326, 25327829, 25262203, 25262203, 25262203, 25262203, 25262203, 25262203, 25262203, 25262203, 25262203, 25262203, 25262203, 25262203, 25262203, 25262203, 25262203, 25327829, 25262203, 25262203, 25262203, 25262203, 25262203, 25262203, 25262203, 25262203, 25262203, 25262203, 25262203, 25262203, 25262203, 25262203, 25262203, 25327829, 25262203, 25262203, 25262203, 25262203, 25262203, 25262203, 25262203]",0,0,0,NPU,0,0,0,0,0,0,1.0,hot,0,0,0,0,1.0,0
0,166,meta-llama/Llama-3.1-8B,15,277,15610410373,153138802004,137528391631,113177370099,113238685066,93064009,"[26726923, 258788866, 27232760, 27232760, 156270689, 27761521, 27761521, 27761521, 27761521, 27761521, 27761521, 27761521, 27773145, 27773145, 27773145, 27773145, 27773145, 27773145, 27773145, 27773145, 27773145, 27773145, 27773145, 27773145, 27773145, 27773145, 7210200941, 27278932, 27278932, 27278932, 26553020, 1386894006, 27278932, 27278932, 27278932, 27278932, 27278932, 27278932, 27278932, 27278932, 27278932, 27278932, 27278932, 27278932, 27278932, 27278932, 27278932, 27278932, 26535544, 26535544, 1272373451, 27232760, 27232760, 27232760, 27232760, 27232760, 27232760, 27232760, 27232760, 26535544, 104155761, 26535544, 26324758, 1271831124, 27103283, 27103283, 27103283, 27103283, 27103283, 27103283, 27061067, 27061067, 27061067, 27061067, 27061067, 27061067, 27061067, 27061067, 27061067, 27061067, 27061067, 27061067, 27061067, 27061067, 27061067, 27061067, 27061067, 26759908, 26759908, 26759908, 26759908, 26759908, 26726923, 26726923, 26726923, 26726923, 26726923, 26726923, 26726923, 26726923, 26726923, 26726923, 250116996, 27278932, 27278932, 27278932, 27232760, 27232760, 27232760, 27103283, 353923582, 27232760, 27232760, 27232760, 27232760, 27232760, 27232760, 27232760, 27232760, 27232760, 27232760, 27232760, 27232760, 27232760, 27232760, 27103283, 27103283, 27103283, 199980853, 26694765, 26699917, 854597922, 28501850, 28501850, 28501850, 28501850, 28501850, 248785899, 28680716, 26515608, 25830947, 25830947, 25830947, 24917685, 3759308103, 26830763, 25755166, 25755166, 25755166, 25755166, 24996181, 24996181, 24996181, 24996181, 24996181, 24996181, 24996181, 24996181, 24996181, 25531265, 53822502, 25463477, 25463477, 25463477, 25463477, 25463477, 25432871, 25432871, 25432871, 24917685, 24996181, 24996181, 33861154, 25463477, 26183768, 25274357, 394358393, 25262203, 25262203, 25262203, 25262203, 25262203, 25262203, 25262203, 25262203, 25262203, 25262203, 25262203, 25262203, 25262203, 25262203, 25262203, 25327829, 25262203, 25262203, 25262203, 25262203, 25262203, 25262203, 25262203, 25262203, 25262203, 25262203, 25262203, 25262203, 25262203, 25262203, 25262203, 25327829, 25262203, 25262203, 25262203, 25262203, 25262203, 25262203, 25262203, 31348668, 28501850, 28501850, 28501850, 28501850, 28501850, 28501850, 28501850, 28501850, 28501850, 28501850, 27094547, 25272570, 25051829, 25051829, 25051829, 25003134, 25003134, 25003134, 25003134, 25003134, 25003134, 25003134, 25003134, 25078197, 25012571, 25012571, 25012571, 25012571, 25012571, 25012571, 25012571, 25012571, 25012571, 25012571, 25012571, 25012571, 25012571, 25012571, 25012571, 25078197, 25012571, 25012571, 25012571, 25012571]",0,0,0,CXL,0,6291456,0,6291456,6291456,6291456,1.0,hot,0,0,0,0,1.0,12582912
0,173,meta-llama/Llama-3.1-8B,3,190,15936897737,154473793989,138536896252,112938924625,113197713491,136232165,"[27232760, 27232760, 156270689, 27761521, 27761521, 27761521, 27761521, 27761521, 27761521, 27761521, 27773145, 27773145, 27773145, 27773145, 27773145, 27773145, 27773145, 27773145, 27773145, 27773145, 27773145, 27773145, 27773145, 27773145, 7210200941, 27278932, 27278932, 27278932, 1413447026, 27278932, 27278932, 27278932, 27278932, 27278932, 27278932, 27278932, 27278932, 27278932, 27278932, 27278932, 27278932, 27278932, 27278932, 27278932, 27278932, 1325444539, 27232760, 27232760, 27232760, 27232760, 27232760, 27232760, 27232760, 27232760, 1455382731, 27103283, 27103283, 27103283, 27103283, 27103283, 27103283, 27061067, 27061067, 27061067, 27061067, 27061067, 27061067, 27061067, 27061067, 27061067, 27061067, 27061067, 27061067, 27061067, 27061067, 27061067, 27061067, 27061067, 26759908, 26759908, 26759908, 26759908, 26759908, 26726923, 26726923, 26726923, 26726923, 26726923, 26726923, 26726923, 26726923, 26726923, 26726923, 250116996, 27278932, 27278932, 27278932, 27232760, 27232760, 27232760, 27103283, 353923582, 27232760, 27232760, 27232760, 27232760, 27232760, 27232760, 27232760, 27232760, 27232760, 27232760, 27232760, 27232760, 27232760, 27232760, 27103283, 27103283, 27103283, 199980853, 26694765, 26699917, 854597922, 28501850, 28501850, 28501850, 28501850, 28501850, 248785899, 28680716, 26515608, 25830947, 25830947, 25830947, 3784225788, 26830763, 25755166, 25755166, 25755166, 25755166, 304319396, 25463477, 25463477, 25463477, 25463477, 25463477, 25432871, 25432871, 25432871, 108771201, 25463477, 26183768, 1436338587, 28501850, 28501850, 28501850, 28501850, 28501850, 28501850, 28501850, 28501850, 28501850, 28501850, 27094547, 25272570, 829129291, 28422327, 28422327, 28422327, 28422327, 28422327, 26515608, 126788550, 26019124, 26019124, 26019124, 26019124, 704052994, 26019124, 26019124, 25272570, 25116479, 25116479, 25116479, 25116479, 25116479]",0,0,0,CXL,0,16777216,0,16777216,16777216,16777216,1.0,hot,0,0,0,0,1.0,33554432
0,169,meta-llama/Llama-3.1-8B,75,362,15724594398,156118635124,140394040726,113063186074,113124501041,95348040,"[26726923, 258788866, 27232760, 27232760, 156270689, 27761521, 27761521, 27761521, 27761521, 27761521, 27761521, 27761521, 27773145, 27773145, 27773145, 27773145, 27773145, 27773145, 27773145, 27773145, 27773145, 27773145, 27773145, 27773145, 27773145, 27773145, 7210200941, 27278932, 27278932, 27278932, 26553020, 1386894006, 27278932, 27278932, 27278932, 27278932, 27278932, 27278932, 27278932, 27278932, 27278932, 27278932, 27278932, 27278932, 27278932, 27278932, 27278932, 27278932, 26535544, 26535544, 1272373451, 27232760, 27232760, 27232760, 27232760, 27232760, 27232760, 27232760, 27232760, 26535544, 104155761, 26535544, 1298155882, 27103283, 27103283, 27103283, 27103283, 27103283, 27103283, 27061067, 27061067, 27061067, 27061067, 27061067, 27061067, 27061067, 27061067, 27061067, 27061067, 27061067, 27061067, 27061067, 27061067, 27061067, 27061067, 27061067, 26759908, 26759908, 26759908, 26759908, 26759908, 26726923, 26726923, 26726923, 26726923, 26726923, 26726923, 26726923, 26726923, 26726923, 26726923, 250116996, 27278932, 27278932, 27278932, 27232760, 27232760, 27232760, 27103283, 353923582, 27232760, 27232760, 27232760, 27232760, 27232760, 27232760, 27232760, 27232760, 27232760, 27232760, 27232760, 27232760, 27232760, 27232760, 27103283, 27103283, 27103283, 199980853, 26694765, 26699917, 854597922, 28501850, 28501850, 28501850, 28501850, 28501850, 248785899, 28680716, 26515608, 25830947, 25830947, 25830947, 3784225788, 26830763, 25755166, 25755166, 25755166, 25755166, 250496894, 53822502, 25463477, 25463477, 25463477, 25463477, 25463477, 25432871, 25432871, 25432871, 24917685, 24996181, 24996181, 33861154, 25463477, 26183768, 1436338587, 28501850, 28501850, 28501850, 28501850, 28501850, 28501850, 28501850, 28501850, 28501850, 28501850, 27094547, 25272570, 25051829, 25051829, 25051829, 753973804, 28422327, 28422327, 28422327, 28422327, 28422327, 26515608, 25051829, 25051829, 25051829, 25051829, 26581234, 26019124, 26019124, 26019124, 26019124, 300277311, 25177211, 25177211, 25177211, 25177211, 25177211, 25177211, 25177211, 25177211, 25177211, 25177211, 25177211, 25177211, 25177211, 25177211, 25177211, 26117518, 26019124, 26019124, 25272570, 25116479, 25116479, 25116479, 25116479, 25116479, 27864715, 27766321, 24996181, 24996181, 24996181, 24996181, 24996181, 25094575, 24996181, 24996181, 24996181, 24996181, 24996181, 24996181, 24996181, 24996181, 25274357, 25274357, 25274357, 25274357, 25274357, 25274357, 25274357, 25372751, 25274357, 25274357, 25274357, 25274357, 25274357, 25274357, 25274357, 25274357, 25274357, 25274357, 25274357, 25274357, 25274357, 25274357, 25274357, 25372751, 25274357, 25274357, 25274357, 25274357, 25274357, 25274357, 25274357, 25274357, 25274357, 25274357, 25274357, 25304821, 25304821, 25304821, 25304821, 25403215, 25304821, 25304821, 25304821, 25304821, 25304821, 25304821, 25304821, 25304821, 25304821]",0,0,0,CXL,0,14680064,0,14680064,14680064,14680064,1.0,hot,0,0,0,0,1.0,29360128
0,168,meta-llama/Llama-3.1-8B,17,370,15635216558,156739600012,141104383454,113152563914,113213878881,79234387,"[26726923, 258788866, 27232760, 27232760, 156270689, 27761521, 27761521, 27761521, 27761521, 27761521, 27761521, 27761521, 27773145, 27773145, 27773145, 27773145, 27773145, 27773145, 27773145, 27773145, 27773145, 27773145, 27773145, 27773145, 27773145, 27773145, 7210200941, 27278932, 27278932, 27278932, 26553020, 1386894006, 27278932, 27278932, 27278932, 27278932, 27278932, 27278932, 27278932, 27278932, 27278932, 27278932, 27278932, 27278932, 27278932, 27278932, 27278932, 27278932, 26535544, 26535544, 1272373451, 27232760, 27232760, 27232760, 27232760, 27232760, 27232760, 27232760, 27232760, 26535544, 104155761, 26535544, 1298155882, 27103283, 27103283, 27103283, 27103283, 27103283, 27103283, 27061067, 27061067, 27061067, 27061067, 27061067, 27061067, 27061067, 27061067, 27061067, 27061067, 27061067, 27061067, 27061067, 27061067, 27061067, 27061067, 27061067, 26759908, 26759908, 26759908, 26759908, 26759908, 26726923, 26726923, 26726923, 26726923, 26726923, 26726923, 26726923, 26726923, 26726923, 26726923, 250116996, 27278932, 27278932, 27278932, 27232760, 27232760, 27232760, 27103283, 353923582, 27232760, 27232760, 27232760, 27232760, 27232760, 27232760, 27232760, 27232760, 27232760, 27232760, 27232760, 27232760, 27232760, 27232760, 27103283, 27103283, 27103283, 199980853, 26694765, 26699917, 854597922, 28501850, 28501850, 28501850, 28501850, 28501850, 248785899, 28680716, 26515608, 25830947, 25830947, 25830947, 3784225788, 26830763, 25755166, 25755166, 25755166, 25755166, 24996181, 24996181, 24996181, 24996181, 24996181, 24996181, 24996181, 24996181, 24996181, 25531265, 53822502, 25463477, 25463477, 25463477, 25463477, 25463477, 25432871, 25432871, 25432871, 24917685, 24996181, 24996181, 33861154, 25463477, 26183768, 25274357, 1411064230, 28501850, 28501850, 28501850, 28501850, 28501850, 28501850, 28501850, 28501850, 28501850, 28501850, 27094547, 25272570, 25051829, 25051829, 25051829, 225103269, 25012571, 25012571, 25012571, 25012571, 25012571, 25012571, 25012571, 25012571, 25012571, 25012571, 25012571, 25012571, 25012571, 25012571, 25012571, 25078197, 25012571, 25012571, 25012571, 25012571, 28553489, 28422327, 28422327, 28422327, 28422327, 28422327, 26515608, 25051829, 25051829, 25051829, 25051829, 26581234, 26019124, 26019124, 26019124, 26019124, 25003134, 25003134, 25003134, 25003134, 25003134, 25003134, 25003134, 25003134, 25003134, 25003134, 25003134, 25242837, 25177211, 25177211, 25177211, 25177211, 25177211, 25177211, 25177211, 25177211, 25177211, 25177211, 25177211, 25177211, 25177211, 25177211, 25177211, 26117518, 26019124, 26019124, 25272570, 25116479, 25116479, 25116479, 25116479, 25116479, 27864715, 27766321, 24996181, 24996181, 24996181, 24996181, 24996181, 25094575, 24996181, 24996181, 24996181, 24996181, 24996181, 24996181, 24996181, 24996181, 25274357, 25274357, 25274357, 25274357, 25274357, 25274357, 25274357, 25372751, 25274357, 25274357, 25274357, 25274357, 25274357, 25274357, 25274357, 25274357, 25274357, 25274357, 25274357, 25274357, 25274357, 25274357, 25274357, 25372751, 25274357, 25274357, 25274357, 25274357, 25274357, 25274357, 25274357, 25274357, 25274357, 25274357, 25274357, 25304821, 25304821, 25304821, 25304821, 25403215, 25304821, 25304821, 25304821, 25304821, 25304821, 25304821, 25304821, 25304821, 25304821, 28796586, 28272208, 26786947, 26786947, 26445624, 25739482, 25805108, 25739482, 25739482, 25739482, 25739482, 25739482, 25739482, 25739482, 24996181, 24996181, 25262203, 25262203, 25262203, 25262203, 25262203, 25262203, 25327829, 25262203]",0,0,0,CXL,0,6291456,0,6291456,6291456,6291456,1.0,hot,0,0,0,0,1.0,12582912
0,179,meta-llama/Llama-3.1-8B,4,366,16516816537,162370559575,145853743038,112672260211,112828530900,91482582,"[27761521, 27761521, 27761521, 27761521, 27761521, 27761521, 27761521, 27773145, 27773145, 27773145, 27773145, 27773145, 27773145, 27773145, 27773145, 27773145, 27773145, 27773145, 27773145, 27773145, 27773145, 7210200941, 27278932, 27278932, 27278932, 1413447026, 27278932, 27278932, 27278932, 27278932, 27278932, 27278932, 27278932, 27278932, 27278932, 27278932, 27278932, 27278932, 27278932, 27278932, 27278932, 27278932, 1325444539, 27232760, 27232760, 27232760, 27232760, 27232760, 27232760, 27232760, 27232760, 1455382731, 27103283, 27103283, 27103283, 27103283, 27103283, 27103283, 27061067, 27061067, 27061067, 27061067, 27061067, 27061067, 27061067, 27061067, 27061067, 27061067, 27061067, 27061067, 27061067, 27061067, 27061067, 27061067, 27061067, 26759908, 26759908, 26759908, 26759908, 26759908, 26726923, 26726923, 26726923, 26726923, 26726923, 26726923, 26726923, 26726923, 26726923, 26726923, 250116996, 27278932, 27278932, 27278932, 27232760, 27232760, 27232760, 27103283, 353923582, 27232760, 27232760, 27232760, 27232760, 27232760, 27232760, 27232760, 27232760, 27232760, 27232760, 27232760, 27232760, 27232760, 27232760, 27103283, 27103283, 27103283, 199980853, 26694765, 26699917, 854597922, 28501850, 28501850, 28501850, 28501850, 28501850, 248785899, 28680716, 26515608, 25830947, 25830947, 25830947, 3784225788, 26830763, 25755166, 25755166, 25755166, 25755166, 304319396, 312387199, 51647245, 1436338587, 28501850, 28501850, 28501850, 28501850, 28501850, 28501850, 28501850, 28501850, 28501850, 28501850, 27094547, 25272570, 829129291, 28422327, 28422327, 28422327, 28422327, 28422327, 26515608, 126788550, 26019124, 26019124, 26019124, 26019124, 704052994, 26019124, 26019124, 25272570, 153447110, 27766321, 1618006685, 28272208, 26786947, 26786947, 26445624, 25739482, 25805108, 25739482, 25739482, 25739482, 25739482, 25739482, 25739482, 25739482, 24996181, 24996181, 230402316, 28107904, 28107904, 28107904, 28107904, 28107904, 26786947, 26786947, 26786947, 25774206, 25774206, 25774206, 25774206, 25739482, 25748016, 25649622, 1193317905, 25322687, 25322687, 25322687, 25322687, 25335007, 25335007, 25335007, 25335007, 25335007, 25335007, 25335007, 25335007, 25335007, 25335007, 25335007, 25466169, 25335007, 25335007, 25335007, 25335007, 25335007, 25335007, 25335007, 25335007, 25335007, 25335007, 25335007, 25335007, 25335007, 25335007, 25335007, 25466169, 25335007, 25335007, 25335007, 25335007, 25335007, 25335007, 25335007, 25335007, 25335007, 25335007, 25335007, 25335007, 25335007, 25335007, 25335007, 25466169, 25335007, 25335007, 25335007, 25335007, 25335007, 25335007, 25335007, 25335007, 25335007, 25335007, 25335007, 25335007, 25335007, 25335007, 25335007, 25466169, 25335007, 25335007, 25335007, 25335007, 25674687, 25674687, 25674687, 25674687, 25674687, 25674687, 25674687, 25674687, 25674687, 25674687, 25674687, 25805849, 25674687, 25674687, 25674687, 25674687, 25674687, 25674687, 25674687, 25674687, 25674687, 25674687, 25674687, 25674687, 25674687, 25674687, 25674687, 25427023, 25263093, 25263093, 25263093, 25263093, 25263093, 25263093, 25263093, 25263093, 25263093, 25263093, 25263093, 25263093, 25263093, 25263093, 25263093, 25650808, 25454110, 25454110, 25454110, 25454110, 25454110, 25454110, 25859550, 25859550, 25859550, 25859550, 25859550, 25859550, 25859550, 25859550, 25859550, 26056248, 25859550, 25859550, 25859550, 25859550, 25859550, 25859550, 25859550, 25859550, 25859550, 25859550, 25859550, 25859550, 25859550, 25859550, 25859550, 26056248, 25859550, 25859550, 25859550, 25859550, 25859550, 25859550, 25859550, 25859550, 25859550, 25859550, 25859550, 25859550, 25859550]",0,0,0,CXL,0,23068672,0,23068672,23068672,23068672,1.0,hot,0,0,0,0,1.0,46137344
0,172,meta-llama/Llama-3.1-8B,40,559,15911215323,162822167855,146910952532,112964607039,113223395905,65033893,"[27232760, 27232760, 156270689, 27761521, 27761521, 27761521, 27761521, 27761521, 27761521, 27761521, 27773145, 27773145, 27773145, 27773145, 27773145, 27773145, 27773145, 27773145, 27773145, 27773145, 27773145, 27773145, 27773145, 27773145, 7210200941, 27278932, 27278932, 27278932, 26553020, 1386894006, 27278932, 27278932, 27278932, 27278932, 27278932, 27278932, 27278932, 27278932, 27278932, 27278932, 27278932, 27278932, 27278932, 27278932, 27278932, 27278932, 1325444539, 27232760, 27232760, 27232760, 27232760, 27232760, 27232760, 27232760, 27232760, 1455382731, 27103283, 27103283, 27103283, 27103283, 27103283, 27103283, 27061067, 27061067, 27061067, 27061067, 27061067, 27061067, 27061067, 27061067, 27061067, 27061067, 27061067, 27061067, 27061067, 27061067, 27061067, 27061067, 27061067, 26759908, 26759908, 26759908, 26759908, 26759908, 26726923, 26726923, 26726923, 26726923, 26726923, 26726923, 26726923, 26726923, 26726923, 26726923, 250116996, 27278932, 27278932, 27278932, 27232760, 27232760, 27232760, 27103283, 353923582, 27232760, 27232760, 27232760, 27232760, 27232760, 27232760, 27232760, 27232760, 27232760, 27232760, 27232760, 27232760, 27232760, 27232760, 27103283, 27103283, 27103283, 199980853, 26694765, 26699917, 854597922, 28501850, 28501850, 28501850, 28501850, 28501850, 248785899, 28680716, 26515608, 25830947, 25830947, 25830947, 3784225788, 26830763, 25755166, 25755166, 25755166, 25755166, 250496894, 53822502, 25463477, 25463477, 25463477, 25463477, 25463477, 25432871, 25432871, 25432871, 108771201, 25463477, 26183768, 1436338587, 28501850, 28501850, 28501850, 28501850, 28501850, 28501850, 28501850, 28501850, 28501850, 28501850, 27094547, 25272570, 829129291, 28422327, 28422327, 28422327, 28422327, 28422327, 26515608, 25051829, 25051829, 25051829, 25051829, 26581234, 26019124, 26019124, 26019124, 26019124, 704052994, 26019124, 26019124, 25272570, 25116479, 25116479, 25116479, 25116479, 25116479, 27864715, 27766321, 24996181, 24996181, 24996181, 24996181, 24996181, 25094575, 24996181, 24996181, 24996181, 24996181, 24996181, 24996181, 24996181, 24996181, 25274357, 25274357, 25274357, 25274357, 25274357, 25274357, 25274357, 25372751, 25274357, 25274357, 25274357, 25274357, 25274357, 25274357, 25274357, 25274357, 25274357, 25274357, 25274357, 25274357, 25274357, 25274357, 25274357, 25372751, 25274357, 25274357, 25274357, 25274357, 25274357, 25274357, 25274357, 25274357, 25274357, 25274357, 25274357, 25304821, 25304821, 25304821, 25304821, 25403215, 25304821, 25304821, 25304821, 25304821, 25304821, 25304821, 25304821, 25304821, 25304821, 28796586, 28272208, 26786947, 26786947, 26445624, 25739482, 25805108, 25739482, 25739482, 25739482, 25739482, 25739482, 25739482, 25739482, 24996181, 24996181, 25262203, 25262203, 25262203, 25262203, 25262203, 25262203, 25327829, 25262203, 28239066, 28107904, 28107904, 28107904, 28107904, 28107904, 26786947, 26786947, 26786947, 25774206, 25774206, 25774206, 25774206, 25739482, 25748016, 25649622, 25567390, 25567390, 25567390, 25567390, 25567390, 25567390, 25567390, 25567390, 25567390, 25567390, 25567390, 25567390, 25567390, 25567390, 25372751, 25304821, 25304821, 25304821, 25304821, 25304821, 25304821, 25304821, 25304821, 25304821, 25304821, 25304821, 25304821, 25304821, 25304821, 25304821, 25403215, 25304821, 25304821, 25304821, 25304821, 25304821, 25304821, 25304821, 25304821, 25304821, 25304821, 25304821, 25304821, 25304821, 25304821, 25304821, 25453849, 25322687, 25322687, 25322687, 25322687, 25335007, 25335007, 25335007, 25335007, 25335007, 25335007, 25335007, 25335007, 25335007, 25335007, 25335007, 25466169, 25335007, 25335007, 25335007, 25335007, 25335007, 25335007, 25335007, 25335007, 25335007, 25335007, 25335007, 25335007, 25335007, 25335007, 25335007, 25466169, 25335007, 25335007, 25335007, 25335007, 25335007, 25335007, 25335007, 25335007, 25335007, 25335007, 25335007, 25335007, 25335007, 25335007, 25335007, 25466169, 25335007, 25335007, 25335007, 25335007, 25335007, 25335007, 25335007, 25335007, 25335007, 25335007, 25335007, 25335007, 25335007, 25335007, 25335007, 25466169, 25335007, 25335007, 25335007, 25335007, 25674687, 25674687, 25674687, 25674687, 25674687, 25674687, 25674687, 25674687, 25674687, 25674687, 25674687, 25805849, 25674687, 25674687, 25674687, 25674687, 25674687, 25674687, 25674687, 25674687, 25674687, 25674687, 25674687, 25674687, 25674687, 25674687, 25674687, 25427023, 25263093, 25263093, 25263093, 25263093, 25263093, 25263093, 25263093, 25263093, 25263093, 25263093, 25263093, 25263093, 25263093, 25263093, 25263093, 25650808, 25454110, 25454110, 25454110, 25454110, 25454110, 25454110, 25859550, 25859550, 25859550, 25859550, 25859550, 25859550, 25859550, 25859550, 25859550, 26056248, 25859550, 25859550, 25859550, 25859550, 25859550, 25859550, 25859550, 25859550, 25859550, 25859550, 25859550, 25859550, 25859550, 25859550, 25859550, 26056248, 25859550, 25859550, 25859550, 25859550, 25859550, 25859550, 25859550, 25859550, 25859550, 25859550, 25859550, 25859550, 25859550, 26721208, 26164062, 26581534, 26581534, 26581534, 26581534, 26581534, 26581534, 26581534, 26581534, 26581534, 26581534, 26581534, 26581534, 26581534, 26581534, 26581534]",0,0,0,CXL,0,10485760,0,10485760,10485760,10485760,1.0,hot,0,0,0,0,1.0,20971520
0,175,meta-llama/Llama-3.1-8B,77,526,16059670593,163602181545,147542510952,112816151769,113074940635,76936540,"[27232760, 27232760, 156270689, 27761521, 27761521, 27761521, 27761521, 27761521, 27761521, 27761521, 27773145, 27773145, 27773145, 27773145, 27773145, 27773145, 27773145, 27773145, 27773145, 27773145, 27773145, 27773145, 27773145, 27773145, 7210200941, 27278932, 27278932, 27278932, 1413447026, 27278932, 27278932, 27278932, 27278932, 27278932, 27278932, 27278932, 27278932, 27278932, 27278932, 27278932, 27278932, 27278932, 27278932, 27278932, 27278932, 1325444539, 27232760, 27232760, 27232760, 27232760, 27232760, 27232760, 27232760, 27232760, 1455382731, 27103283, 27103283, 27103283, 27103283, 27103283, 27103283, 27061067, 27061067, 27061067, 27061067, 27061067, 27061067, 27061067, 27061067, 27061067, 27061067, 27061067, 27061067, 27061067, 27061067, 27061067, 27061067, 27061067, 26759908, 26759908, 26759908, 26759908, 26759908, 26726923, 26726923, 26726923, 26726923, 26726923, 26726923, 26726923, 26726923, 26726923, 26726923, 250116996, 27278932, 27278932, 27278932, 27232760, 27232760, 27232760, 27103283, 353923582, 27232760, 27232760, 27232760, 27232760, 27232760, 27232760, 27232760, 27232760, 27232760, 27232760, 27232760, 27232760, 27232760, 27232760, 27103283, 27103283, 27103283, 199980853, 26694765, 26699917, 854597922, 28501850, 28501850, 28501850, 28501850, 28501850, 248785899, 28680716, 26515608, 25830947, 25830947, 25830947, 3784225788, 26830763, 25755166, 25755166, 25755166, 25755166, 304319396, 25463477, 25463477, 25463477, 25463477, 25463477, 185069814, 25463477, 26183768, 1436338587, 28501850, 28501850, 28501850, 28501850, 28501850, 28501850, 28501850, 28501850, 28501850, 28501850, 27094547, 25272570, 829129291, 28422327, 28422327, 28422327, 28422327, 28422327, 26515608, 126788550, 26019124, 26019124, 26019124, 26019124, 704052994, 26019124, 26019124, 25272570, 153447110, 27766321, 24996181, 24996181, 24996181, 24996181, 24996181, 25094575, 24996181, 24996181, 24996181, 24996181, 24996181, 24996181, 24996181, 24996181, 1267961757, 28272208, 26786947, 26786947, 26445624, 25739482, 25805108, 25739482, 25739482, 25739482, 25739482, 25739482, 25739482, 25739482, 24996181, 24996181, 230402316, 28107904, 28107904, 28107904, 28107904, 28107904, 26786947, 26786947, 26786947, 25774206, 25774206, 25774206, 25774206, 25739482, 25748016, 25649622, 383316211, 25304821, 25304821, 25304821, 25304821, 25304821, 25304821, 25304821, 25304821, 25304821, 25304821, 25304821, 25304821, 25304821, 25304821, 25304821, 25403215, 25304821, 25304821, 25304821, 25304821, 25304821, 25304821, 25304821, 25304821, 25304821, 25304821, 25304821, 25304821, 25304821, 25304821, 25304821, 25453849, 25322687, 25322687, 25322687, 25322687, 25335007, 25335007, 25335007, 25335007, 25335007, 25335007, 25335007, 25335007, 25335007, 25335007, 25335007, 25466169, 25335007, 25335007, 25335007, 25335007, 25335007, 25335007, 25335007, 25335007, 25335007, 25335007, 25335007, 25335007, 25335007, 25335007, 25335007, 25466169, 25335007, 25335007, 25335007, 25335007, 25335007, 25335007, 25335007, 25335007, 25335007, 25335007, 25335007, 25335007, 25335007, 25335007, 25335007, 25466169, 25335007, 25335007, 25335007, 25335007, 25335007, 25335007, 25335007, 25335007, 25335007, 25335007, 25335007, 25335007, 25335007, 25335007, 25335007, 25466169, 25335007, 25335007, 25335007, 25335007, 25674687, 25674687, 25674687, 25674687, 25674687, 25674687, 25674687, 25674687, 25674687, 25674687, 25674687, 25805849, 25674687, 25674687, 25674687, 25674687, 25674687, 25674687, 25674687, 25674687, 25674687, 25674687, 25674687, 25674687, 25674687, 25674687, 25674687, 25427023, 25263093, 25263093, 25263093, 25263093, 25263093, 25263093, 25263093, 25263093, 25263093, 25263093, 25263093, 25263093, 25263093, 25263093, 25263093, 25650808, 25454110, 25454110, 25454110, 25454110, 25454110, 25454110, 25859550, 25859550, 25859550, 25859550, 25859550, 25859550, 25859550, 25859550, 25859550, 26056248, 25859550, 25859550, 25859550, 25859550, 25859550, 25859550, 25859550, 25859550, 25859550, 25859550, 25859550, 25859550, 25859550, 25859550, 25859550, 26056248, 25859550, 25859550, 25859550, 25859550, 25859550, 25859550, 25859550, 25859550, 25859550, 25859550, 25859550, 25859550, 25859550, 26721208, 26164062, 426840596, 27232760, 27232760, 27232760, 25916533, 25916533, 25916533, 25916533, 25916533, 25916533, 25916533, 25916533, 25969703, 25969703, 25674687, 25674687, 25805849, 25674687, 25674687, 25674687, 25674687, 25674687, 25674687, 25674687, 25674687, 25674687, 25674687, 25674687, 25674687, 25674687]",0,0,0,CXL,0,14680064,0,14680064,14680064,14680064,1.0,hot,0,0,0,0,1.0,29360128
0,177,meta-llama/Llama-3.1-8B,85,646,16225987715,166749434071,150523446356,112963089033,113119359722,66793011,"[27761521, 27761521, 27761521, 27761521, 27761521, 27761521, 27761521, 27773145, 27773145, 27773145, 27773145, 27773145, 27773145, 27773145, 27773145, 27773145, 27773145, 27773145, 27773145, 27773145, 27773145, 7210200941, 27278932, 27278932, 27278932, 1413447026, 27278932, 27278932, 27278932, 27278932, 27278932, 27278932, 27278932, 27278932, 27278932, 27278932, 27278932, 27278932, 27278932, 27278932, 27278932, 27278932, 1325444539, 27232760, 27232760, 27232760, 27232760, 27232760, 27232760, 27232760, 27232760, 1455382731, 27103283, 27103283, 27103283, 27103283, 27103283, 27103283, 27061067, 27061067, 27061067, 27061067, 27061067, 27061067, 27061067, 27061067, 27061067, 27061067, 27061067, 27061067, 27061067, 27061067, 27061067, 27061067, 27061067, 26759908, 26759908, 26759908, 26759908, 26759908, 26726923, 26726923, 26726923, 26726923, 26726923, 26726923, 26726923, 26726923, 26726923, 26726923, 250116996, 27278932, 27278932, 27278932, 27232760, 27232760, 27232760, 27103283, 353923582, 27232760, 27232760, 27232760, 27232760, 27232760, 27232760, 27232760, 27232760, 27232760, 27232760, 27232760, 27232760, 27232760, 27232760, 27103283, 27103283, 27103283, 199980853, 26694765, 26699917, 854597922, 28501850, 28501850, 28501850, 28501850, 28501850, 248785899, 28680716, 26515608, 25830947, 25830947, 25830947, 3784225788, 26830763, 25755166, 25755166, 25755166, 25755166, 304319396, 312387199, 25463477, 26183768, 1436338587, 28501850, 28501850, 28501850, 28501850, 28501850, 28501850, 28501850, 28501850, 28501850, 28501850, 27094547, 25272570, 829129291, 28422327, 28422327, 28422327, 28422327, 28422327, 26515608, 126788550, 26019124, 26019124, 26019124, 26019124, 704052994, 26019124, 26019124, 25272570, 153447110, 27766321, 24996181, 24996181, 24996181, 24996181, 24996181, 25094575, 24996181, 24996181, 24996181, 24996181, 24996181, 24996181, 24996181, 24996181, 1267961757, 28272208, 26786947, 26786947, 26445624, 25739482, 25805108, 25739482, 25739482, 25739482, 25739482, 25739482, 25739482, 25739482, 24996181, 24996181, 230402316, 28107904, 28107904, 28107904, 28107904, 28107904, 26786947, 26786947, 26786947, 25774206, 25774206, 25774206, 25774206, 25739482, 25748016, 25649622, 383316211, 25304821, 25304821, 25304821, 25304821, 25304821, 25304821, 25304821, 25304821, 25304821, 25304821, 25304821, 25304821, 25304821, 25304821, 25304821, 25403215, 25304821, 25304821, 25304821, 25304821, 25304821, 25304821, 25304821, 25304821, 25304821, 25304821, 25304821, 25304821, 25304821, 25304821, 25304821, 25453849, 25322687, 25322687, 25322687, 25322687, 25335007, 25335007, 25335007, 25335007, 25335007, 25335007, 25335007, 25335007, 25335007, 25335007, 25335007, 25466169, 25335007, 25335007, 25335007, 25335007, 25335007, 25335007, 25335007, 25335007, 25335007, 25335007, 25335007, 25335007, 25335007, 25335007, 25335007, 25466169, 25335007, 25335007, 25335007, 25335007, 25335007, 25335007, 25335007, 25335007, 25335007, 25335007, 25335007, 25335007, 25335007, 25335007, 25335007, 25466169, 25335007, 25335007, 25335007, 25335007, 25335007, 25335007, 25335007, 25335007, 25335007, 25335007, 25335007, 25335007, 25335007, 25335007, 25335007, 25466169, 25335007, 25335007, 25335007, 25335007, 25674687, 25674687, 25674687, 25674687, 25674687, 25674687, 25674687, 25674687, 25674687, 25674687, 25674687, 25805849, 25674687, 25674687, 25674687, 25674687, 25674687, 25674687, 25674687, 25674687, 25674687, 25674687, 25674687, 25674687, 25674687, 25674687, 25674687, 25427023, 25263093, 25263093, 25263093, 25263093, 25263093, 25263093, 25263093, 25263093, 25263093, 25263093, 25263093, 25263093, 25263093, 25263093, 25263093, 25650808, 25454110, 25454110, 25454110, 25454110, 25454110, 25454110, 25859550, 25859550, 25859550, 25859550, 25859550, 25859550, 25859550, 25859550, 25859550, 26056248, 25859550, 25859550, 25859550, 25859550, 25859550, 25859550, 25859550, 25859550, 25859550, 25859550, 25859550, 25859550, 25859550, 25859550, 25859550, 26056248, 25859550, 25859550, 25859550, 25859550, 25859550, 25859550, 25859550, 25859550, 25859550, 25859550, 25859550, 25859550, 25859550, 26721208, 26164062, 426840596, 27232760, 27232760, 27232760, 25916533, 25916533, 25916533, 25916533, 25916533, 25916533, 25916533, 25916533, 25969703, 25969703, 25674687, 25674687, 25805849, 25674687, 25674687, 25674687, 25674687, 25674687, 25674687, 25674687, 25674687, 25674687, 25674687, 25674687, 25674687, 25674687, 28209685, 27685307, 27685307, 27685307, 27685307, 27685307, 27685307, 27685307, 27685307, 27061067, 26019124, 26019124, 26019124, 26019124, 26019124, 26019124, 25648437, 25648437, 25746831, 25648437, 25648437, 25648437, 25648437, 25648437, 25648437, 25648437, 25648437, 25648437, 25648437, 25648437, 25648437, 25648437, 25648437, 25648437, 25746831, 25904021, 25904021, 25904021, 25904021, 25904021, 25904021, 25904021, 25904021, 25904021, 25904021, 25904021, 25904021, 25904021, 25904021, 25904021, 26385017, 26253855, 26253855, 26253855, 26253855, 26253855, 26253855, 26253855, 26253855, 26316447, 26316447, 26316447, 26316447, 26316447, 26316447, 26316447, 26447609, 26316447, 26316447, 26316447, 26316447, 26316447, 26316447, 26316447, 26316447, 26316447, 26316447, 26316447, 26316447, 26316447, 26316447, 26316447, 26447609, 26316447, 26316447, 26316447, 26316447, 26316447, 26316447, 26316447, 26316447, 26316447, 26316447, 26316447, 26316447, 26316447, 26316447, 26316447, 26447609, 26316447, 26316447, 26316447, 26316447, 26316447, 26316447, 26316447, 26316447, 26316447, 26316447, 26316447, 26316447, 26316447, 26316447, 26316447, 25783855, 25619925, 25619925, 25619925, 25619925, 25829685]",0,0,0,CXL,0,14680064,0,14680064,14680064,14680064,1.0,hot,0,0,0,0,1.0,29360128
0,180,meta-llama/Llama-3.1-8B,106,532,16558529780,167126923121,150568393341,112630546968,112786817657,88897825,"[27761521, 27761521, 27761521, 27761521, 27761521, 27761521, 27761521, 27773145, 27773145, 27773145, 27773145, 27773145, 27773145, 27773145, 27773145, 27773145, 27773145, 27773145, 27773145, 27773145, 27773145, 7210200941, 27278932, 27278932, 27278932, 1413447026, 27278932, 27278932, 27278932, 27278932, 27278932, 27278932, 27278932, 27278932, 27278932, 27278932, 27278932, 27278932, 27278932, 27278932, 27278932, 27278932, 1325444539, 27232760, 27232760, 27232760, 27232760, 27232760, 27232760, 27232760, 27232760, 1455382731, 27103283, 27103283, 27103283, 27103283, 27103283, 27103283, 27061067, 27061067, 27061067, 27061067, 27061067, 27061067, 27061067, 27061067, 27061067, 27061067, 27061067, 27061067, 27061067, 27061067, 27061067, 27061067, 27061067, 26759908, 26759908, 26759908, 26759908, 26759908, 26726923, 26726923, 26726923, 26726923, 26726923, 26726923, 26726923, 26726923, 26726923, 26726923, 250116996, 27278932, 27278932, 27278932, 27232760, 27232760, 27232760, 27103283, 353923582, 27232760, 27232760, 27232760, 27232760, 27232760, 27232760, 27232760, 27232760, 27232760, 27232760, 27232760, 27232760, 27232760, 27232760, 27103283, 27103283, 27103283, 199980853, 26694765, 26699917, 854597922, 28501850, 28501850, 28501850, 28501850, 28501850, 248785899, 28680716, 26515608, 25830947, 25830947, 25830947, 3784225788, 26830763, 407340060, 312387199, 51647245, 1436338587, 28501850, 28501850, 28501850, 28501850, 28501850, 28501850, 28501850, 28501850, 28501850, 28501850, 27094547, 25272570, 829129291, 28422327, 28422327, 28422327, 28422327, 28422327, 26515608, 126788550, 26019124, 26019124, 26019124, 26019124, 704052994, 26019124, 26019124, 25272570, 153447110, 27766321, 1618006685, 28272208, 26786947, 26786947, 26445624, 25739482, 25805108, 25739482, 25739482, 25739482, 25739482, 25739482, 25739482, 25739482, 280394678, 28107904, 28107904, 28107904, 28107904, 28107904, 26786947, 26786947, 26786947, 25774206, 25774206, 25774206, 25774206, 25739482, 25748016, 25649622, 3635348483, 25263093, 25263093, 25263093, 25263093, 25263093, 25263093, 25263093, 25263093, 25263093, 25263093, 25263093, 25263093, 25263093, 25263093, 25263093, 25650808, 25454110, 25454110, 25454110, 25454110, 25454110, 25454110, 25859550, 25859550, 25859550, 25859550, 25859550, 25859550, 25859550, 25859550, 25859550, 26056248, 25859550, 25859550, 25859550, 25859550, 25859550, 25859550, 25859550, 25859550, 25859550, 25859550, 25859550, 25859550, 25859550, 25859550, 25859550, 26056248, 25859550, 25859550, 25859550, 25859550, 25859550, 25859550, 25859550, 25859550, 25859550, 25859550, 25859550, 25859550, 25859550, 26721208, 26164062, 426840596, 27232760, 27232760, 27232760, 25916533, 25916533, 25916533, 25916533, 25916533, 25916533, 25916533, 25916533, 25969703, 25969703, 25674687, 25674687, 25805849, 25674687, 25674687, 25674687, 25674687, 25674687, 25674687, 25674687, 25674687, 25674687, 25674687, 25674687, 25674687, 25674687, 28209685, 27685307, 27685307, 27685307, 27685307, 27685307, 27685307, 27685307, 27685307, 27061067, 26019124, 26019124, 26019124, 26019124, 26019124, 26019124, 25648437, 25648437, 25746831, 25648437, 25648437, 25648437, 25648437, 25648437, 25648437, 25648437, 25648437, 25648437, 25648437, 25648437, 25648437, 25648437, 25648437, 25648437, 25746831, 25904021, 25904021, 25904021, 25904021, 25904021, 25904021, 25904021, 25904021, 25904021, 25904021, 25904021, 25904021, 25904021, 25904021, 25904021, 26385017, 26253855, 26253855, 26253855, 26253855, 26253855, 26253855, 26253855, 26253855, 26316447, 26316447, 26316447, 26316447, 26316447, 26316447, 26316447, 26447609, 26316447, 26316447, 26316447, 26316447, 26316447, 26316447, 26316447, 26316447, 26316447, 26316447, 26316447, 26316447, 26316447, 26316447, 26316447, 26447609, 26316447, 26316447, 26316447, 26316447, 26316447, 26316447, 26316447, 26316447, 26316447, 26316447, 26316447, 26316447, 26316447, 26316447, 26316447, 26447609, 26316447, 26316447, 26316447, 26316447, 26316447, 26316447, 26316447, 26316447, 26316447, 26316447, 26316447, 26316447, 26316447, 26316447, 26316447, 25783855, 25619925, 25619925, 25619925, 25619925, 25829685, 28397402, 27512576, 27512576, 27512576, 27512576, 26786947, 26786947, 26437374, 25668423, 25668423, 26997103, 26898709, 26898709, 26898709]",0,0,0,NPU,0,0,0,0,0,0,1.0,hot,0,0,0,0,1.0,0
0,204,meta-llama/Llama-3.1-8B,1333,1386,19360951552,167263416175,147902464623,126239644327,126488430226,411808353,"[28680716, 4634792259, 1487985832, 28501850, 28501850, 28501850, 28501850, 28501850, 28501850, 28501850, 28501850, 28501850, 28501850, 881496408, 28422327, 28422327, 28422327, 28422327, 28422327, 1192191576, 27766321, 1618006685, 28272208, 592135160, 28107904, 28107904, 28107904, 28107904, 28107904, 5941906843, 27232760, 27232760, 27232760, 698407509, 27685307, 27685307, 27685307, 27685307, 27685307, 27685307, 27685307, 27685307, 2925957787, 27512576, 27512576, 27512576, 27512576, 266418670, 27278932, 27278932, 27278932, 27278932]",0,0,0,NPU,0,0,0,0,0,0,1.0,hot,0,0,0,0,1.0,0
0,183,meta-llama/Llama-3.1-8B,17,187,17039026617,168419037911,151380011294,126053839129,126303956125,148379024,"[27278932, 27278932, 27278932, 27232760, 27232760, 27232760, 27103283, 353923582, 27232760, 27232760, 27232760, 27232760, 27232760, 27232760, 27232760, 27232760, 27232760, 27232760, 27232760, 27232760, 27232760, 27232760, 27103283, 27103283, 27103283, 199980853, 26694765, 26699917, 854597922, 28501850, 28501850, 28501850, 28501850, 28501850, 248785899, 28680716, 26515608, 3861718629, 26830763, 407340060, 312387199, 51647245, 1436338587, 28501850, 28501850, 28501850, 28501850, 28501850, 28501850, 28501850, 28501850, 28501850, 28501850, 27094547, 854401861, 28422327, 28422327, 28422327, 28422327, 28422327, 26515608, 126788550, 1038887418, 27766321, 1618006685, 28272208, 26786947, 26786947, 26445624, 25739482, 25805108, 25739482, 25739482, 25739482, 25739482, 25739482, 25739482, 25739482, 280394678, 28107904, 28107904, 28107904, 28107904, 28107904, 26786947, 26786947, 26786947, 25774206, 25774206, 25774206, 25774206, 25739482, 25748016, 25649622, 5228307400, 26164062, 426840596, 27232760, 27232760, 27232760, 25916533, 25916533, 25916533, 25916533, 25916533, 25916533, 25916533, 25916533, 25969703, 25969703, 439135839, 27685307, 27685307, 27685307, 27685307, 27685307, 27685307, 27685307, 27685307, 27061067, 26019124, 26019124, 26019124, 26019124, 26019124, 26019124, 2586075189, 25619925, 25619925, 25619925, 25619925, 25829685, 28397402, 27512576, 27512576, 27512576, 27512576, 26786947, 26786947, 26437374, 25668423, 25668423, 135070556, 27278932, 27278932, 27278932, 27278932, 279983933, 28272208, 28272208, 25857173, 25857173, 25668423, 25668423, 25955567, 25857173, 25857173, 25857173, 350224819, 25857173, 25857173, 25857173, 25857173, 25857173, 26600885, 26600885, 26600885, 26600885, 26600885]",0,0,0,NPU,0,0,0,0,0,0,1.0,hot,0,0,0,0,1.0,0
0,181,meta-llama/Llama-3.1-8B,47,492,16570574208,168447381553,151876807345,112618502540,112774773229,88067644,"[27761521, 27761521, 27761521, 27761521, 27761521, 27761521, 27761521, 27773145, 27773145, 27773145, 27773145, 27773145, 27773145, 27773145, 27773145, 27773145, 27773145, 27773145, 27773145, 27773145, 27773145, 8705484763, 27278932, 27278932, 27278932, 27278932, 27278932, 27278932, 27278932, 27278932, 27278932, 27278932, 27278932, 27278932, 27278932, 27278932, 27278932, 27278932, 1325444539, 27232760, 27232760, 27232760, 27232760, 27232760, 27232760, 27232760, 27232760, 1455382731, 27103283, 27103283, 27103283, 27103283, 27103283, 27103283, 27061067, 27061067, 27061067, 27061067, 27061067, 27061067, 27061067, 27061067, 27061067, 27061067, 27061067, 27061067, 27061067, 27061067, 27061067, 27061067, 27061067, 26759908, 26759908, 26759908, 26759908, 26759908, 26726923, 26726923, 26726923, 26726923, 26726923, 26726923, 26726923, 26726923, 26726923, 26726923, 250116996, 27278932, 27278932, 27278932, 27232760, 27232760, 27232760, 27103283, 353923582, 27232760, 27232760, 27232760, 27232760, 27232760, 27232760, 27232760, 27232760, 27232760, 27232760, 27232760, 27232760, 27232760, 27232760, 27103283, 27103283, 27103283, 199980853, 26694765, 26699917, 854597922, 28501850, 28501850, 28501850, 28501850, 28501850, 248785899, 28680716, 26515608, 25830947, 25830947, 25830947, 3784225788, 26830763, 407340060, 312387199, 51647245, 1436338587, 28501850, 28501850, 28501850, 28501850, 28501850, 28501850, 28501850, 28501850, 28501850, 28501850, 27094547, 854401861, 28422327, 28422327, 28422327, 28422327, 28422327, 26515608, 126788550, 26019124, 26019124, 26019124, 26019124, 704052994, 26019124, 26019124, 25272570, 153447110, 27766321, 1618006685, 28272208, 26786947, 26786947, 26445624, 25739482, 25805108, 25739482, 25739482, 25739482, 25739482, 25739482, 25739482, 25739482, 280394678, 28107904, 28107904, 28107904, 28107904, 28107904, 26786947, 26786947, 26786947, 25774206, 25774206, 25774206, 25774206, 25739482, 25748016, 25649622, 4039945686, 25454110, 25454110, 25454110, 25454110, 25454110, 25454110, 25859550, 25859550, 25859550, 25859550, 25859550, 25859550, 25859550, 25859550, 25859550, 26056248, 25859550, 25859550, 25859550, 25859550, 25859550, 25859550, 25859550, 25859550, 25859550, 25859550, 25859550, 25859550, 25859550, 25859550, 25859550, 26056248, 25859550, 25859550, 25859550, 25859550, 25859550, 25859550, 25859550, 25859550, 25859550, 25859550, 25859550, 25859550, 25859550, 26721208, 26164062, 426840596, 27232760, 27232760, 27232760, 25916533, 25916533, 25916533, 25916533, 25916533, 25916533, 25916533, 25916533, 25969703, 25969703, 25674687, 25674687, 25805849, 25674687, 25674687, 25674687, 25674687, 25674687, 25674687, 25674687, 25674687, 25674687, 25674687, 25674687, 25674687, 25674687, 28209685, 27685307, 27685307, 27685307, 27685307, 27685307, 27685307, 27685307, 27685307, 27061067, 26019124, 26019124, 26019124, 26019124, 26019124, 26019124, 25648437, 25648437, 25746831, 25648437, 25648437, 25648437, 25648437, 25648437, 25648437, 25648437, 25648437, 25648437, 25648437, 25648437, 25648437, 25648437, 25648437, 25648437, 25746831, 25904021, 25904021, 25904021, 25904021, 25904021, 25904021, 25904021, 25904021, 25904021, 25904021, 25904021, 25904021, 25904021, 25904021, 25904021, 26385017, 26253855, 26253855, 26253855, 26253855, 26253855, 26253855, 26253855, 26253855, 26316447, 26316447, 26316447, 26316447, 26316447, 26316447, 26316447, 26447609, 26316447, 26316447, 26316447, 26316447, 26316447, 26316447, 26316447, 26316447, 26316447, 26316447, 26316447, 26316447, 26316447, 26316447, 26316447, 26447609, 26316447, 26316447, 26316447, 26316447, 26316447, 26316447, 26316447, 26316447, 26316447, 26316447, 26316447, 26316447, 26316447, 26316447, 26316447, 26447609, 26316447, 26316447, 26316447, 26316447, 26316447, 26316447, 26316447, 26316447, 26316447, 26316447, 26316447, 26316447, 26316447, 26316447, 26316447, 25783855, 25619925, 25619925, 25619925, 25619925, 25829685, 28397402, 27512576, 27512576, 27512576, 27512576, 26786947, 26786947, 26437374, 25668423, 25668423, 26997103, 26898709, 26898709, 26898709, 27377326, 27278932, 27278932, 27278932, 27278932, 279983933, 28272208, 28272208, 25857173, 25857173, 25668423, 25668423, 25955567, 25857173, 25857173, 25857173, 27019707, 27019707, 27019707, 27019707, 27019707, 27019707, 27019707, 27019707, 27019707, 27019707, 27019707, 27019707, 25988335, 25857173, 25857173, 25857173, 25857173, 25857173, 26600885, 26600885, 26600885, 26600885, 26600885, 28343642]",0,0,0,CXL,0,10485760,0,10485760,10485760,10485760,1.0,hot,0,0,0,0,1.0,20971520
0,182,meta-llama/Llama-3.1-8B,1258,1543,16829193247,169277258619,152448065372,126263672499,126513789495,91317872,"[27278932, 27278932, 27278932, 27232760, 27232760, 27232760, 27103283, 353923582, 27232760, 27232760, 27232760, 27232760, 27232760, 27232760, 27232760, 27232760, 27232760, 27232760, 27232760, 27232760, 27232760, 27232760, 27103283, 27103283, 27103283, 199980853, 26694765, 26699917, 854597922, 28501850, 28501850, 28501850, 28501850, 28501850, 248785899, 28680716, 26515608, 3861718629, 26830763, 407340060, 312387199, 51647245, 1436338587, 28501850, 28501850, 28501850, 28501850, 28501850, 28501850, 28501850, 28501850, 28501850, 28501850, 27094547, 854401861, 28422327, 28422327, 28422327, 28422327, 28422327, 26515608, 126788550, 26019124, 26019124, 26019124, 26019124, 704052994, 26019124, 26019124, 178719680, 27766321, 1618006685, 28272208, 26786947, 26786947, 26445624, 25739482, 25805108, 25739482, 25739482, 25739482, 25739482, 25739482, 25739482, 25739482, 280394678, 28107904, 28107904, 28107904, 28107904, 28107904, 26786947, 26786947, 26786947, 25774206, 25774206, 25774206, 25774206, 25739482, 25748016, 25649622, 5228307400, 26164062, 426840596, 27232760, 27232760, 27232760, 25916533, 25916533, 25916533, 25916533, 25916533, 25916533, 25916533, 25916533, 25969703, 25969703, 439135839, 27685307, 27685307, 27685307, 27685307, 27685307, 27685307, 27685307, 27685307, 27061067, 26019124, 26019124, 26019124, 26019124, 26019124, 26019124, 902462423, 26253855, 26253855, 26253855, 26253855, 26253855, 26253855, 26253855, 26253855, 26316447, 26316447, 26316447, 26316447, 26316447, 26316447, 26316447, 26447609, 26316447, 26316447, 26316447, 26316447, 26316447, 26316447, 26316447, 26316447, 26316447, 26316447, 26316447, 26316447, 26316447, 26316447, 26316447, 26447609, 26316447, 26316447, 26316447, 26316447, 26316447, 26316447, 26316447, 26316447, 26316447, 26316447, 26316447, 26316447, 26316447, 26316447, 26316447, 26447609, 26316447, 26316447, 26316447, 26316447, 26316447, 26316447, 26316447, 26316447, 26316447, 26316447, 26316447, 26316447, 26316447, 26316447, 26316447, 25783855, 25619925, 25619925, 25619925, 25619925, 25829685, 28397402, 27512576, 27512576, 27512576, 27512576, 26786947, 26786947, 26437374, 25668423, 25668423, 26997103, 26898709, 26898709, 26898709, 27377326, 27278932, 27278932, 27278932, 27278932, 279983933, 28272208, 28272208, 25857173, 25857173, 25668423, 25668423, 25955567, 25857173, 25857173, 25857173, 27019707, 27019707, 27019707, 27019707, 27019707, 27019707, 27019707, 27019707, 27019707, 27019707, 27019707, 27019707, 25988335, 25857173, 25857173, 25857173, 25857173, 25857173, 26600885, 26600885, 26600885, 26600885, 26600885, 28343642, 86733081, 26044318, 25782115, 25782115, 25814973, 25263093, 25263093, 25263093, 25263093, 25892415, 25892415, 25892415, 25892415, 25892415, 25892415, 31726814, 31726814, 31726814, 31726814, 31726814, 31759672, 32153310, 32153310, 32153310, 32153310, 32153310, 32153310]",0,0,0,NPU,0,0,0,0,0,0,1.0,hot,0,0,0,0,1.0,0
0,184,meta-llama/Llama-3.1-8B,11,246,17068859354,171256119641,154187260287,126024006392,126274123388,119286909,"[27278932, 27278932, 27278932, 27232760, 27232760, 27232760, 27103283, 353923582, 27232760, 27232760, 27232760, 27232760, 27232760, 27232760, 27232760, 27232760, 27232760, 27232760, 27232760, 27232760, 27232760, 27232760, 27103283, 27103283, 27103283, 199980853, 26694765, 26699917, 854597922, 28501850, 28501850, 28501850, 28501850, 28501850, 248785899, 28680716, 3888234237, 26830763, 407340060, 312387199, 51647245, 1436338587, 28501850, 28501850, 28501850, 28501850, 28501850, 28501850, 28501850, 28501850, 28501850, 28501850, 27094547, 854401861, 28422327, 28422327, 28422327, 28422327, 28422327, 26515608, 126788550, 1038887418, 27766321, 1618006685, 28272208, 26786947, 26786947, 26445624, 512115642, 28107904, 28107904, 28107904, 28107904, 28107904, 26786947, 26786947, 26786947, 25774206, 25774206, 25774206, 25774206, 25739482, 25748016, 25649622, 5228307400, 26164062, 426840596, 27232760, 27232760, 27232760, 25916533, 25916533, 25916533, 25916533, 25916533, 25916533, 25916533, 25916533, 25969703, 25969703, 439135839, 27685307, 27685307, 27685307, 27685307, 27685307, 27685307, 27685307, 27685307, 27061067, 26019124, 26019124, 26019124, 26019124, 26019124, 26019124, 2742781976, 27512576, 27512576, 27512576, 27512576, 26786947, 26786947, 26437374, 25668423, 25668423, 135070556, 27278932, 27278932, 27278932, 27278932, 279983933, 28272208, 28272208, 25857173, 25857173, 25668423, 25668423, 25955567, 25857173, 25857173, 25857173, 350224819, 25857173, 25857173, 25857173, 25857173, 25857173, 161348067, 86733081, 26044318, 25782115, 25782115, 25814973, 25263093, 25263093, 25263093, 25263093, 25892415, 25892415, 25892415, 25892415, 25892415, 25892415, 627313792, 29816016, 25668423, 25668423, 25668423, 25668423, 25668423, 25668423, 25668423, 25668423, 24917685, 24917685, 24917685, 24917685, 24917685, 24917685, 24653496, 25003134, 25003134, 25003134, 25003134, 25003134, 25003134, 25003134, 25003134, 25003134, 25003134, 25003134, 25003134, 25003134, 25003134, 25003134, 25035992, 25003134, 25003134, 25003134, 25003134, 25003134, 25003134, 25003134, 25003134, 25003134, 25003134, 25003134, 25003134, 25003134, 25003134, 25003134, 25078197, 25012571, 25012571, 25012571, 25012571, 25012571, 25012571, 25012571, 25012571, 25012571, 25012571, 25012571, 25012571, 25012571, 25012571, 25012571, 25078197, 25012571, 25012571, 25012571, 25012571, 25012571]",0,0,0,CXL,0,18874368,0,18874368,18874368,18874368,1.0,hot,0,0,0,0,1.0,37748736
0,185,meta-llama/Llama-3.1-8B,62,325,17176735627,172864928909,155688193282,125916130119,126166247115,112679183,"[27278932, 27278932, 27278932, 27232760, 27232760, 27232760, 27103283, 353923582, 27232760, 27232760, 27232760, 27232760, 27232760, 27232760, 27232760, 27232760, 27232760, 27232760, 27232760, 27232760, 27232760, 27232760, 27103283, 27103283, 27103283, 199980853, 26694765, 26699917, 854597922, 28501850, 28501850, 28501850, 28501850, 28501850, 248785899, 28680716, 3888234237, 26830763, 407340060, 312387199, 51647245, 1436338587, 28501850, 28501850, 28501850, 28501850, 28501850, 28501850, 28501850, 28501850, 28501850, 28501850, 27094547, 854401861, 28422327, 28422327, 28422327, 28422327, 28422327, 26515608, 126788550, 1038887418, 27766321, 1618006685, 28272208, 26786947, 26786947, 26445624, 512115642, 28107904, 28107904, 28107904, 28107904, 28107904, 26786947, 26786947, 26786947, 25774206, 25774206, 25774206, 25774206, 51487498, 25649622, 5228307400, 26164062, 426840596, 27232760, 27232760, 27232760, 25916533, 25916533, 25916533, 25916533, 25916533, 25916533, 25916533, 25916533, 491075245, 27685307, 27685307, 27685307, 27685307, 27685307, 27685307, 27685307, 27685307, 27061067, 26019124, 26019124, 26019124, 26019124, 26019124, 26019124, 2742781976, 27512576, 27512576, 27512576, 27512576, 26786947, 26786947, 26437374, 25668423, 25668423, 135070556, 27278932, 27278932, 27278932, 27278932, 279983933, 28272208, 28272208, 25857173, 25857173, 25668423, 25668423, 25955567, 25857173, 25857173, 25857173, 350224819, 25857173, 25857173, 25857173, 25857173, 25857173, 161348067, 86733081, 26044318, 25782115, 25782115, 25814973, 25263093, 25263093, 25263093, 25263093, 25892415, 25892415, 25892415, 25892415, 25892415, 25892415, 627313792, 29816016, 25668423, 25668423, 25668423, 25668423, 25668423, 25668423, 25668423, 25668423, 24917685, 24917685, 24917685, 24917685, 24917685, 24917685, 824861705, 25012571, 25012571, 25012571, 25012571, 25012571, 25012571, 25012571, 25012571, 25012571, 25012571, 25012571, 25012571, 25012571, 25012571, 25012571, 25078197, 25012571, 25012571, 25012571, 25012571, 25012571, 29943152, 29746454, 26171806, 26171806, 26171806, 25857173, 25857173, 25668423, 25668423, 25668423, 25701281, 25668423, 25668423, 25668423, 25668423, 25668423, 25350782, 25350782, 25350782, 25350782, 25350782, 25350782, 25350782, 25350782, 25350782, 25350782, 25383640, 25350782, 25350782, 25350782, 25350782, 25350782, 25350782, 25350782, 25350782, 25350782, 25350782, 25350782, 25350782, 25350782, 25350782, 25350782, 25078197, 25177211, 25177211, 25177211, 25177211, 25177211, 25177211, 25177211, 25177211, 25177211, 25177211, 25177211, 25177211, 25177211, 25177211, 25177211, 25242837, 25177211, 25177211, 25177211, 25177211]",0,0,0,NPU,0,0,0,0,0,0,1.0,hot,0,0,0,0,1.0,0
0,189,meta-llama/Llama-3.1-8B,99,277,17530812915,174900728157,157369915242,126002808186,126356731768,175215725,"[27232760, 27232760, 27232760, 27232760, 27232760, 27232760, 27232760, 27232760, 27232760, 27232760, 27232760, 27232760, 27232760, 27232760, 27103283, 27103283, 27103283, 199980853, 907992604, 28501850, 28501850, 28501850, 28501850, 28501850, 248785899, 28680716, 3888234237, 26830763, 407340060, 312387199, 1487985832, 28501850, 28501850, 28501850, 28501850, 28501850, 28501850, 28501850, 28501850, 28501850, 28501850, 27094547, 854401861, 28422327, 28422327, 28422327, 28422327, 28422327, 26515608, 126788550, 1038887418, 27766321, 1618006685, 28272208, 26786947, 26786947, 26445624, 512115642, 28107904, 28107904, 28107904, 28107904, 28107904, 26786947, 26786947, 26786947, 154584322, 25649622, 5228307400, 26164062, 426840596, 27232760, 27232760, 27232760, 698407509, 27685307, 27685307, 27685307, 27685307, 27685307, 27685307, 27685307, 27685307, 27061067, 26019124, 26019124, 26019124, 26019124, 26019124, 26019124, 2742781976, 27512576, 27512576, 27512576, 27512576, 26786947, 26786947, 26437374, 186407402, 27278932, 27278932, 27278932, 27278932, 279983933, 28272208, 28272208, 25857173, 25857173, 77292413, 25857173, 25857173, 25857173, 350224819, 25857173, 25857173, 25857173, 25857173, 25857173, 161348067, 86733081, 26044318, 25782115, 25782115, 25814973, 883720654, 29816016, 25668423, 25668423, 25668423, 25668423, 25668423, 25668423, 25668423, 25668423, 24917685, 24917685, 24917685, 24917685, 24917685, 24917685, 1380134474, 29746454, 26171806, 26171806, 26171806, 25857173, 25857173, 25668423, 25668423, 25668423, 25701281, 25668423, 25668423, 25668423, 25668423, 25668423, 1217536599, 29498668, 29498668, 29498668, 26360054, 26360054, 26360054, 26360054, 26360054, 25857173, 25857173, 25890031, 25857173, 25857173, 25857173, 25857173, 1503677111, 25274357, 25274357, 25274357, 25274357]",0,0,0,NPU,0,0,0,0,0,0,1.0,hot,0,0,0,0,1.0,0
0,221,meta-llama/Llama-3.1-8B,3,13,20641253004,174929671107,154288418103,147806128549,147892861630,710617385,"[987144175, 29816016, 1734987968, 29746454, 1578815028, 29498668, 29498668, 29498668, 1946550828]",0,0,0,CXL,0,8388608,0,8388608,8388608,8388608,1.0,hot,0,0,0,0,1.0,16777216
0,223,meta-llama/Llama-3.1-8B,536,545,20696930340,174929671107,154232740767,148580328279,148824328469,676051537,"[29816016, 1734987968, 29746454, 1578815028, 29498668, 29498668, 29498668, 1946550828]",0,0,0,NPU,0,0,0,0,0,0,1.0,hot,0,0,0,0,1.0,0
0,220,meta-llama/Llama-3.1-8B,22,38,20557248574,175167894707,154610646133,147890132979,147976866060,442252004,"[987144175, 29816016, 1734987968, 29746454, 1578815028, 29498668, 29498668, 29498668, 1946550828, 95381124, 28875556, 28875556, 28875556, 28107904, 28107904]",0,0,0,CXL,0,12582912,0,12582912,12582912,12582912,1.0,hot,0,0,0,0,1.0,25165824
0,192,meta-llama/Llama-3.1-8B,29,176,17998775293,177328460661,159329685368,126351337879,126551318732,224509360,"[907992604, 28501850, 28501850, 28501850, 28501850, 28501850, 248785899, 28680716, 4322405060, 312387199, 1487985832, 28501850, 28501850, 28501850, 28501850, 28501850, 28501850, 28501850, 28501850, 28501850, 28501850, 27094547, 854401861, 28422327, 28422327, 28422327, 28422327, 28422327, 1192191576, 27766321, 1618006685, 28272208, 26786947, 26786947, 538561266, 28107904, 28107904, 28107904, 28107904, 28107904, 26786947, 26786947, 26786947, 5408541344, 26164062, 426840596, 27232760, 27232760, 27232760, 698407509, 27685307, 27685307, 27685307, 27685307, 27685307, 27685307, 27685307, 27685307, 27061067, 2898896720, 27512576, 27512576, 27512576, 27512576, 26786947, 26786947, 212844776, 27278932, 27278932, 27278932, 27278932, 279983933, 28272208, 28272208, 847437029, 86733081, 26044318, 25782115, 25782115, 25814973, 883720654, 29816016, 1734987968, 29746454, 26171806, 26171806, 26171806, 25857173, 25857173, 25668423, 25668423, 25668423, 25701281, 25668423, 25668423, 25668423, 25668423, 25668423, 1217536599, 29498668, 29498668, 29498668, 26360054, 26360054, 26360054, 26360054, 26360054, 25857173, 25857173, 25890031, 25857173, 25857173, 25857173, 25857173, 1633717489, 95381124, 28875556, 28875556, 28875556, 28107904, 28107904, 28680716, 26363542, 25850435, 25850435, 25916061, 25850435, 25850435, 25850435, 25850435, 1542132790, 25491349, 25491349, 25491349, 25491349, 25491349, 25491349, 25491349, 25491349, 25491349, 25491349, 25491349, 25491349, 25491349, 25491349, 25491349]",0,0,0,CXL,0,16777216,0,16777216,16777216,16777216,1.0,hot,0,0,0,0,1.0,33554432
0,194,meta-llama/Llama-3.1-8B,10,142,18140446934,177694239002,159553792068,126209666238,126409647091,253008740,"[907992604, 28501850, 28501850, 28501850, 28501850, 28501850, 248785899, 28680716, 4322405060, 312387199, 1487985832, 28501850, 28501850, 28501850, 28501850, 28501850, 28501850, 28501850, 28501850, 28501850, 28501850, 27094547, 854401861, 28422327, 28422327, 28422327, 28422327, 28422327, 1192191576, 27766321, 1618006685, 28272208, 26786947, 26786947, 538561266, 28107904, 28107904, 28107904, 28107904, 28107904, 26786947, 26786947, 26786947, 5861546002, 27232760, 27232760, 27232760, 698407509, 27685307, 27685307, 27685307, 27685307, 27685307, 27685307, 27685307, 27685307, 27061067, 2898896720, 27512576, 27512576, 27512576, 27512576, 26786947, 26786947, 212844776, 27278932, 27278932, 27278932, 27278932, 279983933, 28272208, 28272208, 847437029, 86733081, 26044318, 25782115, 25782115, 25814973, 883720654, 29816016, 1734987968, 29746454, 26171806, 26171806, 26171806, 1500299610, 29498668, 29498668, 29498668, 26360054, 26360054, 26360054, 26360054, 26360054, 25857173, 25857173, 25890031, 25857173, 25857173, 25857173, 25857173, 1633717489, 95381124, 28875556, 28875556, 28875556, 28107904, 28107904, 28680716, 26363542, 25850435, 25850435, 25916061, 25850435, 25850435, 25850435, 25850435, 1950866567, 26363542, 26363542, 26097524, 26097524, 26097524, 26097524, 26042517, 26042517, 26042517, 26042517, 26042517, 26042517, 26042517]",0,0,0,CXL,0,25165824,0,25165824,25165824,25165824,1.0,hot,0,0,0,0,1.0,50331648
0,193,meta-llama/Llama-3.1-8B,8,223,18099042284,179789253275,161690210991,126251070888,126451051741,164668968,"[907992604, 28501850, 28501850, 28501850, 28501850, 28501850, 248785899, 28680716, 4322405060, 312387199, 1487985832, 28501850, 28501850, 28501850, 28501850, 28501850, 28501850, 28501850, 28501850, 28501850, 28501850, 27094547, 854401861, 28422327, 28422327, 28422327, 28422327, 28422327, 1192191576, 27766321, 1618006685, 28272208, 26786947, 26786947, 538561266, 28107904, 28107904, 28107904, 28107904, 28107904, 26786947, 26786947, 26786947, 5861546002, 27232760, 27232760, 27232760, 698407509, 27685307, 27685307, 27685307, 27685307, 27685307, 27685307, 27685307, 27685307, 27061067, 2898896720, 27512576, 27512576, 27512576, 27512576, 26786947, 26786947, 212844776, 27278932, 27278932, 27278932, 27278932, 279983933, 28272208, 28272208, 847437029, 86733081, 26044318, 25782115, 25782115, 25814973, 883720654, 29816016, 1734987968, 29746454, 26171806, 26171806, 26171806, 25857173, 25857173, 1448585264, 29498668, 29498668, 29498668, 26360054, 26360054, 26360054, 26360054, 26360054, 25857173, 25857173, 25890031, 25857173, 25857173, 25857173, 25857173, 1633717489, 95381124, 28875556, 28875556, 28875556, 28107904, 28107904, 28680716, 26363542, 25850435, 25850435, 25916061, 25850435, 25850435, 25850435, 25850435, 1950866567, 26363542, 26363542, 26097524, 26097524, 26097524, 26097524, 26042517, 26042517, 26042517, 26042517, 26042517, 26042517, 26042517, 27023870, 26859940, 25783855, 25619925, 25619925, 25619925, 25619925, 25619925, 25619925, 25619925, 25619925, 25619925, 25619925, 25619925, 25619925, 25619925, 25619925, 25619925, 25783855, 25619925, 25619925, 25619925, 25619925, 25619925, 25619925, 25619925, 25619925, 25619925, 25619925, 25619925, 25619925, 25619925, 25619925, 25619925, 25783855, 25619925, 25619925, 25619925, 25619925, 25619925, 25619925, 25619925, 25619925, 25619925, 25619925, 25619925, 25619925, 25619925, 25619925, 25619925, 26642322, 26445624, 25897854, 25897854, 25897854, 25897854, 25897854, 25897854, 25897854, 25897854, 25897854, 25897854, 25897854, 25897854, 25897854, 25897854, 26650808, 26421342, 26421342, 26421342, 26421342, 26421342, 26421342, 26421342, 26368885, 26368885, 26368885, 26368885, 26049543, 26049543, 26049543]",0,0,0,CXL,0,54525952,0,54525952,54525952,54525952,1.0,hot,0,0,0,0,1.0,109051904
0,186,meta-llama/Llama-3.1-8B,23,506,17346684034,180077646309,162730962275,125746181712,125996298708,76212994,"[27278932, 27278932, 27278932, 27232760, 27232760, 27232760, 27103283, 353923582, 27232760, 27232760, 27232760, 27232760, 27232760, 27232760, 27232760, 27232760, 27232760, 27232760, 27232760, 27232760, 27232760, 27232760, 27103283, 27103283, 27103283, 199980853, 26694765, 26699917, 854597922, 28501850, 28501850, 28501850, 28501850, 28501850, 248785899, 28680716, 3888234237, 26830763, 407340060, 312387199, 1487985832, 28501850, 28501850, 28501850, 28501850, 28501850, 28501850, 28501850, 28501850, 28501850, 28501850, 27094547, 854401861, 28422327, 28422327, 28422327, 28422327, 28422327, 26515608, 126788550, 1038887418, 27766321, 1618006685, 28272208, 26786947, 26786947, 26445624, 512115642, 28107904, 28107904, 28107904, 28107904, 28107904, 26786947, 26786947, 26786947, 25774206, 25774206, 25774206, 25774206, 51487498, 25649622, 5228307400, 26164062, 426840596, 27232760, 27232760, 27232760, 698407509, 27685307, 27685307, 27685307, 27685307, 27685307, 27685307, 27685307, 27685307, 27061067, 26019124, 26019124, 26019124, 26019124, 26019124, 26019124, 2742781976, 27512576, 27512576, 27512576, 27512576, 26786947, 26786947, 26437374, 25668423, 25668423, 135070556, 27278932, 27278932, 27278932, 27278932, 279983933, 28272208, 28272208, 25857173, 25857173, 25668423, 25668423, 25955567, 25857173, 25857173, 25857173, 350224819, 25857173, 25857173, 25857173, 25857173, 25857173, 161348067, 86733081, 26044318, 25782115, 25782115, 25814973, 25263093, 25263093, 25263093, 25263093, 25892415, 25892415, 25892415, 25892415, 25892415, 25892415, 627313792, 29816016, 25668423, 25668423, 25668423, 25668423, 25668423, 25668423, 25668423, 25668423, 24917685, 24917685, 24917685, 24917685, 24917685, 24917685, 1380134474, 29746454, 26171806, 26171806, 26171806, 25857173, 25857173, 25668423, 25668423, 25668423, 25701281, 25668423, 25668423, 25668423, 25668423, 25668423, 684231387, 25177211, 25177211, 25177211, 25177211, 25177211, 25177211, 25177211, 25177211, 25177211, 25177211, 25177211, 25177211, 25177211, 25177211, 25177211, 25242837, 25177211, 25177211, 25177211, 25177211, 29695366, 29498668, 29498668, 29498668, 26360054, 26360054, 26360054, 26360054, 26360054, 25857173, 25857173, 25890031, 25857173, 25857173, 25857173, 25857173, 25003134, 25003134, 25003134, 25003134, 25003134, 25003134, 25003134, 25003134, 25003134, 25003134, 25003134, 25078197, 25012571, 25012571, 25012571, 25012571, 25012571, 25012571, 25012571, 25012571, 25012571, 25012571, 25012571, 25012571, 25012571, 25012571, 25012571, 25078197, 25012571, 25012571, 25012571, 25012571, 25012571, 25012571, 25012571, 25012571, 25012571, 25012571, 25012571, 25012571, 25012571, 25012571, 25012571, 25078197, 25177211, 25177211, 25177211, 25177211, 25177211, 25177211, 25177211, 25177211, 25177211, 25177211, 25177211, 25177211, 25177211, 25177211, 25177211, 25372751, 25274357, 25274357, 25274357, 25274357, 28942950, 95381124, 28875556, 28875556, 28875556, 28107904, 28107904, 28680716, 26363542, 25850435, 25850435, 25916061, 25850435, 25850435, 25850435, 25850435, 25177211, 25177211, 25177211, 25177211, 25177211, 25177211, 25177211, 25177211, 25177211, 25177211, 25177211, 25242837, 25177211, 25177211, 25177211, 25177211, 25177211, 25177211, 25177211, 25177211, 25177211, 25177211, 25177211, 25177211, 25177211, 25177211, 25177211, 26163929, 26032767, 26032767, 26032767, 26032767, 26032767, 26032767, 26032767, 26032767, 26032767, 26032767, 26032767, 26032767, 26032767, 26032767, 26032767, 26163929, 26253855, 26253855, 26253855, 26253855, 26253855, 26253855, 26253855, 26253855, 26253855, 26253855, 26253855, 26253855, 26253855, 26253855, 26253855, 25655279, 25491349, 25491349, 25491349, 25491349, 25491349, 25491349, 25491349, 25491349, 25491349, 25491349, 25491349, 25491349, 25491349, 25491349, 25491349, 26363542, 26363542, 26363542, 26097524, 26097524, 26097524, 26097524, 26042517, 26042517, 26042517, 26042517, 26042517, 26042517, 26042517, 27023870, 26859940, 25783855, 25619925, 25619925, 25619925, 25619925, 25619925, 25619925, 25619925, 25619925, 25619925, 25619925, 25619925, 25619925, 25619925, 25619925, 25619925, 25783855, 25619925, 25619925, 25619925, 25619925, 25619925, 25619925, 25619925, 25619925, 25619925, 25619925, 25619925, 25619925, 25619925, 25619925, 25619925, 25783855, 25619925, 25619925, 25619925, 25619925, 25619925, 25619925, 25619925, 25619925, 25619925, 25619925, 25619925, 25619925, 25619925, 25619925, 25619925, 26642322, 26445624, 25897854, 25897854, 25897854, 25897854, 25897854, 25897854, 25897854, 25897854, 25897854, 25897854, 25897854, 25897854, 25897854, 25897854, 26650808, 26421342, 26421342, 26421342, 26421342, 26421342, 26421342, 26421342, 26368885, 26368885, 26368885, 26368885, 26049543, 26049543, 26049543, 26273784, 26211925, 26211925, 26211925, 26211925, 26211925, 26211925, 26211925, 26211925, 26211925, 26211925]",0,0,0,NPU,0,0,0,0,0,0,1.0,hot,0,0,0,0,1.0,0
0,198,meta-llama/Llama-3.1-8B,91,216,18758373227,180264121009,161505747782,126554109782,126699713402,280693825,"[28501850, 28501850, 28501850, 28501850, 28501850, 248785899, 28680716, 4322405060, 312387199, 1487985832, 28501850, 28501850, 28501850, 28501850, 28501850, 28501850, 28501850, 28501850, 28501850, 28501850, 881496408, 28422327, 28422327, 28422327, 28422327, 28422327, 1192191576, 27766321, 1618006685, 28272208, 592135160, 28107904, 28107904, 28107904, 28107904, 28107904, 5941906843, 27232760, 27232760, 27232760, 698407509, 27685307, 27685307, 27685307, 27685307, 27685307, 27685307, 27685307, 27685307, 27061067, 2898896720, 27512576, 27512576, 27512576, 27512576, 26786947, 26786947, 212844776, 27278932, 27278932, 27278932, 27278932, 279983933, 28272208, 28272208, 847437029, 86733081, 26044318, 961099857, 29816016, 1734987968, 29746454, 1578815028, 29498668, 29498668, 29498668, 26360054, 26360054, 26360054, 26360054, 26360054, 1814750558, 95381124, 28875556, 28875556, 28875556, 28107904, 28107904, 28680716, 26363542, 25850435, 25850435, 25916061, 25850435, 25850435, 25850435, 25850435, 1950866567, 26363542, 26363542, 26097524, 26097524, 26097524, 26097524, 209321489, 26859940, 1256890512, 26445624, 389220764, 26421342, 26421342, 26421342, 26421342, 26421342, 26421342, 26421342, 209897953, 290283008, 27278932, 27278932, 25921863, 25921863, 25921863, 25987489]",0,0,0,NPU,0,0,0,0,0,0,1.0,hot,0,0,0,0,1.0,0
0,190,meta-llama/Llama-3.1-8B,543,881,17540585529,180684468302,163143882773,125993035572,126346959154,109189684,"[27232760, 27232760, 27232760, 27232760, 27232760, 27232760, 27232760, 27232760, 27232760, 27232760, 27232760, 27232760, 27232760, 27232760, 27103283, 27103283, 27103283, 199980853, 907992604, 28501850, 28501850, 28501850, 28501850, 28501850, 248785899, 28680716, 3888234237, 26830763, 407340060, 312387199, 1487985832, 28501850, 28501850, 28501850, 28501850, 28501850, 28501850, 28501850, 28501850, 28501850, 28501850, 27094547, 854401861, 28422327, 28422327, 28422327, 28422327, 28422327, 1192191576, 27766321, 1618006685, 28272208, 26786947, 26786947, 26445624, 512115642, 28107904, 28107904, 28107904, 28107904, 28107904, 26786947, 26786947, 26786947, 5408541344, 26164062, 426840596, 27232760, 27232760, 27232760, 698407509, 27685307, 27685307, 27685307, 27685307, 27685307, 27685307, 27685307, 27685307, 27061067, 2898896720, 27512576, 27512576, 27512576, 27512576, 26786947, 26786947, 26437374, 186407402, 27278932, 27278932, 27278932, 27278932, 279983933, 28272208, 28272208, 847437029, 86733081, 26044318, 25782115, 25782115, 25814973, 883720654, 29816016, 25668423, 25668423, 25668423, 25668423, 25668423, 25668423, 25668423, 25668423, 1529640584, 29746454, 26171806, 26171806, 26171806, 25857173, 25857173, 25668423, 25668423, 25668423, 25701281, 25668423, 25668423, 25668423, 25668423, 25668423, 1217536599, 29498668, 29498668, 29498668, 26360054, 26360054, 26360054, 26360054, 26360054, 25857173, 25857173, 25890031, 25857173, 25857173, 25857173, 25857173, 1633717489, 95381124, 28875556, 28875556, 28875556, 28107904, 28107904, 28680716, 26363542, 25850435, 25850435, 25916061, 25850435, 25850435, 25850435, 25850435, 706014252, 26032767, 26032767, 26032767, 26032767, 26032767, 26032767, 26032767, 26032767, 26032767, 26032767, 26032767, 26032767, 26032767, 26032767, 26032767, 26163929, 26253855, 26253855, 26253855, 26253855, 26253855, 26253855, 26253855, 26253855, 26253855, 26253855, 26253855, 26253855, 26253855, 26253855, 26253855, 25655279, 25491349, 25491349, 25491349, 25491349, 25491349, 25491349, 25491349, 25491349, 25491349, 25491349, 25491349, 25491349, 25491349, 25491349, 25491349, 26363542, 26363542, 26363542, 26097524, 26097524, 26097524, 26097524, 26042517, 26042517, 26042517, 26042517, 26042517, 26042517, 26042517, 27023870, 26859940, 25783855, 25619925, 25619925, 25619925, 25619925, 25619925, 25619925, 25619925, 25619925, 25619925, 25619925, 25619925, 25619925, 25619925, 25619925, 25619925, 25783855, 25619925, 25619925, 25619925, 25619925, 25619925, 25619925, 25619925, 25619925, 25619925, 25619925, 25619925, 25619925, 25619925, 25619925, 25619925, 25783855, 25619925, 25619925, 25619925, 25619925, 25619925, 25619925, 25619925, 25619925, 25619925, 25619925, 25619925, 25619925, 25619925, 25619925, 25619925, 26642322, 26445624, 25897854, 25897854, 25897854, 25897854, 25897854, 25897854, 25897854, 25897854, 25897854, 25897854, 25897854, 25897854, 25897854, 25897854, 26650808, 26421342, 26421342, 26421342, 26421342, 26421342, 26421342, 26421342, 26368885, 26368885, 26368885, 26368885, 26049543, 26049543, 26049543, 26273784, 26211925, 26211925, 26211925, 26211925, 26211925, 26211925, 26211925, 26211925, 26211925, 26211925, 28163758, 27278932, 27278932, 25921863, 25921863, 25921863, 25987489, 28370138, 28114176, 25782115, 25782115, 25782115, 25846330, 25846330, 25846330, 25829685, 26154619, 26154619, 26154619, 26154619, 26154619, 26154619, 26220245]",0,0,0,NPU,0,0,0,0,0,0,1.0,hot,0,0,0,0,1.0,0
0,187,meta-llama/Llama-3.1-8B,5,515,17427697270,182038969743,164611272473,125665168476,125915285472,76023550,"[27278932, 27278932, 27278932, 27232760, 27232760, 27232760, 27103283, 353923582, 27232760, 27232760, 27232760, 27232760, 27232760, 27232760, 27232760, 27232760, 27232760, 27232760, 27232760, 27232760, 27232760, 27232760, 27103283, 27103283, 27103283, 199980853, 907992604, 28501850, 28501850, 28501850, 28501850, 28501850, 248785899, 28680716, 3888234237, 26830763, 407340060, 312387199, 1487985832, 28501850, 28501850, 28501850, 28501850, 28501850, 28501850, 28501850, 28501850, 28501850, 28501850, 27094547, 854401861, 28422327, 28422327, 28422327, 28422327, 28422327, 26515608, 126788550, 1038887418, 27766321, 1618006685, 28272208, 26786947, 26786947, 26445624, 512115642, 28107904, 28107904, 28107904, 28107904, 28107904, 26786947, 26786947, 26786947, 154584322, 25649622, 5228307400, 26164062, 426840596, 27232760, 27232760, 27232760, 698407509, 27685307, 27685307, 27685307, 27685307, 27685307, 27685307, 27685307, 27685307, 27061067, 26019124, 26019124, 26019124, 26019124, 26019124, 26019124, 2742781976, 27512576, 27512576, 27512576, 27512576, 26786947, 26786947, 26437374, 186407402, 27278932, 27278932, 27278932, 27278932, 279983933, 28272208, 28272208, 25857173, 25857173, 25668423, 25668423, 25955567, 25857173, 25857173, 25857173, 350224819, 25857173, 25857173, 25857173, 25857173, 25857173, 161348067, 86733081, 26044318, 25782115, 25782115, 25814973, 25263093, 25263093, 25263093, 25263093, 782668282, 29816016, 25668423, 25668423, 25668423, 25668423, 25668423, 25668423, 25668423, 25668423, 24917685, 24917685, 24917685, 24917685, 24917685, 24917685, 1380134474, 29746454, 26171806, 26171806, 26171806, 25857173, 25857173, 25668423, 25668423, 25668423, 25701281, 25668423, 25668423, 25668423, 25668423, 25668423, 1217536599, 29498668, 29498668, 29498668, 26360054, 26360054, 26360054, 26360054, 26360054, 25857173, 25857173, 25890031, 25857173, 25857173, 25857173, 25857173, 300112671, 25012571, 25012571, 25012571, 25012571, 25012571, 25012571, 25012571, 25012571, 25012571, 25012571, 25012571, 25012571, 25012571, 25012571, 25012571, 25078197, 25012571, 25012571, 25012571, 25012571, 25012571, 25012571, 25012571, 25012571, 25012571, 25012571, 25012571, 25012571, 25012571, 25012571, 25012571, 25078197, 25177211, 25177211, 25177211, 25177211, 25177211, 25177211, 25177211, 25177211, 25177211, 25177211, 25177211, 25177211, 25177211, 25177211, 25177211, 25372751, 25274357, 25274357, 25274357, 25274357, 28942950, 95381124, 28875556, 28875556, 28875556, 28107904, 28107904, 28680716, 26363542, 25850435, 25850435, 25916061, 25850435, 25850435, 25850435, 25850435, 25177211, 25177211, 25177211, 25177211, 25177211, 25177211, 25177211, 25177211, 25177211, 25177211, 25177211, 25242837, 25177211, 25177211, 25177211, 25177211, 25177211, 25177211, 25177211, 25177211, 25177211, 25177211, 25177211, 25177211, 25177211, 25177211, 25177211, 26163929, 26032767, 26032767, 26032767, 26032767, 26032767, 26032767, 26032767, 26032767, 26032767, 26032767, 26032767, 26032767, 26032767, 26032767, 26032767, 26163929, 26253855, 26253855, 26253855, 26253855, 26253855, 26253855, 26253855, 26253855, 26253855, 26253855, 26253855, 26253855, 26253855, 26253855, 26253855, 25655279, 25491349, 25491349, 25491349, 25491349, 25491349, 25491349, 25491349, 25491349, 25491349, 25491349, 25491349, 25491349, 25491349, 25491349, 25491349, 26363542, 26363542, 26363542, 26097524, 26097524, 26097524, 26097524, 26042517, 26042517, 26042517, 26042517, 26042517, 26042517, 26042517, 27023870, 26859940, 25783855, 25619925, 25619925, 25619925, 25619925, 25619925, 25619925, 25619925, 25619925, 25619925, 25619925, 25619925, 25619925, 25619925, 25619925, 25619925, 25783855, 25619925, 25619925, 25619925, 25619925, 25619925, 25619925, 25619925, 25619925, 25619925, 25619925, 25619925, 25619925, 25619925, 25619925, 25619925, 25783855, 25619925, 25619925, 25619925, 25619925, 25619925, 25619925, 25619925, 25619925, 25619925, 25619925, 25619925, 25619925, 25619925, 25619925, 25619925, 26642322, 26445624, 25897854, 25897854, 25897854, 25897854, 25897854, 25897854, 25897854, 25897854, 25897854, 25897854, 25897854, 25897854, 25897854, 25897854, 26650808, 26421342, 26421342, 26421342, 26421342, 26421342, 26421342, 26421342, 26368885, 26368885, 26368885, 26368885, 26049543, 26049543, 26049543, 26273784, 26211925, 26211925, 26211925, 26211925, 26211925, 26211925, 26211925, 26211925, 26211925, 26211925, 28163758, 27278932, 27278932, 25921863, 25921863, 25921863, 25987489, 28370138, 28114176, 25782115, 25782115, 25782115, 25846330, 25846330, 25846330, 25829685, 26154619, 26154619, 26154619, 26154619, 26154619, 26154619, 26220245, 27827147, 27761521, 27761521, 27761521, 27761521, 27761521, 27761521, 27761521, 27761521, 27761521, 27761521, 27761521, 27761521, 27761521, 27761521, 27761521, 27766321, 27766321, 27766321, 27766321, 27766321, 27766321, 27766321, 27766321, 27766321, 27766321, 27766321, 25884336, 25820922, 25820922, 25820922, 27192229, 26359326, 26359326, 26359326, 26359326, 26359326, 26359326, 26359326, 26359326, 26359326, 26359326, 26359326, 26359326, 26359326, 26359326, 26359326, 26385017, 26253855, 26253855]",0,0,0,CXL,0,25165824,0,25165824,25165824,25165824,1.0,hot,0,0,0,0,1.0,50331648
0,191,meta-llama/Llama-3.1-8B,1009,1392,17768097851,183255587695,165487489844,126582015321,126781996174,101323281,"[907992604, 28501850, 28501850, 28501850, 28501850, 28501850, 248785899, 28680716, 3888234237, 26830763, 407340060, 312387199, 1487985832, 28501850, 28501850, 28501850, 28501850, 28501850, 28501850, 28501850, 28501850, 28501850, 28501850, 27094547, 854401861, 28422327, 28422327, 28422327, 28422327, 28422327, 1192191576, 27766321, 1618006685, 28272208, 26786947, 26786947, 26445624, 512115642, 28107904, 28107904, 28107904, 28107904, 28107904, 26786947, 26786947, 26786947, 5408541344, 26164062, 426840596, 27232760, 27232760, 27232760, 698407509, 27685307, 27685307, 27685307, 27685307, 27685307, 27685307, 27685307, 27685307, 27061067, 2898896720, 27512576, 27512576, 27512576, 27512576, 26786947, 26786947, 26437374, 186407402, 27278932, 27278932, 27278932, 27278932, 279983933, 28272208, 28272208, 847437029, 86733081, 26044318, 25782115, 25782115, 25814973, 883720654, 29816016, 25668423, 25668423, 25668423, 25668423, 25668423, 25668423, 25668423, 25668423, 1529640584, 29746454, 26171806, 26171806, 26171806, 25857173, 25857173, 25668423, 25668423, 25668423, 25701281, 25668423, 25668423, 25668423, 25668423, 25668423, 1217536599, 29498668, 29498668, 29498668, 26360054, 26360054, 26360054, 26360054, 26360054, 25857173, 25857173, 25890031, 25857173, 25857173, 25857173, 25857173, 1633717489, 95381124, 28875556, 28875556, 28875556, 28107904, 28107904, 28680716, 26363542, 25850435, 25850435, 25916061, 25850435, 25850435, 25850435, 25850435, 706014252, 26032767, 26032767, 26032767, 26032767, 26032767, 26032767, 26032767, 26032767, 26032767, 26032767, 26032767, 26032767, 26032767, 26032767, 26032767, 26163929, 26253855, 26253855, 26253855, 26253855, 26253855, 26253855, 26253855, 26253855, 26253855, 26253855, 26253855, 26253855, 26253855, 26253855, 26253855, 25655279, 25491349, 25491349, 25491349, 25491349, 25491349, 25491349, 25491349, 25491349, 25491349, 25491349, 25491349, 25491349, 25491349, 25491349, 25491349, 26363542, 26363542, 26363542, 26097524, 26097524, 26097524, 26097524, 26042517, 26042517, 26042517, 26042517, 26042517, 26042517, 26042517, 27023870, 26859940, 25783855, 25619925, 25619925, 25619925, 25619925, 25619925, 25619925, 25619925, 25619925, 25619925, 25619925, 25619925, 25619925, 25619925, 25619925, 25619925, 25783855, 25619925, 25619925, 25619925, 25619925, 25619925, 25619925, 25619925, 25619925, 25619925, 25619925, 25619925, 25619925, 25619925, 25619925, 25619925, 25783855, 25619925, 25619925, 25619925, 25619925, 25619925, 25619925, 25619925, 25619925, 25619925, 25619925, 25619925, 25619925, 25619925, 25619925, 25619925, 26642322, 26445624, 25897854, 25897854, 25897854, 25897854, 25897854, 25897854, 25897854, 25897854, 25897854, 25897854, 25897854, 25897854, 25897854, 25897854, 26650808, 26421342, 26421342, 26421342, 26421342, 26421342, 26421342, 26421342, 26368885, 26368885, 26368885, 26368885, 26049543, 26049543, 26049543, 26273784, 290283008, 27278932, 27278932, 25921863, 25921863, 25921863, 25987489, 28370138, 28114176, 25782115, 25782115, 25782115, 25846330, 25846330, 25846330, 25829685, 210975106, 27761521, 27761521, 27761521, 27761521, 27761521, 27761521, 27761521, 27761521, 27761521, 27761521, 27761521, 27761521, 27761521, 27761521, 27761521, 27766321, 27766321, 27766321, 27766321, 27766321, 27766321, 27766321, 27766321, 27766321, 27766321, 27766321, 25884336, 25820922, 25820922, 25820922, 27192229, 421774907, 26253855, 26253855, 28035379, 27773145, 27773145, 27773145, 27773145, 27773145, 27773145, 27773145, 27773145, 27773145, 27773145, 27773145, 27773145, 26518075, 26603195, 26603195, 26603195, 26603195, 26603195, 26603195, 26603195, 26603195, 26603195, 26603195, 26603195, 26603195, 26603195, 26603195, 26603195, 27023870, 26859940, 26171806, 26898709, 26898709, 26898709, 26898709, 26898709, 26898709, 26898709, 26898709, 26898709, 26898709, 26898709, 26898709, 26898709]",0,0,0,NPU,0,0,0,0,0,0,1.0,hot,0,0,0,0,1.0,0
0,224,meta-llama/Llama-3.1-8B,474,574,20727746354,184473891693,163746145339,148549512265,148793512455,151036695,"[29816016, 1734987968, 29746454, 1578815028, 29498668, 29498668, 29498668, 1946550828, 95381124, 28875556, 28875556, 28875556, 84896524, 5095915724, 28114176, 391690126, 27761521, 27761521, 27761521, 27761521, 27761521, 27761521, 27761521, 27761521, 27761521, 27761521, 27761521, 27761521, 27761521, 27761521, 27761521, 27766321, 27766321, 27766321, 27766321, 27766321, 27766321, 27766321, 27766321, 27766321, 27766321, 27766321, 632857327, 27773145, 27773145, 27773145, 27773145, 27773145, 27773145, 27773145, 27773145, 27773145, 27773145, 27773145, 27773145, 883153174, 27684411, 27684411, 27684411, 27684411, 27684411, 27684411, 27684411, 27684411, 27684411, 27684411, 27684411, 27684411, 27684411, 27684411, 27685307, 27685307, 27685307, 27685307, 27685307, 27685307, 27685307, 27685307, 27685307, 27685307, 27685307, 27685307, 27685307, 27685307, 27685307, 27685307, 27685307, 27685307, 27685307, 27685307, 27685307, 27685307, 27685307, 27685307, 27685307, 27685307, 27685307, 27685307, 27685307]",0,0,0,NPU,0,0,0,0,0,0,1.0,hot,0,0,0,0,1.0,0
0,216,meta-llama/Llama-3.1-8B,179,303,20018758503,184886580333,164867821830,148428623050,148515356131,132946875,"[987144175, 29816016, 1734987968, 29746454, 1578815028, 29498668, 29498668, 29498668, 1946550828, 95381124, 28875556, 28875556, 28875556, 28107904, 28107904, 28680716, 4909234644, 27278932, 27278932, 132123216, 28114176, 391690126, 27761521, 27761521, 27761521, 27761521, 27761521, 27761521, 27761521, 27761521, 27761521, 27761521, 27761521, 27761521, 27761521, 27761521, 27761521, 27766321, 27766321, 27766321, 27766321, 27766321, 27766321, 27766321, 27766321, 27766321, 27766321, 27766321, 130539331, 502317996, 27773145, 27773145, 27773145, 27773145, 27773145, 27773145, 27773145, 27773145, 27773145, 27773145, 27773145, 27773145, 452589870, 26859940, 403703364, 27684411, 27684411, 27684411, 27684411, 27684411, 27684411, 27684411, 27684411, 27684411, 27684411, 27684411, 27684411, 27684411, 27684411, 27685307, 27685307, 27685307, 27685307, 27685307, 27685307, 27685307, 27685307, 27685307, 27685307, 27685307, 27685307, 27685307, 27685307, 27685307, 27685307, 27685307, 27685307, 27685307, 27685307, 27685307, 27685307, 27685307, 27685307, 27685307, 27685307, 27685307, 27685307, 27685307, 27512576, 27512576, 27512576, 27512576, 27512576, 27512576, 27512576, 27512576, 27512576, 27512576, 27512576, 27512576, 27512576, 27512576, 27512576]",0,0,0,NPU,0,0,0,0,0,0,1.0,hot,0,0,0,0,1.0,0
0,228,meta-llama/Llama-3.1-8B,377,485,21389491584,184941138197,163551646613,153540179523,153635560647,92673700,"[28875556, 28875556, 28875556, 84896524, 5095915724, 28114176, 391690126, 27761521, 27761521, 27761521, 27761521, 27761521, 27761521, 27761521, 27761521, 27761521, 27761521, 27761521, 27761521, 27761521, 27761521, 27761521, 27766321, 27766321, 27766321, 27766321, 27766321, 27766321, 27766321, 27766321, 27766321, 27766321, 27766321, 632857327, 27773145, 27773145, 27773145, 27773145, 27773145, 27773145, 27773145, 27773145, 27773145, 27773145, 27773145, 27773145, 883153174, 27684411, 27684411, 27684411, 27684411, 27684411, 27684411, 27684411, 27684411, 27684411, 27684411, 27684411, 27684411, 27684411, 27684411, 27685307, 27685307, 27685307, 27685307, 27685307, 27685307, 27685307, 27685307, 27685307, 27685307, 27685307, 27685307, 27685307, 27685307, 27685307, 27685307, 27685307, 27685307, 27685307, 27685307, 27685307, 27685307, 27685307, 27685307, 27685307, 27685307, 27685307, 27685307, 27685307, 27512576, 27512576, 27512576, 27512576, 27512576, 27512576, 27512576, 27512576, 27512576, 27512576, 27512576, 27512576, 27512576, 27512576, 27512576, 27278932, 27278932]",0,0,0,NPU,0,0,0,0,0,0,1.0,hot,0,0,0,0,1.0,0
0,210,meta-llama/Llama-3.1-8B,245,397,19579100248,185485793397,165906693149,147684315927,147964299860,118823796,"[28272208, 28272208, 847437029, 86733081, 987144175, 29816016, 1734987968, 29746454, 1578815028, 29498668, 29498668, 29498668, 1946550828, 95381124, 28875556, 28875556, 28875556, 28107904, 28107904, 28680716, 2524687449, 26859940, 2357687255, 27278932, 27278932, 132123216, 28114176, 391690126, 27761521, 27761521, 27761521, 27761521, 27761521, 27761521, 27761521, 27761521, 27761521, 27761521, 27761521, 27761521, 27761521, 27761521, 27761521, 27766321, 27766321, 27766321, 27766321, 27766321, 27766321, 27766321, 27766321, 27766321, 27766321, 27766321, 130539331, 502317996, 27773145, 27773145, 27773145, 27773145, 27773145, 27773145, 27773145, 27773145, 27773145, 27773145, 27773145, 27773145, 452589870, 26859940, 403703364, 27684411, 27684411, 27684411, 27684411, 27684411, 27684411, 27684411, 27684411, 27684411, 27684411, 27684411, 27684411, 27684411, 27684411, 27685307, 27685307, 27685307, 27685307, 27685307, 27685307, 27685307, 27685307, 27685307, 27685307, 27685307, 27685307, 27685307, 27685307, 27685307, 27685307, 27685307, 27685307, 27685307, 27685307, 27685307, 27685307, 27685307, 27685307, 27685307, 27685307, 27685307, 27685307, 27685307, 27512576, 27512576, 27512576, 27512576, 27512576, 27512576, 27512576, 27512576, 27512576, 27512576, 27512576, 27512576, 27512576, 27512576, 27512576, 27278932, 27278932, 27232760, 27232760, 27232760, 27232760, 27232760, 27232760, 27232760, 27232760, 27232760, 27232760, 27232760, 27232760, 27232760, 27232760, 27232760, 27232760, 27232760, 27232760, 27232760, 27232760]",0,0,0,NPU,0,0,0,0,0,0,1.0,hot,0,0,0,0,1.0,0
0,218,meta-llama/Llama-3.1-8B,98,253,20260871639,185729722944,165468851305,148186509914,148273242995,111659794,"[987144175, 29816016, 1734987968, 29746454, 1578815028, 29498668, 29498668, 29498668, 1946550828, 95381124, 28875556, 28875556, 28875556, 28107904, 28107904, 28680716, 4909234644, 27278932, 27278932, 132123216, 28114176, 391690126, 27761521, 27761521, 27761521, 27761521, 27761521, 27761521, 27761521, 27761521, 27761521, 27761521, 27761521, 27761521, 27761521, 27761521, 27761521, 27766321, 27766321, 27766321, 27766321, 27766321, 27766321, 27766321, 27766321, 27766321, 27766321, 27766321, 130539331, 502317996, 27773145, 27773145, 27773145, 27773145, 27773145, 27773145, 27773145, 27773145, 27773145, 27773145, 27773145, 27773145, 452589870, 26859940, 403703364, 27684411, 27684411, 27684411, 27684411, 27684411, 27684411, 27684411, 27684411, 27684411, 27684411, 27684411, 27684411, 27684411, 27684411, 27685307, 27685307, 27685307, 27685307, 27685307, 27685307, 27685307, 27685307, 27685307, 27685307, 27685307, 27685307, 27685307, 27685307, 27685307, 27685307, 27685307, 27685307, 27685307, 27685307, 27685307, 27685307, 27685307, 27685307, 27685307, 27685307, 27685307, 27685307, 27685307, 27512576, 27512576, 27512576, 27512576, 27512576, 27512576, 27512576, 27512576, 27512576, 27512576, 27512576, 27512576, 27512576, 27512576, 27512576, 27278932, 27278932, 27232760, 27232760, 27232760, 27232760, 27232760, 27232760, 27232760, 27232760, 27232760, 27232760, 27232760, 27232760, 27232760, 27232760, 27232760, 27232760, 27232760, 27232760, 27232760, 27232760, 27103283, 27103283, 27103283, 27103283, 27103283, 27103283, 27103283, 27103283, 27103283]",0,0,0,NPU,0,0,0,0,0,0,1.0,hot,0,0,0,0,1.0,0
0,207,meta-llama/Llama-3.1-8B,10,220,19481491440,185783845078,166302353638,132488000477,132519349145,161641169,"[28501850, 28501850, 28501850, 28501850, 28501850, 28501850, 28501850, 28501850, 28501850, 28501850, 881496408, 28422327, 28422327, 28422327, 28422327, 28422327, 2837964582, 28272208, 592135160, 28107904, 28107904, 28107904, 28107904, 28107904, 6722012632, 27685307, 27685307, 27685307, 27685307, 27685307, 27685307, 27685307, 27685307, 2925957787, 27512576, 27512576, 27512576, 27512576, 266418670, 27278932, 27278932, 27278932, 27278932, 279983933, 28272208, 28272208, 847437029, 86733081, 987144175, 29816016, 1734987968, 29746454, 1578815028, 29498668, 29498668, 29498668, 1946550828, 95381124, 28875556, 28875556, 28875556, 28107904, 28107904, 28680716, 2524687449, 26859940, 2357687255, 27278932, 27278932, 132123216, 28114176, 25782115, 25782115, 25782115, 314343781, 27761521, 27761521, 27761521, 27761521, 27761521, 27761521, 27761521, 27761521, 27761521, 27761521, 27761521, 27761521, 27761521, 27761521, 27761521, 27766321, 27766321, 27766321, 27766321, 27766321, 27766321, 27766321, 27766321, 27766321, 27766321, 27766321, 130539331, 502317996, 27773145, 27773145, 27773145, 27773145, 27773145, 27773145, 27773145, 27773145, 27773145, 27773145, 27773145, 27773145, 452589870, 26859940, 403703364, 27684411, 27684411, 27684411, 27684411, 27684411, 27684411, 27684411, 27684411, 27684411, 27684411, 27684411, 27684411, 27684411, 27684411, 27685307, 27685307, 27685307, 27685307, 27685307, 27685307, 27685307, 27685307, 27685307, 27685307, 27685307, 27685307, 27685307, 27685307, 27685307, 27685307, 27685307, 27685307, 27685307, 27685307, 27685307, 27685307, 27685307, 27685307, 27685307, 27685307, 27685307, 27685307, 27685307, 27512576, 27512576, 27512576, 27512576, 27512576, 27512576, 27512576, 27512576, 27512576, 27512576, 27512576, 27512576, 27512576, 27512576, 27512576, 27278932, 27278932, 27232760, 27232760, 27232760, 27232760, 27232760, 27232760, 27232760, 27232760, 27232760, 27232760, 27232760, 27232760, 27232760, 27232760, 27232760, 27232760, 27232760, 27232760, 27232760, 27232760, 27103283, 27103283, 27103283, 27103283, 27103283, 27103283, 27103283, 27103283, 27103283, 27061067, 27061067]",0,0,0,CXL,0,50331648,0,50331648,50331648,50331648,1.0,hot,0,0,0,0,1.0,100663296
0,202,meta-llama/Llama-3.1-8B,9,263,19038879108,186078504162,167039625054,126273603901,126419207521,160555010,"[28501850, 28501850, 28501850, 28501850, 28501850, 248785899, 28680716, 4634792259, 1487985832, 28501850, 28501850, 28501850, 28501850, 28501850, 28501850, 28501850, 28501850, 28501850, 28501850, 881496408, 28422327, 28422327, 28422327, 28422327, 28422327, 1192191576, 27766321, 1618006685, 28272208, 592135160, 28107904, 28107904, 28107904, 28107904, 28107904, 5941906843, 27232760, 27232760, 27232760, 698407509, 27685307, 27685307, 27685307, 27685307, 27685307, 27685307, 27685307, 27685307, 27061067, 2898896720, 27512576, 27512576, 27512576, 27512576, 266418670, 27278932, 27278932, 27278932, 27278932, 279983933, 28272208, 28272208, 847437029, 86733081, 987144175, 29816016, 1734987968, 29746454, 1578815028, 29498668, 29498668, 29498668, 26360054, 26360054, 26360054, 26360054, 26360054, 1814750558, 95381124, 28875556, 28875556, 28875556, 28107904, 28107904, 28680716, 26363542, 2131885238, 26363542, 26363542, 313711585, 26859940, 1256890512, 26445624, 784068111, 290283008, 27278932, 27278932, 132123216, 28114176, 25782115, 25782115, 25782115, 314343781, 27761521, 27761521, 27761521, 27761521, 27761521, 27761521, 27761521, 27761521, 27761521, 27761521, 27761521, 27761521, 27761521, 27761521, 27761521, 27766321, 27766321, 27766321, 27766321, 27766321, 27766321, 27766321, 27766321, 27766321, 27766321, 27766321, 25884336, 25820922, 25820922, 25820922, 27192229, 502317996, 27773145, 27773145, 27773145, 27773145, 27773145, 27773145, 27773145, 27773145, 27773145, 27773145, 27773145, 27773145, 452589870, 26859940, 26171806, 377531558, 27684411, 27684411, 27684411, 27684411, 27684411, 27684411, 27684411, 27684411, 27684411, 27684411, 27684411, 27684411, 27684411, 27684411, 27685307, 27685307, 27685307, 27685307, 27685307, 27685307, 27685307, 27685307, 27685307, 27685307, 27685307, 27685307, 27685307, 27685307, 27685307, 27685307, 27685307, 27685307, 27685307, 27685307, 27685307, 27685307, 27685307, 27685307, 27685307, 27685307, 27685307, 27685307, 27685307, 27512576, 27512576, 27512576, 27512576, 27512576, 27512576, 27512576, 27512576, 27512576, 27512576, 27512576, 27512576, 27512576, 27512576, 27512576, 27278932, 27278932, 27232760, 27232760, 27232760, 27232760, 27232760, 27232760, 27232760, 27232760, 27232760, 27232760, 27232760, 27232760, 27232760, 27232760, 27232760, 27232760, 27232760, 27232760, 27232760, 27232760, 27103283, 27103283, 27103283, 27103283, 27103283, 27103283, 27103283, 27103283, 27103283, 27061067, 27061067, 26859940, 26859940, 26859940, 26759908, 26759908, 26759908, 26759908, 26759908, 26759908, 26759908, 26759908]",0,0,0,CXL,0,37748736,0,37748736,37748736,37748736,1.0,hot,0,0,0,0,1.0,75497472
0,195,meta-llama/Llama-3.1-8B,82,456,18183403695,186532861853,168349458158,127129079314,127274682934,110120040,"[28501850, 28501850, 28501850, 28501850, 28501850, 248785899, 28680716, 4322405060, 312387199, 1487985832, 28501850, 28501850, 28501850, 28501850, 28501850, 28501850, 28501850, 28501850, 28501850, 28501850, 27094547, 854401861, 28422327, 28422327, 28422327, 28422327, 28422327, 1192191576, 27766321, 1618006685, 28272208, 26786947, 26786947, 538561266, 28107904, 28107904, 28107904, 28107904, 28107904, 26786947, 26786947, 26786947, 5861546002, 27232760, 27232760, 27232760, 698407509, 27685307, 27685307, 27685307, 27685307, 27685307, 27685307, 27685307, 27685307, 27061067, 2898896720, 27512576, 27512576, 27512576, 27512576, 26786947, 26786947, 212844776, 27278932, 27278932, 27278932, 27278932, 279983933, 28272208, 28272208, 847437029, 86733081, 26044318, 25782115, 25782115, 25814973, 883720654, 29816016, 1734987968, 29746454, 26171806, 26171806, 26171806, 1500299610, 29498668, 29498668, 29498668, 26360054, 26360054, 26360054, 26360054, 26360054, 1814750558, 95381124, 28875556, 28875556, 28875556, 28107904, 28107904, 28680716, 26363542, 25850435, 25850435, 25916061, 25850435, 25850435, 25850435, 25850435, 1950866567, 26363542, 26363542, 26097524, 26097524, 26097524, 26097524, 26042517, 26042517, 26042517, 26042517, 26042517, 26042517, 26042517, 27023870, 26859940, 1256890512, 26445624, 25897854, 25897854, 25897854, 25897854, 25897854, 25897854, 25897854, 25897854, 25897854, 25897854, 25897854, 25897854, 25897854, 25897854, 26650808, 26421342, 26421342, 26421342, 26421342, 26421342, 26421342, 26421342, 26368885, 26368885, 26368885, 26368885, 26049543, 26049543, 26049543, 26273784, 290283008, 27278932, 27278932, 25921863, 25921863, 25921863, 25987489, 28370138, 28114176, 25782115, 25782115, 25782115, 25846330, 25846330, 25846330, 25829685, 210975106, 27761521, 27761521, 27761521, 27761521, 27761521, 27761521, 27761521, 27761521, 27761521, 27761521, 27761521, 27761521, 27761521, 27761521, 27761521, 27766321, 27766321, 27766321, 27766321, 27766321, 27766321, 27766321, 27766321, 27766321, 27766321, 27766321, 25884336, 25820922, 25820922, 25820922, 27192229, 421774907, 26253855, 26253855, 28035379, 27773145, 27773145, 27773145, 27773145, 27773145, 27773145, 27773145, 27773145, 27773145, 27773145, 27773145, 27773145, 26518075, 26603195, 26603195, 26603195, 26603195, 26603195, 26603195, 26603195, 26603195, 26603195, 26603195, 26603195, 26603195, 26603195, 26603195, 26603195, 27023870, 26859940, 26171806, 26898709, 26898709, 26898709, 26898709, 26898709, 26898709, 26898709, 26898709, 26898709, 26898709, 26898709, 26898709, 26898709, 27848341, 27684411, 27684411, 27684411, 27684411, 27684411, 27684411, 27684411, 27684411, 27684411, 27684411, 27684411, 27684411, 27684411, 27684411, 27685307, 27685307, 27685307, 27685307, 27685307, 27685307, 27685307, 27685307, 27685307, 27685307, 27685307, 27685307, 27685307, 27685307, 27685307, 27685307, 27685307, 27685307, 27685307, 27685307, 27685307, 27685307, 27685307, 27685307, 27685307, 27685307, 27685307, 27685307, 27685307, 27512576, 27512576, 27512576, 27512576, 27512576, 27512576, 27512576, 27512576, 27512576, 27512576, 27512576, 27512576, 27512576, 27512576, 27512576, 27278932, 27278932, 27232760, 27232760, 27232760, 27232760, 27232760, 27232760, 27232760, 27232760, 27232760, 27232760, 27232760, 27232760, 27232760, 27232760, 27232760, 27232760, 27232760, 27232760, 27232760, 27232760, 27103283, 27103283, 27103283, 27103283, 27103283, 27103283, 27103283, 27103283, 27103283, 27061067, 27061067, 26859940, 26859940, 26859940, 26759908, 26759908, 26759908, 26759908, 26759908, 26759908, 26759908, 26759908, 26726923, 26726923, 26726923, 26726923, 26726923, 26726923, 26726923, 26726923, 26726923, 26726923, 26726923, 26726923, 26726923, 26726923, 26726923, 26726923, 26726923]",0,0,0,NPU,0,0,0,0,0,0,1.0,hot,0,0,0,0,1.0,0
0,226,meta-llama/Llama-3.1-8B,19,205,21116947314,186826509086,165709561772,148160311305,148404311495,93541893,"[29816016, 1734987968, 29746454, 1578815028, 29498668, 29498668, 29498668, 2041931952, 28875556, 28875556, 28875556, 84896524, 5095915724, 28114176, 391690126, 27761521, 27761521, 27761521, 27761521, 27761521, 27761521, 27761521, 27761521, 27761521, 27761521, 27761521, 27761521, 27761521, 27761521, 27761521, 27766321, 27766321, 27766321, 27766321, 27766321, 27766321, 27766321, 27766321, 27766321, 27766321, 27766321, 632857327, 27773145, 27773145, 27773145, 27773145, 27773145, 27773145, 27773145, 27773145, 27773145, 27773145, 27773145, 27773145, 883153174, 27684411, 27684411, 27684411, 27684411, 27684411, 27684411, 27684411, 27684411, 27684411, 27684411, 27684411, 27684411, 27684411, 27684411, 27685307, 27685307, 27685307, 27685307, 27685307, 27685307, 27685307, 27685307, 27685307, 27685307, 27685307, 27685307, 27685307, 27685307, 27685307, 27685307, 27685307, 27685307, 27685307, 27685307, 27685307, 27685307, 27685307, 27685307, 27685307, 27685307, 27685307, 27685307, 27685307, 27512576, 27512576, 27512576, 27512576, 27512576, 27512576, 27512576, 27512576, 27512576, 27512576, 27512576, 27512576, 27512576, 27512576, 27512576, 27278932, 27278932, 27232760, 27232760, 27232760, 27232760, 27232760, 27232760, 27232760, 27232760, 27232760, 27232760, 27232760, 27232760, 27232760, 27232760, 27232760, 27232760, 27232760, 27232760, 27232760, 27232760, 27103283, 27103283, 27103283, 27103283, 27103283, 27103283, 27103283, 27103283, 27103283, 27061067, 27061067, 26859940, 26859940, 26859940, 26759908, 26759908, 26759908, 26759908, 26759908, 26759908, 26759908, 26759908, 26726923, 26726923, 26726923, 26726923, 26726923, 26726923, 26726923, 26726923, 26726923, 26726923, 26726923, 26726923, 26726923, 26726923, 26726923, 26726923, 26726923, 26695203, 26695203, 26695203, 26695203, 26695203, 26695203, 26695203, 26695203, 26695203, 26695203, 26695203]",0,0,0,CXL,0,25165824,0,25165824,25165824,25165824,1.0,hot,0,0,0,0,1.0,50331648
0,201,meta-llama/Llama-3.1-8B,120,434,19021249687,187332209685,168310959998,126291233322,126436836942,133783140,"[28501850, 28501850, 28501850, 28501850, 28501850, 248785899, 28680716, 4322405060, 312387199, 1487985832, 28501850, 28501850, 28501850, 28501850, 28501850, 28501850, 28501850, 28501850, 28501850, 28501850, 881496408, 28422327, 28422327, 28422327, 28422327, 28422327, 1192191576, 27766321, 1618006685, 28272208, 592135160, 28107904, 28107904, 28107904, 28107904, 28107904, 5941906843, 27232760, 27232760, 27232760, 698407509, 27685307, 27685307, 27685307, 27685307, 27685307, 27685307, 27685307, 27685307, 27061067, 2898896720, 27512576, 27512576, 27512576, 27512576, 26786947, 26786947, 212844776, 27278932, 27278932, 27278932, 27278932, 279983933, 28272208, 28272208, 847437029, 86733081, 987144175, 29816016, 1734987968, 29746454, 1578815028, 29498668, 29498668, 29498668, 26360054, 26360054, 26360054, 26360054, 26360054, 1814750558, 95381124, 28875556, 28875556, 28875556, 28107904, 28107904, 28680716, 26363542, 25850435, 25850435, 25916061, 25850435, 25850435, 25850435, 25850435, 1950866567, 26363542, 26363542, 313711585, 26859940, 1256890512, 26445624, 784068111, 290283008, 27278932, 27278932, 132123216, 28114176, 25782115, 25782115, 25782115, 25846330, 25846330, 25846330, 236804791, 27761521, 27761521, 27761521, 27761521, 27761521, 27761521, 27761521, 27761521, 27761521, 27761521, 27761521, 27761521, 27761521, 27761521, 27761521, 27766321, 27766321, 27766321, 27766321, 27766321, 27766321, 27766321, 27766321, 27766321, 27766321, 27766321, 25884336, 25820922, 25820922, 25820922, 27192229, 502317996, 27773145, 27773145, 27773145, 27773145, 27773145, 27773145, 27773145, 27773145, 27773145, 27773145, 27773145, 27773145, 452589870, 26859940, 26171806, 377531558, 27684411, 27684411, 27684411, 27684411, 27684411, 27684411, 27684411, 27684411, 27684411, 27684411, 27684411, 27684411, 27684411, 27684411, 27685307, 27685307, 27685307, 27685307, 27685307, 27685307, 27685307, 27685307, 27685307, 27685307, 27685307, 27685307, 27685307, 27685307, 27685307, 27685307, 27685307, 27685307, 27685307, 27685307, 27685307, 27685307, 27685307, 27685307, 27685307, 27685307, 27685307, 27685307, 27685307, 27512576, 27512576, 27512576, 27512576, 27512576, 27512576, 27512576, 27512576, 27512576, 27512576, 27512576, 27512576, 27512576, 27512576, 27512576, 27278932, 27278932, 27232760, 27232760, 27232760, 27232760, 27232760, 27232760, 27232760, 27232760, 27232760, 27232760, 27232760, 27232760, 27232760, 27232760, 27232760, 27232760, 27232760, 27232760, 27232760, 27232760, 27103283, 27103283, 27103283, 27103283, 27103283, 27103283, 27103283, 27103283, 27103283, 27061067, 27061067, 26859940, 26859940, 26859940, 26759908, 26759908, 26759908, 26759908, 26759908, 26759908, 26759908, 26759908, 26726923, 26726923, 26726923, 26726923, 26726923, 26726923, 26726923, 26726923, 26726923, 26726923, 26726923, 26726923, 26726923, 26726923, 26726923, 26726923, 26726923, 26695203, 26695203, 26695203, 26695203, 26695203, 26695203, 26695203, 26695203, 26695203, 26695203, 26695203, 26615821, 26615821, 26615821, 26615821, 26615821, 26615821, 26615821, 26615821, 26615821, 26615821, 26615821, 26615821, 26615821, 26615821, 26615821, 26615821, 26615821, 26615821, 26615821]",0,0,0,NPU,0,0,0,0,0,0,1.0,hot,0,0,0,0,1.0,0
0,215,meta-llama/Llama-3.1-8B,218,439,19979395013,187385315725,167405920712,147284021162,147564005095,90190525,"[28272208, 28272208, 847437029, 86733081, 987144175, 29816016, 1734987968, 29746454, 1578815028, 29498668, 29498668, 29498668, 1946550828, 95381124, 28875556, 28875556, 28875556, 28107904, 28107904, 28680716, 4909234644, 27278932, 27278932, 132123216, 28114176, 391690126, 27761521, 27761521, 27761521, 27761521, 27761521, 27761521, 27761521, 27761521, 27761521, 27761521, 27761521, 27761521, 27761521, 27761521, 27761521, 27766321, 27766321, 27766321, 27766321, 27766321, 27766321, 27766321, 27766321, 27766321, 27766321, 27766321, 130539331, 502317996, 27773145, 27773145, 27773145, 27773145, 27773145, 27773145, 27773145, 27773145, 27773145, 27773145, 27773145, 27773145, 452589870, 26859940, 403703364, 27684411, 27684411, 27684411, 27684411, 27684411, 27684411, 27684411, 27684411, 27684411, 27684411, 27684411, 27684411, 27684411, 27684411, 27685307, 27685307, 27685307, 27685307, 27685307, 27685307, 27685307, 27685307, 27685307, 27685307, 27685307, 27685307, 27685307, 27685307, 27685307, 27685307, 27685307, 27685307, 27685307, 27685307, 27685307, 27685307, 27685307, 27685307, 27685307, 27685307, 27685307, 27685307, 27685307, 27512576, 27512576, 27512576, 27512576, 27512576, 27512576, 27512576, 27512576, 27512576, 27512576, 27512576, 27512576, 27512576, 27512576, 27512576, 27278932, 27278932, 27232760, 27232760, 27232760, 27232760, 27232760, 27232760, 27232760, 27232760, 27232760, 27232760, 27232760, 27232760, 27232760, 27232760, 27232760, 27232760, 27232760, 27232760, 27232760, 27232760, 27103283, 27103283, 27103283, 27103283, 27103283, 27103283, 27103283, 27103283, 27103283, 27061067, 27061067, 26859940, 26859940, 26859940, 26759908, 26759908, 26759908, 26759908, 26759908, 26759908, 26759908, 26759908, 26726923, 26726923, 26726923, 26726923, 26726923, 26726923, 26726923, 26726923, 26726923, 26726923, 26726923, 26726923, 26726923, 26726923, 26726923, 26726923, 26726923, 26695203, 26695203, 26695203, 26695203, 26695203, 26695203, 26695203, 26695203, 26695203, 26695203, 26695203, 26615821, 26615821, 26615821, 26615821, 26615821, 26615821, 26615821, 26615821, 26615821, 26615821, 26615821, 26615821, 26615821, 26615821, 26615821, 26615821, 26615821, 26615821, 26615821, 26553020, 26553020]",0,0,0,NPU,0,0,0,0,0,0,1.0,hot,0,0,0,0,1.0,0
0,211,meta-llama/Llama-3.1-8B,201,432,19696831776,187596208685,167899376909,147566584399,147846568332,87186124,"[28272208, 28272208, 847437029, 86733081, 987144175, 29816016, 1734987968, 29746454, 1578815028, 29498668, 29498668, 29498668, 1946550828, 95381124, 28875556, 28875556, 28875556, 28107904, 28107904, 28680716, 2524687449, 26859940, 2357687255, 27278932, 27278932, 132123216, 28114176, 391690126, 27761521, 27761521, 27761521, 27761521, 27761521, 27761521, 27761521, 27761521, 27761521, 27761521, 27761521, 27761521, 27761521, 27761521, 27761521, 27766321, 27766321, 27766321, 27766321, 27766321, 27766321, 27766321, 27766321, 27766321, 27766321, 27766321, 130539331, 502317996, 27773145, 27773145, 27773145, 27773145, 27773145, 27773145, 27773145, 27773145, 27773145, 27773145, 27773145, 27773145, 452589870, 26859940, 403703364, 27684411, 27684411, 27684411, 27684411, 27684411, 27684411, 27684411, 27684411, 27684411, 27684411, 27684411, 27684411, 27684411, 27684411, 27685307, 27685307, 27685307, 27685307, 27685307, 27685307, 27685307, 27685307, 27685307, 27685307, 27685307, 27685307, 27685307, 27685307, 27685307, 27685307, 27685307, 27685307, 27685307, 27685307, 27685307, 27685307, 27685307, 27685307, 27685307, 27685307, 27685307, 27685307, 27685307, 27512576, 27512576, 27512576, 27512576, 27512576, 27512576, 27512576, 27512576, 27512576, 27512576, 27512576, 27512576, 27512576, 27512576, 27512576, 27278932, 27278932, 27232760, 27232760, 27232760, 27232760, 27232760, 27232760, 27232760, 27232760, 27232760, 27232760, 27232760, 27232760, 27232760, 27232760, 27232760, 27232760, 27232760, 27232760, 27232760, 27232760, 27103283, 27103283, 27103283, 27103283, 27103283, 27103283, 27103283, 27103283, 27103283, 27061067, 27061067, 26859940, 26859940, 26859940, 26759908, 26759908, 26759908, 26759908, 26759908, 26759908, 26759908, 26759908, 26726923, 26726923, 26726923, 26726923, 26726923, 26726923, 26726923, 26726923, 26726923, 26726923, 26726923, 26726923, 26726923, 26726923, 26726923, 26726923, 26726923, 26695203, 26695203, 26695203, 26695203, 26695203, 26695203, 26695203, 26695203, 26695203, 26695203, 26695203, 26615821, 26615821, 26615821, 26615821, 26615821, 26615821, 26615821, 26615821, 26615821, 26615821, 26615821, 26615821, 26615821, 26615821, 26615821, 26615821, 26615821, 26615821, 26615821, 26553020, 26553020, 26349776, 26349776, 26349776, 26349776, 26349776, 26349776, 26349776, 26444528]",0,0,0,NPU,0,0,0,0,0,0,1.0,hot,0,0,0,0,1.0,0
0,229,meta-llama/Llama-3.1-8B,1607,1609,21489225022,187935815266,166446590244,166106983663,166419799265,26790979,[26790979],0,0,0,NPU,0,0,0,0,0,0,1.0,hot,0,0,0,0,1.0,0
0,196,meta-llama/Llama-3.1-8B,416,827,18312850237,188829048004,170516197767,126999632772,127145236392,105782832,"[28501850, 28501850, 28501850, 28501850, 28501850, 248785899, 28680716, 4322405060, 312387199, 1487985832, 28501850, 28501850, 28501850, 28501850, 28501850, 28501850, 28501850, 28501850, 28501850, 28501850, 27094547, 854401861, 28422327, 28422327, 28422327, 28422327, 28422327, 1192191576, 27766321, 1618006685, 28272208, 26786947, 26786947, 538561266, 28107904, 28107904, 28107904, 28107904, 28107904, 26786947, 26786947, 26786947, 5861546002, 27232760, 27232760, 27232760, 698407509, 27685307, 27685307, 27685307, 27685307, 27685307, 27685307, 27685307, 27685307, 27061067, 2898896720, 27512576, 27512576, 27512576, 27512576, 26786947, 26786947, 212844776, 27278932, 27278932, 27278932, 27278932, 279983933, 28272208, 28272208, 847437029, 86733081, 26044318, 25782115, 25782115, 25814973, 883720654, 29816016, 1734987968, 29746454, 26171806, 26171806, 26171806, 1500299610, 29498668, 29498668, 29498668, 26360054, 26360054, 26360054, 26360054, 26360054, 1814750558, 95381124, 28875556, 28875556, 28875556, 28107904, 28107904, 28680716, 26363542, 25850435, 25850435, 25916061, 25850435, 25850435, 25850435, 25850435, 1950866567, 26363542, 26363542, 26097524, 26097524, 26097524, 26097524, 26042517, 26042517, 26042517, 26042517, 26042517, 26042517, 26042517, 27023870, 26859940, 1256890512, 26445624, 389220764, 26421342, 26421342, 26421342, 26421342, 26421342, 26421342, 26421342, 26368885, 26368885, 26368885, 26368885, 26049543, 26049543, 26049543, 26273784, 290283008, 27278932, 27278932, 25921863, 25921863, 25921863, 25987489, 28370138, 28114176, 25782115, 25782115, 25782115, 25846330, 25846330, 25846330, 25829685, 210975106, 27761521, 27761521, 27761521, 27761521, 27761521, 27761521, 27761521, 27761521, 27761521, 27761521, 27761521, 27761521, 27761521, 27761521, 27761521, 27766321, 27766321, 27766321, 27766321, 27766321, 27766321, 27766321, 27766321, 27766321, 27766321, 27766321, 25884336, 25820922, 25820922, 25820922, 27192229, 421774907, 26253855, 26253855, 28035379, 27773145, 27773145, 27773145, 27773145, 27773145, 27773145, 27773145, 27773145, 27773145, 27773145, 27773145, 27773145, 452589870, 26859940, 26171806, 26898709, 26898709, 26898709, 26898709, 26898709, 26898709, 26898709, 26898709, 26898709, 26898709, 26898709, 26898709, 26898709, 27848341, 27684411, 27684411, 27684411, 27684411, 27684411, 27684411, 27684411, 27684411, 27684411, 27684411, 27684411, 27684411, 27684411, 27684411, 27685307, 27685307, 27685307, 27685307, 27685307, 27685307, 27685307, 27685307, 27685307, 27685307, 27685307, 27685307, 27685307, 27685307, 27685307, 27685307, 27685307, 27685307, 27685307, 27685307, 27685307, 27685307, 27685307, 27685307, 27685307, 27685307, 27685307, 27685307, 27685307, 27512576, 27512576, 27512576, 27512576, 27512576, 27512576, 27512576, 27512576, 27512576, 27512576, 27512576, 27512576, 27512576, 27512576, 27512576, 27278932, 27278932, 27232760, 27232760, 27232760, 27232760, 27232760, 27232760, 27232760, 27232760, 27232760, 27232760, 27232760, 27232760, 27232760, 27232760, 27232760, 27232760, 27232760, 27232760, 27232760, 27232760, 27103283, 27103283, 27103283, 27103283, 27103283, 27103283, 27103283, 27103283, 27103283, 27061067, 27061067, 26859940, 26859940, 26859940, 26759908, 26759908, 26759908, 26759908, 26759908, 26759908, 26759908, 26759908, 26726923, 26726923, 26726923, 26726923, 26726923, 26726923, 26726923, 26726923, 26726923, 26726923, 26726923, 26726923, 26726923, 26726923, 26726923, 26726923, 26726923, 26695203, 26695203, 26695203, 26695203, 26695203, 26695203, 26695203, 26695203, 26695203, 26695203, 26695203, 26615821, 26615821, 26615821, 26615821, 26615821, 26615821, 26615821, 26615821, 26615821, 26615821, 26615821, 26615821, 26615821, 26615821, 26615821, 26615821, 26615821, 26615821, 26615821, 26553020, 26553020, 26349776, 26349776, 26349776, 26349776, 26349776, 26349776, 26349776, 26444528, 312815602, 26790979, 267298250, 27278932, 27278932, 25668423, 25668423, 25668423, 26016091, 26016091, 26016091, 26016091, 26016091, 26016091, 26016091, 26016091, 26081717, 26016091, 26016091, 26016091, 26016091, 26016091, 26016091, 26016091, 26016091, 26016091, 26016091]",0,0,0,NPU,0,0,0,0,0,0,1.0,hot,0,0,0,0,1.0,0
0,214,meta-llama/Llama-3.1-8B,30,270,19952312638,189082433058,169130120420,147311103537,147591087470,90121476,"[28272208, 28272208, 847437029, 86733081, 987144175, 29816016, 1734987968, 29746454, 1578815028, 29498668, 29498668, 29498668, 1946550828, 95381124, 28875556, 28875556, 28875556, 28107904, 28107904, 28680716, 4909234644, 27278932, 27278932, 132123216, 28114176, 391690126, 27761521, 27761521, 27761521, 27761521, 27761521, 27761521, 27761521, 27761521, 27761521, 27761521, 27761521, 27761521, 27761521, 27761521, 27761521, 27766321, 27766321, 27766321, 27766321, 27766321, 27766321, 27766321, 27766321, 27766321, 27766321, 27766321, 130539331, 502317996, 27773145, 27773145, 27773145, 27773145, 27773145, 27773145, 27773145, 27773145, 27773145, 27773145, 27773145, 27773145, 452589870, 26859940, 403703364, 27684411, 27684411, 27684411, 27684411, 27684411, 27684411, 27684411, 27684411, 27684411, 27684411, 27684411, 27684411, 27684411, 27684411, 27685307, 27685307, 27685307, 27685307, 27685307, 27685307, 27685307, 27685307, 27685307, 27685307, 27685307, 27685307, 27685307, 27685307, 27685307, 27685307, 27685307, 27685307, 27685307, 27685307, 27685307, 27685307, 27685307, 27685307, 27685307, 27685307, 27685307, 27685307, 27685307, 27512576, 27512576, 27512576, 27512576, 27512576, 27512576, 27512576, 27512576, 27512576, 27512576, 27512576, 27512576, 27512576, 27512576, 27512576, 27278932, 27278932, 27232760, 27232760, 27232760, 27232760, 27232760, 27232760, 27232760, 27232760, 27232760, 27232760, 27232760, 27232760, 27232760, 27232760, 27232760, 27232760, 27232760, 27232760, 27232760, 27232760, 27103283, 27103283, 27103283, 27103283, 27103283, 27103283, 27103283, 27103283, 27103283, 27061067, 27061067, 26859940, 26859940, 26859940, 26759908, 26759908, 26759908, 26759908, 26759908, 26759908, 26759908, 26759908, 26726923, 26726923, 26726923, 26726923, 26726923, 26726923, 26726923, 26726923, 26726923, 26726923, 26726923, 26726923, 26726923, 26726923, 26726923, 26726923, 26726923, 26695203, 26695203, 26695203, 26695203, 26695203, 26695203, 26695203, 26695203, 26695203, 26695203, 26695203, 26615821, 26615821, 26615821, 26615821, 26615821, 26615821, 26615821, 26615821, 26615821, 26615821, 26615821, 26615821, 26615821, 26615821, 26615821, 26615821, 26615821, 26615821, 26615821, 26553020, 26553020, 26349776, 26349776, 26349776, 26349776, 26349776, 26349776, 26349776, 26444528, 312815602, 26790979, 267298250, 27278932, 27278932, 684215886, 28107904, 28107904, 28107904, 28107904, 28114176]",0,0,0,CXL,0,20971520,0,20971520,20971520,20971520,1.0,hot,0,0,0,0,1.0,41943040
0,199,meta-llama/Llama-3.1-8B,12,395,18909729446,190181229169,171271499723,126402753563,126548357183,117076289,"[28501850, 28501850, 28501850, 28501850, 28501850, 248785899, 28680716, 4322405060, 312387199, 1487985832, 28501850, 28501850, 28501850, 28501850, 28501850, 28501850, 28501850, 28501850, 28501850, 28501850, 881496408, 28422327, 28422327, 28422327, 28422327, 28422327, 1192191576, 27766321, 1618006685, 28272208, 592135160, 28107904, 28107904, 28107904, 28107904, 28107904, 5941906843, 27232760, 27232760, 27232760, 698407509, 27685307, 27685307, 27685307, 27685307, 27685307, 27685307, 27685307, 27685307, 27061067, 2898896720, 27512576, 27512576, 27512576, 27512576, 26786947, 26786947, 212844776, 27278932, 27278932, 27278932, 27278932, 279983933, 28272208, 28272208, 847437029, 86733081, 987144175, 29816016, 1734987968, 29746454, 1578815028, 29498668, 29498668, 29498668, 26360054, 26360054, 26360054, 26360054, 26360054, 1814750558, 95381124, 28875556, 28875556, 28875556, 28107904, 28107904, 28680716, 26363542, 25850435, 25850435, 25916061, 25850435, 25850435, 25850435, 25850435, 1950866567, 26363542, 26363542, 313711585, 26859940, 1256890512, 26445624, 389220764, 26421342, 26421342, 26421342, 26421342, 26421342, 26421342, 26421342, 209897953, 290283008, 27278932, 27278932, 132123216, 28114176, 25782115, 25782115, 25782115, 25846330, 25846330, 25846330, 236804791, 27761521, 27761521, 27761521, 27761521, 27761521, 27761521, 27761521, 27761521, 27761521, 27761521, 27761521, 27761521, 27761521, 27761521, 27761521, 27766321, 27766321, 27766321, 27766321, 27766321, 27766321, 27766321, 27766321, 27766321, 27766321, 27766321, 25884336, 25820922, 25820922, 25820922, 27192229, 502317996, 27773145, 27773145, 27773145, 27773145, 27773145, 27773145, 27773145, 27773145, 27773145, 27773145, 27773145, 27773145, 452589870, 26859940, 26171806, 377531558, 27684411, 27684411, 27684411, 27684411, 27684411, 27684411, 27684411, 27684411, 27684411, 27684411, 27684411, 27684411, 27684411, 27684411, 27685307, 27685307, 27685307, 27685307, 27685307, 27685307, 27685307, 27685307, 27685307, 27685307, 27685307, 27685307, 27685307, 27685307, 27685307, 27685307, 27685307, 27685307, 27685307, 27685307, 27685307, 27685307, 27685307, 27685307, 27685307, 27685307, 27685307, 27685307, 27685307, 27512576, 27512576, 27512576, 27512576, 27512576, 27512576, 27512576, 27512576, 27512576, 27512576, 27512576, 27512576, 27512576, 27512576, 27512576, 27278932, 27278932, 27232760, 27232760, 27232760, 27232760, 27232760, 27232760, 27232760, 27232760, 27232760, 27232760, 27232760, 27232760, 27232760, 27232760, 27232760, 27232760, 27232760, 27232760, 27232760, 27232760, 27103283, 27103283, 27103283, 27103283, 27103283, 27103283, 27103283, 27103283, 27103283, 27061067, 27061067, 26859940, 26859940, 26859940, 26759908, 26759908, 26759908, 26759908, 26759908, 26759908, 26759908, 26759908, 26726923, 26726923, 26726923, 26726923, 26726923, 26726923, 26726923, 26726923, 26726923, 26726923, 26726923, 26726923, 26726923, 26726923, 26726923, 26726923, 26726923, 26695203, 26695203, 26695203, 26695203, 26695203, 26695203, 26695203, 26695203, 26695203, 26695203, 26695203, 26615821, 26615821, 26615821, 26615821, 26615821, 26615821, 26615821, 26615821, 26615821, 26615821, 26615821, 26615821, 26615821, 26615821, 26615821, 26615821, 26615821, 26615821, 26615821, 26553020, 26553020, 26349776, 26349776, 26349776, 26349776, 26349776, 26349776, 26349776, 26444528, 312815602, 26790979, 267298250, 27278932, 27278932, 25668423, 25668423, 25668423, 607210617, 28107904, 28107904, 28107904, 28107904, 28114176, 27766321, 27766321, 27766321, 27766321, 27766321, 27766321, 27766321, 27766321, 27766321, 27766321, 155638859, 25536603, 25536603, 25536603, 25536603, 25536603, 25536603, 25536603, 25536603, 25536603, 25536603, 25536603, 25536603, 25536603, 25536603, 25536603, 25957944, 25859550, 25335007, 25674687, 25674687, 25674687, 25674687, 25648437, 25648437, 25648437, 25648437]",0,0,0,CXL,0,31457280,0,31457280,31457280,31457280,1.0,hot,0,0,0,0,1.0,62914560
0,239,meta-llama/Llama-3.1-8B,46,66,22179803300,190209166244,168029362944,165756011966,166023310216,105581722,"[27278932, 27278932, 684215886, 28107904, 28107904, 28107904, 28107904, 28114176, 27766321, 27766321, 27766321, 27766321, 27766321, 27766321, 27766321, 27766321, 27766321, 27766321, 849069976]",0,0,0,NPU,0,0,0,0,0,0,1.0,hot,0,0,0,0,1.0,0
0,222,meta-llama/Llama-3.1-8B,34,278,20651088710,190347592779,169696504069,147796292843,147883025924,89767399,"[987144175, 29816016, 1734987968, 29746454, 1578815028, 29498668, 29498668, 29498668, 1946550828, 95381124, 28875556, 28875556, 28875556, 84896524, 5095915724, 28114176, 391690126, 27761521, 27761521, 27761521, 27761521, 27761521, 27761521, 27761521, 27761521, 27761521, 27761521, 27761521, 27761521, 27761521, 27761521, 27761521, 27766321, 27766321, 27766321, 27766321, 27766321, 27766321, 27766321, 27766321, 27766321, 27766321, 27766321, 632857327, 27773145, 27773145, 27773145, 27773145, 27773145, 27773145, 27773145, 27773145, 27773145, 27773145, 27773145, 27773145, 883153174, 27684411, 27684411, 27684411, 27684411, 27684411, 27684411, 27684411, 27684411, 27684411, 27684411, 27684411, 27684411, 27684411, 27684411, 27685307, 27685307, 27685307, 27685307, 27685307, 27685307, 27685307, 27685307, 27685307, 27685307, 27685307, 27685307, 27685307, 27685307, 27685307, 27685307, 27685307, 27685307, 27685307, 27685307, 27685307, 27685307, 27685307, 27685307, 27685307, 27685307, 27685307, 27685307, 27685307, 27512576, 27512576, 27512576, 27512576, 27512576, 27512576, 27512576, 27512576, 27512576, 27512576, 27512576, 27512576, 27512576, 27512576, 27512576, 27278932, 27278932, 27232760, 27232760, 27232760, 27232760, 27232760, 27232760, 27232760, 27232760, 27232760, 27232760, 27232760, 27232760, 27232760, 27232760, 27232760, 27232760, 27232760, 27232760, 27232760, 27232760, 27103283, 27103283, 27103283, 27103283, 27103283, 27103283, 27103283, 27103283, 27103283, 27061067, 27061067, 26859940, 26859940, 26859940, 26759908, 26759908, 26759908, 26759908, 26759908, 26759908, 26759908, 26759908, 26726923, 26726923, 26726923, 26726923, 26726923, 26726923, 26726923, 26726923, 26726923, 26726923, 26726923, 26726923, 26726923, 26726923, 26726923, 26726923, 26726923, 26695203, 26695203, 26695203, 26695203, 26695203, 26695203, 26695203, 26695203, 26695203, 26695203, 26695203, 26615821, 26615821, 26615821, 26615821, 26615821, 26615821, 26615821, 26615821, 26615821, 26615821, 26615821, 26615821, 26615821, 26615821, 26615821, 26615821, 26615821, 26615821, 26615821, 26553020, 26553020, 26349776, 26349776, 26349776, 26349776, 26349776, 26349776, 26349776, 26444528, 312815602, 26790979, 267298250, 27278932, 27278932, 684215886, 28107904, 28107904, 28107904, 28107904, 28114176, 27766321, 27766321, 27766321, 27766321, 27766321, 27766321, 27766321, 27766321, 27766321, 27766321, 849069976, 27685307, 27685307, 27685307, 27685307, 27685307]",0,0,0,CXL,0,8388608,0,8388608,8388608,8388608,1.0,hot,0,0,0,0,1.0,16777216
0,200,meta-llama/Llama-3.1-8B,12,400,19012460515,190760281419,171747820904,126300022494,126445626114,117059934,"[28501850, 28501850, 28501850, 28501850, 28501850, 248785899, 28680716, 4322405060, 312387199, 1487985832, 28501850, 28501850, 28501850, 28501850, 28501850, 28501850, 28501850, 28501850, 28501850, 28501850, 881496408, 28422327, 28422327, 28422327, 28422327, 28422327, 1192191576, 27766321, 1618006685, 28272208, 592135160, 28107904, 28107904, 28107904, 28107904, 28107904, 5941906843, 27232760, 27232760, 27232760, 698407509, 27685307, 27685307, 27685307, 27685307, 27685307, 27685307, 27685307, 27685307, 27061067, 2898896720, 27512576, 27512576, 27512576, 27512576, 26786947, 26786947, 212844776, 27278932, 27278932, 27278932, 27278932, 279983933, 28272208, 28272208, 847437029, 86733081, 987144175, 29816016, 1734987968, 29746454, 1578815028, 29498668, 29498668, 29498668, 26360054, 26360054, 26360054, 26360054, 26360054, 1814750558, 95381124, 28875556, 28875556, 28875556, 28107904, 28107904, 28680716, 26363542, 25850435, 25850435, 25916061, 25850435, 25850435, 25850435, 25850435, 1950866567, 26363542, 26363542, 313711585, 26859940, 1256890512, 26445624, 389220764, 26421342, 26421342, 26421342, 26421342, 26421342, 26421342, 26421342, 209897953, 290283008, 27278932, 27278932, 132123216, 28114176, 25782115, 25782115, 25782115, 25846330, 25846330, 25846330, 236804791, 27761521, 27761521, 27761521, 27761521, 27761521, 27761521, 27761521, 27761521, 27761521, 27761521, 27761521, 27761521, 27761521, 27761521, 27761521, 27766321, 27766321, 27766321, 27766321, 27766321, 27766321, 27766321, 27766321, 27766321, 27766321, 27766321, 25884336, 25820922, 25820922, 25820922, 27192229, 502317996, 27773145, 27773145, 27773145, 27773145, 27773145, 27773145, 27773145, 27773145, 27773145, 27773145, 27773145, 27773145, 452589870, 26859940, 26171806, 377531558, 27684411, 27684411, 27684411, 27684411, 27684411, 27684411, 27684411, 27684411, 27684411, 27684411, 27684411, 27684411, 27684411, 27684411, 27685307, 27685307, 27685307, 27685307, 27685307, 27685307, 27685307, 27685307, 27685307, 27685307, 27685307, 27685307, 27685307, 27685307, 27685307, 27685307, 27685307, 27685307, 27685307, 27685307, 27685307, 27685307, 27685307, 27685307, 27685307, 27685307, 27685307, 27685307, 27685307, 27512576, 27512576, 27512576, 27512576, 27512576, 27512576, 27512576, 27512576, 27512576, 27512576, 27512576, 27512576, 27512576, 27512576, 27512576, 27278932, 27278932, 27232760, 27232760, 27232760, 27232760, 27232760, 27232760, 27232760, 27232760, 27232760, 27232760, 27232760, 27232760, 27232760, 27232760, 27232760, 27232760, 27232760, 27232760, 27232760, 27232760, 27103283, 27103283, 27103283, 27103283, 27103283, 27103283, 27103283, 27103283, 27103283, 27061067, 27061067, 26859940, 26859940, 26859940, 26759908, 26759908, 26759908, 26759908, 26759908, 26759908, 26759908, 26759908, 26726923, 26726923, 26726923, 26726923, 26726923, 26726923, 26726923, 26726923, 26726923, 26726923, 26726923, 26726923, 26726923, 26726923, 26726923, 26726923, 26726923, 26695203, 26695203, 26695203, 26695203, 26695203, 26695203, 26695203, 26695203, 26695203, 26695203, 26695203, 26615821, 26615821, 26615821, 26615821, 26615821, 26615821, 26615821, 26615821, 26615821, 26615821, 26615821, 26615821, 26615821, 26615821, 26615821, 26615821, 26615821, 26615821, 26615821, 26553020, 26553020, 26349776, 26349776, 26349776, 26349776, 26349776, 26349776, 26349776, 26444528, 312815602, 26790979, 267298250, 27278932, 27278932, 25668423, 25668423, 25668423, 607210617, 28107904, 28107904, 28107904, 28107904, 28114176, 27766321, 27766321, 27766321, 27766321, 27766321, 27766321, 27766321, 27766321, 27766321, 27766321, 564645848, 25859550, 25335007, 25674687, 25674687, 25674687, 25674687, 25648437, 25648437, 25648437, 25648437, 27937075, 27685307, 27685307, 27685307, 27685307, 27685307, 27512576, 27512576, 27512576, 27512576, 27512576, 27512576, 27512576, 27512576, 27512576, 27512576, 27512576, 27512576, 27512576, 27512576, 27512576]",0,0,0,CXL,0,20971520,0,20971520,20971520,20971520,1.0,hot,0,0,0,0,1.0,41943040
0,225,meta-llama/Llama-3.1-8B,160,427,20755716374,191005791807,170250075433,148521542245,148765542435,80768921,"[29816016, 1734987968, 29746454, 1578815028, 29498668, 29498668, 29498668, 1946550828, 95381124, 28875556, 28875556, 28875556, 84896524, 5095915724, 28114176, 391690126, 27761521, 27761521, 27761521, 27761521, 27761521, 27761521, 27761521, 27761521, 27761521, 27761521, 27761521, 27761521, 27761521, 27761521, 27761521, 27766321, 27766321, 27766321, 27766321, 27766321, 27766321, 27766321, 27766321, 27766321, 27766321, 27766321, 632857327, 27773145, 27773145, 27773145, 27773145, 27773145, 27773145, 27773145, 27773145, 27773145, 27773145, 27773145, 27773145, 883153174, 27684411, 27684411, 27684411, 27684411, 27684411, 27684411, 27684411, 27684411, 27684411, 27684411, 27684411, 27684411, 27684411, 27684411, 27685307, 27685307, 27685307, 27685307, 27685307, 27685307, 27685307, 27685307, 27685307, 27685307, 27685307, 27685307, 27685307, 27685307, 27685307, 27685307, 27685307, 27685307, 27685307, 27685307, 27685307, 27685307, 27685307, 27685307, 27685307, 27685307, 27685307, 27685307, 27685307, 27512576, 27512576, 27512576, 27512576, 27512576, 27512576, 27512576, 27512576, 27512576, 27512576, 27512576, 27512576, 27512576, 27512576, 27512576, 27278932, 27278932, 27232760, 27232760, 27232760, 27232760, 27232760, 27232760, 27232760, 27232760, 27232760, 27232760, 27232760, 27232760, 27232760, 27232760, 27232760, 27232760, 27232760, 27232760, 27232760, 27232760, 27103283, 27103283, 27103283, 27103283, 27103283, 27103283, 27103283, 27103283, 27103283, 27061067, 27061067, 26859940, 26859940, 26859940, 26759908, 26759908, 26759908, 26759908, 26759908, 26759908, 26759908, 26759908, 26726923, 26726923, 26726923, 26726923, 26726923, 26726923, 26726923, 26726923, 26726923, 26726923, 26726923, 26726923, 26726923, 26726923, 26726923, 26726923, 26726923, 26695203, 26695203, 26695203, 26695203, 26695203, 26695203, 26695203, 26695203, 26695203, 26695203, 26695203, 26615821, 26615821, 26615821, 26615821, 26615821, 26615821, 26615821, 26615821, 26615821, 26615821, 26615821, 26615821, 26615821, 26615821, 26615821, 26615821, 26615821, 26615821, 26615821, 26553020, 26553020, 26349776, 26349776, 26349776, 26349776, 26349776, 26349776, 26349776, 26444528, 312815602, 26790979, 267298250, 27278932, 27278932, 684215886, 28107904, 28107904, 28107904, 28107904, 28114176, 27766321, 27766321, 27766321, 27766321, 27766321, 27766321, 27766321, 27766321, 27766321, 27766321, 849069976, 27685307, 27685307, 27685307, 27685307, 27685307, 27512576, 27512576, 27512576, 27512576, 27512576, 27512576, 27512576, 27512576, 27512576, 27512576, 27512576, 27512576, 27512576, 27512576, 27512576, 27278932, 27278932, 27278932, 27278932, 27278932, 27278932, 27278932, 27278932, 27278932]",0,0,0,NPU,0,0,0,0,0,0,1.0,hot,0,0,0,0,1.0,0
0,209,meta-llama/Llama-3.1-8B,768,1060,19499530464,191278119407,171778588943,147763885711,148043869644,81562609,"[28272208, 28272208, 847437029, 86733081, 987144175, 29816016, 1734987968, 29746454, 1578815028, 29498668, 29498668, 29498668, 1946550828, 95381124, 28875556, 28875556, 28875556, 28107904, 28107904, 28680716, 2524687449, 26859940, 2357687255, 27278932, 27278932, 132123216, 28114176, 391690126, 27761521, 27761521, 27761521, 27761521, 27761521, 27761521, 27761521, 27761521, 27761521, 27761521, 27761521, 27761521, 27761521, 27761521, 27761521, 27766321, 27766321, 27766321, 27766321, 27766321, 27766321, 27766321, 27766321, 27766321, 27766321, 27766321, 130539331, 502317996, 27773145, 27773145, 27773145, 27773145, 27773145, 27773145, 27773145, 27773145, 27773145, 27773145, 27773145, 27773145, 452589870, 26859940, 403703364, 27684411, 27684411, 27684411, 27684411, 27684411, 27684411, 27684411, 27684411, 27684411, 27684411, 27684411, 27684411, 27684411, 27684411, 27685307, 27685307, 27685307, 27685307, 27685307, 27685307, 27685307, 27685307, 27685307, 27685307, 27685307, 27685307, 27685307, 27685307, 27685307, 27685307, 27685307, 27685307, 27685307, 27685307, 27685307, 27685307, 27685307, 27685307, 27685307, 27685307, 27685307, 27685307, 27685307, 27512576, 27512576, 27512576, 27512576, 27512576, 27512576, 27512576, 27512576, 27512576, 27512576, 27512576, 27512576, 27512576, 27512576, 27512576, 27278932, 27278932, 27232760, 27232760, 27232760, 27232760, 27232760, 27232760, 27232760, 27232760, 27232760, 27232760, 27232760, 27232760, 27232760, 27232760, 27232760, 27232760, 27232760, 27232760, 27232760, 27232760, 27103283, 27103283, 27103283, 27103283, 27103283, 27103283, 27103283, 27103283, 27103283, 27061067, 27061067, 26859940, 26859940, 26859940, 26759908, 26759908, 26759908, 26759908, 26759908, 26759908, 26759908, 26759908, 26726923, 26726923, 26726923, 26726923, 26726923, 26726923, 26726923, 26726923, 26726923, 26726923, 26726923, 26726923, 26726923, 26726923, 26726923, 26726923, 26726923, 26695203, 26695203, 26695203, 26695203, 26695203, 26695203, 26695203, 26695203, 26695203, 26695203, 26695203, 26615821, 26615821, 26615821, 26615821, 26615821, 26615821, 26615821, 26615821, 26615821, 26615821, 26615821, 26615821, 26615821, 26615821, 26615821, 26615821, 26615821, 26615821, 26615821, 26553020, 26553020, 26349776, 26349776, 26349776, 26349776, 26349776, 26349776, 26349776, 26444528, 312815602, 26790979, 267298250, 27278932, 27278932, 684215886, 28107904, 28107904, 28107904, 28107904, 28114176, 27766321, 27766321, 27766321, 27766321, 27766321, 27766321, 27766321, 27766321, 27766321, 27766321, 849069976, 27685307, 27685307, 27685307, 27685307, 27685307, 27512576, 27512576, 27512576, 27512576, 27512576, 27512576, 27512576, 27512576, 27512576, 27512576, 27512576, 27512576, 27512576, 27512576, 27512576, 27278932, 27278932, 27278932, 27278932, 27278932, 27278932, 27278932, 27278932, 27278932, 27232760, 27232760, 27232760, 27232760, 27232760, 27232760, 27232760, 27232760, 27232760, 27232760]",0,0,0,NPU,0,0,0,0,0,0,1.0,hot,0,0,0,0,1.0,0
0,243,meta-llama/Llama-3.1-8B,106,164,23062247582,191493613670,168431366088,165766800422,165879639684,44767129,"[28107904, 28107904, 28107904, 28107904, 28114176, 27766321, 27766321, 27766321, 27766321, 27766321, 27766321, 27766321, 27766321, 27766321, 27766321, 849069976, 27685307, 27685307, 27685307, 27685307, 27685307, 27512576, 27512576, 27512576, 27512576, 27512576, 27512576, 27512576, 27512576, 27512576, 27512576, 27512576, 27512576, 27512576, 27512576, 27512576, 27278932, 27278932, 27278932, 27278932, 27278932, 27278932, 27278932, 27278932, 27278932, 27232760, 27232760, 27232760, 27232760, 27232760, 27232760, 27232760, 27232760, 27232760, 27232760, 188261503, 27232760]",0,0,0,NPU,0,0,0,0,0,0,1.0,hot,0,0,0,0,1.0,0
0,197,meta-llama/Llama-3.1-8B,16,489,18540259971,191602026802,173061766831,126772223038,126917826658,97762585,"[28501850, 28501850, 28501850, 28501850, 28501850, 248785899, 28680716, 4322405060, 312387199, 1487985832, 28501850, 28501850, 28501850, 28501850, 28501850, 28501850, 28501850, 28501850, 28501850, 28501850, 27094547, 854401861, 28422327, 28422327, 28422327, 28422327, 28422327, 1192191576, 27766321, 1618006685, 28272208, 592135160, 28107904, 28107904, 28107904, 28107904, 28107904, 26786947, 26786947, 26786947, 5861546002, 27232760, 27232760, 27232760, 698407509, 27685307, 27685307, 27685307, 27685307, 27685307, 27685307, 27685307, 27685307, 27061067, 2898896720, 27512576, 27512576, 27512576, 27512576, 26786947, 26786947, 212844776, 27278932, 27278932, 27278932, 27278932, 279983933, 28272208, 28272208, 847437029, 86733081, 26044318, 25782115, 25782115, 25814973, 883720654, 29816016, 1734987968, 29746454, 1578815028, 29498668, 29498668, 29498668, 26360054, 26360054, 26360054, 26360054, 26360054, 1814750558, 95381124, 28875556, 28875556, 28875556, 28107904, 28107904, 28680716, 26363542, 25850435, 25850435, 25916061, 25850435, 25850435, 25850435, 25850435, 1950866567, 26363542, 26363542, 26097524, 26097524, 26097524, 26097524, 209321489, 26859940, 1256890512, 26445624, 389220764, 26421342, 26421342, 26421342, 26421342, 26421342, 26421342, 26421342, 26368885, 26368885, 26368885, 26368885, 104422413, 290283008, 27278932, 27278932, 25921863, 25921863, 25921863, 25987489, 28370138, 28114176, 25782115, 25782115, 25782115, 25846330, 25846330, 25846330, 236804791, 27761521, 27761521, 27761521, 27761521, 27761521, 27761521, 27761521, 27761521, 27761521, 27761521, 27761521, 27761521, 27761521, 27761521, 27761521, 27766321, 27766321, 27766321, 27766321, 27766321, 27766321, 27766321, 27766321, 27766321, 27766321, 27766321, 25884336, 25820922, 25820922, 25820922, 27192229, 502317996, 27773145, 27773145, 27773145, 27773145, 27773145, 27773145, 27773145, 27773145, 27773145, 27773145, 27773145, 27773145, 452589870, 26859940, 26171806, 377531558, 27684411, 27684411, 27684411, 27684411, 27684411, 27684411, 27684411, 27684411, 27684411, 27684411, 27684411, 27684411, 27684411, 27684411, 27685307, 27685307, 27685307, 27685307, 27685307, 27685307, 27685307, 27685307, 27685307, 27685307, 27685307, 27685307, 27685307, 27685307, 27685307, 27685307, 27685307, 27685307, 27685307, 27685307, 27685307, 27685307, 27685307, 27685307, 27685307, 27685307, 27685307, 27685307, 27685307, 27512576, 27512576, 27512576, 27512576, 27512576, 27512576, 27512576, 27512576, 27512576, 27512576, 27512576, 27512576, 27512576, 27512576, 27512576, 27278932, 27278932, 27232760, 27232760, 27232760, 27232760, 27232760, 27232760, 27232760, 27232760, 27232760, 27232760, 27232760, 27232760, 27232760, 27232760, 27232760, 27232760, 27232760, 27232760, 27232760, 27232760, 27103283, 27103283, 27103283, 27103283, 27103283, 27103283, 27103283, 27103283, 27103283, 27061067, 27061067, 26859940, 26859940, 26859940, 26759908, 26759908, 26759908, 26759908, 26759908, 26759908, 26759908, 26759908, 26726923, 26726923, 26726923, 26726923, 26726923, 26726923, 26726923, 26726923, 26726923, 26726923, 26726923, 26726923, 26726923, 26726923, 26726923, 26726923, 26726923, 26695203, 26695203, 26695203, 26695203, 26695203, 26695203, 26695203, 26695203, 26695203, 26695203, 26695203, 26615821, 26615821, 26615821, 26615821, 26615821, 26615821, 26615821, 26615821, 26615821, 26615821, 26615821, 26615821, 26615821, 26615821, 26615821, 26615821, 26615821, 26615821, 26615821, 26553020, 26553020, 26349776, 26349776, 26349776, 26349776, 26349776, 26349776, 26349776, 26444528, 312815602, 26790979, 267298250, 27278932, 27278932, 25668423, 25668423, 25668423, 26016091, 26016091, 26016091, 26016091, 26016091, 26016091, 26016091, 26016091, 26081717, 26016091, 26016091, 26016091, 26016091, 26016091, 26016091, 26016091, 26016091, 26016091, 26016091, 112839262, 28107904, 28107904, 28107904, 28107904, 28114176, 27766321, 27766321, 27766321, 27766321, 27766321, 27766321, 27766321, 27766321, 27766321, 27766321, 26007326, 26007326, 26007326, 26007326, 26007326, 25602229, 25536603, 25536603, 25536603, 25536603, 25536603, 25536603, 25536603, 25536603, 25536603, 25536603, 25536603, 25536603, 25536603, 25536603, 25536603, 25957944, 25859550, 25335007, 25674687, 25674687, 25674687, 25674687, 25648437, 25648437, 25648437, 25648437, 27937075, 27685307, 27685307, 27685307, 27685307, 27685307, 27512576, 27512576, 27512576, 27512576, 27512576, 27512576, 27512576, 27512576, 27512576, 27512576, 27512576, 27512576, 27512576, 27512576, 27512576, 27278932, 27278932, 27278932, 27278932, 27278932, 27278932, 27278932, 27278932, 27278932, 27232760, 27232760, 27232760, 27232760, 27232760, 27232760, 27232760, 27232760, 27232760, 27232760, 188261503, 27232760, 27103283, 27103283, 27103283, 27103283]",0,0,0,CXL,0,23068672,0,23068672,23068672,23068672,1.0,hot,0,0,0,0,1.0,46137344
0,205,meta-llama/Llama-3.1-8B,66,457,19361875512,193293582720,173931707208,126238720367,126487506266,121651797,"[28680716, 4634792259, 1487985832, 28501850, 28501850, 28501850, 28501850, 28501850, 28501850, 28501850, 28501850, 28501850, 28501850, 881496408, 28422327, 28422327, 28422327, 28422327, 28422327, 1192191576, 27766321, 1618006685, 28272208, 592135160, 28107904, 28107904, 28107904, 28107904, 28107904, 6722012632, 27685307, 27685307, 27685307, 27685307, 27685307, 27685307, 27685307, 27685307, 2925957787, 27512576, 27512576, 27512576, 27512576, 266418670, 27278932, 27278932, 27278932, 27278932, 279983933, 28272208, 28272208, 847437029, 86733081, 987144175, 29816016, 1734987968, 29746454, 1578815028, 29498668, 29498668, 29498668, 1946550828, 95381124, 28875556, 28875556, 28875556, 28107904, 28107904, 28680716, 26363542, 2131885238, 26363542, 26363542, 313711585, 26859940, 1256890512, 26445624, 784068111, 290283008, 27278932, 27278932, 132123216, 28114176, 25782115, 25782115, 25782115, 314343781, 27761521, 27761521, 27761521, 27761521, 27761521, 27761521, 27761521, 27761521, 27761521, 27761521, 27761521, 27761521, 27761521, 27761521, 27761521, 27766321, 27766321, 27766321, 27766321, 27766321, 27766321, 27766321, 27766321, 27766321, 27766321, 27766321, 25884336, 104654995, 502317996, 27773145, 27773145, 27773145, 27773145, 27773145, 27773145, 27773145, 27773145, 27773145, 27773145, 27773145, 27773145, 452589870, 26859940, 26171806, 377531558, 27684411, 27684411, 27684411, 27684411, 27684411, 27684411, 27684411, 27684411, 27684411, 27684411, 27684411, 27684411, 27684411, 27684411, 27685307, 27685307, 27685307, 27685307, 27685307, 27685307, 27685307, 27685307, 27685307, 27685307, 27685307, 27685307, 27685307, 27685307, 27685307, 27685307, 27685307, 27685307, 27685307, 27685307, 27685307, 27685307, 27685307, 27685307, 27685307, 27685307, 27685307, 27685307, 27685307, 27512576, 27512576, 27512576, 27512576, 27512576, 27512576, 27512576, 27512576, 27512576, 27512576, 27512576, 27512576, 27512576, 27512576, 27512576, 27278932, 27278932, 27232760, 27232760, 27232760, 27232760, 27232760, 27232760, 27232760, 27232760, 27232760, 27232760, 27232760, 27232760, 27232760, 27232760, 27232760, 27232760, 27232760, 27232760, 27232760, 27232760, 27103283, 27103283, 27103283, 27103283, 27103283, 27103283, 27103283, 27103283, 27103283, 27061067, 27061067, 26859940, 26859940, 26859940, 26759908, 26759908, 26759908, 26759908, 26759908, 26759908, 26759908, 26759908, 26726923, 26726923, 26726923, 26726923, 26726923, 26726923, 26726923, 26726923, 26726923, 26726923, 26726923, 26726923, 26726923, 26726923, 26726923, 26726923, 26726923, 26695203, 26695203, 26695203, 26695203, 26695203, 26695203, 26695203, 26695203, 26695203, 26695203, 26695203, 26615821, 26615821, 26615821, 26615821, 26615821, 26615821, 26615821, 26615821, 26615821, 26615821, 26615821, 26615821, 26615821, 26615821, 26615821, 26615821, 26615821, 26615821, 26615821, 26553020, 26553020, 26349776, 26349776, 26349776, 26349776, 26349776, 26349776, 26349776, 26444528, 312815602, 26790979, 267298250, 27278932, 27278932, 25668423, 25668423, 25668423, 607210617, 28107904, 28107904, 28107904, 28107904, 28114176, 27766321, 27766321, 27766321, 27766321, 27766321, 27766321, 27766321, 27766321, 27766321, 27766321, 564645848, 25859550, 258564578, 27685307, 27685307, 27685307, 27685307, 27685307, 27512576, 27512576, 27512576, 27512576, 27512576, 27512576, 27512576, 27512576, 27512576, 27512576, 27512576, 27512576, 27512576, 27512576, 27512576, 27278932, 27278932, 27278932, 27278932, 27278932, 27278932, 27278932, 27278932, 27278932, 27232760, 27232760, 27232760, 27232760, 27232760, 27232760, 27232760, 27232760, 27232760, 27232760, 188261503, 27232760, 27103283, 27103283, 27103283, 27103283, 187670758, 27232760, 859072944, 26553020, 26553020, 25859550, 25859550, 25859550, 25674687, 25674687, 25674687, 25536603, 25536603, 25536603, 25536603, 25536603, 25536603, 25536603, 26215822, 26019124, 26019124, 25263093, 25263093, 25263093, 25263093, 25904021, 25904021]",0,0,0,CXL,0,12582912,0,12582912,12582912,12582912,1.0,hot,0,0,0,0,1.0,25165824
0,203,meta-llama/Llama-3.1-8B,13,574,19267702158,196357339851,177089637693,126044780851,126190384471,90891523,"[28501850, 28501850, 28501850, 28501850, 28501850, 248785899, 28680716, 4634792259, 1487985832, 28501850, 28501850, 28501850, 28501850, 28501850, 28501850, 28501850, 28501850, 28501850, 28501850, 881496408, 28422327, 28422327, 28422327, 28422327, 28422327, 1192191576, 27766321, 1618006685, 28272208, 592135160, 28107904, 28107904, 28107904, 28107904, 28107904, 5941906843, 27232760, 27232760, 27232760, 698407509, 27685307, 27685307, 27685307, 27685307, 27685307, 27685307, 27685307, 27685307, 27061067, 2898896720, 27512576, 27512576, 27512576, 27512576, 266418670, 27278932, 27278932, 27278932, 27278932, 279983933, 28272208, 28272208, 847437029, 86733081, 987144175, 29816016, 1734987968, 29746454, 1578815028, 29498668, 29498668, 29498668, 26360054, 26360054, 26360054, 26360054, 26360054, 1814750558, 95381124, 28875556, 28875556, 28875556, 28107904, 28107904, 28680716, 26363542, 2131885238, 26363542, 26363542, 313711585, 26859940, 1256890512, 26445624, 784068111, 290283008, 27278932, 27278932, 132123216, 28114176, 25782115, 25782115, 25782115, 314343781, 27761521, 27761521, 27761521, 27761521, 27761521, 27761521, 27761521, 27761521, 27761521, 27761521, 27761521, 27761521, 27761521, 27761521, 27761521, 27766321, 27766321, 27766321, 27766321, 27766321, 27766321, 27766321, 27766321, 27766321, 27766321, 27766321, 25884336, 104654995, 502317996, 27773145, 27773145, 27773145, 27773145, 27773145, 27773145, 27773145, 27773145, 27773145, 27773145, 27773145, 27773145, 452589870, 26859940, 26171806, 377531558, 27684411, 27684411, 27684411, 27684411, 27684411, 27684411, 27684411, 27684411, 27684411, 27684411, 27684411, 27684411, 27684411, 27684411, 27685307, 27685307, 27685307, 27685307, 27685307, 27685307, 27685307, 27685307, 27685307, 27685307, 27685307, 27685307, 27685307, 27685307, 27685307, 27685307, 27685307, 27685307, 27685307, 27685307, 27685307, 27685307, 27685307, 27685307, 27685307, 27685307, 27685307, 27685307, 27685307, 27512576, 27512576, 27512576, 27512576, 27512576, 27512576, 27512576, 27512576, 27512576, 27512576, 27512576, 27512576, 27512576, 27512576, 27512576, 27278932, 27278932, 27232760, 27232760, 27232760, 27232760, 27232760, 27232760, 27232760, 27232760, 27232760, 27232760, 27232760, 27232760, 27232760, 27232760, 27232760, 27232760, 27232760, 27232760, 27232760, 27232760, 27103283, 27103283, 27103283, 27103283, 27103283, 27103283, 27103283, 27103283, 27103283, 27061067, 27061067, 26859940, 26859940, 26859940, 26759908, 26759908, 26759908, 26759908, 26759908, 26759908, 26759908, 26759908, 26726923, 26726923, 26726923, 26726923, 26726923, 26726923, 26726923, 26726923, 26726923, 26726923, 26726923, 26726923, 26726923, 26726923, 26726923, 26726923, 26726923, 26695203, 26695203, 26695203, 26695203, 26695203, 26695203, 26695203, 26695203, 26695203, 26695203, 26695203, 26615821, 26615821, 26615821, 26615821, 26615821, 26615821, 26615821, 26615821, 26615821, 26615821, 26615821, 26615821, 26615821, 26615821, 26615821, 26615821, 26615821, 26615821, 26615821, 26553020, 26553020, 26349776, 26349776, 26349776, 26349776, 26349776, 26349776, 26349776, 26444528, 312815602, 26790979, 267298250, 27278932, 27278932, 25668423, 25668423, 25668423, 607210617, 28107904, 28107904, 28107904, 28107904, 28114176, 27766321, 27766321, 27766321, 27766321, 27766321, 27766321, 27766321, 27766321, 27766321, 27766321, 564645848, 25859550, 25335007, 25674687, 25674687, 25674687, 25674687, 130530823, 27685307, 27685307, 27685307, 27685307, 27685307, 27512576, 27512576, 27512576, 27512576, 27512576, 27512576, 27512576, 27512576, 27512576, 27512576, 27512576, 27512576, 27512576, 27512576, 27512576, 27278932, 27278932, 27278932, 27278932, 27278932, 27278932, 27278932, 27278932, 27278932, 27232760, 27232760, 27232760, 27232760, 27232760, 27232760, 27232760, 27232760, 27232760, 27232760, 188261503, 27232760, 27103283, 27103283, 27103283, 27103283, 187670758, 27232760, 26007326, 26007326, 26007326, 26007326, 26007326, 26007326, 26007326, 26007326, 26007326, 26007326, 26007326, 26007326, 26007326, 26007326, 26007326, 26007326, 26040184, 26007326, 26007326, 26007326, 26007326, 26007326, 26007326, 26007326, 26007326, 26007326, 26007326, 26007326, 26007326, 26007326, 26007326, 26007326, 26805654, 26553020, 26553020, 25859550, 25859550, 25859550, 25674687, 25674687, 25674687, 25536603, 25536603, 25536603, 25536603, 25536603, 25536603, 25536603, 26215822, 26019124, 26019124, 25263093, 25263093, 25263093, 25263093, 25904021, 25904021, 54119893, 27232760, 27232760, 25916533, 25916533, 25916533, 25916533, 26392184, 26359326, 26359326, 26359326, 26359326, 26359326, 26359326, 26359326, 26359326, 26359326, 26359326, 26359326, 26359326, 26359326, 26359326, 26359326, 26513706, 26349776, 25648437, 25648437, 25904021, 25904021, 25904021, 25904021, 25904021, 25679419, 25679419, 25679419, 25679419, 25679419, 25679419, 25679419, 25936180, 25739482, 25739482, 25739482, 25820922, 25820922, 25820922, 25674687, 25674687, 25674687, 25674687, 25674687, 25674687, 25732479, 25732479, 25732479, 26017620, 25820922, 25820922, 25820922, 25820922, 25820922, 25820922, 25916533, 25916533, 25916533, 25916533, 25916533, 25916533, 25487317, 25487317, 25487317, 26145999, 25916533, 25916533, 25668423, 25668423, 25668423, 25668423, 25668423, 25668423, 25668423, 25668423, 25668423, 25668423, 25668423, 25668423, 25969703, 26199169, 25969703, 25969703, 25969703, 25969703, 25969703, 25969703, 25969703, 25969703, 25969703, 25969703, 25969703, 25969703, 25969703, 25969703, 25969703, 26199169, 25969703, 25969703, 25969703, 25969703, 25969703, 25969703, 25969703, 25969703, 25969703, 25969703, 25969703, 25969703, 25969703]",0,0,0,CXL,0,20971520,0,20971520,20971520,20971520,1.0,hot,0,0,0,0,1.0,41943040
0,219,meta-llama/Llama-3.1-8B,10,464,20450067246,199308759453,178858692207,147997314307,148084047388,67935198,"[987144175, 29816016, 1734987968, 29746454, 1578815028, 29498668, 29498668, 29498668, 1946550828, 95381124, 28875556, 28875556, 28875556, 28107904, 28107904, 28680716, 4909234644, 27278932, 27278932, 132123216, 28114176, 391690126, 27761521, 27761521, 27761521, 27761521, 27761521, 27761521, 27761521, 27761521, 27761521, 27761521, 27761521, 27761521, 27761521, 27761521, 27761521, 27766321, 27766321, 27766321, 27766321, 27766321, 27766321, 27766321, 27766321, 27766321, 27766321, 27766321, 632857327, 27773145, 27773145, 27773145, 27773145, 27773145, 27773145, 27773145, 27773145, 27773145, 27773145, 27773145, 27773145, 883153174, 27684411, 27684411, 27684411, 27684411, 27684411, 27684411, 27684411, 27684411, 27684411, 27684411, 27684411, 27684411, 27684411, 27684411, 27685307, 27685307, 27685307, 27685307, 27685307, 27685307, 27685307, 27685307, 27685307, 27685307, 27685307, 27685307, 27685307, 27685307, 27685307, 27685307, 27685307, 27685307, 27685307, 27685307, 27685307, 27685307, 27685307, 27685307, 27685307, 27685307, 27685307, 27685307, 27685307, 27512576, 27512576, 27512576, 27512576, 27512576, 27512576, 27512576, 27512576, 27512576, 27512576, 27512576, 27512576, 27512576, 27512576, 27512576, 27278932, 27278932, 27232760, 27232760, 27232760, 27232760, 27232760, 27232760, 27232760, 27232760, 27232760, 27232760, 27232760, 27232760, 27232760, 27232760, 27232760, 27232760, 27232760, 27232760, 27232760, 27232760, 27103283, 27103283, 27103283, 27103283, 27103283, 27103283, 27103283, 27103283, 27103283, 27061067, 27061067, 26859940, 26859940, 26859940, 26759908, 26759908, 26759908, 26759908, 26759908, 26759908, 26759908, 26759908, 26726923, 26726923, 26726923, 26726923, 26726923, 26726923, 26726923, 26726923, 26726923, 26726923, 26726923, 26726923, 26726923, 26726923, 26726923, 26726923, 26726923, 26695203, 26695203, 26695203, 26695203, 26695203, 26695203, 26695203, 26695203, 26695203, 26695203, 26695203, 26615821, 26615821, 26615821, 26615821, 26615821, 26615821, 26615821, 26615821, 26615821, 26615821, 26615821, 26615821, 26615821, 26615821, 26615821, 26615821, 26615821, 26615821, 26615821, 26553020, 26553020, 26349776, 26349776, 26349776, 26349776, 26349776, 26349776, 26349776, 26444528, 312815602, 26790979, 267298250, 27278932, 27278932, 684215886, 28107904, 28107904, 28107904, 28107904, 28114176, 27766321, 27766321, 27766321, 27766321, 27766321, 27766321, 27766321, 27766321, 27766321, 27766321, 849069976, 27685307, 27685307, 27685307, 27685307, 27685307, 27512576, 27512576, 27512576, 27512576, 27512576, 27512576, 27512576, 27512576, 27512576, 27512576, 27512576, 27512576, 27512576, 27512576, 27512576, 27278932, 27278932, 27278932, 27278932, 27278932, 27278932, 27278932, 27278932, 27278932, 27232760, 27232760, 27232760, 27232760, 27232760, 27232760, 27232760, 27232760, 27232760, 27232760, 188261503, 27232760, 27103283, 27103283, 27103283, 27103283, 187670758, 27232760, 859072944, 26553020, 26553020, 359574754, 26019124, 26019124, 206980307, 27232760, 27232760, 25916533, 25916533, 25916533, 25916533, 448295780, 26349776, 386509092, 25739482, 25739482, 25739482, 25820922, 25820922, 25820922, 257263179, 25820922, 25820922, 25820922, 25820922, 25820922, 25820922, 25916533, 25916533, 25916533, 25916533, 25916533, 25916533, 102607950, 25916533, 25916533, 25668423, 25668423, 25668423, 25668423, 25668423, 25668423, 25668423, 25668423, 25668423, 25668423, 25668423, 25668423, 25969703, 26199169, 25969703, 25969703, 25969703, 25969703, 25969703, 25969703, 25969703, 25969703, 25969703, 25969703, 25969703, 25969703, 25969703, 25969703, 25969703, 26199169, 25969703, 25969703, 25969703, 25969703, 25969703, 25969703, 25969703, 25969703, 25969703, 25969703, 25969703, 25969703, 25969703, 27748583, 26699917, 846296105, 25916533, 25916533, 25916533, 25916533, 25916533, 25916533, 26042517, 26042517, 26042517, 26042517, 26042517, 26042517, 26042517, 25954302, 25954302, 26199169, 25969703, 25969703, 25969703, 25969703, 25969703, 25969703, 25969703, 25969703, 25969703, 25969703, 25969703, 25969703, 25969703, 25969703, 25969703, 26199169, 25969703, 25969703, 25969703, 25969703, 25969703, 25921863, 25921863, 25921863, 25921863, 25921863, 25921863, 25921863, 25921863, 25921863, 25921863, 26151329, 25921863, 25921863, 25921863, 25921863, 25921863, 25921863, 25921863, 25921863, 25921863, 25921863, 25921863, 25921863, 25921863, 25921863, 25921863, 26151329, 25921863, 25921863, 25921863, 25921863, 25921863, 25921863, 25921863, 25921863, 25921863, 25921863, 25921863, 25921863, 25921863, 25921863, 25921863]",0,0,0,CXL,0,41943040,0,41943040,41943040,41943040,1.0,hot,0,0,0,0,1.0,83886080
0,227,meta-llama/Llama-3.1-8B,94,520,21166886063,199934682942,178767796879,148110372556,148354372746,71560997,"[29816016, 1734987968, 29746454, 1578815028, 29498668, 29498668, 29498668, 2041931952, 28875556, 28875556, 28875556, 84896524, 5095915724, 28114176, 391690126, 27761521, 27761521, 27761521, 27761521, 27761521, 27761521, 27761521, 27761521, 27761521, 27761521, 27761521, 27761521, 27761521, 27761521, 27761521, 27766321, 27766321, 27766321, 27766321, 27766321, 27766321, 27766321, 27766321, 27766321, 27766321, 27766321, 632857327, 27773145, 27773145, 27773145, 27773145, 27773145, 27773145, 27773145, 27773145, 27773145, 27773145, 27773145, 27773145, 883153174, 27684411, 27684411, 27684411, 27684411, 27684411, 27684411, 27684411, 27684411, 27684411, 27684411, 27684411, 27684411, 27684411, 27684411, 27685307, 27685307, 27685307, 27685307, 27685307, 27685307, 27685307, 27685307, 27685307, 27685307, 27685307, 27685307, 27685307, 27685307, 27685307, 27685307, 27685307, 27685307, 27685307, 27685307, 27685307, 27685307, 27685307, 27685307, 27685307, 27685307, 27685307, 27685307, 27685307, 27512576, 27512576, 27512576, 27512576, 27512576, 27512576, 27512576, 27512576, 27512576, 27512576, 27512576, 27512576, 27512576, 27512576, 27512576, 27278932, 27278932, 27232760, 27232760, 27232760, 27232760, 27232760, 27232760, 27232760, 27232760, 27232760, 27232760, 27232760, 27232760, 27232760, 27232760, 27232760, 27232760, 27232760, 27232760, 27232760, 27232760, 27103283, 27103283, 27103283, 27103283, 27103283, 27103283, 27103283, 27103283, 27103283, 27061067, 27061067, 26859940, 26859940, 26859940, 26759908, 26759908, 26759908, 26759908, 26759908, 26759908, 26759908, 26759908, 26726923, 26726923, 26726923, 26726923, 26726923, 26726923, 26726923, 26726923, 26726923, 26726923, 26726923, 26726923, 26726923, 26726923, 26726923, 26726923, 26726923, 26695203, 26695203, 26695203, 26695203, 26695203, 26695203, 26695203, 26695203, 26695203, 26695203, 26695203, 26615821, 26615821, 26615821, 26615821, 26615821, 26615821, 26615821, 26615821, 26615821, 26615821, 26615821, 26615821, 26615821, 26615821, 26615821, 26615821, 26615821, 26615821, 26615821, 26553020, 26553020, 26349776, 26349776, 26349776, 26349776, 26349776, 26349776, 26349776, 26444528, 312815602, 26790979, 267298250, 27278932, 27278932, 684215886, 28107904, 28107904, 28107904, 28107904, 28114176, 27766321, 27766321, 27766321, 27766321, 27766321, 27766321, 27766321, 27766321, 27766321, 27766321, 849069976, 27685307, 27685307, 27685307, 27685307, 27685307, 27512576, 27512576, 27512576, 27512576, 27512576, 27512576, 27512576, 27512576, 27512576, 27512576, 27512576, 27512576, 27512576, 27512576, 27512576, 27278932, 27278932, 27278932, 27278932, 27278932, 27278932, 27278932, 27278932, 27278932, 27232760, 27232760, 27232760, 27232760, 27232760, 27232760, 27232760, 27232760, 27232760, 27232760, 188261503, 27232760, 27103283, 27103283, 27103283, 27103283, 187670758, 27232760, 859072944, 26553020, 26553020, 359574754, 26019124, 26019124, 206980307, 27232760, 27232760, 25916533, 25916533, 25916533, 25916533, 448295780, 26349776, 386509092, 25739482, 25739482, 25739482, 25820922, 25820922, 25820922, 257263179, 25820922, 25820922, 25820922, 25820922, 25820922, 25820922, 25916533, 25916533, 25916533, 25916533, 25916533, 25916533, 102607950, 25916533, 25916533, 1141289384, 26699917, 846296105, 25916533, 25916533, 25916533, 25916533, 25916533, 25916533, 26042517, 26042517, 26042517, 26042517, 26042517, 26042517, 26042517, 78107773, 25969703, 25969703, 25969703, 25969703, 25969703, 25969703, 25969703, 25969703, 25969703, 25969703, 25969703, 25969703, 25969703, 25969703, 25969703, 26199169, 25969703, 25969703, 25969703, 25969703, 25969703, 25921863, 25921863, 25921863, 25921863, 25921863, 25921863, 25921863, 25921863, 25921863, 25921863, 26151329, 25921863, 25921863, 25921863, 25921863, 25921863, 25921863, 25921863, 25921863, 25921863, 25921863, 25921863, 25921863, 25921863, 25921863, 25921863, 26151329, 25921863, 25921863, 25921863, 25921863, 25921863, 25921863, 25921863, 25921863, 25921863, 25921863, 25921863, 25921863, 25921863, 25921863, 25921863, 27120394, 26464944, 26464944, 26464944, 26464944, 26464944, 25820922, 25820922, 25820922, 25820922, 25820922, 25820922, 25820922, 26042517, 26042517, 26042517, 26151329, 25921863, 25921863, 25921863, 25921863, 25921863, 25921863, 25921863]",0,0,0,NPU,0,0,0,0,0,0,1.0,hot,0,0,0,0,1.0,0
0,237,meta-llama/Llama-3.1-8B,192,275,22056613065,200093447942,178036834877,165879202201,166146500451,145004078,"[27278932, 27278932, 684215886, 28107904, 28107904, 28107904, 28107904, 28114176, 27766321, 27766321, 27766321, 27766321, 27766321, 27766321, 27766321, 27766321, 27766321, 27766321, 849069976, 27685307, 27685307, 27685307, 27685307, 27685307, 27512576, 27512576, 27512576, 27512576, 27512576, 27512576, 27512576, 27512576, 27512576, 27512576, 27512576, 27512576, 27512576, 27512576, 27512576, 27278932, 27278932, 27278932, 27278932, 27278932, 27278932, 27278932, 27278932, 27278932, 27232760, 27232760, 27232760, 27232760, 27232760, 27232760, 27232760, 27232760, 27232760, 27232760, 188261503, 27232760, 27103283, 27103283, 27103283, 27103283, 187670758, 27232760, 859072944, 26553020, 26553020, 618593309, 27232760, 27232760, 551961912, 26349776, 2404608613, 26699917, 3550096425, 26349776, 26349776, 26349776, 26349776, 26164062]",0,0,0,NPU,0,0,0,0,0,0,1.0,hot,0,0,0,0,1.0,0
0,217,meta-llama/Llama-3.1-8B,71,588,20155994258,203086415772,182930421514,148291387295,148378120376,66961823,"[987144175, 29816016, 1734987968, 29746454, 1578815028, 29498668, 29498668, 29498668, 1946550828, 95381124, 28875556, 28875556, 28875556, 28107904, 28107904, 28680716, 4909234644, 27278932, 27278932, 132123216, 28114176, 391690126, 27761521, 27761521, 27761521, 27761521, 27761521, 27761521, 27761521, 27761521, 27761521, 27761521, 27761521, 27761521, 27761521, 27761521, 27761521, 27766321, 27766321, 27766321, 27766321, 27766321, 27766321, 27766321, 27766321, 27766321, 27766321, 27766321, 130539331, 502317996, 27773145, 27773145, 27773145, 27773145, 27773145, 27773145, 27773145, 27773145, 27773145, 27773145, 27773145, 27773145, 452589870, 26859940, 403703364, 27684411, 27684411, 27684411, 27684411, 27684411, 27684411, 27684411, 27684411, 27684411, 27684411, 27684411, 27684411, 27684411, 27684411, 27685307, 27685307, 27685307, 27685307, 27685307, 27685307, 27685307, 27685307, 27685307, 27685307, 27685307, 27685307, 27685307, 27685307, 27685307, 27685307, 27685307, 27685307, 27685307, 27685307, 27685307, 27685307, 27685307, 27685307, 27685307, 27685307, 27685307, 27685307, 27685307, 27512576, 27512576, 27512576, 27512576, 27512576, 27512576, 27512576, 27512576, 27512576, 27512576, 27512576, 27512576, 27512576, 27512576, 27512576, 27278932, 27278932, 27232760, 27232760, 27232760, 27232760, 27232760, 27232760, 27232760, 27232760, 27232760, 27232760, 27232760, 27232760, 27232760, 27232760, 27232760, 27232760, 27232760, 27232760, 27232760, 27232760, 27103283, 27103283, 27103283, 27103283, 27103283, 27103283, 27103283, 27103283, 27103283, 27061067, 27061067, 26859940, 26859940, 26859940, 26759908, 26759908, 26759908, 26759908, 26759908, 26759908, 26759908, 26759908, 26726923, 26726923, 26726923, 26726923, 26726923, 26726923, 26726923, 26726923, 26726923, 26726923, 26726923, 26726923, 26726923, 26726923, 26726923, 26726923, 26726923, 26695203, 26695203, 26695203, 26695203, 26695203, 26695203, 26695203, 26695203, 26695203, 26695203, 26695203, 26615821, 26615821, 26615821, 26615821, 26615821, 26615821, 26615821, 26615821, 26615821, 26615821, 26615821, 26615821, 26615821, 26615821, 26615821, 26615821, 26615821, 26615821, 26615821, 26553020, 26553020, 26349776, 26349776, 26349776, 26349776, 26349776, 26349776, 26349776, 26444528, 312815602, 26790979, 267298250, 27278932, 27278932, 684215886, 28107904, 28107904, 28107904, 28107904, 28114176, 27766321, 27766321, 27766321, 27766321, 27766321, 27766321, 27766321, 27766321, 27766321, 27766321, 849069976, 27685307, 27685307, 27685307, 27685307, 27685307, 27512576, 27512576, 27512576, 27512576, 27512576, 27512576, 27512576, 27512576, 27512576, 27512576, 27512576, 27512576, 27512576, 27512576, 27512576, 27278932, 27278932, 27278932, 27278932, 27278932, 27278932, 27278932, 27278932, 27278932, 27232760, 27232760, 27232760, 27232760, 27232760, 27232760, 27232760, 27232760, 27232760, 27232760, 188261503, 27232760, 27103283, 27103283, 27103283, 27103283, 187670758, 27232760, 859072944, 26553020, 26553020, 359574754, 26019124, 26019124, 206980307, 27232760, 27232760, 25916533, 25916533, 25916533, 25916533, 448295780, 26349776, 386509092, 25739482, 25739482, 25739482, 25820922, 25820922, 25820922, 257263179, 25820922, 25820922, 25820922, 25820922, 25820922, 25820922, 25916533, 25916533, 25916533, 25916533, 25916533, 25916533, 102607950, 25916533, 25916533, 25668423, 25668423, 25668423, 25668423, 25668423, 25668423, 25668423, 25668423, 25668423, 25668423, 25668423, 25668423, 25969703, 26199169, 25969703, 25969703, 25969703, 25969703, 25969703, 25969703, 25969703, 25969703, 25969703, 25969703, 25969703, 25969703, 25969703, 25969703, 25969703, 26199169, 25969703, 25969703, 25969703, 25969703, 25969703, 25969703, 25969703, 25969703, 25969703, 25969703, 25969703, 25969703, 25969703, 27748583, 26699917, 437873119, 25487317, 25487317, 25487317, 25487317, 25487317, 25487317, 25487317, 25487317, 25487317, 25487317, 25487317, 25487317, 25487317, 25487317, 25487317, 26113231, 25916533, 25916533, 25916533, 25916533, 25916533, 25916533, 26042517, 26042517, 26042517, 26042517, 26042517, 26042517, 26042517, 25954302, 25954302, 26199169, 25969703, 25969703, 25969703, 25969703, 25969703, 25969703, 25969703, 25969703, 25969703, 25969703, 25969703, 25969703, 25969703, 25969703, 25969703, 26199169, 25969703, 25969703, 25969703, 25969703, 25969703, 25921863, 25921863, 25921863, 25921863, 25921863, 25921863, 25921863, 25921863, 25921863, 25921863, 26151329, 25921863, 25921863, 25921863, 25921863, 25921863, 25921863, 25921863, 25921863, 25921863, 25921863, 25921863, 25921863, 25921863, 25921863, 25921863, 26151329, 25921863, 25921863, 25921863, 25921863, 25921863, 25921863, 25921863, 25921863, 25921863, 25921863, 25921863, 25921863, 25921863, 25921863, 25921863, 27120394, 26464944, 26464944, 26464944, 26464944, 26464944, 25820922, 25820922, 25820922, 25820922, 25820922, 25820922, 25820922, 26042517, 26042517, 26042517, 26151329, 25921863, 25921863, 25921863, 25921863, 25921863, 25921863, 25921863, 27201834, 26349776, 26349776, 26349776, 26349776, 26164062, 32160767, 26464944, 2646839462, 26464944, 26464944, 26475376, 26475376, 25853850, 25853850, 25853850, 25921863, 25921863, 25921863, 26294878]",0,0,0,CXL,0,12582912,0,12582912,12582912,12582912,1.0,hot,0,0,0,0,1.0,25165824
0,206,meta-llama/Llama-3.1-8B,94,858,19372575202,203957157743,184584582541,131106418397,131140279551,70044958,"[1487985832, 28501850, 28501850, 28501850, 28501850, 28501850, 28501850, 28501850, 28501850, 28501850, 28501850, 881496408, 28422327, 28422327, 28422327, 28422327, 28422327, 2837964582, 28272208, 592135160, 28107904, 28107904, 28107904, 28107904, 28107904, 6722012632, 27685307, 27685307, 27685307, 27685307, 27685307, 27685307, 27685307, 27685307, 2925957787, 27512576, 27512576, 27512576, 27512576, 266418670, 27278932, 27278932, 27278932, 27278932, 279983933, 28272208, 28272208, 847437029, 86733081, 987144175, 29816016, 1734987968, 29746454, 1578815028, 29498668, 29498668, 29498668, 1946550828, 95381124, 28875556, 28875556, 28875556, 28107904, 28107904, 28680716, 2158248780, 26363542, 26363542, 313711585, 26859940, 1256890512, 26445624, 784068111, 290283008, 27278932, 27278932, 132123216, 28114176, 25782115, 25782115, 25782115, 314343781, 27761521, 27761521, 27761521, 27761521, 27761521, 27761521, 27761521, 27761521, 27761521, 27761521, 27761521, 27761521, 27761521, 27761521, 27761521, 27766321, 27766321, 27766321, 27766321, 27766321, 27766321, 27766321, 27766321, 27766321, 27766321, 27766321, 25884336, 104654995, 502317996, 27773145, 27773145, 27773145, 27773145, 27773145, 27773145, 27773145, 27773145, 27773145, 27773145, 27773145, 27773145, 452589870, 26859940, 26171806, 377531558, 27684411, 27684411, 27684411, 27684411, 27684411, 27684411, 27684411, 27684411, 27684411, 27684411, 27684411, 27684411, 27684411, 27684411, 27685307, 27685307, 27685307, 27685307, 27685307, 27685307, 27685307, 27685307, 27685307, 27685307, 27685307, 27685307, 27685307, 27685307, 27685307, 27685307, 27685307, 27685307, 27685307, 27685307, 27685307, 27685307, 27685307, 27685307, 27685307, 27685307, 27685307, 27685307, 27685307, 27512576, 27512576, 27512576, 27512576, 27512576, 27512576, 27512576, 27512576, 27512576, 27512576, 27512576, 27512576, 27512576, 27512576, 27512576, 27278932, 27278932, 27232760, 27232760, 27232760, 27232760, 27232760, 27232760, 27232760, 27232760, 27232760, 27232760, 27232760, 27232760, 27232760, 27232760, 27232760, 27232760, 27232760, 27232760, 27232760, 27232760, 27103283, 27103283, 27103283, 27103283, 27103283, 27103283, 27103283, 27103283, 27103283, 27061067, 27061067, 26859940, 26859940, 26859940, 26759908, 26759908, 26759908, 26759908, 26759908, 26759908, 26759908, 26759908, 26726923, 26726923, 26726923, 26726923, 26726923, 26726923, 26726923, 26726923, 26726923, 26726923, 26726923, 26726923, 26726923, 26726923, 26726923, 26726923, 26726923, 26695203, 26695203, 26695203, 26695203, 26695203, 26695203, 26695203, 26695203, 26695203, 26695203, 26695203, 26615821, 26615821, 26615821, 26615821, 26615821, 26615821, 26615821, 26615821, 26615821, 26615821, 26615821, 26615821, 26615821, 26615821, 26615821, 26615821, 26615821, 26615821, 26615821, 26553020, 26553020, 26349776, 26349776, 26349776, 26349776, 26349776, 26349776, 26349776, 26444528, 312815602, 26790979, 267298250, 27278932, 27278932, 25668423, 25668423, 25668423, 607210617, 28107904, 28107904, 28107904, 28107904, 28114176, 27766321, 27766321, 27766321, 27766321, 27766321, 27766321, 27766321, 27766321, 27766321, 27766321, 564645848, 25859550, 258564578, 27685307, 27685307, 27685307, 27685307, 27685307, 27512576, 27512576, 27512576, 27512576, 27512576, 27512576, 27512576, 27512576, 27512576, 27512576, 27512576, 27512576, 27512576, 27512576, 27512576, 27278932, 27278932, 27278932, 27278932, 27278932, 27278932, 27278932, 27278932, 27278932, 27232760, 27232760, 27232760, 27232760, 27232760, 27232760, 27232760, 27232760, 27232760, 27232760, 188261503, 27232760, 27103283, 27103283, 27103283, 27103283, 187670758, 27232760, 859072944, 26553020, 26553020, 25859550, 25859550, 25859550, 25674687, 25674687, 25674687, 204972043, 26019124, 26019124, 25263093, 25263093, 25263093, 25263093, 25904021, 25904021, 54119893, 27232760, 27232760, 25916533, 25916533, 25916533, 25916533, 448295780, 26349776, 25648437, 25648437, 25904021, 25904021, 25904021, 25904021, 25904021, 25679419, 25679419, 25679419, 25679419, 25679419, 25679419, 25679419, 25936180, 25739482, 25739482, 25739482, 25820922, 25820922, 25820922, 25674687, 25674687, 25674687, 25674687, 25674687, 25674687, 25732479, 25732479, 25732479, 26017620, 25820922, 25820922, 25820922, 25820922, 25820922, 25820922, 25916533, 25916533, 25916533, 25916533, 25916533, 25916533, 25487317, 25487317, 25487317, 26145999, 25916533, 25916533, 25668423, 25668423, 25668423, 25668423, 25668423, 25668423, 25668423, 25668423, 25668423, 25668423, 25668423, 25668423, 25969703, 26199169, 25969703, 25969703, 25969703, 25969703, 25969703, 25969703, 25969703, 25969703, 25969703, 25969703, 25969703, 25969703, 25969703, 25969703, 25969703, 26199169, 25969703, 25969703, 25969703, 25969703, 25969703, 25969703, 25969703, 25969703, 25969703, 25969703, 25969703, 25969703, 25969703, 27748583, 26699917, 25763867, 25763867, 25763867, 25763867, 25763867, 25763867, 25763867, 25763867, 25763867, 25763867, 25763867, 25763867, 25763867, 25763867, 25763867, 25763867, 25651247, 25487317, 25487317, 25487317, 25487317, 25487317, 25487317, 25487317, 25487317, 25487317, 25487317, 25487317, 25487317, 25487317, 25487317, 25487317, 26113231, 25916533, 25916533, 25916533, 25916533, 25916533, 25916533, 26042517, 26042517, 26042517, 26042517, 26042517, 26042517, 26042517, 25954302, 25954302, 26199169, 25969703, 25969703, 25969703, 25969703, 25969703, 25969703, 25969703, 25969703, 25969703, 25969703, 25969703, 25969703, 25969703, 25969703, 25969703, 26199169, 25969703, 25969703, 25969703, 25969703, 25969703, 25921863, 25921863, 25921863, 25921863, 25921863, 25921863, 25921863, 25921863, 25921863, 25921863, 26151329, 25921863, 25921863, 25921863, 25921863, 25921863, 25921863, 25921863, 25921863, 25921863, 25921863, 25921863, 25921863, 25921863, 25921863, 25921863, 26151329, 25921863, 25921863, 25921863, 25921863, 25921863, 25921863, 25921863, 25921863, 25921863, 25921863, 25921863, 25921863, 25921863, 25921863, 25921863, 27120394, 26464944, 26464944, 26464944, 26464944, 26464944, 25820922, 25820922, 25820922, 25820922, 25820922, 25820922, 25820922, 26042517, 26042517, 26042517, 26151329, 25921863, 25921863, 25921863, 25921863, 25921863, 25921863, 25921863, 27201834, 26349776, 26349776, 26349776, 26349776, 26164062, 32160767, 26464944, 27739672, 27706814, 27706814, 27706814, 27706814, 27706814, 27706814, 27706814, 27706814, 27706814, 27706814, 27706814, 27706814, 27706814, 27706814, 27706814, 27739672, 27706814, 27706814, 27706814, 27706814, 27706814, 27706814, 27706814, 27706814, 27706814, 27706814, 27706814, 27706814, 27706814, 27706814, 27706814, 27739672, 27706814, 27706814, 27706814, 27706814, 27706814, 27706814, 27706814, 27706814, 27706814, 27706814, 27706814, 27706814, 27706814, 27706814, 27706814, 27739672, 28044382, 28044382, 28044382, 28044382, 28044382, 28044382, 28044382, 28044382, 28044382, 28044382, 28044382, 28044382, 28044382, 28044382, 28044382, 26220245, 26154619, 26154619, 26154619, 26154619, 26154619, 26154619, 26154619, 26154619, 26357563, 26357563, 26357563, 26357563, 26357563, 26357563, 26357563, 26423189, 26357563, 26357563, 26357563, 26357563, 26357563, 26357563, 26357563, 26357563, 26357563, 26357563, 26357563, 26357563, 26357563, 26357563, 26357563, 26661642, 26464944, 26464944, 26475376, 26475376, 25853850, 25853850, 25853850, 25921863, 25921863, 25921863, 26294878, 53487278, 27766321, 27766321, 26695203, 28077240, 28276670, 28276670, 28276670, 28276670, 28276670, 28276670, 28276670, 28276670, 28276670, 28276670, 28276670, 28276670, 28276670, 28276670, 28276670, 28309528, 28276670, 28276670, 28276670, 28276670, 28276670, 28276670, 28276670, 28276670, 28276670]",0,0,0,NPU,0,0,0,0,0,0,1.0,hot,0,0,0,0,1.0,0
0,208,meta-llama/Llama-3.1-8B,8,777,19481998883,207288289322,187806290439,132487493034,132518841702,71988865,"[28501850, 28501850, 28501850, 28501850, 28501850, 28501850, 28501850, 28501850, 28501850, 28501850, 881496408, 28422327, 28422327, 28422327, 28422327, 28422327, 2837964582, 28272208, 592135160, 28107904, 28107904, 28107904, 28107904, 28107904, 6722012632, 27685307, 27685307, 27685307, 27685307, 27685307, 27685307, 27685307, 27685307, 2925957787, 27512576, 27512576, 27512576, 27512576, 266418670, 27278932, 27278932, 27278932, 27278932, 279983933, 28272208, 28272208, 847437029, 86733081, 987144175, 29816016, 1734987968, 29746454, 1578815028, 29498668, 29498668, 29498668, 1946550828, 95381124, 28875556, 28875556, 28875556, 28107904, 28107904, 28680716, 2524687449, 26859940, 2357687255, 27278932, 27278932, 132123216, 28114176, 391690126, 27761521, 27761521, 27761521, 27761521, 27761521, 27761521, 27761521, 27761521, 27761521, 27761521, 27761521, 27761521, 27761521, 27761521, 27761521, 27766321, 27766321, 27766321, 27766321, 27766321, 27766321, 27766321, 27766321, 27766321, 27766321, 27766321, 130539331, 502317996, 27773145, 27773145, 27773145, 27773145, 27773145, 27773145, 27773145, 27773145, 27773145, 27773145, 27773145, 27773145, 452589870, 26859940, 403703364, 27684411, 27684411, 27684411, 27684411, 27684411, 27684411, 27684411, 27684411, 27684411, 27684411, 27684411, 27684411, 27684411, 27684411, 27685307, 27685307, 27685307, 27685307, 27685307, 27685307, 27685307, 27685307, 27685307, 27685307, 27685307, 27685307, 27685307, 27685307, 27685307, 27685307, 27685307, 27685307, 27685307, 27685307, 27685307, 27685307, 27685307, 27685307, 27685307, 27685307, 27685307, 27685307, 27685307, 27512576, 27512576, 27512576, 27512576, 27512576, 27512576, 27512576, 27512576, 27512576, 27512576, 27512576, 27512576, 27512576, 27512576, 27512576, 27278932, 27278932, 27232760, 27232760, 27232760, 27232760, 27232760, 27232760, 27232760, 27232760, 27232760, 27232760, 27232760, 27232760, 27232760, 27232760, 27232760, 27232760, 27232760, 27232760, 27232760, 27232760, 27103283, 27103283, 27103283, 27103283, 27103283, 27103283, 27103283, 27103283, 27103283, 27061067, 27061067, 26859940, 26859940, 26859940, 26759908, 26759908, 26759908, 26759908, 26759908, 26759908, 26759908, 26759908, 26726923, 26726923, 26726923, 26726923, 26726923, 26726923, 26726923, 26726923, 26726923, 26726923, 26726923, 26726923, 26726923, 26726923, 26726923, 26726923, 26726923, 26695203, 26695203, 26695203, 26695203, 26695203, 26695203, 26695203, 26695203, 26695203, 26695203, 26695203, 26615821, 26615821, 26615821, 26615821, 26615821, 26615821, 26615821, 26615821, 26615821, 26615821, 26615821, 26615821, 26615821, 26615821, 26615821, 26615821, 26615821, 26615821, 26615821, 26553020, 26553020, 26349776, 26349776, 26349776, 26349776, 26349776, 26349776, 26349776, 26444528, 312815602, 26790979, 267298250, 27278932, 27278932, 684215886, 28107904, 28107904, 28107904, 28107904, 28114176, 27766321, 27766321, 27766321, 27766321, 27766321, 27766321, 27766321, 27766321, 27766321, 27766321, 849069976, 27685307, 27685307, 27685307, 27685307, 27685307, 27512576, 27512576, 27512576, 27512576, 27512576, 27512576, 27512576, 27512576, 27512576, 27512576, 27512576, 27512576, 27512576, 27512576, 27512576, 27278932, 27278932, 27278932, 27278932, 27278932, 27278932, 27278932, 27278932, 27278932, 27232760, 27232760, 27232760, 27232760, 27232760, 27232760, 27232760, 27232760, 27232760, 27232760, 188261503, 27232760, 27103283, 27103283, 27103283, 27103283, 187670758, 27232760, 859072944, 26553020, 26553020, 25859550, 25859550, 25859550, 25674687, 25674687, 25674687, 204972043, 26019124, 26019124, 25263093, 25263093, 25263093, 25263093, 105927935, 27232760, 27232760, 25916533, 25916533, 25916533, 25916533, 448295780, 26349776, 25648437, 25648437, 25904021, 25904021, 25904021, 25904021, 25904021, 205692113, 25739482, 25739482, 25739482, 25820922, 25820922, 25820922, 25674687, 25674687, 25674687, 25674687, 25674687, 25674687, 25732479, 25732479, 25732479, 26017620, 25820922, 25820922, 25820922, 25820922, 25820922, 25820922, 25916533, 25916533, 25916533, 25916533, 25916533, 25916533, 25487317, 25487317, 25487317, 26145999, 25916533, 25916533, 25668423, 25668423, 25668423, 25668423, 25668423, 25668423, 25668423, 25668423, 25668423, 25668423, 25668423, 25668423, 25969703, 26199169, 25969703, 25969703, 25969703, 25969703, 25969703, 25969703, 25969703, 25969703, 25969703, 25969703, 25969703, 25969703, 25969703, 25969703, 25969703, 26199169, 25969703, 25969703, 25969703, 25969703, 25969703, 25969703, 25969703, 25969703, 25969703, 25969703, 25969703, 25969703, 25969703, 27748583, 26699917, 25763867, 25763867, 25763867, 25763867, 25763867, 25763867, 25763867, 25763867, 25763867, 25763867, 25763867, 25763867, 25763867, 25763867, 25763867, 25763867, 25651247, 25487317, 25487317, 25487317, 25487317, 25487317, 25487317, 25487317, 25487317, 25487317, 25487317, 25487317, 25487317, 25487317, 25487317, 25487317, 26113231, 25916533, 25916533, 25916533, 25916533, 25916533, 25916533, 26042517, 26042517, 26042517, 26042517, 26042517, 26042517, 26042517, 25954302, 25954302, 26199169, 25969703, 25969703, 25969703, 25969703, 25969703, 25969703, 25969703, 25969703, 25969703, 25969703, 25969703, 25969703, 25969703, 25969703, 25969703, 26199169, 25969703, 25969703, 25969703, 25969703, 25969703, 25921863, 25921863, 25921863, 25921863, 25921863, 25921863, 25921863, 25921863, 25921863, 25921863, 26151329, 25921863, 25921863, 25921863, 25921863, 25921863, 25921863, 25921863, 25921863, 25921863, 25921863, 25921863, 25921863, 25921863, 25921863, 25921863, 26151329, 25921863, 25921863, 25921863, 25921863, 25921863, 25921863, 25921863, 25921863, 25921863, 25921863, 25921863, 25921863, 25921863, 25921863, 25921863, 27120394, 26464944, 26464944, 26464944, 26464944, 26464944, 25820922, 25820922, 25820922, 25820922, 25820922, 25820922, 25820922, 26042517, 26042517, 26042517, 26151329, 25921863, 25921863, 25921863, 25921863, 25921863, 25921863, 25921863, 27201834, 26349776, 26349776, 26349776, 26349776, 26164062, 32160767, 26464944, 1804651293, 26154619, 26154619, 26154619, 26154619, 26154619, 26154619, 26154619, 26154619, 26357563, 26357563, 26357563, 26357563, 26357563, 26357563, 26357563, 26423189, 26357563, 26357563, 26357563, 26357563, 26357563, 26357563, 26357563, 26357563, 26357563, 26357563, 26357563, 26357563, 26357563, 26357563, 26357563, 26661642, 26464944, 26464944, 26475376, 26475376, 25853850, 25853850, 25853850, 25921863, 25921863, 25921863, 26294878, 53487278, 27766321, 27766321, 26695203, 852328289, 28193675, 28193675, 28193675, 28193675, 28193675, 26695203, 26695203, 25614678, 25614678, 26421342, 26421342, 25892415, 25892415, 25892415, 25892415, 27360312, 27327454, 27327454, 27327454, 27327454, 27327454, 27327454, 27327454, 27327454, 27327454, 27327454, 27327454, 27327454, 27327454, 27327454, 27327454, 27360312, 27327454, 27327454, 27327454, 27327454, 27327454, 27327454, 27327454, 27327454, 27327454, 27327454, 27327454, 27327454, 27327454, 27327454, 27327454, 27360312, 27706814, 27706814, 27706814, 27706814, 27706814, 27706814, 27706814, 27706814, 27706814, 27706814, 27706814, 27706814, 27706814, 27706814, 27706814, 26220245, 26154619, 26154619, 26154619, 26154619, 26154619, 26154619, 26154619, 26154619, 26154619, 26154619, 26154619, 26154619, 26154619, 26154619, 26154619, 26220245, 26154619, 26154619, 26154619, 26154619, 26154619, 26154619, 26154619, 26154619, 26154619, 26154619, 26154619, 26154619, 26154619, 26154619, 26154619, 26220245, 26154619, 26154619, 26154619, 26154619, 26154619, 26154619, 26154619, 26154619, 26357563, 26357563, 26357563, 26357563, 26357563, 26357563, 26357563, 26423189, 26357563, 26357563, 26357563, 26357563, 26357563, 26357563, 26357563, 26357563]",0,0,0,CXL,0,37748736,0,37748736,37748736,37748736,1.0,hot,0,0,0,0,1.0,75497472
0,212,meta-llama/Llama-3.1-8B,46,778,19802375924,210288463495,190486087571,147461040251,147741024184,58474778,"[28272208, 28272208, 847437029, 86733081, 987144175, 29816016, 1734987968, 29746454, 1578815028, 29498668, 29498668, 29498668, 1946550828, 95381124, 28875556, 28875556, 28875556, 28107904, 28107904, 28680716, 2524687449, 26859940, 2357687255, 27278932, 27278932, 132123216, 28114176, 391690126, 27761521, 27761521, 27761521, 27761521, 27761521, 27761521, 27761521, 27761521, 27761521, 27761521, 27761521, 27761521, 27761521, 27761521, 27761521, 27766321, 27766321, 27766321, 27766321, 27766321, 27766321, 27766321, 27766321, 27766321, 27766321, 27766321, 130539331, 502317996, 27773145, 27773145, 27773145, 27773145, 27773145, 27773145, 27773145, 27773145, 27773145, 27773145, 27773145, 27773145, 452589870, 26859940, 403703364, 27684411, 27684411, 27684411, 27684411, 27684411, 27684411, 27684411, 27684411, 27684411, 27684411, 27684411, 27684411, 27684411, 27684411, 27685307, 27685307, 27685307, 27685307, 27685307, 27685307, 27685307, 27685307, 27685307, 27685307, 27685307, 27685307, 27685307, 27685307, 27685307, 27685307, 27685307, 27685307, 27685307, 27685307, 27685307, 27685307, 27685307, 27685307, 27685307, 27685307, 27685307, 27685307, 27685307, 27512576, 27512576, 27512576, 27512576, 27512576, 27512576, 27512576, 27512576, 27512576, 27512576, 27512576, 27512576, 27512576, 27512576, 27512576, 27278932, 27278932, 27232760, 27232760, 27232760, 27232760, 27232760, 27232760, 27232760, 27232760, 27232760, 27232760, 27232760, 27232760, 27232760, 27232760, 27232760, 27232760, 27232760, 27232760, 27232760, 27232760, 27103283, 27103283, 27103283, 27103283, 27103283, 27103283, 27103283, 27103283, 27103283, 27061067, 27061067, 26859940, 26859940, 26859940, 26759908, 26759908, 26759908, 26759908, 26759908, 26759908, 26759908, 26759908, 26726923, 26726923, 26726923, 26726923, 26726923, 26726923, 26726923, 26726923, 26726923, 26726923, 26726923, 26726923, 26726923, 26726923, 26726923, 26726923, 26726923, 26695203, 26695203, 26695203, 26695203, 26695203, 26695203, 26695203, 26695203, 26695203, 26695203, 26695203, 26615821, 26615821, 26615821, 26615821, 26615821, 26615821, 26615821, 26615821, 26615821, 26615821, 26615821, 26615821, 26615821, 26615821, 26615821, 26615821, 26615821, 26615821, 26615821, 26553020, 26553020, 26349776, 26349776, 26349776, 26349776, 26349776, 26349776, 26349776, 26444528, 312815602, 26790979, 267298250, 27278932, 27278932, 684215886, 28107904, 28107904, 28107904, 28107904, 28114176, 27766321, 27766321, 27766321, 27766321, 27766321, 27766321, 27766321, 27766321, 27766321, 27766321, 849069976, 27685307, 27685307, 27685307, 27685307, 27685307, 27512576, 27512576, 27512576, 27512576, 27512576, 27512576, 27512576, 27512576, 27512576, 27512576, 27512576, 27512576, 27512576, 27512576, 27512576, 27278932, 27278932, 27278932, 27278932, 27278932, 27278932, 27278932, 27278932, 27278932, 27232760, 27232760, 27232760, 27232760, 27232760, 27232760, 27232760, 27232760, 27232760, 27232760, 188261503, 27232760, 27103283, 27103283, 27103283, 27103283, 187670758, 27232760, 859072944, 26553020, 26553020, 25859550, 25859550, 25859550, 281996104, 26019124, 26019124, 25263093, 25263093, 25263093, 25263093, 105927935, 27232760, 27232760, 25916533, 25916533, 25916533, 25916533, 448295780, 26349776, 386509092, 25739482, 25739482, 25739482, 25820922, 25820922, 25820922, 25674687, 25674687, 25674687, 25674687, 25674687, 25674687, 25732479, 25732479, 25732479, 26017620, 25820922, 25820922, 25820922, 25820922, 25820922, 25820922, 25916533, 25916533, 25916533, 25916533, 25916533, 25916533, 25487317, 25487317, 25487317, 26145999, 25916533, 25916533, 25668423, 25668423, 25668423, 25668423, 25668423, 25668423, 25668423, 25668423, 25668423, 25668423, 25668423, 25668423, 25969703, 26199169, 25969703, 25969703, 25969703, 25969703, 25969703, 25969703, 25969703, 25969703, 25969703, 25969703, 25969703, 25969703, 25969703, 25969703, 25969703, 26199169, 25969703, 25969703, 25969703, 25969703, 25969703, 25969703, 25969703, 25969703, 25969703, 25969703, 25969703, 25969703, 25969703, 27748583, 26699917, 437873119, 25487317, 25487317, 25487317, 25487317, 25487317, 25487317, 25487317, 25487317, 25487317, 25487317, 25487317, 25487317, 25487317, 25487317, 25487317, 26113231, 25916533, 25916533, 25916533, 25916533, 25916533, 25916533, 26042517, 26042517, 26042517, 26042517, 26042517, 26042517, 26042517, 25954302, 25954302, 26199169, 25969703, 25969703, 25969703, 25969703, 25969703, 25969703, 25969703, 25969703, 25969703, 25969703, 25969703, 25969703, 25969703, 25969703, 25969703, 26199169, 25969703, 25969703, 25969703, 25969703, 25969703, 25921863, 25921863, 25921863, 25921863, 25921863, 25921863, 25921863, 25921863, 25921863, 25921863, 26151329, 25921863, 25921863, 25921863, 25921863, 25921863, 25921863, 25921863, 25921863, 25921863, 25921863, 25921863, 25921863, 25921863, 25921863, 25921863, 26151329, 25921863, 25921863, 25921863, 25921863, 25921863, 25921863, 25921863, 25921863, 25921863, 25921863, 25921863, 25921863, 25921863, 25921863, 25921863, 27120394, 26464944, 26464944, 26464944, 26464944, 26464944, 25820922, 25820922, 25820922, 25820922, 25820922, 25820922, 25820922, 26042517, 26042517, 26042517, 26151329, 25921863, 25921863, 25921863, 25921863, 25921863, 25921863, 25921863, 27201834, 26349776, 26349776, 26349776, 26349776, 26164062, 32160767, 26464944, 2646839462, 26464944, 26464944, 26475376, 26475376, 25853850, 25853850, 25853850, 25921863, 25921863, 25921863, 26294878, 53487278, 27766321, 27766321, 26695203, 852328289, 28193675, 28193675, 28193675, 28193675, 28193675, 26695203, 26695203, 25614678, 25614678, 26421342, 26421342, 25892415, 25892415, 25892415, 25892415, 1343727011, 26154619, 26154619, 26154619, 26154619, 26154619, 26154619, 26154619, 26154619, 26154619, 26154619, 26154619, 26154619, 26154619, 26154619, 26154619, 26220245, 26154619, 26154619, 26154619, 26154619, 26154619, 26154619, 26154619, 26154619, 26154619, 26154619, 26154619, 26154619, 26154619, 26154619, 26154619, 26220245, 26154619, 26154619, 26154619, 26154619, 26154619, 26154619, 26154619, 26154619, 26357563, 26357563, 26357563, 26357563, 26357563, 26357563, 26357563, 26423189, 26357563, 26357563, 26357563, 26357563, 26357563, 26357563, 26357563, 26357563, 28632746, 28272208, 28272208, 28272208, 28272208, 28272208, 28272208, 28272208, 28272208, 28272208, 28272208, 28272208, 28272208, 28272208, 28272208, 28272208, 25897854, 25897854, 25897854, 25897854, 25897854, 25897854, 25897854, 25886548, 25820922, 25820922, 25820922, 26042517, 26042517, 26042517, 26042517, 26042517, 27327454, 27327454, 27327454, 27327454, 27327454, 27327454, 27327454, 26220245, 26154619, 26154619, 26154619, 26154619, 26154619, 26154619, 26154619, 26154619, 26154619, 26154619, 26154619, 26154619, 26154619, 26154619, 26154619, 26220245, 26357563, 26357563, 26357563, 26357563, 26357563, 26357563, 26357563, 26357563, 26357563, 26357563, 26357563, 26357563, 26357563, 26357563, 26357563, 26310319, 26211925, 26211925, 26211925, 26211925, 26211925, 26211925, 26211925, 26211925, 26211925, 26211925, 26211925, 26211925, 26211925, 26211925, 26211925, 26310319, 26211925, 26211925, 26211925, 26211925, 26211925, 26211925, 26211925, 26211925, 26211925, 26211925, 26211925, 26211925, 26211925, 26211925, 26211925, 26310319, 26211925, 26211925, 26211925, 26211925, 26211925, 26211925, 26211925, 26211925, 26211925]",0,0,0,CXL,0,10485760,0,10485760,10485760,10485760,1.0,hot,0,0,0,0,1.0,20971520
0,213,meta-llama/Llama-3.1-8B,91,748,19827770910,210345170913,190517400003,147435645265,147715629198,65246601,"[28272208, 28272208, 847437029, 86733081, 987144175, 29816016, 1734987968, 29746454, 1578815028, 29498668, 29498668, 29498668, 1946550828, 95381124, 28875556, 28875556, 28875556, 28107904, 28107904, 28680716, 2524687449, 26859940, 2357687255, 27278932, 27278932, 132123216, 28114176, 391690126, 27761521, 27761521, 27761521, 27761521, 27761521, 27761521, 27761521, 27761521, 27761521, 27761521, 27761521, 27761521, 27761521, 27761521, 27761521, 27766321, 27766321, 27766321, 27766321, 27766321, 27766321, 27766321, 27766321, 27766321, 27766321, 27766321, 130539331, 502317996, 27773145, 27773145, 27773145, 27773145, 27773145, 27773145, 27773145, 27773145, 27773145, 27773145, 27773145, 27773145, 452589870, 26859940, 403703364, 27684411, 27684411, 27684411, 27684411, 27684411, 27684411, 27684411, 27684411, 27684411, 27684411, 27684411, 27684411, 27684411, 27684411, 27685307, 27685307, 27685307, 27685307, 27685307, 27685307, 27685307, 27685307, 27685307, 27685307, 27685307, 27685307, 27685307, 27685307, 27685307, 27685307, 27685307, 27685307, 27685307, 27685307, 27685307, 27685307, 27685307, 27685307, 27685307, 27685307, 27685307, 27685307, 27685307, 27512576, 27512576, 27512576, 27512576, 27512576, 27512576, 27512576, 27512576, 27512576, 27512576, 27512576, 27512576, 27512576, 27512576, 27512576, 27278932, 27278932, 27232760, 27232760, 27232760, 27232760, 27232760, 27232760, 27232760, 27232760, 27232760, 27232760, 27232760, 27232760, 27232760, 27232760, 27232760, 27232760, 27232760, 27232760, 27232760, 27232760, 27103283, 27103283, 27103283, 27103283, 27103283, 27103283, 27103283, 27103283, 27103283, 27061067, 27061067, 26859940, 26859940, 26859940, 26759908, 26759908, 26759908, 26759908, 26759908, 26759908, 26759908, 26759908, 26726923, 26726923, 26726923, 26726923, 26726923, 26726923, 26726923, 26726923, 26726923, 26726923, 26726923, 26726923, 26726923, 26726923, 26726923, 26726923, 26726923, 26695203, 26695203, 26695203, 26695203, 26695203, 26695203, 26695203, 26695203, 26695203, 26695203, 26695203, 26615821, 26615821, 26615821, 26615821, 26615821, 26615821, 26615821, 26615821, 26615821, 26615821, 26615821, 26615821, 26615821, 26615821, 26615821, 26615821, 26615821, 26615821, 26615821, 26553020, 26553020, 26349776, 26349776, 26349776, 26349776, 26349776, 26349776, 26349776, 26444528, 312815602, 26790979, 267298250, 27278932, 27278932, 684215886, 28107904, 28107904, 28107904, 28107904, 28114176, 27766321, 27766321, 27766321, 27766321, 27766321, 27766321, 27766321, 27766321, 27766321, 27766321, 849069976, 27685307, 27685307, 27685307, 27685307, 27685307, 27512576, 27512576, 27512576, 27512576, 27512576, 27512576, 27512576, 27512576, 27512576, 27512576, 27512576, 27512576, 27512576, 27512576, 27512576, 27278932, 27278932, 27278932, 27278932, 27278932, 27278932, 27278932, 27278932, 27278932, 27232760, 27232760, 27232760, 27232760, 27232760, 27232760, 27232760, 27232760, 27232760, 27232760, 188261503, 27232760, 27103283, 27103283, 27103283, 27103283, 187670758, 27232760, 859072944, 26553020, 26553020, 25859550, 25859550, 25859550, 281996104, 26019124, 26019124, 206980307, 27232760, 27232760, 25916533, 25916533, 25916533, 25916533, 448295780, 26349776, 386509092, 25739482, 25739482, 25739482, 25820922, 25820922, 25820922, 257263179, 25820922, 25820922, 25820922, 25820922, 25820922, 25820922, 25916533, 25916533, 25916533, 25916533, 25916533, 25916533, 25487317, 25487317, 25487317, 26145999, 25916533, 25916533, 25668423, 25668423, 25668423, 25668423, 25668423, 25668423, 25668423, 25668423, 25668423, 25668423, 25668423, 25668423, 25969703, 26199169, 25969703, 25969703, 25969703, 25969703, 25969703, 25969703, 25969703, 25969703, 25969703, 25969703, 25969703, 25969703, 25969703, 25969703, 25969703, 26199169, 25969703, 25969703, 25969703, 25969703, 25969703, 25969703, 25969703, 25969703, 25969703, 25969703, 25969703, 25969703, 25969703, 27748583, 26699917, 437873119, 25487317, 25487317, 25487317, 25487317, 25487317, 25487317, 25487317, 25487317, 25487317, 25487317, 25487317, 25487317, 25487317, 25487317, 25487317, 26113231, 25916533, 25916533, 25916533, 25916533, 25916533, 25916533, 26042517, 26042517, 26042517, 26042517, 26042517, 26042517, 26042517, 25954302, 25954302, 26199169, 25969703, 25969703, 25969703, 25969703, 25969703, 25969703, 25969703, 25969703, 25969703, 25969703, 25969703, 25969703, 25969703, 25969703, 25969703, 26199169, 25969703, 25969703, 25969703, 25969703, 25969703, 25921863, 25921863, 25921863, 25921863, 25921863, 25921863, 25921863, 25921863, 25921863, 25921863, 26151329, 25921863, 25921863, 25921863, 25921863, 25921863, 25921863, 25921863, 25921863, 25921863, 25921863, 25921863, 25921863, 25921863, 25921863, 25921863, 26151329, 25921863, 25921863, 25921863, 25921863, 25921863, 25921863, 25921863, 25921863, 25921863, 25921863, 25921863, 25921863, 25921863, 25921863, 25921863, 27120394, 26464944, 26464944, 26464944, 26464944, 26464944, 25820922, 25820922, 25820922, 25820922, 25820922, 25820922, 25820922, 26042517, 26042517, 26042517, 26151329, 25921863, 25921863, 25921863, 25921863, 25921863, 25921863, 25921863, 27201834, 26349776, 26349776, 26349776, 26349776, 26164062, 32160767, 26464944, 2646839462, 26464944, 26464944, 26475376, 26475376, 25853850, 25853850, 25853850, 25921863, 25921863, 25921863, 26294878, 53487278, 27766321, 27766321, 26695203, 852328289, 28193675, 28193675, 28193675, 28193675, 28193675, 26695203, 26695203, 25614678, 25614678, 26421342, 26421342, 25892415, 25892415, 25892415, 25892415, 2840462403, 28272208, 28272208, 28272208, 28272208, 28272208, 28272208, 28272208, 28272208, 28272208, 28272208, 28272208, 28272208, 28272208, 28272208, 28272208, 25897854, 25897854, 25897854, 25897854, 25897854, 25897854, 25897854, 25886548, 25820922, 25820922, 25820922, 26042517, 26042517, 26042517, 26042517, 26042517, 217512423, 26154619, 26154619, 26154619, 26154619, 26154619, 26154619, 26154619, 26154619, 26154619, 26154619, 26154619, 26154619, 26154619, 26154619, 26154619, 26220245, 26357563, 26357563, 26357563, 26357563, 26357563, 26357563, 26357563, 26357563, 26357563, 26357563, 26357563, 26357563, 26357563, 26357563, 26357563, 26310319, 26211925, 26211925, 26211925, 26211925, 26211925, 26211925, 26211925, 26211925, 26211925, 26211925, 26211925, 26211925, 26211925, 26211925, 26211925, 26310319, 26211925, 26211925, 26211925, 26211925, 26211925, 26211925, 26211925, 26211925, 26211925, 26211925, 26211925, 26211925, 26211925, 26211925, 26211925, 26310319, 26211925, 26211925, 26211925, 26211925, 26211925, 26211925, 26211925, 26211925, 26211925, 28599514, 28107904]",0,0,0,NPU,0,0,0,0,0,0,1.0,hot,0,0,0,0,1.0,0
0,257,meta-llama/Llama-3.1-8B,63,95,25052699487,210483978518,185431279031,178033716285,178087203563,236905660,"[27766321, 27766321, 879023492, 28193675, 28193675, 28193675, 28193675, 28193675, 3101494509, 28272208, 28272208, 28272208, 28272208, 28272208, 28272208, 28272208, 28272208, 28272208, 28272208, 28272208, 28272208, 28272208, 28272208, 28272208, 2576057821, 28107904, 27761521, 27761521, 27761521, 27761521, 27761521]",0,0,0,NPU,0,0,0,0,0,0,1.0,hot,0,0,0,0,1.0,0
0,244,meta-llama/Llama-3.1-8B,38,156,23063805313,210706098142,187642292829,165765242691,165878081953,186018896,"[28107904, 28107904, 28107904, 28107904, 28114176, 27766321, 27766321, 27766321, 27766321, 27766321, 27766321, 27766321, 27766321, 27766321, 27766321, 849069976, 27685307, 27685307, 27685307, 27685307, 27685307, 27512576, 27512576, 27512576, 27512576, 27512576, 27512576, 27512576, 27512576, 27512576, 27512576, 27512576, 27512576, 27512576, 27512576, 27512576, 27278932, 27278932, 27278932, 27278932, 27278932, 27278932, 27278932, 27278932, 27278932, 27232760, 27232760, 27232760, 27232760, 27232760, 27232760, 27232760, 27232760, 27232760, 27232760, 188261503, 27232760, 27103283, 27103283, 27103283, 27103283, 187670758, 27232760, 1530772293, 27232760, 27232760, 2982920301, 26699917, 3550096425, 26349776, 26349776, 26349776, 26349776, 58324829, 3014294341, 27766321, 27766321, 26695203, 852328289, 28193675, 28193675, 28193675, 28193675, 28193675, 26695203, 26695203, 3048104103, 28272208, 28272208, 28272208, 28272208, 28272208, 28272208, 28272208, 28272208, 28272208, 28272208, 28272208, 28272208, 28272208, 28272208, 28272208, 2576057821, 28107904, 27761521, 27761521, 27761521, 27761521, 27761521, 27764953, 27764953, 27764953, 27764953, 27764953, 27764953, 27764953, 27764953]",0,0,0,NPU,0,0,0,0,0,0,1.0,hot,0,0,0,0,1.0,0
0,259,meta-llama/Llama-3.1-8B,14,55,25147333539,210733782553,185586449014,177939082233,177992569511,189846987,"[27766321, 27766321, 879023492, 28193675, 28193675, 28193675, 28193675, 28193675, 3101494509, 28272208, 28272208, 28272208, 28272208, 28272208, 28272208, 28272208, 28272208, 28272208, 28272208, 28272208, 28272208, 28272208, 28272208, 28272208, 2576057821, 28107904, 27761521, 27761521, 27761521, 27761521, 27761521, 27764953, 27764953, 27764953, 27764953, 27764953, 27764953, 27764953, 27764953, 27684411]",0,0,0,CXL,0,4194304,0,4194304,4194304,4194304,1.0,hot,0,0,0,0,1.0,8388608
0,249,meta-llama/Llama-3.1-8B,205,258,24246447934,210871345433,186624897499,169047134786,169101254679,336993131,"[27232760, 27232760, 6723440576, 3014294341, 27766321, 27766321, 26695203, 852328289, 28193675, 28193675, 28193675, 28193675, 28193675, 26695203, 26695203, 3048104103, 28272208, 28272208, 28272208, 28272208, 28272208, 28272208, 28272208, 28272208, 28272208, 28272208, 28272208, 28272208, 28272208, 28272208, 28272208, 2576057821, 28107904, 27761521, 27761521, 27761521, 27761521, 27761521, 27764953, 27764953, 27764953, 27764953, 27764953, 27764953, 27764953, 27764953, 27684411, 27512576, 27512576, 27512576, 27512576, 27512576]",0,0,0,NPU,0,0,0,0,0,0,1.0,hot,0,0,0,0,1.0,0
0,240,meta-llama/Llama-3.1-8B,305,442,22461911614,211007740093,188545828479,166367136390,166479975652,162248917,"[28107904, 28107904, 28107904, 28107904, 28114176, 27766321, 27766321, 27766321, 27766321, 27766321, 27766321, 27766321, 27766321, 27766321, 27766321, 849069976, 27685307, 27685307, 27685307, 27685307, 27685307, 27512576, 27512576, 27512576, 27512576, 27512576, 27512576, 27512576, 27512576, 27512576, 27512576, 27512576, 27512576, 27512576, 27512576, 27512576, 27278932, 27278932, 27278932, 27278932, 27278932, 27278932, 27278932, 27278932, 27278932, 27232760, 27232760, 27232760, 27232760, 27232760, 27232760, 27232760, 27232760, 27232760, 27232760, 188261503, 27232760, 27103283, 27103283, 27103283, 27103283, 187670758, 27232760, 859072944, 26553020, 26553020, 618593309, 27232760, 27232760, 551961912, 26349776, 2404608613, 26699917, 3550096425, 26349776, 26349776, 26349776, 26349776, 26164062, 32160767, 3014294341, 27766321, 27766321, 26695203, 852328289, 28193675, 28193675, 28193675, 28193675, 28193675, 26695203, 26695203, 25614678, 25614678, 2996874747, 28272208, 28272208, 28272208, 28272208, 28272208, 28272208, 28272208, 28272208, 28272208, 28272208, 28272208, 28272208, 28272208, 28272208, 28272208, 2576057821, 28107904, 27761521, 27761521, 27761521, 27761521, 27761521, 27764953, 27764953, 27764953, 27764953, 27764953, 27764953, 27764953, 27764953, 27684411, 27512576, 27512576, 27512576, 27512576, 27512576, 27278932, 27278932, 27278932, 27278932, 27278932]",0,0,0,NPU,0,0,0,0,0,0,1.0,hot,0,0,0,0,1.0,0
0,230,meta-llama/Llama-3.1-8B,114,391,21647607547,211314239624,189666632077,165948601138,166261416740,84801504,"[26790979, 267298250, 27278932, 27278932, 684215886, 28107904, 28107904, 28107904, 28107904, 28114176, 27766321, 27766321, 27766321, 27766321, 27766321, 27766321, 27766321, 27766321, 27766321, 27766321, 849069976, 27685307, 27685307, 27685307, 27685307, 27685307, 27512576, 27512576, 27512576, 27512576, 27512576, 27512576, 27512576, 27512576, 27512576, 27512576, 27512576, 27512576, 27512576, 27512576, 27512576, 27278932, 27278932, 27278932, 27278932, 27278932, 27278932, 27278932, 27278932, 27278932, 27232760, 27232760, 27232760, 27232760, 27232760, 27232760, 27232760, 27232760, 27232760, 27232760, 188261503, 27232760, 27103283, 27103283, 27103283, 27103283, 187670758, 27232760, 859072944, 26553020, 26553020, 359574754, 26019124, 26019124, 206980307, 27232760, 27232760, 551961912, 26349776, 386509092, 25739482, 25739482, 25739482, 25820922, 25820922, 25820922, 257263179, 25820922, 25820922, 25820922, 25820922, 25820922, 25820922, 1451229598, 26699917, 846296105, 25916533, 25916533, 25916533, 25916533, 25916533, 25916533, 26042517, 26042517, 26042517, 26042517, 26042517, 26042517, 26042517, 1739998574, 26464944, 26464944, 26464944, 26464944, 26464944, 25820922, 25820922, 25820922, 25820922, 25820922, 25820922, 25820922, 26042517, 26042517, 26042517, 26151329, 25921863, 25921863, 25921863, 25921863, 25921863, 25921863, 25921863, 27201834, 26349776, 26349776, 26349776, 26349776, 26164062, 32160767, 26464944, 2646839462, 26464944, 26464944, 26475376, 26475376, 25853850, 25853850, 25853850, 25921863, 25921863, 25921863, 26294878, 53487278, 27766321, 27766321, 26695203, 852328289, 28193675, 28193675, 28193675, 28193675, 28193675, 26695203, 26695203, 25614678, 25614678, 26421342, 26421342, 25892415, 25892415, 25892415, 25892415, 2840462403, 28272208, 28272208, 28272208, 28272208, 28272208, 28272208, 28272208, 28272208, 28272208, 28272208, 28272208, 28272208, 28272208, 28272208, 28272208, 25897854, 25897854, 25897854, 25897854, 25897854, 25897854, 25897854, 25886548, 25820922, 25820922, 25820922, 26042517, 26042517, 26042517, 26042517, 26042517, 1057725717, 26211925, 26211925, 26211925, 26211925, 26211925, 26211925, 26211925, 26211925, 26211925, 26211925, 26211925, 26211925, 26211925, 26211925, 26211925, 26310319, 26211925, 26211925, 26211925, 26211925, 26211925, 26211925, 26211925, 26211925, 26211925, 26211925, 26211925, 26211925, 26211925, 26211925, 26211925, 26310319, 26211925, 26211925, 26211925, 26211925, 26211925, 26211925, 26211925, 26211925, 26211925, 28599514, 28107904, 27761521, 27761521, 27761521, 27761521, 27761521, 27764953, 27764953, 27764953, 27764953, 27764953, 27764953, 27764953, 27764953, 27684411, 27512576, 27512576, 27512576, 27512576, 27512576, 27278932, 27278932, 27278932, 27278932, 27278932, 249955115, 28272208, 28272208]",0,0,0,NPU,0,0,0,0,0,0,1.0,hot,0,0,0,0,1.0,0
0,232,meta-llama/Llama-3.1-8B,20,351,21803466669,215126112735,193322646066,165792742016,166105557618,82476025,"[26790979, 267298250, 27278932, 27278932, 684215886, 28107904, 28107904, 28107904, 28107904, 28114176, 27766321, 27766321, 27766321, 27766321, 27766321, 27766321, 27766321, 27766321, 27766321, 27766321, 849069976, 27685307, 27685307, 27685307, 27685307, 27685307, 27512576, 27512576, 27512576, 27512576, 27512576, 27512576, 27512576, 27512576, 27512576, 27512576, 27512576, 27512576, 27512576, 27512576, 27512576, 27278932, 27278932, 27278932, 27278932, 27278932, 27278932, 27278932, 27278932, 27278932, 27232760, 27232760, 27232760, 27232760, 27232760, 27232760, 27232760, 27232760, 27232760, 27232760, 188261503, 27232760, 27103283, 27103283, 27103283, 27103283, 187670758, 27232760, 859072944, 26553020, 26553020, 618593309, 27232760, 27232760, 551961912, 26349776, 2404608613, 26699917, 2924091496, 26464944, 26464944, 26464944, 26464944, 26464944, 25820922, 25820922, 25820922, 25820922, 25820922, 25820922, 25820922, 312933755, 26349776, 26349776, 26349776, 26349776, 26164062, 32160767, 26464944, 2646839462, 26464944, 26464944, 26475376, 26475376, 25853850, 25853850, 25853850, 157547745, 27766321, 27766321, 26695203, 852328289, 28193675, 28193675, 28193675, 28193675, 28193675, 26695203, 26695203, 25614678, 25614678, 26421342, 26421342, 2944032063, 28272208, 28272208, 28272208, 28272208, 28272208, 28272208, 28272208, 28272208, 28272208, 28272208, 28272208, 28272208, 28272208, 28272208, 28272208, 25897854, 25897854, 25897854, 25897854, 25897854, 25897854, 25897854, 25886548, 25820922, 25820922, 25820922, 26042517, 26042517, 26042517, 26042517, 26042517, 2161210944, 28107904, 27761521, 27761521, 27761521, 27761521, 27761521, 27764953, 27764953, 27764953, 27764953, 27764953, 27764953, 27764953, 27764953, 27684411, 27512576, 27512576, 27512576, 27512576, 27512576, 27278932, 27278932, 27278932, 27278932, 27278932, 249955115, 28272208, 28272208, 33521366, 28193675, 28193675, 28193675, 28193675, 28193675, 28193675, 28193675, 28193675, 28107904, 26211925, 26211925, 26211925, 26211925, 26211925, 26211925, 26211925, 26211925, 26211925, 25078197, 25012571, 25012571, 25012571, 25012571, 25012571, 25012571, 25012571, 25012571, 25012571, 25012571, 25012571, 25012571, 25012571, 25012571, 25012571, 25078197, 25012571, 25012571, 25012571, 25012571, 25012571, 25012571, 25012571, 25012571, 25012571, 25012571, 25012571, 25012571, 25012571, 25012571, 25012571, 25078197, 25177211, 25177211, 25177211, 25177211, 25177211, 25177211, 25177211, 25177211, 25177211, 25177211, 25177211, 25177211, 25177211, 25177211, 25177211, 26310319, 26447349, 26447349, 26447349, 26447349, 26447349, 26447349, 26447349, 26447349, 26447349, 26447349, 26447349, 26447349, 26447349, 26447349, 26447349, 26545743, 26447349, 26447349, 26447349, 26447349, 26447349, 26447349, 26447349, 26447349, 26447349, 26447349, 26447349, 26447349, 26447349, 26447349, 26447349, 26545743, 26447349, 26447349, 26447349, 26447349, 26447349, 26447349, 26447349, 26447349, 26447349, 26447349, 26447349, 26447349, 26447349, 26447349, 26447349, 26545743, 26447349, 26447349, 26447349, 26447349, 26447349, 26447349, 26447349, 26447349, 26447349, 26447349, 26447349, 26447349, 26447349, 26447349, 26447349, 26639306, 26475376, 26475376, 26475376, 26475376, 26475376, 26019124, 26019124, 26019124, 25491349, 26032767, 26032767, 26032767, 26032767, 26032767]",0,0,0,CXL,0,29360128,0,29360128,29360128,29360128,1.0,hot,0,0,0,0,1.0,58720256
0,231,meta-llama/Llama-3.1-8B,14,410,21717451079,216675304537,194957853458,165878757606,166191573208,72826025,"[26790979, 267298250, 27278932, 27278932, 684215886, 28107904, 28107904, 28107904, 28107904, 28114176, 27766321, 27766321, 27766321, 27766321, 27766321, 27766321, 27766321, 27766321, 27766321, 27766321, 849069976, 27685307, 27685307, 27685307, 27685307, 27685307, 27512576, 27512576, 27512576, 27512576, 27512576, 27512576, 27512576, 27512576, 27512576, 27512576, 27512576, 27512576, 27512576, 27512576, 27512576, 27278932, 27278932, 27278932, 27278932, 27278932, 27278932, 27278932, 27278932, 27278932, 27232760, 27232760, 27232760, 27232760, 27232760, 27232760, 27232760, 27232760, 27232760, 27232760, 188261503, 27232760, 27103283, 27103283, 27103283, 27103283, 187670758, 27232760, 859072944, 26553020, 26553020, 618593309, 27232760, 27232760, 551961912, 26349776, 2404608613, 26699917, 2924091496, 26464944, 26464944, 26464944, 26464944, 26464944, 25820922, 25820922, 25820922, 25820922, 25820922, 25820922, 25820922, 26042517, 26042517, 26042517, 234806204, 26349776, 26349776, 26349776, 26349776, 26164062, 32160767, 26464944, 2646839462, 26464944, 26464944, 26475376, 26475376, 25853850, 25853850, 25853850, 25921863, 25921863, 25921863, 79782156, 27766321, 27766321, 26695203, 852328289, 28193675, 28193675, 28193675, 28193675, 28193675, 26695203, 26695203, 25614678, 25614678, 26421342, 26421342, 2944032063, 28272208, 28272208, 28272208, 28272208, 28272208, 28272208, 28272208, 28272208, 28272208, 28272208, 28272208, 28272208, 28272208, 28272208, 28272208, 25897854, 25897854, 25897854, 25897854, 25897854, 25897854, 25897854, 25886548, 25820922, 25820922, 25820922, 26042517, 26042517, 26042517, 26042517, 26042517, 2161210944, 28107904, 27761521, 27761521, 27761521, 27761521, 27761521, 27764953, 27764953, 27764953, 27764953, 27764953, 27764953, 27764953, 27764953, 27684411, 27512576, 27512576, 27512576, 27512576, 27512576, 27278932, 27278932, 27278932, 27278932, 27278932, 249955115, 28272208, 28272208, 33521366, 28193675, 28193675, 28193675, 28193675, 28193675, 28193675, 28193675, 28193675, 28107904, 26211925, 26211925, 26211925, 26211925, 26211925, 26211925, 26211925, 26211925, 26211925, 25078197, 25012571, 25012571, 25012571, 25012571, 25012571, 25012571, 25012571, 25012571, 25012571, 25012571, 25012571, 25012571, 25012571, 25012571, 25012571, 25078197, 25012571, 25012571, 25012571, 25012571, 25012571, 25012571, 25012571, 25012571, 25012571, 25012571, 25012571, 25012571, 25012571, 25012571, 25012571, 25078197, 25177211, 25177211, 25177211, 25177211, 25177211, 25177211, 25177211, 25177211, 25177211, 25177211, 25177211, 25177211, 25177211, 25177211, 25177211, 26310319, 26447349, 26447349, 26447349, 26447349, 26447349, 26447349, 26447349, 26447349, 26447349, 26447349, 26447349, 26447349, 26447349, 26447349, 26447349, 26545743, 26447349, 26447349, 26447349, 26447349, 26447349, 26447349, 26447349, 26447349, 26447349, 26447349, 26447349, 26447349, 26447349, 26447349, 26447349, 26545743, 26447349, 26447349, 26447349, 26447349, 26447349, 26447349, 26447349, 26447349, 26447349, 26447349, 26447349, 26447349, 26447349, 26447349, 26447349, 26545743, 26447349, 26447349, 26447349, 26447349, 26447349, 26447349, 26447349, 26447349, 26447349, 26447349, 26447349, 26447349, 26447349, 26447349, 26447349, 26639306, 26475376, 26475376, 26475376, 26475376, 26475376, 26019124, 26019124, 26019124, 25491349, 26032767, 26032767, 26032767, 26032767, 26032767, 28297523, 25567390, 25567390, 25567390, 25567390, 25567390, 25567390, 25567390, 25567390, 25567390, 25567390, 25567390, 25567390, 25567390, 25567390, 25567390, 25567390, 26917461, 26851835, 26851835, 26851835, 26851835, 26851835, 26851835, 26851835, 26851835, 26851835, 26851835, 26851835, 26851835, 26851835, 26851835, 26851835, 26052696, 25954302, 25954302, 25954302, 25954302, 25954302, 25954302, 25954302, 25954302, 25954302, 25954302, 25954302, 25954302, 25954302, 25954302, 26600885, 26699279, 26600885, 26600885, 26600885, 26600885, 26600885, 26600885, 26600885, 26600885, 26600885]",0,0,0,CXL,0,62914560,0,62914560,62914560,62914560,1.0,hot,0,0,0,0,1.0,125829120
0,234,meta-llama/Llama-3.1-8B,48,382,21893017501,219738515336,197845497835,166042797765,166310096015,94700906,"[27278932, 27278932, 684215886, 28107904, 28107904, 28107904, 28107904, 28114176, 27766321, 27766321, 27766321, 27766321, 27766321, 27766321, 27766321, 27766321, 27766321, 27766321, 849069976, 27685307, 27685307, 27685307, 27685307, 27685307, 27512576, 27512576, 27512576, 27512576, 27512576, 27512576, 27512576, 27512576, 27512576, 27512576, 27512576, 27512576, 27512576, 27512576, 27512576, 27278932, 27278932, 27278932, 27278932, 27278932, 27278932, 27278932, 27278932, 27278932, 27232760, 27232760, 27232760, 27232760, 27232760, 27232760, 27232760, 27232760, 27232760, 27232760, 188261503, 27232760, 27103283, 27103283, 27103283, 27103283, 187670758, 27232760, 859072944, 26553020, 26553020, 618593309, 27232760, 27232760, 551961912, 26349776, 2404608613, 26699917, 2924091496, 26464944, 26464944, 26464944, 26464944, 26464944, 493680209, 26349776, 26349776, 26349776, 26349776, 26164062, 32160767, 26464944, 2646839462, 26464944, 26464944, 26475376, 26475376, 235109295, 27766321, 27766321, 26695203, 852328289, 28193675, 28193675, 28193675, 28193675, 28193675, 26695203, 26695203, 25614678, 25614678, 26421342, 26421342, 2944032063, 28272208, 28272208, 28272208, 28272208, 28272208, 28272208, 28272208, 28272208, 28272208, 28272208, 28272208, 28272208, 28272208, 28272208, 28272208, 207171526, 25820922, 25820922, 25820922, 26042517, 26042517, 26042517, 26042517, 26042517, 2161210944, 28107904, 27761521, 27761521, 27761521, 27761521, 27761521, 27764953, 27764953, 27764953, 27764953, 27764953, 27764953, 27764953, 27764953, 27684411, 27512576, 27512576, 27512576, 27512576, 27512576, 27278932, 27278932, 27278932, 27278932, 27278932, 249955115, 28272208, 28272208, 33521366, 28193675, 28193675, 28193675, 28193675, 28193675, 28193675, 28193675, 28193675, 28107904, 3158605005, 26475376, 26475376, 26475376, 26475376, 26475376, 26019124, 26019124, 26019124, 25491349, 26032767, 26032767, 26032767, 26032767, 26032767, 28297523, 864825922, 25954302, 25954302, 25954302, 25954302, 25954302, 25954302, 25954302, 25954302, 25954302, 25954302, 25954302, 25954302, 25954302, 25954302, 26600885, 26699279, 26600885, 26600885, 26600885, 26600885, 26600885, 26600885, 26600885, 26600885, 26600885, 28599514, 25782115, 25820922, 25820922, 25820922, 25820922, 25886548, 25668423, 25668423, 25668423, 25668423, 25668423, 25668423, 25668423, 25668423, 25859550, 26851835, 26851835, 26851835, 26851835, 26851835, 26851835, 26917461, 26851835, 26851835, 26851835, 26851835, 26851835, 26851835, 26851835, 26851835, 26851835, 26851835, 26851835, 26851835, 26851835, 26851835, 26851835, 26545743, 26447349, 26447349, 26447349, 26447349, 26447349, 26447349, 26447349, 26447349, 26447349, 26447349, 26447349, 26600885, 26600885, 26600885, 26600885, 26699279, 26600885, 26600885, 26600885, 26600885, 26600885, 26600885, 26600885, 26600885, 26600885, 26600885, 26600885, 26600885, 26600885, 26600885, 26600885, 26699279, 26600885, 26600885, 26600885, 26600885, 26600885, 26600885, 26600885, 26600885, 26600885, 26600885, 26600885, 26600885, 26600885, 26600885, 26600885, 26163929, 26032767, 26032767, 26032767, 26032767, 26032767, 26032767, 26032767, 26032767, 26032767, 26032767, 26032767, 26032767, 26032767, 26032767, 26032767, 26163929, 26032767, 26032767, 26032767, 26032767, 26032767, 26032767, 26032767, 26032767, 26253855, 26253855, 26253855, 26253855, 26253855]",0,0,0,NPU,0,0,0,0,0,0,1.0,hot,0,0,0,0,1.0,0
0,246,meta-llama/Llama-3.1-8B,955,1051,23383251485,220773803136,197390551651,167894867922,168083129425,308499181,"[27232760, 27103283, 27103283, 27103283, 27103283, 187670758, 27232760, 1530772293, 27232760, 27232760, 6723440576, 3014294341, 27766321, 27766321, 26695203, 852328289, 28193675, 28193675, 28193675, 28193675, 28193675, 26695203, 26695203, 3048104103, 28272208, 28272208, 28272208, 28272208, 28272208, 28272208, 28272208, 28272208, 28272208, 28272208, 28272208, 28272208, 28272208, 28272208, 28272208, 2576057821, 28107904, 27761521, 27761521, 27761521, 27761521, 27761521, 27764953, 27764953, 27764953, 27764953, 27764953, 27764953, 27764953, 27764953, 27684411, 27512576, 27512576, 27512576, 27512576, 27512576, 27278932, 27278932, 27278932, 27278932, 27278932, 249955115, 28272208, 28272208, 33521366, 28193675, 28193675, 28193675, 28193675, 28193675, 28193675, 28193675, 28193675, 28107904, 3158605005, 26475376, 26475376, 26475376, 26475376, 26475376, 262010079, 1549493793, 25782115, 25820922, 25820922, 25820922, 25820922, 25886548, 2907868619, 27685307, 979392808]",0,0,0,NPU,0,0,0,0,0,0,1.0,hot,0,0,0,0,1.0,0
0,242,meta-llama/Llama-3.1-8B,41,240,23016018843,221611476898,198595458055,165813029161,165925868423,164997927,"[28107904, 28107904, 28107904, 28107904, 28114176, 27766321, 27766321, 27766321, 27766321, 27766321, 27766321, 27766321, 27766321, 27766321, 27766321, 849069976, 27685307, 27685307, 27685307, 27685307, 27685307, 27512576, 27512576, 27512576, 27512576, 27512576, 27512576, 27512576, 27512576, 27512576, 27512576, 27512576, 27512576, 27512576, 27512576, 27512576, 27278932, 27278932, 27278932, 27278932, 27278932, 27278932, 27278932, 27278932, 27278932, 27232760, 27232760, 27232760, 27232760, 27232760, 27232760, 27232760, 27232760, 27232760, 27232760, 188261503, 27232760, 27103283, 27103283, 27103283, 27103283, 187670758, 27232760, 1530772293, 27232760, 27232760, 2982920301, 26699917, 3550096425, 26349776, 26349776, 26349776, 26349776, 58324829, 3014294341, 27766321, 27766321, 26695203, 852328289, 28193675, 28193675, 28193675, 28193675, 28193675, 26695203, 26695203, 3048104103, 28272208, 28272208, 28272208, 28272208, 28272208, 28272208, 28272208, 28272208, 28272208, 28272208, 28272208, 28272208, 28272208, 28272208, 28272208, 2576057821, 28107904, 27761521, 27761521, 27761521, 27761521, 27761521, 27764953, 27764953, 27764953, 27764953, 27764953, 27764953, 27764953, 27764953, 27684411, 27512576, 27512576, 27512576, 27512576, 27512576, 27278932, 27278932, 27278932, 27278932, 27278932, 249955115, 28272208, 28272208, 33521366, 28193675, 28193675, 28193675, 28193675, 28193675, 28193675, 28193675, 28193675, 28107904, 3158605005, 26475376, 26475376, 26475376, 26475376, 26475376, 26019124, 26019124, 26019124, 183952707, 1549493793, 25782115, 25820922, 25820922, 25820922, 25820922, 25886548, 25668423, 25668423, 25668423, 25668423, 25668423, 25668423, 25668423, 25668423, 2702521235, 27685307, 979392808, 75487437, 27761521, 27761521, 27761521, 27761521, 27761521, 27761521, 27761521, 27761521, 27761521, 27761521, 27766321, 27766321, 27766321, 27766321, 27766321, 27766321, 27766321, 27766321, 27766321, 27766321, 25782115, 25782115, 25782115, 25782115, 25782115, 25782115, 25846330, 26368885]",0,0,0,NPU,0,0,0,0,0,0,1.0,hot,0,0,0,0,1.0,0
0,238,meta-llama/Llama-3.1-8B,28,310,22160309943,223517432507,201357122564,165775505323,166042803573,125673733,"[27278932, 27278932, 684215886, 28107904, 28107904, 28107904, 28107904, 28114176, 27766321, 27766321, 27766321, 27766321, 27766321, 27766321, 27766321, 27766321, 27766321, 27766321, 849069976, 27685307, 27685307, 27685307, 27685307, 27685307, 27512576, 27512576, 27512576, 27512576, 27512576, 27512576, 27512576, 27512576, 27512576, 27512576, 27512576, 27512576, 27512576, 27512576, 27512576, 27278932, 27278932, 27278932, 27278932, 27278932, 27278932, 27278932, 27278932, 27278932, 27232760, 27232760, 27232760, 27232760, 27232760, 27232760, 27232760, 27232760, 27232760, 27232760, 188261503, 27232760, 27103283, 27103283, 27103283, 27103283, 187670758, 27232760, 859072944, 26553020, 26553020, 618593309, 27232760, 27232760, 551961912, 26349776, 2404608613, 26699917, 3550096425, 26349776, 26349776, 26349776, 26349776, 26164062, 32160767, 3014294341, 27766321, 27766321, 26695203, 852328289, 28193675, 28193675, 28193675, 28193675, 28193675, 26695203, 26695203, 25614678, 25614678, 26421342, 26421342, 2944032063, 28272208, 28272208, 28272208, 28272208, 28272208, 28272208, 28272208, 28272208, 28272208, 28272208, 28272208, 28272208, 28272208, 28272208, 28272208, 2576057821, 28107904, 27761521, 27761521, 27761521, 27761521, 27761521, 27764953, 27764953, 27764953, 27764953, 27764953, 27764953, 27764953, 27764953, 27684411, 27512576, 27512576, 27512576, 27512576, 27512576, 27278932, 27278932, 27278932, 27278932, 27278932, 249955115, 28272208, 28272208, 33521366, 28193675, 28193675, 28193675, 28193675, 28193675, 28193675, 28193675, 28193675, 28107904, 3158605005, 26475376, 26475376, 26475376, 26475376, 26475376, 26019124, 26019124, 26019124, 183952707, 864825922, 25954302, 25954302, 25954302, 25954302, 25954302, 25954302, 25954302, 25954302, 25954302, 25954302, 25954302, 25954302, 25954302, 25954302, 321307643, 25782115, 25820922, 25820922, 25820922, 25820922, 25886548, 25668423, 25668423, 25668423, 25668423, 25668423, 25668423, 25668423, 25668423, 25859550, 2676661685, 27685307, 979392808, 75487437, 27761521, 27761521, 27761521, 27761521, 27761521, 27761521, 27761521, 27761521, 27761521, 27761521, 27766321, 27766321, 27766321, 27766321, 27766321, 27766321, 27766321, 27766321, 27766321, 27766321, 25782115, 25782115, 25782115, 25782115, 25782115, 25782115, 25846330, 26368885, 27773145, 27773145, 27773145, 26699917, 26699917, 26445624, 26445624, 26445624, 25846330, 25846330, 25846330, 25846330, 25846330, 25846330, 25846330, 25846330, 510660173, 26253855, 26253855, 26253855, 26253855, 26253855, 26253855, 26253855, 26253855, 26253855, 26253855, 26253855, 26253855, 26253855, 26253855, 26253855, 26385017, 26253855, 26253855, 26253855, 26253855, 26253855, 26253855, 26253855, 26253855, 26316447, 26316447, 26316447, 26316447, 26316447, 26316447, 26316447, 26447609, 26316447, 26316447, 26316447, 26316447, 26316447]",0,0,0,CXL,0,14680064,0,14680064,14680064,14680064,1.0,hot,0,0,0,0,1.0,29360128
0,245,meta-llama/Llama-3.1-8B,24,240,23327357658,223941599800,200614242142,165501690346,165614529608,162789360,"[28107904, 28107904, 28107904, 28107904, 28114176, 27766321, 27766321, 27766321, 27766321, 27766321, 27766321, 27766321, 27766321, 27766321, 27766321, 849069976, 27685307, 27685307, 27685307, 27685307, 27685307, 27512576, 27512576, 27512576, 27512576, 27512576, 27512576, 27512576, 27512576, 27512576, 27512576, 27512576, 27512576, 27512576, 27512576, 27512576, 27278932, 27278932, 27278932, 27278932, 27278932, 27278932, 27278932, 27278932, 27278932, 27232760, 27232760, 27232760, 27232760, 27232760, 27232760, 27232760, 27232760, 27232760, 27232760, 188261503, 27232760, 27103283, 27103283, 27103283, 27103283, 187670758, 27232760, 1530772293, 27232760, 27232760, 6723440576, 3014294341, 27766321, 27766321, 26695203, 852328289, 28193675, 28193675, 28193675, 28193675, 28193675, 26695203, 26695203, 3048104103, 28272208, 28272208, 28272208, 28272208, 28272208, 28272208, 28272208, 28272208, 28272208, 28272208, 28272208, 28272208, 28272208, 28272208, 28272208, 2576057821, 28107904, 27761521, 27761521, 27761521, 27761521, 27761521, 27764953, 27764953, 27764953, 27764953, 27764953, 27764953, 27764953, 27764953, 27684411, 27512576, 27512576, 27512576, 27512576, 27512576, 27278932, 27278932, 27278932, 27278932, 27278932, 249955115, 28272208, 28272208, 33521366, 28193675, 28193675, 28193675, 28193675, 28193675, 28193675, 28193675, 28193675, 28107904, 3158605005, 26475376, 26475376, 26475376, 26475376, 26475376, 26019124, 26019124, 26019124, 183952707, 1549493793, 25782115, 25820922, 25820922, 25820922, 25820922, 25886548, 2907868619, 27685307, 979392808, 75487437, 27761521, 27761521, 27761521, 27761521, 27761521, 27761521, 27761521, 27761521, 27761521, 27761521, 27766321, 27766321, 27766321, 27766321, 27766321, 27766321, 27766321, 27766321, 27766321, 27766321, 25782115, 25782115, 25782115, 25782115, 25782115, 25782115, 25846330, 26368885, 27773145, 27773145, 27773145, 26699917, 26699917, 26445624, 26445624, 26445624, 25846330, 25846330, 25846330, 25846330, 25846330, 25846330, 25846330, 25846330, 1510314881, 26956587, 26956587, 26956587, 26956587, 26726923, 26726923, 26445624, 25846330, 25846330, 26596106, 26464944, 26125428, 26125428, 26125428, 26125428]",0,0,0,CXL,0,12582912,0,12582912,12582912,12582912,1.0,hot,0,0,0,0,1.0,25165824
0,236,meta-llama/Llama-3.1-8B,34,421,22054151417,224765052411,202710900994,165881663849,166148962099,94720048,"[27278932, 27278932, 684215886, 28107904, 28107904, 28107904, 28107904, 28114176, 27766321, 27766321, 27766321, 27766321, 27766321, 27766321, 27766321, 27766321, 27766321, 27766321, 849069976, 27685307, 27685307, 27685307, 27685307, 27685307, 27512576, 27512576, 27512576, 27512576, 27512576, 27512576, 27512576, 27512576, 27512576, 27512576, 27512576, 27512576, 27512576, 27512576, 27512576, 27278932, 27278932, 27278932, 27278932, 27278932, 27278932, 27278932, 27278932, 27278932, 27232760, 27232760, 27232760, 27232760, 27232760, 27232760, 27232760, 27232760, 27232760, 27232760, 188261503, 27232760, 27103283, 27103283, 27103283, 27103283, 187670758, 27232760, 859072944, 26553020, 26553020, 618593309, 27232760, 27232760, 551961912, 26349776, 2404608613, 26699917, 3550096425, 26349776, 26349776, 26349776, 26349776, 26164062, 32160767, 26464944, 2646839462, 26464944, 26464944, 26475376, 26475376, 235109295, 27766321, 27766321, 26695203, 852328289, 28193675, 28193675, 28193675, 28193675, 28193675, 26695203, 26695203, 25614678, 25614678, 26421342, 26421342, 2944032063, 28272208, 28272208, 28272208, 28272208, 28272208, 28272208, 28272208, 28272208, 28272208, 28272208, 28272208, 28272208, 28272208, 28272208, 28272208, 207171526, 25820922, 25820922, 25820922, 2291423529, 28107904, 27761521, 27761521, 27761521, 27761521, 27761521, 27764953, 27764953, 27764953, 27764953, 27764953, 27764953, 27764953, 27764953, 27684411, 27512576, 27512576, 27512576, 27512576, 27512576, 27278932, 27278932, 27278932, 27278932, 27278932, 249955115, 28272208, 28272208, 33521366, 28193675, 28193675, 28193675, 28193675, 28193675, 28193675, 28193675, 28193675, 28107904, 3158605005, 26475376, 26475376, 26475376, 26475376, 26475376, 26019124, 26019124, 26019124, 183952707, 864825922, 25954302, 25954302, 25954302, 25954302, 25954302, 25954302, 25954302, 25954302, 25954302, 25954302, 25954302, 25954302, 25954302, 25954302, 321307643, 25782115, 25820922, 25820922, 25820922, 25820922, 25886548, 25668423, 25668423, 25668423, 25668423, 25668423, 25668423, 25668423, 25668423, 25859550, 1892265155, 26032767, 26032767, 26032767, 26032767, 26032767, 26032767, 26032767, 26032767, 26032767, 26032767, 26032767, 26032767, 26032767, 26032767, 26032767, 26163929, 26032767, 26032767, 26032767, 26032767, 26032767, 26032767, 26032767, 26032767, 26253855, 26253855, 26253855, 26253855, 26253855, 28209685, 27685307, 979392808, 75487437, 27761521, 27761521, 27761521, 27761521, 27761521, 27761521, 27761521, 27761521, 27761521, 27761521, 27766321, 27766321, 27766321, 27766321, 27766321, 27766321, 27766321, 27766321, 27766321, 27766321, 25782115, 25782115, 25782115, 25782115, 25782115, 25782115, 25846330, 26368885, 27773145, 27773145, 27773145, 26699917, 26699917, 26445624, 26445624, 26445624, 25846330, 25846330, 25846330, 25846330, 25846330, 25846330, 25846330, 25846330, 26898709, 26898709, 26997103, 26898709, 26898709, 26898709, 26898709, 26898709, 26898709, 26898709, 26898709, 26898709, 26898709, 26898709, 26898709, 26898709, 26898709, 26898709, 26385017, 26253855, 26253855, 26253855, 26253855, 26253855, 26253855, 26253855, 26253855, 26253855, 26253855, 26253855, 26253855, 26253855, 26253855, 26253855, 26385017, 26253855, 26253855, 26253855, 26253855, 26253855, 26253855, 26253855, 26253855, 26316447, 26316447, 26316447, 26316447, 26316447, 26316447, 26316447, 26447609, 26316447, 26316447, 26316447, 26316447, 26316447, 27186053, 26956587, 26956587, 26956587, 26956587, 26726923, 26726923, 26445624, 25846330, 25846330, 26596106, 26464944, 26125428, 26125428, 26125428, 26125428, 26891070, 26759908, 26759908, 26759908, 26445624, 26445624, 26125428, 26125428, 26125428, 26125428, 26256590, 26125428, 26125428, 26125428, 26125428, 26125428, 27029173, 27029173, 27029173, 27029173, 27029173, 27029173, 27029173, 27029173, 27029173, 27029173, 26447609, 26316447, 26316447, 26316447, 26316447]",0,0,0,CXL,0,29360128,0,29360128,29360128,29360128,1.0,hot,0,0,0,0,1.0,58720256
0,247,meta-llama/Llama-3.1-8B,942,1174,23723335686,226924068649,203200732963,167878691116,168066361874,152096844,"[27232760, 1530772293, 27232760, 27232760, 6723440576, 3014294341, 27766321, 27766321, 26695203, 852328289, 28193675, 28193675, 28193675, 28193675, 28193675, 26695203, 26695203, 3048104103, 28272208, 28272208, 28272208, 28272208, 28272208, 28272208, 28272208, 28272208, 28272208, 28272208, 28272208, 28272208, 28272208, 28272208, 28272208, 2576057821, 28107904, 27761521, 27761521, 27761521, 27761521, 27761521, 27764953, 27764953, 27764953, 27764953, 27764953, 27764953, 27764953, 27764953, 27684411, 27512576, 27512576, 27512576, 27512576, 27512576, 27278932, 27278932, 27278932, 27278932, 27278932, 249955115, 28272208, 28272208, 33521366, 28193675, 28193675, 28193675, 28193675, 28193675, 28193675, 28193675, 28193675, 28107904, 3158605005, 26475376, 26475376, 26475376, 26475376, 26475376, 262010079, 1549493793, 25782115, 3037038855, 27685307, 979392808, 75487437, 27761521, 27761521, 27761521, 27761521, 27761521, 27761521, 27761521, 27761521, 27761521, 27761521, 27766321, 27766321, 27766321, 27766321, 27766321, 27766321, 27766321, 27766321, 27766321, 27766321, 25782115, 25782115, 25782115, 25782115, 25782115, 25782115, 25846330, 26368885, 27773145, 27773145, 27773145, 26699917, 26699917, 26445624, 26445624, 26445624, 25846330, 25846330, 25846330, 25846330, 25846330, 25846330, 25846330, 25846330, 1510314881, 26956587, 26956587, 26956587, 26956587, 26726923, 26726923, 26445624, 25846330, 25846330, 26596106, 26464944, 26125428, 26125428, 26125428, 26125428, 26891070, 26759908, 26759908, 26759908, 26445624, 26445624, 26125428, 26125428, 26125428, 26125428, 26256590, 26125428, 26125428, 26125428, 26125428, 26125428, 429808437, 27278932, 27278932, 27278932, 27278932, 26287926, 26287926, 26287926, 26287926, 26287926, 26049543, 26256590, 26125428, 26125428, 26125428, 26125428, 324339168, 26887103, 26887103, 26887103, 26887103, 26887103, 26887103, 26887103, 26887103, 26887103, 26887103, 26887103, 26887103, 26887103, 26887103, 26887103, 27018265, 26887103, 26887103, 26887103, 26887103, 26887103, 26887103, 26887103, 26887103, 26922591, 26922591, 26922591, 26922591, 26922591, 26922591, 26922591, 26314063, 26150133, 26150133, 26150133, 26150133, 26150133, 26150133, 26150133, 26150133, 26150133, 26150133, 26150133, 26150133, 26150133, 26150133, 26150133, 26314063, 26150133, 26150133, 26150133, 26150133, 26150133]",0,0,0,NPU,0,0,0,0,0,0,1.0,hot,0,0,0,0,1.0,0
0,233,meta-llama/Llama-3.1-8B,1181,1882,21871296012,227033720675,205162424663,166064519254,166331817504,55472295,"[27278932, 27278932, 684215886, 28107904, 28107904, 28107904, 28107904, 28114176, 27766321, 27766321, 27766321, 27766321, 27766321, 27766321, 27766321, 27766321, 27766321, 27766321, 849069976, 27685307, 27685307, 27685307, 27685307, 27685307, 27512576, 27512576, 27512576, 27512576, 27512576, 27512576, 27512576, 27512576, 27512576, 27512576, 27512576, 27512576, 27512576, 27512576, 27512576, 27278932, 27278932, 27278932, 27278932, 27278932, 27278932, 27278932, 27278932, 27278932, 27232760, 27232760, 27232760, 27232760, 27232760, 27232760, 27232760, 27232760, 27232760, 27232760, 188261503, 27232760, 27103283, 27103283, 27103283, 27103283, 187670758, 27232760, 859072944, 26553020, 26553020, 618593309, 27232760, 27232760, 551961912, 26349776, 2404608613, 26699917, 2924091496, 26464944, 26464944, 26464944, 26464944, 26464944, 493680209, 26349776, 26349776, 26349776, 26349776, 26164062, 32160767, 26464944, 2646839462, 26464944, 26464944, 26475376, 26475376, 25853850, 25853850, 25853850, 157547745, 27766321, 27766321, 26695203, 852328289, 28193675, 28193675, 28193675, 28193675, 28193675, 26695203, 26695203, 25614678, 25614678, 26421342, 26421342, 2944032063, 28272208, 28272208, 28272208, 28272208, 28272208, 28272208, 28272208, 28272208, 28272208, 28272208, 28272208, 28272208, 28272208, 28272208, 28272208, 25897854, 25897854, 25897854, 25897854, 25897854, 25897854, 25897854, 25886548, 25820922, 25820922, 25820922, 26042517, 26042517, 26042517, 26042517, 26042517, 2161210944, 28107904, 27761521, 27761521, 27761521, 27761521, 27761521, 27764953, 27764953, 27764953, 27764953, 27764953, 27764953, 27764953, 27764953, 27684411, 27512576, 27512576, 27512576, 27512576, 27512576, 27278932, 27278932, 27278932, 27278932, 27278932, 249955115, 28272208, 28272208, 33521366, 28193675, 28193675, 28193675, 28193675, 28193675, 28193675, 28193675, 28193675, 28107904, 26211925, 26211925, 26211925, 26211925, 26211925, 26211925, 26211925, 26211925, 26211925, 1229580205, 26447349, 26447349, 26447349, 26447349, 26447349, 26447349, 26447349, 26447349, 26447349, 26447349, 26447349, 26447349, 26447349, 26447349, 26447349, 26545743, 26447349, 26447349, 26447349, 26447349, 26447349, 26447349, 26447349, 26447349, 26447349, 26447349, 26447349, 26447349, 26447349, 26447349, 26447349, 26545743, 26447349, 26447349, 26447349, 26447349, 26447349, 26447349, 26447349, 26447349, 26447349, 26447349, 26447349, 26447349, 26447349, 26447349, 26447349, 26545743, 26447349, 26447349, 26447349, 26447349, 26447349, 26447349, 26447349, 26447349, 26447349, 26447349, 26447349, 26447349, 26447349, 26447349, 26447349, 26639306, 26475376, 26475376, 26475376, 26475376, 26475376, 26019124, 26019124, 26019124, 25491349, 26032767, 26032767, 26032767, 26032767, 26032767, 28297523, 435995701, 26851835, 26851835, 26851835, 26851835, 26851835, 26851835, 26851835, 26851835, 26851835, 26851835, 26851835, 26851835, 26851835, 26851835, 26851835, 26052696, 25954302, 25954302, 25954302, 25954302, 25954302, 25954302, 25954302, 25954302, 25954302, 25954302, 25954302, 25954302, 25954302, 25954302, 26600885, 26699279, 26600885, 26600885, 26600885, 26600885, 26600885, 26600885, 26600885, 26600885, 26600885, 28599514, 25782115, 25820922, 25820922, 25820922, 25820922, 25886548, 25668423, 25668423, 25668423, 25668423, 25668423, 25668423, 25668423, 25668423, 25859550, 26851835, 26851835, 26851835, 26851835, 26851835, 26851835, 26917461, 26851835, 26851835, 26851835, 26851835, 26851835, 26851835, 26851835, 26851835, 26851835, 26851835, 26851835, 26851835, 26851835, 26851835, 26851835, 26545743, 26447349, 26447349, 26447349, 26447349, 26447349, 26447349, 26447349, 26447349, 26447349, 26447349, 26447349, 26600885, 26600885, 26600885, 26600885, 26699279, 26600885, 26600885, 26600885, 26600885, 26600885, 26600885, 26600885, 26600885, 26600885, 26600885, 26600885, 26600885, 26600885, 26600885, 26600885, 26699279, 26600885, 26600885, 26600885, 26600885, 26600885, 26600885, 26600885, 26600885, 26600885, 26600885, 26600885, 26600885, 26600885, 26600885, 26600885, 26163929, 26032767, 26032767, 26032767, 26032767, 26032767, 26032767, 26032767, 26032767, 26032767, 26032767, 26032767, 26032767, 26032767, 26032767, 26032767, 26163929, 26032767, 26032767, 26032767, 26032767, 26032767, 26032767, 26032767, 26032767, 26253855, 26253855, 26253855, 26253855, 26253855, 28209685, 27685307, 32509598, 32509598, 32509598, 32509598, 32509598, 32509598, 32509598, 32509598, 32509598, 32509598, 32509598, 32509598, 32509598, 32509598, 32509598, 32509598, 27085333, 27019707, 27019707, 27019707, 27019707, 27019707, 27019707, 27019707, 27019707, 27019707, 27019707, 27019707, 27019707, 27019707, 27019707, 27019707, 26858302, 75487437, 27761521, 27761521, 27761521, 27761521, 27761521, 27761521, 27761521, 27761521, 27761521, 27761521, 27766321, 27766321, 27766321, 27766321, 27766321, 27766321, 27766321, 27766321, 27766321, 27766321, 25782115, 25782115, 25782115, 25782115, 25782115, 25782115, 25846330, 26368885, 27773145, 27773145, 27773145, 26699917, 26699917, 26445624, 26445624, 26445624, 25846330, 25846330, 25846330, 25846330, 25846330, 25846330, 25846330, 25846330, 26898709, 26898709, 26997103, 26898709, 26898709, 26898709, 26898709, 26898709, 26898709, 26898709, 26898709, 26898709, 26898709, 26898709, 26898709, 26898709, 26898709, 26898709, 26385017, 26253855, 26253855, 26253855, 26253855, 26253855, 26253855, 26253855, 26253855, 26253855, 26253855, 26253855, 26253855, 26253855, 26253855, 26253855, 26385017, 26253855, 26253855, 26253855, 26253855, 26253855, 26253855, 26253855, 26253855, 26316447, 26316447, 26316447, 26316447, 26316447, 26316447, 26316447, 26447609, 26316447, 26316447, 26316447, 26316447, 26316447, 27186053, 26956587, 26956587, 26956587, 26956587, 26726923, 26726923, 26445624, 25846330, 25846330, 26596106, 26464944, 26125428, 26125428, 26125428, 26125428, 26891070, 26759908, 26759908, 26759908, 26445624, 26445624, 26125428, 26125428, 26125428, 26125428, 26256590, 26125428, 26125428, 26125428, 26125428, 26125428, 27029173, 27029173, 27029173, 27029173, 27029173, 27029173, 27029173, 27029173, 27029173, 27029173, 26447609, 26316447, 26316447, 26316447, 26316447, 27803310, 27278932, 27278932, 27278932, 27278932, 26287926, 26287926, 26287926, 26287926, 26287926, 26049543, 26256590, 26125428, 26125428, 26125428, 26125428, 27029173, 27029173, 27029173, 27029173, 27029173, 27029173, 27029173, 27029173, 27029173, 27029173, 27029173, 27018265, 26887103, 26887103, 26887103, 26887103, 26887103, 26887103, 26887103, 26887103, 26887103, 26887103, 26887103, 26887103, 26887103, 26887103, 26887103, 27018265, 26887103, 26887103, 26887103, 26887103, 26887103, 26887103, 26887103, 26887103, 26922591, 26922591, 26922591, 26922591, 26922591, 26922591, 26922591, 26314063, 26150133, 26150133, 26150133, 26150133, 26150133, 26150133, 26150133, 26150133, 26150133, 26150133, 26150133, 26150133, 26150133, 26150133, 26150133, 26314063, 26150133, 26150133, 26150133, 26150133, 26150133, 27953746, 27232760, 27232760, 27232760]",0,0,0,NPU,0,0,0,0,0,0,1.0,hot,0,0,0,0,1.0,0
0,265,meta-llama/Llama-3.1-8B,7,72,26136849461,227516863394,201380013933,184870890632,185120845747,254049502,"[28272208, 28272208, 33521366, 28193675, 28193675, 28193675, 28193675, 28193675, 28193675, 28193675, 28193675, 28107904, 3552991964, 1549493793, 3062820970, 27685307, 1054880245, 27761521, 27761521, 27761521, 27761521, 27761521, 27761521, 27761521, 27761521, 27761521, 27761521, 27766321, 27766321, 27766321, 27766321, 27766321, 27766321, 27766321, 27766321, 27766321, 27766321, 234681050, 27773145, 27773145, 1849822227, 26956587, 26956587, 26956587, 26956587, 26726923, 26726923, 262592116, 26759908, 26759908, 26759908, 744085127, 27278932, 27278932, 27278932, 27278932, 2050050946, 27232760, 27232760, 27232760, 280395723, 146574734, 29746454, 26425808]",0,0,0,CXL,0,48234496,0,48234496,48234496,48234496,1.0,hot,0,0,0,0,1.0,96468992
0,248,meta-llama/Llama-3.1-8B,5,253,24054709233,233045527883,208990818650,167547317569,167734988327,167027653,"[27232760, 1530772293, 27232760, 27232760, 6723440576, 3014294341, 27766321, 27766321, 26695203, 852328289, 28193675, 28193675, 28193675, 28193675, 28193675, 26695203, 26695203, 3048104103, 28272208, 28272208, 28272208, 28272208, 28272208, 28272208, 28272208, 28272208, 28272208, 28272208, 28272208, 28272208, 28272208, 28272208, 28272208, 2576057821, 28107904, 27761521, 27761521, 27761521, 27761521, 27761521, 27764953, 27764953, 27764953, 27764953, 27764953, 27764953, 27764953, 27764953, 27684411, 27512576, 27512576, 27512576, 27512576, 27512576, 27278932, 27278932, 27278932, 27278932, 27278932, 249955115, 28272208, 28272208, 33521366, 28193675, 28193675, 28193675, 28193675, 28193675, 28193675, 28193675, 28193675, 28107904, 3552991964, 1549493793, 25782115, 3037038855, 27685307, 979392808, 75487437, 27761521, 27761521, 27761521, 27761521, 27761521, 27761521, 27761521, 27761521, 27761521, 27761521, 27766321, 27766321, 27766321, 27766321, 27766321, 27766321, 27766321, 27766321, 27766321, 27766321, 25782115, 25782115, 25782115, 25782115, 25782115, 25782115, 25846330, 54142030, 27773145, 27773145, 26699917, 26699917, 26445624, 26445624, 26445624, 25846330, 25846330, 25846330, 25846330, 25846330, 25846330, 25846330, 25846330, 1510314881, 26956587, 26956587, 26956587, 26956587, 26726923, 26726923, 26445624, 25846330, 25846330, 26596106, 26464944, 26125428, 26125428, 26125428, 26125428, 26891070, 26759908, 26759908, 26759908, 26445624, 26445624, 26125428, 26125428, 26125428, 26125428, 26256590, 26125428, 26125428, 26125428, 26125428, 26125428, 429808437, 27278932, 27278932, 27278932, 27278932, 26287926, 26287926, 26287926, 26287926, 26287926, 26049543, 26256590, 26125428, 26125428, 26125428, 26125428, 1184533002, 26150133, 26150133, 26150133, 26150133, 26150133, 26150133, 26150133, 26150133, 26150133, 26150133, 26150133, 26150133, 26150133, 26150133, 26150133, 26314063, 26150133, 26150133, 26150133, 26150133, 26150133, 27953746, 27232760, 27232760, 27232760, 280395723, 146574734, 29746454, 26425808, 29498668, 29498668, 4357111041, 25138869, 25138869, 25138869, 25138869, 25138869, 25648437, 25648437, 25648437, 25648437, 25648437, 25648437, 25904021, 25904021, 25904021, 25904021, 25302799, 25138869, 25138869, 25138869, 25138869, 25138869, 25138869, 25138869, 25138869, 25138869, 25138869, 25138869, 25138869, 25138869, 25138869, 25138869, 25302799, 25138869, 25138869, 25138869, 25138869, 25138869, 25138869, 25138869, 25138869, 25138869, 25138869, 25138869, 25138869]",0,0,0,CXL,0,29360128,0,29360128,29360128,29360128,1.0,hot,0,0,0,0,1.0,58720256
0,235,meta-llama/Llama-3.1-8B,22,788,22021193681,233239375798,211218182117,165914621585,166181919835,58870931,"[27278932, 27278932, 684215886, 28107904, 28107904, 28107904, 28107904, 28114176, 27766321, 27766321, 27766321, 27766321, 27766321, 27766321, 27766321, 27766321, 27766321, 27766321, 849069976, 27685307, 27685307, 27685307, 27685307, 27685307, 27512576, 27512576, 27512576, 27512576, 27512576, 27512576, 27512576, 27512576, 27512576, 27512576, 27512576, 27512576, 27512576, 27512576, 27512576, 27278932, 27278932, 27278932, 27278932, 27278932, 27278932, 27278932, 27278932, 27278932, 27232760, 27232760, 27232760, 27232760, 27232760, 27232760, 27232760, 27232760, 27232760, 27232760, 188261503, 27232760, 27103283, 27103283, 27103283, 27103283, 187670758, 27232760, 859072944, 26553020, 26553020, 618593309, 27232760, 27232760, 551961912, 26349776, 2404608613, 26699917, 2924091496, 26464944, 26464944, 26464944, 26464944, 26464944, 493680209, 26349776, 26349776, 26349776, 26349776, 26164062, 32160767, 26464944, 2646839462, 26464944, 26464944, 26475376, 26475376, 235109295, 27766321, 27766321, 26695203, 852328289, 28193675, 28193675, 28193675, 28193675, 28193675, 26695203, 26695203, 25614678, 25614678, 26421342, 26421342, 2944032063, 28272208, 28272208, 28272208, 28272208, 28272208, 28272208, 28272208, 28272208, 28272208, 28272208, 28272208, 28272208, 28272208, 28272208, 28272208, 207171526, 25820922, 25820922, 25820922, 26042517, 26042517, 26042517, 26042517, 26042517, 2161210944, 28107904, 27761521, 27761521, 27761521, 27761521, 27761521, 27764953, 27764953, 27764953, 27764953, 27764953, 27764953, 27764953, 27764953, 27684411, 27512576, 27512576, 27512576, 27512576, 27512576, 27278932, 27278932, 27278932, 27278932, 27278932, 249955115, 28272208, 28272208, 33521366, 28193675, 28193675, 28193675, 28193675, 28193675, 28193675, 28193675, 28193675, 28107904, 3158605005, 26475376, 26475376, 26475376, 26475376, 26475376, 26019124, 26019124, 26019124, 25491349, 158461358, 864825922, 25954302, 25954302, 25954302, 25954302, 25954302, 25954302, 25954302, 25954302, 25954302, 25954302, 25954302, 25954302, 25954302, 25954302, 321307643, 25782115, 25820922, 25820922, 25820922, 25820922, 25886548, 25668423, 25668423, 25668423, 25668423, 25668423, 25668423, 25668423, 25668423, 25859550, 617351739, 26447349, 26447349, 26447349, 26447349, 26447349, 26447349, 26447349, 26447349, 26447349, 26447349, 26447349, 26600885, 26600885, 26600885, 26600885, 26699279, 26600885, 26600885, 26600885, 26600885, 26600885, 26600885, 26600885, 26600885, 26600885, 26600885, 26600885, 26600885, 26600885, 26600885, 26600885, 26699279, 26600885, 26600885, 26600885, 26600885, 26600885, 26600885, 26600885, 26600885, 26600885, 26600885, 26600885, 26600885, 26600885, 26600885, 26600885, 26163929, 26032767, 26032767, 26032767, 26032767, 26032767, 26032767, 26032767, 26032767, 26032767, 26032767, 26032767, 26032767, 26032767, 26032767, 26032767, 26163929, 26032767, 26032767, 26032767, 26032767, 26032767, 26032767, 26032767, 26032767, 26253855, 26253855, 26253855, 26253855, 26253855, 28209685, 27685307, 547238901, 27019707, 27019707, 27019707, 27019707, 27019707, 27019707, 27019707, 27019707, 27019707, 27019707, 27019707, 27019707, 27019707, 27019707, 27019707, 26858302, 75487437, 27761521, 27761521, 27761521, 27761521, 27761521, 27761521, 27761521, 27761521, 27761521, 27761521, 27766321, 27766321, 27766321, 27766321, 27766321, 27766321, 27766321, 27766321, 27766321, 27766321, 25782115, 25782115, 25782115, 25782115, 25782115, 25782115, 25846330, 26368885, 27773145, 27773145, 27773145, 26699917, 26699917, 26445624, 26445624, 26445624, 25846330, 25846330, 25846330, 25846330, 25846330, 25846330, 25846330, 25846330, 26898709, 26898709, 26997103, 26898709, 26898709, 26898709, 26898709, 26898709, 26898709, 26898709, 26898709, 26898709, 26898709, 26898709, 26898709, 26898709, 26898709, 26898709, 26385017, 26253855, 26253855, 26253855, 26253855, 26253855, 26253855, 26253855, 26253855, 26253855, 26253855, 26253855, 26253855, 26253855, 26253855, 26253855, 26385017, 26253855, 26253855, 26253855, 26253855, 26253855, 26253855, 26253855, 26253855, 26316447, 26316447, 26316447, 26316447, 26316447, 26316447, 26316447, 26447609, 26316447, 26316447, 26316447, 26316447, 26316447, 27186053, 26956587, 26956587, 26956587, 26956587, 26726923, 26726923, 26445624, 25846330, 25846330, 26596106, 26464944, 26125428, 26125428, 26125428, 26125428, 26891070, 26759908, 26759908, 26759908, 26445624, 26445624, 26125428, 26125428, 26125428, 26125428, 26256590, 26125428, 26125428, 26125428, 26125428, 26125428, 27029173, 27029173, 27029173, 27029173, 27029173, 27029173, 27029173, 27029173, 27029173, 27029173, 26447609, 26316447, 26316447, 26316447, 26316447, 27803310, 27278932, 27278932, 27278932, 27278932, 26287926, 26287926, 26287926, 26287926, 26287926, 26049543, 26256590, 26125428, 26125428, 26125428, 26125428, 27029173, 27029173, 27029173, 27029173, 27029173, 27029173, 27029173, 27029173, 27029173, 27029173, 27029173, 27018265, 26887103, 26887103, 26887103, 26887103, 26887103, 26887103, 26887103, 26887103, 26887103, 26887103, 26887103, 26887103, 26887103, 26887103, 26887103, 27018265, 26887103, 26887103, 26887103, 26887103, 26887103, 26887103, 26887103, 26887103, 26922591, 26922591, 26922591, 26922591, 26922591, 26922591, 26922591, 26314063, 26150133, 26150133, 26150133, 26150133, 26150133, 26150133, 26150133, 26150133, 26150133, 26150133, 26150133, 26150133, 26150133, 26150133, 26150133, 26314063, 26150133, 26150133, 26150133, 26150133, 26150133, 27953746, 27232760, 27232760, 27232760, 280395723, 146574734, 29746454, 26425808, 29498668, 29498668, 26614392, 26971646, 26971646, 26971646, 26971646, 26971646, 26971646, 26971646, 26971646, 26971646, 26971646, 26971646, 26971646, 26971646, 26971646, 26971646, 27004504, 26971646, 26971646, 26971646, 26971646, 26971646, 26971646, 26971646, 26971646, 26971646, 26971646, 26971646, 26971646, 26971646, 26971646, 26971646, 27004504, 26971646, 26971646, 26971646, 26971646, 26971646, 26971646, 26971646, 26971646, 26971646, 26971646, 26971646, 26971646, 26971646, 26971646, 26971646, 27004504, 26971646, 26971646, 26971646, 26971646, 26971646, 26971646, 26971646, 26971646, 26971646, 26971646, 26971646, 26971646, 26971646, 26971646, 26971646, 27004504, 27327454, 27327454, 27327454, 27327454, 27327454, 27327454, 27327454, 27327454, 27327454, 27327454, 27327454, 27327454, 27327454, 27327454, 27327454, 27360312, 27327454, 27327454, 27327454, 27327454, 27327454, 27327454, 27327454, 27327454, 27327454, 27327454, 27327454, 27327454, 27327454, 27327454, 27327454, 27360312, 27327454, 27327454, 27327454, 27327454, 27327454, 27327454, 27327454, 27327454, 27327454, 27327454, 27327454, 27327454, 27327454, 27327454, 27327454, 27360312, 27327454, 27327454, 27327454, 27327454, 27327454, 27327454, 27327454, 27327454, 27327454, 27327454, 27327454, 27327454, 27327454, 27327454, 27327454, 27360312, 27706814, 27706814, 27706814, 27706814, 27706814, 27706814, 27706814, 27706814, 27706814, 27706814, 27706814, 27706814, 27706814, 27706814, 27706814, 25829493, 25763867, 25763867, 25763867, 25763867, 25763867, 25763867, 25763867, 25763867, 25763867, 25763867, 25763867, 25763867, 25763867, 25763867, 25763867, 27201677, 25138869, 25138869, 25138869, 25138869, 25138869, 25648437, 25648437, 25648437, 25648437, 25648437, 25648437, 25904021, 25904021, 25904021, 25904021, 25302799, 25138869, 25138869, 25138869, 25138869, 25138869, 25138869, 25138869, 25138869, 25138869, 25138869, 25138869, 25138869, 25138869, 25138869, 25138869, 25302799, 25138869, 25138869, 25138869, 25138869, 25138869, 25138869, 25138869, 25138869, 25138869, 25138869, 25138869, 25138869, 27463821, 27103283, 27103283, 28044382, 28044382, 28044382, 28044382]",0,0,0,CXL,0,29360128,0,29360128,29360128,29360128,1.0,hot,0,0,0,0,1.0,58720256
0,251,meta-llama/Llama-3.1-8B,6,236,24329954733,238206427164,213876472431,175763493209,175795653976,166291783,"[3014294341, 27766321, 27766321, 879023492, 28193675, 28193675, 28193675, 28193675, 28193675, 3101494509, 28272208, 28272208, 28272208, 28272208, 28272208, 28272208, 28272208, 28272208, 28272208, 28272208, 28272208, 28272208, 28272208, 28272208, 28272208, 2576057821, 28107904, 27761521, 27761521, 27761521, 27761521, 27761521, 27764953, 27764953, 27764953, 27764953, 27764953, 27764953, 27764953, 27764953, 27684411, 27512576, 27512576, 27512576, 27512576, 27512576, 27278932, 27278932, 27278932, 27278932, 27278932, 249955115, 28272208, 28272208, 33521366, 28193675, 28193675, 28193675, 28193675, 28193675, 28193675, 28193675, 28193675, 28107904, 3552991964, 1549493793, 25782115, 3037038855, 27685307, 979392808, 75487437, 27761521, 27761521, 27761521, 27761521, 27761521, 27761521, 27761521, 27761521, 27761521, 27761521, 27766321, 27766321, 27766321, 27766321, 27766321, 27766321, 27766321, 27766321, 27766321, 27766321, 25782115, 25782115, 25782115, 25782115, 25782115, 25782115, 79988360, 27773145, 27773145, 26699917, 26699917, 26445624, 26445624, 26445624, 1717085521, 26956587, 26956587, 26956587, 26956587, 26726923, 26726923, 26445624, 25846330, 25846330, 26596106, 26464944, 26125428, 26125428, 26125428, 26125428, 26891070, 26759908, 26759908, 26759908, 26445624, 26445624, 26125428, 26125428, 26125428, 26125428, 26256590, 26125428, 26125428, 26125428, 26125428, 26125428, 429808437, 27278932, 27278932, 27278932, 27278932, 26287926, 26287926, 26287926, 26287926, 26287926, 26049543, 26256590, 26125428, 26125428, 26125428, 26125428, 1761803471, 27232760, 27232760, 27232760, 280395723, 146574734, 29746454, 26425808, 29498668, 29498668, 4357111041, 25138869, 25138869, 25138869, 25138869, 25138869, 282809505, 25138869, 25138869, 25138869, 25138869, 25138869, 25138869, 25138869, 25138869, 25138869, 25138869, 25138869, 25138869, 25138869, 25138869, 25138869, 25302799, 25138869, 25138869, 25138869, 25138869, 25138869, 25138869, 25138869, 25138869, 25138869, 25138869, 25138869, 25138869, 27463821, 27103283, 27103283, 212680066, 28863593, 25546260, 25322687, 25322687, 25322687, 25322687, 25322687, 25322687, 25322687, 25322687, 25322687, 25322687, 25274357, 25274357, 25274357, 4204736003, 25304821, 25304821, 25304821, 25304821, 25304821, 25304821, 25304821, 25304821, 25304821, 25304821, 25304821]",0,0,0,CXL,0,8388608,0,8388608,8388608,8388608,1.0,hot,0,0,0,0,1.0,16777216
0,241,meta-llama/Llama-3.1-8B,6,639,22769667855,239147066524,216377398669,166059380149,166172219411,79438574,"[28107904, 28107904, 28107904, 28107904, 28114176, 27766321, 27766321, 27766321, 27766321, 27766321, 27766321, 27766321, 27766321, 27766321, 27766321, 849069976, 27685307, 27685307, 27685307, 27685307, 27685307, 27512576, 27512576, 27512576, 27512576, 27512576, 27512576, 27512576, 27512576, 27512576, 27512576, 27512576, 27512576, 27512576, 27512576, 27512576, 27278932, 27278932, 27278932, 27278932, 27278932, 27278932, 27278932, 27278932, 27278932, 27232760, 27232760, 27232760, 27232760, 27232760, 27232760, 27232760, 27232760, 27232760, 27232760, 188261503, 27232760, 27103283, 27103283, 27103283, 27103283, 187670758, 27232760, 1530772293, 27232760, 27232760, 2982920301, 26699917, 3550096425, 26349776, 26349776, 26349776, 26349776, 58324829, 3014294341, 27766321, 27766321, 26695203, 852328289, 28193675, 28193675, 28193675, 28193675, 28193675, 26695203, 26695203, 25614678, 25614678, 2996874747, 28272208, 28272208, 28272208, 28272208, 28272208, 28272208, 28272208, 28272208, 28272208, 28272208, 28272208, 28272208, 28272208, 28272208, 28272208, 2576057821, 28107904, 27761521, 27761521, 27761521, 27761521, 27761521, 27764953, 27764953, 27764953, 27764953, 27764953, 27764953, 27764953, 27764953, 27684411, 27512576, 27512576, 27512576, 27512576, 27512576, 27278932, 27278932, 27278932, 27278932, 27278932, 249955115, 28272208, 28272208, 33521366, 28193675, 28193675, 28193675, 28193675, 28193675, 28193675, 28193675, 28193675, 28107904, 3158605005, 26475376, 26475376, 26475376, 26475376, 26475376, 26019124, 26019124, 26019124, 183952707, 1549493793, 25782115, 25820922, 25820922, 25820922, 25820922, 25886548, 25668423, 25668423, 25668423, 25668423, 25668423, 25668423, 25668423, 25668423, 25859550, 2676661685, 27685307, 979392808, 75487437, 27761521, 27761521, 27761521, 27761521, 27761521, 27761521, 27761521, 27761521, 27761521, 27761521, 27766321, 27766321, 27766321, 27766321, 27766321, 27766321, 27766321, 27766321, 27766321, 27766321, 25782115, 25782115, 25782115, 25782115, 25782115, 25782115, 25846330, 26368885, 27773145, 27773145, 27773145, 26699917, 26699917, 26445624, 26445624, 26445624, 25846330, 25846330, 25846330, 25846330, 25846330, 25846330, 25846330, 25846330, 1510314881, 26956587, 26956587, 26956587, 26956587, 26726923, 26726923, 26445624, 25846330, 25846330, 26596106, 26464944, 26125428, 26125428, 26125428, 26125428, 26891070, 26759908, 26759908, 26759908, 26445624, 26445624, 26125428, 26125428, 26125428, 26125428, 26256590, 26125428, 26125428, 26125428, 26125428, 26125428, 296739339, 26316447, 26316447, 26316447, 26316447, 27803310, 27278932, 27278932, 27278932, 27278932, 26287926, 26287926, 26287926, 26287926, 26287926, 26049543, 26256590, 26125428, 26125428, 26125428, 26125428, 27029173, 27029173, 27029173, 27029173, 27029173, 27029173, 27029173, 27029173, 27029173, 27029173, 27029173, 27018265, 26887103, 26887103, 26887103, 26887103, 26887103, 26887103, 26887103, 26887103, 26887103, 26887103, 26887103, 26887103, 26887103, 26887103, 26887103, 27018265, 26887103, 26887103, 26887103, 26887103, 26887103, 26887103, 26887103, 26887103, 26922591, 26922591, 26922591, 26922591, 26922591, 26922591, 26922591, 26314063, 26150133, 26150133, 26150133, 26150133, 26150133, 26150133, 26150133, 26150133, 26150133, 26150133, 26150133, 26150133, 26150133, 26150133, 26150133, 26314063, 26150133, 26150133, 26150133, 26150133, 26150133, 27953746, 27232760, 27232760, 27232760, 280395723, 146574734, 29746454, 26425808, 29498668, 29498668, 3943451359, 25763867, 25763867, 25763867, 25763867, 25763867, 25763867, 25763867, 25763867, 25763867, 25763867, 25763867, 25763867, 25763867, 25763867, 25763867, 27201677, 25138869, 25138869, 25138869, 25138869, 25138869, 25648437, 25648437, 25648437, 25648437, 25648437, 25648437, 25904021, 25904021, 25904021, 25904021, 25302799, 25138869, 25138869, 25138869, 25138869, 25138869, 25138869, 25138869, 25138869, 25138869, 25138869, 25138869, 25138869, 25138869, 25138869, 25138869, 25302799, 25138869, 25138869, 25138869, 25138869, 25138869, 25138869, 25138869, 25138869, 25138869, 25138869, 25138869, 25138869, 27463821, 27103283, 27103283, 212680066, 28863593, 25546260, 25322687, 25322687, 25322687, 25322687, 25322687, 25322687, 25322687, 25322687, 25322687, 25322687, 25274357, 25274357, 25274357, 26040184, 26007326, 26007326, 26007326, 26007326, 26007326, 26007326, 26007326, 26007326, 26007326, 26007326, 26007326, 26007326, 26007326, 26007326, 26007326, 26040184, 26359326, 26359326, 26359326, 26359326, 26359326, 26359326, 26359326, 26359326, 26359326, 26359326, 26359326, 26359326, 26359326, 26359326, 26359326, 26392184, 26359326, 26359326, 26359326, 26359326, 26359326, 26359326, 26359326, 26359326, 26359326, 26359326, 26359326, 26359326, 26359326, 26359326, 26359326, 26392184, 26359326, 26359326, 26359326, 26359326, 26359326, 26359326, 26359326, 26359326, 26359326, 26359326, 26359326, 26359326, 26359326, 26359326, 26359326, 26392184, 26359326, 26359326, 26359326, 26359326, 26359326, 26359326, 26359326, 26359326, 26359326, 26359326, 26359326, 26359326, 26359326, 26359326, 26359326, 26392184, 26581534, 26581534, 26581534, 26581534, 26581534, 26581534, 26581534, 26581534, 26581534, 26581534, 26581534, 26581534, 26581534, 26581534, 26581534, 26614392, 26581534, 26581534, 26581534, 26581534, 26581534, 26581534, 26581534, 26581534, 26581534, 26581534, 26581534, 26581534, 26581534, 26581534, 26581534, 25602229, 25536603, 25536603, 25536603, 25536603, 25536603, 25536603, 25536603, 25536603, 25536603, 25536603, 25536603, 25536603, 25536603, 25536603, 25536603, 25602229, 25536603, 25536603, 25536603, 25536603, 25536603, 25536603, 25536603, 25536603, 25536603, 25536603, 25536603, 25536603, 25536603, 25536603, 25536603, 25602229, 25536603, 25536603, 25536603, 25536603, 25536603, 25536603, 25536603, 25536603, 25536603, 25536603, 25536603, 25536603, 25536603, 25536603, 25536603, 25403215, 25304821, 25304821, 25304821, 25304821, 25304821, 25304821, 25304821, 25304821, 25304821, 25304821, 25304821, 27946645, 25501991, 25501991, 25501991, 27004504, 26971646, 26971646, 26971646, 26971646, 26971646, 26971646, 26971646, 26971646, 26971646, 26971646, 26971646, 26971646, 26971646, 26971646, 26971646, 27004504, 26971646, 26971646, 26971646, 26971646, 26971646, 26971646, 26971646, 26971646, 26971646, 26971646, 26971646, 26971646, 26971646, 26971646]",0,0,0,CXL,0,48234496,0,48234496,48234496,48234496,1.0,hot,0,0,0,0,1.0,96468992
0,250,meta-llama/Llama-3.1-8B,12,308,24281325540,239262117158,214980791618,175812122402,175844283169,132666130,"[3014294341, 27766321, 27766321, 879023492, 28193675, 28193675, 28193675, 28193675, 28193675, 26695203, 26695203, 3048104103, 28272208, 28272208, 28272208, 28272208, 28272208, 28272208, 28272208, 28272208, 28272208, 28272208, 28272208, 28272208, 28272208, 28272208, 28272208, 2576057821, 28107904, 27761521, 27761521, 27761521, 27761521, 27761521, 27764953, 27764953, 27764953, 27764953, 27764953, 27764953, 27764953, 27764953, 27684411, 27512576, 27512576, 27512576, 27512576, 27512576, 27278932, 27278932, 27278932, 27278932, 27278932, 249955115, 28272208, 28272208, 33521366, 28193675, 28193675, 28193675, 28193675, 28193675, 28193675, 28193675, 28193675, 28107904, 3552991964, 1549493793, 25782115, 3037038855, 27685307, 979392808, 75487437, 27761521, 27761521, 27761521, 27761521, 27761521, 27761521, 27761521, 27761521, 27761521, 27761521, 27766321, 27766321, 27766321, 27766321, 27766321, 27766321, 27766321, 27766321, 27766321, 27766321, 25782115, 25782115, 25782115, 25782115, 25782115, 25782115, 79988360, 27773145, 27773145, 26699917, 26699917, 26445624, 26445624, 26445624, 25846330, 25846330, 25846330, 25846330, 25846330, 25846330, 25846330, 25846330, 1510314881, 26956587, 26956587, 26956587, 26956587, 26726923, 26726923, 26445624, 25846330, 25846330, 26596106, 26464944, 26125428, 26125428, 26125428, 26125428, 26891070, 26759908, 26759908, 26759908, 26445624, 26445624, 26125428, 26125428, 26125428, 26125428, 26256590, 26125428, 26125428, 26125428, 26125428, 26125428, 429808437, 27278932, 27278932, 27278932, 27278932, 26287926, 26287926, 26287926, 26287926, 26287926, 26049543, 26256590, 26125428, 26125428, 26125428, 26125428, 1761803471, 27232760, 27232760, 27232760, 280395723, 146574734, 29746454, 26425808, 29498668, 29498668, 4357111041, 25138869, 25138869, 25138869, 25138869, 25138869, 282809505, 25138869, 25138869, 25138869, 25138869, 25138869, 25138869, 25138869, 25138869, 25138869, 25138869, 25138869, 25138869, 25138869, 25138869, 25138869, 25302799, 25138869, 25138869, 25138869, 25138869, 25138869, 25138869, 25138869, 25138869, 25138869, 25138869, 25138869, 25138869, 27463821, 27103283, 27103283, 212680066, 28863593, 25546260, 25322687, 25322687, 25322687, 25322687, 25322687, 25322687, 25322687, 25322687, 25322687, 25322687, 25274357, 25274357, 25274357, 2978981195, 25536603, 25536603, 25536603, 25536603, 25536603, 25536603, 25536603, 25536603, 25536603, 25536603, 25536603, 25536603, 25536603, 25536603, 25536603, 25602229, 25536603, 25536603, 25536603, 25536603, 25536603, 25536603, 25536603, 25536603, 25536603, 25536603, 25536603, 25536603, 25536603, 25536603, 25536603, 25602229, 25536603, 25536603, 25536603, 25536603, 25536603, 25536603, 25536603, 25536603, 25536603, 25536603, 25536603, 25536603, 25536603, 25536603, 25536603, 25403215, 25304821, 25304821, 25304821, 25304821, 25304821, 25304821, 25304821, 25304821, 25304821, 25304821, 25304821, 27946645, 25501991, 25501991, 25501991, 865195228, 28680716, 28680716, 28680716]",0,0,0,CXL,0,14680064,0,14680064,14680064,14680064,1.0,hot,0,0,0,0,1.0,29360128
0,285,meta-llama/Llama-3.1-8B,172,188,28330075320,239433128258,211103052938,198984041078,199130615812,798162475,"[29746454, 55924476, 29498668, 5764017606, 28863593, 5807333081, 28680716, 28680716, 28680716, 28501850, 28501850, 28501850, 28501850, 28501850, 28501850]",0,0,0,NPU,0,0,0,0,0,0,1.0,hot,0,0,0,0,1.0,0
0,254,meta-llama/Llama-3.1-8B,23,197,24577113882,239632084547,215054970665,175516334060,175548494827,228361132,"[3014294341, 27766321, 27766321, 879023492, 28193675, 28193675, 28193675, 28193675, 28193675, 3101494509, 28272208, 28272208, 28272208, 28272208, 28272208, 28272208, 28272208, 28272208, 28272208, 28272208, 28272208, 28272208, 28272208, 28272208, 28272208, 2576057821, 28107904, 27761521, 27761521, 27761521, 27761521, 27761521, 27764953, 27764953, 27764953, 27764953, 27764953, 27764953, 27764953, 27764953, 27684411, 27512576, 27512576, 27512576, 27512576, 27512576, 27278932, 27278932, 27278932, 27278932, 27278932, 249955115, 28272208, 28272208, 33521366, 28193675, 28193675, 28193675, 28193675, 28193675, 28193675, 28193675, 28193675, 28107904, 3552991964, 1549493793, 3062820970, 27685307, 979392808, 75487437, 27761521, 27761521, 27761521, 27761521, 27761521, 27761521, 27761521, 27761521, 27761521, 27761521, 27766321, 27766321, 27766321, 27766321, 27766321, 27766321, 27766321, 27766321, 27766321, 27766321, 25782115, 25782115, 25782115, 25782115, 25782115, 25782115, 79988360, 27773145, 27773145, 26699917, 26699917, 26445624, 26445624, 26445624, 1717085521, 26956587, 26956587, 26956587, 26956587, 26726923, 26726923, 26445624, 78288766, 26464944, 131392782, 26759908, 26759908, 26759908, 26445624, 26445624, 691193879, 27278932, 27278932, 27278932, 27278932, 26287926, 26287926, 26287926, 26287926, 26287926, 52306133, 26125428, 26125428, 26125428, 26125428, 1761803471, 27232760, 27232760, 27232760, 280395723, 146574734, 29746454, 26425808, 29498668, 29498668, 4357111041, 1140019933, 27103283, 27103283, 212680066, 28863593, 25546260, 4840085620, 25501991, 25501991, 25501991, 865195228, 28680716, 28680716, 28680716, 28501850, 28501850, 28501850, 28501850, 28501850, 28501850, 28422327, 28422327, 28422327, 28422327, 28422327, 28422327, 28422327]",0,0,0,CXL,0,4194304,0,4194304,4194304,4194304,1.0,hot,0,0,0,0,1.0,8388608
0,274,meta-llama/Llama-3.1-8B,1065,1110,27306527292,240083183347,212776656055,199727193383,200007589106,290206067,"[146574734, 29746454, 55924476, 29498668, 4357111041, 1140019933, 27103283, 27103283, 212680066, 28863593, 4865631880, 941701201, 28680716, 28680716, 28680716, 28501850, 28501850, 28501850, 28501850, 28501850, 28501850, 28422327, 28422327, 28422327, 28422327, 28422327, 28422327, 28422327, 28193675, 28193675, 28193675, 28193675, 28193675, 28193675, 28193675, 28193675, 28193675, 28193675, 28193675, 28193675, 28193675, 28193675, 28193675, 28193675]",0,0,0,NPU,0,0,0,0,0,0,1.0,hot,0,0,0,0,1.0,0
0,253,meta-llama/Llama-3.1-8B,13,214,24558542021,240244940446,215686398425,175534905921,175567066688,200596658,"[3014294341, 27766321, 27766321, 879023492, 28193675, 28193675, 28193675, 28193675, 28193675, 3101494509, 28272208, 28272208, 28272208, 28272208, 28272208, 28272208, 28272208, 28272208, 28272208, 28272208, 28272208, 28272208, 28272208, 28272208, 28272208, 2576057821, 28107904, 27761521, 27761521, 27761521, 27761521, 27761521, 27764953, 27764953, 27764953, 27764953, 27764953, 27764953, 27764953, 27764953, 27684411, 27512576, 27512576, 27512576, 27512576, 27512576, 27278932, 27278932, 27278932, 27278932, 27278932, 249955115, 28272208, 28272208, 33521366, 28193675, 28193675, 28193675, 28193675, 28193675, 28193675, 28193675, 28193675, 28107904, 3552991964, 1549493793, 3062820970, 27685307, 979392808, 75487437, 27761521, 27761521, 27761521, 27761521, 27761521, 27761521, 27761521, 27761521, 27761521, 27761521, 27766321, 27766321, 27766321, 27766321, 27766321, 27766321, 27766321, 27766321, 27766321, 27766321, 25782115, 25782115, 25782115, 25782115, 25782115, 25782115, 79988360, 27773145, 27773145, 26699917, 26699917, 26445624, 26445624, 26445624, 1717085521, 26956587, 26956587, 26956587, 26956587, 26726923, 26726923, 26445624, 78288766, 26464944, 131392782, 26759908, 26759908, 26759908, 26445624, 26445624, 26125428, 26125428, 26125428, 26125428, 26256590, 26125428, 26125428, 26125428, 26125428, 26125428, 429808437, 27278932, 27278932, 27278932, 27278932, 26287926, 26287926, 26287926, 26287926, 26287926, 52306133, 26125428, 26125428, 26125428, 26125428, 1761803471, 27232760, 27232760, 27232760, 280395723, 146574734, 29746454, 26425808, 29498668, 29498668, 4357111041, 1140019933, 27103283, 27103283, 212680066, 28863593, 25546260, 4840085620, 25501991, 25501991, 25501991, 865195228, 28680716, 28680716, 28680716, 28501850, 28501850, 28501850, 28501850, 28501850, 28501850, 28422327, 28422327, 28422327, 28422327, 28422327, 28422327, 28422327, 28193675, 28193675, 28193675, 28193675, 28193675, 28193675, 28193675, 28193675, 28193675, 28193675, 28193675, 28193675, 28193675, 28193675, 28193675, 28193675, 161757099]",0,0,0,CXL,0,12582912,0,12582912,12582912,12582912,1.0,hot,0,0,0,0,1.0,25165824
0,258,meta-llama/Llama-3.1-8B,4,182,25137110720,240358629754,215221519034,177949305052,178002792330,210275292,"[27766321, 27766321, 879023492, 28193675, 28193675, 28193675, 28193675, 28193675, 3101494509, 28272208, 28272208, 28272208, 28272208, 28272208, 28272208, 28272208, 28272208, 28272208, 28272208, 28272208, 28272208, 28272208, 28272208, 28272208, 2576057821, 28107904, 27761521, 27761521, 27761521, 27761521, 27761521, 27764953, 27764953, 27764953, 27764953, 27764953, 27764953, 27764953, 27764953, 27684411, 27512576, 27512576, 27512576, 27512576, 27512576, 27278932, 27278932, 27278932, 27278932, 27278932, 249955115, 28272208, 28272208, 33521366, 28193675, 28193675, 28193675, 28193675, 28193675, 28193675, 28193675, 28193675, 28107904, 3552991964, 1549493793, 3062820970, 27685307, 979392808, 75487437, 27761521, 27761521, 27761521, 27761521, 27761521, 27761521, 27761521, 27761521, 27761521, 27761521, 27766321, 27766321, 27766321, 27766321, 27766321, 27766321, 27766321, 27766321, 27766321, 27766321, 234681050, 27773145, 27773145, 26699917, 26699917, 26445624, 26445624, 26445624, 1717085521, 26956587, 26956587, 26956587, 26956587, 26726923, 26726923, 26445624, 236146492, 26759908, 26759908, 26759908, 26445624, 26445624, 691193879, 27278932, 27278932, 27278932, 27278932, 26287926, 26287926, 26287926, 26287926, 26287926, 1918611316, 27232760, 27232760, 27232760, 280395723, 146574734, 29746454, 26425808, 29498668, 29498668, 4357111041, 1140019933, 27103283, 27103283, 212680066, 28863593, 25546260, 4840085620, 941701201, 28680716, 28680716, 28680716, 28501850, 28501850, 28501850, 28501850, 28501850, 28501850, 28422327, 28422327, 28422327, 28422327, 28422327, 28422327, 28422327, 28193675, 28193675, 28193675, 28193675, 28193675, 28193675, 28193675, 28193675, 28193675, 28193675, 28193675, 28193675, 28193675, 28193675, 28193675, 28193675, 161757099, 28422327, 28422327, 28422327, 28422327]",0,0,0,CXL,0,6291456,0,6291456,6291456,6291456,1.0,hot,0,0,0,0,1.0,12582912
0,252,meta-llama/Llama-3.1-8B,30,352,24520427398,243040705139,218520277741,175573020544,175605181311,133691889,"[3014294341, 27766321, 27766321, 879023492, 28193675, 28193675, 28193675, 28193675, 28193675, 3101494509, 28272208, 28272208, 28272208, 28272208, 28272208, 28272208, 28272208, 28272208, 28272208, 28272208, 28272208, 28272208, 28272208, 28272208, 28272208, 2576057821, 28107904, 27761521, 27761521, 27761521, 27761521, 27761521, 27764953, 27764953, 27764953, 27764953, 27764953, 27764953, 27764953, 27764953, 27684411, 27512576, 27512576, 27512576, 27512576, 27512576, 27278932, 27278932, 27278932, 27278932, 27278932, 249955115, 28272208, 28272208, 33521366, 28193675, 28193675, 28193675, 28193675, 28193675, 28193675, 28193675, 28193675, 28107904, 3552991964, 1549493793, 25782115, 3037038855, 27685307, 979392808, 75487437, 27761521, 27761521, 27761521, 27761521, 27761521, 27761521, 27761521, 27761521, 27761521, 27761521, 27766321, 27766321, 27766321, 27766321, 27766321, 27766321, 27766321, 27766321, 27766321, 27766321, 25782115, 25782115, 25782115, 25782115, 25782115, 25782115, 79988360, 27773145, 27773145, 26699917, 26699917, 26445624, 26445624, 26445624, 1717085521, 26956587, 26956587, 26956587, 26956587, 26726923, 26726923, 26445624, 78288766, 26464944, 26125428, 26125428, 26125428, 26125428, 26891070, 26759908, 26759908, 26759908, 26445624, 26445624, 26125428, 26125428, 26125428, 26125428, 26256590, 26125428, 26125428, 26125428, 26125428, 26125428, 429808437, 27278932, 27278932, 27278932, 27278932, 26287926, 26287926, 26287926, 26287926, 26287926, 52306133, 26125428, 26125428, 26125428, 26125428, 1761803471, 27232760, 27232760, 27232760, 280395723, 146574734, 29746454, 26425808, 29498668, 29498668, 4357111041, 1140019933, 27103283, 27103283, 212680066, 28863593, 25546260, 25322687, 25322687, 25322687, 25322687, 25322687, 25322687, 25322687, 25322687, 25322687, 25322687, 4586858750, 25501991, 25501991, 25501991, 865195228, 28680716, 28680716, 28680716, 28501850, 28501850, 28501850, 28501850, 28501850, 28501850, 28422327, 28422327, 28422327, 28422327, 28422327, 28422327, 28422327, 28193675, 28193675, 28193675, 28193675, 28193675, 28193675, 28193675, 28193675, 28193675, 28193675, 28193675, 28193675, 28193675, 28193675, 28193675, 28193675, 161757099, 28422327, 28422327, 28422327, 28422327, 117111515, 26019124, 26019124, 26019124, 25485022, 25003134, 25035992, 25350782, 25350782, 25350782, 25350782, 25350782, 25350782, 25350782, 25350782, 25350782, 25350782, 25350782, 25350782, 25350782, 25350782, 25350782, 25383640, 25350782, 25350782, 25350782, 25350782, 25350782, 25350782, 25350782, 25350782, 25350782, 25350782, 25350782, 25350782, 25350782, 25350782, 25350782, 25550648, 25485022, 25485022, 25485022, 25335007, 25335007, 25335007, 25335007, 25335007, 25177211, 25177211, 25177211, 25177211, 25177211, 25177211, 25177211, 25616184, 25485022, 25274357, 25274357, 25274357, 25274357, 25274357, 25274357, 25274357, 25274357, 25274357, 25274357, 25274357, 25274357, 25274357, 25274357, 25585272, 25454110, 25454110, 25454110, 25138869, 25138869, 25138869, 25138869, 25138869, 25138869, 25138869, 25138869, 25138869, 25138869, 25674687, 25674687, 25805849, 25674687, 25674687, 25674687, 25674687, 25674687, 25674687, 25674687, 25674687, 25674687, 25674687, 25674687, 25674687, 25674687, 25674687, 25674687]",0,0,0,CXL,0,4194304,0,4194304,4194304,4194304,1.0,hot,0,0,0,0,1.0,8388608
0,256,meta-llama/Llama-3.1-8B,45,342,24933616928,244425746423,219492129495,178152798844,178206286122,139479200,"[27766321, 27766321, 879023492, 28193675, 28193675, 28193675, 28193675, 28193675, 3101494509, 28272208, 28272208, 28272208, 28272208, 28272208, 28272208, 28272208, 28272208, 28272208, 28272208, 28272208, 28272208, 28272208, 28272208, 28272208, 2576057821, 28107904, 27761521, 27761521, 27761521, 27761521, 27761521, 27764953, 27764953, 27764953, 27764953, 27764953, 27764953, 27764953, 27764953, 27684411, 27512576, 27512576, 27512576, 27512576, 27512576, 27278932, 27278932, 27278932, 27278932, 27278932, 249955115, 28272208, 28272208, 33521366, 28193675, 28193675, 28193675, 28193675, 28193675, 28193675, 28193675, 28193675, 28107904, 3552991964, 1549493793, 3062820970, 27685307, 979392808, 75487437, 27761521, 27761521, 27761521, 27761521, 27761521, 27761521, 27761521, 27761521, 27761521, 27761521, 27766321, 27766321, 27766321, 27766321, 27766321, 27766321, 27766321, 27766321, 27766321, 27766321, 234681050, 27773145, 27773145, 26699917, 26699917, 26445624, 26445624, 26445624, 1717085521, 26956587, 26956587, 26956587, 26956587, 26726923, 26726923, 26445624, 236146492, 26759908, 26759908, 26759908, 26445624, 26445624, 691193879, 27278932, 27278932, 27278932, 27278932, 26287926, 26287926, 26287926, 26287926, 26287926, 1918611316, 27232760, 27232760, 27232760, 280395723, 146574734, 29746454, 26425808, 29498668, 29498668, 4357111041, 1140019933, 27103283, 27103283, 212680066, 28863593, 25546260, 4840085620, 25501991, 25501991, 25501991, 865195228, 28680716, 28680716, 28680716, 28501850, 28501850, 28501850, 28501850, 28501850, 28501850, 28422327, 28422327, 28422327, 28422327, 28422327, 28422327, 28422327, 28193675, 28193675, 28193675, 28193675, 28193675, 28193675, 28193675, 28193675, 28193675, 28193675, 28193675, 28193675, 28193675, 28193675, 28193675, 28193675, 161757099, 28422327, 28422327, 28422327, 28422327, 117111515, 26019124, 26019124, 26019124, 25485022, 861496874, 25485022, 25485022, 25485022, 25335007, 25335007, 25335007, 25335007, 25335007, 201856661, 25485022, 25274357, 25274357, 25274357, 25274357, 25274357, 25274357, 25274357, 25274357, 25274357, 25274357, 25274357, 25274357, 25274357, 25274357, 25585272, 25454110, 25454110, 25454110, 25138869, 25138869, 25138869, 25138869, 25138869, 25138869, 25138869, 25138869, 25138869, 25138869, 25674687, 25674687, 25805849, 25674687, 25674687, 25674687, 25674687, 25674687, 25674687, 25674687, 25674687, 25674687, 25674687, 25674687, 25674687, 25674687, 25674687, 25674687, 28533978, 27764953, 27764953, 25850435, 25850435, 25454110, 25454110, 25454110, 25454110, 25454110, 25454110, 25454110, 25454110, 25454110, 25454110, 25454110, 25242837, 25262203, 25262203, 25262203, 25262203, 25262203, 25262203, 25262203, 25262203, 25262203, 25262203, 25262203, 25262203, 25262203, 25262203, 25262203, 25805849, 25674687, 25674687, 25674687, 25674687, 25674687, 25674687, 25674687, 25674687, 25674687, 25674687, 25674687, 25674687, 25674687, 25674687, 25674687, 25805849, 25674687, 25674687, 25674687, 25674687, 25674687]",0,0,0,NPU,0,0,0,0,0,0,1.0,hot,0,0,0,0,1.0,0
0,293,meta-llama/Llama-3.1-8B,1,10,28818589284,244510753522,215692164238,211264594063,211426351162,533226634,"[28422327, 28422327, 28422327, 28422327, 117111515, 3978624903, 28193675, 28193675]",0,0,0,CXL,0,2097152,0,2097152,2097152,2097152,1.0,hot,0,0,0,0,1.0,4194304
0,260,meta-llama/Llama-3.1-8B,500,783,25242786610,245085968329,219843181719,178714371133,178831672574,145430883,"[28193675, 28193675, 28193675, 28193675, 28193675, 3101494509, 28272208, 28272208, 28272208, 28272208, 28272208, 28272208, 28272208, 28272208, 28272208, 28272208, 28272208, 28272208, 28272208, 28272208, 28272208, 2576057821, 28107904, 27761521, 27761521, 27761521, 27761521, 27761521, 27764953, 27764953, 27764953, 27764953, 27764953, 27764953, 27764953, 27764953, 27684411, 27512576, 27512576, 27512576, 27512576, 27512576, 27278932, 27278932, 27278932, 27278932, 27278932, 249955115, 28272208, 28272208, 33521366, 28193675, 28193675, 28193675, 28193675, 28193675, 28193675, 28193675, 28193675, 28107904, 3552991964, 1549493793, 3062820970, 27685307, 979392808, 75487437, 27761521, 27761521, 27761521, 27761521, 27761521, 27761521, 27761521, 27761521, 27761521, 27761521, 27766321, 27766321, 27766321, 27766321, 27766321, 27766321, 27766321, 27766321, 27766321, 27766321, 234681050, 27773145, 27773145, 26699917, 26699917, 1796422393, 26956587, 26956587, 26956587, 26956587, 26726923, 26726923, 26445624, 236146492, 26759908, 26759908, 26759908, 26445624, 26445624, 691193879, 27278932, 27278932, 27278932, 27278932, 26287926, 26287926, 26287926, 26287926, 26287926, 1918611316, 27232760, 27232760, 27232760, 280395723, 146574734, 29746454, 26425808, 29498668, 29498668, 4357111041, 1140019933, 27103283, 27103283, 212680066, 28863593, 25546260, 4840085620, 941701201, 28680716, 28680716, 28680716, 28501850, 28501850, 28501850, 28501850, 28501850, 28501850, 28422327, 28422327, 28422327, 28422327, 28422327, 28422327, 28422327, 28193675, 28193675, 28193675, 28193675, 28193675, 28193675, 28193675, 28193675, 28193675, 28193675, 28193675, 28193675, 28193675, 28193675, 28193675, 28193675, 161757099, 28422327, 28422327, 28422327, 28422327, 117111515, 26019124, 26019124, 26019124, 25485022, 861496874, 25485022, 25485022, 25485022, 25335007, 25335007, 25335007, 25335007, 25335007, 201856661, 25485022, 379426270, 25454110, 25454110, 25454110, 25138869, 25138869, 25138869, 25138869, 25138869, 25138869, 25138869, 25138869, 25138869, 25138869, 25674687, 25674687, 25805849, 25674687, 25674687, 25674687, 25674687, 25674687, 25674687, 25674687, 25674687, 25674687, 25674687, 25674687, 25674687, 25674687, 25674687, 25674687, 28533978, 27764953, 27764953, 25850435, 25850435, 25454110, 25454110, 25454110, 25454110, 25454110, 25454110, 25454110, 25454110, 25454110, 25454110, 25454110, 429981731, 25674687, 25674687, 25674687, 25674687, 25674687, 25674687, 25674687, 25674687, 25674687, 25674687, 25674687, 25674687, 25674687, 25674687, 25674687, 25805849, 25674687, 25674687, 25674687, 25674687, 25674687, 28619749, 28193675, 28193675, 28272208, 26822699, 25782115, 26171806, 26171806, 25969703, 25969703, 25829493, 26016091, 26016091, 26016091, 26016091, 26016091, 26016091, 26016091, 26016091, 26016091, 26016091, 26016091, 26016091, 26016091, 26016091]",0,0,0,NPU,0,0,0,0,0,0,1.0,hot,0,0,0,0,1.0,0
0,262,meta-llama/Llama-3.1-8B,9,305,25718935642,247630684578,221911748936,178238222101,178355523542,147648221,"[28193675, 28193675, 28193675, 28193675, 28193675, 3101494509, 28272208, 28272208, 28272208, 28272208, 28272208, 28272208, 28272208, 28272208, 28272208, 28272208, 28272208, 28272208, 28272208, 28272208, 28272208, 2576057821, 28107904, 27761521, 27761521, 27761521, 27761521, 27761521, 27764953, 27764953, 27764953, 27764953, 27764953, 27764953, 27764953, 27764953, 27684411, 27512576, 27512576, 27512576, 27512576, 27512576, 27278932, 27278932, 27278932, 27278932, 27278932, 249955115, 28272208, 28272208, 33521366, 28193675, 28193675, 28193675, 28193675, 28193675, 28193675, 28193675, 28193675, 28107904, 3552991964, 1549493793, 3062820970, 27685307, 979392808, 75487437, 27761521, 27761521, 27761521, 27761521, 27761521, 27761521, 27761521, 27761521, 27761521, 27761521, 27766321, 27766321, 27766321, 27766321, 27766321, 27766321, 27766321, 27766321, 27766321, 27766321, 234681050, 27773145, 27773145, 26699917, 26699917, 1796422393, 26956587, 26956587, 26956587, 26956587, 26726923, 26726923, 262592116, 26759908, 26759908, 26759908, 744085127, 27278932, 27278932, 27278932, 27278932, 26287926, 26287926, 26287926, 26287926, 26287926, 1918611316, 27232760, 27232760, 27232760, 280395723, 146574734, 29746454, 26425808, 29498668, 29498668, 4357111041, 1140019933, 27103283, 27103283, 212680066, 28863593, 4865631880, 941701201, 28680716, 28680716, 28680716, 28501850, 28501850, 28501850, 28501850, 28501850, 28501850, 28422327, 28422327, 28422327, 28422327, 28422327, 28422327, 28422327, 28193675, 28193675, 28193675, 28193675, 28193675, 28193675, 28193675, 28193675, 28193675, 28193675, 28193675, 28193675, 28193675, 28193675, 28193675, 28193675, 161757099, 28422327, 28422327, 28422327, 28422327, 117111515, 26019124, 26019124, 26019124, 25485022, 861496874, 25485022, 25485022, 25485022, 328531696, 25485022, 379426270, 25454110, 25454110, 25454110, 742198196, 27764953, 27764953, 25850435, 25850435, 25454110, 25454110, 25454110, 25454110, 25454110, 25454110, 25454110, 25454110, 25454110, 25454110, 25454110, 997901069, 28193675, 28193675, 28272208, 26822699, 25782115, 26171806, 26171806, 25969703, 25969703, 418228297, 28107904, 28107904, 28107904, 28107904, 28107904, 28107904, 28107904, 28107904, 28107904, 28107904, 28107904, 28107904, 28107904, 28107904, 28107904, 28107904, 28107904, 28107904, 28107904, 26118142, 26118142, 304002107, 25304821, 25304821, 25304821, 25304821, 25304821, 25304821, 25304821, 25304821, 25304821, 25304821, 25304821, 25304821, 25304821, 25304821, 25304821, 25403215, 25304821, 25304821, 25304821, 25304821, 25304821, 25304821, 25304821, 25304821, 25304821, 25304821, 25304821, 25304821, 25304821, 25304821, 25304821, 25655279, 25491349, 25491349, 25491349, 25491349, 25491349, 25491349, 25491349, 25491349, 25491349, 25491349, 25491349, 25491349, 25491349, 25491349, 25491349, 25655279, 25491349, 25491349, 25491349, 25491349, 25491349, 25491349, 25491349, 25491349, 25491349, 25491349, 25491349, 25491349, 25491349, 25491349, 25491349, 25655279]",0,0,0,CXL,0,6291456,0,6291456,6291456,6291456,1.0,hot,0,0,0,0,1.0,12582912
0,263,meta-llama/Llama-3.1-8B,68,376,25791985174,249066788477,223274803303,178165172569,178282474010,146554818,"[28193675, 28193675, 28193675, 28193675, 28193675, 3101494509, 28272208, 28272208, 28272208, 28272208, 28272208, 28272208, 28272208, 28272208, 28272208, 28272208, 28272208, 28272208, 28272208, 28272208, 28272208, 2576057821, 28107904, 27761521, 27761521, 27761521, 27761521, 27761521, 27764953, 27764953, 27764953, 27764953, 27764953, 27764953, 27764953, 27764953, 27684411, 27512576, 27512576, 27512576, 27512576, 27512576, 27278932, 27278932, 27278932, 27278932, 27278932, 249955115, 28272208, 28272208, 33521366, 28193675, 28193675, 28193675, 28193675, 28193675, 28193675, 28193675, 28193675, 28107904, 3552991964, 1549493793, 3062820970, 27685307, 979392808, 75487437, 27761521, 27761521, 27761521, 27761521, 27761521, 27761521, 27761521, 27761521, 27761521, 27761521, 27766321, 27766321, 27766321, 27766321, 27766321, 27766321, 27766321, 27766321, 27766321, 27766321, 234681050, 27773145, 27773145, 26699917, 26699917, 1796422393, 26956587, 26956587, 26956587, 26956587, 26726923, 26726923, 262592116, 26759908, 26759908, 26759908, 744085127, 27278932, 27278932, 27278932, 27278932, 26287926, 26287926, 26287926, 26287926, 26287926, 1918611316, 27232760, 27232760, 27232760, 280395723, 146574734, 29746454, 26425808, 29498668, 29498668, 4357111041, 1140019933, 27103283, 27103283, 212680066, 28863593, 4865631880, 941701201, 28680716, 28680716, 28680716, 28501850, 28501850, 28501850, 28501850, 28501850, 28501850, 28422327, 28422327, 28422327, 28422327, 28422327, 28422327, 28422327, 28193675, 28193675, 28193675, 28193675, 28193675, 28193675, 28193675, 28193675, 28193675, 28193675, 28193675, 28193675, 28193675, 28193675, 28193675, 28193675, 161757099, 28422327, 28422327, 28422327, 28422327, 117111515, 26019124, 26019124, 26019124, 2515440476, 27764953, 27764953, 25850435, 25850435, 25454110, 25454110, 25454110, 25454110, 25454110, 25454110, 25454110, 25454110, 25454110, 25454110, 25454110, 997901069, 28193675, 28193675, 28272208, 26822699, 25782115, 26171806, 26171806, 25969703, 25969703, 418228297, 28107904, 28107904, 28107904, 28107904, 28107904, 28107904, 28107904, 28107904, 28107904, 28107904, 28107904, 28107904, 28107904, 28107904, 28107904, 28107904, 28107904, 28107904, 28107904, 26118142, 26118142, 1114205231, 25491349, 25491349, 25491349, 25491349, 25491349, 25491349, 25491349, 25491349, 25491349, 25491349, 25491349, 25491349, 25491349, 25491349, 25491349, 25655279, 25491349, 25491349, 25491349, 25491349, 25491349, 25491349, 25491349, 25491349, 25491349, 25491349, 25491349, 25491349, 25491349, 25491349, 25491349, 25655279, 28004186, 27512576, 27512576, 27512576, 26171806, 26171806, 25916533, 25916533, 25916533, 25916533, 25491349, 25491349, 25491349, 25491349, 25491349, 26368504, 26253855, 26253855, 26253855, 26253855, 26253855, 26253855, 26253855, 26253855, 26253855, 26253855, 26253855, 26253855, 26253855, 26253855, 26253855, 26081034, 25884336, 25954302, 25954302, 25954302, 25954302, 25954302, 25897854, 25897854, 25897854, 25897854, 25897854, 25897854, 25897854, 25897854, 25619925, 26094552, 25897854, 25897854, 25897854, 25897854, 25897854, 25897854, 25897854]",0,0,0,NPU,0,0,0,0,0,0,1.0,hot,0,0,0,0,1.0,0
0,264,meta-llama/Llama-3.1-8B,1174,1439,26001846037,249683349635,223681503598,185005894056,185255849171,145551721,"[28272208, 28272208, 33521366, 28193675, 28193675, 28193675, 28193675, 28193675, 28193675, 28193675, 28193675, 28107904, 3552991964, 1549493793, 3062820970, 27685307, 979392808, 75487437, 27761521, 27761521, 27761521, 27761521, 27761521, 27761521, 27761521, 27761521, 27761521, 27761521, 27766321, 27766321, 27766321, 27766321, 27766321, 27766321, 27766321, 27766321, 27766321, 27766321, 234681050, 27773145, 27773145, 1849822227, 26956587, 26956587, 26956587, 26956587, 26726923, 26726923, 262592116, 26759908, 26759908, 26759908, 744085127, 27278932, 27278932, 27278932, 27278932, 2050050946, 27232760, 27232760, 27232760, 280395723, 146574734, 29746454, 26425808, 29498668, 29498668, 4357111041, 1140019933, 27103283, 27103283, 212680066, 28863593, 4865631880, 941701201, 28680716, 28680716, 28680716, 28501850, 28501850, 28501850, 28501850, 28501850, 28501850, 28422327, 28422327, 28422327, 28422327, 28422327, 28422327, 28422327, 28193675, 28193675, 28193675, 28193675, 28193675, 28193675, 28193675, 28193675, 28193675, 28193675, 28193675, 28193675, 28193675, 28193675, 28193675, 28193675, 161757099, 28422327, 28422327, 28422327, 28422327, 117111515, 26019124, 26019124, 26019124, 2515440476, 27764953, 27764953, 25850435, 25850435, 1277896279, 28193675, 28193675, 28272208, 26822699, 25782115, 26171806, 26171806, 25969703, 25969703, 418228297, 28107904, 28107904, 28107904, 28107904, 28107904, 28107904, 28107904, 28107904, 28107904, 28107904, 28107904, 28107904, 28107904, 28107904, 28107904, 28107904, 28107904, 28107904, 28107904, 26118142, 26118142, 1114205231, 25491349, 25491349, 25491349, 25491349, 25491349, 25491349, 25491349, 25491349, 25491349, 25491349, 25491349, 25491349, 25491349, 25491349, 25491349, 25655279, 25491349, 25491349, 25491349, 25491349, 25491349, 25491349, 25491349, 25491349, 25491349, 25491349, 25491349, 25491349, 25491349, 25491349, 25491349, 25655279, 28004186, 27512576, 27512576, 27512576, 26171806, 26171806, 25916533, 25916533, 25916533, 25916533, 25491349, 25491349, 25491349, 25491349, 25491349, 26368504, 26253855, 26253855, 26253855, 26253855, 26253855, 26253855, 26253855, 26253855, 26253855, 26253855, 26253855, 26253855, 26253855, 26253855, 26253855, 26081034, 25884336, 25954302, 25954302, 25954302, 25954302, 25954302, 25897854, 25897854, 25897854, 25897854, 25897854, 25897854, 25897854, 25897854, 25619925, 26094552, 25897854, 25897854, 25897854, 25897854, 25897854, 25897854, 25897854, 28373525, 27685307, 27685307, 25820922, 25820922, 25820922, 25820922, 25954302, 26997103, 26898709, 26898709, 26898709, 26898709, 26898709, 26898709, 26898709, 26898709, 26898709, 26898709, 26898709, 26898709, 26898709, 26898709]",0,0,0,NPU,0,0,0,0,0,0,1.0,hot,0,0,0,0,1.0,0
0,266,meta-llama/Llama-3.1-8B,23,234,26256256903,250132319360,223876062457,184751483190,185001438305,185117257,"[28272208, 28272208, 33521366, 28193675, 28193675, 28193675, 28193675, 28193675, 28193675, 28193675, 28193675, 28107904, 3552991964, 1549493793, 3062820970, 27685307, 1054880245, 27761521, 27761521, 27761521, 27761521, 27761521, 27761521, 27761521, 27761521, 27761521, 27761521, 27766321, 27766321, 27766321, 27766321, 27766321, 27766321, 27766321, 27766321, 27766321, 27766321, 234681050, 27773145, 27773145, 1849822227, 26956587, 26956587, 26956587, 26956587, 26726923, 26726923, 262592116, 26759908, 26759908, 26759908, 744085127, 27278932, 27278932, 27278932, 27278932, 2050050946, 27232760, 27232760, 27232760, 280395723, 146574734, 29746454, 26425808, 29498668, 29498668, 4357111041, 1140019933, 27103283, 27103283, 212680066, 28863593, 4865631880, 941701201, 28680716, 28680716, 28680716, 28501850, 28501850, 28501850, 28501850, 28501850, 28501850, 28422327, 28422327, 28422327, 28422327, 28422327, 28422327, 28422327, 28193675, 28193675, 28193675, 28193675, 28193675, 28193675, 28193675, 28193675, 28193675, 28193675, 28193675, 28193675, 28193675, 28193675, 28193675, 28193675, 161757099, 28422327, 28422327, 28422327, 28422327, 117111515, 26019124, 26019124, 26019124, 2515440476, 27764953, 27764953, 25850435, 25850435, 1277896279, 28193675, 28193675, 28272208, 26822699, 25782115, 26171806, 26171806, 25969703, 25969703, 418228297, 28107904, 28107904, 28107904, 28107904, 28107904, 28107904, 28107904, 28107904, 28107904, 28107904, 28107904, 28107904, 28107904, 28107904, 28107904, 28107904, 28107904, 28107904, 28107904, 26118142, 26118142, 1958260445, 27512576, 27512576, 27512576, 26171806, 26171806, 25916533, 25916533, 25916533, 25916533, 25491349, 25491349, 25491349, 25491349, 25491349, 26368504, 419888859, 25884336, 25954302, 25954302, 25954302, 25954302, 25954302, 25897854, 25897854, 25897854, 25897854, 25897854, 25897854, 25897854, 25897854, 25619925, 26094552, 25897854, 25897854, 25897854, 25897854, 25897854, 25897854, 25897854, 28373525, 27685307, 27685307, 25820922, 25820922, 25820922, 25820922, 25954302, 613969629, 27766321, 27766321, 27766321, 27219992, 26420112, 25485022, 25485022, 25335007, 25335007]",0,0,0,CXL,0,44040192,0,44040192,44040192,44040192,1.0,hot,0,0,0,0,1.0,88080384
0,286,meta-llama/Llama-3.1-8B,9,96,28392736014,250215638795,221822902781,198921380384,199067955118,264592414,"[29746454, 55924476, 29498668, 5764017606, 28863593, 5807333081, 28680716, 28680716, 28680716, 28501850, 28501850, 28501850, 28501850, 28501850, 28501850, 28422327, 28422327, 28422327, 28422327, 28422327, 28422327, 28422327, 28193675, 28193675, 28193675, 28193675, 28193675, 28193675, 28193675, 28193675, 28193675, 28193675, 28193675, 28193675, 28193675, 28193675, 28193675, 28193675, 161757099, 28422327, 28422327, 28422327, 28422327, 117111515, 2593497848, 27764953, 27764953, 1329597149, 28193675, 28193675, 28272208, 575116129, 28107904, 28107904, 28107904, 28107904, 28107904, 28107904, 28107904, 28107904, 28107904, 28107904, 28107904, 28107904, 28107904, 28107904, 28107904, 28107904, 28107904, 28107904, 28107904, 2010496729, 27512576, 27512576, 27512576, 1353935510, 27685307, 27685307, 743207619, 27766321, 27766321, 27766321, 27219992, 155833315, 27773145, 27773145]",0,0,0,CXL,0,4194304,0,4194304,4194304,4194304,1.0,hot,0,0,0,0,1.0,8388608
0,261,meta-llama/Llama-3.1-8B,13,502,25703843584,251711286407,226007442823,178253314159,178370615600,97616449,"[28193675, 28193675, 28193675, 28193675, 28193675, 3101494509, 28272208, 28272208, 28272208, 28272208, 28272208, 28272208, 28272208, 28272208, 28272208, 28272208, 28272208, 28272208, 28272208, 28272208, 28272208, 2576057821, 28107904, 27761521, 27761521, 27761521, 27761521, 27761521, 27764953, 27764953, 27764953, 27764953, 27764953, 27764953, 27764953, 27764953, 27684411, 27512576, 27512576, 27512576, 27512576, 27512576, 27278932, 27278932, 27278932, 27278932, 27278932, 249955115, 28272208, 28272208, 33521366, 28193675, 28193675, 28193675, 28193675, 28193675, 28193675, 28193675, 28193675, 28107904, 3552991964, 1549493793, 3062820970, 27685307, 979392808, 75487437, 27761521, 27761521, 27761521, 27761521, 27761521, 27761521, 27761521, 27761521, 27761521, 27761521, 27766321, 27766321, 27766321, 27766321, 27766321, 27766321, 27766321, 27766321, 27766321, 27766321, 234681050, 27773145, 27773145, 26699917, 26699917, 1796422393, 26956587, 26956587, 26956587, 26956587, 26726923, 26726923, 262592116, 26759908, 26759908, 26759908, 26445624, 26445624, 691193879, 27278932, 27278932, 27278932, 27278932, 26287926, 26287926, 26287926, 26287926, 26287926, 1918611316, 27232760, 27232760, 27232760, 280395723, 146574734, 29746454, 26425808, 29498668, 29498668, 4357111041, 1140019933, 27103283, 27103283, 212680066, 28863593, 4865631880, 941701201, 28680716, 28680716, 28680716, 28501850, 28501850, 28501850, 28501850, 28501850, 28501850, 28422327, 28422327, 28422327, 28422327, 28422327, 28422327, 28422327, 28193675, 28193675, 28193675, 28193675, 28193675, 28193675, 28193675, 28193675, 28193675, 28193675, 28193675, 28193675, 28193675, 28193675, 28193675, 28193675, 161757099, 28422327, 28422327, 28422327, 28422327, 117111515, 26019124, 26019124, 26019124, 25485022, 861496874, 25485022, 25485022, 25485022, 328531696, 25485022, 379426270, 25454110, 25454110, 25454110, 25138869, 25138869, 25138869, 25138869, 25138869, 25138869, 25138869, 25138869, 25138869, 25138869, 490809506, 27764953, 27764953, 25850435, 25850435, 25454110, 25454110, 25454110, 25454110, 25454110, 25454110, 25454110, 25454110, 25454110, 25454110, 25454110, 429981731, 25674687, 25674687, 25674687, 25674687, 25674687, 25674687, 25674687, 25674687, 25674687, 25674687, 25674687, 25674687, 25674687, 25674687, 25674687, 25805849, 25674687, 25674687, 25674687, 25674687, 25674687, 28619749, 28193675, 28193675, 28272208, 26822699, 25782115, 26171806, 26171806, 25969703, 25969703, 418228297, 28107904, 28107904, 28107904, 28107904, 28107904, 28107904, 28107904, 28107904, 28107904, 28107904, 28107904, 28107904, 28107904, 28107904, 28107904, 28107904, 28107904, 28107904, 28107904, 26118142, 26118142, 25262203, 25262203, 25262203, 25262203, 25262203, 25262203, 25262203, 25262203, 25262203, 25262203, 51380077, 25304821, 25304821, 25304821, 25304821, 25304821, 25304821, 25304821, 25304821, 25304821, 25304821, 25304821, 25304821, 25304821, 25304821, 25304821, 25403215, 25304821, 25304821, 25304821, 25304821, 25304821, 25304821, 25304821, 25304821, 25304821, 25304821, 25304821, 25304821, 25304821, 25304821, 25304821, 25655279, 25491349, 25491349, 25491349, 25491349, 25491349, 25491349, 25491349, 25491349, 25491349, 25491349, 25491349, 25491349, 25491349, 25491349, 25491349, 25655279, 25491349, 25491349, 25491349, 25491349, 25491349, 25491349, 25491349, 25491349, 25491349, 25491349, 25491349, 25491349, 25491349, 25491349, 25491349, 25655279, 28004186, 27512576, 27512576, 27512576, 26171806, 26171806, 25916533, 25916533, 25916533, 25916533, 25491349, 25491349, 25491349, 25491349, 25491349, 26368504, 26253855, 26253855, 26253855, 26253855, 26253855, 26253855, 26253855, 26253855, 26253855, 26253855, 26253855, 26253855, 26253855, 26253855, 26253855, 26081034, 25884336, 25954302, 25954302, 25954302, 25954302, 25954302, 25897854, 25897854, 25897854, 25897854, 25897854, 25897854, 25897854, 25897854, 25619925, 26094552, 25897854, 25897854, 25897854, 25897854, 25897854, 25897854, 25897854, 28373525, 27685307, 27685307, 25820922, 25820922, 25820922, 25820922, 25954302, 26997103, 26898709, 26898709, 26898709, 26898709, 26898709, 26898709, 26898709, 26898709, 26898709, 26898709, 26898709, 26898709, 26898709, 26898709, 210390600, 27766321, 27766321, 27766321, 27219992, 26420112, 25485022, 25485022, 25335007, 25335007, 27773145, 27773145, 27773145, 27685307, 27685307, 27685307, 27685307, 27685307, 27685307, 27685307, 25501991, 25501991, 25501991, 25501991, 25501991, 25501991, 25648437, 25648437, 25648437, 25648437, 25648437, 25648437, 25763867, 25270031, 25138869, 25138869, 25138869, 25138869, 25138869, 25138869, 25138869, 25674687, 25674687, 25674687, 25674687, 25674687, 25674687, 25674687, 25674687, 25805849, 25674687, 25674687, 25674687, 25674687, 25674687, 25674687, 25674687, 25674687, 25674687, 25674687, 25674687, 25674687, 25674687, 25674687, 25674687, 25302799, 25263093, 25263093, 25263093, 25263093, 25263093]",0,0,0,NPU,0,0,0,0,0,0,1.0,hot,0,0,0,0,1.0,0
0,267,meta-llama/Llama-3.1-8B,34,342,26377485658,252950755664,226573270006,184630254435,184880209550,135808014,"[28272208, 28272208, 33521366, 28193675, 28193675, 28193675, 28193675, 28193675, 28193675, 28193675, 28193675, 28107904, 3552991964, 1549493793, 3062820970, 27685307, 1054880245, 27761521, 27761521, 27761521, 27761521, 27761521, 27761521, 27761521, 27761521, 27761521, 27761521, 27766321, 27766321, 27766321, 27766321, 27766321, 27766321, 27766321, 27766321, 27766321, 27766321, 234681050, 27773145, 27773145, 1849822227, 26956587, 26956587, 26956587, 26956587, 316045962, 26759908, 26759908, 26759908, 744085127, 27278932, 27278932, 27278932, 27278932, 2050050946, 27232760, 27232760, 27232760, 280395723, 146574734, 29746454, 55924476, 29498668, 4357111041, 1140019933, 27103283, 27103283, 212680066, 28863593, 4865631880, 941701201, 28680716, 28680716, 28680716, 28501850, 28501850, 28501850, 28501850, 28501850, 28501850, 28422327, 28422327, 28422327, 28422327, 28422327, 28422327, 28422327, 28193675, 28193675, 28193675, 28193675, 28193675, 28193675, 28193675, 28193675, 28193675, 28193675, 28193675, 28193675, 28193675, 28193675, 28193675, 28193675, 161757099, 28422327, 28422327, 28422327, 28422327, 117111515, 26019124, 26019124, 26019124, 2515440476, 27764953, 27764953, 25850435, 25850435, 1277896279, 28193675, 28193675, 28272208, 26822699, 25782115, 26171806, 26171806, 470167703, 28107904, 28107904, 28107904, 28107904, 28107904, 28107904, 28107904, 28107904, 28107904, 28107904, 28107904, 28107904, 28107904, 28107904, 28107904, 28107904, 28107904, 28107904, 28107904, 26118142, 26118142, 1958260445, 27512576, 27512576, 27512576, 26171806, 26171806, 25916533, 25916533, 25916533, 25916533, 153825249, 419888859, 25884336, 25954302, 25954302, 25954302, 25954302, 25954302, 25897854, 25897854, 25897854, 25897854, 25897854, 25897854, 25897854, 25897854, 51714477, 25897854, 25897854, 25897854, 25897854, 25897854, 25897854, 25897854, 28373525, 27685307, 27685307, 25820922, 25820922, 25820922, 25820922, 25954302, 613969629, 27766321, 27766321, 27766321, 27219992, 26420112, 25485022, 25485022, 25335007, 25335007, 27773145, 27773145, 27773145, 27685307, 27685307, 27685307, 27685307, 27685307, 27685307, 27685307, 25501991, 25501991, 25501991, 25501991, 25501991, 25501991, 25648437, 25648437, 25648437, 25648437, 25648437, 25648437, 51033898, 25138869, 25138869, 25138869, 25138869, 25138869, 25138869, 25138869, 25674687, 25674687, 25674687, 25674687, 25674687, 25674687, 25674687, 25674687, 25805849, 25674687, 25674687, 25674687, 25674687, 25674687, 25674687, 25674687, 25674687, 25674687, 25674687, 25674687, 25674687, 25674687, 25674687, 25674687, 25302799, 25263093, 25263093, 25263093, 25263093, 25263093, 27938650, 27512576, 27512576, 27512576, 27512576, 27512576, 27512576, 27512576, 27512576, 26425808, 26556970, 25501991, 25501991, 25501991, 25501991, 25501991, 25335007, 25335007, 25335007, 25335007, 25335007, 25335007, 25335007, 25674687, 25674687, 25674687, 25618040, 25454110, 25454110, 25454110, 25138869, 25138869, 25138869, 25138869, 25138869, 25138869, 25138869, 25138869, 25138869, 25138869, 25138869, 25138869, 25650808, 25454110, 25454110, 25454110, 25454110, 25454110]",0,0,0,CXL,0,20971520,0,20971520,20971520,20971520,1.0,hot,0,0,0,0,1.0,41943040
0,273,meta-llama/Llama-3.1-8B,329,490,27234917969,253219241994,225984324025,193538885167,193614372604,202312196,"[27761521, 27761521, 27761521, 27761521, 27761521, 27761521, 27761521, 27761521, 27761521, 27761521, 27766321, 27766321, 27766321, 27766321, 27766321, 27766321, 27766321, 27766321, 27766321, 27766321, 234681050, 27773145, 27773145, 3098059388, 27278932, 27278932, 27278932, 27278932, 2050050946, 27232760, 27232760, 27232760, 280395723, 146574734, 29746454, 55924476, 29498668, 4357111041, 1140019933, 27103283, 27103283, 212680066, 28863593, 4865631880, 941701201, 28680716, 28680716, 28680716, 28501850, 28501850, 28501850, 28501850, 28501850, 28501850, 28422327, 28422327, 28422327, 28422327, 28422327, 28422327, 28422327, 28193675, 28193675, 28193675, 28193675, 28193675, 28193675, 28193675, 28193675, 28193675, 28193675, 28193675, 28193675, 28193675, 28193675, 28193675, 28193675, 161757099, 28422327, 28422327, 28422327, 28422327, 117111515, 2593497848, 27764953, 27764953, 1329597149, 28193675, 28193675, 28272208, 26822699, 25782115, 522511315, 28107904, 28107904, 28107904, 28107904, 28107904, 28107904, 28107904, 28107904, 28107904, 28107904, 28107904, 28107904, 28107904, 28107904, 28107904, 28107904, 28107904, 28107904, 28107904, 26118142, 26118142, 1958260445, 27512576, 27512576, 27512576, 729723852, 25884336, 598327322, 27685307, 27685307, 743207619, 27766321, 27766321, 27766321, 27219992, 26420112, 129413203, 27773145, 27773145, 27685307, 27685307, 27685307, 27685307, 27685307, 27685307, 27685307, 1329789113, 27512576, 27512576, 27512576, 27512576, 27512576, 27512576, 27512576, 27512576, 26425808, 26556970, 966217763, 27278932, 27278932, 27278932, 27278932, 27278932, 26694765, 26694765, 25465799, 25465799]",0,0,0,NPU,0,0,0,0,0,0,1.0,hot,0,0,0,0,1.0,0
0,271,meta-llama/Llama-3.1-8B,23,227,26788661369,253300940274,226512278905,184525578255,184559099621,206665907,"[28193675, 28193675, 28193675, 28193675, 28193675, 28193675, 28193675, 28193675, 5130593661, 4145386522, 27761521, 27761521, 27761521, 27761521, 27761521, 27761521, 27761521, 27761521, 27761521, 27761521, 27766321, 27766321, 27766321, 27766321, 27766321, 27766321, 27766321, 27766321, 27766321, 27766321, 234681050, 27773145, 27773145, 3098059388, 27278932, 27278932, 27278932, 27278932, 2050050946, 27232760, 27232760, 27232760, 280395723, 146574734, 29746454, 55924476, 29498668, 4357111041, 1140019933, 27103283, 27103283, 212680066, 28863593, 4865631880, 941701201, 28680716, 28680716, 28680716, 28501850, 28501850, 28501850, 28501850, 28501850, 28501850, 28422327, 28422327, 28422327, 28422327, 28422327, 28422327, 28422327, 28193675, 28193675, 28193675, 28193675, 28193675, 28193675, 28193675, 28193675, 28193675, 28193675, 28193675, 28193675, 28193675, 28193675, 28193675, 28193675, 161757099, 28422327, 28422327, 28422327, 28422327, 117111515, 2593497848, 27764953, 27764953, 25850435, 25850435, 1277896279, 28193675, 28193675, 28272208, 26822699, 25782115, 522511315, 28107904, 28107904, 28107904, 28107904, 28107904, 28107904, 28107904, 28107904, 28107904, 28107904, 28107904, 28107904, 28107904, 28107904, 28107904, 28107904, 28107904, 28107904, 28107904, 26118142, 26118142, 1958260445, 27512576, 27512576, 27512576, 26171806, 26171806, 257491381, 419888859, 25884336, 598327322, 27685307, 27685307, 25820922, 25820922, 25820922, 25820922, 639923931, 27766321, 27766321, 27766321, 27219992, 26420112, 129413203, 27773145, 27773145, 27685307, 27685307, 27685307, 27685307, 27685307, 27685307, 27685307, 25501991, 25501991, 25501991, 25501991, 25501991, 25501991, 1176777167, 27512576, 27512576, 27512576, 27512576, 27512576, 27512576, 27512576, 27512576, 26425808, 26556970, 25501991, 25501991, 25501991, 25501991, 25501991, 279987150, 25454110, 25454110, 25454110, 327317236, 25454110, 25454110, 25454110, 25454110, 25454110, 27770542, 27278932, 27278932, 27278932, 27278932, 27278932, 26694765, 26694765, 25465799, 25465799, 27232760, 27232760, 27232760]",0,0,0,CXL,0,37748736,0,37748736,37748736,37748736,1.0,hot,0,0,0,0,1.0,75497472
0,281,meta-llama/Llama-3.1-8B,301,436,28183110227,253707067503,225523957276,198850610448,199131006171,196962321,"[146574734, 29746454, 55924476, 29498668, 5764017606, 28863593, 4865631880, 941701201, 28680716, 28680716, 28680716, 28501850, 28501850, 28501850, 28501850, 28501850, 28501850, 28422327, 28422327, 28422327, 28422327, 28422327, 28422327, 28422327, 28193675, 28193675, 28193675, 28193675, 28193675, 28193675, 28193675, 28193675, 28193675, 28193675, 28193675, 28193675, 28193675, 28193675, 28193675, 28193675, 161757099, 28422327, 28422327, 28422327, 28422327, 117111515, 2593497848, 27764953, 27764953, 1329597149, 28193675, 28193675, 28272208, 26822699, 548293430, 28107904, 28107904, 28107904, 28107904, 28107904, 28107904, 28107904, 28107904, 28107904, 28107904, 28107904, 28107904, 28107904, 28107904, 28107904, 28107904, 28107904, 28107904, 28107904, 2010496729, 27512576, 27512576, 27512576, 1353935510, 27685307, 27685307, 743207619, 27766321, 27766321, 27766321, 27219992, 26420112, 129413203, 27773145, 27773145, 27685307, 27685307, 27685307, 27685307, 27685307, 27685307, 27685307, 1329789113, 27512576, 27512576, 27512576, 27512576, 27512576, 27512576, 27512576, 27512576, 26425808, 26556970, 966217763, 27278932, 27278932, 27278932, 27278932, 27278932, 26694765, 26694765, 78164358, 27232760, 27232760, 27103283, 27103283, 27103283, 27103283, 27103283, 27103283, 27103283, 27103283, 27103283, 27103283, 27103283, 26997779, 26997779, 26997779, 26997779]",0,0,0,NPU,0,0,0,0,0,0,1.0,hot,0,0,0,0,1.0,0
0,270,meta-llama/Llama-3.1-8B,35,293,26622528550,254219242656,227596714106,184385211543,184635166658,167165554,"[28272208, 28272208, 33521366, 28193675, 28193675, 28193675, 28193675, 28193675, 28193675, 28193675, 28193675, 28107904, 5102485757, 3062820970, 27685307, 1054880245, 27761521, 27761521, 27761521, 27761521, 27761521, 27761521, 27761521, 27761521, 27761521, 27761521, 27766321, 27766321, 27766321, 27766321, 27766321, 27766321, 27766321, 27766321, 27766321, 27766321, 234681050, 27773145, 27773145, 3098059388, 27278932, 27278932, 27278932, 27278932, 2050050946, 27232760, 27232760, 27232760, 280395723, 146574734, 29746454, 55924476, 29498668, 4357111041, 1140019933, 27103283, 27103283, 212680066, 28863593, 4865631880, 941701201, 28680716, 28680716, 28680716, 28501850, 28501850, 28501850, 28501850, 28501850, 28501850, 28422327, 28422327, 28422327, 28422327, 28422327, 28422327, 28422327, 28193675, 28193675, 28193675, 28193675, 28193675, 28193675, 28193675, 28193675, 28193675, 28193675, 28193675, 28193675, 28193675, 28193675, 28193675, 28193675, 161757099, 28422327, 28422327, 28422327, 28422327, 117111515, 2593497848, 27764953, 27764953, 25850435, 25850435, 1277896279, 28193675, 28193675, 28272208, 26822699, 25782115, 26171806, 26171806, 470167703, 28107904, 28107904, 28107904, 28107904, 28107904, 28107904, 28107904, 28107904, 28107904, 28107904, 28107904, 28107904, 28107904, 28107904, 28107904, 28107904, 28107904, 28107904, 28107904, 26118142, 26118142, 1958260445, 27512576, 27512576, 27512576, 26171806, 26171806, 257491381, 419888859, 25884336, 598327322, 27685307, 27685307, 25820922, 25820922, 25820922, 25820922, 639923931, 27766321, 27766321, 27766321, 27219992, 26420112, 129413203, 27773145, 27773145, 27685307, 27685307, 27685307, 27685307, 27685307, 27685307, 27685307, 25501991, 25501991, 25501991, 25501991, 25501991, 25501991, 1176777167, 27512576, 27512576, 27512576, 27512576, 27512576, 27512576, 27512576, 27512576, 26425808, 26556970, 25501991, 25501991, 25501991, 25501991, 25501991, 279987150, 25454110, 25454110, 25454110, 25138869, 25138869, 25138869, 25138869, 25138869, 25138869, 25138869, 25138869, 25138869, 25138869, 25138869, 25138869, 25650808, 25454110, 25454110, 25454110, 25454110, 25454110, 27770542, 27278932, 27278932, 27278932, 27278932, 27278932, 26694765, 26694765, 25465799, 25465799, 27232760, 27232760, 27232760, 27103283, 27103283, 27103283, 27103283, 27103283, 27103283, 27103283, 27103283, 27103283, 27103283, 27103283, 26997779, 26997779, 26997779, 26997779, 26956587, 26956587, 26956587, 26956587, 26956587, 26956587, 26956587, 26956587, 26956587, 26956587, 26956587, 26956587, 26956587, 26956587, 26956587, 26956587, 26956587, 26956587, 26956587]",0,0,0,CXL,0,14680064,0,14680064,14680064,14680064,1.0,hot,0,0,0,0,1.0,29360128
0,290,meta-llama/Llama-3.1-8B,439,585,28597189297,254326282288,225729092991,204642186501,204742689039,144733820,"[28863593, 5807333081, 28680716, 28680716, 28680716, 28501850, 28501850, 28501850, 28501850, 28501850, 28501850, 28422327, 28422327, 28422327, 28422327, 28422327, 28422327, 28422327, 28193675, 28193675, 28193675, 28193675, 28193675, 28193675, 28193675, 28193675, 28193675, 28193675, 28193675, 28193675, 28193675, 28193675, 28193675, 28193675, 161757099, 28422327, 28422327, 28422327, 28422327, 117111515, 2593497848, 27764953, 27764953, 1329597149, 28193675, 28193675, 28272208, 575116129, 28107904, 28107904, 28107904, 28107904, 28107904, 28107904, 28107904, 28107904, 28107904, 28107904, 28107904, 28107904, 28107904, 28107904, 28107904, 28107904, 28107904, 28107904, 28107904, 2010496729, 27512576, 27512576, 27512576, 1353935510, 27685307, 27685307, 743207619, 27766321, 27766321, 27766321, 27219992, 155833315, 27773145, 27773145, 27685307, 27685307, 27685307, 27685307, 27685307, 27685307, 27685307, 1329789113, 27512576, 27512576, 27512576, 27512576, 27512576, 27512576, 27512576, 27512576, 1019200541, 27278932, 27278932, 27278932, 27278932, 27278932, 131553888, 27232760, 27232760, 27103283, 27103283, 27103283, 27103283, 27103283, 27103283, 27103283, 27103283, 27103283, 27103283, 27103283, 26997779, 26997779, 26997779, 26997779, 26956587, 26956587, 26956587, 26956587, 26956587, 26956587, 26956587, 26956587, 26956587, 26956587, 26956587, 26956587, 26956587, 26956587, 26956587, 26956587, 26956587, 26956587, 26956587, 26759908, 26759908, 26759908, 26759908]",0,0,0,NPU,0,0,0,0,0,0,1.0,hot,0,0,0,0,1.0,0
0,276,meta-llama/Llama-3.1-8B,37,201,27536240722,254570439128,227034198406,199497479953,199777875676,167216703,"[146574734, 29746454, 55924476, 29498668, 5764017606, 28863593, 4865631880, 941701201, 28680716, 28680716, 28680716, 28501850, 28501850, 28501850, 28501850, 28501850, 28501850, 28422327, 28422327, 28422327, 28422327, 28422327, 28422327, 28422327, 28193675, 28193675, 28193675, 28193675, 28193675, 28193675, 28193675, 28193675, 28193675, 28193675, 28193675, 28193675, 28193675, 28193675, 28193675, 28193675, 161757099, 28422327, 28422327, 28422327, 28422327, 117111515, 2593497848, 27764953, 27764953, 1329597149, 28193675, 28193675, 28272208, 26822699, 548293430, 28107904, 28107904, 28107904, 28107904, 28107904, 28107904, 28107904, 28107904, 28107904, 28107904, 28107904, 28107904, 28107904, 28107904, 28107904, 28107904, 28107904, 28107904, 28107904, 26118142, 26118142, 1958260445, 27512576, 27512576, 27512576, 1353935510, 27685307, 27685307, 743207619, 27766321, 27766321, 27766321, 27219992, 26420112, 129413203, 27773145, 27773145, 27685307, 27685307, 27685307, 27685307, 27685307, 27685307, 27685307, 1329789113, 27512576, 27512576, 27512576, 27512576, 27512576, 27512576, 27512576, 27512576, 26425808, 26556970, 966217763, 27278932, 27278932, 27278932, 27278932, 27278932, 26694765, 26694765, 78164358, 27232760, 27232760, 27103283, 27103283, 27103283, 27103283, 27103283, 27103283, 27103283, 27103283, 27103283, 27103283, 27103283, 26997779, 26997779, 26997779, 26997779, 26956587, 26956587, 26956587, 26956587, 26956587, 26956587, 26956587, 26956587, 26956587, 26956587, 26956587, 26956587, 26956587, 26956587, 26956587, 26956587, 26956587, 26956587, 26956587, 26759908, 26759908, 26759908, 26759908, 163877116, 26759908, 26759908, 26759908]",0,0,0,CXL,0,12582912,0,12582912,12582912,12582912,1.0,hot,0,0,0,0,1.0,25165824
0,277,meta-llama/Llama-3.1-8B,5,170,27641212629,254650619897,227009407268,199392508046,199672903769,166685996,"[146574734, 29746454, 55924476, 29498668, 5764017606, 28863593, 4865631880, 941701201, 28680716, 28680716, 28680716, 28501850, 28501850, 28501850, 28501850, 28501850, 28501850, 28422327, 28422327, 28422327, 28422327, 28422327, 28422327, 28422327, 28193675, 28193675, 28193675, 28193675, 28193675, 28193675, 28193675, 28193675, 28193675, 28193675, 28193675, 28193675, 28193675, 28193675, 28193675, 28193675, 161757099, 28422327, 28422327, 28422327, 28422327, 117111515, 2593497848, 27764953, 27764953, 1329597149, 28193675, 28193675, 28272208, 26822699, 548293430, 28107904, 28107904, 28107904, 28107904, 28107904, 28107904, 28107904, 28107904, 28107904, 28107904, 28107904, 28107904, 28107904, 28107904, 28107904, 28107904, 28107904, 28107904, 28107904, 2010496729, 27512576, 27512576, 27512576, 1353935510, 27685307, 27685307, 743207619, 27766321, 27766321, 27766321, 27219992, 26420112, 129413203, 27773145, 27773145, 27685307, 27685307, 27685307, 27685307, 27685307, 27685307, 27685307, 1329789113, 27512576, 27512576, 27512576, 27512576, 27512576, 27512576, 27512576, 27512576, 26425808, 26556970, 966217763, 27278932, 27278932, 27278932, 27278932, 27278932, 26694765, 26694765, 78164358, 27232760, 27232760, 27103283, 27103283, 27103283, 27103283, 27103283, 27103283, 27103283, 27103283, 27103283, 27103283, 27103283, 26997779, 26997779, 26997779, 26997779, 26956587, 26956587, 26956587, 26956587, 26956587, 26956587, 26956587, 26956587, 26956587, 26956587, 26956587, 26956587, 26956587, 26956587, 26956587, 26956587, 26956587, 26956587, 26956587, 26759908, 26759908, 26759908, 26759908, 163877116, 26759908, 26759908, 26759908, 26726923, 26726923, 26726923]",0,0,0,CXL,0,46137344,0,46137344,46137344,46137344,1.0,hot,0,0,0,0,1.0,92274688
0,288,meta-llama/Llama-3.1-8B,12,174,28504728538,254780992358,226276263820,198809387860,198955962594,169691311,"[29746454, 55924476, 29498668, 5764017606, 28863593, 5807333081, 28680716, 28680716, 28680716, 28501850, 28501850, 28501850, 28501850, 28501850, 28501850, 28422327, 28422327, 28422327, 28422327, 28422327, 28422327, 28422327, 28193675, 28193675, 28193675, 28193675, 28193675, 28193675, 28193675, 28193675, 28193675, 28193675, 28193675, 28193675, 28193675, 28193675, 28193675, 28193675, 161757099, 28422327, 28422327, 28422327, 28422327, 117111515, 2593497848, 27764953, 27764953, 1329597149, 28193675, 28193675, 28272208, 575116129, 28107904, 28107904, 28107904, 28107904, 28107904, 28107904, 28107904, 28107904, 28107904, 28107904, 28107904, 28107904, 28107904, 28107904, 28107904, 28107904, 28107904, 28107904, 28107904, 2010496729, 27512576, 27512576, 27512576, 1353935510, 27685307, 27685307, 743207619, 27766321, 27766321, 27766321, 27219992, 155833315, 27773145, 27773145, 27685307, 27685307, 27685307, 27685307, 27685307, 27685307, 27685307, 1329789113, 27512576, 27512576, 27512576, 27512576, 27512576, 27512576, 27512576, 27512576, 1019200541, 27278932, 27278932, 27278932, 27278932, 27278932, 26694765, 26694765, 78164358, 27232760, 27232760, 27103283, 27103283, 27103283, 27103283, 27103283, 27103283, 27103283, 27103283, 27103283, 27103283, 27103283, 26997779, 26997779, 26997779, 26997779, 26956587, 26956587, 26956587, 26956587, 26956587, 26956587, 26956587, 26956587, 26956587, 26956587, 26956587, 26956587, 26956587, 26956587, 26956587, 26956587, 26956587, 26956587, 26956587, 26759908, 26759908, 26759908, 26759908, 163877116, 26759908, 26759908, 26759908, 26726923, 26726923, 26726923, 76918615, 26726923, 26726923]",0,0,0,CXL,0,6291456,0,6291456,6291456,6291456,1.0,hot,0,0,0,0,1.0,12582912
0,269,meta-llama/Llama-3.1-8B,20,339,26456791100,255201682929,228744891829,184550948993,184800904108,138188640,"[28272208, 28272208, 33521366, 28193675, 28193675, 28193675, 28193675, 28193675, 28193675, 28193675, 28193675, 28107904, 3552991964, 1549493793, 3062820970, 27685307, 1054880245, 27761521, 27761521, 27761521, 27761521, 27761521, 27761521, 27761521, 27761521, 27761521, 27761521, 27766321, 27766321, 27766321, 27766321, 27766321, 27766321, 27766321, 27766321, 27766321, 27766321, 234681050, 27773145, 27773145, 3098059388, 27278932, 27278932, 27278932, 27278932, 2050050946, 27232760, 27232760, 27232760, 280395723, 146574734, 29746454, 55924476, 29498668, 4357111041, 1140019933, 27103283, 27103283, 212680066, 28863593, 4865631880, 941701201, 28680716, 28680716, 28680716, 28501850, 28501850, 28501850, 28501850, 28501850, 28501850, 28422327, 28422327, 28422327, 28422327, 28422327, 28422327, 28422327, 28193675, 28193675, 28193675, 28193675, 28193675, 28193675, 28193675, 28193675, 28193675, 28193675, 28193675, 28193675, 28193675, 28193675, 28193675, 28193675, 161757099, 28422327, 28422327, 28422327, 28422327, 117111515, 2593497848, 27764953, 27764953, 25850435, 25850435, 1277896279, 28193675, 28193675, 28272208, 26822699, 25782115, 26171806, 26171806, 470167703, 28107904, 28107904, 28107904, 28107904, 28107904, 28107904, 28107904, 28107904, 28107904, 28107904, 28107904, 28107904, 28107904, 28107904, 28107904, 28107904, 28107904, 28107904, 28107904, 26118142, 26118142, 1958260445, 27512576, 27512576, 27512576, 26171806, 26171806, 25916533, 25916533, 25916533, 25916533, 153825249, 419888859, 25884336, 598327322, 27685307, 27685307, 25820922, 25820922, 25820922, 25820922, 639923931, 27766321, 27766321, 27766321, 27219992, 26420112, 25485022, 25485022, 78443159, 27773145, 27773145, 27685307, 27685307, 27685307, 27685307, 27685307, 27685307, 27685307, 25501991, 25501991, 25501991, 25501991, 25501991, 25501991, 204924520, 25138869, 25138869, 25138869, 25138869, 25138869, 25138869, 25138869, 641626449, 25263093, 25263093, 25263093, 25263093, 25263093, 27938650, 27512576, 27512576, 27512576, 27512576, 27512576, 27512576, 27512576, 27512576, 26425808, 26556970, 25501991, 25501991, 25501991, 25501991, 25501991, 25335007, 25335007, 25335007, 25335007, 25335007, 25335007, 25335007, 25674687, 25674687, 25674687, 25618040, 25454110, 25454110, 25454110, 25138869, 25138869, 25138869, 25138869, 25138869, 25138869, 25138869, 25138869, 25138869, 25138869, 25138869, 25138869, 25650808, 25454110, 25454110, 25454110, 25454110, 25454110, 27770542, 27278932, 27278932, 27278932, 27278932, 27278932, 26694765, 26694765, 25465799, 25465799, 27232760, 27232760, 27232760, 27103283, 27103283, 27103283, 27103283, 27103283, 27103283, 27103283, 27103283, 27103283, 27103283, 27103283, 26997779, 26997779, 26997779, 26997779, 26956587, 26956587, 26956587, 26956587, 26956587, 26956587, 26956587, 26956587, 26956587, 26956587, 26956587, 26956587, 26956587, 26956587, 26956587, 26956587, 26956587, 26956587, 26956587, 26759908, 26759908, 26759908, 26759908, 163877116, 26759908, 26759908, 26759908, 26726923, 26726923, 26726923, 76918615, 26726923, 26726923, 26790979, 26790979, 26790979, 26790979, 26706189, 26171806, 26171806, 26171806, 26171806, 26171806, 25454110, 25454110, 25454110, 26707858, 26445624, 26445624]",0,0,0,CXL,0,41943040,0,41943040,41943040,41943040,1.0,hot,0,0,0,0,1.0,83886080
0,255,meta-llama/Llama-3.1-8B,70,839,24658487581,256980643702,232322156121,178427928191,178481415469,70105131,"[27766321, 27766321, 879023492, 28193675, 28193675, 28193675, 28193675, 28193675, 3101494509, 28272208, 28272208, 28272208, 28272208, 28272208, 28272208, 28272208, 28272208, 28272208, 28272208, 28272208, 28272208, 28272208, 28272208, 28272208, 2576057821, 28107904, 27761521, 27761521, 27761521, 27761521, 27761521, 27764953, 27764953, 27764953, 27764953, 27764953, 27764953, 27764953, 27764953, 27684411, 27512576, 27512576, 27512576, 27512576, 27512576, 27278932, 27278932, 27278932, 27278932, 27278932, 249955115, 28272208, 28272208, 33521366, 28193675, 28193675, 28193675, 28193675, 28193675, 28193675, 28193675, 28193675, 28107904, 3552991964, 1549493793, 3062820970, 27685307, 979392808, 75487437, 27761521, 27761521, 27761521, 27761521, 27761521, 27761521, 27761521, 27761521, 27761521, 27761521, 27766321, 27766321, 27766321, 27766321, 27766321, 27766321, 27766321, 27766321, 27766321, 27766321, 234681050, 27773145, 27773145, 26699917, 26699917, 26445624, 26445624, 26445624, 1717085521, 26956587, 26956587, 26956587, 26956587, 26726923, 26726923, 26445624, 236146492, 26759908, 26759908, 26759908, 26445624, 26445624, 691193879, 27278932, 27278932, 27278932, 27278932, 26287926, 26287926, 26287926, 26287926, 26287926, 1918611316, 27232760, 27232760, 27232760, 280395723, 146574734, 29746454, 26425808, 29498668, 29498668, 4357111041, 1140019933, 27103283, 27103283, 212680066, 28863593, 25546260, 4840085620, 25501991, 25501991, 25501991, 865195228, 28680716, 28680716, 28680716, 28501850, 28501850, 28501850, 28501850, 28501850, 28501850, 28422327, 28422327, 28422327, 28422327, 28422327, 28422327, 28422327, 28193675, 28193675, 28193675, 28193675, 28193675, 28193675, 28193675, 28193675, 28193675, 28193675, 28193675, 28193675, 28193675, 28193675, 28193675, 28193675, 161757099, 28422327, 28422327, 28422327, 28422327, 117111515, 26019124, 26019124, 26019124, 25485022, 861496874, 25485022, 25485022, 25485022, 25335007, 25335007, 25335007, 25335007, 25335007, 25177211, 25177211, 25177211, 25177211, 25177211, 25177211, 25177211, 25616184, 25485022, 25274357, 25274357, 25274357, 25274357, 25274357, 25274357, 25274357, 25274357, 25274357, 25274357, 25274357, 25274357, 25274357, 25274357, 25585272, 25454110, 25454110, 25454110, 25138869, 25138869, 25138869, 25138869, 25138869, 25138869, 25138869, 25138869, 25138869, 25138869, 25674687, 25674687, 25805849, 25674687, 25674687, 25674687, 25674687, 25674687, 25674687, 25674687, 25674687, 25674687, 25674687, 25674687, 25674687, 25674687, 25674687, 25674687, 28533978, 27764953, 27764953, 25850435, 25850435, 25454110, 25454110, 25454110, 25454110, 25454110, 25454110, 25454110, 25454110, 25454110, 25454110, 25454110, 25242837, 25262203, 25262203, 25262203, 25262203, 25262203, 25262203, 25262203, 25262203, 25262203, 25262203, 25262203, 25262203, 25262203, 25262203, 25262203, 25805849, 25674687, 25674687, 25674687, 25674687, 25674687, 25674687, 25674687, 25674687, 25674687, 25674687, 25674687, 25674687, 25674687, 25674687, 25674687, 25805849, 25674687, 25674687, 25674687, 25674687, 25674687, 28619749, 28193675, 28193675, 28272208, 26822699, 25782115, 26171806, 26171806, 25969703, 25969703, 25829493, 26016091, 26016091, 26016091, 26016091, 26016091, 26016091, 26016091, 26016091, 26016091, 26016091, 26016091, 26016091, 26016091, 26016091, 28173530, 28107904, 28107904, 28107904, 28107904, 28107904, 28107904, 28107904, 28107904, 28107904, 28107904, 28107904, 28107904, 28107904, 28107904, 28107904, 28107904, 28107904, 28107904, 28107904, 26118142, 26118142, 25262203, 25262203, 25262203, 25262203, 25262203, 25262203, 25262203, 25262203, 25262203, 25262203, 26007326, 25372751, 25304821, 25304821, 25304821, 25304821, 25304821, 25304821, 25304821, 25304821, 25304821, 25304821, 25304821, 25304821, 25304821, 25304821, 25304821, 25403215, 25304821, 25304821, 25304821, 25304821, 25304821, 25304821, 25304821, 25304821, 25304821, 25304821, 25304821, 25304821, 25304821, 25304821, 25304821, 25655279, 25491349, 25491349, 25491349, 25491349, 25491349, 25491349, 25491349, 25491349, 25491349, 25491349, 25491349, 25491349, 25491349, 25491349, 25491349, 25655279, 25491349, 25491349, 25491349, 25491349, 25491349, 25491349, 25491349, 25491349, 25491349, 25491349, 25491349, 25491349, 25491349, 25491349, 25491349, 25655279, 28004186, 27512576, 27512576, 27512576, 26171806, 26171806, 25916533, 25916533, 25916533, 25916533, 25491349, 25491349, 25491349, 25491349, 25491349, 26368504, 26253855, 26253855, 26253855, 26253855, 26253855, 26253855, 26253855, 26253855, 26253855, 26253855, 26253855, 26253855, 26253855, 26253855, 26253855, 26081034, 25884336, 25954302, 25954302, 25954302, 25954302, 25954302, 25897854, 25897854, 25897854, 25897854, 25897854, 25897854, 25897854, 25897854, 25619925, 26094552, 25897854, 25897854, 25897854, 25897854, 25897854, 25897854, 25897854, 28373525, 27685307, 27685307, 25820922, 25820922, 25820922, 25820922, 25954302, 26997103, 26898709, 26898709, 26898709, 26898709, 26898709, 26898709, 26898709, 26898709, 26898709, 26898709, 26898709, 26898709, 26898709, 26898709, 210390600, 27766321, 27766321, 27766321, 27219992, 26420112, 25485022, 25485022, 25335007, 25335007, 27773145, 27773145, 27773145, 27685307, 27685307, 27685307, 27685307, 27685307, 27685307, 27685307, 25501991, 25501991, 25501991, 25501991, 25501991, 25501991, 25648437, 25648437, 25648437, 25648437, 25648437, 25648437, 25763867, 25270031, 25138869, 25138869, 25138869, 25138869, 25138869, 25138869, 25138869, 25674687, 25674687, 25674687, 25674687, 25674687, 25674687, 25674687, 25674687, 25805849, 25674687, 25674687, 25674687, 25674687, 25674687, 25674687, 25674687, 25674687, 25674687, 25674687, 25674687, 25674687, 25674687, 25674687, 25674687, 25302799, 25263093, 25263093, 25263093, 25263093, 25263093, 27938650, 27512576, 27512576, 27512576, 27512576, 27512576, 27512576, 27512576, 27512576, 26425808, 26556970, 25501991, 25501991, 25501991, 25501991, 25501991, 25335007, 25335007, 25335007, 25335007, 25335007, 25335007, 25335007, 25674687, 25674687, 25674687, 25618040, 25454110, 25454110, 25454110, 25138869, 25138869, 25138869, 25138869, 25138869, 25138869, 25138869, 25138869, 25138869, 25138869, 25138869, 25138869, 25650808, 25454110, 25454110, 25454110, 25454110, 25454110, 27770542, 27278932, 27278932, 27278932, 27278932, 27278932, 26694765, 26694765, 25465799, 25465799, 27232760, 27232760, 27232760, 27103283, 27103283, 27103283, 27103283, 27103283, 27103283, 27103283, 27103283, 27103283, 27103283, 27103283, 26997779, 26997779, 26997779, 26997779, 26956587, 26956587, 26956587, 26956587, 26956587, 26956587, 26956587, 26956587, 26956587, 26956587, 26956587, 26956587, 26956587, 26956587, 26956587, 26956587, 26956587, 26956587, 26956587, 26759908, 26759908, 26759908, 26759908, 163877116, 26759908, 26759908, 26759908, 26726923, 26726923, 26726923, 76918615, 26726923, 26726923, 26790979, 26790979, 26790979, 26790979, 26706189, 26171806, 26171806, 26171806, 26171806, 26171806, 25454110, 25454110, 25454110, 26707858, 26445624, 26445624, 26968423, 26706189, 26706189, 26706189, 26706189, 26706189, 26706189, 26706189, 26706189, 26706189, 26706189, 26706189, 26706189, 25904021, 25904021, 25904021, 25904021, 25904021, 25904021, 26016091, 26016091, 26016091, 26016091, 26016091, 26016091, 26016091, 26016091, 26016091, 26016091, 26339320, 26044318, 26044318, 26044318, 26164062, 26164062, 25820922, 25465799, 25465799, 25859550, 25859550, 25859550, 25859550, 25859550, 25859550, 25859550, 26562928, 26235158, 26235158, 26235158, 26235158, 26235158, 26235158, 26235158, 26235158, 26235158, 26097524, 26097524, 26097524, 26097524, 26097524, 25857173, 26562928, 26235158, 26171806, 26171806, 25732479, 25732479, 25732479]",0,0,0,NPU,0,0,0,0,0,0,1.0,hot,0,0,0,0,1.0,0
0,295,meta-llama/Llama-3.1-8B,16,145,28906043546,257141465144,228235421598,211452586208,211569697723,130200967,"[3978624903, 28193675, 28193675, 28272208, 575116129, 28107904, 28107904, 28107904, 28107904, 28107904, 28107904, 28107904, 28107904, 28107904, 28107904, 28107904, 28107904, 28107904, 28107904, 28107904, 28107904, 28107904, 28107904, 28107904, 4245548200, 27766321, 27766321, 27766321, 183053307, 27773145, 27773145, 27685307, 27685307, 27685307, 27685307, 27685307, 27685307, 27685307, 1329789113, 27512576, 27512576, 27512576, 27512576, 27512576, 27512576, 27512576, 27512576, 1019200541, 27278932, 27278932, 27278932, 27278932, 27278932, 131553888, 27232760, 27232760, 27103283, 27103283, 27103283, 27103283, 27103283, 27103283, 27103283, 27103283, 27103283, 27103283, 27103283, 26997779, 26997779, 26997779, 26997779, 26956587, 26956587, 26956587, 26956587, 26956587, 26956587, 26956587, 26956587, 26956587, 26956587, 26956587, 26956587, 26956587, 26956587, 26956587, 26956587, 26956587, 26956587, 26956587, 26759908, 26759908, 26759908, 26759908, 163877116, 26759908, 26759908, 26759908, 26726923, 26726923, 26726923, 76918615, 26726923, 26726923, 26790979, 26790979, 26790979, 26790979, 26706189, 313788889, 26706189, 26706189, 26706189, 26706189, 26706189, 26706189, 26706189, 26706189, 26706189, 26706189, 26706189, 26706189, 1459113624, 26645180, 26645180, 26645180, 26645180, 26645180]",0,0,0,CXL,0,62914560,0,62914560,62914560,62914560,1.0,hot,0,0,0,0,1.0,125829120
0,284,meta-llama/Llama-3.1-8B,12,234,28326414910,257167909672,228841494762,198987701488,199134276222,134421803,"[29746454, 55924476, 29498668, 5764017606, 28863593, 5807333081, 28680716, 28680716, 28680716, 28501850, 28501850, 28501850, 28501850, 28501850, 28501850, 28422327, 28422327, 28422327, 28422327, 28422327, 28422327, 28422327, 28193675, 28193675, 28193675, 28193675, 28193675, 28193675, 28193675, 28193675, 28193675, 28193675, 28193675, 28193675, 28193675, 28193675, 28193675, 28193675, 161757099, 28422327, 28422327, 28422327, 28422327, 117111515, 2593497848, 27764953, 27764953, 1329597149, 28193675, 28193675, 28272208, 575116129, 28107904, 28107904, 28107904, 28107904, 28107904, 28107904, 28107904, 28107904, 28107904, 28107904, 28107904, 28107904, 28107904, 28107904, 28107904, 28107904, 28107904, 28107904, 28107904, 2010496729, 27512576, 27512576, 27512576, 1353935510, 27685307, 27685307, 743207619, 27766321, 27766321, 27766321, 27219992, 155833315, 27773145, 27773145, 27685307, 27685307, 27685307, 27685307, 27685307, 27685307, 27685307, 1329789113, 27512576, 27512576, 27512576, 27512576, 27512576, 27512576, 27512576, 27512576, 26425808, 26556970, 966217763, 27278932, 27278932, 27278932, 27278932, 27278932, 26694765, 26694765, 78164358, 27232760, 27232760, 27103283, 27103283, 27103283, 27103283, 27103283, 27103283, 27103283, 27103283, 27103283, 27103283, 27103283, 26997779, 26997779, 26997779, 26997779, 26956587, 26956587, 26956587, 26956587, 26956587, 26956587, 26956587, 26956587, 26956587, 26956587, 26956587, 26956587, 26956587, 26956587, 26956587, 26956587, 26956587, 26956587, 26956587, 26759908, 26759908, 26759908, 26759908, 163877116, 26759908, 26759908, 26759908, 26726923, 26726923, 26726923, 76918615, 26726923, 26726923, 26790979, 26790979, 26790979, 26790979, 26706189, 26171806, 26171806, 26171806, 26171806, 26171806, 103070188, 26445624, 26445624, 26968423, 26706189, 26706189, 26706189, 26706189, 26706189, 26706189, 26706189, 26706189, 26706189, 26706189, 26706189, 26706189, 441924356, 26044318, 26044318, 26044318, 26164062, 26164062, 284332298, 26235158, 26235158, 26235158, 26235158, 26235158, 26235158, 26235158, 26235158, 26235158, 26097524, 26097524, 26097524, 26097524, 26097524, 52420101, 26235158, 26171806, 26171806, 104792979, 26645180, 26645180, 26645180, 26645180, 26645180, 26444528]",0,0,0,CXL,0,6291456,0,6291456,6291456,6291456,1.0,hot,0,0,0,0,1.0,12582912
0,272,meta-llama/Llama-3.1-8B,21,351,26990456373,257617199646,230626743273,184323783251,184357304617,140636591,"[28193675, 28193675, 28193675, 28193675, 28193675, 28193675, 28193675, 28193675, 5130593661, 4145386522, 27761521, 27761521, 27761521, 27761521, 27761521, 27761521, 27761521, 27761521, 27761521, 27761521, 27766321, 27766321, 27766321, 27766321, 27766321, 27766321, 27766321, 27766321, 27766321, 27766321, 234681050, 27773145, 27773145, 3098059388, 27278932, 27278932, 27278932, 27278932, 2050050946, 27232760, 27232760, 27232760, 280395723, 146574734, 29746454, 55924476, 29498668, 4357111041, 1140019933, 27103283, 27103283, 212680066, 28863593, 4865631880, 941701201, 28680716, 28680716, 28680716, 28501850, 28501850, 28501850, 28501850, 28501850, 28501850, 28422327, 28422327, 28422327, 28422327, 28422327, 28422327, 28422327, 28193675, 28193675, 28193675, 28193675, 28193675, 28193675, 28193675, 28193675, 28193675, 28193675, 28193675, 28193675, 28193675, 28193675, 28193675, 28193675, 161757099, 28422327, 28422327, 28422327, 28422327, 117111515, 2593497848, 27764953, 27764953, 25850435, 25850435, 1277896279, 28193675, 28193675, 28272208, 26822699, 25782115, 522511315, 28107904, 28107904, 28107904, 28107904, 28107904, 28107904, 28107904, 28107904, 28107904, 28107904, 28107904, 28107904, 28107904, 28107904, 28107904, 28107904, 28107904, 28107904, 28107904, 26118142, 26118142, 1958260445, 27512576, 27512576, 27512576, 26171806, 26171806, 257491381, 419888859, 25884336, 598327322, 27685307, 27685307, 743207619, 27766321, 27766321, 27766321, 27219992, 26420112, 129413203, 27773145, 27773145, 27685307, 27685307, 27685307, 27685307, 27685307, 27685307, 27685307, 1329789113, 27512576, 27512576, 27512576, 27512576, 27512576, 27512576, 27512576, 27512576, 26425808, 26556970, 25501991, 25501991, 25501991, 25501991, 25501991, 838707808, 27278932, 27278932, 27278932, 27278932, 27278932, 26694765, 26694765, 25465799, 25465799, 27232760, 27232760, 27232760, 27103283, 27103283, 27103283, 27103283, 27103283, 27103283, 27103283, 27103283, 27103283, 27103283, 27103283, 26997779, 26997779, 26997779, 26997779, 26956587, 26956587, 26956587, 26956587, 26956587, 26956587, 26956587, 26956587, 26956587, 26956587, 26956587, 26956587, 26956587, 26956587, 26956587, 26956587, 26956587, 26956587, 26956587, 26759908, 26759908, 26759908, 26759908, 163877116, 26759908, 26759908, 26759908, 26726923, 26726923, 26726923, 76918615, 26726923, 26726923, 26790979, 26790979, 26790979, 26790979, 26706189, 26171806, 26171806, 26171806, 26171806, 26171806, 25454110, 25454110, 25454110, 26707858, 26445624, 26445624, 26968423, 26706189, 26706189, 26706189, 26706189, 26706189, 26706189, 26706189, 26706189, 26706189, 26706189, 26706189, 26706189, 25904021, 25904021, 25904021, 25904021, 25904021, 25904021, 286500230, 26044318, 26044318, 26044318, 26164062, 26164062, 25820922, 25465799, 25465799, 25859550, 25859550, 25859550, 25859550, 25859550, 25859550, 25859550, 26562928, 26235158, 26235158, 26235158, 26235158, 26235158, 26235158, 26235158, 26235158, 26235158, 26097524, 26097524, 26097524, 26097524, 26097524, 25857173, 26562928, 26235158, 26171806, 26171806, 25732479, 25732479, 25732479, 27595542, 26645180, 26645180, 26645180, 26645180, 26645180, 26444528, 26428822, 26428822, 26428822, 26428822, 26428822, 26428822, 26428822, 26428822, 26428822, 26428822, 26428822, 26428822, 26428822, 26428822, 26428822, 26428822, 26428822]",0,0,0,CXL,0,25165824,0,25165824,25165824,25165824,1.0,hot,0,0,0,0,1.0,50331648
0,280,meta-llama/Llama-3.1-8B,5,252,28141861987,257617199646,229475337659,198891858688,199172254411,123183265,"[146574734, 29746454, 55924476, 29498668, 5764017606, 28863593, 4865631880, 941701201, 28680716, 28680716, 28680716, 28501850, 28501850, 28501850, 28501850, 28501850, 28501850, 28422327, 28422327, 28422327, 28422327, 28422327, 28422327, 28422327, 28193675, 28193675, 28193675, 28193675, 28193675, 28193675, 28193675, 28193675, 28193675, 28193675, 28193675, 28193675, 28193675, 28193675, 28193675, 28193675, 161757099, 28422327, 28422327, 28422327, 28422327, 117111515, 2593497848, 27764953, 27764953, 1329597149, 28193675, 28193675, 28272208, 26822699, 548293430, 28107904, 28107904, 28107904, 28107904, 28107904, 28107904, 28107904, 28107904, 28107904, 28107904, 28107904, 28107904, 28107904, 28107904, 28107904, 28107904, 28107904, 28107904, 28107904, 2010496729, 27512576, 27512576, 27512576, 1353935510, 27685307, 27685307, 743207619, 27766321, 27766321, 27766321, 27219992, 26420112, 129413203, 27773145, 27773145, 27685307, 27685307, 27685307, 27685307, 27685307, 27685307, 27685307, 1329789113, 27512576, 27512576, 27512576, 27512576, 27512576, 27512576, 27512576, 27512576, 26425808, 26556970, 966217763, 27278932, 27278932, 27278932, 27278932, 27278932, 26694765, 26694765, 78164358, 27232760, 27232760, 27103283, 27103283, 27103283, 27103283, 27103283, 27103283, 27103283, 27103283, 27103283, 27103283, 27103283, 26997779, 26997779, 26997779, 26997779, 26956587, 26956587, 26956587, 26956587, 26956587, 26956587, 26956587, 26956587, 26956587, 26956587, 26956587, 26956587, 26956587, 26956587, 26956587, 26956587, 26956587, 26956587, 26956587, 26759908, 26759908, 26759908, 26759908, 163877116, 26759908, 26759908, 26759908, 26726923, 26726923, 26726923, 76918615, 26726923, 26726923, 26790979, 26790979, 26790979, 26790979, 26706189, 26171806, 26171806, 26171806, 26171806, 26171806, 103070188, 26445624, 26445624, 26968423, 26706189, 26706189, 26706189, 26706189, 26706189, 26706189, 26706189, 26706189, 26706189, 26706189, 26706189, 26706189, 441924356, 26044318, 26044318, 26044318, 26164062, 26164062, 25820922, 25465799, 25465799, 207579778, 26235158, 26235158, 26235158, 26235158, 26235158, 26235158, 26235158, 26235158, 26235158, 26097524, 26097524, 26097524, 26097524, 26097524, 25857173, 26562928, 26235158, 26171806, 26171806, 104792979, 26645180, 26645180, 26645180, 26645180, 26645180, 26444528, 26428822, 26428822, 26428822, 26428822, 26428822, 26428822, 26428822, 26428822, 26428822, 26428822, 26428822, 26428822, 26428822, 26428822, 26428822, 26428822, 26428822]",0,0,0,CXL,0,37748736,0,37748736,37748736,37748736,1.0,hot,0,0,0,0,1.0,75497472
0,291,meta-llama/Llama-3.1-8B,761,954,28600995646,257912224904,229311229258,211482187701,211643944800,92017106,"[28422327, 28422327, 28422327, 28422327, 117111515, 2593497848, 1385127055, 28193675, 28193675, 28272208, 575116129, 28107904, 28107904, 28107904, 28107904, 28107904, 28107904, 28107904, 28107904, 28107904, 28107904, 28107904, 28107904, 28107904, 28107904, 28107904, 28107904, 28107904, 28107904, 28107904, 2010496729, 27512576, 27512576, 27512576, 1353935510, 27685307, 27685307, 743207619, 27766321, 27766321, 27766321, 27219992, 155833315, 27773145, 27773145, 27685307, 27685307, 27685307, 27685307, 27685307, 27685307, 27685307, 1329789113, 27512576, 27512576, 27512576, 27512576, 27512576, 27512576, 27512576, 27512576, 1019200541, 27278932, 27278932, 27278932, 27278932, 27278932, 131553888, 27232760, 27232760, 27103283, 27103283, 27103283, 27103283, 27103283, 27103283, 27103283, 27103283, 27103283, 27103283, 27103283, 26997779, 26997779, 26997779, 26997779, 26956587, 26956587, 26956587, 26956587, 26956587, 26956587, 26956587, 26956587, 26956587, 26956587, 26956587, 26956587, 26956587, 26956587, 26956587, 26956587, 26956587, 26956587, 26956587, 26759908, 26759908, 26759908, 26759908, 163877116, 26759908, 26759908, 26759908, 26726923, 26726923, 26726923, 76918615, 26726923, 26726923, 26790979, 26790979, 26790979, 26790979, 26706189, 233929218, 26445624, 26445624, 26968423, 26706189, 26706189, 26706189, 26706189, 26706189, 26706189, 26706189, 26706189, 26706189, 26706189, 26706189, 26706189, 441924356, 26044318, 26044318, 26044318, 26164062, 26164062, 284332298, 26235158, 26235158, 26235158, 26235158, 26235158, 26235158, 26235158, 26235158, 26235158, 182907721, 26235158, 157136591, 26645180, 26645180, 26645180, 26645180, 26645180, 26444528, 26428822, 26428822, 26428822, 26428822, 26428822, 26428822, 26428822, 26428822, 26428822, 26428822, 26428822, 26428822, 26428822, 26428822, 26428822, 26428822, 26428822, 26820478, 26820478, 26820478, 26820478, 26820478, 26820478, 26820478, 26820478, 26820478, 26820478, 26820478]",0,0,0,NPU,0,0,0,0,0,0,1.0,hot,0,0,0,0,1.0,0
0,294,meta-llama/Llama-3.1-8B,516,728,28832178188,259030818086,230198639898,211526451566,211643563081,87938752,"[3978624903, 28193675, 28193675, 28272208, 575116129, 28107904, 28107904, 28107904, 28107904, 28107904, 28107904, 28107904, 28107904, 28107904, 28107904, 28107904, 28107904, 28107904, 28107904, 28107904, 28107904, 28107904, 28107904, 28107904, 3446969967, 27685307, 27685307, 743207619, 27766321, 27766321, 27766321, 183053307, 27773145, 27773145, 27685307, 27685307, 27685307, 27685307, 27685307, 27685307, 27685307, 1329789113, 27512576, 27512576, 27512576, 27512576, 27512576, 27512576, 27512576, 27512576, 1019200541, 27278932, 27278932, 27278932, 27278932, 27278932, 131553888, 27232760, 27232760, 27103283, 27103283, 27103283, 27103283, 27103283, 27103283, 27103283, 27103283, 27103283, 27103283, 27103283, 26997779, 26997779, 26997779, 26997779, 26956587, 26956587, 26956587, 26956587, 26956587, 26956587, 26956587, 26956587, 26956587, 26956587, 26956587, 26956587, 26956587, 26956587, 26956587, 26956587, 26956587, 26956587, 26956587, 26759908, 26759908, 26759908, 26759908, 163877116, 26759908, 26759908, 26759908, 26726923, 26726923, 26726923, 76918615, 26726923, 26726923, 26790979, 26790979, 26790979, 26790979, 26706189, 233929218, 26445624, 26445624, 26968423, 26706189, 26706189, 26706189, 26706189, 26706189, 26706189, 26706189, 26706189, 26706189, 26706189, 26706189, 26706189, 441924356, 26044318, 26044318, 26044318, 26164062, 26164062, 886728190, 26645180, 26645180, 26645180, 26645180, 26645180, 26444528, 26428822, 26428822, 26428822, 26428822, 26428822, 26428822, 26428822, 26428822, 26428822, 26428822, 26428822, 26428822, 26428822, 26428822, 26428822, 26428822, 26428822, 26820478, 26820478, 26820478, 26820478, 26820478, 26820478, 26820478, 26820478, 26820478, 26820478, 26820478, 26637795, 26637795, 26637795, 26637795, 26637795, 26637795, 26637795, 26637795, 26637795, 26637795, 26637795, 26637795, 26637795, 26637795, 26637795, 26637795, 26637795, 26637795, 26637795, 26637795, 26637795, 26637795, 26637795, 26637795, 26637795, 26637795, 26637795, 26637795, 26637795, 26637795, 26637795, 26637795, 26637795, 26637795, 26637795, 26637795, 26637795, 26637795, 26637795, 26573059, 26573059, 26573059]",0,0,0,NPU,0,0,0,0,0,0,1.0,hot,0,0,0,0,1.0,0
0,279,meta-llama/Llama-3.1-8B,158,467,27921129640,259083467602,231162337962,199112591035,199392986758,103147244,"[146574734, 29746454, 55924476, 29498668, 5764017606, 28863593, 4865631880, 941701201, 28680716, 28680716, 28680716, 28501850, 28501850, 28501850, 28501850, 28501850, 28501850, 28422327, 28422327, 28422327, 28422327, 28422327, 28422327, 28422327, 28193675, 28193675, 28193675, 28193675, 28193675, 28193675, 28193675, 28193675, 28193675, 28193675, 28193675, 28193675, 28193675, 28193675, 28193675, 28193675, 161757099, 28422327, 28422327, 28422327, 28422327, 117111515, 2593497848, 27764953, 27764953, 1329597149, 28193675, 28193675, 28272208, 26822699, 548293430, 28107904, 28107904, 28107904, 28107904, 28107904, 28107904, 28107904, 28107904, 28107904, 28107904, 28107904, 28107904, 28107904, 28107904, 28107904, 28107904, 28107904, 28107904, 28107904, 2010496729, 27512576, 27512576, 27512576, 1353935510, 27685307, 27685307, 743207619, 27766321, 27766321, 27766321, 27219992, 26420112, 129413203, 27773145, 27773145, 27685307, 27685307, 27685307, 27685307, 27685307, 27685307, 27685307, 1329789113, 27512576, 27512576, 27512576, 27512576, 27512576, 27512576, 27512576, 27512576, 26425808, 26556970, 966217763, 27278932, 27278932, 27278932, 27278932, 27278932, 26694765, 26694765, 78164358, 27232760, 27232760, 27103283, 27103283, 27103283, 27103283, 27103283, 27103283, 27103283, 27103283, 27103283, 27103283, 27103283, 26997779, 26997779, 26997779, 26997779, 26956587, 26956587, 26956587, 26956587, 26956587, 26956587, 26956587, 26956587, 26956587, 26956587, 26956587, 26956587, 26956587, 26956587, 26956587, 26956587, 26956587, 26956587, 26956587, 26759908, 26759908, 26759908, 26759908, 163877116, 26759908, 26759908, 26759908, 26726923, 26726923, 26726923, 76918615, 26726923, 26726923, 26790979, 26790979, 26790979, 26790979, 26706189, 26171806, 26171806, 26171806, 26171806, 26171806, 103070188, 26445624, 26445624, 26968423, 26706189, 26706189, 26706189, 26706189, 26706189, 26706189, 26706189, 26706189, 26706189, 26706189, 26706189, 26706189, 441924356, 26044318, 26044318, 26044318, 26164062, 26164062, 25820922, 25465799, 25465799, 25859550, 25859550, 25859550, 25859550, 25859550, 25859550, 25859550, 26562928, 26235158, 26235158, 26235158, 26235158, 26235158, 26235158, 26235158, 26235158, 26235158, 26097524, 26097524, 26097524, 26097524, 26097524, 25857173, 26562928, 26235158, 26171806, 26171806, 104792979, 26645180, 26645180, 26645180, 26645180, 26645180, 26444528, 26428822, 26428822, 26428822, 26428822, 26428822, 26428822, 26428822, 26428822, 26428822, 26428822, 26428822, 26428822, 26428822, 26428822, 26428822, 26428822, 26428822, 26820478, 26820478, 26820478, 26820478, 26820478, 26820478, 26820478, 26820478, 26820478, 26820478, 26820478, 26637795, 26637795, 26637795, 26637795, 26637795, 26637795, 26637795, 26637795, 26637795, 26637795, 26637795, 26637795, 26637795, 26637795, 26637795, 26637795, 26637795, 26637795, 26637795, 26637795, 26637795, 26637795, 26637795, 26637795, 26637795, 26637795, 26637795, 26637795, 26637795, 26637795, 26637795, 26637795, 26637795, 26637795, 26637795, 26637795, 26637795, 26637795, 26637795, 26573059, 26573059, 26573059, 26324758, 26324758]",0,0,0,NPU,0,0,0,0,0,0,1.0,hot,0,0,0,0,1.0,0
0,268,meta-llama/Llama-3.1-8B,66,573,26422034892,259268795234,232846760342,184585705201,184835660316,94883596,"[28272208, 28272208, 33521366, 28193675, 28193675, 28193675, 28193675, 28193675, 28193675, 28193675, 28193675, 28107904, 3552991964, 1549493793, 3062820970, 27685307, 1054880245, 27761521, 27761521, 27761521, 27761521, 27761521, 27761521, 27761521, 27761521, 27761521, 27761521, 27766321, 27766321, 27766321, 27766321, 27766321, 27766321, 27766321, 27766321, 27766321, 27766321, 234681050, 27773145, 27773145, 1849822227, 26956587, 26956587, 26956587, 26956587, 316045962, 26759908, 26759908, 26759908, 744085127, 27278932, 27278932, 27278932, 27278932, 2050050946, 27232760, 27232760, 27232760, 280395723, 146574734, 29746454, 55924476, 29498668, 4357111041, 1140019933, 27103283, 27103283, 212680066, 28863593, 4865631880, 941701201, 28680716, 28680716, 28680716, 28501850, 28501850, 28501850, 28501850, 28501850, 28501850, 28422327, 28422327, 28422327, 28422327, 28422327, 28422327, 28422327, 28193675, 28193675, 28193675, 28193675, 28193675, 28193675, 28193675, 28193675, 28193675, 28193675, 28193675, 28193675, 28193675, 28193675, 28193675, 28193675, 161757099, 28422327, 28422327, 28422327, 28422327, 117111515, 2593497848, 27764953, 27764953, 25850435, 25850435, 1277896279, 28193675, 28193675, 28272208, 26822699, 25782115, 26171806, 26171806, 470167703, 28107904, 28107904, 28107904, 28107904, 28107904, 28107904, 28107904, 28107904, 28107904, 28107904, 28107904, 28107904, 28107904, 28107904, 28107904, 28107904, 28107904, 28107904, 28107904, 26118142, 26118142, 1958260445, 27512576, 27512576, 27512576, 26171806, 26171806, 25916533, 25916533, 25916533, 25916533, 153825249, 419888859, 25884336, 598327322, 27685307, 27685307, 25820922, 25820922, 25820922, 25820922, 25954302, 613969629, 27766321, 27766321, 27766321, 27219992, 26420112, 25485022, 25485022, 78443159, 27773145, 27773145, 27685307, 27685307, 27685307, 27685307, 27685307, 27685307, 27685307, 25501991, 25501991, 25501991, 25501991, 25501991, 25501991, 204924520, 25138869, 25138869, 25138869, 25138869, 25138869, 25138869, 25138869, 25674687, 25674687, 25674687, 25674687, 25674687, 25674687, 25674687, 25674687, 25805849, 25674687, 25674687, 25674687, 25674687, 25674687, 25674687, 25674687, 25674687, 25674687, 25674687, 25674687, 25674687, 25674687, 25674687, 25674687, 25302799, 25263093, 25263093, 25263093, 25263093, 25263093, 27938650, 27512576, 27512576, 27512576, 27512576, 27512576, 27512576, 27512576, 27512576, 26425808, 26556970, 25501991, 25501991, 25501991, 25501991, 25501991, 25335007, 25335007, 25335007, 25335007, 25335007, 25335007, 25335007, 25674687, 25674687, 25674687, 25618040, 25454110, 25454110, 25454110, 25138869, 25138869, 25138869, 25138869, 25138869, 25138869, 25138869, 25138869, 25138869, 25138869, 25138869, 25138869, 25650808, 25454110, 25454110, 25454110, 25454110, 25454110, 27770542, 27278932, 27278932, 27278932, 27278932, 27278932, 26694765, 26694765, 25465799, 25465799, 27232760, 27232760, 27232760, 27103283, 27103283, 27103283, 27103283, 27103283, 27103283, 27103283, 27103283, 27103283, 27103283, 27103283, 26997779, 26997779, 26997779, 26997779, 26956587, 26956587, 26956587, 26956587, 26956587, 26956587, 26956587, 26956587, 26956587, 26956587, 26956587, 26956587, 26956587, 26956587, 26956587, 26956587, 26956587, 26956587, 26956587, 26759908, 26759908, 26759908, 26759908, 163877116, 26759908, 26759908, 26759908, 26726923, 26726923, 26726923, 76918615, 26726923, 26726923, 26790979, 26790979, 26790979, 26790979, 26706189, 26171806, 26171806, 26171806, 26171806, 26171806, 25454110, 25454110, 25454110, 26707858, 26445624, 26445624, 26968423, 26706189, 26706189, 26706189, 26706189, 26706189, 26706189, 26706189, 26706189, 26706189, 26706189, 26706189, 26706189, 25904021, 25904021, 25904021, 25904021, 25904021, 25904021, 26016091, 26016091, 26016091, 26016091, 26016091, 26016091, 26016091, 26016091, 26016091, 26016091, 26339320, 26044318, 26044318, 26044318, 26164062, 26164062, 25820922, 25465799, 25465799, 25859550, 25859550, 25859550, 25859550, 25859550, 25859550, 25859550, 26562928, 26235158, 26235158, 26235158, 26235158, 26235158, 26235158, 26235158, 26235158, 26235158, 26097524, 26097524, 26097524, 26097524, 26097524, 25857173, 26562928, 26235158, 26171806, 26171806, 25732479, 25732479, 25732479, 27595542, 26645180, 26645180, 26645180, 26645180, 26645180, 26444528, 26428822, 26428822, 26428822, 26428822, 26428822, 26428822, 26428822, 26428822, 26428822, 26428822, 26428822, 26428822, 26428822, 26428822, 26428822, 26428822, 26428822, 26820478, 26820478, 26820478, 26820478, 26820478, 26820478, 26820478, 26820478, 26820478, 26820478, 26820478, 26637795, 26637795, 26637795, 26637795, 26637795, 26637795, 26637795, 26637795, 26637795, 26637795, 26637795, 26637795, 26637795, 26637795, 26637795, 26637795, 26637795, 26637795, 26637795, 26637795, 26637795, 26637795, 26637795, 26637795, 26637795, 26637795, 26637795, 26637795, 26637795, 26637795, 26637795, 26637795, 26637795, 26637795, 26637795, 26637795, 26637795, 26637795, 26637795, 26573059, 26573059, 26573059, 26324758, 26324758, 26475376, 26475376, 26475376, 26475376, 26475376, 26475376, 26475376]",0,0,0,NPU,0,0,0,0,0,0,1.0,hot,0,0,0,0,1.0,0
0,278,meta-llama/Llama-3.1-8B,23,345,27762267693,259348107356,231585839663,199271452982,199551848705,99794364,"[146574734, 29746454, 55924476, 29498668, 5764017606, 28863593, 4865631880, 941701201, 28680716, 28680716, 28680716, 28501850, 28501850, 28501850, 28501850, 28501850, 28501850, 28422327, 28422327, 28422327, 28422327, 28422327, 28422327, 28422327, 28193675, 28193675, 28193675, 28193675, 28193675, 28193675, 28193675, 28193675, 28193675, 28193675, 28193675, 28193675, 28193675, 28193675, 28193675, 28193675, 161757099, 28422327, 28422327, 28422327, 28422327, 117111515, 2593497848, 27764953, 27764953, 1329597149, 28193675, 28193675, 28272208, 26822699, 548293430, 28107904, 28107904, 28107904, 28107904, 28107904, 28107904, 28107904, 28107904, 28107904, 28107904, 28107904, 28107904, 28107904, 28107904, 28107904, 28107904, 28107904, 28107904, 28107904, 2010496729, 27512576, 27512576, 27512576, 1353935510, 27685307, 27685307, 743207619, 27766321, 27766321, 27766321, 27219992, 26420112, 129413203, 27773145, 27773145, 27685307, 27685307, 27685307, 27685307, 27685307, 27685307, 27685307, 1329789113, 27512576, 27512576, 27512576, 27512576, 27512576, 27512576, 27512576, 27512576, 26425808, 26556970, 966217763, 27278932, 27278932, 27278932, 27278932, 27278932, 26694765, 26694765, 78164358, 27232760, 27232760, 27103283, 27103283, 27103283, 27103283, 27103283, 27103283, 27103283, 27103283, 27103283, 27103283, 27103283, 26997779, 26997779, 26997779, 26997779, 26956587, 26956587, 26956587, 26956587, 26956587, 26956587, 26956587, 26956587, 26956587, 26956587, 26956587, 26956587, 26956587, 26956587, 26956587, 26956587, 26956587, 26956587, 26956587, 26759908, 26759908, 26759908, 26759908, 163877116, 26759908, 26759908, 26759908, 26726923, 26726923, 26726923, 76918615, 26726923, 26726923, 26790979, 26790979, 26790979, 26790979, 26706189, 26171806, 26171806, 26171806, 26171806, 26171806, 25454110, 25454110, 25454110, 26707858, 26445624, 26445624, 26968423, 26706189, 26706189, 26706189, 26706189, 26706189, 26706189, 26706189, 26706189, 26706189, 26706189, 26706189, 26706189, 441924356, 26044318, 26044318, 26044318, 26164062, 26164062, 25820922, 25465799, 25465799, 25859550, 25859550, 25859550, 25859550, 25859550, 25859550, 25859550, 26562928, 26235158, 26235158, 26235158, 26235158, 26235158, 26235158, 26235158, 26235158, 26235158, 26097524, 26097524, 26097524, 26097524, 26097524, 25857173, 26562928, 26235158, 26171806, 26171806, 104792979, 26645180, 26645180, 26645180, 26645180, 26645180, 26444528, 26428822, 26428822, 26428822, 26428822, 26428822, 26428822, 26428822, 26428822, 26428822, 26428822, 26428822, 26428822, 26428822, 26428822, 26428822, 26428822, 26428822, 26820478, 26820478, 26820478, 26820478, 26820478, 26820478, 26820478, 26820478, 26820478, 26820478, 26820478, 26637795, 26637795, 26637795, 26637795, 26637795, 26637795, 26637795, 26637795, 26637795, 26637795, 26637795, 26637795, 26637795, 26637795, 26637795, 26637795, 26637795, 26637795, 26637795, 26637795, 26637795, 26637795, 26637795, 26637795, 26637795, 26637795, 26637795, 26637795, 26637795, 26637795, 26637795, 26637795, 26637795, 26637795, 26637795, 26637795, 26637795, 26637795, 26637795, 26573059, 26573059, 26573059, 26324758, 26324758, 26475376, 26475376, 26475376, 26475376, 26475376, 26475376, 26475376, 26437374, 26437374, 26437374]",0,0,0,CXL,0,8388608,0,8388608,8388608,8388608,1.0,hot,0,0,0,0,1.0,16777216
0,283,meta-llama/Llama-3.1-8B,540,864,28240073508,259843581528,231603508020,199074042890,199220617624,100256626,"[29746454, 55924476, 29498668, 5764017606, 28863593, 5807333081, 28680716, 28680716, 28680716, 28501850, 28501850, 28501850, 28501850, 28501850, 28501850, 28422327, 28422327, 28422327, 28422327, 28422327, 28422327, 28422327, 28193675, 28193675, 28193675, 28193675, 28193675, 28193675, 28193675, 28193675, 28193675, 28193675, 28193675, 28193675, 28193675, 28193675, 28193675, 28193675, 161757099, 28422327, 28422327, 28422327, 28422327, 117111515, 2593497848, 27764953, 27764953, 1329597149, 28193675, 28193675, 28272208, 575116129, 28107904, 28107904, 28107904, 28107904, 28107904, 28107904, 28107904, 28107904, 28107904, 28107904, 28107904, 28107904, 28107904, 28107904, 28107904, 28107904, 28107904, 28107904, 28107904, 2010496729, 27512576, 27512576, 27512576, 1353935510, 27685307, 27685307, 743207619, 27766321, 27766321, 27766321, 27219992, 155833315, 27773145, 27773145, 27685307, 27685307, 27685307, 27685307, 27685307, 27685307, 27685307, 1329789113, 27512576, 27512576, 27512576, 27512576, 27512576, 27512576, 27512576, 27512576, 26425808, 26556970, 966217763, 27278932, 27278932, 27278932, 27278932, 27278932, 26694765, 26694765, 78164358, 27232760, 27232760, 27103283, 27103283, 27103283, 27103283, 27103283, 27103283, 27103283, 27103283, 27103283, 27103283, 27103283, 26997779, 26997779, 26997779, 26997779, 26956587, 26956587, 26956587, 26956587, 26956587, 26956587, 26956587, 26956587, 26956587, 26956587, 26956587, 26956587, 26956587, 26956587, 26956587, 26956587, 26956587, 26956587, 26956587, 26759908, 26759908, 26759908, 26759908, 163877116, 26759908, 26759908, 26759908, 26726923, 26726923, 26726923, 76918615, 26726923, 26726923, 26790979, 26790979, 26790979, 26790979, 26706189, 26171806, 26171806, 26171806, 26171806, 26171806, 103070188, 26445624, 26445624, 26968423, 26706189, 26706189, 26706189, 26706189, 26706189, 26706189, 26706189, 26706189, 26706189, 26706189, 26706189, 26706189, 441924356, 26044318, 26044318, 26044318, 26164062, 26164062, 25820922, 258511376, 26235158, 26235158, 26235158, 26235158, 26235158, 26235158, 26235158, 26235158, 26235158, 26097524, 26097524, 26097524, 26097524, 26097524, 52420101, 26235158, 26171806, 26171806, 104792979, 26645180, 26645180, 26645180, 26645180, 26645180, 26444528, 26428822, 26428822, 26428822, 26428822, 26428822, 26428822, 26428822, 26428822, 26428822, 26428822, 26428822, 26428822, 26428822, 26428822, 26428822, 26428822, 26428822, 26820478, 26820478, 26820478, 26820478, 26820478, 26820478, 26820478, 26820478, 26820478, 26820478, 26820478, 26637795, 26637795, 26637795, 26637795, 26637795, 26637795, 26637795, 26637795, 26637795, 26637795, 26637795, 26637795, 26637795, 26637795, 26637795, 26637795, 26637795, 26637795, 26637795, 26637795, 26637795, 26637795, 26637795, 26637795, 26637795, 26637795, 26637795, 26637795, 26637795, 26637795, 26637795, 26637795, 26637795, 26637795, 26637795, 26637795, 26637795, 26637795, 26637795, 26573059, 26573059, 26573059, 26324758, 26324758, 26475376, 26475376, 26475376, 26475376, 26475376, 26475376, 26475376, 26437374, 26437374, 26437374, 26077588, 26077588, 26077588, 26077588, 26077588, 26077588, 26077588, 26077588, 26077588, 26077588, 26077588, 26077588, 26077588, 26077588, 26077588, 26077588, 26077588, 26077588, 26077588]",0,0,0,NPU,0,0,0,0,0,0,1.0,hot,0,0,0,0,1.0,0
0,275,meta-llama/Llama-3.1-8B,6,375,27376145729,260360628448,232984482719,199657574946,199937970669,89800304,"[146574734, 29746454, 55924476, 29498668, 5497130974, 27103283, 27103283, 212680066, 28863593, 4865631880, 941701201, 28680716, 28680716, 28680716, 28501850, 28501850, 28501850, 28501850, 28501850, 28501850, 28422327, 28422327, 28422327, 28422327, 28422327, 28422327, 28422327, 28193675, 28193675, 28193675, 28193675, 28193675, 28193675, 28193675, 28193675, 28193675, 28193675, 28193675, 28193675, 28193675, 28193675, 28193675, 28193675, 161757099, 28422327, 28422327, 28422327, 28422327, 117111515, 2593497848, 27764953, 27764953, 1329597149, 28193675, 28193675, 28272208, 26822699, 548293430, 28107904, 28107904, 28107904, 28107904, 28107904, 28107904, 28107904, 28107904, 28107904, 28107904, 28107904, 28107904, 28107904, 28107904, 28107904, 28107904, 28107904, 28107904, 28107904, 26118142, 26118142, 1958260445, 27512576, 27512576, 27512576, 1353935510, 27685307, 27685307, 743207619, 27766321, 27766321, 27766321, 27219992, 26420112, 129413203, 27773145, 27773145, 27685307, 27685307, 27685307, 27685307, 27685307, 27685307, 27685307, 1329789113, 27512576, 27512576, 27512576, 27512576, 27512576, 27512576, 27512576, 27512576, 26425808, 26556970, 966217763, 27278932, 27278932, 27278932, 27278932, 27278932, 26694765, 26694765, 78164358, 27232760, 27232760, 27103283, 27103283, 27103283, 27103283, 27103283, 27103283, 27103283, 27103283, 27103283, 27103283, 27103283, 26997779, 26997779, 26997779, 26997779, 26956587, 26956587, 26956587, 26956587, 26956587, 26956587, 26956587, 26956587, 26956587, 26956587, 26956587, 26956587, 26956587, 26956587, 26956587, 26956587, 26956587, 26956587, 26956587, 26759908, 26759908, 26759908, 26759908, 163877116, 26759908, 26759908, 26759908, 26726923, 26726923, 26726923, 76918615, 26726923, 26726923, 26790979, 26790979, 26790979, 26790979, 26706189, 26171806, 26171806, 26171806, 26171806, 26171806, 25454110, 25454110, 25454110, 26707858, 26445624, 26445624, 26968423, 26706189, 26706189, 26706189, 26706189, 26706189, 26706189, 26706189, 26706189, 26706189, 26706189, 26706189, 26706189, 441924356, 26044318, 26044318, 26044318, 26164062, 26164062, 25820922, 25465799, 25465799, 25859550, 25859550, 25859550, 25859550, 25859550, 25859550, 25859550, 26562928, 26235158, 26235158, 26235158, 26235158, 26235158, 26235158, 26235158, 26235158, 26235158, 26097524, 26097524, 26097524, 26097524, 26097524, 25857173, 26562928, 26235158, 26171806, 26171806, 25732479, 25732479, 25732479, 27595542, 26645180, 26645180, 26645180, 26645180, 26645180, 26444528, 26428822, 26428822, 26428822, 26428822, 26428822, 26428822, 26428822, 26428822, 26428822, 26428822, 26428822, 26428822, 26428822, 26428822, 26428822, 26428822, 26428822, 26820478, 26820478, 26820478, 26820478, 26820478, 26820478, 26820478, 26820478, 26820478, 26820478, 26820478, 26637795, 26637795, 26637795, 26637795, 26637795, 26637795, 26637795, 26637795, 26637795, 26637795, 26637795, 26637795, 26637795, 26637795, 26637795, 26637795, 26637795, 26637795, 26637795, 26637795, 26637795, 26637795, 26637795, 26637795, 26637795, 26637795, 26637795, 26637795, 26637795, 26637795, 26637795, 26637795, 26637795, 26637795, 26637795, 26637795, 26637795, 26637795, 26637795, 26573059, 26573059, 26573059, 26324758, 26324758, 26475376, 26475376, 26475376, 26475376, 26475376, 26475376, 26475376, 26437374, 26437374, 26437374, 26077588, 26077588, 26077588, 26077588, 26077588, 26077588, 26077588, 26077588, 26077588, 26077588, 26077588, 26077588, 26077588, 26077588, 26077588, 26077588, 26077588, 26077588, 26077588, 25846330, 25846330, 25846330, 25846330, 25853850, 25853850, 25853850, 25853850, 25853850, 25853850, 25853850, 25853850, 25853850, 25853850, 25853850, 25853850, 25853850, 25853850, 25853850, 25853850]",0,0,0,CXL,0,33554432,0,33554432,33554432,33554432,1.0,hot,0,0,0,0,1.0,67108864
0,298,meta-llama/Llama-3.1-8B,831,994,29174842101,260545210643,231370368542,225151440187,225315317303,37376859,"[26759908, 26759908, 26759908, 26726923, 26726923, 26726923, 76918615, 26726923, 26726923, 26790979, 26790979, 26790979, 26790979, 26706189, 313788889, 26706189, 26706189, 26706189, 26706189, 26706189, 26706189, 26706189, 26706189, 26706189, 26706189, 26706189, 26706189, 1459113624, 26645180, 26645180, 26645180, 26645180, 26645180, 26444528, 26428822, 26428822, 26428822, 26428822, 26428822, 26428822, 26428822, 26428822, 26428822, 26428822, 26428822, 26428822, 26428822, 26428822, 26428822, 26428822, 26428822, 26820478, 26820478, 26820478, 26820478, 26820478, 26820478, 26820478, 26820478, 26820478, 26820478, 26820478, 26637795, 26637795, 26637795, 26637795, 26637795, 26637795, 26637795, 26637795, 26637795, 26637795, 26637795, 26637795, 26637795, 26637795, 26637795, 26637795, 26637795, 26637795, 26637795, 26637795, 26637795, 26637795, 26637795, 26637795, 26637795, 26637795, 26637795, 26637795, 26637795, 26637795, 26637795, 26637795, 26637795, 26637795, 26637795, 26637795, 26637795, 26637795, 26637795, 26573059, 26573059, 26573059, 26324758, 26324758, 26475376, 26475376, 26475376, 26475376, 26475376, 26475376, 26475376, 26437374, 26437374, 26437374, 26077588, 26077588, 26077588, 26077588, 26077588, 26077588, 26077588, 26077588, 26077588, 26077588, 26077588, 26077588, 26077588, 26077588, 26077588, 26077588, 26077588, 26077588, 26077588, 25846330, 25846330, 25846330, 25846330, 25853850, 25853850, 25853850, 25853850, 25853850, 25853850, 25853850, 25853850, 25853850, 25853850, 25853850, 25853850, 25853850, 25853850, 25853850, 25853850, 26368885, 26368885, 26368885, 26368885, 26368885, 26368885, 26368885]",0,0,0,NPU,0,0,0,0,0,0,1.0,hot,0,0,0,0,1.0,0
0,289,meta-llama/Llama-3.1-8B,7,394,28594091791,261868182456,233274090665,198720024607,198866599341,89138578,"[29746454, 55924476, 29498668, 5764017606, 28863593, 5807333081, 28680716, 28680716, 28680716, 28501850, 28501850, 28501850, 28501850, 28501850, 28501850, 28422327, 28422327, 28422327, 28422327, 28422327, 28422327, 28422327, 28193675, 28193675, 28193675, 28193675, 28193675, 28193675, 28193675, 28193675, 28193675, 28193675, 28193675, 28193675, 28193675, 28193675, 28193675, 28193675, 161757099, 28422327, 28422327, 28422327, 28422327, 117111515, 2593497848, 27764953, 27764953, 1329597149, 28193675, 28193675, 28272208, 575116129, 28107904, 28107904, 28107904, 28107904, 28107904, 28107904, 28107904, 28107904, 28107904, 28107904, 28107904, 28107904, 28107904, 28107904, 28107904, 28107904, 28107904, 28107904, 28107904, 2010496729, 27512576, 27512576, 27512576, 1353935510, 27685307, 27685307, 743207619, 27766321, 27766321, 27766321, 27219992, 155833315, 27773145, 27773145, 27685307, 27685307, 27685307, 27685307, 27685307, 27685307, 27685307, 1329789113, 27512576, 27512576, 27512576, 27512576, 27512576, 27512576, 27512576, 27512576, 1019200541, 27278932, 27278932, 27278932, 27278932, 27278932, 26694765, 26694765, 78164358, 27232760, 27232760, 27103283, 27103283, 27103283, 27103283, 27103283, 27103283, 27103283, 27103283, 27103283, 27103283, 27103283, 26997779, 26997779, 26997779, 26997779, 26956587, 26956587, 26956587, 26956587, 26956587, 26956587, 26956587, 26956587, 26956587, 26956587, 26956587, 26956587, 26956587, 26956587, 26956587, 26956587, 26956587, 26956587, 26956587, 26759908, 26759908, 26759908, 26759908, 163877116, 26759908, 26759908, 26759908, 26726923, 26726923, 26726923, 76918615, 26726923, 26726923, 26790979, 26790979, 26790979, 26790979, 26706189, 233929218, 26445624, 26445624, 26968423, 26706189, 26706189, 26706189, 26706189, 26706189, 26706189, 26706189, 26706189, 26706189, 26706189, 26706189, 26706189, 441924356, 26044318, 26044318, 26044318, 26164062, 26164062, 284332298, 26235158, 26235158, 26235158, 26235158, 26235158, 26235158, 26235158, 26235158, 26235158, 182907721, 26235158, 157136591, 26645180, 26645180, 26645180, 26645180, 26645180, 26444528, 26428822, 26428822, 26428822, 26428822, 26428822, 26428822, 26428822, 26428822, 26428822, 26428822, 26428822, 26428822, 26428822, 26428822, 26428822, 26428822, 26428822, 26820478, 26820478, 26820478, 26820478, 26820478, 26820478, 26820478, 26820478, 26820478, 26820478, 26820478, 26637795, 26637795, 26637795, 26637795, 26637795, 26637795, 26637795, 26637795, 26637795, 26637795, 26637795, 26637795, 26637795, 26637795, 26637795, 26637795, 26637795, 26637795, 26637795, 26637795, 26637795, 26637795, 26637795, 26637795, 26637795, 26637795, 26637795, 26637795, 26637795, 26637795, 26637795, 26637795, 26637795, 26637795, 26637795, 26637795, 26637795, 26637795, 26637795, 26573059, 26573059, 26573059, 26324758, 26324758, 26475376, 26475376, 26475376, 26475376, 26475376, 26475376, 26475376, 26437374, 26437374, 26437374, 26077588, 26077588, 26077588, 26077588, 26077588, 26077588, 26077588, 26077588, 26077588, 26077588, 26077588, 26077588, 26077588, 26077588, 26077588, 26077588, 26077588, 26077588, 26077588, 25846330, 25846330, 25846330, 25846330, 25853850, 25853850, 25853850, 25853850, 25853850, 25853850, 25853850, 25853850, 25853850, 25853850, 25853850, 25853850, 25853850, 25853850, 25853850, 25853850, 26368885, 26368885, 26368885, 26368885, 26368885, 26368885, 26368885, 25969703, 25969703, 25969703, 25969703, 25969703, 25969703, 25969703, 25969703, 25969703, 25969703, 25969703, 25969703, 25969703, 25969703, 25969703, 25969703, 25969703, 25969703, 25969703, 25969703, 25921863, 25921863, 25921863, 25921863, 25921863, 25921863, 25921863, 25921863, 25921863, 25921863, 25921863, 25921863, 25921863, 25921863, 25921863, 25921863, 25921863, 25921863, 25921863, 25921863, 25921863, 25921863, 25921863, 25921863, 25921863, 25921863, 25921863, 25921863, 25921863, 25921863, 25921863]",0,0,0,CXL,0,14680064,0,14680064,14680064,14680064,1.0,hot,0,0,0,0,1.0,29360128
0,287,meta-llama/Llama-3.1-8B,9,431,28470965472,262732737238,234261771766,198843150926,198989725660,83781582,"[29746454, 55924476, 29498668, 5764017606, 28863593, 5807333081, 28680716, 28680716, 28680716, 28501850, 28501850, 28501850, 28501850, 28501850, 28501850, 28422327, 28422327, 28422327, 28422327, 28422327, 28422327, 28422327, 28193675, 28193675, 28193675, 28193675, 28193675, 28193675, 28193675, 28193675, 28193675, 28193675, 28193675, 28193675, 28193675, 28193675, 28193675, 28193675, 161757099, 28422327, 28422327, 28422327, 28422327, 117111515, 2593497848, 27764953, 27764953, 1329597149, 28193675, 28193675, 28272208, 575116129, 28107904, 28107904, 28107904, 28107904, 28107904, 28107904, 28107904, 28107904, 28107904, 28107904, 28107904, 28107904, 28107904, 28107904, 28107904, 28107904, 28107904, 28107904, 28107904, 2010496729, 27512576, 27512576, 27512576, 1353935510, 27685307, 27685307, 743207619, 27766321, 27766321, 27766321, 27219992, 155833315, 27773145, 27773145, 27685307, 27685307, 27685307, 27685307, 27685307, 27685307, 27685307, 1329789113, 27512576, 27512576, 27512576, 27512576, 27512576, 27512576, 27512576, 27512576, 1019200541, 27278932, 27278932, 27278932, 27278932, 27278932, 26694765, 26694765, 78164358, 27232760, 27232760, 27103283, 27103283, 27103283, 27103283, 27103283, 27103283, 27103283, 27103283, 27103283, 27103283, 27103283, 26997779, 26997779, 26997779, 26997779, 26956587, 26956587, 26956587, 26956587, 26956587, 26956587, 26956587, 26956587, 26956587, 26956587, 26956587, 26956587, 26956587, 26956587, 26956587, 26956587, 26956587, 26956587, 26956587, 26759908, 26759908, 26759908, 26759908, 163877116, 26759908, 26759908, 26759908, 26726923, 26726923, 26726923, 76918615, 26726923, 26726923, 26790979, 26790979, 26790979, 26790979, 26706189, 233929218, 26445624, 26445624, 26968423, 26706189, 26706189, 26706189, 26706189, 26706189, 26706189, 26706189, 26706189, 26706189, 26706189, 26706189, 26706189, 441924356, 26044318, 26044318, 26044318, 26164062, 26164062, 284332298, 26235158, 26235158, 26235158, 26235158, 26235158, 26235158, 26235158, 26235158, 26235158, 182907721, 26235158, 26171806, 26171806, 104792979, 26645180, 26645180, 26645180, 26645180, 26645180, 26444528, 26428822, 26428822, 26428822, 26428822, 26428822, 26428822, 26428822, 26428822, 26428822, 26428822, 26428822, 26428822, 26428822, 26428822, 26428822, 26428822, 26428822, 26820478, 26820478, 26820478, 26820478, 26820478, 26820478, 26820478, 26820478, 26820478, 26820478, 26820478, 26637795, 26637795, 26637795, 26637795, 26637795, 26637795, 26637795, 26637795, 26637795, 26637795, 26637795, 26637795, 26637795, 26637795, 26637795, 26637795, 26637795, 26637795, 26637795, 26637795, 26637795, 26637795, 26637795, 26637795, 26637795, 26637795, 26637795, 26637795, 26637795, 26637795, 26637795, 26637795, 26637795, 26637795, 26637795, 26637795, 26637795, 26637795, 26637795, 26573059, 26573059, 26573059, 26324758, 26324758, 26475376, 26475376, 26475376, 26475376, 26475376, 26475376, 26475376, 26437374, 26437374, 26437374, 26077588, 26077588, 26077588, 26077588, 26077588, 26077588, 26077588, 26077588, 26077588, 26077588, 26077588, 26077588, 26077588, 26077588, 26077588, 26077588, 26077588, 26077588, 26077588, 25846330, 25846330, 25846330, 25846330, 25853850, 25853850, 25853850, 25853850, 25853850, 25853850, 25853850, 25853850, 25853850, 25853850, 25853850, 25853850, 25853850, 25853850, 25853850, 25853850, 26368885, 26368885, 26368885, 26368885, 26368885, 26368885, 26368885, 25969703, 25969703, 25969703, 25969703, 25969703, 25969703, 25969703, 25969703, 25969703, 25969703, 25969703, 25969703, 25969703, 25969703, 25969703, 25969703, 25969703, 25969703, 25969703, 25969703, 25921863, 25921863, 25921863, 25921863, 25921863, 25921863, 25921863, 25921863, 25921863, 25921863, 25921863, 25921863, 25921863, 25921863, 25921863, 25921863, 25921863, 25921863, 25921863, 25921863, 25921863, 25921863, 25921863, 25921863, 25921863, 25921863, 25921863, 25921863, 25921863, 25921863, 25921863, 25897854, 25897854, 25897854, 25897854, 25897854, 25897854, 25897854, 25897854, 26294878, 26294878, 26294878, 26294878, 26294878, 26294878, 26294878, 26294878, 26294878, 26294878, 26294878, 26294878, 26294878, 26294878, 26294878, 26294878, 26294878, 26294878, 26294878, 26294878, 26294878, 26294878, 26294878, 26294878, 26294878]",0,0,0,CXL,0,4194304,0,4194304,4194304,4194304,1.0,hot,0,0,0,0,1.0,8388608
0,297,meta-llama/Llama-3.1-8B,62,467,29077320140,265005894830,235928574690,220606029495,220816420095,37406323,"[27766321, 27766321, 27766321, 183053307, 27773145, 27773145, 27685307, 27685307, 27685307, 27685307, 27685307, 27685307, 27685307, 1329789113, 27512576, 27512576, 27512576, 27512576, 27512576, 27512576, 27512576, 27512576, 1019200541, 27278932, 27278932, 27278932, 27278932, 27278932, 131553888, 27232760, 27232760, 27103283, 27103283, 27103283, 27103283, 27103283, 27103283, 27103283, 27103283, 27103283, 27103283, 27103283, 26997779, 26997779, 26997779, 26997779, 26956587, 26956587, 26956587, 26956587, 26956587, 26956587, 26956587, 26956587, 26956587, 26956587, 26956587, 26956587, 26956587, 26956587, 26956587, 26956587, 26956587, 26956587, 26956587, 26759908, 26759908, 26759908, 26759908, 163877116, 26759908, 26759908, 26759908, 26726923, 26726923, 26726923, 76918615, 26726923, 26726923, 26790979, 26790979, 26790979, 26790979, 26706189, 313788889, 26706189, 26706189, 26706189, 26706189, 26706189, 26706189, 26706189, 26706189, 26706189, 26706189, 26706189, 26706189, 1459113624, 26645180, 26645180, 26645180, 26645180, 26645180, 26444528, 26428822, 26428822, 26428822, 26428822, 26428822, 26428822, 26428822, 26428822, 26428822, 26428822, 26428822, 26428822, 26428822, 26428822, 26428822, 26428822, 26428822, 26820478, 26820478, 26820478, 26820478, 26820478, 26820478, 26820478, 26820478, 26820478, 26820478, 26820478, 26637795, 26637795, 26637795, 26637795, 26637795, 26637795, 26637795, 26637795, 26637795, 26637795, 26637795, 26637795, 26637795, 26637795, 26637795, 26637795, 26637795, 26637795, 26637795, 26637795, 26637795, 26637795, 26637795, 26637795, 26637795, 26637795, 26637795, 26637795, 26637795, 26637795, 26637795, 26637795, 26637795, 26637795, 26637795, 26637795, 26637795, 26637795, 26637795, 26573059, 26573059, 26573059, 26324758, 26324758, 26475376, 26475376, 26475376, 26475376, 26475376, 26475376, 26475376, 26437374, 26437374, 26437374, 26077588, 26077588, 26077588, 26077588, 26077588, 26077588, 26077588, 26077588, 26077588, 26077588, 26077588, 26077588, 26077588, 26077588, 26077588, 26077588, 26077588, 26077588, 26077588, 25846330, 25846330, 25846330, 25846330, 25853850, 25853850, 25853850, 25853850, 25853850, 25853850, 25853850, 25853850, 25853850, 25853850, 25853850, 25853850, 25853850, 25853850, 25853850, 25853850, 26368885, 26368885, 26368885, 26368885, 26368885, 26368885, 26368885, 25969703, 25969703, 25969703, 25969703, 25969703, 25969703, 25969703, 25969703, 25969703, 25969703, 25969703, 25969703, 25969703, 25969703, 25969703, 25969703, 25969703, 25969703, 25969703, 25969703, 25921863, 25921863, 25921863, 25921863, 25921863, 25921863, 25921863, 25921863, 25921863, 25921863, 25921863, 25921863, 25921863, 25921863, 25921863, 25921863, 25921863, 25921863, 25921863, 25921863, 25921863, 25921863, 25921863, 25921863, 25921863, 25921863, 25921863, 25921863, 25921863, 25921863, 25921863, 25897854, 25897854, 25897854, 25897854, 25897854, 25897854, 25897854, 25897854, 26294878, 26294878, 26294878, 26294878, 26294878, 26294878, 26294878, 26294878, 26294878, 26294878, 26294878, 26294878, 26294878, 26294878, 26294878, 26294878, 26294878, 26294878, 26294878, 26294878, 26294878, 26294878, 26294878, 26294878, 26294878, 25619925, 25619925, 25619925, 25619925, 25619925, 25829685, 25829685, 25829685, 25829685, 25829685, 25829685, 25829685, 25829685, 25829685, 25829685, 25829685, 25829685, 25829685, 25829685, 25829685, 25829685, 25829685, 25829685, 25829685, 25829685, 25829685, 25829685, 25829685, 25829685, 25829685, 25829685, 25829685, 25829685, 25829685, 25829685, 25829685, 25829685, 25829685, 25829685, 25829685, 25829685, 25829685, 25829685, 25829685, 25829685, 25829685, 25829685, 25829685, 25829685, 25829685, 25829685, 25829685, 25829685, 25829685, 25829685, 25829685, 25829685, 25829685, 25829685, 25829685, 25829685, 25829685, 25829685, 25829685, 25829685, 25829685, 25829685, 25829685, 25829685, 25892533, 25892533, 25892533, 25892533, 25892533, 25892533, 25892533, 25892533, 25892533, 25892533, 25892533, 25892533, 25892533, 25892533, 25892533, 25892533, 25892533, 25892533, 25892533]",0,0,0,CXL,0,44040192,0,44040192,44040192,44040192,1.0,hot,0,0,0,0,1.0,88080384
0,292,meta-llama/Llama-3.1-8B,10,509,28773930782,266360944315,237587013533,211309252565,211471009664,52441774,"[28422327, 28422327, 28422327, 28422327, 117111515, 2593497848, 1385127055, 28193675, 28193675, 28272208, 575116129, 28107904, 28107904, 28107904, 28107904, 28107904, 28107904, 28107904, 28107904, 28107904, 28107904, 28107904, 28107904, 28107904, 28107904, 28107904, 28107904, 28107904, 28107904, 28107904, 3446969967, 27685307, 27685307, 743207619, 27766321, 27766321, 27766321, 183053307, 27773145, 27773145, 27685307, 27685307, 27685307, 27685307, 27685307, 27685307, 27685307, 1329789113, 27512576, 27512576, 27512576, 27512576, 27512576, 27512576, 27512576, 27512576, 1019200541, 27278932, 27278932, 27278932, 27278932, 27278932, 131553888, 27232760, 27232760, 27103283, 27103283, 27103283, 27103283, 27103283, 27103283, 27103283, 27103283, 27103283, 27103283, 27103283, 26997779, 26997779, 26997779, 26997779, 26956587, 26956587, 26956587, 26956587, 26956587, 26956587, 26956587, 26956587, 26956587, 26956587, 26956587, 26956587, 26956587, 26956587, 26956587, 26956587, 26956587, 26956587, 26956587, 26759908, 26759908, 26759908, 26759908, 163877116, 26759908, 26759908, 26759908, 26726923, 26726923, 26726923, 76918615, 26726923, 26726923, 26790979, 26790979, 26790979, 26790979, 26706189, 233929218, 26445624, 26445624, 26968423, 26706189, 26706189, 26706189, 26706189, 26706189, 26706189, 26706189, 26706189, 26706189, 26706189, 26706189, 26706189, 441924356, 26044318, 26044318, 26044318, 26164062, 26164062, 886728190, 26645180, 26645180, 26645180, 26645180, 26645180, 26444528, 26428822, 26428822, 26428822, 26428822, 26428822, 26428822, 26428822, 26428822, 26428822, 26428822, 26428822, 26428822, 26428822, 26428822, 26428822, 26428822, 26428822, 26820478, 26820478, 26820478, 26820478, 26820478, 26820478, 26820478, 26820478, 26820478, 26820478, 26820478, 26637795, 26637795, 26637795, 26637795, 26637795, 26637795, 26637795, 26637795, 26637795, 26637795, 26637795, 26637795, 26637795, 26637795, 26637795, 26637795, 26637795, 26637795, 26637795, 26637795, 26637795, 26637795, 26637795, 26637795, 26637795, 26637795, 26637795, 26637795, 26637795, 26637795, 26637795, 26637795, 26637795, 26637795, 26637795, 26637795, 26637795, 26637795, 26637795, 26573059, 26573059, 26573059, 26324758, 26324758, 26475376, 26475376, 26475376, 26475376, 26475376, 26475376, 26475376, 26437374, 26437374, 26437374, 26077588, 26077588, 26077588, 26077588, 26077588, 26077588, 26077588, 26077588, 26077588, 26077588, 26077588, 26077588, 26077588, 26077588, 26077588, 26077588, 26077588, 26077588, 26077588, 25846330, 25846330, 25846330, 25846330, 25853850, 25853850, 25853850, 25853850, 25853850, 25853850, 25853850, 25853850, 25853850, 25853850, 25853850, 25853850, 25853850, 25853850, 25853850, 25853850, 26368885, 26368885, 26368885, 26368885, 26368885, 26368885, 26368885, 25969703, 25969703, 25969703, 25969703, 25969703, 25969703, 25969703, 25969703, 25969703, 25969703, 25969703, 25969703, 25969703, 25969703, 25969703, 25969703, 25969703, 25969703, 25969703, 25969703, 25921863, 25921863, 25921863, 25921863, 25921863, 25921863, 25921863, 25921863, 25921863, 25921863, 25921863, 25921863, 25921863, 25921863, 25921863, 25921863, 25921863, 25921863, 25921863, 25921863, 25921863, 25921863, 25921863, 25921863, 25921863, 25921863, 25921863, 25921863, 25921863, 25921863, 25921863, 25897854, 25897854, 25897854, 25897854, 25897854, 25897854, 25897854, 25897854, 26294878, 26294878, 26294878, 26294878, 26294878, 26294878, 26294878, 26294878, 26294878, 26294878, 26294878, 26294878, 26294878, 26294878, 26294878, 26294878, 26294878, 26294878, 26294878, 26294878, 26294878, 26294878, 26294878, 26294878, 26294878, 25619925, 25619925, 25619925, 25619925, 25619925, 25829685, 25829685, 25829685, 25829685, 25829685, 25829685, 25829685, 25829685, 25829685, 25829685, 25829685, 25829685, 25829685, 25829685, 25829685, 25829685, 25829685, 25829685, 25829685, 25829685, 25829685, 25829685, 25829685, 25829685, 25829685, 25829685, 25829685, 25829685, 25829685, 25829685, 25829685, 25829685, 25829685, 25829685, 25829685, 25829685, 25829685, 25829685, 25829685, 25829685, 25829685, 25829685, 25829685, 25829685, 25829685, 25829685, 25829685, 25829685, 25829685, 25829685, 25829685, 25829685, 25829685, 25829685, 25829685, 25829685, 25829685, 25829685, 25829685, 25829685, 25829685, 25829685, 25829685, 25829685, 25892533, 25892533, 25892533, 25892533, 25892533, 25892533, 25892533, 25892533, 25892533, 25892533, 25892533, 25892533, 25892533, 25892533, 25892533, 25892533, 25892533, 25892533, 25892533, 26572255, 26572255, 26572255, 26572255, 26572255, 26572255, 26572255, 26572255, 26572255, 26572255, 26572255, 26572255, 26572255, 26572255, 26572255, 26572255, 26572255, 26572255, 26572255, 26572255, 26572255, 26572255, 26572255, 26572255, 26572255, 26572255, 26572255, 26572255, 26572255, 26572255, 26572255, 26572255, 26572255, 26572255, 26572255, 26572255, 26572255, 26572255, 26572255, 26572255, 26572255, 26572255, 26572255, 26572255, 26552895, 26552895, 26552895, 26552895, 26552895, 26552895, 26552895]",0,0,0,CXL,0,62914560,0,62914560,62914560,62914560,1.0,hot,0,0,0,0,1.0,125829120
0,282,meta-llama/Llama-3.1-8B,8,721,28230203905,270089999534,241859795629,198803516770,199083912493,60078487,"[146574734, 29746454, 55924476, 29498668, 5764017606, 28863593, 5807333081, 28680716, 28680716, 28680716, 28501850, 28501850, 28501850, 28501850, 28501850, 28501850, 28422327, 28422327, 28422327, 28422327, 28422327, 28422327, 28422327, 28193675, 28193675, 28193675, 28193675, 28193675, 28193675, 28193675, 28193675, 28193675, 28193675, 28193675, 28193675, 28193675, 28193675, 28193675, 28193675, 161757099, 28422327, 28422327, 28422327, 28422327, 117111515, 2593497848, 27764953, 27764953, 1329597149, 28193675, 28193675, 28272208, 26822699, 548293430, 28107904, 28107904, 28107904, 28107904, 28107904, 28107904, 28107904, 28107904, 28107904, 28107904, 28107904, 28107904, 28107904, 28107904, 28107904, 28107904, 28107904, 28107904, 28107904, 2010496729, 27512576, 27512576, 27512576, 1353935510, 27685307, 27685307, 743207619, 27766321, 27766321, 27766321, 27219992, 26420112, 129413203, 27773145, 27773145, 27685307, 27685307, 27685307, 27685307, 27685307, 27685307, 27685307, 1329789113, 27512576, 27512576, 27512576, 27512576, 27512576, 27512576, 27512576, 27512576, 26425808, 26556970, 966217763, 27278932, 27278932, 27278932, 27278932, 27278932, 26694765, 26694765, 78164358, 27232760, 27232760, 27103283, 27103283, 27103283, 27103283, 27103283, 27103283, 27103283, 27103283, 27103283, 27103283, 27103283, 26997779, 26997779, 26997779, 26997779, 26956587, 26956587, 26956587, 26956587, 26956587, 26956587, 26956587, 26956587, 26956587, 26956587, 26956587, 26956587, 26956587, 26956587, 26956587, 26956587, 26956587, 26956587, 26956587, 26759908, 26759908, 26759908, 26759908, 163877116, 26759908, 26759908, 26759908, 26726923, 26726923, 26726923, 76918615, 26726923, 26726923, 26790979, 26790979, 26790979, 26790979, 26706189, 26171806, 26171806, 26171806, 26171806, 26171806, 103070188, 26445624, 26445624, 26968423, 26706189, 26706189, 26706189, 26706189, 26706189, 26706189, 26706189, 26706189, 26706189, 26706189, 26706189, 26706189, 441924356, 26044318, 26044318, 26044318, 26164062, 26164062, 25820922, 258511376, 26235158, 26235158, 26235158, 26235158, 26235158, 26235158, 26235158, 26235158, 26235158, 26097524, 26097524, 26097524, 26097524, 26097524, 25857173, 26562928, 26235158, 26171806, 26171806, 104792979, 26645180, 26645180, 26645180, 26645180, 26645180, 26444528, 26428822, 26428822, 26428822, 26428822, 26428822, 26428822, 26428822, 26428822, 26428822, 26428822, 26428822, 26428822, 26428822, 26428822, 26428822, 26428822, 26428822, 26820478, 26820478, 26820478, 26820478, 26820478, 26820478, 26820478, 26820478, 26820478, 26820478, 26820478, 26637795, 26637795, 26637795, 26637795, 26637795, 26637795, 26637795, 26637795, 26637795, 26637795, 26637795, 26637795, 26637795, 26637795, 26637795, 26637795, 26637795, 26637795, 26637795, 26637795, 26637795, 26637795, 26637795, 26637795, 26637795, 26637795, 26637795, 26637795, 26637795, 26637795, 26637795, 26637795, 26637795, 26637795, 26637795, 26637795, 26637795, 26637795, 26637795, 26573059, 26573059, 26573059, 26324758, 26324758, 26475376, 26475376, 26475376, 26475376, 26475376, 26475376, 26475376, 26437374, 26437374, 26437374, 26077588, 26077588, 26077588, 26077588, 26077588, 26077588, 26077588, 26077588, 26077588, 26077588, 26077588, 26077588, 26077588, 26077588, 26077588, 26077588, 26077588, 26077588, 26077588, 25846330, 25846330, 25846330, 25846330, 25853850, 25853850, 25853850, 25853850, 25853850, 25853850, 25853850, 25853850, 25853850, 25853850, 25853850, 25853850, 25853850, 25853850, 25853850, 25853850, 26368885, 26368885, 26368885, 26368885, 26368885, 26368885, 26368885, 25969703, 25969703, 25969703, 25969703, 25969703, 25969703, 25969703, 25969703, 25969703, 25969703, 25969703, 25969703, 25969703, 25969703, 25969703, 25969703, 25969703, 25969703, 25969703, 25969703, 25921863, 25921863, 25921863, 25921863, 25921863, 25921863, 25921863, 25921863, 25921863, 25921863, 25921863, 25921863, 25921863, 25921863, 25921863, 25921863, 25921863, 25921863, 25921863, 25921863, 25921863, 25921863, 25921863, 25921863, 25921863, 25921863, 25921863, 25921863, 25921863, 25921863, 25921863, 25897854, 25897854, 25897854, 25897854, 25897854, 25897854, 25897854, 25897854, 26294878, 26294878, 26294878, 26294878, 26294878, 26294878, 26294878, 26294878, 26294878, 26294878, 26294878, 26294878, 26294878, 26294878, 26294878, 26294878, 26294878, 26294878, 26294878, 26294878, 26294878, 26294878, 26294878, 26294878, 26294878, 25619925, 25619925, 25619925, 25619925, 25619925, 25829685, 25829685, 25829685, 25829685, 25829685, 25829685, 25829685, 25829685, 25829685, 25829685, 25829685, 25829685, 25829685, 25829685, 25829685, 25829685, 25829685, 25829685, 25829685, 25829685, 25829685, 25829685, 25829685, 25829685, 25829685, 25829685, 25829685, 25829685, 25829685, 25829685, 25829685, 25829685, 25829685, 25829685, 25829685, 25829685, 25829685, 25829685, 25829685, 25829685, 25829685, 25829685, 25829685, 25829685, 25829685, 25829685, 25829685, 25829685, 25829685, 25829685, 25829685, 25829685, 25829685, 25829685, 25829685, 25829685, 25829685, 25829685, 25829685, 25829685, 25829685, 25829685, 25829685, 25829685, 25892533, 25892533, 25892533, 25892533, 25892533, 25892533, 25892533, 25892533, 25892533, 25892533, 25892533, 25892533, 25892533, 25892533, 25892533, 25892533, 25892533, 25892533, 25892533, 26572255, 26572255, 26572255, 26572255, 26572255, 26572255, 26572255, 26572255, 26572255, 26572255, 26572255, 26572255, 26572255, 26572255, 26572255, 26572255, 26572255, 26572255, 26572255, 26572255, 26572255, 26572255, 26572255, 26572255, 26572255, 26572255, 26572255, 26572255, 26572255, 26572255, 26572255, 26572255, 26572255, 26572255, 26572255, 26572255, 26572255, 26572255, 26572255, 26572255, 26572255, 26572255, 26572255, 26572255, 26552895, 26552895, 26552895, 26552895, 26552895, 26552895, 26552895, 27275701, 27275701, 27275701, 27275701, 27275701, 27275701, 27275701, 27275701, 27275701, 27275701, 27275701, 27555797, 27555797, 27555797, 27555797, 27555797, 27555797, 27555797, 27555797, 27555797, 27555797, 27555797, 27555797, 27555797, 27555797, 27555797, 27555797, 27555797, 27555797, 27555797, 27555797, 27555797, 27555797, 27555797, 27555797, 27555797, 27555797, 27555797, 27555797, 27555797, 27555797, 27555797, 27555797, 27555797, 27555797, 27555797, 27555797, 27555797, 27555797, 27555797, 27555797, 27555797, 27555797, 27555797, 27555797, 27555797, 27555797, 27555797, 27555797, 27555797, 27555797, 27555797, 27555797, 27555797, 27555797, 27555797, 27555797, 27555797, 27555797, 27555797, 27555797, 27555797, 27555797, 27555797, 27555797, 27757525, 27757525, 27757525, 27757525, 27757525, 27757525, 27757525, 27757525, 27757525, 27757525, 27757525, 27757525, 27757525, 27757525, 27757525, 27757525, 27757525, 27757525, 27757525, 27757525, 27757525, 27757525, 27757525, 27757525, 27757525, 27757525, 27757525, 27757525, 27757525, 27757525, 27757525, 27757525, 27757525, 27757525, 27757525, 27757525, 27757525, 27757525, 27757525, 27757525, 27757525, 27757525, 27757525, 27757525, 27757525, 27757525, 27757525, 27757525, 27757525, 27757525, 27757525, 27757525, 27757525, 27757525, 27757525, 27757525, 27757525, 27757525, 27757525, 27757525]",0,0,0,CXL,0,4194304,0,4194304,4194304,4194304,1.0,hot,0,0,0,0,1.0,8388608
0,299,meta-llama/Llama-3.1-8B,361,924,29183763203,271481063860,242297300657,225466856694,225543775309,29810543,"[26726923, 26726923, 26790979, 26790979, 26790979, 26790979, 340495078, 26706189, 26706189, 26706189, 26706189, 26706189, 26706189, 26706189, 26706189, 26706189, 26706189, 26706189, 26706189, 1459113624, 26645180, 26645180, 26645180, 26645180, 26645180, 26444528, 26428822, 26428822, 26428822, 26428822, 26428822, 26428822, 26428822, 26428822, 26428822, 26428822, 26428822, 26428822, 26428822, 26428822, 26428822, 26428822, 26428822, 26820478, 26820478, 26820478, 26820478, 26820478, 26820478, 26820478, 26820478, 26820478, 26820478, 26820478, 26637795, 26637795, 26637795, 26637795, 26637795, 26637795, 26637795, 26637795, 26637795, 26637795, 26637795, 26637795, 26637795, 26637795, 26637795, 26637795, 26637795, 26637795, 26637795, 26637795, 26637795, 26637795, 26637795, 26637795, 26637795, 26637795, 26637795, 26637795, 26637795, 26637795, 26637795, 26637795, 26637795, 26637795, 26637795, 26637795, 26637795, 26637795, 26637795, 26573059, 26573059, 26573059, 26324758, 26324758, 26475376, 26475376, 26475376, 26475376, 26475376, 26475376, 26475376, 26437374, 26437374, 26437374, 26077588, 26077588, 26077588, 26077588, 26077588, 26077588, 26077588, 26077588, 26077588, 26077588, 26077588, 26077588, 26077588, 26077588, 26077588, 26077588, 26077588, 26077588, 26077588, 25846330, 25846330, 25846330, 25846330, 25853850, 25853850, 25853850, 25853850, 25853850, 25853850, 25853850, 25853850, 25853850, 25853850, 25853850, 25853850, 25853850, 25853850, 25853850, 25853850, 26368885, 26368885, 26368885, 26368885, 26368885, 26368885, 26368885, 25969703, 25969703, 25969703, 25969703, 25969703, 25969703, 25969703, 25969703, 25969703, 25969703, 25969703, 25969703, 25969703, 25969703, 25969703, 25969703, 25969703, 25969703, 25969703, 25969703, 25921863, 25921863, 25921863, 25921863, 25921863, 25921863, 25921863, 25921863, 25921863, 25921863, 25921863, 25921863, 25921863, 25921863, 25921863, 25921863, 25921863, 25921863, 25921863, 25921863, 25921863, 25921863, 25921863, 25921863, 25921863, 25921863, 25921863, 25921863, 25921863, 25921863, 25921863, 25897854, 25897854, 25897854, 25897854, 25897854, 25897854, 25897854, 25897854, 26294878, 26294878, 26294878, 26294878, 26294878, 26294878, 26294878, 26294878, 26294878, 26294878, 26294878, 26294878, 26294878, 26294878, 26294878, 26294878, 26294878, 26294878, 26294878, 26294878, 26294878, 26294878, 26294878, 26294878, 26294878, 25619925, 25619925, 25619925, 25619925, 25619925, 25829685, 25829685, 25829685, 25829685, 25829685, 25829685, 25829685, 25829685, 25829685, 25829685, 25829685, 25829685, 25829685, 25829685, 25829685, 25829685, 25829685, 25829685, 25829685, 25829685, 25829685, 25829685, 25829685, 25829685, 25829685, 25829685, 25829685, 25829685, 25829685, 25829685, 25829685, 25829685, 25829685, 25829685, 25829685, 25829685, 25829685, 25829685, 25829685, 25829685, 25829685, 25829685, 25829685, 25829685, 25829685, 25829685, 25829685, 25829685, 25829685, 25829685, 25829685, 25829685, 25829685, 25829685, 25829685, 25829685, 25829685, 25829685, 25829685, 25829685, 25829685, 25829685, 25829685, 25829685, 25892533, 25892533, 25892533, 25892533, 25892533, 25892533, 25892533, 25892533, 25892533, 25892533, 25892533, 25892533, 25892533, 25892533, 25892533, 25892533, 25892533, 25892533, 25892533, 26572255, 26572255, 26572255, 26572255, 26572255, 26572255, 26572255, 26572255, 26572255, 26572255, 26572255, 26572255, 26572255, 26572255, 26572255, 26572255, 26572255, 26572255, 26572255, 26572255, 26572255, 26572255, 26572255, 26572255, 26572255, 26572255, 26572255, 26572255, 26572255, 26572255, 26572255, 26572255, 26572255, 26572255, 26572255, 26572255, 26572255, 26572255, 26572255, 26572255, 26572255, 26572255, 26572255, 26572255, 26552895, 26552895, 26552895, 26552895, 26552895, 26552895, 26552895, 27275701, 27275701, 27275701, 27275701, 27275701, 27275701, 27275701, 27275701, 27275701, 27275701, 27275701, 27555797, 27555797, 27555797, 27555797, 27555797, 27555797, 27555797, 27555797, 27555797, 27555797, 27555797, 27555797, 27555797, 27555797, 27555797, 27555797, 27555797, 27555797, 27555797, 27555797, 27555797, 27555797, 27555797, 27555797, 27555797, 27555797, 27555797, 27555797, 27555797, 27555797, 27555797, 27555797, 27555797, 27555797, 27555797, 27555797, 27555797, 27555797, 27555797, 27555797, 27555797, 27555797, 27555797, 27555797, 27555797, 27555797, 27555797, 27555797, 27555797, 27555797, 27555797, 27555797, 27555797, 27555797, 27555797, 27555797, 27555797, 27555797, 27555797, 27555797, 27555797, 27555797, 27555797, 27555797, 27757525, 27757525, 27757525, 27757525, 27757525, 27757525, 27757525, 27757525, 27757525, 27757525, 27757525, 27757525, 27757525, 27757525, 27757525, 27757525, 27757525, 27757525, 27757525, 27757525, 27757525, 27757525, 27757525, 27757525, 27757525, 27757525, 27757525, 27757525, 27757525, 27757525, 27757525, 27757525, 27757525, 27757525, 27757525, 27757525, 27757525, 27757525, 27757525, 27757525, 27757525, 27757525, 27757525, 27757525, 27757525, 27757525, 27757525, 27757525, 27757525, 27757525, 27757525, 27757525, 27757525, 27757525, 27757525, 27757525, 27757525, 27757525, 27757525, 27757525, 27663483, 27663483, 27663483, 27663483, 27663483, 27663483, 27663483, 27663483, 27663483, 27663483, 27663483, 27663483, 27663483, 27876731, 27876731, 27876731, 27876731, 27876731, 27876731, 27876731, 27876731, 27876731, 27876731, 27876731, 27876731, 27876731, 27876731, 27876731, 27876731, 27876731, 27876731, 27876731, 27876731, 27876731, 27876731, 27876731, 27876731, 27876731, 27876731, 27876731, 27876731, 27876731, 27876731, 27876731, 27876731, 27876731, 27876731, 27876731, 27876731, 27876731]",0,0,0,NPU,0,0,0,0,0,0,1.0,hot,0,0,0,0,1.0,0
0,296,meta-llama/Llama-3.1-8B,1071,1838,29053008340,275671648120,246618639780,220630341295,220840731895,33652621,"[27766321, 27766321, 27766321, 183053307, 27773145, 27773145, 27685307, 27685307, 27685307, 27685307, 27685307, 27685307, 27685307, 1329789113, 27512576, 27512576, 27512576, 27512576, 27512576, 27512576, 27512576, 27512576, 1019200541, 27278932, 27278932, 27278932, 27278932, 27278932, 131553888, 27232760, 27232760, 27103283, 27103283, 27103283, 27103283, 27103283, 27103283, 27103283, 27103283, 27103283, 27103283, 27103283, 26997779, 26997779, 26997779, 26997779, 26956587, 26956587, 26956587, 26956587, 26956587, 26956587, 26956587, 26956587, 26956587, 26956587, 26956587, 26956587, 26956587, 26956587, 26956587, 26956587, 26956587, 26956587, 26956587, 26759908, 26759908, 26759908, 26759908, 163877116, 26759908, 26759908, 26759908, 26726923, 26726923, 26726923, 76918615, 26726923, 26726923, 26790979, 26790979, 26790979, 26790979, 26706189, 313788889, 26706189, 26706189, 26706189, 26706189, 26706189, 26706189, 26706189, 26706189, 26706189, 26706189, 26706189, 26706189, 1459113624, 26645180, 26645180, 26645180, 26645180, 26645180, 26444528, 26428822, 26428822, 26428822, 26428822, 26428822, 26428822, 26428822, 26428822, 26428822, 26428822, 26428822, 26428822, 26428822, 26428822, 26428822, 26428822, 26428822, 26820478, 26820478, 26820478, 26820478, 26820478, 26820478, 26820478, 26820478, 26820478, 26820478, 26820478, 26637795, 26637795, 26637795, 26637795, 26637795, 26637795, 26637795, 26637795, 26637795, 26637795, 26637795, 26637795, 26637795, 26637795, 26637795, 26637795, 26637795, 26637795, 26637795, 26637795, 26637795, 26637795, 26637795, 26637795, 26637795, 26637795, 26637795, 26637795, 26637795, 26637795, 26637795, 26637795, 26637795, 26637795, 26637795, 26637795, 26637795, 26637795, 26637795, 26573059, 26573059, 26573059, 26324758, 26324758, 26475376, 26475376, 26475376, 26475376, 26475376, 26475376, 26475376, 26437374, 26437374, 26437374, 26077588, 26077588, 26077588, 26077588, 26077588, 26077588, 26077588, 26077588, 26077588, 26077588, 26077588, 26077588, 26077588, 26077588, 26077588, 26077588, 26077588, 26077588, 26077588, 25846330, 25846330, 25846330, 25846330, 25853850, 25853850, 25853850, 25853850, 25853850, 25853850, 25853850, 25853850, 25853850, 25853850, 25853850, 25853850, 25853850, 25853850, 25853850, 25853850, 26368885, 26368885, 26368885, 26368885, 26368885, 26368885, 26368885, 25969703, 25969703, 25969703, 25969703, 25969703, 25969703, 25969703, 25969703, 25969703, 25969703, 25969703, 25969703, 25969703, 25969703, 25969703, 25969703, 25969703, 25969703, 25969703, 25969703, 25921863, 25921863, 25921863, 25921863, 25921863, 25921863, 25921863, 25921863, 25921863, 25921863, 25921863, 25921863, 25921863, 25921863, 25921863, 25921863, 25921863, 25921863, 25921863, 25921863, 25921863, 25921863, 25921863, 25921863, 25921863, 25921863, 25921863, 25921863, 25921863, 25921863, 25921863, 25897854, 25897854, 25897854, 25897854, 25897854, 25897854, 25897854, 25897854, 26294878, 26294878, 26294878, 26294878, 26294878, 26294878, 26294878, 26294878, 26294878, 26294878, 26294878, 26294878, 26294878, 26294878, 26294878, 26294878, 26294878, 26294878, 26294878, 26294878, 26294878, 26294878, 26294878, 26294878, 26294878, 25619925, 25619925, 25619925, 25619925, 25619925, 25829685, 25829685, 25829685, 25829685, 25829685, 25829685, 25829685, 25829685, 25829685, 25829685, 25829685, 25829685, 25829685, 25829685, 25829685, 25829685, 25829685, 25829685, 25829685, 25829685, 25829685, 25829685, 25829685, 25829685, 25829685, 25829685, 25829685, 25829685, 25829685, 25829685, 25829685, 25829685, 25829685, 25829685, 25829685, 25829685, 25829685, 25829685, 25829685, 25829685, 25829685, 25829685, 25829685, 25829685, 25829685, 25829685, 25829685, 25829685, 25829685, 25829685, 25829685, 25829685, 25829685, 25829685, 25829685, 25829685, 25829685, 25829685, 25829685, 25829685, 25829685, 25829685, 25829685, 25829685, 25892533, 25892533, 25892533, 25892533, 25892533, 25892533, 25892533, 25892533, 25892533, 25892533, 25892533, 25892533, 25892533, 25892533, 25892533, 25892533, 25892533, 25892533, 25892533, 26572255, 26572255, 26572255, 26572255, 26572255, 26572255, 26572255, 26572255, 26572255, 26572255, 26572255, 26572255, 26572255, 26572255, 26572255, 26572255, 26572255, 26572255, 26572255, 26572255, 26572255, 26572255, 26572255, 26572255, 26572255, 26572255, 26572255, 26572255, 26572255, 26572255, 26572255, 26572255, 26572255, 26572255, 26572255, 26572255, 26572255, 26572255, 26572255, 26572255, 26572255, 26572255, 26572255, 26572255, 26552895, 26552895, 26552895, 26552895, 26552895, 26552895, 26552895, 27275701, 27275701, 27275701, 27275701, 27275701, 27275701, 27275701, 27275701, 27275701, 27275701, 27275701, 27555797, 27555797, 27555797, 27555797, 27555797, 27555797, 27555797, 27555797, 27555797, 27555797, 27555797, 27555797, 27555797, 27555797, 27555797, 27555797, 27555797, 27555797, 27555797, 27555797, 27555797, 27555797, 27555797, 27555797, 27555797, 27555797, 27555797, 27555797, 27555797, 27555797, 27555797, 27555797, 27555797, 27555797, 27555797, 27555797, 27555797, 27555797, 27555797, 27555797, 27555797, 27555797, 27555797, 27555797, 27555797, 27555797, 27555797, 27555797, 27555797, 27555797, 27555797, 27555797, 27555797, 27555797, 27555797, 27555797, 27555797, 27555797, 27555797, 27555797, 27555797, 27555797, 27555797, 27555797, 27757525, 27757525, 27757525, 27757525, 27757525, 27757525, 27757525, 27757525, 27757525, 27757525, 27757525, 27757525, 27757525, 27757525, 27757525, 27757525, 27757525, 27757525, 27757525, 27757525, 27757525, 27757525, 27757525, 27757525, 27757525, 27757525, 27757525, 27757525, 27757525, 27757525, 27757525, 27757525, 27757525, 27757525, 27757525, 27757525, 27757525, 27757525, 27757525, 27757525, 27757525, 27757525, 27757525, 27757525, 27757525, 27757525, 27757525, 27757525, 27757525, 27757525, 27757525, 27757525, 27757525, 27757525, 27757525, 27757525, 27757525, 27757525, 27757525, 27757525, 27663483, 27663483, 27663483, 27663483, 27663483, 27663483, 27663483, 27663483, 27663483, 27663483, 27663483, 27663483, 27663483, 27876731, 27876731, 27876731, 27876731, 27876731, 27876731, 27876731, 27876731, 27876731, 27876731, 27876731, 27876731, 27876731, 27876731, 27876731, 27876731, 27876731, 27876731, 27876731, 27876731, 27876731, 27876731, 27876731, 27876731, 27876731, 27876731, 27876731, 27876731, 27876731, 27876731, 27876731, 27876731, 27876731, 27876731, 27876731, 27876731, 27876731, 32854654, 32854654, 32854654, 32854654, 32854654, 32854654, 32854654, 32854654, 32854654, 32854654, 32854654, 32854654, 32854654, 32854654, 32854654, 32854654, 32854654, 33187198, 33187198, 33187198, 33187198, 33187198, 33187198, 33187198, 33187198, 33187198, 33187198, 33187198, 33187198, 33187198, 33187198, 33187198, 33187198, 33187198, 33187198, 33187198, 33187198, 33187198, 33187198, 33187198, 33187198, 33187198, 33187198, 33187198, 33187198, 33187198, 33187198, 33187198, 33187198, 33187198, 33187198, 33187198, 33187198, 33187198, 33187198, 33187198, 33187198, 33187198, 33187198, 33187198, 33187198, 33187198, 33187198, 33187198, 33187198, 33187198, 33187198, 33187198, 33187198, 33187198, 33187198, 33187198, 33187198, 33187198, 33187198, 33187198, 33187198, 33187198, 33187198, 33187198, 33187198, 33512766, 33512766, 33512766, 33512766, 33512766, 33512766, 33512766, 33512766, 33512766, 33512766, 33512766, 33512766, 33512766, 33512766, 33512766, 33512766, 33512766, 33512766, 33512766, 33512766, 33512766, 33512766, 33512766, 33512766, 33512766, 33512766, 33512766, 33512766, 33512766, 33512766, 33512766, 33512766, 33512766, 33512766, 33512766, 33512766, 33512766, 33512766, 33512766, 33512766, 33512766, 33512766, 33512766, 33512766, 33512766]",0,0,0,NPU,0,0,0,0,0,0,1.0,hot,0,0,0,0,1.0,0
