instance id,request id,model,input,output,arrival,end_time,latency,queuing_delay,TTFT,TPOT,ITL,npu_cache_hit,storage_cache_hit,prefix_cache_hit,tier_reload_source,evict_npu_to_cpu_bytes,evict_npu_to_cxl_bytes,load_cpu_to_npu_bytes,load_cxl_to_npu_bytes,evict_raw_bytes,evict_stored_bytes,evict_compression_ratio,harp_state_final,harp_stall_time_ns,harp_stall_events,harp_shadow_hit_tokens,harp_decode_tokens,harp_shadow_ratio,tier_transition_bytes_total
0,4,meta-llama/Llama-3.1-8B,27,55,587870262,1618421347,1030551085,4925957,33473580,36928796,"[26802818, 25052199, 25052199, 25052199, 25052199, 25052199, 25052199, 25052199, 59242245, 25354389, 171718242, 146422271, 25755166, 25755166, 25755166, 25755166, 25755166, 25755166, 27679889, 25802576, 25802576, 25802576, 25802576, 25802576, 25802576, 27579202, 27566604]",0,0,0,NPU,0,0,0,0,0,0,1.0,hot,0,0,0,0,1.0,0
0,14,meta-llama/Llama-3.1-8B,4,28,1601985365,2951140733,1349155368,16435982,43965212,56747398,"[285739312, 50600609, 30154385, 26822699, 29747880, 26844708, 93558915, 27059851, 27059851, 29019418, 190839741, 146937332, 63155925, 27764953, 27764953, 27764953, 27764953, 27764953, 27764953, 27764953, 27764953, 27764953, 27764953]",0,0,0,NPU,0,0,0,0,0,0,1.0,hot,0,0,0,0,1.0,0
0,3,meta-llama/Llama-3.1-8B,26,209,570907775,6890177766,6319269991,21888444,50436067,34444142,"[26802818, 25052199, 25052199, 25052199, 25052199, 25052199, 25052199, 25052199, 59242245, 25354389, 171718242, 146422271, 25755166, 25755166, 25755166, 25755166, 25755166, 25755166, 27679889, 25802576, 25802576, 25802576, 25802576, 25802576, 25802576, 27579202, 27566604, 27529230, 285739312, 50600609, 30154385, 26822699, 29747880, 26844708, 93558915, 27059851, 27059851, 29019418, 190839741, 146937332, 63155925, 27764953, 27764953, 27764953, 27764953, 27764953, 27764953, 27764953, 27764953, 27764953, 27764953, 27684411, 27684411, 27684411, 27684411, 27684411, 27684411, 27684411, 27684411, 27685307, 27685307, 27685307, 27685307, 27685307, 27685307, 27685307, 27685307, 27685307, 27685307, 27685307, 27685307, 27685307, 27685307, 27685307, 27685307, 27685307, 27685307, 27685307, 27685307, 27685307, 27685307, 27685307, 27685307, 27685307, 27685307, 27685307, 27685307, 26520888, 333421600, 27512576, 27512576, 27512576, 27512576, 27512576, 27512576, 27512576, 27512576, 27512576, 27512576, 27512576, 27512576, 118102287, 27278932, 27278932, 27278932, 27278932, 27278932, 27278932, 27278932, 27278932, 27278932, 27278932, 27278932, 27278932, 27278932, 27278932, 27278932, 27278932, 27278932, 27278932, 27278932, 27278932, 27278932, 27278932, 27278932, 27278932, 26859940, 25811664, 25811664, 25811664, 25432871, 25432871, 25432871, 29386507, 24842869, 25029791, 25029791, 25029791, 25029791, 25029791, 25029791, 25029791, 25116479, 25116479, 25116479, 25116479, 25116479, 25116479, 25116479, 29524346, 25649622, 25914165, 25914165, 25914165, 25089086, 25089086, 25089086, 25089086, 25089086, 25089086, 25089086, 25442238, 25442238, 25442238, 25442238, 50559154, 27061067, 27061067, 27061067, 27061067, 27061067, 27061067, 27061067, 27061067, 27061067, 27061067, 27061067, 27061067, 27061067, 27061067, 26956587, 26956587]",0,0,0,NPU,0,0,0,0,0,0,1.0,hot,0,0,0,0,1.0,0
0,23,meta-llama/Llama-3.1-8B,21,134,2013730478,6890177766,4876447288,25537104,55284984,43046092,"[26844708, 93558915, 27059851, 27059851, 29019418, 190839741, 146937332, 63155925, 27764953, 27764953, 27764953, 27764953, 27764953, 27764953, 27764953, 27764953, 27764953, 27764953, 27684411, 27684411, 27684411, 27684411, 27684411, 27684411, 27684411, 27684411, 27685307, 27685307, 27685307, 27685307, 27685307, 27685307, 27685307, 27685307, 27685307, 27685307, 27685307, 27685307, 27685307, 27685307, 27685307, 27685307, 27685307, 27685307, 27685307, 27685307, 27685307, 27685307, 27685307, 27685307, 27685307, 27685307, 27685307, 27685307, 359942488, 27512576, 27512576, 27512576, 27512576, 27512576, 27512576, 27512576, 27512576, 27512576, 27512576, 27512576, 27512576, 118102287, 27278932, 27278932, 27278932, 27278932, 27278932, 27278932, 27278932, 27278932, 27278932, 27278932, 27278932, 27278932, 27278932, 27278932, 27278932, 27278932, 27278932, 27278932, 27278932, 27278932, 27278932, 27278932, 27278932, 27278932, 26859940, 183120112, 405391105, 431343825, 27061067, 27061067, 27061067, 27061067, 27061067, 27061067, 27061067, 27061067, 27061067, 27061067, 27061067, 27061067, 27061067, 27061067, 26956587, 26956587]",0,0,0,NPU,0,0,0,0,0,0,1.0,hot,0,0,0,0,1.0,0
0,2,meta-llama/Llama-3.1-8B,19,263,479613520,8333664379,7854050859,13088220,39885292,32157059,"[24432469, 24432469, 24432469, 28547623, 26802818, 25052199, 25052199, 25052199, 25052199, 25052199, 25052199, 25052199, 59242245, 25354389, 171718242, 146422271, 25755166, 25755166, 25755166, 25755166, 25755166, 25755166, 27679889, 25802576, 25802576, 25802576, 25802576, 25802576, 25802576, 27579202, 27566604, 27529230, 285739312, 50600609, 30154385, 26822699, 29747880, 26844708, 93558915, 27059851, 27059851, 29019418, 190839741, 146937332, 63155925, 27764953, 27764953, 27764953, 27764953, 27764953, 27764953, 27764953, 27764953, 27764953, 27764953, 27684411, 27684411, 27684411, 27684411, 27684411, 27684411, 27684411, 27684411, 27685307, 27685307, 27685307, 27685307, 27685307, 27685307, 27685307, 27685307, 27685307, 27685307, 27685307, 27685307, 27685307, 27685307, 27685307, 27685307, 27685307, 27685307, 27685307, 27685307, 27685307, 27685307, 27685307, 27685307, 27685307, 27685307, 27685307, 27685307, 26520888, 333421600, 27512576, 27512576, 27512576, 27512576, 27512576, 27512576, 27512576, 27512576, 27512576, 27512576, 27512576, 27512576, 24771925, 24771925, 24771925, 43786512, 27278932, 27278932, 27278932, 27278932, 27278932, 27278932, 27278932, 27278932, 27278932, 27278932, 27278932, 27278932, 27278932, 27278932, 27278932, 27278932, 27278932, 27278932, 27278932, 27278932, 27278932, 27278932, 27278932, 27278932, 26859940, 25811664, 25811664, 25811664, 25432871, 25432871, 25432871, 29386507, 24842869, 25029791, 25029791, 25029791, 25029791, 25029791, 25029791, 25029791, 25116479, 25116479, 25116479, 25116479, 25116479, 25116479, 25116479, 29524346, 25649622, 25914165, 25914165, 25914165, 25089086, 25089086, 25089086, 25089086, 25089086, 25089086, 25089086, 25442238, 25442238, 25442238, 25442238, 50559154, 27061067, 27061067, 27061067, 27061067, 27061067, 27061067, 27061067, 27061067, 27061067, 27061067, 27061067, 27061067, 27061067, 27061067, 26956587, 26956587, 26726923, 26726923, 26726923, 26726923, 26726923, 26726923, 26726923, 26726923, 26726923, 26726923, 26726923, 26726923, 26726923, 26726923, 26726923, 26726923, 26726923, 26726923, 26726923, 26726923, 26726923, 26726923, 26726923, 26726923, 26726923, 26726923, 26726923, 26726923, 26726923, 26726923, 26726923, 26726923, 26726923, 26726923, 26726923, 26726923, 26726923, 26726923, 26726923, 26726923, 26726923, 26726923, 26726923, 26726923, 26726923, 26726923, 26790979, 30366122, 26790979, 26790979, 25820922, 25820922, 25820922, 25846330]",0,0,0,NPU,0,0,0,0,0,0,1.0,hot,0,0,0,0,1.0,0
0,18,meta-llama/Llama-3.1-8B,6,180,1789468368,8688341837,6898873469,142221521,192822130,38763302,"[30154385, 26822699, 29747880, 26844708, 93558915, 27059851, 27059851, 29019418, 190839741, 146937332, 63155925, 27764953, 27764953, 27764953, 27764953, 27764953, 27764953, 27764953, 27764953, 27764953, 27764953, 27684411, 27684411, 27684411, 27684411, 27684411, 27684411, 27684411, 27684411, 27685307, 27685307, 27685307, 27685307, 27685307, 27685307, 27685307, 27685307, 27685307, 27685307, 27685307, 27685307, 27685307, 27685307, 27685307, 27685307, 27685307, 27685307, 27685307, 27685307, 27685307, 27685307, 27685307, 27685307, 27685307, 27685307, 27685307, 27685307, 359942488, 27512576, 27512576, 27512576, 27512576, 27512576, 27512576, 27512576, 27512576, 27512576, 27512576, 27512576, 27512576, 118102287, 27278932, 27278932, 27278932, 27278932, 27278932, 27278932, 27278932, 27278932, 27278932, 27278932, 27278932, 27278932, 27278932, 27278932, 27278932, 27278932, 27278932, 27278932, 27278932, 27278932, 27278932, 27278932, 27278932, 27278932, 26859940, 183120112, 405391105, 431343825, 27061067, 27061067, 27061067, 27061067, 27061067, 27061067, 27061067, 27061067, 27061067, 27061067, 27061067, 27061067, 27061067, 27061067, 26956587, 26956587, 26726923, 26726923, 26726923, 26726923, 26726923, 26726923, 26726923, 26726923, 26726923, 26726923, 26726923, 26726923, 26726923, 26726923, 26726923, 26726923, 26726923, 26726923, 26726923, 26726923, 26726923, 26726923, 26726923, 26726923, 26726923, 26726923, 26726923, 26726923, 26726923, 26726923, 26726923, 26726923, 26726923, 26726923, 26726923, 26726923, 26726923, 26726923, 26726923, 26726923, 26726923, 26726923, 26726923, 26726923, 26726923, 26726923, 26790979, 30366122, 26790979, 26790979, 133675218, 26790979, 26790979, 26790979, 163819832, 26706189, 26706189, 26706189]",0,0,0,NPU,0,0,0,0,0,0,1.0,hot,0,0,0,0,1.0,0
0,6,meta-llama/Llama-3.1-8B,10,245,610813767,8718972694,8108158927,10530075,37332893,34490709,"[25052199, 25052199, 25052199, 25052199, 25052199, 25052199, 25052199, 59242245, 25354389, 171718242, 146422271, 25755166, 25755166, 25755166, 25755166, 25755166, 25755166, 27679889, 25802576, 25802576, 25802576, 25802576, 25802576, 25802576, 27579202, 27566604, 27529230, 285739312, 50600609, 30154385, 26822699, 29747880, 26844708, 93558915, 27059851, 27059851, 29019418, 190839741, 146937332, 63155925, 27764953, 27764953, 27764953, 27764953, 27764953, 27764953, 27764953, 27764953, 27764953, 27764953, 27684411, 27684411, 27684411, 27684411, 27684411, 27684411, 27684411, 27684411, 27685307, 27685307, 27685307, 27685307, 27685307, 27685307, 27685307, 27685307, 27685307, 27685307, 27685307, 27685307, 27685307, 27685307, 27685307, 27685307, 27685307, 27685307, 27685307, 27685307, 27685307, 27685307, 27685307, 27685307, 27685307, 27685307, 27685307, 27685307, 26520888, 333421600, 27512576, 27512576, 27512576, 27512576, 27512576, 27512576, 27512576, 27512576, 27512576, 27512576, 27512576, 27512576, 118102287, 27278932, 27278932, 27278932, 27278932, 27278932, 27278932, 27278932, 27278932, 27278932, 27278932, 27278932, 27278932, 27278932, 27278932, 27278932, 27278932, 27278932, 27278932, 27278932, 27278932, 27278932, 27278932, 27278932, 27278932, 26859940, 25811664, 25811664, 25811664, 25432871, 25432871, 25432871, 29386507, 405391105, 25649622, 25914165, 25914165, 25914165, 25089086, 25089086, 25089086, 25089086, 25089086, 25089086, 25089086, 25442238, 25442238, 25442238, 25442238, 50559154, 27061067, 27061067, 27061067, 27061067, 27061067, 27061067, 27061067, 27061067, 27061067, 27061067, 27061067, 27061067, 27061067, 27061067, 26956587, 26956587, 26726923, 26726923, 26726923, 26726923, 26726923, 26726923, 26726923, 26726923, 26726923, 26726923, 26726923, 26726923, 26726923, 26726923, 26726923, 26726923, 26726923, 26726923, 26726923, 26726923, 26726923, 26726923, 26726923, 26726923, 26726923, 26726923, 26726923, 26726923, 26726923, 26726923, 26726923, 26726923, 26726923, 26726923, 26726923, 26726923, 26726923, 26726923, 26726923, 26726923, 26726923, 26726923, 26726923, 26726923, 26726923, 26726923, 26790979, 30366122, 26790979, 26790979, 25820922, 25820922, 25820922, 25846330, 30366122, 26790979, 26790979, 26790979, 26637795, 26637795, 26637795, 26637795, 26637795, 30630857, 26706189, 26706189, 26706189, 30630857]",0,0,0,NPU,0,0,0,0,0,0,1.0,hot,0,0,0,0,1.0,0
0,1,meta-llama/Llama-3.1-8B,9,342,347938951,10445176933,10097237982,19924492,46838713,30272286,"[24481019, 24481019, 24481019, 24481019, 26797072, 24432469, 24432469, 24432469, 28547623, 26802818, 25052199, 25052199, 25052199, 25052199, 25052199, 25052199, 25052199, 59242245, 25354389, 171718242, 146422271, 25755166, 25755166, 25755166, 25755166, 25755166, 25755166, 27679889, 25802576, 25802576, 25802576, 25802576, 25802576, 25802576, 27579202, 27566604, 27529230, 285739312, 50600609, 30154385, 26822699, 29747880, 26844708, 93558915, 27059851, 27059851, 29019418, 190839741, 146937332, 63155925, 27764953, 27764953, 27764953, 27764953, 27764953, 27764953, 27764953, 27764953, 27764953, 27764953, 27684411, 27684411, 27684411, 27684411, 27684411, 27684411, 27684411, 27684411, 27685307, 27685307, 27685307, 27685307, 27685307, 27685307, 27685307, 27685307, 27685307, 27685307, 27685307, 27685307, 27685307, 27685307, 27685307, 27685307, 27685307, 27685307, 27685307, 27685307, 27685307, 27685307, 27685307, 27685307, 27685307, 27685307, 27685307, 27685307, 26520888, 24833243, 24833243, 24833243, 24833243, 24833243, 209255385, 27512576, 27512576, 27512576, 27512576, 27512576, 27512576, 27512576, 27512576, 27512576, 27512576, 27512576, 27512576, 24771925, 24771925, 24771925, 43786512, 27278932, 27278932, 27278932, 27278932, 27278932, 27278932, 27278932, 27278932, 27278932, 27278932, 27278932, 27278932, 27278932, 27278932, 27278932, 27278932, 27278932, 27278932, 27278932, 27278932, 27278932, 27278932, 27278932, 27278932, 26859940, 25811664, 25811664, 25811664, 25432871, 25432871, 25432871, 29386507, 24842869, 25029791, 25029791, 25029791, 25029791, 25029791, 25029791, 25029791, 25116479, 25116479, 25116479, 25116479, 25116479, 25116479, 25116479, 29524346, 25649622, 25914165, 25914165, 25914165, 25089086, 25089086, 25089086, 25089086, 25089086, 25089086, 25089086, 25442238, 25442238, 25442238, 25442238, 50559154, 27061067, 27061067, 27061067, 27061067, 27061067, 27061067, 27061067, 27061067, 27061067, 27061067, 27061067, 27061067, 27061067, 27061067, 26956587, 26956587, 26726923, 26726923, 26726923, 26726923, 26726923, 26726923, 26726923, 26726923, 26726923, 26726923, 26726923, 26726923, 26726923, 26726923, 26726923, 26726923, 26726923, 26726923, 26726923, 26726923, 26726923, 26726923, 26726923, 26726923, 26726923, 26726923, 26726923, 26726923, 26726923, 26726923, 26726923, 26726923, 26726923, 26726923, 26726923, 26726923, 26726923, 26726923, 26726923, 26726923, 26726923, 26726923, 26726923, 26726923, 26726923, 26726923, 26790979, 30366122, 26790979, 26790979, 25820922, 25820922, 25820922, 25846330, 30366122, 26790979, 26790979, 26790979, 26637795, 26637795, 26637795, 26637795, 26637795, 30630857, 26706189, 26706189, 26706189, 30630857, 26645180, 26645180, 26645180, 26645180, 26645180, 26645180, 26645180, 26645180, 26645180, 26645180, 26645180, 26645180, 25846330, 25846330, 25846330, 25846330, 25846330, 25846330, 25921863, 25921863, 25921863, 25335007, 25335007, 25335007, 25335007, 25335007, 25335007, 30728802, 26454608, 26454608, 26454608, 26454608, 26454608, 26820478, 26409918, 26409918, 26409918, 26409918, 26409918, 26409918, 26409918, 26409918, 26409918, 39091624, 26428822, 26428822, 26428822, 26428822, 26428822, 26428822, 26428822, 26428822, 26428822, 26428822, 26428822, 26428822, 26428822, 26428822, 26428822, 26428822, 26428822, 26428822, 26428822, 26428822, 26428822]",0,0,0,NPU,0,0,0,0,0,0,1.0,hot,0,0,0,0,1.0,0
0,5,meta-llama/Llama-3.1-8B,9,310,604829891,10445176933,9840347042,16513951,43316769,32656767,"[25052199, 25052199, 25052199, 25052199, 25052199, 25052199, 25052199, 59242245, 25354389, 171718242, 146422271, 25755166, 25755166, 25755166, 25755166, 25755166, 25755166, 27679889, 25802576, 25802576, 25802576, 25802576, 25802576, 25802576, 27579202, 27566604, 27529230, 285739312, 50600609, 30154385, 26822699, 29747880, 26844708, 93558915, 27059851, 27059851, 29019418, 190839741, 146937332, 63155925, 27764953, 27764953, 27764953, 27764953, 27764953, 27764953, 27764953, 27764953, 27764953, 27764953, 27684411, 27684411, 27684411, 27684411, 27684411, 27684411, 27684411, 27684411, 27685307, 27685307, 27685307, 27685307, 27685307, 27685307, 27685307, 27685307, 27685307, 27685307, 27685307, 27685307, 27685307, 27685307, 27685307, 27685307, 27685307, 27685307, 27685307, 27685307, 27685307, 27685307, 27685307, 27685307, 27685307, 27685307, 27685307, 27685307, 26520888, 333421600, 27512576, 27512576, 27512576, 27512576, 27512576, 27512576, 27512576, 27512576, 27512576, 27512576, 27512576, 27512576, 118102287, 27278932, 27278932, 27278932, 27278932, 27278932, 27278932, 27278932, 27278932, 27278932, 27278932, 27278932, 27278932, 27278932, 27278932, 27278932, 27278932, 27278932, 27278932, 27278932, 27278932, 27278932, 27278932, 27278932, 27278932, 26859940, 25811664, 25811664, 25811664, 25432871, 25432871, 25432871, 29386507, 24842869, 380548236, 25649622, 25914165, 25914165, 25914165, 25089086, 25089086, 25089086, 25089086, 25089086, 25089086, 25089086, 25442238, 25442238, 25442238, 25442238, 50559154, 27061067, 27061067, 27061067, 27061067, 27061067, 27061067, 27061067, 27061067, 27061067, 27061067, 27061067, 27061067, 27061067, 27061067, 26956587, 26956587, 26726923, 26726923, 26726923, 26726923, 26726923, 26726923, 26726923, 26726923, 26726923, 26726923, 26726923, 26726923, 26726923, 26726923, 26726923, 26726923, 26726923, 26726923, 26726923, 26726923, 26726923, 26726923, 26726923, 26726923, 26726923, 26726923, 26726923, 26726923, 26726923, 26726923, 26726923, 26726923, 26726923, 26726923, 26726923, 26726923, 26726923, 26726923, 26726923, 26726923, 26726923, 26726923, 26726923, 26726923, 26726923, 26726923, 26790979, 30366122, 26790979, 26790979, 25820922, 25820922, 25820922, 25846330, 30366122, 26790979, 26790979, 26790979, 26637795, 26637795, 26637795, 26637795, 26637795, 30630857, 26706189, 26706189, 26706189, 30630857, 26645180, 26645180, 26645180, 26645180, 26645180, 26645180, 26645180, 26645180, 26645180, 26645180, 26645180, 26645180, 25846330, 25846330, 25846330, 25846330, 25846330, 25846330, 25921863, 25921863, 25921863, 25335007, 25335007, 25335007, 25335007, 25335007, 25335007, 30728802, 26454608, 26454608, 26454608, 26454608, 26454608, 26820478, 26409918, 26409918, 26409918, 26409918, 26409918, 26409918, 26409918, 26409918, 26409918, 39091624, 26428822, 26428822, 26428822, 26428822, 26428822, 26428822, 26428822, 26428822, 26428822, 26428822, 26428822, 26428822, 26428822, 26428822, 26428822, 26428822, 26428822, 26428822, 26428822, 26428822, 26428822]",0,0,0,NPU,0,0,0,0,0,0,1.0,hot,0,0,0,0,1.0,0
0,8,meta-llama/Llama-3.1-8B,920,1193,903845068,10539143071,9635298003,4263619,175981861,34776897,"[146422271, 25755166, 25755166, 25755166, 25755166, 25755166, 25755166, 27679889, 25802576, 25802576, 25802576, 25802576, 25802576, 25802576, 27579202, 27566604, 27529230, 285739312, 50600609, 30154385, 26822699, 29747880, 26844708, 93558915, 27059851, 27059851, 29019418, 190839741, 146937332, 63155925, 27764953, 27764953, 27764953, 27764953, 27764953, 27764953, 27764953, 27764953, 27764953, 27764953, 27684411, 27684411, 27684411, 27684411, 27684411, 27684411, 27684411, 27684411, 27685307, 27685307, 27685307, 27685307, 27685307, 27685307, 27685307, 27685307, 27685307, 27685307, 27685307, 27685307, 27685307, 27685307, 27685307, 27685307, 27685307, 27685307, 27685307, 27685307, 27685307, 27685307, 27685307, 27685307, 27685307, 27685307, 27685307, 27685307, 26520888, 333421600, 27512576, 27512576, 27512576, 27512576, 27512576, 27512576, 27512576, 27512576, 27512576, 27512576, 27512576, 27512576, 118102287, 27278932, 27278932, 27278932, 27278932, 27278932, 27278932, 27278932, 27278932, 27278932, 27278932, 27278932, 27278932, 27278932, 27278932, 27278932, 27278932, 27278932, 27278932, 27278932, 27278932, 27278932, 27278932, 27278932, 27278932, 26859940, 25811664, 25811664, 25811664, 105685120, 405391105, 25649622, 25914165, 25914165, 25914165, 327951708, 27061067, 27061067, 27061067, 27061067, 27061067, 27061067, 27061067, 27061067, 27061067, 27061067, 27061067, 27061067, 27061067, 27061067, 26956587, 26956587, 26726923, 26726923, 26726923, 26726923, 26726923, 26726923, 26726923, 26726923, 26726923, 26726923, 26726923, 26726923, 26726923, 26726923, 26726923, 26726923, 26726923, 26726923, 26726923, 26726923, 26726923, 26726923, 26726923, 26726923, 26726923, 26726923, 26726923, 26726923, 26726923, 26726923, 26726923, 26726923, 26726923, 26726923, 26726923, 26726923, 26726923, 26726923, 26726923, 26726923, 26726923, 26726923, 26726923, 26726923, 26726923, 26726923, 26790979, 30366122, 26790979, 26790979, 25820922, 25820922, 25820922, 25846330, 30366122, 26790979, 26790979, 26790979, 26637795, 26637795, 26637795, 26637795, 26637795, 30630857, 26706189, 26706189, 26706189, 30630857, 26645180, 26645180, 26645180, 26645180, 26645180, 26645180, 26645180, 26645180, 26645180, 26645180, 26645180, 26645180, 25846330, 25846330, 25846330, 25846330, 25846330, 25846330, 25921863, 25921863, 25921863, 182738844, 26454608, 26454608, 26454608, 26454608, 26454608, 26820478, 26409918, 26409918, 26409918, 26409918, 26409918, 26409918, 26409918, 26409918, 26409918, 39091624, 26428822, 26428822, 26428822, 26428822, 26428822, 26428822, 26428822, 26428822, 26428822, 26428822, 26428822, 26428822, 26428822, 26428822, 26428822, 26428822, 26428822, 26428822, 26428822, 26428822, 26428822, 39392458, 27286840, 27286840]",0,0,0,NPU,0,0,0,0,0,0,1.0,hot,0,0,0,0,1.0,0
0,19,meta-llama/Llama-3.1-8B,125,347,1823890667,10646121928,8822231261,107799222,158399831,39202857,"[30154385, 26822699, 29747880, 26844708, 93558915, 27059851, 27059851, 29019418, 190839741, 146937332, 63155925, 27764953, 27764953, 27764953, 27764953, 27764953, 27764953, 27764953, 27764953, 27764953, 27764953, 27684411, 27684411, 27684411, 27684411, 27684411, 27684411, 27684411, 27684411, 27685307, 27685307, 27685307, 27685307, 27685307, 27685307, 27685307, 27685307, 27685307, 27685307, 27685307, 27685307, 27685307, 27685307, 27685307, 27685307, 27685307, 27685307, 27685307, 27685307, 27685307, 27685307, 27685307, 27685307, 27685307, 27685307, 27685307, 27685307, 359942488, 27512576, 27512576, 27512576, 27512576, 27512576, 27512576, 27512576, 27512576, 27512576, 27512576, 27512576, 27512576, 118102287, 27278932, 27278932, 27278932, 27278932, 27278932, 27278932, 27278932, 27278932, 27278932, 27278932, 27278932, 27278932, 27278932, 27278932, 27278932, 27278932, 27278932, 27278932, 27278932, 27278932, 27278932, 27278932, 27278932, 27278932, 26859940, 183120112, 405391105, 431343825, 27061067, 27061067, 27061067, 27061067, 27061067, 27061067, 27061067, 27061067, 27061067, 27061067, 27061067, 27061067, 27061067, 27061067, 26956587, 26956587, 26726923, 26726923, 26726923, 26726923, 26726923, 26726923, 26726923, 26726923, 26726923, 26726923, 26726923, 26726923, 26726923, 26726923, 26726923, 26726923, 26726923, 26726923, 26726923, 26726923, 26726923, 26726923, 26726923, 26726923, 26726923, 26726923, 26726923, 26726923, 26726923, 26726923, 26726923, 26726923, 26726923, 26726923, 26726923, 26726923, 26726923, 26726923, 26726923, 26726923, 26726923, 26726923, 26726923, 26726923, 26726923, 26726923, 26790979, 30366122, 26790979, 26790979, 133675218, 26790979, 26790979, 26790979, 163819832, 26706189, 26706189, 26706189, 30630857, 26645180, 26645180, 26645180, 26645180, 26645180, 26645180, 26645180, 26645180, 26645180, 26645180, 26645180, 26645180, 415582413, 26454608, 26454608, 26454608, 26454608, 26454608, 26820478, 276780886, 26428822, 26428822, 26428822, 26428822, 26428822, 26428822, 26428822, 26428822, 26428822, 26428822, 26428822, 26428822, 26428822, 26428822, 26428822, 26428822, 26428822, 26428822, 26428822, 26428822, 26428822, 39392458, 27286840, 27286840, 54121213, 26428822, 26428822]",0,0,0,NPU,0,0,0,0,0,0,1.0,hot,0,0,0,0,1.0,0
0,0,meta-llama/Llama-3.1-8B,85,501,46926808,12176998427,12130071619,0,29098963,29158970,"[24319806, 24319806, 24319806, 24319806, 24319806, 24319806, 24319806, 24319806, 24319806, 24319806, 24319806, 24319806, 26914221, 24481019, 24481019, 24481019, 24481019, 26797072, 24432469, 24432469, 24432469, 28547623, 26802818, 25052199, 25052199, 25052199, 25052199, 25052199, 25052199, 25052199, 59242245, 25354389, 171718242, 146422271, 25755166, 25755166, 25755166, 25755166, 25755166, 25755166, 27679889, 25802576, 25802576, 25802576, 25802576, 25802576, 25802576, 27579202, 27566604, 27529230, 285739312, 50600609, 30154385, 26822699, 29747880, 26844708, 93558915, 27059851, 27059851, 29019418, 190839741, 146937332, 63155925, 27764953, 27764953, 27764953, 27764953, 27764953, 27764953, 27764953, 27764953, 27764953, 27764953, 27684411, 27684411, 27684411, 27684411, 27684411, 27684411, 27684411, 27684411, 27685307, 27685307, 27685307, 27685307, 27685307, 27685307, 27685307, 27685307, 27685307, 27685307, 27685307, 27685307, 27685307, 27685307, 27685307, 27685307, 27685307, 27685307, 27685307, 27685307, 27685307, 27685307, 27685307, 27685307, 27685307, 27685307, 27685307, 27685307, 26520888, 24833243, 24833243, 24833243, 24833243, 24833243, 25003134, 25003134, 25003134, 25003134, 25003134, 25003134, 25003134, 34233447, 27512576, 27512576, 27512576, 27512576, 27512576, 27512576, 27512576, 27512576, 27512576, 27512576, 27512576, 27512576, 24771925, 24771925, 24771925, 43786512, 27278932, 27278932, 27278932, 27278932, 27278932, 27278932, 27278932, 27278932, 27278932, 27278932, 27278932, 27278932, 27278932, 27278932, 27278932, 27278932, 27278932, 27278932, 27278932, 27278932, 27278932, 27278932, 27278932, 27278932, 26859940, 25811664, 25811664, 25811664, 25432871, 25432871, 25432871, 29386507, 24842869, 25029791, 25029791, 25029791, 25029791, 25029791, 25029791, 25029791, 25116479, 25116479, 25116479, 25116479, 25116479, 25116479, 25116479, 29524346, 25649622, 25914165, 25914165, 25914165, 25089086, 25089086, 25089086, 25089086, 25089086, 25089086, 25089086, 25442238, 25442238, 25442238, 25442238, 50559154, 27061067, 27061067, 27061067, 27061067, 27061067, 27061067, 27061067, 27061067, 27061067, 27061067, 27061067, 27061067, 27061067, 27061067, 26956587, 26956587, 26726923, 26726923, 26726923, 26726923, 26726923, 26726923, 26726923, 26726923, 26726923, 26726923, 26726923, 26726923, 26726923, 26726923, 26726923, 26726923, 26726923, 26726923, 26726923, 26726923, 26726923, 26726923, 26726923, 26726923, 26726923, 26726923, 26726923, 26726923, 26726923, 26726923, 26726923, 26726923, 26726923, 26726923, 26726923, 26726923, 26726923, 26726923, 26726923, 26726923, 26726923, 26726923, 26726923, 26726923, 26726923, 26726923, 26790979, 30366122, 26790979, 26790979, 25820922, 25820922, 25820922, 25846330, 30366122, 26790979, 26790979, 26790979, 26637795, 26637795, 26637795, 26637795, 26637795, 30630857, 26706189, 26706189, 26706189, 30630857, 26645180, 26645180, 26645180, 26645180, 26645180, 26645180, 26645180, 26645180, 26645180, 26645180, 26645180, 26645180, 25846330, 25846330, 25846330, 25846330, 25846330, 25846330, 25921863, 25921863, 25921863, 25335007, 25335007, 25335007, 25335007, 25335007, 25335007, 30728802, 26454608, 26454608, 26454608, 26454608, 26454608, 26820478, 26409918, 26409918, 26409918, 26409918, 26409918, 26409918, 26409918, 26409918, 26409918, 39091624, 26428822, 26428822, 26428822, 26428822, 26428822, 26428822, 26428822, 26428822, 26428822, 26428822, 26428822, 26428822, 26428822, 26428822, 26428822, 26428822, 26428822, 26428822, 26428822, 26428822, 26428822, 39392458, 27286840, 27286840, 54121213, 26428822, 26428822, 31427852, 26454608, 26454608, 26454608, 26454608, 26454608, 26454608, 26454608, 26454608, 26454608, 26447349, 26447349, 26447349, 26447349, 26447349, 26447349, 26447349, 26447349, 26447349, 26447349, 29304914, 26428822, 26428822, 26428822, 26428822, 26428822, 26324758, 26324758, 26077588, 26077588, 26032767, 26032767, 26032767, 26032767, 26032767, 26032767, 29200850, 26324758, 26366686, 25969703, 25491349, 25491349, 25763867, 25763867, 25763867, 25763867, 25763867, 25763867, 25763867, 25763867, 25763867, 25763867, 50668090, 26820478, 26820478, 26820478, 26820478]",0,0,0,NPU,0,0,0,0,0,0,1.0,hot,0,0,0,0,1.0,0
0,15,meta-llama/Llama-3.1-8B,1659,1947,1622246507,12962588221,11340341714,23704070,309443382,38435185,"[50600609, 30154385, 26822699, 29747880, 26844708, 93558915, 27059851, 27059851, 29019418, 190839741, 146937332, 63155925, 27764953, 27764953, 27764953, 27764953, 27764953, 27764953, 27764953, 27764953, 27764953, 27764953, 27684411, 27684411, 27684411, 27684411, 27684411, 27684411, 27684411, 27684411, 27685307, 27685307, 27685307, 27685307, 27685307, 27685307, 27685307, 27685307, 27685307, 27685307, 27685307, 27685307, 27685307, 27685307, 27685307, 27685307, 27685307, 27685307, 27685307, 27685307, 27685307, 27685307, 27685307, 27685307, 27685307, 27685307, 27685307, 27685307, 26520888, 333421600, 27512576, 27512576, 27512576, 27512576, 27512576, 27512576, 27512576, 27512576, 27512576, 27512576, 27512576, 27512576, 118102287, 27278932, 27278932, 27278932, 27278932, 27278932, 27278932, 27278932, 27278932, 27278932, 27278932, 27278932, 27278932, 27278932, 27278932, 27278932, 27278932, 27278932, 27278932, 27278932, 27278932, 27278932, 27278932, 27278932, 27278932, 26859940, 183120112, 405391105, 431343825, 27061067, 27061067, 27061067, 27061067, 27061067, 27061067, 27061067, 27061067, 27061067, 27061067, 27061067, 27061067, 27061067, 27061067, 26956587, 26956587, 26726923, 26726923, 26726923, 26726923, 26726923, 26726923, 26726923, 26726923, 26726923, 26726923, 26726923, 26726923, 26726923, 26726923, 26726923, 26726923, 26726923, 26726923, 26726923, 26726923, 26726923, 26726923, 26726923, 26726923, 26726923, 26726923, 26726923, 26726923, 26726923, 26726923, 26726923, 26726923, 26726923, 26726923, 26726923, 26726923, 26726923, 26726923, 26726923, 26726923, 26726923, 26726923, 26726923, 26726923, 26726923, 26726923, 26790979, 30366122, 26790979, 26790979, 133675218, 26790979, 26790979, 26790979, 26637795, 26637795, 26637795, 26637795, 26637795, 30630857, 26706189, 26706189, 26706189, 30630857, 26645180, 26645180, 26645180, 26645180, 26645180, 26645180, 26645180, 26645180, 26645180, 26645180, 26645180, 26645180, 415582413, 26454608, 26454608, 26454608, 26454608, 26454608, 26820478, 26409918, 26409918, 26409918, 26409918, 26409918, 26409918, 26409918, 26409918, 26409918, 39091624, 26428822, 26428822, 26428822, 26428822, 26428822, 26428822, 26428822, 26428822, 26428822, 26428822, 26428822, 26428822, 26428822, 26428822, 26428822, 26428822, 26428822, 26428822, 26428822, 26428822, 26428822, 39392458, 27286840, 27286840, 54121213, 26428822, 26428822, 31427852, 26454608, 26454608, 26454608, 26454608, 26454608, 26454608, 26454608, 26454608, 26454608, 293778404, 26428822, 26428822, 26428822, 26428822, 26428822, 26324758, 26324758, 26077588, 26077588, 185397452, 26324758, 26366686, 385259161, 26820478, 26820478, 26820478, 26820478, 55868840, 26428822, 26428822, 26428822, 26428822, 26428822, 26428822, 26428822, 26428822, 26428822, 26428822, 30162932, 27286840, 27286840, 27286840, 27286840, 27286840, 27286840, 27286840, 27286840, 27286840, 189688242]",0,0,0,NPU,0,0,0,0,0,0,1.0,hot,0,0,0,0,1.0,0
0,20,meta-llama/Llama-3.1-8B,32,307,1918527754,13123901353,11205373599,13162135,63762744,40662813,"[30154385, 26822699, 29747880, 26844708, 93558915, 27059851, 27059851, 29019418, 190839741, 146937332, 63155925, 27764953, 27764953, 27764953, 27764953, 27764953, 27764953, 27764953, 27764953, 27764953, 27764953, 27684411, 27684411, 27684411, 27684411, 27684411, 27684411, 27684411, 27684411, 27685307, 27685307, 27685307, 27685307, 27685307, 27685307, 27685307, 27685307, 27685307, 27685307, 27685307, 27685307, 27685307, 27685307, 27685307, 27685307, 27685307, 27685307, 27685307, 27685307, 27685307, 27685307, 27685307, 27685307, 27685307, 27685307, 27685307, 27685307, 359942488, 27512576, 27512576, 27512576, 27512576, 27512576, 27512576, 27512576, 27512576, 27512576, 27512576, 27512576, 27512576, 118102287, 27278932, 27278932, 27278932, 27278932, 27278932, 27278932, 27278932, 27278932, 27278932, 27278932, 27278932, 27278932, 27278932, 27278932, 27278932, 27278932, 27278932, 27278932, 27278932, 27278932, 27278932, 27278932, 27278932, 27278932, 26859940, 183120112, 405391105, 431343825, 27061067, 27061067, 27061067, 27061067, 27061067, 27061067, 27061067, 27061067, 27061067, 27061067, 27061067, 27061067, 27061067, 27061067, 26956587, 26956587, 26726923, 26726923, 26726923, 26726923, 26726923, 26726923, 26726923, 26726923, 26726923, 26726923, 26726923, 26726923, 26726923, 26726923, 26726923, 26726923, 26726923, 26726923, 26726923, 26726923, 26726923, 26726923, 26726923, 26726923, 26726923, 26726923, 26726923, 26726923, 26726923, 26726923, 26726923, 26726923, 26726923, 26726923, 26726923, 26726923, 26726923, 26726923, 26726923, 26726923, 26726923, 26726923, 26726923, 26726923, 26726923, 26726923, 26790979, 30366122, 26790979, 26790979, 133675218, 26790979, 26790979, 26790979, 163819832, 26706189, 26706189, 26706189, 30630857, 26645180, 26645180, 26645180, 26645180, 26645180, 26645180, 26645180, 26645180, 26645180, 26645180, 26645180, 26645180, 415582413, 26454608, 26454608, 26454608, 26454608, 26454608, 26820478, 276780886, 26428822, 26428822, 26428822, 26428822, 26428822, 26428822, 26428822, 26428822, 26428822, 26428822, 26428822, 26428822, 26428822, 26428822, 26428822, 26428822, 26428822, 26428822, 26428822, 26428822, 26428822, 39392458, 27286840, 27286840, 54121213, 26428822, 26428822, 31427852, 26454608, 26454608, 26454608, 26454608, 26454608, 26454608, 26454608, 26454608, 26454608, 293778404, 26428822, 26428822, 26428822, 26428822, 26428822, 26324758, 26324758, 237552628, 26324758, 26366686, 385259161, 26820478, 26820478, 26820478, 26820478, 55868840, 26428822, 26428822, 26428822, 26428822, 26428822, 26428822, 26428822, 26428822, 26428822, 26428822, 30162932, 27286840, 27286840, 27286840, 27286840, 27286840, 27286840, 27286840, 27286840, 27286840, 189688242, 55535020, 26444528, 26444528, 26444528, 26444528]",0,0,0,NPU,0,0,0,0,0,0,1.0,hot,0,0,0,0,1.0,0
0,11,meta-llama/Llama-3.1-8B,10,346,1379405751,13652046369,12272640618,1374445,29054334,36548018,"[25802576, 25802576, 25802576, 25802576, 25802576, 25802576, 27579202, 27566604, 27529230, 285739312, 50600609, 30154385, 26822699, 29747880, 26844708, 93558915, 27059851, 27059851, 29019418, 190839741, 146937332, 63155925, 27764953, 27764953, 27764953, 27764953, 27764953, 27764953, 27764953, 27764953, 27764953, 27764953, 27684411, 27684411, 27684411, 27684411, 27684411, 27684411, 27684411, 27684411, 27685307, 27685307, 27685307, 27685307, 27685307, 27685307, 27685307, 27685307, 27685307, 27685307, 27685307, 27685307, 27685307, 27685307, 27685307, 27685307, 27685307, 27685307, 27685307, 27685307, 27685307, 27685307, 27685307, 27685307, 27685307, 27685307, 27685307, 27685307, 26520888, 333421600, 27512576, 27512576, 27512576, 27512576, 27512576, 27512576, 27512576, 27512576, 27512576, 27512576, 27512576, 27512576, 118102287, 27278932, 27278932, 27278932, 27278932, 27278932, 27278932, 27278932, 27278932, 27278932, 27278932, 27278932, 27278932, 27278932, 27278932, 27278932, 27278932, 27278932, 27278932, 27278932, 27278932, 27278932, 27278932, 27278932, 27278932, 26859940, 25811664, 25811664, 25811664, 105685120, 405391105, 25649622, 405694203, 27061067, 27061067, 27061067, 27061067, 27061067, 27061067, 27061067, 27061067, 27061067, 27061067, 27061067, 27061067, 27061067, 27061067, 26956587, 26956587, 26726923, 26726923, 26726923, 26726923, 26726923, 26726923, 26726923, 26726923, 26726923, 26726923, 26726923, 26726923, 26726923, 26726923, 26726923, 26726923, 26726923, 26726923, 26726923, 26726923, 26726923, 26726923, 26726923, 26726923, 26726923, 26726923, 26726923, 26726923, 26726923, 26726923, 26726923, 26726923, 26726923, 26726923, 26726923, 26726923, 26726923, 26726923, 26726923, 26726923, 26726923, 26726923, 26726923, 26726923, 26726923, 26726923, 26790979, 30366122, 26790979, 26790979, 133675218, 26790979, 26790979, 26790979, 26637795, 26637795, 26637795, 26637795, 26637795, 30630857, 26706189, 26706189, 26706189, 30630857, 26645180, 26645180, 26645180, 26645180, 26645180, 26645180, 26645180, 26645180, 26645180, 26645180, 26645180, 26645180, 25846330, 25846330, 25846330, 25846330, 25846330, 25846330, 260504433, 26454608, 26454608, 26454608, 26454608, 26454608, 26820478, 26409918, 26409918, 26409918, 26409918, 26409918, 26409918, 26409918, 26409918, 26409918, 39091624, 26428822, 26428822, 26428822, 26428822, 26428822, 26428822, 26428822, 26428822, 26428822, 26428822, 26428822, 26428822, 26428822, 26428822, 26428822, 26428822, 26428822, 26428822, 26428822, 26428822, 26428822, 39392458, 27286840, 27286840, 54121213, 26428822, 26428822, 31427852, 26454608, 26454608, 26454608, 26454608, 26454608, 26454608, 26454608, 26454608, 26454608, 293778404, 26428822, 26428822, 26428822, 26428822, 26428822, 26324758, 26324758, 26077588, 26077588, 185397452, 26324758, 26366686, 25969703, 25491349, 25491349, 308306760, 26820478, 26820478, 26820478, 26820478, 55868840, 26428822, 26428822, 26428822, 26428822, 26428822, 26428822, 26428822, 26428822, 26428822, 26428822, 30162932, 27286840, 27286840, 27286840, 27286840, 27286840, 27286840, 27286840, 27286840, 27286840, 189688242, 55535020, 26444528, 26444528, 26444528, 26444528, 26380886, 26380886, 26380886, 26380886, 26380886, 26380886, 26380886, 26380886, 26380886, 26428822, 26428822, 26428822, 26428822, 26428822, 26428822, 26428822, 26428822, 26428822, 26428822, 26428822]",0,0,0,NPU,0,0,0,0,0,0,1.0,hot,0,0,0,0,1.0,0
0,28,meta-llama/Llama-3.1-8B,20,153,2412644520,13678776025,11266131505,50753426,197690758,83851823,"[63155925, 27764953, 27764953, 27764953, 27764953, 27764953, 27764953, 27764953, 27764953, 27764953, 27764953, 27684411, 27684411, 27684411, 27684411, 27684411, 27684411, 27684411, 27684411, 27685307, 27685307, 27685307, 27685307, 27685307, 27685307, 27685307, 27685307, 27685307, 27685307, 27685307, 27685307, 27685307, 27685307, 27685307, 27685307, 27685307, 27685307, 27685307, 27685307, 27685307, 27685307, 27685307, 27685307, 27685307, 27685307, 27685307, 27685307, 359942488, 27512576, 27512576, 27512576, 27512576, 27512576, 27512576, 27512576, 27512576, 27512576, 27512576, 27512576, 27512576, 118102287, 27278932, 27278932, 27278932, 27278932, 27278932, 27278932, 27278932, 27278932, 27278932, 27278932, 27278932, 27278932, 27278932, 27278932, 27278932, 27278932, 27278932, 27278932, 27278932, 27278932, 27278932, 27278932, 27278932, 27278932, 5266855108, 26454608, 26454608, 26454608, 26454608, 26454608, 26454608, 26454608, 26454608, 26454608, 1317226015, 26428822, 26428822, 26428822, 26428822, 26428822, 26428822, 26428822, 26428822, 26428822, 26428822, 520967754, 26444528, 26444528, 26444528, 26444528, 26380886, 26380886, 26380886, 26380886, 26380886, 26380886, 26380886, 26380886, 26380886, 26428822, 26428822, 26428822, 26428822, 26428822, 26428822, 26428822, 26428822, 26428822, 26428822, 26428822, 26729656]",0,0,0,PCIE_NVME,0,48234496,0,48234496,48234496,48234496,1.0,hot,0,0,0,0,1.0,96468992
0,17,meta-llama/Llama-3.1-8B,8,316,1732914662,13786057937,12053143275,198775227,249375836,38448753,"[30154385, 26822699, 29747880, 26844708, 93558915, 27059851, 27059851, 29019418, 190839741, 146937332, 63155925, 27764953, 27764953, 27764953, 27764953, 27764953, 27764953, 27764953, 27764953, 27764953, 27764953, 27684411, 27684411, 27684411, 27684411, 27684411, 27684411, 27684411, 27684411, 27685307, 27685307, 27685307, 27685307, 27685307, 27685307, 27685307, 27685307, 27685307, 27685307, 27685307, 27685307, 27685307, 27685307, 27685307, 27685307, 27685307, 27685307, 27685307, 27685307, 27685307, 27685307, 27685307, 27685307, 27685307, 27685307, 27685307, 27685307, 26520888, 333421600, 27512576, 27512576, 27512576, 27512576, 27512576, 27512576, 27512576, 27512576, 27512576, 27512576, 27512576, 27512576, 118102287, 27278932, 27278932, 27278932, 27278932, 27278932, 27278932, 27278932, 27278932, 27278932, 27278932, 27278932, 27278932, 27278932, 27278932, 27278932, 27278932, 27278932, 27278932, 27278932, 27278932, 27278932, 27278932, 27278932, 27278932, 26859940, 183120112, 405391105, 431343825, 27061067, 27061067, 27061067, 27061067, 27061067, 27061067, 27061067, 27061067, 27061067, 27061067, 27061067, 27061067, 27061067, 27061067, 26956587, 26956587, 26726923, 26726923, 26726923, 26726923, 26726923, 26726923, 26726923, 26726923, 26726923, 26726923, 26726923, 26726923, 26726923, 26726923, 26726923, 26726923, 26726923, 26726923, 26726923, 26726923, 26726923, 26726923, 26726923, 26726923, 26726923, 26726923, 26726923, 26726923, 26726923, 26726923, 26726923, 26726923, 26726923, 26726923, 26726923, 26726923, 26726923, 26726923, 26726923, 26726923, 26726923, 26726923, 26726923, 26726923, 26726923, 26726923, 26790979, 30366122, 26790979, 26790979, 133675218, 26790979, 26790979, 26790979, 26637795, 26637795, 26637795, 26637795, 26637795, 30630857, 26706189, 26706189, 26706189, 30630857, 26645180, 26645180, 26645180, 26645180, 26645180, 26645180, 26645180, 26645180, 26645180, 26645180, 26645180, 26645180, 415582413, 26454608, 26454608, 26454608, 26454608, 26454608, 26820478, 276780886, 26428822, 26428822, 26428822, 26428822, 26428822, 26428822, 26428822, 26428822, 26428822, 26428822, 26428822, 26428822, 26428822, 26428822, 26428822, 26428822, 26428822, 26428822, 26428822, 26428822, 26428822, 39392458, 27286840, 27286840, 54121213, 26428822, 26428822, 31427852, 26454608, 26454608, 26454608, 26454608, 26454608, 26454608, 26454608, 26454608, 26454608, 293778404, 26428822, 26428822, 26428822, 26428822, 26428822, 26324758, 26324758, 26077588, 26077588, 185397452, 26324758, 26366686, 385259161, 26820478, 26820478, 26820478, 26820478, 55868840, 26428822, 26428822, 26428822, 26428822, 26428822, 26428822, 26428822, 26428822, 26428822, 26428822, 30162932, 27286840, 27286840, 27286840, 27286840, 27286840, 27286840, 27286840, 27286840, 27286840, 189688242, 55535020, 26444528, 26444528, 26444528, 26444528, 26380886, 26380886, 26380886, 26380886, 26380886, 26380886, 26380886, 26380886, 26380886, 26428822, 26428822, 26428822, 26428822, 26428822, 26428822, 26428822, 26428822, 26428822, 26428822, 26428822, 26729656, 26820478, 26820478, 26820478, 26820478]",0,0,0,NPU,0,0,0,0,0,0,1.0,hot,0,0,0,0,1.0,0
0,7,meta-llama/Llama-3.1-8B,253,668,811936853,14131960856,13320024003,11575200,70817445,32002914,"[25354389, 171718242, 146422271, 25755166, 25755166, 25755166, 25755166, 25755166, 25755166, 27679889, 25802576, 25802576, 25802576, 25802576, 25802576, 25802576, 27579202, 27566604, 27529230, 285739312, 50600609, 30154385, 26822699, 29747880, 26844708, 93558915, 27059851, 27059851, 29019418, 190839741, 146937332, 63155925, 27764953, 27764953, 27764953, 27764953, 27764953, 27764953, 27764953, 27764953, 27764953, 27764953, 27684411, 27684411, 27684411, 27684411, 27684411, 27684411, 27684411, 27684411, 27685307, 27685307, 27685307, 27685307, 27685307, 27685307, 27685307, 27685307, 27685307, 27685307, 27685307, 27685307, 27685307, 27685307, 27685307, 27685307, 27685307, 27685307, 27685307, 27685307, 27685307, 27685307, 27685307, 27685307, 27685307, 27685307, 27685307, 27685307, 26520888, 333421600, 27512576, 27512576, 27512576, 27512576, 27512576, 27512576, 27512576, 27512576, 27512576, 27512576, 27512576, 27512576, 118102287, 27278932, 27278932, 27278932, 27278932, 27278932, 27278932, 27278932, 27278932, 27278932, 27278932, 27278932, 27278932, 27278932, 27278932, 27278932, 27278932, 27278932, 27278932, 27278932, 27278932, 27278932, 27278932, 27278932, 27278932, 26859940, 25811664, 25811664, 25811664, 25432871, 25432871, 25432871, 29386507, 405391105, 25649622, 25914165, 25914165, 25914165, 327951708, 27061067, 27061067, 27061067, 27061067, 27061067, 27061067, 27061067, 27061067, 27061067, 27061067, 27061067, 27061067, 27061067, 27061067, 26956587, 26956587, 26726923, 26726923, 26726923, 26726923, 26726923, 26726923, 26726923, 26726923, 26726923, 26726923, 26726923, 26726923, 26726923, 26726923, 26726923, 26726923, 26726923, 26726923, 26726923, 26726923, 26726923, 26726923, 26726923, 26726923, 26726923, 26726923, 26726923, 26726923, 26726923, 26726923, 26726923, 26726923, 26726923, 26726923, 26726923, 26726923, 26726923, 26726923, 26726923, 26726923, 26726923, 26726923, 26726923, 26726923, 26726923, 26726923, 26790979, 30366122, 26790979, 26790979, 25820922, 25820922, 25820922, 25846330, 30366122, 26790979, 26790979, 26790979, 26637795, 26637795, 26637795, 26637795, 26637795, 30630857, 26706189, 26706189, 26706189, 30630857, 26645180, 26645180, 26645180, 26645180, 26645180, 26645180, 26645180, 26645180, 26645180, 26645180, 26645180, 26645180, 25846330, 25846330, 25846330, 25846330, 25846330, 25846330, 25921863, 25921863, 25921863, 25335007, 25335007, 25335007, 25335007, 25335007, 25335007, 30728802, 26454608, 26454608, 26454608, 26454608, 26454608, 26820478, 26409918, 26409918, 26409918, 26409918, 26409918, 26409918, 26409918, 26409918, 26409918, 39091624, 26428822, 26428822, 26428822, 26428822, 26428822, 26428822, 26428822, 26428822, 26428822, 26428822, 26428822, 26428822, 26428822, 26428822, 26428822, 26428822, 26428822, 26428822, 26428822, 26428822, 26428822, 39392458, 27286840, 27286840, 54121213, 26428822, 26428822, 31427852, 26454608, 26454608, 26454608, 26454608, 26454608, 26454608, 26454608, 26454608, 26454608, 26447349, 26447349, 26447349, 26447349, 26447349, 26447349, 26447349, 26447349, 26447349, 26447349, 29304914, 26428822, 26428822, 26428822, 26428822, 26428822, 26324758, 26324758, 26077588, 26077588, 26032767, 26032767, 26032767, 26032767, 26032767, 26032767, 29200850, 26324758, 26366686, 25969703, 25491349, 25491349, 25763867, 25763867, 25763867, 25763867, 25763867, 25763867, 25763867, 25763867, 25763867, 25763867, 50668090, 26820478, 26820478, 26820478, 26820478, 55868840, 26428822, 26428822, 26428822, 26428822, 26428822, 26428822, 26428822, 26428822, 26428822, 26428822, 30162932, 27286840, 27286840, 27286840, 27286840, 27286840, 27286840, 27286840, 27286840, 27286840, 26603195, 26603195, 26603195, 26603195, 26603195, 26603195, 30069072, 55535020, 26444528, 26444528, 26444528, 26444528, 26380886, 26380886, 26380886, 26380886, 26380886, 26380886, 26380886, 26380886, 26380886, 26428822, 26428822, 26428822, 26428822, 26428822, 26428822, 26428822, 26428822, 26428822, 26428822, 26428822, 26729656, 26820478, 26820478, 26820478, 26820478, 26637795, 26637795, 26637795, 26637795, 26637795, 26637795, 26637795, 26573059, 26573059, 26573059, 26573059, 26573059, 26573059]",0,0,0,NPU,0,0,0,0,0,0,1.0,hot,0,0,0,0,1.0,0
0,9,meta-llama/Llama-3.1-8B,726,1117,1026970074,14158285614,13131315540,52856855,199279126,33159067,"[25755166, 25755166, 25755166, 25755166, 25755166, 25755166, 27679889, 25802576, 25802576, 25802576, 25802576, 25802576, 25802576, 27579202, 27566604, 27529230, 285739312, 50600609, 30154385, 26822699, 29747880, 26844708, 93558915, 27059851, 27059851, 29019418, 190839741, 146937332, 63155925, 27764953, 27764953, 27764953, 27764953, 27764953, 27764953, 27764953, 27764953, 27764953, 27764953, 27684411, 27684411, 27684411, 27684411, 27684411, 27684411, 27684411, 27684411, 27685307, 27685307, 27685307, 27685307, 27685307, 27685307, 27685307, 27685307, 27685307, 27685307, 27685307, 27685307, 27685307, 27685307, 27685307, 27685307, 27685307, 27685307, 27685307, 27685307, 27685307, 27685307, 27685307, 27685307, 27685307, 27685307, 27685307, 27685307, 26520888, 333421600, 27512576, 27512576, 27512576, 27512576, 27512576, 27512576, 27512576, 27512576, 27512576, 27512576, 27512576, 27512576, 118102287, 27278932, 27278932, 27278932, 27278932, 27278932, 27278932, 27278932, 27278932, 27278932, 27278932, 27278932, 27278932, 27278932, 27278932, 27278932, 27278932, 27278932, 27278932, 27278932, 27278932, 27278932, 27278932, 27278932, 27278932, 26859940, 25811664, 25811664, 25811664, 105685120, 405391105, 25649622, 405694203, 27061067, 27061067, 27061067, 27061067, 27061067, 27061067, 27061067, 27061067, 27061067, 27061067, 27061067, 27061067, 27061067, 27061067, 26956587, 26956587, 26726923, 26726923, 26726923, 26726923, 26726923, 26726923, 26726923, 26726923, 26726923, 26726923, 26726923, 26726923, 26726923, 26726923, 26726923, 26726923, 26726923, 26726923, 26726923, 26726923, 26726923, 26726923, 26726923, 26726923, 26726923, 26726923, 26726923, 26726923, 26726923, 26726923, 26726923, 26726923, 26726923, 26726923, 26726923, 26726923, 26726923, 26726923, 26726923, 26726923, 26726923, 26726923, 26726923, 26726923, 26726923, 26726923, 26790979, 30366122, 26790979, 26790979, 25820922, 25820922, 25820922, 25846330, 30366122, 26790979, 26790979, 26790979, 26637795, 26637795, 26637795, 26637795, 26637795, 30630857, 26706189, 26706189, 26706189, 30630857, 26645180, 26645180, 26645180, 26645180, 26645180, 26645180, 26645180, 26645180, 26645180, 26645180, 26645180, 26645180, 25846330, 25846330, 25846330, 25846330, 25846330, 25846330, 25921863, 25921863, 25921863, 182738844, 26454608, 26454608, 26454608, 26454608, 26454608, 26820478, 26409918, 26409918, 26409918, 26409918, 26409918, 26409918, 26409918, 26409918, 26409918, 39091624, 26428822, 26428822, 26428822, 26428822, 26428822, 26428822, 26428822, 26428822, 26428822, 26428822, 26428822, 26428822, 26428822, 26428822, 26428822, 26428822, 26428822, 26428822, 26428822, 26428822, 26428822, 39392458, 27286840, 27286840, 54121213, 26428822, 26428822, 31427852, 26454608, 26454608, 26454608, 26454608, 26454608, 26454608, 26454608, 26454608, 26454608, 26447349, 26447349, 26447349, 26447349, 26447349, 26447349, 26447349, 26447349, 26447349, 26447349, 29304914, 26428822, 26428822, 26428822, 26428822, 26428822, 26324758, 26324758, 26077588, 26077588, 26032767, 26032767, 26032767, 26032767, 26032767, 26032767, 29200850, 26324758, 26366686, 25969703, 25491349, 25491349, 308306760, 26820478, 26820478, 26820478, 26820478, 55868840, 26428822, 26428822, 26428822, 26428822, 26428822, 26428822, 26428822, 26428822, 26428822, 26428822, 30162932, 27286840, 27286840, 27286840, 27286840, 27286840, 27286840, 27286840, 27286840, 27286840, 26603195, 26603195, 26603195, 26603195, 26603195, 26603195, 30069072, 55535020, 26444528, 26444528, 26444528, 26444528, 26380886, 26380886, 26380886, 26380886, 26380886, 26380886, 26380886, 26380886, 26380886, 26428822, 26428822, 26428822, 26428822, 26428822, 26428822, 26428822, 26428822, 26428822, 26428822, 26428822, 26729656, 26820478, 26820478, 26820478, 26820478, 26637795, 26637795, 26637795, 26637795, 26637795, 26637795, 26637795, 26573059, 26573059, 26573059, 26573059, 26573059, 26573059, 26324758]",0,0,0,NPU,0,0,0,0,0,0,1.0,hot,0,0,0,0,1.0,0
0,35,meta-llama/Llama-3.1-8B,17,22,3336021694,14757873656,11421851962,11175746494,11315027206,26706189,"[26706189, 26706189, 26706189, 26706189]",0,0,0,NPU,0,0,0,0,0,0,1.0,hot,0,0,0,0,1.0,0
0,25,meta-llama/Llama-3.1-8B,8,283,2228417547,15291926891,13063509344,15121240,44140658,47515944,"[190839741, 146937332, 63155925, 27764953, 27764953, 27764953, 27764953, 27764953, 27764953, 27764953, 27764953, 27764953, 27764953, 27684411, 27684411, 27684411, 27684411, 27684411, 27684411, 27684411, 27684411, 27685307, 27685307, 27685307, 27685307, 27685307, 27685307, 27685307, 27685307, 27685307, 27685307, 27685307, 27685307, 27685307, 27685307, 27685307, 27685307, 27685307, 27685307, 27685307, 27685307, 27685307, 27685307, 27685307, 27685307, 27685307, 27685307, 27685307, 27685307, 359942488, 27512576, 27512576, 27512576, 27512576, 27512576, 27512576, 27512576, 27512576, 27512576, 27512576, 27512576, 27512576, 118102287, 27278932, 27278932, 27278932, 27278932, 27278932, 27278932, 27278932, 27278932, 27278932, 27278932, 27278932, 27278932, 27278932, 27278932, 27278932, 27278932, 27278932, 27278932, 27278932, 27278932, 27278932, 27278932, 27278932, 27278932, 615371157, 431343825, 27061067, 27061067, 27061067, 27061067, 27061067, 27061067, 27061067, 27061067, 27061067, 27061067, 27061067, 27061067, 27061067, 27061067, 26956587, 26956587, 26726923, 26726923, 26726923, 26726923, 26726923, 26726923, 26726923, 26726923, 26726923, 26726923, 26726923, 26726923, 26726923, 26726923, 26726923, 26726923, 26726923, 26726923, 26726923, 26726923, 26726923, 26726923, 26726923, 26726923, 26726923, 26726923, 26726923, 26726923, 26726923, 26726923, 26726923, 26726923, 26726923, 26726923, 26726923, 26726923, 26726923, 26726923, 26726923, 26726923, 26726923, 26726923, 26726923, 26726923, 26726923, 26726923, 244414277, 26790979, 26790979, 26790979, 274569256, 26645180, 26645180, 26645180, 26645180, 26645180, 26645180, 26645180, 26645180, 26645180, 26645180, 26645180, 26645180, 1554549430, 26428822, 26428822, 31427852, 26454608, 26454608, 26454608, 26454608, 26454608, 26454608, 26454608, 26454608, 26454608, 293778404, 26428822, 26428822, 26428822, 26428822, 26428822, 728152749, 26820478, 26820478, 26820478, 26820478, 55868840, 26428822, 26428822, 26428822, 26428822, 26428822, 26428822, 26428822, 26428822, 26428822, 26428822, 30162932, 27286840, 27286840, 27286840, 27286840, 27286840, 27286840, 27286840, 27286840, 27286840, 189688242, 55535020, 26444528, 26444528, 26444528, 26444528, 26380886, 26380886, 26380886, 26380886, 26380886, 26380886, 26380886, 26380886, 26380886, 26428822, 26428822, 26428822, 26428822, 26428822, 26428822, 26428822, 26428822, 26428822, 26428822, 26428822, 26729656, 26820478, 26820478, 26820478, 26820478, 26637795, 26637795, 26637795, 26637795, 26637795, 26637795, 26637795, 26573059, 26573059, 26573059, 26573059, 26573059, 26573059, 26324758, 353482574, 139280712, 26706189, 26706189, 26706189, 26706189, 26645180, 26645180, 26729656, 295335811, 26444528, 26444528, 26444528, 26454608, 26454608, 26454608]",0,0,0,PCIE_NVME,0,69206016,0,69206016,69206016,69206016,1.0,hot,0,0,0,0,1.0,138412032
0,13,meta-llama/Llama-3.1-8B,11,376,1581917467,15760834051,14178916584,8937276,36503880,38852782,"[27529230, 285739312, 50600609, 30154385, 26822699, 29747880, 26844708, 93558915, 27059851, 27059851, 29019418, 190839741, 146937332, 63155925, 27764953, 27764953, 27764953, 27764953, 27764953, 27764953, 27764953, 27764953, 27764953, 27764953, 27684411, 27684411, 27684411, 27684411, 27684411, 27684411, 27684411, 27684411, 27685307, 27685307, 27685307, 27685307, 27685307, 27685307, 27685307, 27685307, 27685307, 27685307, 27685307, 27685307, 27685307, 27685307, 27685307, 27685307, 27685307, 27685307, 27685307, 27685307, 27685307, 27685307, 27685307, 27685307, 27685307, 27685307, 27685307, 27685307, 26520888, 333421600, 27512576, 27512576, 27512576, 27512576, 27512576, 27512576, 27512576, 27512576, 27512576, 27512576, 27512576, 27512576, 118102287, 27278932, 27278932, 27278932, 27278932, 27278932, 27278932, 27278932, 27278932, 27278932, 27278932, 27278932, 27278932, 27278932, 27278932, 27278932, 27278932, 27278932, 27278932, 27278932, 27278932, 27278932, 27278932, 27278932, 27278932, 26859940, 183120112, 405391105, 25649622, 405694203, 27061067, 27061067, 27061067, 27061067, 27061067, 27061067, 27061067, 27061067, 27061067, 27061067, 27061067, 27061067, 27061067, 27061067, 26956587, 26956587, 26726923, 26726923, 26726923, 26726923, 26726923, 26726923, 26726923, 26726923, 26726923, 26726923, 26726923, 26726923, 26726923, 26726923, 26726923, 26726923, 26726923, 26726923, 26726923, 26726923, 26726923, 26726923, 26726923, 26726923, 26726923, 26726923, 26726923, 26726923, 26726923, 26726923, 26726923, 26726923, 26726923, 26726923, 26726923, 26726923, 26726923, 26726923, 26726923, 26726923, 26726923, 26726923, 26726923, 26726923, 26726923, 26726923, 26790979, 30366122, 26790979, 26790979, 133675218, 26790979, 26790979, 26790979, 26637795, 26637795, 26637795, 26637795, 26637795, 30630857, 26706189, 26706189, 26706189, 30630857, 26645180, 26645180, 26645180, 26645180, 26645180, 26645180, 26645180, 26645180, 26645180, 26645180, 26645180, 26645180, 415582413, 26454608, 26454608, 26454608, 26454608, 26454608, 26820478, 26409918, 26409918, 26409918, 26409918, 26409918, 26409918, 26409918, 26409918, 26409918, 39091624, 26428822, 26428822, 26428822, 26428822, 26428822, 26428822, 26428822, 26428822, 26428822, 26428822, 26428822, 26428822, 26428822, 26428822, 26428822, 26428822, 26428822, 26428822, 26428822, 26428822, 26428822, 39392458, 27286840, 27286840, 54121213, 26428822, 26428822, 31427852, 26454608, 26454608, 26454608, 26454608, 26454608, 26454608, 26454608, 26454608, 26454608, 293778404, 26428822, 26428822, 26428822, 26428822, 26428822, 26324758, 26324758, 26077588, 26077588, 185397452, 26324758, 26366686, 25969703, 359289458, 26820478, 26820478, 26820478, 26820478, 55868840, 26428822, 26428822, 26428822, 26428822, 26428822, 26428822, 26428822, 26428822, 26428822, 26428822, 30162932, 27286840, 27286840, 27286840, 27286840, 27286840, 27286840, 27286840, 27286840, 27286840, 189688242, 55535020, 26444528, 26444528, 26444528, 26444528, 26380886, 26380886, 26380886, 26380886, 26380886, 26380886, 26380886, 26380886, 26380886, 26428822, 26428822, 26428822, 26428822, 26428822, 26428822, 26428822, 26428822, 26428822, 26428822, 26428822, 26729656, 26820478, 26820478, 26820478, 26820478, 26637795, 26637795, 26637795, 26637795, 26637795, 26637795, 26637795, 26573059, 26573059, 26573059, 26573059, 26573059, 26573059, 26324758, 353482574, 139280712, 26706189, 26706189, 26706189, 26706189, 26645180, 26645180, 26729656, 295335811, 26444528, 26444528, 26444528, 26454608, 26454608, 26454608, 53305689, 26645180, 25138869, 25138869, 25138869, 131477112, 26454608, 26454608, 26454608, 25674687, 25674687, 25674687, 25674687]",0,0,0,NPU,0,0,0,0,0,0,1.0,hot,0,0,0,0,1.0,0
0,27,meta-llama/Llama-3.1-8B,14,230,2322894048,16981038760,14658144712,140503898,287441230,66840481,"[63155925, 27764953, 27764953, 27764953, 27764953, 27764953, 27764953, 27764953, 27764953, 27764953, 27764953, 27684411, 27684411, 27684411, 27684411, 27684411, 27684411, 27684411, 27684411, 27685307, 27685307, 27685307, 27685307, 27685307, 27685307, 27685307, 27685307, 27685307, 27685307, 27685307, 27685307, 27685307, 27685307, 27685307, 27685307, 27685307, 27685307, 27685307, 27685307, 27685307, 27685307, 27685307, 27685307, 27685307, 27685307, 27685307, 27685307, 359942488, 27512576, 27512576, 27512576, 27512576, 27512576, 27512576, 27512576, 27512576, 27512576, 27512576, 27512576, 27512576, 118102287, 27278932, 27278932, 27278932, 27278932, 27278932, 27278932, 27278932, 27278932, 27278932, 27278932, 27278932, 27278932, 27278932, 27278932, 27278932, 27278932, 27278932, 27278932, 27278932, 27278932, 27278932, 27278932, 27278932, 27278932, 5266855108, 26454608, 26454608, 26454608, 26454608, 26454608, 26454608, 26454608, 26454608, 26454608, 293778404, 26428822, 26428822, 26428822, 26428822, 26428822, 891303501, 26428822, 26428822, 26428822, 26428822, 26428822, 26428822, 26428822, 26428822, 26428822, 26428822, 30162932, 27286840, 27286840, 27286840, 27286840, 27286840, 27286840, 27286840, 27286840, 27286840, 245223262, 26444528, 26444528, 26444528, 26444528, 26380886, 26380886, 26380886, 26380886, 26380886, 26380886, 26380886, 26380886, 26380886, 26428822, 26428822, 26428822, 26428822, 26428822, 26428822, 26428822, 26428822, 26428822, 26428822, 26428822, 26729656, 26820478, 26820478, 26820478, 26820478, 26637795, 26637795, 26637795, 26637795, 26637795, 26637795, 26637795, 26573059, 26573059, 26573059, 26573059, 26573059, 26573059, 26324758, 353482574, 139280712, 26706189, 26706189, 26706189, 26706189, 26645180, 26645180, 26729656, 295335811, 26444528, 26444528, 26444528, 26454608, 26454608, 26454608, 53305689, 26645180, 206893719, 26454608, 26454608, 26454608, 132029448, 26454608, 26454608, 26454608, 26454608, 26454608, 26454608, 26454608, 26454608, 26454608, 26454608, 26454608, 26454608, 26729656, 26042517, 26042517, 234841936, 26428822, 26428822, 26428822, 26428822, 320398519, 26729656, 26729656, 26729656, 26729656, 26729656]",0,0,0,PCIE_NVME,0,50331648,0,50331648,50331648,50331648,1.0,hot,0,0,0,0,1.0,100663296
0,31,meta-llama/Llama-3.1-8B,1998,2048,2529630331,17072416354,14542786023,11628655283,11982137857,52258125,"[139280712, 26706189, 26706189, 26706189, 26706189, 26645180, 26645180, 26729656, 295335811, 26444528, 26444528, 26444528, 26454608, 26454608, 26454608, 53305689, 26645180, 206893719, 26454608, 26454608, 26454608, 132029448, 26454608, 26454608, 26454608, 26454608, 26454608, 26454608, 26454608, 26454608, 26454608, 26454608, 26454608, 26454608, 26729656, 286926970, 26428822, 26428822, 26428822, 26428822, 320398519, 26729656, 26729656, 26729656, 26729656, 26729656, 36803914, 27286840, 27286840]",0,0,0,NPU,0,0,0,0,0,0,1.0,hot,0,0,0,0,1.0,0
0,10,meta-llama/Llama-3.1-8B,22,492,1029050004,17375598074,16346548070,50776925,197199196,34433579,"[25755166, 25755166, 25755166, 25755166, 25755166, 25755166, 27679889, 25802576, 25802576, 25802576, 25802576, 25802576, 25802576, 27579202, 27566604, 27529230, 285739312, 50600609, 30154385, 26822699, 29747880, 26844708, 93558915, 27059851, 27059851, 29019418, 190839741, 146937332, 63155925, 27764953, 27764953, 27764953, 27764953, 27764953, 27764953, 27764953, 27764953, 27764953, 27764953, 27684411, 27684411, 27684411, 27684411, 27684411, 27684411, 27684411, 27684411, 27685307, 27685307, 27685307, 27685307, 27685307, 27685307, 27685307, 27685307, 27685307, 27685307, 27685307, 27685307, 27685307, 27685307, 27685307, 27685307, 27685307, 27685307, 27685307, 27685307, 27685307, 27685307, 27685307, 27685307, 27685307, 27685307, 27685307, 27685307, 26520888, 333421600, 27512576, 27512576, 27512576, 27512576, 27512576, 27512576, 27512576, 27512576, 27512576, 27512576, 27512576, 27512576, 118102287, 27278932, 27278932, 27278932, 27278932, 27278932, 27278932, 27278932, 27278932, 27278932, 27278932, 27278932, 27278932, 27278932, 27278932, 27278932, 27278932, 27278932, 27278932, 27278932, 27278932, 27278932, 27278932, 27278932, 27278932, 26859940, 25811664, 25811664, 25811664, 105685120, 405391105, 25649622, 405694203, 27061067, 27061067, 27061067, 27061067, 27061067, 27061067, 27061067, 27061067, 27061067, 27061067, 27061067, 27061067, 27061067, 27061067, 26956587, 26956587, 26726923, 26726923, 26726923, 26726923, 26726923, 26726923, 26726923, 26726923, 26726923, 26726923, 26726923, 26726923, 26726923, 26726923, 26726923, 26726923, 26726923, 26726923, 26726923, 26726923, 26726923, 26726923, 26726923, 26726923, 26726923, 26726923, 26726923, 26726923, 26726923, 26726923, 26726923, 26726923, 26726923, 26726923, 26726923, 26726923, 26726923, 26726923, 26726923, 26726923, 26726923, 26726923, 26726923, 26726923, 26726923, 26726923, 26790979, 30366122, 26790979, 26790979, 25820922, 25820922, 25820922, 25846330, 30366122, 26790979, 26790979, 26790979, 26637795, 26637795, 26637795, 26637795, 26637795, 30630857, 26706189, 26706189, 26706189, 30630857, 26645180, 26645180, 26645180, 26645180, 26645180, 26645180, 26645180, 26645180, 26645180, 26645180, 26645180, 26645180, 25846330, 25846330, 25846330, 25846330, 25846330, 25846330, 25921863, 25921863, 25921863, 182738844, 26454608, 26454608, 26454608, 26454608, 26454608, 26820478, 26409918, 26409918, 26409918, 26409918, 26409918, 26409918, 26409918, 26409918, 26409918, 39091624, 26428822, 26428822, 26428822, 26428822, 26428822, 26428822, 26428822, 26428822, 26428822, 26428822, 26428822, 26428822, 26428822, 26428822, 26428822, 26428822, 26428822, 26428822, 26428822, 26428822, 26428822, 39392458, 27286840, 27286840, 54121213, 26428822, 26428822, 31427852, 26454608, 26454608, 26454608, 26454608, 26454608, 26454608, 26454608, 26454608, 26454608, 293778404, 26428822, 26428822, 26428822, 26428822, 26428822, 26324758, 26324758, 26077588, 26077588, 26032767, 26032767, 26032767, 26032767, 26032767, 26032767, 29200850, 26324758, 26366686, 25969703, 25491349, 25491349, 308306760, 26820478, 26820478, 26820478, 26820478, 55868840, 26428822, 26428822, 26428822, 26428822, 26428822, 26428822, 26428822, 26428822, 26428822, 26428822, 30162932, 27286840, 27286840, 27286840, 27286840, 27286840, 27286840, 27286840, 27286840, 27286840, 189688242, 55535020, 26444528, 26444528, 26444528, 26444528, 26380886, 26380886, 26380886, 26380886, 26380886, 26380886, 26380886, 26380886, 26380886, 26428822, 26428822, 26428822, 26428822, 26428822, 26428822, 26428822, 26428822, 26428822, 26428822, 26428822, 26729656, 26820478, 26820478, 26820478, 26820478, 26637795, 26637795, 26637795, 26637795, 26637795, 26637795, 26637795, 26573059, 26573059, 26573059, 26573059, 26573059, 26573059, 26324758, 353482574, 139280712, 26706189, 26706189, 26706189, 26706189, 26645180, 26645180, 26729656, 26007326, 26007326, 26007326, 26007326, 26007326, 26007326, 26007326, 26007326, 26007326, 26007326, 35262551, 26444528, 26444528, 26444528, 26454608, 26454608, 26454608, 53305689, 26645180, 25138869, 25138869, 25138869, 25536603, 25536603, 25536603, 25536603, 29330700, 26454608, 26454608, 26454608, 25674687, 25674687, 25674687, 25674687, 29330700, 26454608, 26454608, 26454608, 26454608, 26454608, 26454608, 26454608, 26454608, 26454608, 26454608, 26454608, 26454608, 26729656, 26042517, 26042517, 25648437, 25648437, 25648437, 25648437, 25648437, 25648437, 25648437, 25648437, 29654440, 26428822, 26428822, 26428822, 26428822, 25921863, 25921863, 25921863, 25921863, 25921863, 25921863, 25921863, 25674687, 25674687, 25674687, 25674687, 36246730, 26729656, 26729656, 26729656, 26729656, 26729656, 36803914, 27286840, 27286840, 250324076, 26428822, 26428822]",0,0,0,NPU,0,0,0,0,0,0,1.0,hot,0,0,0,0,1.0,0
0,24,meta-llama/Llama-3.1-8B,382,741,2074623946,17803272570,15728648624,21236224,114795139,43614115,"[27059851, 27059851, 29019418, 190839741, 146937332, 63155925, 27764953, 27764953, 27764953, 27764953, 27764953, 27764953, 27764953, 27764953, 27764953, 27764953, 27684411, 27684411, 27684411, 27684411, 27684411, 27684411, 27684411, 27684411, 27685307, 27685307, 27685307, 27685307, 27685307, 27685307, 27685307, 27685307, 27685307, 27685307, 27685307, 27685307, 27685307, 27685307, 27685307, 27685307, 27685307, 27685307, 27685307, 27685307, 27685307, 27685307, 27685307, 27685307, 27685307, 27685307, 27685307, 27685307, 359942488, 27512576, 27512576, 27512576, 27512576, 27512576, 27512576, 27512576, 27512576, 27512576, 27512576, 27512576, 27512576, 118102287, 27278932, 27278932, 27278932, 27278932, 27278932, 27278932, 27278932, 27278932, 27278932, 27278932, 27278932, 27278932, 27278932, 27278932, 27278932, 27278932, 27278932, 27278932, 27278932, 27278932, 27278932, 27278932, 27278932, 27278932, 26859940, 183120112, 405391105, 431343825, 27061067, 27061067, 27061067, 27061067, 27061067, 27061067, 27061067, 27061067, 27061067, 27061067, 27061067, 27061067, 27061067, 27061067, 26956587, 26956587, 26726923, 26726923, 26726923, 26726923, 26726923, 26726923, 26726923, 26726923, 26726923, 26726923, 26726923, 26726923, 26726923, 26726923, 26726923, 26726923, 26726923, 26726923, 26726923, 26726923, 26726923, 26726923, 26726923, 26726923, 26726923, 26726923, 26726923, 26726923, 26726923, 26726923, 26726923, 26726923, 26726923, 26726923, 26726923, 26726923, 26726923, 26726923, 26726923, 26726923, 26726923, 26726923, 26726923, 26726923, 26726923, 26726923, 26790979, 30366122, 26790979, 26790979, 133675218, 26790979, 26790979, 26790979, 163819832, 26706189, 26706189, 26706189, 30630857, 26645180, 26645180, 26645180, 26645180, 26645180, 26645180, 26645180, 26645180, 26645180, 26645180, 26645180, 26645180, 415582413, 26454608, 26454608, 26454608, 26454608, 26454608, 897999084, 27286840, 27286840, 54121213, 26428822, 26428822, 31427852, 26454608, 26454608, 26454608, 26454608, 26454608, 26454608, 26454608, 26454608, 26454608, 293778404, 26428822, 26428822, 26428822, 26428822, 26428822, 728152749, 26820478, 26820478, 26820478, 26820478, 55868840, 26428822, 26428822, 26428822, 26428822, 26428822, 26428822, 26428822, 26428822, 26428822, 26428822, 30162932, 27286840, 27286840, 27286840, 27286840, 27286840, 27286840, 27286840, 27286840, 27286840, 189688242, 55535020, 26444528, 26444528, 26444528, 26444528, 26380886, 26380886, 26380886, 26380886, 26380886, 26380886, 26380886, 26380886, 26380886, 26428822, 26428822, 26428822, 26428822, 26428822, 26428822, 26428822, 26428822, 26428822, 26428822, 26428822, 26729656, 26820478, 26820478, 26820478, 26820478, 26637795, 26637795, 26637795, 26637795, 26637795, 26637795, 26637795, 26573059, 26573059, 26573059, 26573059, 26573059, 26573059, 26324758, 353482574, 139280712, 26706189, 26706189, 26706189, 26706189, 26645180, 26645180, 26729656, 295335811, 26444528, 26444528, 26444528, 26454608, 26454608, 26454608, 53305689, 26645180, 206893719, 26454608, 26454608, 26454608, 132029448, 26454608, 26454608, 26454608, 26454608, 26454608, 26454608, 26454608, 26454608, 26454608, 26454608, 26454608, 26454608, 26729656, 26042517, 26042517, 234841936, 26428822, 26428822, 26428822, 26428822, 25921863, 25921863, 25921863, 25921863, 25921863, 25921863, 25921863, 138945478, 26729656, 26729656, 26729656, 26729656, 26729656, 36803914, 27286840, 27286840, 250324076, 26428822, 26428822, 26729656, 26729656, 26729656, 26729656, 26729656, 26729656, 26729656, 26729656, 26729656, 26729656, 26729656, 26729656, 26729656, 26729656, 26729656, 26729656]",0,0,0,PCIE_NVME,0,75497472,0,75497472,75497472,75497472,1.0,hot,0,0,0,0,1.0,150994944
0,26,meta-llama/Llama-3.1-8B,971,1236,2250691133,18362891000,16112199867,21867072,212706813,60225352,"[146937332, 63155925, 27764953, 27764953, 27764953, 27764953, 27764953, 27764953, 27764953, 27764953, 27764953, 27764953, 27684411, 27684411, 27684411, 27684411, 27684411, 27684411, 27684411, 27684411, 27685307, 27685307, 27685307, 27685307, 27685307, 27685307, 27685307, 27685307, 27685307, 27685307, 27685307, 27685307, 27685307, 27685307, 27685307, 27685307, 27685307, 27685307, 27685307, 27685307, 27685307, 27685307, 27685307, 27685307, 27685307, 27685307, 27685307, 27685307, 359942488, 27512576, 27512576, 27512576, 27512576, 27512576, 27512576, 27512576, 27512576, 27512576, 27512576, 27512576, 27512576, 118102287, 27278932, 27278932, 27278932, 27278932, 27278932, 27278932, 27278932, 27278932, 27278932, 27278932, 27278932, 27278932, 27278932, 27278932, 27278932, 27278932, 27278932, 27278932, 27278932, 27278932, 27278932, 27278932, 27278932, 27278932, 615371157, 4567198455, 26428822, 26428822, 31427852, 26454608, 26454608, 26454608, 26454608, 26454608, 26454608, 26454608, 26454608, 26454608, 293778404, 26428822, 26428822, 26428822, 26428822, 26428822, 891303501, 26428822, 26428822, 26428822, 26428822, 26428822, 26428822, 26428822, 26428822, 26428822, 26428822, 30162932, 27286840, 27286840, 27286840, 27286840, 27286840, 27286840, 27286840, 27286840, 27286840, 189688242, 55535020, 26444528, 26444528, 26444528, 26444528, 26380886, 26380886, 26380886, 26380886, 26380886, 26380886, 26380886, 26380886, 26380886, 26428822, 26428822, 26428822, 26428822, 26428822, 26428822, 26428822, 26428822, 26428822, 26428822, 26428822, 26729656, 26820478, 26820478, 26820478, 26820478, 26637795, 26637795, 26637795, 26637795, 26637795, 26637795, 26637795, 26573059, 26573059, 26573059, 26573059, 26573059, 26573059, 26324758, 353482574, 139280712, 26706189, 26706189, 26706189, 26706189, 26645180, 26645180, 26729656, 295335811, 26444528, 26444528, 26444528, 26454608, 26454608, 26454608, 53305689, 26645180, 206893719, 26454608, 26454608, 26454608, 132029448, 26454608, 26454608, 26454608, 26454608, 26454608, 26454608, 26454608, 26454608, 26454608, 26454608, 26454608, 26454608, 26729656, 26042517, 26042517, 234841936, 26428822, 26428822, 26428822, 26428822, 25921863, 25921863, 25921863, 25921863, 25921863, 25921863, 25921863, 138945478, 26729656, 26729656, 26729656, 26729656, 26729656, 36803914, 27286840, 27286840, 250324076, 26428822, 26428822, 26729656, 26729656, 26729656, 26729656, 26729656, 26729656, 26729656, 26729656, 26729656, 26729656, 26729656, 26729656, 26729656, 26729656, 26729656, 26729656, 209904166, 26729656, 26729656, 26729656, 26729656, 26729656, 26729656, 26729656, 26729656, 26729656, 27286840, 27286840, 27286840, 27286840]",0,0,0,PCIE_NVME,0,283115520,0,283115520,283115520,283115520,1.0,hot,0,0,0,0,1.0,566231040
0,43,meta-llama/Llama-3.1-8B,469,470,3880823975,18560350124,14679526149,14482067025,14679526149,0,[],0,0,0,NPU,0,0,0,0,0,0,1.0,hot,0,0,0,0,1.0,0
0,12,meta-llama/Llama-3.1-8B,13,483,1558048705,18771906348,17213857643,5226836,32806038,36633372,"[27566604, 27529230, 285739312, 50600609, 30154385, 26822699, 29747880, 26844708, 93558915, 27059851, 27059851, 29019418, 190839741, 146937332, 63155925, 27764953, 27764953, 27764953, 27764953, 27764953, 27764953, 27764953, 27764953, 27764953, 27764953, 27684411, 27684411, 27684411, 27684411, 27684411, 27684411, 27684411, 27684411, 27685307, 27685307, 27685307, 27685307, 27685307, 27685307, 27685307, 27685307, 27685307, 27685307, 27685307, 27685307, 27685307, 27685307, 27685307, 27685307, 27685307, 27685307, 27685307, 27685307, 27685307, 27685307, 27685307, 27685307, 27685307, 27685307, 27685307, 27685307, 26520888, 333421600, 27512576, 27512576, 27512576, 27512576, 27512576, 27512576, 27512576, 27512576, 27512576, 27512576, 27512576, 27512576, 118102287, 27278932, 27278932, 27278932, 27278932, 27278932, 27278932, 27278932, 27278932, 27278932, 27278932, 27278932, 27278932, 27278932, 27278932, 27278932, 27278932, 27278932, 27278932, 27278932, 27278932, 27278932, 27278932, 27278932, 27278932, 26859940, 25811664, 25811664, 25811664, 105685120, 405391105, 25649622, 405694203, 27061067, 27061067, 27061067, 27061067, 27061067, 27061067, 27061067, 27061067, 27061067, 27061067, 27061067, 27061067, 27061067, 27061067, 26956587, 26956587, 26726923, 26726923, 26726923, 26726923, 26726923, 26726923, 26726923, 26726923, 26726923, 26726923, 26726923, 26726923, 26726923, 26726923, 26726923, 26726923, 26726923, 26726923, 26726923, 26726923, 26726923, 26726923, 26726923, 26726923, 26726923, 26726923, 26726923, 26726923, 26726923, 26726923, 26726923, 26726923, 26726923, 26726923, 26726923, 26726923, 26726923, 26726923, 26726923, 26726923, 26726923, 26726923, 26726923, 26726923, 26726923, 26726923, 26790979, 30366122, 26790979, 26790979, 133675218, 26790979, 26790979, 26790979, 26637795, 26637795, 26637795, 26637795, 26637795, 30630857, 26706189, 26706189, 26706189, 30630857, 26645180, 26645180, 26645180, 26645180, 26645180, 26645180, 26645180, 26645180, 26645180, 26645180, 26645180, 26645180, 25846330, 25846330, 25846330, 25846330, 25846330, 25846330, 260504433, 26454608, 26454608, 26454608, 26454608, 26454608, 26820478, 26409918, 26409918, 26409918, 26409918, 26409918, 26409918, 26409918, 26409918, 26409918, 39091624, 26428822, 26428822, 26428822, 26428822, 26428822, 26428822, 26428822, 26428822, 26428822, 26428822, 26428822, 26428822, 26428822, 26428822, 26428822, 26428822, 26428822, 26428822, 26428822, 26428822, 26428822, 39392458, 27286840, 27286840, 54121213, 26428822, 26428822, 31427852, 26454608, 26454608, 26454608, 26454608, 26454608, 26454608, 26454608, 26454608, 26454608, 293778404, 26428822, 26428822, 26428822, 26428822, 26428822, 26324758, 26324758, 26077588, 26077588, 185397452, 26324758, 26366686, 25969703, 359289458, 26820478, 26820478, 26820478, 26820478, 55868840, 26428822, 26428822, 26428822, 26428822, 26428822, 26428822, 26428822, 26428822, 26428822, 26428822, 30162932, 27286840, 27286840, 27286840, 27286840, 27286840, 27286840, 27286840, 27286840, 27286840, 189688242, 55535020, 26444528, 26444528, 26444528, 26444528, 26380886, 26380886, 26380886, 26380886, 26380886, 26380886, 26380886, 26380886, 26380886, 26428822, 26428822, 26428822, 26428822, 26428822, 26428822, 26428822, 26428822, 26428822, 26428822, 26428822, 26729656, 26820478, 26820478, 26820478, 26820478, 26637795, 26637795, 26637795, 26637795, 26637795, 26637795, 26637795, 26573059, 26573059, 26573059, 26573059, 26573059, 26573059, 26324758, 353482574, 139280712, 26706189, 26706189, 26706189, 26706189, 26645180, 26645180, 26729656, 295335811, 26444528, 26444528, 26444528, 26454608, 26454608, 26454608, 53305689, 26645180, 25138869, 25138869, 25138869, 25536603, 25536603, 25536603, 25536603, 29330700, 26454608, 26454608, 26454608, 25674687, 25674687, 25674687, 25674687, 29330700, 26454608, 26454608, 26454608, 26454608, 26454608, 26454608, 26454608, 26454608, 26454608, 26454608, 26454608, 26454608, 26729656, 26042517, 26042517, 25648437, 25648437, 25648437, 25648437, 25648437, 25648437, 25648437, 25648437, 29654440, 26428822, 26428822, 26428822, 26428822, 25921863, 25921863, 25921863, 25921863, 25921863, 25921863, 25921863, 25674687, 25674687, 25674687, 25674687, 36246730, 26729656, 26729656, 26729656, 26729656, 26729656, 36803914, 27286840, 27286840, 250324076, 26428822, 26428822, 26729656, 26729656, 26729656, 26729656, 26729656, 26729656, 26729656, 26729656, 26729656, 26729656, 26729656, 26729656, 26729656, 26729656, 26729656, 26729656, 209904166, 26729656, 26729656, 26729656, 26729656, 26729656, 26729656, 26729656, 26729656, 26729656, 27286840, 27286840, 27286840, 27286840, 197459124, 26444528, 26444528, 26444528, 26444528, 26444528, 26444528, 26444528, 26444528]",0,0,0,NPU,0,0,0,0,0,0,1.0,hot,0,0,0,0,1.0,0
0,39,meta-llama/Llama-3.1-8B,121,208,3555912370,19563860224,16007947854,11736014521,11789320210,49053809,"[26645180, 418286991, 26454608, 26454608, 26454608, 26454608, 26454608, 26454608, 26454608, 26454608, 26454608, 26454608, 26454608, 26454608, 1215120383, 26428822, 26428822, 26729656, 26729656, 26729656, 26729656, 26729656, 26729656, 26729656, 26729656, 26729656, 26729656, 26729656, 26729656, 26729656, 26729656, 26729656, 26729656, 209904166, 26729656, 26729656, 26729656, 26729656, 26729656, 26729656, 26729656, 26729656, 26729656, 27286840, 27286840, 27286840, 27286840, 197459124, 26444528, 26444528, 26444528, 26444528, 26444528, 26444528, 26444528, 26444528, 26380886, 26380886, 26380886, 26380886, 26380886, 26380886, 26380886, 26380886, 26380886, 26380886, 26380886, 26380886, 26380886, 26380886, 26380886, 26380886, 26380886, 26380886, 26380886, 26428822, 26428822, 26428822, 26428822, 26428822, 26428822, 26428822, 26428822, 26428822, 26428822, 26428822]",0,0,0,PCIE_NVME,0,35651584,0,35651584,35651584,35651584,1.0,hot,0,0,0,0,1.0,71303168
0,44,meta-llama/Llama-3.1-8B,165,216,3910769752,19884616096,15973846344,14452121248,14649580372,26485319,"[26444528, 26444528, 26444528, 26444528, 26444528, 26444528, 26444528, 26444528, 26380886, 26380886, 26380886, 26380886, 26380886, 26380886, 26380886, 26380886, 26380886, 26380886, 26380886, 26380886, 26380886, 26380886, 26380886, 26380886, 26380886, 26380886, 26380886, 26428822, 26428822, 26428822, 26428822, 26428822, 26428822, 26428822, 26428822, 26428822, 26428822, 26428822, 26729656, 26729656, 26729656, 26729656, 26729656, 26729656, 26729656, 26729656, 26729656, 26729656, 26729656, 26729656]",0,0,0,NPU,0,0,0,0,0,0,1.0,hot,0,0,0,0,1.0,0
0,36,meta-llama/Llama-3.1-8B,25,160,3372350479,19965077530,16592727051,11139417709,11278698421,39656930,"[26706189, 26706189, 26706189, 26706189, 26645180, 26645180, 322065467, 26444528, 26444528, 26444528, 26454608, 26454608, 26454608, 53305689, 26645180, 206893719, 26454608, 26454608, 26454608, 132029448, 26454608, 26454608, 26454608, 26454608, 26454608, 26454608, 26454608, 26454608, 26454608, 26454608, 26454608, 26454608, 26729656, 286926970, 26428822, 26428822, 26428822, 26428822, 320398519, 26729656, 26729656, 26729656, 26729656, 26729656, 36803914, 27286840, 27286840, 250324076, 26428822, 26428822, 26729656, 26729656, 26729656, 26729656, 26729656, 26729656, 26729656, 26729656, 26729656, 26729656, 26729656, 26729656, 26729656, 26729656, 26729656, 26729656, 209904166, 26729656, 26729656, 26729656, 26729656, 26729656, 26729656, 26729656, 26729656, 26729656, 27286840, 27286840, 27286840, 27286840, 197459124, 26444528, 26444528, 26444528, 26444528, 26444528, 26444528, 26444528, 26444528, 26380886, 26380886, 26380886, 26380886, 26380886, 26380886, 26380886, 26380886, 26380886, 26380886, 26380886, 26380886, 26380886, 26380886, 26380886, 26380886, 26380886, 26380886, 26380886, 26428822, 26428822, 26428822, 26428822, 26428822, 26428822, 26428822, 26428822, 26428822, 26428822, 26428822, 26729656, 26729656, 26729656, 26729656, 26729656, 26729656, 26729656, 26729656, 26729656, 26729656, 26729656, 26729656, 26820478, 26820478, 26820478]",0,0,0,NPU,0,0,0,0,0,0,1.0,hot,0,0,0,0,1.0,0
0,16,meta-llama/Llama-3.1-8B,24,532,1658521879,20523111769,18864589890,273168010,323768619,36569667,"[30154385, 26822699, 29747880, 26844708, 93558915, 27059851, 27059851, 29019418, 190839741, 146937332, 63155925, 27764953, 27764953, 27764953, 27764953, 27764953, 27764953, 27764953, 27764953, 27764953, 27764953, 27684411, 27684411, 27684411, 27684411, 27684411, 27684411, 27684411, 27684411, 27685307, 27685307, 27685307, 27685307, 27685307, 27685307, 27685307, 27685307, 27685307, 27685307, 27685307, 27685307, 27685307, 27685307, 27685307, 27685307, 27685307, 27685307, 27685307, 27685307, 27685307, 27685307, 27685307, 27685307, 27685307, 27685307, 27685307, 27685307, 26520888, 333421600, 27512576, 27512576, 27512576, 27512576, 27512576, 27512576, 27512576, 27512576, 27512576, 27512576, 27512576, 27512576, 118102287, 27278932, 27278932, 27278932, 27278932, 27278932, 27278932, 27278932, 27278932, 27278932, 27278932, 27278932, 27278932, 27278932, 27278932, 27278932, 27278932, 27278932, 27278932, 27278932, 27278932, 27278932, 27278932, 27278932, 27278932, 26859940, 183120112, 405391105, 431343825, 27061067, 27061067, 27061067, 27061067, 27061067, 27061067, 27061067, 27061067, 27061067, 27061067, 27061067, 27061067, 27061067, 27061067, 26956587, 26956587, 26726923, 26726923, 26726923, 26726923, 26726923, 26726923, 26726923, 26726923, 26726923, 26726923, 26726923, 26726923, 26726923, 26726923, 26726923, 26726923, 26726923, 26726923, 26726923, 26726923, 26726923, 26726923, 26726923, 26726923, 26726923, 26726923, 26726923, 26726923, 26726923, 26726923, 26726923, 26726923, 26726923, 26726923, 26726923, 26726923, 26726923, 26726923, 26726923, 26726923, 26726923, 26726923, 26726923, 26726923, 26726923, 26726923, 26790979, 30366122, 26790979, 26790979, 133675218, 26790979, 26790979, 26790979, 26637795, 26637795, 26637795, 26637795, 26637795, 30630857, 26706189, 26706189, 26706189, 30630857, 26645180, 26645180, 26645180, 26645180, 26645180, 26645180, 26645180, 26645180, 26645180, 26645180, 26645180, 26645180, 415582413, 26454608, 26454608, 26454608, 26454608, 26454608, 26820478, 276780886, 26428822, 26428822, 26428822, 26428822, 26428822, 26428822, 26428822, 26428822, 26428822, 26428822, 26428822, 26428822, 26428822, 26428822, 26428822, 26428822, 26428822, 26428822, 26428822, 26428822, 26428822, 39392458, 27286840, 27286840, 54121213, 26428822, 26428822, 31427852, 26454608, 26454608, 26454608, 26454608, 26454608, 26454608, 26454608, 26454608, 26454608, 293778404, 26428822, 26428822, 26428822, 26428822, 26428822, 26324758, 26324758, 26077588, 26077588, 185397452, 26324758, 26366686, 385259161, 26820478, 26820478, 26820478, 26820478, 55868840, 26428822, 26428822, 26428822, 26428822, 26428822, 26428822, 26428822, 26428822, 26428822, 26428822, 30162932, 27286840, 27286840, 27286840, 27286840, 27286840, 27286840, 27286840, 27286840, 27286840, 189688242, 55535020, 26444528, 26444528, 26444528, 26444528, 26380886, 26380886, 26380886, 26380886, 26380886, 26380886, 26380886, 26380886, 26380886, 26428822, 26428822, 26428822, 26428822, 26428822, 26428822, 26428822, 26428822, 26428822, 26428822, 26428822, 26729656, 26820478, 26820478, 26820478, 26820478, 26637795, 26637795, 26637795, 26637795, 26637795, 26637795, 26637795, 26573059, 26573059, 26573059, 26573059, 26573059, 26573059, 26324758, 353482574, 139280712, 26706189, 26706189, 26706189, 26706189, 26645180, 26645180, 26729656, 295335811, 26444528, 26444528, 26444528, 26454608, 26454608, 26454608, 53305689, 26645180, 25138869, 25138869, 25138869, 131477112, 26454608, 26454608, 26454608, 25674687, 25674687, 25674687, 25674687, 29330700, 26454608, 26454608, 26454608, 26454608, 26454608, 26454608, 26454608, 26454608, 26454608, 26454608, 26454608, 26454608, 26729656, 26042517, 26042517, 25648437, 25648437, 25648437, 25648437, 25648437, 25648437, 25648437, 25648437, 29654440, 26428822, 26428822, 26428822, 26428822, 25921863, 25921863, 25921863, 25921863, 25921863, 25921863, 25921863, 25674687, 25674687, 25674687, 25674687, 36246730, 26729656, 26729656, 26729656, 26729656, 26729656, 36803914, 27286840, 27286840, 250324076, 26428822, 26428822, 26729656, 26729656, 26729656, 26729656, 26729656, 26729656, 26729656, 26729656, 26729656, 26729656, 26729656, 26729656, 26729656, 26729656, 26729656, 26729656, 209904166, 26729656, 26729656, 26729656, 26729656, 26729656, 26729656, 26729656, 26729656, 26729656, 27286840, 27286840, 27286840, 27286840, 197459124, 26444528, 26444528, 26444528, 26444528, 26444528, 26444528, 26444528, 26444528, 26380886, 26380886, 26380886, 26380886, 26380886, 26380886, 26380886, 26380886, 26380886, 26380886, 26380886, 26380886, 26380886, 26380886, 26380886, 26380886, 26380886, 26380886, 26380886, 26428822, 26428822, 26428822, 26428822, 26428822, 26428822, 26428822, 26428822, 26428822, 26428822, 26428822, 26729656, 26729656, 26729656, 26729656, 26729656, 26729656, 26729656, 26729656, 26729656, 26729656, 26729656, 26729656, 26820478, 26820478, 26820478, 26573059, 26573059, 26573059, 26573059, 26573059, 26573059, 26573059, 26573059, 26573059, 26573059, 26573059, 26573059, 26573059, 26573059, 26573059, 26573059, 26573059, 26573059, 26573059, 26573059, 26573059]",0,0,0,NPU,0,0,0,0,0,0,1.0,hot,0,0,0,0,1.0,0
0,33,meta-llama/Llama-3.1-8B,51,232,2833725503,21153282793,18319557290,11678042685,11817323397,36123521,"[26706189, 26706189, 26706189, 26706189, 26645180, 26645180, 26729656, 295335811, 26444528, 26444528, 26444528, 26454608, 26454608, 26454608, 53305689, 26645180, 206893719, 26454608, 26454608, 26454608, 132029448, 26454608, 26454608, 26454608, 26454608, 26454608, 26454608, 26454608, 26454608, 26454608, 26454608, 26454608, 26454608, 26729656, 286926970, 26428822, 26428822, 26428822, 26428822, 320398519, 26729656, 26729656, 26729656, 26729656, 26729656, 36803914, 27286840, 27286840, 250324076, 26428822, 26428822, 26729656, 26729656, 26729656, 26729656, 26729656, 26729656, 26729656, 26729656, 26729656, 26729656, 26729656, 26729656, 26729656, 26729656, 26729656, 26729656, 209904166, 26729656, 26729656, 26729656, 26729656, 26729656, 26729656, 26729656, 26729656, 26729656, 27286840, 27286840, 27286840, 27286840, 197459124, 26444528, 26444528, 26444528, 26444528, 26444528, 26444528, 26444528, 26444528, 26380886, 26380886, 26380886, 26380886, 26380886, 26380886, 26380886, 26380886, 26380886, 26380886, 26380886, 26380886, 26380886, 26380886, 26380886, 26380886, 26380886, 26380886, 26380886, 26428822, 26428822, 26428822, 26428822, 26428822, 26428822, 26428822, 26428822, 26428822, 26428822, 26428822, 26729656, 26729656, 26729656, 26729656, 26729656, 26729656, 26729656, 26729656, 26729656, 26729656, 26729656, 26729656, 26820478, 26820478, 26820478, 26573059, 26573059, 26573059, 26573059, 26573059, 26573059, 26573059, 26573059, 26573059, 26573059, 26573059, 26573059, 26573059, 26573059, 26573059, 26573059, 26573059, 26573059, 26573059, 26573059, 26573059, 26246582, 26246582, 26246582, 26246582, 26246582, 26246582, 26246582, 26246582, 26246582, 26246582, 26246582, 26246582, 26246582, 26246582, 26246582, 26246582, 26246582, 26246582, 26246582, 26246582, 26309846, 26309846, 26309846, 26309846]",0,0,0,NPU,0,0,0,0,0,0,1.0,hot,0,0,0,0,1.0,0
0,30,meta-llama/Llama-3.1-8B,254,569,2510934206,22264807529,19753873323,99401072,162556997,62392727,"[27764953, 27764953, 27764953, 27764953, 27764953, 27764953, 27764953, 27764953, 27764953, 27764953, 27684411, 27684411, 27684411, 27684411, 27684411, 27684411, 27684411, 27684411, 27685307, 27685307, 27685307, 27685307, 27685307, 27685307, 27685307, 27685307, 27685307, 27685307, 27685307, 27685307, 27685307, 27685307, 27685307, 27685307, 27685307, 27685307, 27685307, 27685307, 27685307, 27685307, 27685307, 27685307, 27685307, 27685307, 27685307, 27685307, 9070318624, 26444528, 26444528, 26444528, 26444528, 26380886, 26380886, 26380886, 26380886, 26380886, 26380886, 26380886, 26380886, 26380886, 26428822, 26428822, 26428822, 26428822, 26428822, 26428822, 26428822, 26428822, 26428822, 26428822, 26428822, 26729656, 26820478, 26820478, 26820478, 26820478, 26637795, 26637795, 26637795, 26637795, 26637795, 26637795, 26637795, 26573059, 26573059, 26573059, 26573059, 26573059, 26573059, 26324758, 353482574, 139280712, 26706189, 26706189, 26706189, 26706189, 26645180, 26645180, 26729656, 295335811, 26444528, 26444528, 26444528, 26454608, 26454608, 26454608, 53305689, 26645180, 206893719, 26454608, 26454608, 26454608, 132029448, 26454608, 26454608, 26454608, 26454608, 26454608, 26454608, 26454608, 26454608, 26454608, 26454608, 26454608, 26454608, 26729656, 286926970, 26428822, 26428822, 26428822, 26428822, 320398519, 26729656, 26729656, 26729656, 26729656, 26729656, 36803914, 27286840, 27286840, 250324076, 26428822, 26428822, 26729656, 26729656, 26729656, 26729656, 26729656, 26729656, 26729656, 26729656, 26729656, 26729656, 26729656, 26729656, 26729656, 26729656, 26729656, 26729656, 209904166, 26729656, 26729656, 26729656, 26729656, 26729656, 26729656, 26729656, 26729656, 26729656, 27286840, 27286840, 27286840, 27286840, 197459124, 26444528, 26444528, 26444528, 26444528, 26444528, 26444528, 26444528, 26444528, 26380886, 26380886, 26380886, 26380886, 26380886, 26380886, 26380886, 26380886, 26380886, 26380886, 26380886, 26380886, 26380886, 26380886, 26380886, 26380886, 26380886, 26380886, 26380886, 26428822, 26428822, 26428822, 26428822, 26428822, 26428822, 26428822, 26428822, 26428822, 26428822, 26428822, 26729656, 26729656, 26729656, 26729656, 26729656, 26729656, 26729656, 26729656, 26729656, 26729656, 26729656, 26729656, 26820478, 26820478, 26820478, 26573059, 26573059, 26573059, 26573059, 26573059, 26573059, 26573059, 26573059, 26573059, 26573059, 26573059, 26573059, 26573059, 26573059, 26573059, 26573059, 26573059, 26573059, 26573059, 26573059, 26573059, 26246582, 26246582, 26246582, 26246582, 26246582, 26246582, 26246582, 26246582, 26246582, 26246582, 26246582, 26246582, 26246582, 26246582, 26246582, 26246582, 26246582, 26246582, 26246582, 26246582, 26309846, 26309846, 26309846, 26309846, 26467984, 26467984, 26467984, 26467984, 26467984, 26467984, 26467984, 26467984, 26467984, 26467984, 26467984, 26467984, 26467984, 26467984, 26467984, 26467984, 26467984, 26467984, 26467984, 26467984, 26467984, 26467984, 26467984, 26467984, 26467984, 26467984, 26467984, 26467984, 26467984, 26467984, 26467984, 26456112, 26456112, 26456112, 26456112, 26456112, 26456112, 26456112, 26456112, 26456112, 26456112, 26456112]",0,0,0,PCIE_NVME,0,39845888,0,39845888,39845888,39845888,1.0,hot,0,0,0,0,1.0,79691776
0,22,meta-llama/Llama-3.1-8B,23,576,1968102757,22680639751,20712536994,14187741,44342126,37442382,"[26822699, 29747880, 26844708, 93558915, 27059851, 27059851, 29019418, 190839741, 146937332, 63155925, 27764953, 27764953, 27764953, 27764953, 27764953, 27764953, 27764953, 27764953, 27764953, 27764953, 27684411, 27684411, 27684411, 27684411, 27684411, 27684411, 27684411, 27684411, 27685307, 27685307, 27685307, 27685307, 27685307, 27685307, 27685307, 27685307, 27685307, 27685307, 27685307, 27685307, 27685307, 27685307, 27685307, 27685307, 27685307, 27685307, 27685307, 27685307, 27685307, 27685307, 27685307, 27685307, 27685307, 27685307, 27685307, 27685307, 359942488, 27512576, 27512576, 27512576, 27512576, 27512576, 27512576, 27512576, 27512576, 27512576, 27512576, 27512576, 27512576, 118102287, 27278932, 27278932, 27278932, 27278932, 27278932, 27278932, 27278932, 27278932, 27278932, 27278932, 27278932, 27278932, 27278932, 27278932, 27278932, 27278932, 27278932, 27278932, 27278932, 27278932, 27278932, 27278932, 27278932, 27278932, 26859940, 183120112, 405391105, 431343825, 27061067, 27061067, 27061067, 27061067, 27061067, 27061067, 27061067, 27061067, 27061067, 27061067, 27061067, 27061067, 27061067, 27061067, 26956587, 26956587, 26726923, 26726923, 26726923, 26726923, 26726923, 26726923, 26726923, 26726923, 26726923, 26726923, 26726923, 26726923, 26726923, 26726923, 26726923, 26726923, 26726923, 26726923, 26726923, 26726923, 26726923, 26726923, 26726923, 26726923, 26726923, 26726923, 26726923, 26726923, 26726923, 26726923, 26726923, 26726923, 26726923, 26726923, 26726923, 26726923, 26726923, 26726923, 26726923, 26726923, 26726923, 26726923, 26726923, 26726923, 26726923, 26726923, 26790979, 30366122, 26790979, 26790979, 133675218, 26790979, 26790979, 26790979, 163819832, 26706189, 26706189, 26706189, 30630857, 26645180, 26645180, 26645180, 26645180, 26645180, 26645180, 26645180, 26645180, 26645180, 26645180, 26645180, 26645180, 415582413, 26454608, 26454608, 26454608, 26454608, 26454608, 303601364, 26428822, 26428822, 26428822, 26428822, 26428822, 26428822, 26428822, 26428822, 26428822, 26428822, 26428822, 26428822, 26428822, 26428822, 26428822, 26428822, 26428822, 26428822, 26428822, 26428822, 26428822, 39392458, 27286840, 27286840, 54121213, 26428822, 26428822, 31427852, 26454608, 26454608, 26454608, 26454608, 26454608, 26454608, 26454608, 26454608, 26454608, 293778404, 26428822, 26428822, 26428822, 26428822, 26428822, 26324758, 26324758, 237552628, 26324758, 411625847, 26820478, 26820478, 26820478, 26820478, 55868840, 26428822, 26428822, 26428822, 26428822, 26428822, 26428822, 26428822, 26428822, 26428822, 26428822, 30162932, 27286840, 27286840, 27286840, 27286840, 27286840, 27286840, 27286840, 27286840, 27286840, 189688242, 55535020, 26444528, 26444528, 26444528, 26444528, 26380886, 26380886, 26380886, 26380886, 26380886, 26380886, 26380886, 26380886, 26380886, 26428822, 26428822, 26428822, 26428822, 26428822, 26428822, 26428822, 26428822, 26428822, 26428822, 26428822, 26729656, 26820478, 26820478, 26820478, 26820478, 26637795, 26637795, 26637795, 26637795, 26637795, 26637795, 26637795, 26573059, 26573059, 26573059, 26573059, 26573059, 26573059, 26324758, 353482574, 139280712, 26706189, 26706189, 26706189, 26706189, 26645180, 26645180, 26729656, 295335811, 26444528, 26444528, 26444528, 26454608, 26454608, 26454608, 53305689, 26645180, 206893719, 26454608, 26454608, 26454608, 132029448, 26454608, 26454608, 26454608, 26454608, 26454608, 26454608, 26454608, 26454608, 26454608, 26454608, 26454608, 26454608, 26729656, 26042517, 26042517, 234841936, 26428822, 26428822, 26428822, 26428822, 25921863, 25921863, 25921863, 25921863, 25921863, 25921863, 25921863, 138945478, 26729656, 26729656, 26729656, 26729656, 26729656, 36803914, 27286840, 27286840, 250324076, 26428822, 26428822, 26729656, 26729656, 26729656, 26729656, 26729656, 26729656, 26729656, 26729656, 26729656, 26729656, 26729656, 26729656, 26729656, 26729656, 26729656, 26729656, 209904166, 26729656, 26729656, 26729656, 26729656, 26729656, 26729656, 26729656, 26729656, 26729656, 27286840, 27286840, 27286840, 27286840, 197459124, 26444528, 26444528, 26444528, 26444528, 26444528, 26444528, 26444528, 26444528, 26380886, 26380886, 26380886, 26380886, 26380886, 26380886, 26380886, 26380886, 26380886, 26380886, 26380886, 26380886, 26380886, 26380886, 26380886, 26380886, 26380886, 26380886, 26380886, 26428822, 26428822, 26428822, 26428822, 26428822, 26428822, 26428822, 26428822, 26428822, 26428822, 26428822, 26729656, 26729656, 26729656, 26729656, 26729656, 26729656, 26729656, 26729656, 26729656, 26729656, 26729656, 26729656, 26820478, 26820478, 26820478, 26573059, 26573059, 26573059, 26573059, 26573059, 26573059, 26573059, 26573059, 26573059, 26573059, 26573059, 26573059, 26573059, 26573059, 26573059, 26573059, 26573059, 26573059, 26573059, 26573059, 26573059, 26246582, 26246582, 26246582, 26246582, 26246582, 26246582, 26246582, 26246582, 26246582, 26246582, 26246582, 26246582, 26246582, 26246582, 26246582, 26246582, 26246582, 26246582, 26246582, 26246582, 26309846, 26309846, 26309846, 26309846, 26467984, 26467984, 26467984, 26467984, 26467984, 26467984, 26467984, 26467984, 26467984, 26467984, 26467984, 26467984, 26467984, 26467984, 26467984, 26467984, 26467984, 26467984, 26467984, 26467984, 26467984, 26467984, 26467984, 26467984, 26467984, 26467984, 26467984, 26467984, 26467984, 26467984, 26467984, 26456112, 26456112, 26456112, 26456112, 26456112, 26456112, 26456112, 26456112, 26456112, 26456112, 26456112, 209247298, 25921863, 25921863, 25921863, 25763867, 25763867, 25763867, 25763867, 25763867]",0,0,0,NPU,0,0,0,0,0,0,1.0,hot,0,0,0,0,1.0,0
0,21,meta-llama/Llama-3.1-8B,16,631,1933551206,24155419105,22221867899,48739292,78893677,36063475,"[26822699, 29747880, 26844708, 93558915, 27059851, 27059851, 29019418, 190839741, 146937332, 63155925, 27764953, 27764953, 27764953, 27764953, 27764953, 27764953, 27764953, 27764953, 27764953, 27764953, 27684411, 27684411, 27684411, 27684411, 27684411, 27684411, 27684411, 27684411, 27685307, 27685307, 27685307, 27685307, 27685307, 27685307, 27685307, 27685307, 27685307, 27685307, 27685307, 27685307, 27685307, 27685307, 27685307, 27685307, 27685307, 27685307, 27685307, 27685307, 27685307, 27685307, 27685307, 27685307, 27685307, 27685307, 27685307, 27685307, 359942488, 27512576, 27512576, 27512576, 27512576, 27512576, 27512576, 27512576, 27512576, 27512576, 27512576, 27512576, 27512576, 118102287, 27278932, 27278932, 27278932, 27278932, 27278932, 27278932, 27278932, 27278932, 27278932, 27278932, 27278932, 27278932, 27278932, 27278932, 27278932, 27278932, 27278932, 27278932, 27278932, 27278932, 27278932, 27278932, 27278932, 27278932, 26859940, 183120112, 405391105, 431343825, 27061067, 27061067, 27061067, 27061067, 27061067, 27061067, 27061067, 27061067, 27061067, 27061067, 27061067, 27061067, 27061067, 27061067, 26956587, 26956587, 26726923, 26726923, 26726923, 26726923, 26726923, 26726923, 26726923, 26726923, 26726923, 26726923, 26726923, 26726923, 26726923, 26726923, 26726923, 26726923, 26726923, 26726923, 26726923, 26726923, 26726923, 26726923, 26726923, 26726923, 26726923, 26726923, 26726923, 26726923, 26726923, 26726923, 26726923, 26726923, 26726923, 26726923, 26726923, 26726923, 26726923, 26726923, 26726923, 26726923, 26726923, 26726923, 26726923, 26726923, 26726923, 26726923, 26790979, 30366122, 26790979, 26790979, 133675218, 26790979, 26790979, 26790979, 163819832, 26706189, 26706189, 26706189, 30630857, 26645180, 26645180, 26645180, 26645180, 26645180, 26645180, 26645180, 26645180, 26645180, 26645180, 26645180, 26645180, 415582413, 26454608, 26454608, 26454608, 26454608, 26454608, 303601364, 26428822, 26428822, 26428822, 26428822, 26428822, 26428822, 26428822, 26428822, 26428822, 26428822, 26428822, 26428822, 26428822, 26428822, 26428822, 26428822, 26428822, 26428822, 26428822, 26428822, 26428822, 39392458, 27286840, 27286840, 54121213, 26428822, 26428822, 31427852, 26454608, 26454608, 26454608, 26454608, 26454608, 26454608, 26454608, 26454608, 26454608, 293778404, 26428822, 26428822, 26428822, 26428822, 26428822, 26324758, 26324758, 237552628, 26324758, 411625847, 26820478, 26820478, 26820478, 26820478, 55868840, 26428822, 26428822, 26428822, 26428822, 26428822, 26428822, 26428822, 26428822, 26428822, 26428822, 30162932, 27286840, 27286840, 27286840, 27286840, 27286840, 27286840, 27286840, 27286840, 27286840, 189688242, 55535020, 26444528, 26444528, 26444528, 26444528, 26380886, 26380886, 26380886, 26380886, 26380886, 26380886, 26380886, 26380886, 26380886, 26428822, 26428822, 26428822, 26428822, 26428822, 26428822, 26428822, 26428822, 26428822, 26428822, 26428822, 26729656, 26820478, 26820478, 26820478, 26820478, 26637795, 26637795, 26637795, 26637795, 26637795, 26637795, 26637795, 26573059, 26573059, 26573059, 26573059, 26573059, 26573059, 26324758, 353482574, 139280712, 26706189, 26706189, 26706189, 26706189, 26645180, 26645180, 26729656, 295335811, 26444528, 26444528, 26444528, 26454608, 26454608, 26454608, 53305689, 26645180, 25138869, 25138869, 25138869, 131477112, 26454608, 26454608, 26454608, 132029448, 26454608, 26454608, 26454608, 26454608, 26454608, 26454608, 26454608, 26454608, 26454608, 26454608, 26454608, 26454608, 26729656, 26042517, 26042517, 234841936, 26428822, 26428822, 26428822, 26428822, 25921863, 25921863, 25921863, 25921863, 25921863, 25921863, 25921863, 25674687, 25674687, 25674687, 25674687, 36246730, 26729656, 26729656, 26729656, 26729656, 26729656, 36803914, 27286840, 27286840, 250324076, 26428822, 26428822, 26729656, 26729656, 26729656, 26729656, 26729656, 26729656, 26729656, 26729656, 26729656, 26729656, 26729656, 26729656, 26729656, 26729656, 26729656, 26729656, 209904166, 26729656, 26729656, 26729656, 26729656, 26729656, 26729656, 26729656, 26729656, 26729656, 27286840, 27286840, 27286840, 27286840, 197459124, 26444528, 26444528, 26444528, 26444528, 26444528, 26444528, 26444528, 26444528, 26380886, 26380886, 26380886, 26380886, 26380886, 26380886, 26380886, 26380886, 26380886, 26380886, 26380886, 26380886, 26380886, 26380886, 26380886, 26380886, 26380886, 26380886, 26380886, 26428822, 26428822, 26428822, 26428822, 26428822, 26428822, 26428822, 26428822, 26428822, 26428822, 26428822, 26729656, 26729656, 26729656, 26729656, 26729656, 26729656, 26729656, 26729656, 26729656, 26729656, 26729656, 26729656, 26820478, 26820478, 26820478, 26573059, 26573059, 26573059, 26573059, 26573059, 26573059, 26573059, 26573059, 26573059, 26573059, 26573059, 26573059, 26573059, 26573059, 26573059, 26573059, 26573059, 26573059, 26573059, 26573059, 26573059, 26246582, 26246582, 26246582, 26246582, 26246582, 26246582, 26246582, 26246582, 26246582, 26246582, 26246582, 26246582, 26246582, 26246582, 26246582, 26246582, 26246582, 26246582, 26246582, 26246582, 26309846, 26309846, 26309846, 26309846, 26467984, 26467984, 26467984, 26467984, 26467984, 26467984, 26467984, 26467984, 26467984, 26467984, 26467984, 26467984, 26467984, 26467984, 26467984, 26467984, 26467984, 26467984, 26467984, 26467984, 26467984, 26467984, 26467984, 26467984, 26467984, 26467984, 26467984, 26467984, 26467984, 26467984, 26467984, 26456112, 26456112, 26456112, 26456112, 26456112, 26456112, 26456112, 26456112, 26456112, 26456112, 26456112, 209247298, 25921863, 25921863, 25921863, 25763867, 25763867, 25763867, 25763867, 25763867, 31747861, 26729656, 26729656, 26729656, 26729656, 26729656, 26729656, 26729656, 26729656, 26729656, 26729656, 26729656, 26729656, 26729656, 26729656, 27286840, 27286840, 27286840, 27286840, 27286840, 27286840, 27286840, 27286840, 27286840, 27286840, 27286840, 26326183, 26326183, 26445351, 26445351, 26445351, 26445351, 27573817, 26445351, 26445351, 26445351, 26445351, 26032767, 26032767, 26032767, 26447349, 26447349, 26603195, 26603195, 26603195, 26603195, 26603195, 26603195, 27575815, 26447349, 26447349, 26447349, 26447349, 26447349, 26447349]",0,0,0,NPU,0,0,0,0,0,0,1.0,hot,0,0,0,0,1.0,0
0,51,meta-llama/Llama-3.1-8B,16,62,4728227566,24694465227,19966237661,17952412185,17984160046,44046169,"[26729656, 26729656, 26729656, 26729656, 26729656, 26729656, 26729656, 26729656, 26729656, 26729656, 26729656, 26729656, 26729656, 26729656, 27286840, 27286840, 27286840, 27286840, 27286840, 27286840, 27286840, 27286840, 27286840, 27286840, 27286840, 797681565, 26843454, 26843454, 26843454, 26843454, 26843454, 26843454, 26843454, 26843454, 26843454, 26843454, 26843454, 26843454, 26843454, 26843454, 26843454, 26843454, 26843454, 26843454, 26843454]",0,0,0,PCIE_NVME,0,6291456,0,6291456,6291456,6291456,1.0,hot,0,0,0,0,1.0,12582912
0,38,meta-llama/Llama-3.1-8B,390,661,3497903286,24747744401,21249841115,11013864902,11153145614,37395168,"[26706189, 26706189, 26706189, 26706189, 26645180, 26645180, 534068564, 26645180, 206893719, 26454608, 26454608, 26454608, 132029448, 26454608, 26454608, 26454608, 26454608, 26454608, 26454608, 26454608, 26454608, 26454608, 26454608, 26454608, 26454608, 313656626, 26428822, 26428822, 26428822, 26428822, 490850713, 27286840, 27286840, 250324076, 26428822, 26428822, 26729656, 26729656, 26729656, 26729656, 26729656, 26729656, 26729656, 26729656, 26729656, 26729656, 26729656, 26729656, 26729656, 26729656, 26729656, 26729656, 209904166, 26729656, 26729656, 26729656, 26729656, 26729656, 26729656, 26729656, 26729656, 26729656, 27286840, 27286840, 27286840, 27286840, 197459124, 26444528, 26444528, 26444528, 26444528, 26444528, 26444528, 26444528, 26444528, 26380886, 26380886, 26380886, 26380886, 26380886, 26380886, 26380886, 26380886, 26380886, 26380886, 26380886, 26380886, 26380886, 26380886, 26380886, 26380886, 26380886, 26380886, 26380886, 26428822, 26428822, 26428822, 26428822, 26428822, 26428822, 26428822, 26428822, 26428822, 26428822, 26428822, 26729656, 26729656, 26729656, 26729656, 26729656, 26729656, 26729656, 26729656, 26729656, 26729656, 26729656, 26729656, 26820478, 26820478, 26820478, 26573059, 26573059, 26573059, 26573059, 26573059, 26573059, 26573059, 26573059, 26573059, 26573059, 26573059, 26573059, 26573059, 26573059, 26573059, 26573059, 26573059, 26573059, 26573059, 26573059, 26573059, 26246582, 26246582, 26246582, 26246582, 26246582, 26246582, 26246582, 26246582, 26246582, 26246582, 26246582, 26246582, 26246582, 26246582, 26246582, 26246582, 26246582, 26246582, 26246582, 26246582, 26309846, 26309846, 26309846, 26309846, 26467984, 26467984, 26467984, 26467984, 26467984, 26467984, 26467984, 26467984, 26467984, 26467984, 26467984, 26467984, 26467984, 26467984, 26467984, 26467984, 26467984, 26467984, 26467984, 26467984, 26467984, 26467984, 26467984, 26467984, 26467984, 26467984, 26467984, 26467984, 26467984, 26467984, 26467984, 26456112, 26456112, 26456112, 26456112, 26456112, 26456112, 26456112, 26456112, 26456112, 26456112, 26456112, 209247298, 25921863, 25921863, 25921863, 160567196, 26729656, 26729656, 26729656, 26729656, 26729656, 26729656, 26729656, 26729656, 26729656, 26729656, 26729656, 26729656, 26729656, 26729656, 27286840, 27286840, 27286840, 27286840, 27286840, 27286840, 27286840, 27286840, 27286840, 27286840, 27286840, 26326183, 26326183, 26445351, 26445351, 26445351, 26445351, 27573817, 26445351, 26445351, 26445351, 26445351, 505892574, 26843454, 26843454, 26843454, 26843454, 26843454, 26843454, 26843454, 26843454, 26843454, 26843454, 26843454, 26843454, 26843454, 26843454, 26843454, 26843454, 26843454, 26843454, 26843454, 26639587, 26639587]",0,0,0,PCIE_NVME,0,109051904,0,109051904,109051904,109051904,1.0,hot,0,0,0,0,1.0,218103808
0,37,meta-llama/Llama-3.1-8B,41,328,3382628210,24800300829,21417672619,11129139978,11268420690,35486894,"[26706189, 26706189, 26706189, 26706189, 26645180, 26645180, 322065467, 26444528, 26444528, 26444528, 26454608, 26454608, 26454608, 53305689, 26645180, 206893719, 26454608, 26454608, 26454608, 132029448, 26454608, 26454608, 26454608, 26454608, 26454608, 26454608, 26454608, 26454608, 26454608, 26454608, 26454608, 26454608, 26729656, 286926970, 26428822, 26428822, 26428822, 26428822, 320398519, 26729656, 26729656, 26729656, 26729656, 26729656, 36803914, 27286840, 27286840, 250324076, 26428822, 26428822, 26729656, 26729656, 26729656, 26729656, 26729656, 26729656, 26729656, 26729656, 26729656, 26729656, 26729656, 26729656, 26729656, 26729656, 26729656, 26729656, 209904166, 26729656, 26729656, 26729656, 26729656, 26729656, 26729656, 26729656, 26729656, 26729656, 27286840, 27286840, 27286840, 27286840, 197459124, 26444528, 26444528, 26444528, 26444528, 26444528, 26444528, 26444528, 26444528, 26380886, 26380886, 26380886, 26380886, 26380886, 26380886, 26380886, 26380886, 26380886, 26380886, 26380886, 26380886, 26380886, 26380886, 26380886, 26380886, 26380886, 26380886, 26380886, 26428822, 26428822, 26428822, 26428822, 26428822, 26428822, 26428822, 26428822, 26428822, 26428822, 26428822, 26729656, 26729656, 26729656, 26729656, 26729656, 26729656, 26729656, 26729656, 26729656, 26729656, 26729656, 26729656, 26820478, 26820478, 26820478, 26573059, 26573059, 26573059, 26573059, 26573059, 26573059, 26573059, 26573059, 26573059, 26573059, 26573059, 26573059, 26573059, 26573059, 26573059, 26573059, 26573059, 26573059, 26573059, 26573059, 26573059, 26246582, 26246582, 26246582, 26246582, 26246582, 26246582, 26246582, 26246582, 26246582, 26246582, 26246582, 26246582, 26246582, 26246582, 26246582, 26246582, 26246582, 26246582, 26246582, 26246582, 26309846, 26309846, 26309846, 26309846, 26467984, 26467984, 26467984, 26467984, 26467984, 26467984, 26467984, 26467984, 26467984, 26467984, 26467984, 26467984, 26467984, 26467984, 26467984, 26467984, 26467984, 26467984, 26467984, 26467984, 26467984, 26467984, 26467984, 26467984, 26467984, 26467984, 26467984, 26467984, 26467984, 26467984, 26467984, 26456112, 26456112, 26456112, 26456112, 26456112, 26456112, 26456112, 26456112, 26456112, 26456112, 26456112, 209247298, 25921863, 25921863, 25921863, 160567196, 26729656, 26729656, 26729656, 26729656, 26729656, 26729656, 26729656, 26729656, 26729656, 26729656, 26729656, 26729656, 26729656, 26729656, 27286840, 27286840, 27286840, 27286840, 27286840, 27286840, 27286840, 27286840, 27286840, 27286840, 27286840, 26326183, 26326183, 26445351, 26445351, 26445351, 26445351, 27573817, 26445351, 26445351, 26445351, 26445351, 505892574, 26843454, 26843454, 26843454, 26843454, 26843454, 26843454, 26843454, 26843454, 26843454, 26843454, 26843454, 26843454, 26843454, 26843454, 26843454, 26843454, 26843454, 26843454, 26843454, 26639587, 26639587, 26246582, 26309846]",0,0,0,NPU,0,0,0,0,0,0,1.0,hot,0,0,0,0,1.0,0
0,47,meta-llama/Llama-3.1-8B,8,99,4130161078,25859020189,21728859111,18134646451,18343893749,37610726,"[238332785, 26729656, 26729656, 26729656, 26729656, 26729656, 26729656, 26729656, 26729656, 26729656, 26729656, 26729656, 26729656, 26729656, 26729656, 27286840, 27286840, 27286840, 27286840, 27286840, 27286840, 27286840, 27286840, 27286840, 27286840, 27286840, 797681565, 26843454, 26843454, 26843454, 26843454, 26843454, 26843454, 26843454, 26843454, 26843454, 26843454, 26843454, 26843454, 26843454, 26843454, 26843454, 26843454, 26843454, 26843454, 26843454, 26639587, 26639587, 26246582, 26309846, 26467984, 26467984, 26467984, 26467984, 26467984, 26467984, 26467984, 26467984, 26467984, 26467984, 26467984, 26467984, 26467984, 26467984, 26467984, 26467984, 26467984, 26467984, 26467984, 26467984, 26467984, 26467984, 26467984, 26467984, 26467984, 26467984, 26467984, 26467984, 26467984, 26467984, 26467984, 26467984, 26467984, 26467984, 26467984, 26467984, 26467984, 26467984, 26467984, 26467984]",0,0,0,NPU,0,0,0,0,0,0,1.0,hot,0,0,0,0,1.0,0
0,29,meta-llama/Llama-3.1-8B,691,1144,2417400904,25885539995,23468139091,45997042,192934374,51493815,"[63155925, 27764953, 27764953, 27764953, 27764953, 27764953, 27764953, 27764953, 27764953, 27764953, 27764953, 27684411, 27684411, 27684411, 27684411, 27684411, 27684411, 27684411, 27684411, 27685307, 27685307, 27685307, 27685307, 27685307, 27685307, 27685307, 27685307, 27685307, 27685307, 27685307, 27685307, 27685307, 27685307, 27685307, 27685307, 27685307, 27685307, 27685307, 27685307, 27685307, 27685307, 27685307, 27685307, 27685307, 27685307, 27685307, 27685307, 359942488, 27512576, 27512576, 27512576, 27512576, 27512576, 27512576, 27512576, 27512576, 27512576, 27512576, 27512576, 27512576, 8380225224, 26444528, 26444528, 26444528, 26444528, 26380886, 26380886, 26380886, 26380886, 26380886, 26380886, 26380886, 26380886, 26380886, 26428822, 26428822, 26428822, 26428822, 26428822, 26428822, 26428822, 26428822, 26428822, 26428822, 26428822, 26729656, 26820478, 26820478, 26820478, 26820478, 26637795, 26637795, 26637795, 26637795, 26637795, 26637795, 26637795, 26573059, 26573059, 26573059, 26573059, 26573059, 26573059, 26324758, 353482574, 139280712, 26706189, 26706189, 26706189, 26706189, 26645180, 26645180, 26729656, 295335811, 26444528, 26444528, 26444528, 26454608, 26454608, 26454608, 53305689, 26645180, 206893719, 26454608, 26454608, 26454608, 132029448, 26454608, 26454608, 26454608, 26454608, 26454608, 26454608, 26454608, 26454608, 26454608, 26454608, 26454608, 26454608, 26729656, 286926970, 26428822, 26428822, 26428822, 26428822, 320398519, 26729656, 26729656, 26729656, 26729656, 26729656, 36803914, 27286840, 27286840, 250324076, 26428822, 26428822, 26729656, 26729656, 26729656, 26729656, 26729656, 26729656, 26729656, 26729656, 26729656, 26729656, 26729656, 26729656, 26729656, 26729656, 26729656, 26729656, 209904166, 26729656, 26729656, 26729656, 26729656, 26729656, 26729656, 26729656, 26729656, 26729656, 27286840, 27286840, 27286840, 27286840, 197459124, 26444528, 26444528, 26444528, 26444528, 26444528, 26444528, 26444528, 26444528, 26380886, 26380886, 26380886, 26380886, 26380886, 26380886, 26380886, 26380886, 26380886, 26380886, 26380886, 26380886, 26380886, 26380886, 26380886, 26380886, 26380886, 26380886, 26380886, 26428822, 26428822, 26428822, 26428822, 26428822, 26428822, 26428822, 26428822, 26428822, 26428822, 26428822, 26729656, 26729656, 26729656, 26729656, 26729656, 26729656, 26729656, 26729656, 26729656, 26729656, 26729656, 26729656, 26820478, 26820478, 26820478, 26573059, 26573059, 26573059, 26573059, 26573059, 26573059, 26573059, 26573059, 26573059, 26573059, 26573059, 26573059, 26573059, 26573059, 26573059, 26573059, 26573059, 26573059, 26573059, 26573059, 26573059, 26246582, 26246582, 26246582, 26246582, 26246582, 26246582, 26246582, 26246582, 26246582, 26246582, 26246582, 26246582, 26246582, 26246582, 26246582, 26246582, 26246582, 26246582, 26246582, 26246582, 26309846, 26309846, 26309846, 26309846, 26467984, 26467984, 26467984, 26467984, 26467984, 26467984, 26467984, 26467984, 26467984, 26467984, 26467984, 26467984, 26467984, 26467984, 26467984, 26467984, 26467984, 26467984, 26467984, 26467984, 26467984, 26467984, 26467984, 26467984, 26467984, 26467984, 26467984, 26467984, 26467984, 26467984, 26467984, 26456112, 26456112, 26456112, 26456112, 26456112, 26456112, 26456112, 26456112, 26456112, 26456112, 26456112, 209247298, 25921863, 25921863, 25921863, 160567196, 26729656, 26729656, 26729656, 26729656, 26729656, 26729656, 26729656, 26729656, 26729656, 26729656, 26729656, 26729656, 26729656, 26729656, 27286840, 27286840, 27286840, 27286840, 27286840, 27286840, 27286840, 27286840, 27286840, 27286840, 27286840, 26326183, 26326183, 26445351, 26445351, 26445351, 26445351, 27573817, 26445351, 26445351, 26445351, 26445351, 26032767, 26032767, 26032767, 26447349, 26447349, 26603195, 26603195, 26603195, 26603195, 26603195, 26603195, 27575815, 26447349, 26447349, 26447349, 26447349, 26447349, 26447349, 29020496, 26843454, 26843454, 26843454, 26843454, 26843454, 26843454, 26843454, 26843454, 26843454, 26843454, 26843454, 26843454, 26843454, 26843454, 26843454, 26843454, 26843454, 26843454, 26843454, 26639587, 26639587, 26246582, 26309846, 26467984, 26467984, 26467984, 26467984, 26467984, 26467984, 26467984, 26467984, 26467984, 26467984, 26467984, 26467984, 26467984, 26467984, 26467984, 26467984, 26467984, 26467984, 26467984, 26467984, 26467984, 26467984, 26467984, 26467984, 26467984, 26467984, 26467984, 26467984, 26467984, 26467984, 26467984, 26467984, 26467984, 26467984, 26467984, 26467984, 26467984, 26467984, 26467984, 26467984, 26519806]",0,0,0,PCIE_NVME,0,98566144,0,98566144,98566144,98566144,1.0,hot,0,0,0,0,1.0,197132288
0,60,meta-llama/Llama-3.1-8B,1,10,5704274631,26358570498,20654295867,20181265364,20441134427,26645180,"[26645180, 26645180, 26645180, 26645180, 26645180, 26645180, 26645180, 26645180]",0,0,0,NPU,0,0,0,0,0,0,1.0,hot,0,0,0,0,1.0,0
0,32,meta-llama/Llama-3.1-8B,18,376,2536356724,26543752754,24007396030,11621928890,11975411464,33703038,"[139280712, 26706189, 26706189, 26706189, 26706189, 26645180, 26645180, 26729656, 295335811, 26444528, 26444528, 26444528, 26454608, 26454608, 26454608, 53305689, 26645180, 206893719, 26454608, 26454608, 26454608, 132029448, 26454608, 26454608, 26454608, 26454608, 26454608, 26454608, 26454608, 26454608, 26454608, 26454608, 26454608, 26454608, 26729656, 286926970, 26428822, 26428822, 26428822, 26428822, 320398519, 26729656, 26729656, 26729656, 26729656, 26729656, 36803914, 27286840, 27286840, 250324076, 26428822, 26428822, 26729656, 26729656, 26729656, 26729656, 26729656, 26729656, 26729656, 26729656, 26729656, 26729656, 26729656, 26729656, 26729656, 26729656, 26729656, 26729656, 209904166, 26729656, 26729656, 26729656, 26729656, 26729656, 26729656, 26729656, 26729656, 26729656, 27286840, 27286840, 27286840, 27286840, 197459124, 26444528, 26444528, 26444528, 26444528, 26444528, 26444528, 26444528, 26444528, 26380886, 26380886, 26380886, 26380886, 26380886, 26380886, 26380886, 26380886, 26380886, 26380886, 26380886, 26380886, 26380886, 26380886, 26380886, 26380886, 26380886, 26380886, 26380886, 26428822, 26428822, 26428822, 26428822, 26428822, 26428822, 26428822, 26428822, 26428822, 26428822, 26428822, 26729656, 26729656, 26729656, 26729656, 26729656, 26729656, 26729656, 26729656, 26729656, 26729656, 26729656, 26729656, 26820478, 26820478, 26820478, 26573059, 26573059, 26573059, 26573059, 26573059, 26573059, 26573059, 26573059, 26573059, 26573059, 26573059, 26573059, 26573059, 26573059, 26573059, 26573059, 26573059, 26573059, 26573059, 26573059, 26573059, 26246582, 26246582, 26246582, 26246582, 26246582, 26246582, 26246582, 26246582, 26246582, 26246582, 26246582, 26246582, 26246582, 26246582, 26246582, 26246582, 26246582, 26246582, 26246582, 26246582, 26309846, 26309846, 26309846, 26309846, 26467984, 26467984, 26467984, 26467984, 26467984, 26467984, 26467984, 26467984, 26467984, 26467984, 26467984, 26467984, 26467984, 26467984, 26467984, 26467984, 26467984, 26467984, 26467984, 26467984, 26467984, 26467984, 26467984, 26467984, 26467984, 26467984, 26467984, 26467984, 26467984, 26467984, 26467984, 26456112, 26456112, 26456112, 26456112, 26456112, 26456112, 26456112, 26456112, 26456112, 26456112, 26456112, 209247298, 25921863, 25921863, 25921863, 160567196, 26729656, 26729656, 26729656, 26729656, 26729656, 26729656, 26729656, 26729656, 26729656, 26729656, 26729656, 26729656, 26729656, 26729656, 27286840, 27286840, 27286840, 27286840, 27286840, 27286840, 27286840, 27286840, 27286840, 27286840, 27286840, 26326183, 26326183, 26445351, 26445351, 26445351, 26445351, 27573817, 26445351, 26445351, 26445351, 26445351, 26032767, 26032767, 26032767, 26447349, 26447349, 187194985, 26447349, 26447349, 26447349, 26447349, 26447349, 26447349, 29020496, 26843454, 26843454, 26843454, 26843454, 26843454, 26843454, 26843454, 26843454, 26843454, 26843454, 26843454, 26843454, 26843454, 26843454, 26843454, 26843454, 26843454, 26843454, 26843454, 26639587, 26639587, 26246582, 26309846, 26467984, 26467984, 26467984, 26467984, 26467984, 26467984, 26467984, 26467984, 26467984, 26467984, 26467984, 26467984, 26467984, 26467984, 26467984, 26467984, 26467984, 26467984, 26467984, 26467984, 26467984, 26467984, 26467984, 26467984, 26467984, 26467984, 26467984, 26467984, 26467984, 26467984, 26467984, 26467984, 26467984, 26467984, 26467984, 26467984, 26467984, 26467984, 26467984, 26467984, 26519806, 259869063, 26645180, 26645180, 26645180, 26645180, 26645180, 26645180, 26645180, 26645180, 26454608, 26454608, 26454608, 26454608, 26454608, 26454608, 26454608]",0,0,0,NPU,0,0,0,0,0,0,1.0,hot,0,0,0,0,1.0,0
0,34,meta-llama/Llama-3.1-8B,213,581,3170788537,27072329194,23901540657,11340979651,11480260363,33845450,"[26706189, 26706189, 26706189, 26706189, 26645180, 26645180, 26729656, 295335811, 26444528, 26444528, 26444528, 26454608, 26454608, 26454608, 53305689, 26645180, 206893719, 26454608, 26454608, 26454608, 132029448, 26454608, 26454608, 26454608, 26454608, 26454608, 26454608, 26454608, 26454608, 26454608, 26454608, 26454608, 26454608, 26729656, 286926970, 26428822, 26428822, 26428822, 26428822, 320398519, 26729656, 26729656, 26729656, 26729656, 26729656, 36803914, 27286840, 27286840, 250324076, 26428822, 26428822, 26729656, 26729656, 26729656, 26729656, 26729656, 26729656, 26729656, 26729656, 26729656, 26729656, 26729656, 26729656, 26729656, 26729656, 26729656, 26729656, 209904166, 26729656, 26729656, 26729656, 26729656, 26729656, 26729656, 26729656, 26729656, 26729656, 27286840, 27286840, 27286840, 27286840, 197459124, 26444528, 26444528, 26444528, 26444528, 26444528, 26444528, 26444528, 26444528, 26380886, 26380886, 26380886, 26380886, 26380886, 26380886, 26380886, 26380886, 26380886, 26380886, 26380886, 26380886, 26380886, 26380886, 26380886, 26380886, 26380886, 26380886, 26380886, 26428822, 26428822, 26428822, 26428822, 26428822, 26428822, 26428822, 26428822, 26428822, 26428822, 26428822, 26729656, 26729656, 26729656, 26729656, 26729656, 26729656, 26729656, 26729656, 26729656, 26729656, 26729656, 26729656, 26820478, 26820478, 26820478, 26573059, 26573059, 26573059, 26573059, 26573059, 26573059, 26573059, 26573059, 26573059, 26573059, 26573059, 26573059, 26573059, 26573059, 26573059, 26573059, 26573059, 26573059, 26573059, 26573059, 26573059, 26246582, 26246582, 26246582, 26246582, 26246582, 26246582, 26246582, 26246582, 26246582, 26246582, 26246582, 26246582, 26246582, 26246582, 26246582, 26246582, 26246582, 26246582, 26246582, 26246582, 26309846, 26309846, 26309846, 26309846, 26467984, 26467984, 26467984, 26467984, 26467984, 26467984, 26467984, 26467984, 26467984, 26467984, 26467984, 26467984, 26467984, 26467984, 26467984, 26467984, 26467984, 26467984, 26467984, 26467984, 26467984, 26467984, 26467984, 26467984, 26467984, 26467984, 26467984, 26467984, 26467984, 26467984, 26467984, 26456112, 26456112, 26456112, 26456112, 26456112, 26456112, 26456112, 26456112, 26456112, 26456112, 26456112, 209247298, 25921863, 25921863, 25921863, 160567196, 26729656, 26729656, 26729656, 26729656, 26729656, 26729656, 26729656, 26729656, 26729656, 26729656, 26729656, 26729656, 26729656, 26729656, 27286840, 27286840, 27286840, 27286840, 27286840, 27286840, 27286840, 27286840, 27286840, 27286840, 27286840, 26326183, 26326183, 26445351, 26445351, 26445351, 26445351, 27573817, 26445351, 26445351, 26445351, 26445351, 26032767, 26032767, 26032767, 427794273, 26843454, 26843454, 26843454, 26843454, 26843454, 26843454, 26843454, 26843454, 26843454, 26843454, 26843454, 26843454, 26843454, 26843454, 26843454, 26843454, 26843454, 26843454, 26843454, 26639587, 26639587, 26246582, 26309846, 26467984, 26467984, 26467984, 26467984, 26467984, 26467984, 26467984, 26467984, 26467984, 26467984, 26467984, 26467984, 26467984, 26467984, 26467984, 26467984, 26467984, 26467984, 26467984, 26467984, 26467984, 26467984, 26467984, 26467984, 26467984, 26467984, 26467984, 26467984, 26467984, 26467984, 26467984, 26467984, 26467984, 26467984, 26467984, 26467984, 26467984, 26467984, 26467984, 26467984, 26519806, 259869063, 26645180, 26645180, 26645180, 26645180, 26645180, 26645180, 26645180, 26645180, 26454608, 26454608, 26454608, 26454608, 26454608, 26454608, 26454608, 26428822, 26428822, 26428822, 26428822, 26428822, 26428822, 26428822, 26428822, 26428822, 26428822, 26428822, 26428822, 26428822, 26428822, 26428822, 26428822, 26428822, 26428822, 26428822, 26428822]",0,0,0,NPU,0,0,0,0,0,0,1.0,hot,0,0,0,0,1.0,0
0,56,meta-llama/Llama-3.1-8B,8,84,5589266729,28143186986,22553920257,20296273266,20556142329,26637039,"[26645180, 26645180, 26645180, 26645180, 26645180, 26645180, 26645180, 26645180, 26454608, 26454608, 26454608, 26454608, 26454608, 26454608, 26454608, 26428822, 26428822, 26428822, 26428822, 26428822, 26428822, 26428822, 26428822, 26428822, 26428822, 26428822, 26428822, 26428822, 26428822, 26428822, 26428822, 26428822, 26428822, 26428822, 26428822, 26729656, 26729656, 26729656, 26729656, 26729656, 26729656, 26729656, 26729656, 26729656, 26729656, 26729656, 26729656, 26729656, 26729656, 26729656, 26729656, 26729656, 26729656, 26729656, 26729656, 26729656, 26729656, 26729656, 26729656, 26729656, 26729656, 26729656, 26729656, 26729656, 26729656, 26729656, 26729656, 26729656, 26729656, 26729656, 26729656, 26729656, 27286840, 27286840, 27286840]",0,0,0,NPU,0,0,0,0,0,0,1.0,hot,0,0,0,0,1.0,0
0,41,meta-llama/Llama-3.1-8B,1114,1444,3637282315,28331091164,24693808849,14165990255,14375894421,31361442,"[26729656, 26729656, 26729656, 26729656, 26729656, 26729656, 26729656, 26729656, 26729656, 27286840, 27286840, 27286840, 27286840, 197459124, 26444528, 26444528, 26444528, 26444528, 26444528, 26444528, 26444528, 26444528, 26380886, 26380886, 26380886, 26380886, 26380886, 26380886, 26380886, 26380886, 26380886, 26380886, 26380886, 26380886, 26380886, 26380886, 26380886, 26380886, 26380886, 26380886, 26380886, 26428822, 26428822, 26428822, 26428822, 26428822, 26428822, 26428822, 26428822, 26428822, 26428822, 26428822, 26729656, 26729656, 26729656, 26729656, 26729656, 26729656, 26729656, 26729656, 26729656, 26729656, 26729656, 26729656, 26820478, 26820478, 26820478, 26573059, 26573059, 26573059, 26573059, 26573059, 26573059, 26573059, 26573059, 26573059, 26573059, 26573059, 26573059, 26573059, 26573059, 26573059, 26573059, 26573059, 26573059, 26573059, 26573059, 26573059, 26246582, 26246582, 26246582, 26246582, 26246582, 26246582, 26246582, 26246582, 26246582, 26246582, 26246582, 26246582, 26246582, 26246582, 26246582, 26246582, 26246582, 26246582, 26246582, 26246582, 26309846, 26309846, 26309846, 26309846, 26467984, 26467984, 26467984, 26467984, 26467984, 26467984, 26467984, 26467984, 26467984, 26467984, 26467984, 26467984, 26467984, 26467984, 26467984, 26467984, 26467984, 26467984, 26467984, 26467984, 26467984, 26467984, 26467984, 26467984, 26467984, 26467984, 26467984, 26467984, 26467984, 26467984, 26467984, 26456112, 26456112, 26456112, 26456112, 26456112, 26456112, 26456112, 26456112, 26456112, 26456112, 26456112, 209247298, 238332785, 26729656, 26729656, 26729656, 26729656, 26729656, 26729656, 26729656, 26729656, 26729656, 26729656, 26729656, 26729656, 26729656, 26729656, 27286840, 27286840, 27286840, 27286840, 27286840, 27286840, 27286840, 27286840, 27286840, 27286840, 27286840, 797681565, 26843454, 26843454, 26843454, 26843454, 26843454, 26843454, 26843454, 26843454, 26843454, 26843454, 26843454, 26843454, 26843454, 26843454, 26843454, 26843454, 26843454, 26843454, 26843454, 26639587, 26639587, 26246582, 26309846, 26467984, 26467984, 26467984, 26467984, 26467984, 26467984, 26467984, 26467984, 26467984, 26467984, 26467984, 26467984, 26467984, 26467984, 26467984, 26467984, 26467984, 26467984, 26467984, 26467984, 26467984, 26467984, 26467984, 26467984, 26467984, 26467984, 26467984, 26467984, 26467984, 26467984, 26467984, 26467984, 26467984, 26467984, 26467984, 26467984, 26467984, 26467984, 26467984, 26467984, 26519806, 259869063, 26645180, 26645180, 26645180, 26645180, 26645180, 26645180, 26645180, 26645180, 26454608, 26454608, 26454608, 26454608, 26454608, 26454608, 26454608, 26428822, 26428822, 26428822, 26428822, 26428822, 26428822, 26428822, 26428822, 26428822, 26428822, 26428822, 26428822, 26428822, 26428822, 26428822, 26428822, 26428822, 26428822, 26428822, 26428822, 26729656, 26729656, 26729656, 26729656, 26729656, 26729656, 26729656, 26729656, 26729656, 26729656, 26729656, 26729656, 26729656, 26729656, 26729656, 26729656, 26729656, 26729656, 26729656, 26729656, 26729656, 26729656, 26729656, 26729656, 26729656, 26729656, 26729656, 26729656, 26729656, 26729656, 26729656, 26729656, 26729656, 26729656, 26729656, 26729656, 26729656, 27286840, 27286840, 27286840, 26843454, 26843454, 26843454, 26843454, 26843454, 26843454, 26843454]",0,0,0,NPU,0,0,0,0,0,0,1.0,hot,0,0,0,0,1.0,0
0,45,meta-llama/Llama-3.1-8B,24,369,4019395331,30190215147,26170819816,14343495669,14540954793,33807747,"[26444528, 26444528, 26444528, 26444528, 26444528, 26444528, 26444528, 26444528, 26380886, 26380886, 26380886, 26380886, 26380886, 26380886, 26380886, 26380886, 26380886, 26380886, 26380886, 26380886, 26380886, 26380886, 26380886, 26380886, 26380886, 26380886, 26380886, 26428822, 26428822, 26428822, 26428822, 26428822, 26428822, 26428822, 26428822, 26428822, 26428822, 26428822, 26729656, 26729656, 26729656, 26729656, 26729656, 26729656, 26729656, 26729656, 26729656, 26729656, 26729656, 26729656, 26820478, 26820478, 26820478, 26573059, 26573059, 26573059, 26573059, 26573059, 26573059, 26573059, 26573059, 26573059, 26573059, 26573059, 26573059, 26573059, 26573059, 26573059, 26573059, 26573059, 26573059, 26573059, 26573059, 26573059, 26246582, 26246582, 26246582, 26246582, 26246582, 26246582, 26246582, 26246582, 26246582, 26246582, 26246582, 26246582, 26246582, 26246582, 26246582, 26246582, 26246582, 26246582, 26246582, 26246582, 26309846, 26309846, 26309846, 26309846, 26467984, 26467984, 26467984, 26467984, 26467984, 26467984, 26467984, 26467984, 26467984, 26467984, 26467984, 26467984, 26467984, 26467984, 26467984, 26467984, 26467984, 26467984, 26467984, 26467984, 26467984, 26467984, 26467984, 26467984, 26467984, 26467984, 26467984, 26467984, 26467984, 26467984, 26467984, 26456112, 26456112, 26456112, 26456112, 26456112, 26456112, 26456112, 26456112, 26456112, 26456112, 26456112, 209247298, 238332785, 26729656, 26729656, 26729656, 26729656, 26729656, 26729656, 26729656, 26729656, 26729656, 26729656, 26729656, 26729656, 26729656, 26729656, 27286840, 27286840, 27286840, 27286840, 27286840, 27286840, 27286840, 27286840, 27286840, 27286840, 27286840, 797681565, 26843454, 26843454, 26843454, 26843454, 26843454, 26843454, 26843454, 26843454, 26843454, 26843454, 26843454, 26843454, 26843454, 26843454, 26843454, 26843454, 26843454, 26843454, 26843454, 26639587, 26639587, 26246582, 26309846, 26467984, 26467984, 26467984, 26467984, 26467984, 26467984, 26467984, 26467984, 26467984, 26467984, 26467984, 26467984, 26467984, 26467984, 26467984, 26467984, 26467984, 26467984, 26467984, 26467984, 26467984, 26467984, 26467984, 26467984, 26467984, 26467984, 26467984, 26467984, 26467984, 26467984, 26467984, 26467984, 26467984, 26467984, 26467984, 26467984, 26467984, 26467984, 26467984, 26467984, 26519806, 259869063, 26645180, 26645180, 26645180, 26645180, 26645180, 26645180, 26645180, 26645180, 26454608, 26454608, 26454608, 26454608, 26454608, 26454608, 26454608, 26428822, 26428822, 26428822, 26428822, 26428822, 26428822, 26428822, 26428822, 26428822, 26428822, 26428822, 26428822, 26428822, 26428822, 26428822, 26428822, 26428822, 26428822, 26428822, 26428822, 26729656, 26729656, 26729656, 26729656, 26729656, 26729656, 26729656, 26729656, 26729656, 26729656, 26729656, 26729656, 26729656, 26729656, 26729656, 26729656, 26729656, 26729656, 26729656, 26729656, 26729656, 26729656, 26729656, 26729656, 26729656, 26729656, 26729656, 26729656, 26729656, 26729656, 26729656, 26729656, 26729656, 26729656, 26729656, 26729656, 26729656, 27286840, 27286840, 27286840, 26843454, 26843454, 26843454, 26843454, 26843454, 26843454, 26843454, 262548718, 26790979, 26790979, 26790979, 26582037, 27010197, 27010197, 27485129, 26729656, 493093468, 26638708, 27555797, 388309542, 27555797, 27555797, 27555797, 27555797, 27555797, 27555797, 27555797, 27555797, 27555797, 27555797, 27555797, 27555797, 27555797, 27555797, 27555797, 32450642]",0,0,0,NPU,0,0,0,0,0,0,1.0,hot,0,0,0,0,1.0,0
0,40,meta-llama/Llama-3.1-8B,1409,1842,3568927593,30655795583,27086867990,13503488761,13753812837,30863553,"[26428822, 26428822, 26729656, 26729656, 26729656, 26729656, 26729656, 26729656, 26729656, 26729656, 26729656, 26729656, 26729656, 26729656, 26729656, 26729656, 26729656, 26729656, 209904166, 26729656, 26729656, 26729656, 26729656, 26729656, 26729656, 26729656, 26729656, 26729656, 27286840, 27286840, 27286840, 27286840, 197459124, 26444528, 26444528, 26444528, 26444528, 26444528, 26444528, 26444528, 26444528, 26380886, 26380886, 26380886, 26380886, 26380886, 26380886, 26380886, 26380886, 26380886, 26380886, 26380886, 26380886, 26380886, 26380886, 26380886, 26380886, 26380886, 26380886, 26380886, 26428822, 26428822, 26428822, 26428822, 26428822, 26428822, 26428822, 26428822, 26428822, 26428822, 26428822, 26729656, 26729656, 26729656, 26729656, 26729656, 26729656, 26729656, 26729656, 26729656, 26729656, 26729656, 26729656, 26820478, 26820478, 26820478, 26573059, 26573059, 26573059, 26573059, 26573059, 26573059, 26573059, 26573059, 26573059, 26573059, 26573059, 26573059, 26573059, 26573059, 26573059, 26573059, 26573059, 26573059, 26573059, 26573059, 26573059, 26246582, 26246582, 26246582, 26246582, 26246582, 26246582, 26246582, 26246582, 26246582, 26246582, 26246582, 26246582, 26246582, 26246582, 26246582, 26246582, 26246582, 26246582, 26246582, 26246582, 26309846, 26309846, 26309846, 26309846, 26467984, 26467984, 26467984, 26467984, 26467984, 26467984, 26467984, 26467984, 26467984, 26467984, 26467984, 26467984, 26467984, 26467984, 26467984, 26467984, 26467984, 26467984, 26467984, 26467984, 26467984, 26467984, 26467984, 26467984, 26467984, 26467984, 26467984, 26467984, 26467984, 26467984, 26467984, 26456112, 26456112, 26456112, 26456112, 26456112, 26456112, 26456112, 26456112, 26456112, 26456112, 26456112, 209247298, 238332785, 26729656, 26729656, 26729656, 26729656, 26729656, 26729656, 26729656, 26729656, 26729656, 26729656, 26729656, 26729656, 26729656, 26729656, 27286840, 27286840, 27286840, 27286840, 27286840, 27286840, 27286840, 27286840, 27286840, 27286840, 27286840, 26326183, 26326183, 26445351, 26445351, 26445351, 26445351, 27573817, 26445351, 26445351, 26445351, 26445351, 505892574, 26843454, 26843454, 26843454, 26843454, 26843454, 26843454, 26843454, 26843454, 26843454, 26843454, 26843454, 26843454, 26843454, 26843454, 26843454, 26843454, 26843454, 26843454, 26843454, 26639587, 26639587, 26246582, 26309846, 26467984, 26467984, 26467984, 26467984, 26467984, 26467984, 26467984, 26467984, 26467984, 26467984, 26467984, 26467984, 26467984, 26467984, 26467984, 26467984, 26467984, 26467984, 26467984, 26467984, 26467984, 26467984, 26467984, 26467984, 26467984, 26467984, 26467984, 26467984, 26467984, 26467984, 26467984, 26467984, 26467984, 26467984, 26467984, 26467984, 26467984, 26467984, 26467984, 26467984, 26519806, 259869063, 26645180, 26645180, 26645180, 26645180, 26645180, 26645180, 26645180, 26645180, 26454608, 26454608, 26454608, 26454608, 26454608, 26454608, 26454608, 26428822, 26428822, 26428822, 26428822, 26428822, 26428822, 26428822, 26428822, 26428822, 26428822, 26428822, 26428822, 26428822, 26428822, 26428822, 26428822, 26428822, 26428822, 26428822, 26428822, 26729656, 26729656, 26729656, 26729656, 26729656, 26729656, 26729656, 26729656, 26729656, 26729656, 26729656, 26729656, 26729656, 26729656, 26729656, 26729656, 26729656, 26729656, 26729656, 26729656, 26729656, 26729656, 26729656, 26729656, 26729656, 26729656, 26729656, 26729656, 26729656, 26729656, 26729656, 26729656, 26729656, 26729656, 26729656, 26729656, 26729656, 27286840, 27286840, 27286840, 26843454, 26843454, 26843454, 26843454, 26843454, 26843454, 26843454, 262548718, 26790979, 26790979, 26790979, 26582037, 27010197, 27010197, 27485129, 26729656, 33187198, 33187198, 33187198, 33187198, 33187198, 33187198, 33187198, 33187198, 33187198, 33187198, 33187198, 33187198, 33187198, 33187198, 28472696, 26638708, 27555797, 27663483, 27663483, 27663483, 27663483, 27663483, 27663483, 27663483, 27663483, 27663483, 27663483, 27663483, 27663483, 27663483, 28684263, 27555797, 27555797, 27555797, 27555797, 27555797, 27555797, 27555797, 27555797, 27555797, 27555797, 27555797, 27555797, 27555797, 27555797, 27555797, 32450642, 36223263, 26706189, 26706189, 26706189, 26706189, 26706189, 26706189, 26706189, 26706189, 26645180, 26573059, 26489255, 26489255, 26489255, 26489255, 28655671, 27876731]",0,0,0,NPU,0,0,0,0,0,0,1.0,hot,0,0,0,0,1.0,0
0,42,meta-llama/Llama-3.1-8B,411,798,3640781687,31236023638,27595241951,14722109313,14919568437,32838532,"[26444528, 26444528, 26444528, 26444528, 26444528, 26444528, 26444528, 26444528, 26380886, 26380886, 26380886, 26380886, 26380886, 26380886, 26380886, 26380886, 26380886, 26380886, 26380886, 26380886, 26380886, 26380886, 26380886, 26380886, 26380886, 26380886, 26380886, 26428822, 26428822, 26428822, 26428822, 26428822, 26428822, 26428822, 26428822, 26428822, 26428822, 26428822, 26729656, 26729656, 26729656, 26729656, 26729656, 26729656, 26729656, 26729656, 26729656, 26729656, 26729656, 26729656, 26820478, 26820478, 26820478, 26573059, 26573059, 26573059, 26573059, 26573059, 26573059, 26573059, 26573059, 26573059, 26573059, 26573059, 26573059, 26573059, 26573059, 26573059, 26573059, 26573059, 26573059, 26573059, 26573059, 26573059, 26246582, 26246582, 26246582, 26246582, 26246582, 26246582, 26246582, 26246582, 26246582, 26246582, 26246582, 26246582, 26246582, 26246582, 26246582, 26246582, 26246582, 26246582, 26246582, 26246582, 26309846, 26309846, 26309846, 26309846, 26467984, 26467984, 26467984, 26467984, 26467984, 26467984, 26467984, 26467984, 26467984, 26467984, 26467984, 26467984, 26467984, 26467984, 26467984, 26467984, 26467984, 26467984, 26467984, 26467984, 26467984, 26467984, 26467984, 26467984, 26467984, 26467984, 26467984, 26467984, 26467984, 26467984, 26467984, 26456112, 26456112, 26456112, 26456112, 26456112, 26456112, 26456112, 26456112, 26456112, 26456112, 26456112, 209247298, 238332785, 26729656, 26729656, 26729656, 26729656, 26729656, 26729656, 26729656, 26729656, 26729656, 26729656, 26729656, 26729656, 26729656, 26729656, 27286840, 27286840, 27286840, 27286840, 27286840, 27286840, 27286840, 27286840, 27286840, 27286840, 27286840, 797681565, 26843454, 26843454, 26843454, 26843454, 26843454, 26843454, 26843454, 26843454, 26843454, 26843454, 26843454, 26843454, 26843454, 26843454, 26843454, 26843454, 26843454, 26843454, 26843454, 26639587, 26639587, 26246582, 26309846, 26467984, 26467984, 26467984, 26467984, 26467984, 26467984, 26467984, 26467984, 26467984, 26467984, 26467984, 26467984, 26467984, 26467984, 26467984, 26467984, 26467984, 26467984, 26467984, 26467984, 26467984, 26467984, 26467984, 26467984, 26467984, 26467984, 26467984, 26467984, 26467984, 26467984, 26467984, 26467984, 26467984, 26467984, 26467984, 26467984, 26467984, 26467984, 26467984, 26467984, 26519806, 259869063, 26645180, 26645180, 26645180, 26645180, 26645180, 26645180, 26645180, 26645180, 26454608, 26454608, 26454608, 26454608, 26454608, 26454608, 26454608, 26428822, 26428822, 26428822, 26428822, 26428822, 26428822, 26428822, 26428822, 26428822, 26428822, 26428822, 26428822, 26428822, 26428822, 26428822, 26428822, 26428822, 26428822, 26428822, 26428822, 26729656, 26729656, 26729656, 26729656, 26729656, 26729656, 26729656, 26729656, 26729656, 26729656, 26729656, 26729656, 26729656, 26729656, 26729656, 26729656, 26729656, 26729656, 26729656, 26729656, 26729656, 26729656, 26729656, 26729656, 26729656, 26729656, 26729656, 26729656, 26729656, 26729656, 26729656, 26729656, 26729656, 26729656, 26729656, 26729656, 26729656, 27286840, 27286840, 27286840, 26843454, 26843454, 26843454, 26843454, 26843454, 26843454, 26843454, 262548718, 26790979, 26790979, 26790979, 26582037, 27010197, 27010197, 27485129, 26729656, 493093468, 26638708, 27555797, 27663483, 27663483, 27663483, 27663483, 27663483, 27663483, 27663483, 27663483, 27663483, 27663483, 27663483, 27663483, 27663483, 28684263, 27555797, 27555797, 27555797, 27555797, 27555797, 27555797, 27555797, 27555797, 27555797, 27555797, 27555797, 27555797, 27555797, 27555797, 27555797, 32450642, 36223263, 26706189, 26706189, 26706189, 26706189, 26706189, 26706189, 26706189, 26706189, 26645180, 26573059, 26489255, 26489255, 26489255, 26489255, 28655671, 27876731, 281619163, 27512576, 26898709, 26898709, 26898709, 27200027, 27200027, 27200027, 27200027, 27200027, 27200027, 27200027]",0,0,0,NPU,0,0,0,0,0,0,1.0,hot,0,0,0,0,1.0,0
0,48,meta-llama/Llama-3.1-8B,50,269,4209283457,31704538907,27495255450,18471356294,18503104155,41248400,"[26729656, 26729656, 26729656, 26729656, 26729656, 26729656, 26729656, 26729656, 26729656, 26729656, 26729656, 26729656, 26729656, 26729656, 27286840, 27286840, 27286840, 27286840, 27286840, 27286840, 27286840, 27286840, 27286840, 27286840, 27286840, 797681565, 26843454, 26843454, 26843454, 26843454, 26843454, 26843454, 26843454, 26843454, 26843454, 26843454, 26843454, 26843454, 26843454, 26843454, 26843454, 26843454, 26843454, 26843454, 26843454, 26639587, 26639587, 26246582, 26309846, 26467984, 26467984, 26467984, 26467984, 26467984, 26467984, 26467984, 26467984, 26467984, 26467984, 26467984, 26467984, 26467984, 26467984, 26467984, 26467984, 26467984, 26467984, 26467984, 26467984, 26467984, 26467984, 26467984, 26467984, 26467984, 26467984, 26467984, 26467984, 26467984, 26467984, 26467984, 26467984, 26467984, 26467984, 26467984, 26467984, 26467984, 26467984, 26467984, 26467984, 26519806, 259869063, 26645180, 26645180, 26645180, 26645180, 26645180, 26645180, 26645180, 26645180, 26454608, 26454608, 26454608, 26454608, 26454608, 26454608, 26454608, 26428822, 26428822, 26428822, 26428822, 26428822, 26428822, 26428822, 26428822, 26428822, 26428822, 26428822, 26428822, 26428822, 26428822, 26428822, 26428822, 26428822, 26428822, 26428822, 26428822, 26729656, 26729656, 26729656, 26729656, 26729656, 26729656, 26729656, 26729656, 26729656, 26729656, 26729656, 26729656, 26729656, 26729656, 26729656, 26729656, 26729656, 26729656, 26729656, 26729656, 26729656, 26729656, 26729656, 26729656, 26729656, 26729656, 26729656, 26729656, 26729656, 26729656, 26729656, 26729656, 26729656, 26729656, 26729656, 26729656, 26729656, 27286840, 27286840, 27286840, 26843454, 26843454, 26843454, 26843454, 26843454, 26843454, 26843454, 262548718, 26790979, 26790979, 26790979, 26582037, 27010197, 27010197, 27485129, 26729656, 493093468, 26638708, 861652936, 36223263, 26706189, 26706189, 26706189, 26706189, 26706189, 26706189, 26706189, 26706189, 26645180, 26573059, 26489255, 26489255, 26489255, 26489255, 338151565, 27512576, 26898709, 26898709, 26898709, 321198632, 26097524, 25921863, 25921863, 34821438, 29498668, 29498668, 29498668, 29498668, 27685307, 26615821, 26615821, 26042517]",0,0,0,NPU,0,0,0,0,0,0,1.0,hot,0,0,0,0,1.0,0
0,46,meta-llama/Llama-3.1-8B,1142,1436,4056749989,33508423712,29451673723,18208057540,18417304838,37659962,"[238332785, 26729656, 26729656, 26729656, 26729656, 26729656, 26729656, 26729656, 26729656, 26729656, 26729656, 26729656, 26729656, 26729656, 26729656, 27286840, 27286840, 27286840, 27286840, 27286840, 27286840, 27286840, 27286840, 27286840, 27286840, 27286840, 797681565, 26843454, 26843454, 26843454, 26843454, 26843454, 26843454, 26843454, 26843454, 26843454, 26843454, 26843454, 26843454, 26843454, 26843454, 26843454, 26843454, 26843454, 26843454, 26843454, 26639587, 26639587, 26246582, 26309846, 26467984, 26467984, 26467984, 26467984, 26467984, 26467984, 26467984, 26467984, 26467984, 26467984, 26467984, 26467984, 26467984, 26467984, 26467984, 26467984, 26467984, 26467984, 26467984, 26467984, 26467984, 26467984, 26467984, 26467984, 26467984, 26467984, 26467984, 26467984, 26467984, 26467984, 26467984, 26467984, 26467984, 26467984, 26467984, 26467984, 26467984, 26467984, 26467984, 26467984, 26519806, 259869063, 26645180, 26645180, 26645180, 26645180, 26645180, 26645180, 26645180, 26645180, 26454608, 26454608, 26454608, 26454608, 26454608, 26454608, 26454608, 26428822, 26428822, 26428822, 26428822, 26428822, 26428822, 26428822, 26428822, 26428822, 26428822, 26428822, 26428822, 26428822, 26428822, 26428822, 26428822, 26428822, 26428822, 26428822, 26428822, 26729656, 26729656, 26729656, 26729656, 26729656, 26729656, 26729656, 26729656, 26729656, 26729656, 26729656, 26729656, 26729656, 26729656, 26729656, 26729656, 26729656, 26729656, 26729656, 26729656, 26729656, 26729656, 26729656, 26729656, 26729656, 26729656, 26729656, 26729656, 26729656, 26729656, 26729656, 26729656, 26729656, 26729656, 26729656, 26729656, 26729656, 27286840, 27286840, 27286840, 26843454, 26843454, 26843454, 26843454, 26843454, 26843454, 26843454, 262548718, 26790979, 26790979, 26790979, 26582037, 27010197, 27010197, 27485129, 26729656, 493093468, 26638708, 861652936, 36223263, 26706189, 26706189, 26706189, 26706189, 26706189, 26706189, 26706189, 26706189, 26645180, 26573059, 26489255, 26489255, 26489255, 26489255, 338151565, 27512576, 26898709, 26898709, 26898709, 27200027, 27200027, 27200027, 27200027, 27200027, 27200027, 27200027, 130798443, 26097524, 25921863, 25921863, 34821438, 29498668, 29498668, 29498668, 29498668, 27685307, 26615821, 26615821, 26042517, 28863593, 28863593, 28863593, 28863593, 28863593, 26437374, 26437374, 27574090, 25846330, 25846330, 25829685, 25829685, 25829685, 25829685, 25892533, 25892533, 25892533, 26518075, 26518075, 30835422, 30835422, 30835422, 30835422, 30678426, 27103283, 26164062, 26475376, 26475376, 26475376, 25921863, 25921863, 25921863, 25921863, 25921863, 25921863, 25921863, 26294878, 26294878, 26294878, 28030886, 26552895, 26552895, 26552895, 26552895, 26552895, 26552895, 26552895, 26552895, 26552895, 26552895, 26552895, 26552895, 26552895, 26552895, 26552895, 27382135, 26603195, 26603195, 26603195, 26603195, 26603195, 26603195, 26603195, 26603195, 26603195, 26603195, 26603195]",0,0,0,NPU,0,0,0,0,0,0,1.0,hot,0,0,0,0,1.0,0
0,49,meta-llama/Llama-3.1-8B,21,317,4229722316,34090069905,29860347589,18450917435,18482665296,38568414,"[26729656, 26729656, 26729656, 26729656, 26729656, 26729656, 26729656, 26729656, 26729656, 26729656, 26729656, 26729656, 26729656, 26729656, 27286840, 27286840, 27286840, 27286840, 27286840, 27286840, 27286840, 27286840, 27286840, 27286840, 27286840, 797681565, 26843454, 26843454, 26843454, 26843454, 26843454, 26843454, 26843454, 26843454, 26843454, 26843454, 26843454, 26843454, 26843454, 26843454, 26843454, 26843454, 26843454, 26843454, 26843454, 26639587, 26639587, 26246582, 26309846, 26467984, 26467984, 26467984, 26467984, 26467984, 26467984, 26467984, 26467984, 26467984, 26467984, 26467984, 26467984, 26467984, 26467984, 26467984, 26467984, 26467984, 26467984, 26467984, 26467984, 26467984, 26467984, 26467984, 26467984, 26467984, 26467984, 26467984, 26467984, 26467984, 26467984, 26467984, 26467984, 26467984, 26467984, 26467984, 26467984, 26467984, 26467984, 26467984, 26467984, 26519806, 259869063, 26645180, 26645180, 26645180, 26645180, 26645180, 26645180, 26645180, 26645180, 26454608, 26454608, 26454608, 26454608, 26454608, 26454608, 26454608, 26428822, 26428822, 26428822, 26428822, 26428822, 26428822, 26428822, 26428822, 26428822, 26428822, 26428822, 26428822, 26428822, 26428822, 26428822, 26428822, 26428822, 26428822, 26428822, 26428822, 26729656, 26729656, 26729656, 26729656, 26729656, 26729656, 26729656, 26729656, 26729656, 26729656, 26729656, 26729656, 26729656, 26729656, 26729656, 26729656, 26729656, 26729656, 26729656, 26729656, 26729656, 26729656, 26729656, 26729656, 26729656, 26729656, 26729656, 26729656, 26729656, 26729656, 26729656, 26729656, 26729656, 26729656, 26729656, 26729656, 26729656, 27286840, 27286840, 27286840, 26843454, 26843454, 26843454, 26843454, 26843454, 26843454, 26843454, 262548718, 26790979, 26790979, 26790979, 26582037, 27010197, 27010197, 27485129, 26729656, 493093468, 26638708, 861652936, 36223263, 26706189, 26706189, 26706189, 26706189, 26706189, 26706189, 26706189, 26706189, 26645180, 26573059, 26489255, 26489255, 26489255, 26489255, 338151565, 27512576, 401894759, 26097524, 25921863, 25921863, 34821438, 29498668, 29498668, 29498668, 29498668, 27685307, 26615821, 26615821, 26042517, 28863593, 28863593, 28863593, 28863593, 28863593, 26437374, 26437374, 27574090, 25846330, 25846330, 25829685, 25829685, 25829685, 25829685, 25892533, 25892533, 25892533, 26518075, 26518075, 154020114, 27103283, 26164062, 26475376, 26475376, 26475376, 25921863, 25921863, 25921863, 25921863, 25921863, 25921863, 25921863, 26294878, 26294878, 26294878, 28030886, 26552895, 26552895, 26552895, 26552895, 26552895, 26552895, 26552895, 26552895, 26552895, 26552895, 26552895, 26552895, 26552895, 26552895, 26552895, 27382135, 26603195, 26603195, 26603195, 26603195, 26603195, 26603195, 26603195, 26603195, 26603195, 26603195, 26603195, 142686462, 31000079, 25884336, 25884336, 32384690, 30906699, 29738742, 29738742, 26830763, 26097524, 25857173, 25857173, 25857173, 25857173, 25857173, 25857173, 25350782]",0,0,0,NPU,0,0,0,0,0,0,1.0,hot,0,0,0,0,1.0,0
0,54,meta-llama/Llama-3.1-8B,16,181,5325057647,34227700991,28902643344,20560482348,20820351411,49282267,"[26645180, 26645180, 26645180, 26645180, 26645180, 26645180, 26645180, 26645180, 26454608, 26454608, 26454608, 26454608, 26454608, 26454608, 26454608, 26428822, 26428822, 26428822, 26428822, 26428822, 26428822, 26428822, 26428822, 26428822, 26428822, 26428822, 26428822, 26428822, 26428822, 26428822, 26428822, 26428822, 26428822, 26428822, 26428822, 26729656, 26729656, 26729656, 26729656, 26729656, 26729656, 26729656, 26729656, 26729656, 26729656, 26729656, 26729656, 26729656, 26729656, 26729656, 26729656, 26729656, 26729656, 26729656, 26729656, 26729656, 26729656, 26729656, 26729656, 26729656, 26729656, 26729656, 26729656, 26729656, 26729656, 26729656, 26729656, 26729656, 26729656, 26729656, 26729656, 26729656, 27286840, 27286840, 27286840, 26843454, 26843454, 26843454, 26843454, 26843454, 26843454, 26843454, 262548718, 26790979, 26790979, 26790979, 108087560, 26729656, 493093468, 26638708, 861652936, 36223263, 26706189, 26706189, 26706189, 26706189, 26706189, 26706189, 26706189, 26706189, 26645180, 26573059, 444108585, 27512576, 401894759, 26097524, 25921863, 25921863, 34821438, 29498668, 29498668, 29498668, 29498668, 27685307, 26615821, 26615821, 26042517, 28863593, 28863593, 28863593, 28863593, 28863593, 26437374, 26437374, 27574090, 25846330, 25846330, 388052603, 27103283, 26164062, 26475376, 26475376, 26475376, 25921863, 25921863, 25921863, 25921863, 25921863, 25921863, 25921863, 26294878, 26294878, 26294878, 889028053, 31000079, 25884336, 25884336, 32384690, 30906699, 29738742, 29738742, 26830763, 26097524, 25857173, 25857173, 25857173, 25857173, 25857173, 25857173, 59444524, 25884336, 25884336, 25884336, 25884336]",0,0,0,NPU,0,0,0,0,0,0,1.0,hot,0,0,0,0,1.0,0
0,63,meta-llama/Llama-3.1-8B,11,78,5956509160,37637320880,31680811720,22374582004,22637130722,137025469,"[26790979, 26790979, 26790979, 108087560, 519823124, 888291644, 36223263, 26706189, 26706189, 26706189, 26706189, 26706189, 26706189, 26706189, 26706189, 26645180, 470681644, 27512576, 401894759, 112762688, 29498668, 29498668, 29498668, 29498668, 27685307, 26615821, 26615821, 54906110, 28863593, 28863593, 28863593, 28863593, 80448838, 439745263, 27103283, 26164062, 1228791856, 31000079, 25884336, 25884336, 32384690, 30906699, 29738742, 29738742, 26830763, 240685086, 25884336, 25884336, 25884336, 25884336, 34818538, 31000079, 31000079, 27219992, 25782115, 25782115, 26097524, 26097524, 26097524, 26097524, 26097524, 2998352404, 25782115, 26464944, 26464944, 26464944]",0,0,0,NPU,0,0,0,0,0,0,1.0,hot,0,0,0,0,1.0,0
0,52,meta-llama/Llama-3.1-8B,1282,1576,5008737007,37717876571,32709139564,20876802988,21136672051,39496476,"[26645180, 26645180, 26645180, 26645180, 26645180, 26645180, 26645180, 26645180, 26454608, 26454608, 26454608, 26454608, 26454608, 26454608, 26454608, 26428822, 26428822, 26428822, 26428822, 26428822, 26428822, 26428822, 26428822, 26428822, 26428822, 26428822, 26428822, 26428822, 26428822, 26428822, 26428822, 26428822, 26428822, 26428822, 26428822, 26729656, 26729656, 26729656, 26729656, 26729656, 26729656, 26729656, 26729656, 26729656, 26729656, 26729656, 26729656, 26729656, 26729656, 26729656, 26729656, 26729656, 26729656, 26729656, 26729656, 26729656, 26729656, 26729656, 26729656, 26729656, 26729656, 26729656, 26729656, 26729656, 26729656, 26729656, 26729656, 26729656, 26729656, 26729656, 26729656, 26729656, 27286840, 27286840, 27286840, 26843454, 26843454, 26843454, 26843454, 26843454, 26843454, 26843454, 262548718, 26790979, 26790979, 26790979, 26582037, 27010197, 27010197, 27485129, 26729656, 493093468, 26638708, 861652936, 36223263, 26706189, 26706189, 26706189, 26706189, 26706189, 26706189, 26706189, 26706189, 26645180, 26573059, 26489255, 26489255, 26489255, 26489255, 338151565, 27512576, 401894759, 26097524, 25921863, 25921863, 34821438, 29498668, 29498668, 29498668, 29498668, 27685307, 26615821, 26615821, 26042517, 28863593, 28863593, 28863593, 28863593, 28863593, 26437374, 26437374, 27574090, 25846330, 25846330, 25829685, 25829685, 25829685, 25829685, 25892533, 25892533, 25892533, 207056264, 27103283, 26164062, 26475376, 26475376, 26475376, 25921863, 25921863, 25921863, 25921863, 25921863, 25921863, 25921863, 26294878, 26294878, 26294878, 28030886, 26552895, 26552895, 26552895, 26552895, 26552895, 26552895, 26552895, 26552895, 26552895, 26552895, 26552895, 26552895, 26552895, 26552895, 26552895, 462703742, 31000079, 25884336, 25884336, 32384690, 30906699, 29738742, 29738742, 26830763, 26097524, 25857173, 25857173, 25857173, 25857173, 25857173, 25857173, 59444524, 25884336, 25884336, 25884336, 25884336, 34818538, 31000079, 31000079, 27219992, 25782115, 25782115, 26097524, 26097524, 26097524, 26097524, 26097524, 27382135, 26851835, 26851835, 26851835, 26851835, 26851835, 26851835, 26851835, 26851835, 26851835, 26851835, 26851835, 26851835, 26851835, 26851835, 26851835, 436801805, 26032767, 26032767, 26032767, 26032767, 26032767, 26032767, 26032767, 26032767, 26032767, 26032767, 26032767, 26032767, 26032767, 26032767, 26032767, 27630775, 26851835, 26851835, 26851835, 26851835, 26851835, 26851835, 26851835, 26851835, 26851835, 26851835, 26851835, 26851835, 26851835, 26851835, 26851835, 27630775, 26851835, 26851835, 26851835, 26851835, 26851835, 26851835, 26851835, 26851835, 27019707, 27019707, 27019707, 27019707, 27019707, 27019707, 27019707, 443905342, 27019707, 27019707, 27019707, 27019707, 27019707, 27019707, 27019707, 27019707, 27019707, 27019707, 27019707, 27019707, 27019707, 27019707, 27019707, 29706783, 25782115, 26464944, 26464944, 26464944, 27278932, 27278932, 25997827]",0,0,0,NPU,0,0,0,0,0,0,1.0,hot,0,0,0,0,1.0,0
0,55,meta-llama/Llama-3.1-8B,22,224,5580001184,38020338795,32440337611,20305538811,20565407874,59079252,"[26645180, 26645180, 26645180, 26645180, 26645180, 26645180, 26645180, 26645180, 26454608, 26454608, 26454608, 26454608, 26454608, 26454608, 26454608, 26428822, 26428822, 26428822, 26428822, 26428822, 26428822, 26428822, 26428822, 26428822, 26428822, 26428822, 26428822, 26428822, 26428822, 26428822, 26428822, 26428822, 26428822, 26428822, 26428822, 26729656, 26729656, 26729656, 26729656, 26729656, 26729656, 26729656, 26729656, 26729656, 26729656, 26729656, 26729656, 26729656, 26729656, 26729656, 26729656, 26729656, 26729656, 26729656, 26729656, 26729656, 26729656, 26729656, 26729656, 26729656, 26729656, 26729656, 26729656, 26729656, 26729656, 26729656, 26729656, 26729656, 26729656, 26729656, 26729656, 26729656, 27286840, 27286840, 27286840, 26843454, 26843454, 26843454, 26843454, 26843454, 26843454, 26843454, 262548718, 26790979, 26790979, 26790979, 108087560, 26729656, 493093468, 888291644, 36223263, 26706189, 26706189, 26706189, 26706189, 26706189, 26706189, 26706189, 26706189, 26645180, 26573059, 444108585, 27512576, 401894759, 26097524, 86665164, 29498668, 29498668, 29498668, 29498668, 27685307, 26615821, 26615821, 26042517, 28863593, 28863593, 28863593, 28863593, 28863593, 26437374, 26437374, 27574090, 25846330, 25846330, 388052603, 27103283, 26164062, 26475376, 26475376, 26475376, 25921863, 25921863, 25921863, 25921863, 25921863, 25921863, 25921863, 967912687, 31000079, 25884336, 25884336, 32384690, 30906699, 29738742, 29738742, 26830763, 26097524, 25857173, 25857173, 25857173, 25857173, 25857173, 25857173, 59444524, 25884336, 25884336, 25884336, 25884336, 34818538, 31000079, 31000079, 27219992, 25782115, 25782115, 26097524, 26097524, 26097524, 26097524, 26097524, 866961465, 26032767, 26032767, 26032767, 26032767, 26032767, 26032767, 26032767, 26032767, 26032767, 26032767, 26032767, 26032767, 26032767, 26032767, 26032767, 1740899434, 25782115, 26464944, 26464944, 26464944, 27278932, 27278932, 25997827, 78369012, 32012548, 32012548, 32012548, 32013892, 32013892, 32013892, 32013892]",0,0,0,NPU,0,0,0,0,0,0,1.0,hot,0,0,0,0,1.0,0
0,102,meta-llama/Llama-3.1-8B,49,73,9289586335,38338018845,29048432510,24218837377,24361523839,203778637,"[31000079, 442053394, 138355882, 31000079, 31000079, 3471725896, 32012548, 32012548, 32012548, 32013892, 32013892, 32013892, 32013892, 31768005, 31768005, 31768005, 31768005, 31768005, 31768005, 31768005, 31768005, 31768005, 31768005]",0,0,0,PCIE_NVME,0,16777216,0,16777216,16777216,16777216,1.0,hot,0,0,0,0,1.0,33554432
0,50,meta-llama/Llama-3.1-8B,7,467,4579003029,38995491174,34416488145,18101636722,18133384583,35475171,"[26729656, 26729656, 26729656, 26729656, 26729656, 26729656, 26729656, 26729656, 26729656, 26729656, 26729656, 26729656, 26729656, 26729656, 27286840, 27286840, 27286840, 27286840, 27286840, 27286840, 27286840, 27286840, 27286840, 27286840, 27286840, 797681565, 26843454, 26843454, 26843454, 26843454, 26843454, 26843454, 26843454, 26843454, 26843454, 26843454, 26843454, 26843454, 26843454, 26843454, 26843454, 26843454, 26843454, 26843454, 26843454, 26639587, 26639587, 26246582, 26309846, 26467984, 26467984, 26467984, 26467984, 26467984, 26467984, 26467984, 26467984, 26467984, 26467984, 26467984, 26467984, 26467984, 26467984, 26467984, 26467984, 26467984, 26467984, 26467984, 26467984, 26467984, 26467984, 26467984, 26467984, 26467984, 26467984, 26467984, 26467984, 26467984, 26467984, 26467984, 26467984, 26467984, 26467984, 26467984, 26467984, 26467984, 26467984, 26467984, 26467984, 26519806, 259869063, 26645180, 26645180, 26645180, 26645180, 26645180, 26645180, 26645180, 26645180, 26454608, 26454608, 26454608, 26454608, 26454608, 26454608, 26454608, 26428822, 26428822, 26428822, 26428822, 26428822, 26428822, 26428822, 26428822, 26428822, 26428822, 26428822, 26428822, 26428822, 26428822, 26428822, 26428822, 26428822, 26428822, 26428822, 26428822, 26729656, 26729656, 26729656, 26729656, 26729656, 26729656, 26729656, 26729656, 26729656, 26729656, 26729656, 26729656, 26729656, 26729656, 26729656, 26729656, 26729656, 26729656, 26729656, 26729656, 26729656, 26729656, 26729656, 26729656, 26729656, 26729656, 26729656, 26729656, 26729656, 26729656, 26729656, 26729656, 26729656, 26729656, 26729656, 26729656, 26729656, 27286840, 27286840, 27286840, 26843454, 26843454, 26843454, 26843454, 26843454, 26843454, 26843454, 262548718, 26790979, 26790979, 26790979, 26582037, 27010197, 27010197, 27485129, 26729656, 493093468, 26638708, 861652936, 36223263, 26706189, 26706189, 26706189, 26706189, 26706189, 26706189, 26706189, 26706189, 26645180, 26573059, 26489255, 26489255, 26489255, 26489255, 338151565, 27512576, 401894759, 26097524, 25921863, 25921863, 34821438, 29498668, 29498668, 29498668, 29498668, 27685307, 26615821, 26615821, 26042517, 28863593, 28863593, 28863593, 28863593, 28863593, 26437374, 26437374, 27574090, 25846330, 25846330, 25829685, 25829685, 25829685, 25829685, 25892533, 25892533, 25892533, 207056264, 27103283, 26164062, 26475376, 26475376, 26475376, 25921863, 25921863, 25921863, 25921863, 25921863, 25921863, 25921863, 26294878, 26294878, 26294878, 28030886, 26552895, 26552895, 26552895, 26552895, 26552895, 26552895, 26552895, 26552895, 26552895, 26552895, 26552895, 26552895, 26552895, 26552895, 26552895, 462703742, 31000079, 25884336, 25884336, 32384690, 30906699, 29738742, 29738742, 26830763, 26097524, 25857173, 25857173, 25857173, 25857173, 25857173, 25857173, 59444524, 25884336, 25884336, 25884336, 25884336, 34818538, 31000079, 31000079, 27219992, 25782115, 25782115, 26097524, 26097524, 26097524, 26097524, 26097524, 27382135, 26851835, 26851835, 26851835, 26851835, 26851835, 26851835, 26851835, 26851835, 26851835, 26851835, 26851835, 26851835, 26851835, 26851835, 26851835, 25780197, 25567390, 25567390, 25567390, 25567390, 25567390, 25567390, 25567390, 25567390, 25567390, 25567390, 25567390, 25567390, 25567390, 25567390, 25567390, 27510758, 26032767, 26032767, 26032767, 26032767, 26032767, 26032767, 26032767, 26032767, 26032767, 26032767, 26032767, 26032767, 26032767, 26032767, 26032767, 27630775, 26851835, 26851835, 26851835, 26851835, 26851835, 26851835, 26851835, 26851835, 26851835, 26851835, 26851835, 26851835, 26851835, 26851835, 26851835, 27630775, 26851835, 26851835, 26851835, 26851835, 26851835, 26851835, 26851835, 26851835, 27019707, 27019707, 27019707, 27019707, 27019707, 27019707, 27019707, 25996805, 26007326, 26007326, 26007326, 26007326, 26007326, 26007326, 26007326, 26007326, 26007326, 26007326, 26007326, 26007326, 26007326, 26007326, 26007326, 27798647, 27019707, 27019707, 27019707, 27019707, 27019707, 27019707, 27019707, 27019707, 27019707, 27019707, 27019707, 27019707, 27019707, 27019707, 27019707, 29706783, 25782115, 26464944, 26464944, 26464944, 27278932, 27278932, 25997827, 78369012, 32012548, 32012548, 32012548, 32013892, 32013892, 32013892, 32013892, 31768005, 31768005, 31768005, 31768005, 31768005, 31768005, 31768005, 31768005, 31768005, 31768005, 31601225, 28193675, 28193675, 27511680, 27511680, 26425808, 26433287, 25304821, 25304821, 25304821, 25304821, 25304821, 25304821, 25304821, 25304821, 25304821, 25304821, 25304821, 25304821, 25304821, 25304821, 25304821, 29301900, 26363542, 26363542]",0,0,0,PCIE_NVME,0,6291456,0,6291456,6291456,6291456,1.0,hot,0,0,0,0,1.0,12582912
0,66,meta-llama/Llama-3.1-8B,62,170,6082919966,45803676218,39720756252,22248171198,22510719916,160841461,"[26790979, 26790979, 26790979, 108087560, 1444338031, 26706189, 26706189, 26706189, 26706189, 26706189, 26706189, 26706189, 26706189, 26645180, 470681644, 27512576, 401894759, 112762688, 29498668, 29498668, 29498668, 29498668, 27685307, 26615821, 26615821, 54906110, 28863593, 28863593, 28863593, 28863593, 80448838, 439745263, 27103283, 1254955918, 31000079, 84153362, 30906699, 29738742, 29738742, 26830763, 240685086, 138355882, 31000079, 31000079, 27219992, 25782115, 25782115, 3128840024, 25782115, 106673764, 27278932, 25997827, 78369012, 32012548, 32012548, 32012548, 32013892, 32013892, 32013892, 32013892, 31768005, 31768005, 31768005, 31768005, 31768005, 31768005, 31768005, 31768005, 31768005, 31768005, 31601225, 28193675, 28193675, 27511680, 27511680, 26425808, 435307502, 26363542, 26363542, 35334460, 31409793, 31409793, 31409793, 31409793, 28871748, 26851204, 588522950, 26118142, 26118142, 26118142, 26118142, 26118142, 26118142, 26118142, 26118142, 25739482, 25739482, 5506974271, 26786947, 26097524, 26097524, 26097524, 26097524, 26097524, 26097524, 26097524, 26097524]",0,0,0,PCIE_NVME,0,10485760,0,10485760,10485760,10485760,1.0,hot,0,0,0,0,1.0,20971520
0,53,meta-llama/Llama-3.1-8B,105,620,5233952206,45861427330,40627475124,20651587789,20911456852,38358012,"[26645180, 26645180, 26645180, 26645180, 26645180, 26645180, 26645180, 26645180, 26454608, 26454608, 26454608, 26454608, 26454608, 26454608, 26454608, 26428822, 26428822, 26428822, 26428822, 26428822, 26428822, 26428822, 26428822, 26428822, 26428822, 26428822, 26428822, 26428822, 26428822, 26428822, 26428822, 26428822, 26428822, 26428822, 26428822, 26729656, 26729656, 26729656, 26729656, 26729656, 26729656, 26729656, 26729656, 26729656, 26729656, 26729656, 26729656, 26729656, 26729656, 26729656, 26729656, 26729656, 26729656, 26729656, 26729656, 26729656, 26729656, 26729656, 26729656, 26729656, 26729656, 26729656, 26729656, 26729656, 26729656, 26729656, 26729656, 26729656, 26729656, 26729656, 26729656, 26729656, 27286840, 27286840, 27286840, 26843454, 26843454, 26843454, 26843454, 26843454, 26843454, 26843454, 262548718, 26790979, 26790979, 26790979, 108087560, 26729656, 493093468, 26638708, 861652936, 36223263, 26706189, 26706189, 26706189, 26706189, 26706189, 26706189, 26706189, 26706189, 26645180, 26573059, 444108585, 27512576, 401894759, 26097524, 25921863, 25921863, 34821438, 29498668, 29498668, 29498668, 29498668, 27685307, 26615821, 26615821, 26042517, 28863593, 28863593, 28863593, 28863593, 28863593, 26437374, 26437374, 27574090, 25846330, 25846330, 25829685, 25829685, 25829685, 25829685, 25892533, 25892533, 25892533, 207056264, 27103283, 26164062, 26475376, 26475376, 26475376, 25921863, 25921863, 25921863, 25921863, 25921863, 25921863, 25921863, 26294878, 26294878, 26294878, 889028053, 31000079, 25884336, 25884336, 32384690, 30906699, 29738742, 29738742, 26830763, 26097524, 25857173, 25857173, 25857173, 25857173, 25857173, 25857173, 59444524, 25884336, 25884336, 25884336, 25884336, 34818538, 31000079, 31000079, 27219992, 25782115, 25782115, 26097524, 26097524, 26097524, 26097524, 26097524, 866961465, 26032767, 26032767, 26032767, 26032767, 26032767, 26032767, 26032767, 26032767, 26032767, 26032767, 26032767, 26032767, 26032767, 26032767, 26032767, 1740899434, 25782115, 26464944, 26464944, 26464944, 27278932, 27278932, 25997827, 78369012, 32012548, 32012548, 32012548, 32013892, 32013892, 32013892, 32013892, 31768005, 31768005, 31768005, 31768005, 31768005, 31768005, 31768005, 31768005, 31768005, 31768005, 31601225, 28193675, 28193675, 27511680, 27511680, 26425808, 26433287, 25304821, 25304821, 25304821, 25304821, 25304821, 25304821, 25304821, 25304821, 25304821, 25304821, 25304821, 25304821, 25304821, 25304821, 25304821, 29301900, 26363542, 26363542, 35334460, 31409793, 31409793, 31409793, 31409793, 28871748, 26851204, 25668423, 25668423, 25668423, 25668423, 25668423, 25668423, 26402823, 25274357, 25274357, 25274357, 25274357, 25274357, 25274357, 25274357, 25274357, 25274357, 25274357, 25274357, 25274357, 25274357, 25274357, 25274357, 28994234, 26118142, 26118142, 26118142, 26118142, 26118142, 26118142, 26118142, 26118142, 25739482, 25739482, 25857173, 25857173, 25857173, 25857173, 25857173, 26402823, 25274357, 25274357, 25274357, 25274357, 25274357, 25274357, 25304821, 25304821, 25304821, 25304821, 25304821, 25304821, 25304821, 25304821, 25304821, 26800678, 25322687, 25322687, 25322687, 25322687, 25322687, 25322687, 25322687, 25322687, 25335007, 25335007, 25335007, 25335007, 25335007, 25335007, 25335007, 26041143, 25262203, 25262203, 25262203, 25262203, 25262203, 25262203, 25262203, 25262203, 25262203, 25262203, 25262203, 25262203, 25262203, 25262203, 25262203, 26041143, 25536603, 25536603, 25536603, 25536603, 25536603, 25536603, 25536603, 25536603, 25536603, 25536603, 25536603, 25536603, 25536603, 25536603, 25536603, 26812998, 25335007, 25335007, 25335007, 25335007, 25335007, 25335007, 25335007, 25335007, 25335007, 25335007, 25335007, 25335007, 25335007, 25335007, 25335007, 26433287, 25648437, 25648437, 25648437, 25648437, 25648437, 25648437, 25648437, 25648437, 25648437, 25648437, 25648437, 25648437, 25648437, 25648437, 25648437, 28792625, 25916533, 25916533, 25916533, 25916533, 25916533, 25916533, 25916533, 25916533, 25916533, 25916533, 25916533, 25916533, 25916533, 25916533, 25916533, 27152678, 25674687, 25674687, 25674687, 25674687, 25674687, 25674687, 25674687, 25674687, 25674687, 25674687, 25674687, 25674687, 25674687, 25674687, 25674687, 26458359, 25679419, 25679419, 25679419, 25679419, 25679419, 25679419, 25679419, 25679419, 25679419, 25679419, 25679419, 25679419, 25679419, 25679419, 25679419, 26776903, 25648437, 25648437, 25648437, 25648437, 25648437, 25648437, 25904021, 25904021, 25904021, 25904021, 25904021, 25904021, 25904021, 25904021, 25904021, 27032487, 25904021, 25904021, 25904021, 25904021, 25904021, 25904021, 25904021, 25904021, 25904021, 25904021, 25904021, 25904021, 25904021, 25904021, 25904021, 27032487, 25904021, 25904021, 25904021, 25904021, 25904021, 25904021, 25904021, 25904021, 25904021, 25904021, 25904021, 25904021, 25904021, 25904021, 25904021, 27032487, 25904021, 25904021, 25904021, 25904021, 25904021, 25904021, 25904021, 25904021, 25904021, 25904021, 25904021, 25904021, 25904021, 25904021, 25904021, 31061141, 26786947, 26097524, 26097524, 26097524, 26097524, 26097524, 26097524, 26097524, 26097524, 28875556, 28875556]",0,0,0,NPU,0,0,0,0,0,0,1.0,hot,0,0,0,0,1.0,0
0,58,meta-llama/Llama-3.1-8B,30,475,5615708394,46682479532,41066771138,20269831601,20529700664,46254663,"[26645180, 26645180, 26645180, 26645180, 26645180, 26645180, 26645180, 26645180, 26454608, 26454608, 26454608, 26454608, 26454608, 26454608, 26454608, 26428822, 26428822, 26428822, 26428822, 26428822, 26428822, 26428822, 26428822, 26428822, 26428822, 26428822, 26428822, 26428822, 26428822, 26428822, 26428822, 26428822, 26428822, 26428822, 26428822, 26729656, 26729656, 26729656, 26729656, 26729656, 26729656, 26729656, 26729656, 26729656, 26729656, 26729656, 26729656, 26729656, 26729656, 26729656, 26729656, 26729656, 26729656, 26729656, 26729656, 26729656, 26729656, 26729656, 26729656, 26729656, 26729656, 26729656, 26729656, 26729656, 26729656, 26729656, 26729656, 26729656, 26729656, 26729656, 26729656, 26729656, 27286840, 27286840, 27286840, 26843454, 26843454, 26843454, 26843454, 26843454, 26843454, 26843454, 262548718, 26790979, 26790979, 26790979, 108087560, 26729656, 493093468, 888291644, 36223263, 26706189, 26706189, 26706189, 26706189, 26706189, 26706189, 26706189, 26706189, 26645180, 26573059, 444108585, 27512576, 401894759, 26097524, 86665164, 29498668, 29498668, 29498668, 29498668, 27685307, 26615821, 26615821, 54906110, 28863593, 28863593, 28863593, 28863593, 26437374, 26437374, 27574090, 25846330, 25846330, 388052603, 27103283, 26164062, 26475376, 26475376, 26475376, 1149365728, 31000079, 25884336, 25884336, 32384690, 30906699, 29738742, 29738742, 26830763, 26097524, 25857173, 25857173, 25857173, 25857173, 25857173, 25857173, 59444524, 25884336, 25884336, 25884336, 25884336, 34818538, 31000079, 31000079, 27219992, 25782115, 25782115, 26097524, 26097524, 26097524, 26097524, 26097524, 2998352404, 25782115, 26464944, 26464944, 26464944, 27278932, 27278932, 25997827, 78369012, 32012548, 32012548, 32012548, 32013892, 32013892, 32013892, 32013892, 31768005, 31768005, 31768005, 31768005, 31768005, 31768005, 31768005, 31768005, 31768005, 31768005, 31601225, 28193675, 28193675, 27511680, 27511680, 26425808, 435307502, 26363542, 26363542, 35334460, 31409793, 31409793, 31409793, 31409793, 28871748, 26851204, 25668423, 25668423, 25668423, 25668423, 25668423, 25668423, 26402823, 25274357, 25274357, 25274357, 25274357, 25274357, 25274357, 25274357, 25274357, 25274357, 25274357, 25274357, 25274357, 25274357, 25274357, 25274357, 28994234, 26118142, 26118142, 26118142, 26118142, 26118142, 26118142, 26118142, 26118142, 25739482, 25739482, 25857173, 25857173, 25857173, 25857173, 25857173, 26402823, 25274357, 25274357, 25274357, 25274357, 25274357, 25274357, 25304821, 25304821, 25304821, 25304821, 25304821, 25304821, 25304821, 25304821, 25304821, 26800678, 25322687, 25322687, 25322687, 25322687, 25322687, 25322687, 25322687, 25322687, 25335007, 25335007, 25335007, 25335007, 25335007, 25335007, 25335007, 840877374, 25335007, 25335007, 25335007, 25335007, 25335007, 25335007, 25335007, 25335007, 25335007, 25335007, 25335007, 25335007, 25335007, 25335007, 25335007, 26433287, 25648437, 25648437, 25648437, 25648437, 25648437, 25648437, 25648437, 25648437, 25648437, 25648437, 25648437, 25648437, 25648437, 25648437, 25648437, 28792625, 25916533, 25916533, 25916533, 25916533, 25916533, 25916533, 25916533, 25916533, 25916533, 25916533, 25916533, 25916533, 25916533, 25916533, 25916533, 27152678, 25674687, 25674687, 25674687, 25674687, 25674687, 25674687, 25674687, 25674687, 25674687, 25674687, 25674687, 25674687, 25674687, 25674687, 25674687, 438426547, 25648437, 25648437, 25648437, 25648437, 25648437, 25648437, 25904021, 25904021, 25904021, 25904021, 25904021, 25904021, 25904021, 25904021, 25904021, 27032487, 25904021, 25904021, 25904021, 25904021, 25904021, 25904021, 25904021, 25904021, 25904021, 25904021, 25904021, 25904021, 25904021, 25904021, 25904021, 27032487, 25904021, 25904021, 25904021, 25904021, 25904021, 25904021, 25904021, 25904021, 25904021, 25904021, 25904021, 25904021, 25904021, 25904021, 25904021, 27032487, 25904021, 25904021, 25904021, 25904021, 25904021, 25904021, 25904021, 25904021, 25904021, 25904021, 25904021, 25904021, 25904021, 25904021, 25904021, 31061141, 26786947, 26097524, 26097524, 26097524, 26097524, 26097524, 26097524, 26097524, 26097524, 28875556, 28875556, 44753829, 25846330, 25846330, 25846330, 26776903, 25648437, 25648437, 25648437, 25648437, 25648437, 25648437, 25648437, 25648437, 25648437, 25648437, 25648437, 25648437, 25648437, 25648437, 25648437, 28722422, 25846330, 25846330, 25846330, 25846330, 25846330, 25846330, 25846330, 25846330, 25846330, 25916533]",0,0,0,NPU,0,0,0,0,0,0,1.0,hot,0,0,0,0,1.0,0
0,59,meta-llama/Llama-3.1-8B,39,364,5655061602,46719864255,41064802653,20230478393,20490347456,63501404,"[26645180, 26645180, 26645180, 26645180, 26645180, 26645180, 26645180, 26645180, 26454608, 26454608, 26454608, 26454608, 26454608, 26454608, 26454608, 26428822, 26428822, 26428822, 26428822, 26428822, 26428822, 26428822, 26428822, 26428822, 26428822, 26428822, 26428822, 26428822, 26428822, 26428822, 26428822, 26428822, 26428822, 26428822, 26428822, 26729656, 26729656, 26729656, 26729656, 26729656, 26729656, 26729656, 26729656, 26729656, 26729656, 26729656, 26729656, 26729656, 26729656, 26729656, 26729656, 26729656, 26729656, 26729656, 26729656, 26729656, 26729656, 26729656, 26729656, 26729656, 26729656, 26729656, 26729656, 26729656, 26729656, 26729656, 26729656, 26729656, 26729656, 26729656, 26729656, 26729656, 27286840, 27286840, 27286840, 26843454, 26843454, 26843454, 26843454, 26843454, 26843454, 26843454, 262548718, 26790979, 26790979, 26790979, 108087560, 26729656, 493093468, 888291644, 36223263, 26706189, 26706189, 26706189, 26706189, 26706189, 26706189, 26706189, 26706189, 26645180, 26573059, 444108585, 27512576, 401894759, 112762688, 29498668, 29498668, 29498668, 29498668, 27685307, 26615821, 26615821, 54906110, 28863593, 28863593, 28863593, 28863593, 26437374, 26437374, 27574090, 439745263, 27103283, 26164062, 26475376, 26475376, 26475376, 1149365728, 31000079, 25884336, 25884336, 32384690, 30906699, 29738742, 29738742, 26830763, 26097524, 214587562, 25884336, 25884336, 25884336, 25884336, 34818538, 31000079, 31000079, 27219992, 25782115, 25782115, 26097524, 26097524, 26097524, 26097524, 26097524, 2998352404, 25782115, 26464944, 26464944, 26464944, 27278932, 27278932, 25997827, 78369012, 32012548, 32012548, 32012548, 32013892, 32013892, 32013892, 32013892, 31768005, 31768005, 31768005, 31768005, 31768005, 31768005, 31768005, 31768005, 31768005, 31768005, 31601225, 28193675, 28193675, 27511680, 27511680, 26425808, 435307502, 26363542, 26363542, 35334460, 31409793, 31409793, 31409793, 31409793, 28871748, 26851204, 25668423, 25668423, 25668423, 25668423, 25668423, 25668423, 434512412, 26118142, 26118142, 26118142, 26118142, 26118142, 26118142, 26118142, 26118142, 25739482, 25739482, 25857173, 25857173, 25857173, 25857173, 25857173, 432593032, 25322687, 25322687, 25322687, 25322687, 25322687, 25322687, 25322687, 25322687, 25335007, 25335007, 25335007, 25335007, 25335007, 25335007, 25335007, 840877374, 25335007, 25335007, 25335007, 25335007, 25335007, 25335007, 25335007, 25335007, 25335007, 25335007, 25335007, 25335007, 25335007, 25335007, 25335007, 439952467, 25916533, 25916533, 25916533, 25916533, 25916533, 25916533, 25916533, 25916533, 25916533, 25916533, 25916533, 25916533, 25916533, 25916533, 25916533, 27152678, 25674687, 25674687, 25674687, 25674687, 25674687, 25674687, 25674687, 25674687, 25674687, 25674687, 25674687, 25674687, 25674687, 25674687, 25674687, 2103292905, 26786947, 26097524, 26097524, 26097524, 26097524, 26097524, 26097524, 26097524, 26097524, 28875556, 28875556, 44753829, 25846330, 25846330, 25846330, 26776903, 25648437, 25648437, 25648437, 25648437, 25648437, 25648437, 25648437, 25648437, 25648437, 25648437, 25648437, 25648437, 25648437, 25648437, 25648437, 28722422, 25846330, 25846330, 25846330, 25846330, 25846330, 25846330, 25846330, 25846330, 25846330, 25916533, 37384723]",0,0,0,NPU,0,0,0,0,0,0,1.0,hot,0,0,0,0,1.0,0
0,64,meta-llama/Llama-3.1-8B,266,463,5989489444,48514915707,42525426263,22341601720,22604150438,101639162,"[26790979, 26790979, 26790979, 108087560, 519823124, 924514907, 26706189, 26706189, 26706189, 26706189, 26706189, 26706189, 26706189, 26706189, 26645180, 470681644, 27512576, 401894759, 112762688, 29498668, 29498668, 29498668, 29498668, 27685307, 26615821, 26615821, 54906110, 28863593, 28863593, 28863593, 28863593, 80448838, 439745263, 27103283, 26164062, 1228791856, 31000079, 84153362, 30906699, 29738742, 29738742, 26830763, 240685086, 25884336, 25884336, 25884336, 25884336, 34818538, 31000079, 31000079, 27219992, 25782115, 25782115, 3128840024, 25782115, 26464944, 26464944, 26464944, 27278932, 27278932, 25997827, 78369012, 32012548, 32012548, 32012548, 32013892, 32013892, 32013892, 32013892, 31768005, 31768005, 31768005, 31768005, 31768005, 31768005, 31768005, 31768005, 31768005, 31768005, 31601225, 28193675, 28193675, 27511680, 27511680, 26425808, 435307502, 26363542, 26363542, 35334460, 31409793, 31409793, 31409793, 31409793, 28871748, 26851204, 25668423, 25668423, 25668423, 25668423, 25668423, 25668423, 434512412, 26118142, 26118142, 26118142, 26118142, 26118142, 26118142, 26118142, 26118142, 25739482, 25739482, 25857173, 25857173, 25857173, 25857173, 25857173, 2473374523, 25916533, 25916533, 25916533, 25916533, 25916533, 25916533, 25916533, 25916533, 25916533, 25916533, 25916533, 25916533, 25916533, 25916533, 25916533, 2515565888, 26786947, 26097524, 26097524, 26097524, 26097524, 26097524, 26097524, 26097524, 26097524, 28875556, 28875556, 44753829, 25846330, 25846330, 25846330, 440225880, 25846330, 25846330, 25846330, 25846330, 25846330, 25846330, 25846330, 25846330, 25846330, 25916533, 37384723, 37371425, 31000079, 31000079, 25614678, 456037698, 27511680, 27511680, 26851204, 26851204, 26851204, 26042517, 26042517, 26042517, 26042517, 26042517, 25954302, 25954302, 25954302, 25954302, 25954302, 451796808, 26032767, 26032767, 26032767, 26032767, 26253855, 26253855, 26253855, 26253855, 26253855, 26253855, 26253855, 26253855, 26253855, 26253855]",0,0,0,PCIE_NVME,0,35651584,0,35651584,35651584,35651584,1.0,hot,0,0,0,0,1.0,71303168
0,57,meta-llama/Llama-3.1-8B,14,641,5611080198,49844975742,44233895544,20274459797,20534328860,37858732,"[26645180, 26645180, 26645180, 26645180, 26645180, 26645180, 26645180, 26645180, 26454608, 26454608, 26454608, 26454608, 26454608, 26454608, 26454608, 26428822, 26428822, 26428822, 26428822, 26428822, 26428822, 26428822, 26428822, 26428822, 26428822, 26428822, 26428822, 26428822, 26428822, 26428822, 26428822, 26428822, 26428822, 26428822, 26428822, 26729656, 26729656, 26729656, 26729656, 26729656, 26729656, 26729656, 26729656, 26729656, 26729656, 26729656, 26729656, 26729656, 26729656, 26729656, 26729656, 26729656, 26729656, 26729656, 26729656, 26729656, 26729656, 26729656, 26729656, 26729656, 26729656, 26729656, 26729656, 26729656, 26729656, 26729656, 26729656, 26729656, 26729656, 26729656, 26729656, 26729656, 27286840, 27286840, 27286840, 26843454, 26843454, 26843454, 26843454, 26843454, 26843454, 26843454, 262548718, 26790979, 26790979, 26790979, 108087560, 26729656, 493093468, 888291644, 36223263, 26706189, 26706189, 26706189, 26706189, 26706189, 26706189, 26706189, 26706189, 26645180, 26573059, 444108585, 27512576, 401894759, 26097524, 86665164, 29498668, 29498668, 29498668, 29498668, 27685307, 26615821, 26615821, 54906110, 28863593, 28863593, 28863593, 28863593, 26437374, 26437374, 27574090, 25846330, 25846330, 388052603, 27103283, 26164062, 26475376, 26475376, 26475376, 1149365728, 31000079, 25884336, 25884336, 32384690, 30906699, 29738742, 29738742, 26830763, 26097524, 25857173, 25857173, 25857173, 25857173, 25857173, 25857173, 59444524, 25884336, 25884336, 25884336, 25884336, 34818538, 31000079, 31000079, 27219992, 25782115, 25782115, 26097524, 26097524, 26097524, 26097524, 26097524, 2998352404, 25782115, 26464944, 26464944, 26464944, 27278932, 27278932, 25997827, 78369012, 32012548, 32012548, 32012548, 32013892, 32013892, 32013892, 32013892, 31768005, 31768005, 31768005, 31768005, 31768005, 31768005, 31768005, 31768005, 31768005, 31768005, 31601225, 28193675, 28193675, 27511680, 27511680, 26425808, 26433287, 25304821, 25304821, 25304821, 25304821, 25304821, 25304821, 25304821, 25304821, 25304821, 25304821, 25304821, 25304821, 25304821, 25304821, 25304821, 29301900, 26363542, 26363542, 35334460, 31409793, 31409793, 31409793, 31409793, 28871748, 26851204, 25668423, 25668423, 25668423, 25668423, 25668423, 25668423, 26402823, 25274357, 25274357, 25274357, 25274357, 25274357, 25274357, 25274357, 25274357, 25274357, 25274357, 25274357, 25274357, 25274357, 25274357, 25274357, 28994234, 26118142, 26118142, 26118142, 26118142, 26118142, 26118142, 26118142, 26118142, 25739482, 25739482, 25857173, 25857173, 25857173, 25857173, 25857173, 26402823, 25274357, 25274357, 25274357, 25274357, 25274357, 25274357, 25304821, 25304821, 25304821, 25304821, 25304821, 25304821, 25304821, 25304821, 25304821, 26800678, 25322687, 25322687, 25322687, 25322687, 25322687, 25322687, 25322687, 25322687, 25335007, 25335007, 25335007, 25335007, 25335007, 25335007, 25335007, 26041143, 25262203, 25262203, 25262203, 25262203, 25262203, 25262203, 25262203, 25262203, 25262203, 25262203, 25262203, 25262203, 25262203, 25262203, 25262203, 26041143, 25536603, 25536603, 25536603, 25536603, 25536603, 25536603, 25536603, 25536603, 25536603, 25536603, 25536603, 25536603, 25536603, 25536603, 25536603, 26812998, 25335007, 25335007, 25335007, 25335007, 25335007, 25335007, 25335007, 25335007, 25335007, 25335007, 25335007, 25335007, 25335007, 25335007, 25335007, 26433287, 25648437, 25648437, 25648437, 25648437, 25648437, 25648437, 25648437, 25648437, 25648437, 25648437, 25648437, 25648437, 25648437, 25648437, 25648437, 28792625, 25916533, 25916533, 25916533, 25916533, 25916533, 25916533, 25916533, 25916533, 25916533, 25916533, 25916533, 25916533, 25916533, 25916533, 25916533, 27152678, 25674687, 25674687, 25674687, 25674687, 25674687, 25674687, 25674687, 25674687, 25674687, 25674687, 25674687, 25674687, 25674687, 25674687, 25674687, 26458359, 25679419, 25679419, 25679419, 25679419, 25679419, 25679419, 25679419, 25679419, 25679419, 25679419, 25679419, 25679419, 25679419, 25679419, 25679419, 26776903, 25648437, 25648437, 25648437, 25648437, 25648437, 25648437, 25904021, 25904021, 25904021, 25904021, 25904021, 25904021, 25904021, 25904021, 25904021, 27032487, 25904021, 25904021, 25904021, 25904021, 25904021, 25904021, 25904021, 25904021, 25904021, 25904021, 25904021, 25904021, 25904021, 25904021, 25904021, 27032487, 25904021, 25904021, 25904021, 25904021, 25904021, 25904021, 25904021, 25904021, 25904021, 25904021, 25904021, 25904021, 25904021, 25904021, 25904021, 27032487, 25904021, 25904021, 25904021, 25904021, 25904021, 25904021, 25904021, 25904021, 25904021, 25904021, 25904021, 25904021, 25904021, 25904021, 25904021, 31061141, 26786947, 26097524, 26097524, 26097524, 26097524, 26097524, 26097524, 26097524, 26097524, 28875556, 28875556, 44753829, 25846330, 25846330, 25846330, 26776903, 25648437, 25648437, 25648437, 25648437, 25648437, 25648437, 25648437, 25648437, 25648437, 25648437, 25648437, 25648437, 25648437, 25648437, 25648437, 28722422, 25846330, 25846330, 25846330, 25846330, 25846330, 25846330, 25846330, 25846330, 25846330, 25916533, 37384723, 37371425, 31000079, 31000079, 25614678, 27575815, 26447349, 26447349, 26447349, 26447349, 26447349, 26447349, 26447349, 26447349, 26447349, 26447349, 26447349, 26447349, 26447349, 26447349, 26447349, 31751648, 27511680, 27511680, 26851204, 26851204, 26851204, 26042517, 26042517, 26042517, 26042517, 26042517, 25954302, 25954302, 25954302, 25954302, 25954302, 27575815, 26447349, 26447349, 26447349, 26447349, 26447349, 26447349, 26447349, 26447349, 26447349, 26447349, 26447349, 26447349, 26447349, 26447349, 26447349, 27510758, 26032767, 26032767, 26032767, 26032767, 26253855, 26253855, 26253855, 26253855, 26253855, 26253855, 26253855, 26253855, 26253855, 26253855, 36133347, 30810577, 25916533, 25916533, 25916533, 25916533, 25916533, 25916533, 25916533, 25916533, 25916533, 25916533, 25916533, 25916533, 25916533, 25916533, 26600885, 28792625, 26042517, 26042517, 26042517, 26042517, 26042517, 26042517, 26042517, 26042517, 26042517, 26042517, 26042517, 26042517, 26042517, 26042517, 26042517, 27729351, 26600885, 26600885, 26600885, 26600885, 26600885, 26600885, 26600885, 26600885, 26600885, 26600885, 26600885, 26600885, 26600885, 26600885, 26600885, 27510758]",0,0,0,NPU,0,0,0,0,0,0,1.0,hot,0,0,0,0,1.0,0
0,83,meta-llama/Llama-3.1-8B,12,79,7834202581,49912968242,42078765661,23401821057,23532619500,281002214,"[112762688, 29498668, 29498668, 29498668, 29498668, 135823059, 28863593, 28863593, 28863593, 28863593, 1802253302, 31000079, 84153362, 30906699, 29738742, 29738742, 267515849, 138355882, 31000079, 31000079, 3471725896, 32012548, 32012548, 32012548, 32013892, 32013892, 32013892, 32013892, 31768005, 31768005, 31768005, 31768005, 31768005, 31768005, 31768005, 31768005, 31768005, 31768005, 31601225, 28193675, 28193675, 27511680, 27511680, 549794854, 31409793, 31409793, 31409793, 31409793, 28871748, 6647215220, 28875556, 44753829, 813683096, 37371425, 31000079, 31000079, 481652376, 27511680, 27511680, 26851204, 26851204, 26851204, 1114583868, 30810577, 1300298034, 30810577]",0,0,0,NPU,0,0,0,0,0,0,1.0,hot,0,0,0,0,1.0,0
0,68,meta-llama/Llama-3.1-8B,626,773,6252715911,50004959798,43752243887,24403079672,24684698835,130599623,"[27512576, 401894759, 112762688, 29498668, 29498668, 29498668, 29498668, 27685307, 26615821, 26615821, 54906110, 28863593, 28863593, 28863593, 28863593, 520194101, 27103283, 1254955918, 31000079, 84153362, 30906699, 29738742, 29738742, 26830763, 240685086, 138355882, 31000079, 31000079, 27219992, 3312860133, 27278932, 25997827, 78369012, 32012548, 32012548, 32012548, 32013892, 32013892, 32013892, 32013892, 31768005, 31768005, 31768005, 31768005, 31768005, 31768005, 31768005, 31768005, 31768005, 31768005, 31601225, 28193675, 28193675, 27511680, 27511680, 26425808, 435307502, 26363542, 26363542, 35334460, 31409793, 31409793, 31409793, 31409793, 28871748, 26851204, 588522950, 26118142, 26118142, 26118142, 26118142, 26118142, 26118142, 26118142, 26118142, 5558453235, 26786947, 237655748, 28875556, 44753829, 25846330, 25846330, 25846330, 440225880, 25846330, 25846330, 25846330, 25846330, 25846330, 25846330, 25846330, 25846330, 25846330, 63301256, 37371425, 31000079, 31000079, 25614678, 456037698, 27511680, 27511680, 26851204, 26851204, 26851204, 26042517, 26042517, 26042517, 26042517, 26042517, 984371283, 30810577, 25916533, 25916533, 25916533, 25916533, 25916533, 25916533, 25916533, 25916533, 25916533, 25916533, 25916533, 25916533, 25916533, 25916533, 55393510, 26042517, 26042517, 26042517, 26042517, 26042517, 26042517, 26042517, 26042517, 26042517, 26042517, 26042517, 26042517, 26042517, 26042517, 26042517, 491435307, 30810577, 30663852, 30663852, 30663852]",0,0,0,NPU,0,0,0,0,0,0,1.0,hot,0,0,0,0,1.0,0
0,65,meta-llama/Llama-3.1-8B,36,274,6067730152,50831513225,44763783073,22263361012,22525909730,93830689,"[26790979, 26790979, 26790979, 108087560, 519823124, 924514907, 26706189, 26706189, 26706189, 26706189, 26706189, 26706189, 26706189, 26706189, 26645180, 470681644, 27512576, 401894759, 112762688, 29498668, 29498668, 29498668, 29498668, 27685307, 26615821, 26615821, 54906110, 28863593, 28863593, 28863593, 28863593, 80448838, 439745263, 27103283, 26164062, 1228791856, 31000079, 84153362, 30906699, 29738742, 29738742, 26830763, 240685086, 138355882, 31000079, 31000079, 27219992, 25782115, 25782115, 3128840024, 25782115, 26464944, 26464944, 26464944, 27278932, 27278932, 25997827, 78369012, 32012548, 32012548, 32012548, 32013892, 32013892, 32013892, 32013892, 31768005, 31768005, 31768005, 31768005, 31768005, 31768005, 31768005, 31768005, 31768005, 31768005, 31601225, 28193675, 28193675, 27511680, 27511680, 26425808, 435307502, 26363542, 26363542, 35334460, 31409793, 31409793, 31409793, 31409793, 28871748, 26851204, 588522950, 26118142, 26118142, 26118142, 26118142, 26118142, 26118142, 26118142, 26118142, 25739482, 25739482, 25857173, 25857173, 25857173, 25857173, 25857173, 2473374523, 25916533, 25916533, 25916533, 25916533, 25916533, 25916533, 25916533, 25916533, 25916533, 25916533, 25916533, 25916533, 25916533, 25916533, 25916533, 2515565888, 26786947, 26097524, 26097524, 26097524, 26097524, 26097524, 26097524, 26097524, 26097524, 28875556, 28875556, 44753829, 25846330, 25846330, 25846330, 440225880, 25846330, 25846330, 25846330, 25846330, 25846330, 25846330, 25846330, 25846330, 25846330, 25916533, 37384723, 37371425, 31000079, 31000079, 25614678, 456037698, 27511680, 27511680, 26851204, 26851204, 26851204, 26042517, 26042517, 26042517, 26042517, 26042517, 25954302, 25954302, 25954302, 25954302, 25954302, 854599773, 30810577, 25916533, 25916533, 25916533, 25916533, 25916533, 25916533, 25916533, 25916533, 25916533, 25916533, 25916533, 25916533, 25916533, 25916533, 55393510, 26042517, 26042517, 26042517, 26042517, 26042517, 26042517, 26042517, 26042517, 26042517, 26042517, 26042517, 26042517, 26042517, 26042517, 26042517, 454253384, 37181923, 30810577, 30663852, 30663852, 30663852, 30410660, 30410660, 30410660, 30410660, 30410660, 30410660, 30410660, 30410660, 30410660, 30410660, 30410660, 30410660, 30410660, 30410660, 30410660, 30410660, 30410660, 30410660, 30410660, 30410660, 30410660, 26774403, 26774403, 26774403, 26774403, 25857173, 28527433, 26447349]",0,0,0,PCIE_NVME,0,6291456,0,6291456,6291456,6291456,1.0,hot,0,0,0,0,1.0,12582912
0,100,meta-llama/Llama-3.1-8B,11,78,9150673710,50894027543,41743353833,24357750002,24500436464,261256323,"[31000079, 84153362, 30906699, 326993333, 138355882, 31000079, 31000079, 3471725896, 32012548, 32012548, 32012548, 32013892, 32013892, 32013892, 32013892, 31768005, 31768005, 31768005, 31768005, 31768005, 31768005, 31768005, 31768005, 31768005, 31768005, 31601225, 661205564, 31409793, 31409793, 31409793, 31409793, 6749716353, 813683096, 37371425, 31000079, 31000079, 1731813216, 30810577, 1300298034, 30810577, 30663852, 30663852, 30663852, 30410660, 30410660, 30410660, 30410660, 30410660, 30410660, 30410660, 30410660, 30410660, 30410660, 30410660, 30410660, 30410660, 30410660, 30410660, 30410660, 30410660, 30410660, 30410660, 30410660, 30410660, 220100484, 30343401]",0,0,0,PCIE_NVME,0,10485760,0,10485760,10485760,10485760,1.0,hot,0,0,0,0,1.0,20971520
0,72,meta-llama/Llama-3.1-8B,4,137,6856786607,51106337171,44249550564,23799008976,24080628139,152794866,"[27512576, 401894759, 112762688, 29498668, 29498668, 29498668, 29498668, 27685307, 108137752, 28863593, 28863593, 28863593, 28863593, 520194101, 27103283, 1254955918, 31000079, 84153362, 30906699, 29738742, 29738742, 26830763, 240685086, 138355882, 31000079, 31000079, 27219992, 3312860133, 27278932, 104366839, 32012548, 32012548, 32012548, 32013892, 32013892, 32013892, 32013892, 31768005, 31768005, 31768005, 31768005, 31768005, 31768005, 31768005, 31768005, 31768005, 31768005, 31601225, 28193675, 28193675, 27511680, 27511680, 26425808, 435307502, 26363542, 26363542, 35334460, 31409793, 31409793, 31409793, 31409793, 28871748, 26851204, 588522950, 26118142, 26118142, 26118142, 26118142, 26118142, 26118142, 26118142, 26118142, 5558453235, 26786947, 237655748, 28875556, 44753829, 813683096, 37371425, 31000079, 31000079, 25614678, 456037698, 27511680, 27511680, 26851204, 26851204, 26851204, 1114583868, 30810577, 1300298034, 30810577, 30663852, 30663852, 30663852, 30410660, 30410660, 30410660, 30410660, 30410660, 30410660, 30410660, 30410660, 30410660, 30410660, 30410660, 30410660, 30410660, 30410660, 30410660, 30410660, 30410660, 30410660, 30410660, 30410660, 30410660, 26774403, 26774403, 26774403, 26774403, 25857173, 28527433, 58618266, 30343401, 27764953, 27764953, 26851204, 26019124, 26097524, 26097524, 25857173, 25857173]",0,0,0,NPU,0,0,0,0,0,0,1.0,hot,0,0,0,0,1.0,0
0,71,meta-llama/Llama-3.1-8B,229,368,6856232865,51278136538,44421903673,23799562718,24081181881,147396534,"[27512576, 401894759, 112762688, 29498668, 29498668, 29498668, 29498668, 27685307, 108137752, 28863593, 28863593, 28863593, 28863593, 520194101, 27103283, 1254955918, 31000079, 84153362, 30906699, 29738742, 29738742, 26830763, 240685086, 138355882, 31000079, 31000079, 27219992, 3312860133, 27278932, 104366839, 32012548, 32012548, 32012548, 32013892, 32013892, 32013892, 32013892, 31768005, 31768005, 31768005, 31768005, 31768005, 31768005, 31768005, 31768005, 31768005, 31768005, 31601225, 28193675, 28193675, 27511680, 27511680, 26425808, 435307502, 26363542, 26363542, 35334460, 31409793, 31409793, 31409793, 31409793, 28871748, 26851204, 588522950, 26118142, 26118142, 26118142, 26118142, 26118142, 26118142, 26118142, 26118142, 5558453235, 26786947, 237655748, 28875556, 44753829, 813683096, 37371425, 31000079, 31000079, 25614678, 456037698, 27511680, 27511680, 26851204, 26851204, 26851204, 1114583868, 30810577, 1300298034, 30810577, 30663852, 30663852, 30663852, 30410660, 30410660, 30410660, 30410660, 30410660, 30410660, 30410660, 30410660, 30410660, 30410660, 30410660, 30410660, 30410660, 30410660, 30410660, 30410660, 30410660, 30410660, 30410660, 30410660, 30410660, 26774403, 26774403, 26774403, 26774403, 25857173, 28527433, 58618266, 30343401, 27764953, 27764953, 26851204, 26019124, 26097524, 26097524, 25857173, 25857173, 30093409, 30093409, 27059851, 26786947, 31811449, 25954302]",0,0,0,NPU,0,0,0,0,0,0,1.0,hot,0,0,0,0,1.0,0
0,110,meta-llama/Llama-3.1-8B,35,98,9889338569,51369915853,41480577284,27828538002,27906907014,218930165,"[32012548, 32012548, 32012548, 32013892, 32013892, 32013892, 32013892, 31768005, 31768005, 31768005, 31768005, 31768005, 31768005, 31768005, 31768005, 31768005, 31768005, 31601225, 661205564, 31409793, 31409793, 31409793, 31409793, 7600770874, 31000079, 31000079, 1731813216, 30810577, 1300298034, 30810577, 30663852, 30663852, 30663852, 30410660, 30410660, 30410660, 30410660, 30410660, 30410660, 30410660, 30410660, 30410660, 30410660, 30410660, 30410660, 30410660, 30410660, 30410660, 30410660, 30410660, 30410660, 30410660, 30410660, 30410660, 220100484, 30343401, 242403037, 30093409, 85658247, 57765751, 29983933, 29983933]",0,0,0,PCIE_NVME,0,25165824,0,25165824,25165824,25165824,1.0,hot,0,0,0,0,1.0,50331648
0,76,meta-llama/Llama-3.1-8B,34,158,7426573616,51548762669,44122189053,23229221967,23510841130,167571934,"[27512576, 401894759, 112762688, 29498668, 29498668, 29498668, 29498668, 27685307, 108137752, 28863593, 28863593, 28863593, 28863593, 1802253302, 31000079, 84153362, 30906699, 29738742, 29738742, 267515849, 138355882, 31000079, 31000079, 27219992, 3312860133, 27278932, 104366839, 32012548, 32012548, 32012548, 32013892, 32013892, 32013892, 32013892, 31768005, 31768005, 31768005, 31768005, 31768005, 31768005, 31768005, 31768005, 31768005, 31768005, 31601225, 28193675, 28193675, 27511680, 27511680, 549794854, 31409793, 31409793, 31409793, 31409793, 28871748, 26851204, 6355921321, 26786947, 237655748, 28875556, 44753829, 813683096, 37371425, 31000079, 31000079, 481652376, 27511680, 27511680, 26851204, 26851204, 26851204, 1114583868, 30810577, 1300298034, 30810577, 30663852, 30663852, 30663852, 30410660, 30410660, 30410660, 30410660, 30410660, 30410660, 30410660, 30410660, 30410660, 30410660, 30410660, 30410660, 30410660, 30410660, 30410660, 30410660, 30410660, 30410660, 30410660, 30410660, 30410660, 26774403, 26774403, 26774403, 26774403, 54384606, 58618266, 30343401, 27764953, 27764953, 26851204, 160021927, 30093409, 27059851, 26786947, 31811449, 57765751, 29983933, 29983933, 29806160, 29806160, 29806160, 29806160, 29806160, 29816016]",0,0,0,NPU,0,0,0,0,0,0,1.0,hot,0,0,0,0,1.0,0
0,74,meta-llama/Llama-3.1-8B,682,824,7148485874,52221636259,45073150385,23507309709,23788928872,150951925,"[27512576, 401894759, 112762688, 29498668, 29498668, 29498668, 29498668, 27685307, 108137752, 28863593, 28863593, 28863593, 28863593, 520194101, 27103283, 1254955918, 31000079, 84153362, 30906699, 29738742, 29738742, 267515849, 138355882, 31000079, 31000079, 27219992, 3312860133, 27278932, 104366839, 32012548, 32012548, 32012548, 32013892, 32013892, 32013892, 32013892, 31768005, 31768005, 31768005, 31768005, 31768005, 31768005, 31768005, 31768005, 31768005, 31768005, 31601225, 28193675, 28193675, 27511680, 27511680, 26425808, 435307502, 88061544, 31409793, 31409793, 31409793, 31409793, 28871748, 26851204, 6355921321, 26786947, 237655748, 28875556, 44753829, 813683096, 37371425, 31000079, 31000079, 25614678, 456037698, 27511680, 27511680, 26851204, 26851204, 26851204, 1114583868, 30810577, 1300298034, 30810577, 30663852, 30663852, 30663852, 30410660, 30410660, 30410660, 30410660, 30410660, 30410660, 30410660, 30410660, 30410660, 30410660, 30410660, 30410660, 30410660, 30410660, 30410660, 30410660, 30410660, 30410660, 30410660, 30410660, 30410660, 26774403, 26774403, 26774403, 26774403, 54384606, 58618266, 30343401, 27764953, 27764953, 26851204, 26019124, 26097524, 26097524, 81807755, 30093409, 27059851, 26786947, 31811449, 57765751, 29983933, 29983933, 29806160, 29806160, 29806160, 29806160, 29806160, 29816016, 29746454, 29746454, 29746454, 29746454, 29746454, 31675710, 27764953, 406973471, 28863593, 28863593]",0,0,0,NPU,0,0,0,0,0,0,1.0,hot,0,0,0,0,1.0,0
0,81,meta-llama/Llama-3.1-8B,28,168,7787453895,52611093435,44823639540,23448569743,23579368186,152836484,"[112762688, 29498668, 29498668, 29498668, 29498668, 135823059, 28863593, 28863593, 28863593, 28863593, 1802253302, 31000079, 84153362, 30906699, 29738742, 29738742, 267515849, 138355882, 31000079, 31000079, 3340080125, 27278932, 104366839, 32012548, 32012548, 32012548, 32013892, 32013892, 32013892, 32013892, 31768005, 31768005, 31768005, 31768005, 31768005, 31768005, 31768005, 31768005, 31768005, 31768005, 31601225, 28193675, 28193675, 27511680, 27511680, 549794854, 31409793, 31409793, 31409793, 31409793, 28871748, 6647215220, 28875556, 44753829, 813683096, 37371425, 31000079, 31000079, 481652376, 27511680, 27511680, 26851204, 26851204, 26851204, 1114583868, 30810577, 1300298034, 30810577, 30663852, 30663852, 30663852, 30410660, 30410660, 30410660, 30410660, 30410660, 30410660, 30410660, 30410660, 30410660, 30410660, 30410660, 30410660, 30410660, 30410660, 30410660, 30410660, 30410660, 30410660, 30410660, 30410660, 30410660, 26774403, 26774403, 26774403, 26774403, 54384606, 58618266, 30343401, 27764953, 27764953, 26851204, 160021927, 30093409, 27059851, 26786947, 31811449, 57765751, 29983933, 29983933, 29806160, 29806160, 29806160, 29806160, 29806160, 29816016, 29746454, 29746454, 29746454, 29746454, 29746454, 31675710, 27764953, 406973471, 28863593, 28863593, 35504712, 29482892, 29482892, 29498668, 29498668, 29498668, 29498668, 29498668, 29498668, 29498668, 29498668, 29498668, 29498668]",0,0,0,NPU,0,0,0,0,0,0,1.0,hot,0,0,0,0,1.0,0
0,106,meta-llama/Llama-3.1-8B,13,107,9680258683,52639957028,42959698345,28037617888,28115986900,159609800,"[32012548, 32012548, 32012548, 32013892, 32013892, 32013892, 32013892, 31768005, 31768005, 31768005, 31768005, 31768005, 31768005, 31768005, 31768005, 31768005, 31768005, 31601225, 661205564, 31409793, 31409793, 31409793, 31409793, 6749716353, 813683096, 37371425, 31000079, 31000079, 1731813216, 30810577, 1300298034, 30810577, 30663852, 30663852, 30663852, 30410660, 30410660, 30410660, 30410660, 30410660, 30410660, 30410660, 30410660, 30410660, 30410660, 30410660, 30410660, 30410660, 30410660, 30410660, 30410660, 30410660, 30410660, 30410660, 30410660, 30410660, 220100484, 30343401, 242403037, 30093409, 85658247, 57765751, 29983933, 29983933, 29806160, 29806160, 29806160, 29806160, 29806160, 29816016, 29746454, 29746454, 29746454, 29746454, 29746454, 31675710, 434738424, 28863593, 28863593, 35504712, 29482892, 29482892, 29498668, 29498668, 29498668, 29498668, 29498668, 29498668, 29498668, 29498668, 29498668, 29498668, 28863593]",0,0,0,PCIE_NVME,0,12582912,0,12582912,12582912,12582912,1.0,hot,0,0,0,0,1.0,25165824
0,61,meta-llama/Llama-3.1-8B,986,1393,5735930675,53088408457,47352477782,22595160489,22857709207,60331942,"[26790979, 26790979, 26790979, 108087560, 26729656, 493093468, 888291644, 36223263, 26706189, 26706189, 26706189, 26706189, 26706189, 26706189, 26706189, 26706189, 26645180, 26573059, 444108585, 27512576, 401894759, 112762688, 29498668, 29498668, 29498668, 29498668, 27685307, 26615821, 26615821, 54906110, 28863593, 28863593, 28863593, 28863593, 26437374, 26437374, 27574090, 439745263, 27103283, 26164062, 26475376, 26475376, 26475376, 1149365728, 31000079, 25884336, 25884336, 32384690, 30906699, 29738742, 29738742, 26830763, 26097524, 214587562, 25884336, 25884336, 25884336, 25884336, 34818538, 31000079, 31000079, 27219992, 25782115, 25782115, 26097524, 26097524, 26097524, 26097524, 26097524, 2998352404, 25782115, 26464944, 26464944, 26464944, 27278932, 27278932, 25997827, 78369012, 32012548, 32012548, 32012548, 32013892, 32013892, 32013892, 32013892, 31768005, 31768005, 31768005, 31768005, 31768005, 31768005, 31768005, 31768005, 31768005, 31768005, 31601225, 28193675, 28193675, 27511680, 27511680, 26425808, 435307502, 26363542, 26363542, 35334460, 31409793, 31409793, 31409793, 31409793, 28871748, 26851204, 25668423, 25668423, 25668423, 25668423, 25668423, 25668423, 434512412, 26118142, 26118142, 26118142, 26118142, 26118142, 26118142, 26118142, 26118142, 25739482, 25739482, 25857173, 25857173, 25857173, 25857173, 25857173, 2473374523, 25916533, 25916533, 25916533, 25916533, 25916533, 25916533, 25916533, 25916533, 25916533, 25916533, 25916533, 25916533, 25916533, 25916533, 25916533, 2515565888, 26786947, 26097524, 26097524, 26097524, 26097524, 26097524, 26097524, 26097524, 26097524, 28875556, 28875556, 44753829, 25846330, 25846330, 25846330, 440225880, 25846330, 25846330, 25846330, 25846330, 25846330, 25846330, 25846330, 25846330, 25846330, 25916533, 37384723, 37371425, 31000079, 31000079, 25614678, 27575815, 26447349, 26447349, 26447349, 26447349, 26447349, 26447349, 26447349, 26447349, 26447349, 26447349, 26447349, 26447349, 26447349, 26447349, 26447349, 31751648, 27511680, 27511680, 26851204, 26851204, 26851204, 26042517, 26042517, 26042517, 26042517, 26042517, 25954302, 25954302, 25954302, 25954302, 25954302, 27575815, 26447349, 26447349, 26447349, 26447349, 26447349, 26447349, 26447349, 26447349, 26447349, 26447349, 26447349, 26447349, 26447349, 26447349, 26447349, 27510758, 26032767, 26032767, 26032767, 26032767, 26253855, 26253855, 26253855, 26253855, 26253855, 26253855, 26253855, 26253855, 26253855, 26253855, 36133347, 30810577, 25916533, 25916533, 25916533, 25916533, 25916533, 25916533, 25916533, 25916533, 25916533, 25916533, 25916533, 25916533, 25916533, 25916533, 26600885, 28792625, 26042517, 26042517, 26042517, 26042517, 26042517, 26042517, 26042517, 26042517, 26042517, 26042517, 26042517, 26042517, 26042517, 26042517, 26042517, 27729351, 26600885, 26600885, 26600885, 26600885, 26600885, 26600885, 26600885, 26600885, 26600885, 26600885, 26600885, 26600885, 26600885, 26600885, 26600885, 27510758, 37181923, 30810577, 30663852, 30663852, 30663852, 30410660, 30410660, 30410660, 30410660, 30410660, 30410660, 30410660, 30410660, 30410660, 30410660, 30410660, 30410660, 30410660, 30410660, 30410660, 30410660, 30410660, 30410660, 30410660, 30410660, 30410660, 26774403, 26774403, 26774403, 26774403, 25857173, 28527433, 26447349, 32170917, 30343401, 27764953, 27764953, 26851204, 26019124, 26097524, 26097524, 25857173, 25857173, 30093409, 30093409, 27059851, 26786947, 31811449, 25954302, 31811449, 29983933, 29983933, 29806160, 29806160, 29806160, 29806160, 29806160, 29816016, 29746454, 29746454, 29746454, 29746454, 29746454, 31675710, 27764953, 26603195, 26603195, 26603195, 26603195, 26603195, 26603195, 26603195, 26851835, 26851835, 26851835, 26851835, 26851835, 26851835, 26851835, 32788261, 28863593, 28863593, 35504712, 29482892, 29482892, 29498668, 29498668, 29498668, 29498668, 29498668, 29498668, 29498668, 29498668, 29498668, 29498668, 28863593, 28875556, 28875556, 28875556, 28875556, 28875556, 28875556, 28875556, 28875556, 28875556, 28875556, 26171806, 25954302, 25954302, 25954302, 25954302, 29706855]",0,0,0,NPU,0,0,0,0,0,0,1.0,hot,0,0,0,0,1.0,0
0,89,meta-llama/Llama-3.1-8B,34,174,8425191154,53284659386,44859468232,22810832484,22941630927,157682282,"[112762688, 29498668, 29498668, 29498668, 29498668, 135823059, 28863593, 28863593, 28863593, 28863593, 1802253302, 31000079, 84153362, 30906699, 29738742, 29738742, 267515849, 138355882, 31000079, 31000079, 3471725896, 32012548, 32012548, 32012548, 32013892, 32013892, 32013892, 32013892, 31768005, 31768005, 31768005, 31768005, 31768005, 31768005, 31768005, 31768005, 31768005, 31768005, 31601225, 28193675, 28193675, 604818214, 31409793, 31409793, 31409793, 31409793, 28871748, 6647215220, 28875556, 44753829, 813683096, 37371425, 31000079, 31000079, 481652376, 27511680, 27511680, 1195137480, 30810577, 1300298034, 30810577, 30663852, 30663852, 30663852, 30410660, 30410660, 30410660, 30410660, 30410660, 30410660, 30410660, 30410660, 30410660, 30410660, 30410660, 30410660, 30410660, 30410660, 30410660, 30410660, 30410660, 30410660, 30410660, 30410660, 30410660, 220100484, 30343401, 27764953, 27764953, 26851204, 160021927, 30093409, 27059851, 58598396, 57765751, 29983933, 29983933, 29806160, 29806160, 29806160, 29806160, 29806160, 29816016, 29746454, 29746454, 29746454, 29746454, 29746454, 31675710, 27764953, 406973471, 28863593, 28863593, 35504712, 29482892, 29482892, 29498668, 29498668, 29498668, 29498668, 29498668, 29498668, 29498668, 29498668, 29498668, 29498668, 28863593, 28875556, 28875556, 28875556, 28875556, 28875556, 28875556, 28875556, 28875556, 28875556, 28875556, 159695869, 196250929]",0,0,0,PCIE_NVME,0,6291456,0,6291456,6291456,6291456,1.0,hot,0,0,0,0,1.0,12582912
0,113,meta-llama/Llama-3.1-8B,21,129,10337503120,53631022502,43293519382,27380373451,27458742463,147988569,"[32012548, 32012548, 32012548, 32013892, 32013892, 32013892, 32013892, 31768005, 31768005, 31768005, 31768005, 31768005, 31768005, 31768005, 31768005, 31768005, 31768005, 31601225, 661205564, 31409793, 31409793, 31409793, 31409793, 7600770874, 31000079, 31000079, 3062921827, 30810577, 30663852, 30663852, 30663852, 30410660, 30410660, 30410660, 30410660, 30410660, 30410660, 30410660, 30410660, 30410660, 30410660, 30410660, 30410660, 30410660, 30410660, 30410660, 30410660, 30410660, 30410660, 30410660, 30410660, 30410660, 220100484, 30343401, 242403037, 30093409, 143423998, 29983933, 29983933, 29806160, 29806160, 29806160, 29806160, 29806160, 29816016, 29746454, 29746454, 29746454, 29746454, 29746454, 559646032, 29482892, 29482892, 29498668, 29498668, 29498668, 29498668, 29498668, 29498668, 29498668, 29498668, 29498668, 29498668, 28863593, 28875556, 28875556, 28875556, 28875556, 28875556, 28875556, 28875556, 28875556, 28875556, 28875556, 355946798, 28863593, 28863593, 28863593, 28863593, 28863593, 28863593, 28863593, 28863593, 28863593, 28863593, 28863593, 28863593]",0,0,0,PCIE_NVME,0,69206016,0,69206016,69206016,69206016,1.0,hot,0,0,0,0,1.0,138412032
0,78,meta-llama/Llama-3.1-8B,7,191,7478655809,53969782474,46491126665,23757367829,23888166272,123513444,"[112762688, 29498668, 29498668, 29498668, 29498668, 27685307, 108137752, 28863593, 28863593, 28863593, 28863593, 1802253302, 31000079, 84153362, 30906699, 29738742, 29738742, 267515849, 138355882, 31000079, 31000079, 27219992, 3312860133, 27278932, 104366839, 32012548, 32012548, 32012548, 32013892, 32013892, 32013892, 32013892, 31768005, 31768005, 31768005, 31768005, 31768005, 31768005, 31768005, 31768005, 31768005, 31768005, 31601225, 28193675, 28193675, 27511680, 27511680, 549794854, 31409793, 31409793, 31409793, 31409793, 28871748, 26851204, 6355921321, 26786947, 237655748, 28875556, 44753829, 813683096, 37371425, 31000079, 31000079, 481652376, 27511680, 27511680, 26851204, 26851204, 26851204, 1114583868, 30810577, 1300298034, 30810577, 30663852, 30663852, 30663852, 30410660, 30410660, 30410660, 30410660, 30410660, 30410660, 30410660, 30410660, 30410660, 30410660, 30410660, 30410660, 30410660, 30410660, 30410660, 30410660, 30410660, 30410660, 30410660, 30410660, 30410660, 26774403, 26774403, 26774403, 26774403, 54384606, 58618266, 30343401, 27764953, 27764953, 26851204, 160021927, 30093409, 27059851, 26786947, 31811449, 57765751, 29983933, 29983933, 29806160, 29806160, 29806160, 29806160, 29806160, 29816016, 29746454, 29746454, 29746454, 29746454, 29746454, 31675710, 27764953, 406973471, 28863593, 28863593, 35504712, 29482892, 29482892, 29498668, 29498668, 29498668, 29498668, 29498668, 29498668, 29498668, 29498668, 29498668, 29498668, 28863593, 28875556, 28875556, 28875556, 28875556, 28875556, 28875556, 28875556, 28875556, 28875556, 28875556, 26171806, 133524063, 196250929, 28863593, 28863593, 28863593, 28863593, 28863593, 28863593, 28863593, 28863593, 28863593, 28863593, 28863593, 28863593, 28875556, 28875556, 25546260, 25546260, 25546260, 25546260, 25546260, 25546260, 25546260, 25546260, 25546260, 25546260, 25546260]",0,0,0,NPU,0,0,0,0,0,0,1.0,hot,0,0,0,0,1.0,0
0,104,meta-llama/Llama-3.1-8B,23,173,9598756604,55622493922,46023737318,24628944387,24663762925,143355532,"[31000079, 31000079, 3471725896, 32012548, 32012548, 32012548, 32013892, 32013892, 32013892, 32013892, 31768005, 31768005, 31768005, 31768005, 31768005, 31768005, 31768005, 31768005, 31768005, 31768005, 31601225, 661205564, 31409793, 31409793, 31409793, 31409793, 6749716353, 813683096, 37371425, 31000079, 31000079, 1731813216, 30810577, 1300298034, 30810577, 30663852, 30663852, 30663852, 30410660, 30410660, 30410660, 30410660, 30410660, 30410660, 30410660, 30410660, 30410660, 30410660, 30410660, 30410660, 30410660, 30410660, 30410660, 30410660, 30410660, 30410660, 30410660, 30410660, 30410660, 220100484, 30343401, 242403037, 30093409, 85658247, 57765751, 29983933, 29983933, 29806160, 29806160, 29806160, 29806160, 29806160, 29816016, 29746454, 29746454, 29746454, 29746454, 29746454, 31675710, 434738424, 28863593, 28863593, 35504712, 29482892, 29482892, 29498668, 29498668, 29498668, 29498668, 29498668, 29498668, 29498668, 29498668, 29498668, 29498668, 28863593, 28875556, 28875556, 28875556, 28875556, 28875556, 28875556, 28875556, 28875556, 28875556, 28875556, 355946798, 28863593, 28863593, 28863593, 28863593, 28863593, 28863593, 28863593, 28863593, 28863593, 28863593, 28863593, 28863593, 28875556, 28875556, 309689576, 28680716, 28680716, 27764953, 890449822, 28193675, 28193675, 28193675, 28193675, 28193675, 28193675, 28193675, 28193675, 28193675, 28193675, 28193675, 28193675, 28193675, 28193675, 28193675, 28193675, 28193675, 28193675, 28193675, 28193675, 28193675, 28193675, 28193675]",0,0,0,PCIE_NVME,0,12582912,0,12582912,12582912,12582912,1.0,hot,0,0,0,0,1.0,25165824
0,73,meta-llama/Llama-3.1-8B,16,302,7025776284,57057805832,50032029548,23630019299,23911638462,91650495,"[27512576, 401894759, 112762688, 29498668, 29498668, 29498668, 29498668, 27685307, 108137752, 28863593, 28863593, 28863593, 28863593, 520194101, 27103283, 1254955918, 31000079, 84153362, 30906699, 29738742, 29738742, 26830763, 240685086, 138355882, 31000079, 31000079, 27219992, 3312860133, 27278932, 104366839, 32012548, 32012548, 32012548, 32013892, 32013892, 32013892, 32013892, 31768005, 31768005, 31768005, 31768005, 31768005, 31768005, 31768005, 31768005, 31768005, 31768005, 31601225, 28193675, 28193675, 27511680, 27511680, 26425808, 435307502, 26363542, 26363542, 35334460, 31409793, 31409793, 31409793, 31409793, 28871748, 26851204, 6355921321, 26786947, 237655748, 28875556, 44753829, 813683096, 37371425, 31000079, 31000079, 25614678, 456037698, 27511680, 27511680, 26851204, 26851204, 26851204, 1114583868, 30810577, 1300298034, 30810577, 30663852, 30663852, 30663852, 30410660, 30410660, 30410660, 30410660, 30410660, 30410660, 30410660, 30410660, 30410660, 30410660, 30410660, 30410660, 30410660, 30410660, 30410660, 30410660, 30410660, 30410660, 30410660, 30410660, 30410660, 26774403, 26774403, 26774403, 26774403, 54384606, 58618266, 30343401, 27764953, 27764953, 26851204, 26019124, 26097524, 26097524, 25857173, 25857173, 30093409, 30093409, 27059851, 26786947, 31811449, 57765751, 29983933, 29983933, 29806160, 29806160, 29806160, 29806160, 29806160, 29816016, 29746454, 29746454, 29746454, 29746454, 29746454, 31675710, 27764953, 406973471, 28863593, 28863593, 35504712, 29482892, 29482892, 29498668, 29498668, 29498668, 29498668, 29498668, 29498668, 29498668, 29498668, 29498668, 29498668, 28863593, 28875556, 28875556, 28875556, 28875556, 28875556, 28875556, 28875556, 28875556, 28875556, 28875556, 26171806, 25954302, 25954302, 25954302, 25954302, 29706855, 196250929, 28863593, 28863593, 28863593, 28863593, 28863593, 28863593, 28863593, 28863593, 28863593, 28863593, 28863593, 28863593, 28875556, 28875556, 25546260, 25546260, 25546260, 25546260, 25546260, 25546260, 25546260, 25546260, 25546260, 25546260, 25546260, 28680716, 28680716, 28680716, 27764953, 25485022, 864964800, 28193675, 28193675, 28193675, 28193675, 28193675, 28193675, 28193675, 28193675, 28193675, 28193675, 28193675, 28193675, 28193675, 28193675, 28193675, 28193675, 28193675, 28193675, 28193675, 28193675, 28193675, 28193675, 28193675, 28272208, 28272208, 28272208, 28272208, 28272208, 28272208, 28272208, 28272208, 25138869, 25138869, 25138869, 25138869, 25138869, 25138869, 25138869, 25138869, 25138869, 25138869, 25138869, 25138869, 25138869, 25138869, 25138869, 25138869, 33780199, 28107904, 28107904, 28107904, 28107904, 28107904, 28114176, 26786947, 26019124, 26019124, 26019124, 26019124, 25739482, 25465799, 25465799, 25465799, 30711615, 26425808, 26425808, 26425808, 26425808, 26118142, 26118142, 26118142, 26118142, 26118142, 26118142, 26118142, 26118142, 26118142]",0,0,0,NPU,0,0,0,0,0,0,1.0,hot,0,0,0,0,1.0,0
0,67,meta-llama/Llama-3.1-8B,19,444,6244968325,57440088611,51195120286,22086122839,22348671557,68034077,"[26790979, 26790979, 26790979, 1552425591, 26706189, 26706189, 26706189, 26706189, 26706189, 26706189, 26706189, 26706189, 497326824, 27512576, 401894759, 112762688, 29498668, 29498668, 29498668, 29498668, 27685307, 26615821, 26615821, 54906110, 28863593, 28863593, 28863593, 28863593, 520194101, 27103283, 1254955918, 31000079, 84153362, 30906699, 29738742, 29738742, 26830763, 240685086, 138355882, 31000079, 31000079, 27219992, 25782115, 25782115, 3128840024, 25782115, 106673764, 27278932, 25997827, 78369012, 32012548, 32012548, 32012548, 32013892, 32013892, 32013892, 32013892, 31768005, 31768005, 31768005, 31768005, 31768005, 31768005, 31768005, 31768005, 31768005, 31768005, 31601225, 28193675, 28193675, 27511680, 27511680, 26425808, 435307502, 26363542, 26363542, 35334460, 31409793, 31409793, 31409793, 31409793, 28871748, 26851204, 588522950, 26118142, 26118142, 26118142, 26118142, 26118142, 26118142, 26118142, 26118142, 5558453235, 26786947, 26097524, 26097524, 26097524, 26097524, 26097524, 26097524, 26097524, 26097524, 28875556, 28875556, 44753829, 25846330, 25846330, 25846330, 440225880, 25846330, 25846330, 25846330, 25846330, 25846330, 25846330, 25846330, 25846330, 25846330, 25916533, 37384723, 37371425, 31000079, 31000079, 25614678, 456037698, 27511680, 27511680, 26851204, 26851204, 26851204, 26042517, 26042517, 26042517, 26042517, 26042517, 25954302, 25954302, 25954302, 25954302, 25954302, 854599773, 30810577, 25916533, 25916533, 25916533, 25916533, 25916533, 25916533, 25916533, 25916533, 25916533, 25916533, 25916533, 25916533, 25916533, 25916533, 55393510, 26042517, 26042517, 26042517, 26042517, 26042517, 26042517, 26042517, 26042517, 26042517, 26042517, 26042517, 26042517, 26042517, 26042517, 26042517, 491435307, 30810577, 30663852, 30663852, 30663852, 30410660, 30410660, 30410660, 30410660, 30410660, 30410660, 30410660, 30410660, 30410660, 30410660, 30410660, 30410660, 30410660, 30410660, 30410660, 30410660, 30410660, 30410660, 30410660, 30410660, 30410660, 26774403, 26774403, 26774403, 26774403, 25857173, 28527433, 58618266, 30343401, 27764953, 27764953, 26851204, 26019124, 26097524, 26097524, 25857173, 25857173, 30093409, 30093409, 27059851, 26786947, 31811449, 25954302, 31811449, 29983933, 29983933, 29806160, 29806160, 29806160, 29806160, 29806160, 29816016, 29746454, 29746454, 29746454, 29746454, 29746454, 31675710, 27764953, 406973471, 28863593, 28863593, 35504712, 29482892, 29482892, 29498668, 29498668, 29498668, 29498668, 29498668, 29498668, 29498668, 29498668, 29498668, 29498668, 28863593, 28875556, 28875556, 28875556, 28875556, 28875556, 28875556, 28875556, 28875556, 28875556, 28875556, 26171806, 25954302, 25954302, 25954302, 25954302, 29706855, 196250929, 28863593, 28863593, 28863593, 28863593, 28863593, 28863593, 28863593, 28863593, 28863593, 28863593, 28863593, 28863593, 28875556, 28875556, 25546260, 25546260, 25546260, 25546260, 25546260, 25546260, 25546260, 25546260, 25546260, 25546260, 25546260, 28680716, 28680716, 28680716, 27764953, 25485022, 26433287, 25304821, 25304821, 25304821, 25304821, 25304821, 25304821, 25304821, 25304821, 25304821, 25304821, 25304821, 25304821, 25304821, 25304821, 25304821, 26315543, 25536603, 25536603, 25536603, 25536603, 25536603, 25536603, 25536603, 25536603, 25536603, 25536603, 25536603, 25536603, 25536603, 25536603, 25536603, 49594610, 28193675, 28193675, 28193675, 28193675, 28193675, 28193675, 28193675, 28193675, 28193675, 28193675, 28193675, 28193675, 28193675, 28193675, 28193675, 28193675, 28193675, 28193675, 28193675, 28193675, 28193675, 28193675, 28193675, 28272208, 28272208, 28272208, 28272208, 28272208, 28272208, 28272208, 28272208, 25138869, 25138869, 25138869, 25138869, 25138869, 25138869, 25138869, 25138869, 25138869, 25138869, 25138869, 25138869, 25138869, 25138869, 25138869, 25138869, 33780199, 28107904, 28107904, 28107904, 28107904, 28107904, 28114176, 26786947, 26019124, 26019124, 26019124, 26019124, 25739482, 25465799, 25465799, 25465799, 30711615, 26425808, 26425808, 26425808, 26425808, 26118142, 26118142, 26118142, 26118142, 26118142, 26118142, 26118142, 26118142, 26118142, 31690989, 27766321, 31697813, 26520888, 26520888, 26520888, 26445624, 26445624, 26445624, 26445624, 26445624, 26445624, 26445624, 26445624]",0,0,0,PCIE_NVME,0,8388608,0,8388608,8388608,8388608,1.0,hot,0,0,0,0,1.0,16777216
0,93,meta-llama/Llama-3.1-8B,12,197,8788269051,57503735548,48715466497,24720154661,24862841123,129633833,"[31000079, 84153362, 30906699, 326993333, 138355882, 31000079, 31000079, 3471725896, 32012548, 32012548, 32012548, 32013892, 32013892, 32013892, 32013892, 31768005, 31768005, 31768005, 31768005, 31768005, 31768005, 31768005, 31768005, 31768005, 31768005, 31601225, 661205564, 31409793, 31409793, 31409793, 31409793, 28871748, 6647215220, 28875556, 44753829, 813683096, 37371425, 31000079, 31000079, 481652376, 1250160840, 30810577, 1300298034, 30810577, 30663852, 30663852, 30663852, 30410660, 30410660, 30410660, 30410660, 30410660, 30410660, 30410660, 30410660, 30410660, 30410660, 30410660, 30410660, 30410660, 30410660, 30410660, 30410660, 30410660, 30410660, 30410660, 30410660, 30410660, 220100484, 30343401, 27764953, 27764953, 186873131, 30093409, 85658247, 57765751, 29983933, 29983933, 29806160, 29806160, 29806160, 29806160, 29806160, 29816016, 29746454, 29746454, 29746454, 29746454, 29746454, 31675710, 27764953, 406973471, 28863593, 28863593, 35504712, 29482892, 29482892, 29498668, 29498668, 29498668, 29498668, 29498668, 29498668, 29498668, 29498668, 29498668, 29498668, 28863593, 28875556, 28875556, 28875556, 28875556, 28875556, 28875556, 28875556, 28875556, 28875556, 28875556, 159695869, 196250929, 28863593, 28863593, 28863593, 28863593, 28863593, 28863593, 28863593, 28863593, 28863593, 28863593, 28863593, 28863593, 28875556, 28875556, 309689576, 28680716, 28680716, 27764953, 890449822, 28193675, 28193675, 28193675, 28193675, 28193675, 28193675, 28193675, 28193675, 28193675, 28193675, 28193675, 28193675, 28193675, 28193675, 28193675, 28193675, 28193675, 28193675, 28193675, 28193675, 28193675, 28193675, 28193675, 28272208, 28272208, 28272208, 28272208, 28272208, 28272208, 28272208, 28272208, 436002103, 28107904, 28107904, 28107904, 28107904, 28107904, 28114176, 26786947, 236924990, 372457499, 27766321, 31697813, 328411051, 26363542]",0,0,0,NPU,0,0,0,0,0,0,1.0,hot,0,0,0,0,1.0,0
0,70,meta-llama/Llama-3.1-8B,7,364,6834078921,57864731158,51030652237,23821716662,24103335825,75638529,"[27512576, 401894759, 112762688, 29498668, 29498668, 29498668, 29498668, 27685307, 108137752, 28863593, 28863593, 28863593, 28863593, 520194101, 27103283, 1254955918, 31000079, 84153362, 30906699, 29738742, 29738742, 26830763, 240685086, 138355882, 31000079, 31000079, 27219992, 3312860133, 27278932, 104366839, 32012548, 32012548, 32012548, 32013892, 32013892, 32013892, 32013892, 31768005, 31768005, 31768005, 31768005, 31768005, 31768005, 31768005, 31768005, 31768005, 31768005, 31601225, 28193675, 28193675, 27511680, 27511680, 26425808, 435307502, 26363542, 26363542, 35334460, 31409793, 31409793, 31409793, 31409793, 28871748, 26851204, 588522950, 26118142, 26118142, 26118142, 26118142, 26118142, 26118142, 26118142, 26118142, 5558453235, 26786947, 237655748, 28875556, 44753829, 813683096, 37371425, 31000079, 31000079, 25614678, 456037698, 27511680, 27511680, 26851204, 26851204, 26851204, 1114583868, 30810577, 25916533, 25916533, 25916533, 25916533, 25916533, 25916533, 25916533, 25916533, 25916533, 25916533, 25916533, 25916533, 25916533, 25916533, 55393510, 26042517, 26042517, 26042517, 26042517, 26042517, 26042517, 26042517, 26042517, 26042517, 26042517, 26042517, 26042517, 26042517, 26042517, 26042517, 491435307, 30810577, 30663852, 30663852, 30663852, 30410660, 30410660, 30410660, 30410660, 30410660, 30410660, 30410660, 30410660, 30410660, 30410660, 30410660, 30410660, 30410660, 30410660, 30410660, 30410660, 30410660, 30410660, 30410660, 30410660, 30410660, 26774403, 26774403, 26774403, 26774403, 25857173, 28527433, 58618266, 30343401, 27764953, 27764953, 26851204, 26019124, 26097524, 26097524, 25857173, 25857173, 30093409, 30093409, 27059851, 26786947, 31811449, 25954302, 31811449, 29983933, 29983933, 29806160, 29806160, 29806160, 29806160, 29806160, 29816016, 29746454, 29746454, 29746454, 29746454, 29746454, 31675710, 27764953, 406973471, 28863593, 28863593, 35504712, 29482892, 29482892, 29498668, 29498668, 29498668, 29498668, 29498668, 29498668, 29498668, 29498668, 29498668, 29498668, 28863593, 28875556, 28875556, 28875556, 28875556, 28875556, 28875556, 28875556, 28875556, 28875556, 28875556, 26171806, 25954302, 25954302, 25954302, 25954302, 29706855, 196250929, 28863593, 28863593, 28863593, 28863593, 28863593, 28863593, 28863593, 28863593, 28863593, 28863593, 28863593, 28863593, 28875556, 28875556, 25546260, 25546260, 25546260, 25546260, 25546260, 25546260, 25546260, 25546260, 25546260, 25546260, 25546260, 28680716, 28680716, 28680716, 27764953, 25485022, 864964800, 28193675, 28193675, 28193675, 28193675, 28193675, 28193675, 28193675, 28193675, 28193675, 28193675, 28193675, 28193675, 28193675, 28193675, 28193675, 28193675, 28193675, 28193675, 28193675, 28193675, 28193675, 28193675, 28193675, 28272208, 28272208, 28272208, 28272208, 28272208, 28272208, 28272208, 28272208, 25138869, 25138869, 25138869, 25138869, 25138869, 25138869, 25138869, 25138869, 25138869, 25138869, 25138869, 25138869, 25138869, 25138869, 25138869, 25138869, 33780199, 28107904, 28107904, 28107904, 28107904, 28107904, 28114176, 26786947, 26019124, 26019124, 26019124, 26019124, 25739482, 25465799, 25465799, 25465799, 30711615, 26425808, 26425808, 26425808, 26425808, 26118142, 26118142, 26118142, 26118142, 26118142, 26118142, 26118142, 26118142, 26118142, 31690989, 27766321, 31697813, 26520888, 26520888, 26520888, 26445624, 26445624, 26445624, 26445624, 26445624, 26445624, 26445624, 26445624, 37283395, 26363542, 27773145, 27773145, 25454110, 25454110, 25454110, 25454110, 25454110, 25454110, 25454110, 25454110, 25454110, 25454110, 25454110, 25454110]",0,0,0,NPU,0,0,0,0,0,0,1.0,hot,0,0,0,0,1.0,0
0,96,meta-llama/Llama-3.1-8B,256,442,9077707403,57975472386,48897764983,24430716309,24573402771,131483038,"[31000079, 84153362, 30906699, 326993333, 138355882, 31000079, 31000079, 3471725896, 32012548, 32012548, 32012548, 32013892, 32013892, 32013892, 32013892, 31768005, 31768005, 31768005, 31768005, 31768005, 31768005, 31768005, 31768005, 31768005, 31768005, 31601225, 661205564, 31409793, 31409793, 31409793, 31409793, 6676086968, 28875556, 44753829, 813683096, 37371425, 31000079, 31000079, 481652376, 1250160840, 30810577, 1300298034, 30810577, 30663852, 30663852, 30663852, 30410660, 30410660, 30410660, 30410660, 30410660, 30410660, 30410660, 30410660, 30410660, 30410660, 30410660, 30410660, 30410660, 30410660, 30410660, 30410660, 30410660, 30410660, 30410660, 30410660, 30410660, 220100484, 30343401, 27764953, 27764953, 186873131, 30093409, 85658247, 57765751, 29983933, 29983933, 29806160, 29806160, 29806160, 29806160, 29806160, 29816016, 29746454, 29746454, 29746454, 29746454, 29746454, 31675710, 27764953, 406973471, 28863593, 28863593, 35504712, 29482892, 29482892, 29498668, 29498668, 29498668, 29498668, 29498668, 29498668, 29498668, 29498668, 29498668, 29498668, 28863593, 28875556, 28875556, 28875556, 28875556, 28875556, 28875556, 28875556, 28875556, 28875556, 28875556, 355946798, 28863593, 28863593, 28863593, 28863593, 28863593, 28863593, 28863593, 28863593, 28863593, 28863593, 28863593, 28863593, 28875556, 28875556, 309689576, 28680716, 28680716, 27764953, 890449822, 28193675, 28193675, 28193675, 28193675, 28193675, 28193675, 28193675, 28193675, 28193675, 28193675, 28193675, 28193675, 28193675, 28193675, 28193675, 28193675, 28193675, 28193675, 28193675, 28193675, 28193675, 28193675, 28193675, 28272208, 28272208, 28272208, 28272208, 28272208, 28272208, 28272208, 28272208, 436002103, 28107904, 28107904, 28107904, 28107904, 28107904, 28114176, 636169436, 27766321, 31697813, 328411051, 54136687, 27773145, 333134627, 27685307, 27685307, 27685307]",0,0,0,NPU,0,0,0,0,0,0,1.0,hot,0,0,0,0,1.0,0
0,77,meta-llama/Llama-3.1-8B,4,290,7434266542,58030497538,50596230996,23801757096,23932555539,93556755,"[112762688, 29498668, 29498668, 29498668, 29498668, 27685307, 108137752, 28863593, 28863593, 28863593, 28863593, 1802253302, 31000079, 84153362, 30906699, 29738742, 29738742, 267515849, 138355882, 31000079, 31000079, 27219992, 3312860133, 27278932, 104366839, 32012548, 32012548, 32012548, 32013892, 32013892, 32013892, 32013892, 31768005, 31768005, 31768005, 31768005, 31768005, 31768005, 31768005, 31768005, 31768005, 31768005, 31601225, 28193675, 28193675, 27511680, 27511680, 549794854, 31409793, 31409793, 31409793, 31409793, 28871748, 26851204, 6355921321, 26786947, 237655748, 28875556, 44753829, 813683096, 37371425, 31000079, 31000079, 481652376, 27511680, 27511680, 26851204, 26851204, 26851204, 1114583868, 30810577, 1300298034, 30810577, 30663852, 30663852, 30663852, 30410660, 30410660, 30410660, 30410660, 30410660, 30410660, 30410660, 30410660, 30410660, 30410660, 30410660, 30410660, 30410660, 30410660, 30410660, 30410660, 30410660, 30410660, 30410660, 30410660, 30410660, 26774403, 26774403, 26774403, 26774403, 54384606, 58618266, 30343401, 27764953, 27764953, 26851204, 160021927, 30093409, 27059851, 26786947, 31811449, 57765751, 29983933, 29983933, 29806160, 29806160, 29806160, 29806160, 29806160, 29816016, 29746454, 29746454, 29746454, 29746454, 29746454, 31675710, 27764953, 406973471, 28863593, 28863593, 35504712, 29482892, 29482892, 29498668, 29498668, 29498668, 29498668, 29498668, 29498668, 29498668, 29498668, 29498668, 29498668, 28863593, 28875556, 28875556, 28875556, 28875556, 28875556, 28875556, 28875556, 28875556, 28875556, 28875556, 26171806, 133524063, 196250929, 28863593, 28863593, 28863593, 28863593, 28863593, 28863593, 28863593, 28863593, 28863593, 28863593, 28863593, 28863593, 28875556, 28875556, 25546260, 25546260, 25546260, 25546260, 25546260, 25546260, 25546260, 25546260, 25546260, 25546260, 25546260, 28680716, 28680716, 28680716, 27764953, 890449822, 28193675, 28193675, 28193675, 28193675, 28193675, 28193675, 28193675, 28193675, 28193675, 28193675, 28193675, 28193675, 28193675, 28193675, 28193675, 28193675, 28193675, 28193675, 28193675, 28193675, 28193675, 28193675, 28193675, 28272208, 28272208, 28272208, 28272208, 28272208, 28272208, 28272208, 28272208, 436002103, 28107904, 28107904, 28107904, 28107904, 28107904, 28114176, 26786947, 26019124, 26019124, 26019124, 26019124, 25739482, 25465799, 25465799, 25465799, 30711615, 26425808, 26425808, 26425808, 26425808, 26118142, 26118142, 26118142, 26118142, 26118142, 26118142, 26118142, 26118142, 26118142, 31690989, 27766321, 31697813, 26520888, 26520888, 26520888, 26445624, 26445624, 26445624, 26445624, 26445624, 26445624, 26445624, 26445624, 37283395, 26363542, 27773145, 27773145, 25454110, 25454110, 25454110, 25454110, 25454110, 25454110, 25454110, 25454110, 25454110, 25454110, 25454110, 25454110, 27685307, 27685307, 27685307, 27685307, 27512576, 27512576]",0,0,0,NPU,0,0,0,0,0,0,1.0,hot,0,0,0,0,1.0,0
0,109,meta-llama/Llama-3.1-8B,8,204,9855124539,58685191906,48830067367,27862752032,27941121044,107122801,"[32012548, 32012548, 32012548, 32013892, 32013892, 32013892, 32013892, 31768005, 31768005, 31768005, 31768005, 31768005, 31768005, 31768005, 31768005, 31768005, 31768005, 31601225, 661205564, 31409793, 31409793, 31409793, 31409793, 7563399449, 37371425, 31000079, 31000079, 1731813216, 30810577, 1300298034, 30810577, 30663852, 30663852, 30663852, 30410660, 30410660, 30410660, 30410660, 30410660, 30410660, 30410660, 30410660, 30410660, 30410660, 30410660, 30410660, 30410660, 30410660, 30410660, 30410660, 30410660, 30410660, 30410660, 30410660, 30410660, 220100484, 30343401, 242403037, 30093409, 85658247, 57765751, 29983933, 29983933, 29806160, 29806160, 29806160, 29806160, 29806160, 29816016, 29746454, 29746454, 29746454, 29746454, 29746454, 31675710, 434738424, 28863593, 28863593, 35504712, 29482892, 29482892, 29498668, 29498668, 29498668, 29498668, 29498668, 29498668, 29498668, 29498668, 29498668, 29498668, 28863593, 28875556, 28875556, 28875556, 28875556, 28875556, 28875556, 28875556, 28875556, 28875556, 28875556, 355946798, 28863593, 28863593, 28863593, 28863593, 28863593, 28863593, 28863593, 28863593, 28863593, 28863593, 28863593, 28863593, 28875556, 28875556, 309689576, 28680716, 28680716, 918214775, 28193675, 28193675, 28193675, 28193675, 28193675, 28193675, 28193675, 28193675, 28193675, 28193675, 28193675, 28193675, 28193675, 28193675, 28193675, 28193675, 28193675, 28193675, 28193675, 28193675, 28193675, 28193675, 28193675, 28272208, 28272208, 28272208, 28272208, 28272208, 28272208, 28272208, 28272208, 436002103, 28107904, 28107904, 28107904, 28107904, 28107904, 28114176, 636169436, 27766321, 31697813, 328411051, 54136687, 27773145, 333134627, 27685307, 27685307, 27685307, 27512576, 27512576, 27278932, 27278932, 27278932, 27278932, 27278932, 27278932, 27278932, 27278932, 27278932, 27278932, 27278932, 27278932, 27278932, 27278932, 27278932, 27278932, 27278932, 27278932, 27278932, 27278932, 27278932, 27278932, 27278932, 27278932]",0,0,0,PCIE_NVME,0,4194304,0,4194304,4194304,4194304,1.0,hot,0,0,0,0,1.0,8388608
0,75,meta-llama/Llama-3.1-8B,12,341,7279052164,58984752266,51705700102,23376743419,23658362582,85510175,"[27512576, 401894759, 112762688, 29498668, 29498668, 29498668, 29498668, 27685307, 108137752, 28863593, 28863593, 28863593, 28863593, 520194101, 27103283, 1254955918, 31000079, 84153362, 30906699, 29738742, 29738742, 267515849, 138355882, 31000079, 31000079, 27219992, 3312860133, 27278932, 104366839, 32012548, 32012548, 32012548, 32013892, 32013892, 32013892, 32013892, 31768005, 31768005, 31768005, 31768005, 31768005, 31768005, 31768005, 31768005, 31768005, 31768005, 31601225, 28193675, 28193675, 27511680, 27511680, 549794854, 31409793, 31409793, 31409793, 31409793, 28871748, 26851204, 6355921321, 26786947, 237655748, 28875556, 44753829, 813683096, 37371425, 31000079, 31000079, 481652376, 27511680, 27511680, 26851204, 26851204, 26851204, 1114583868, 30810577, 1300298034, 30810577, 30663852, 30663852, 30663852, 30410660, 30410660, 30410660, 30410660, 30410660, 30410660, 30410660, 30410660, 30410660, 30410660, 30410660, 30410660, 30410660, 30410660, 30410660, 30410660, 30410660, 30410660, 30410660, 30410660, 30410660, 26774403, 26774403, 26774403, 26774403, 54384606, 58618266, 30343401, 27764953, 27764953, 26851204, 26019124, 26097524, 26097524, 81807755, 30093409, 27059851, 26786947, 31811449, 57765751, 29983933, 29983933, 29806160, 29806160, 29806160, 29806160, 29806160, 29816016, 29746454, 29746454, 29746454, 29746454, 29746454, 31675710, 27764953, 406973471, 28863593, 28863593, 35504712, 29482892, 29482892, 29498668, 29498668, 29498668, 29498668, 29498668, 29498668, 29498668, 29498668, 29498668, 29498668, 28863593, 28875556, 28875556, 28875556, 28875556, 28875556, 28875556, 28875556, 28875556, 28875556, 28875556, 26171806, 133524063, 196250929, 28863593, 28863593, 28863593, 28863593, 28863593, 28863593, 28863593, 28863593, 28863593, 28863593, 28863593, 28863593, 28875556, 28875556, 25546260, 25546260, 25546260, 25546260, 25546260, 25546260, 25546260, 25546260, 25546260, 25546260, 25546260, 28680716, 28680716, 28680716, 27764953, 25485022, 864964800, 28193675, 28193675, 28193675, 28193675, 28193675, 28193675, 28193675, 28193675, 28193675, 28193675, 28193675, 28193675, 28193675, 28193675, 28193675, 28193675, 28193675, 28193675, 28193675, 28193675, 28193675, 28193675, 28193675, 28272208, 28272208, 28272208, 28272208, 28272208, 28272208, 28272208, 28272208, 436002103, 28107904, 28107904, 28107904, 28107904, 28107904, 28114176, 26786947, 26019124, 26019124, 26019124, 26019124, 25739482, 25465799, 25465799, 25465799, 30711615, 26425808, 26425808, 26425808, 26425808, 26118142, 26118142, 26118142, 26118142, 26118142, 26118142, 26118142, 26118142, 26118142, 31690989, 27766321, 31697813, 26520888, 26520888, 26520888, 26445624, 26445624, 26445624, 26445624, 26445624, 26445624, 26445624, 26445624, 37283395, 26363542, 27773145, 27773145, 25454110, 25454110, 25454110, 25454110, 25454110, 25454110, 25454110, 25454110, 25454110, 25454110, 25454110, 25454110, 27685307, 27685307, 27685307, 27685307, 27512576, 27512576, 27278932, 27278932, 27278932, 27278932, 27278932, 27278932, 27278932, 27278932, 27278932, 27278932, 27278932, 27278932, 27278932, 27278932, 27278932, 27278932, 27278932, 27278932, 27278932, 27278932, 27278932, 27278932, 27278932, 27278932, 27232760, 27232760, 27232760, 27232760, 27232760, 27232760, 27232760, 27232760, 27232760, 27232760, 27232760]",0,0,0,NPU,0,0,0,0,0,0,1.0,hot,0,0,0,0,1.0,0
0,85,meta-llama/Llama-3.1-8B,6,296,7910782837,59336672929,51425890092,23325240801,23456039244,96781490,"[112762688, 29498668, 29498668, 29498668, 29498668, 135823059, 28863593, 28863593, 28863593, 28863593, 1802253302, 31000079, 84153362, 30906699, 29738742, 29738742, 267515849, 138355882, 31000079, 31000079, 3471725896, 32012548, 32012548, 32012548, 32013892, 32013892, 32013892, 32013892, 31768005, 31768005, 31768005, 31768005, 31768005, 31768005, 31768005, 31768005, 31768005, 31768005, 31601225, 28193675, 28193675, 604818214, 31409793, 31409793, 31409793, 31409793, 28871748, 6647215220, 28875556, 44753829, 813683096, 37371425, 31000079, 31000079, 481652376, 27511680, 27511680, 1195137480, 30810577, 1300298034, 30810577, 30663852, 30663852, 30663852, 30410660, 30410660, 30410660, 30410660, 30410660, 30410660, 30410660, 30410660, 30410660, 30410660, 30410660, 30410660, 30410660, 30410660, 30410660, 30410660, 30410660, 30410660, 30410660, 30410660, 30410660, 26774403, 26774403, 26774403, 26774403, 54384606, 58618266, 30343401, 27764953, 27764953, 26851204, 160021927, 30093409, 27059851, 26786947, 31811449, 57765751, 29983933, 29983933, 29806160, 29806160, 29806160, 29806160, 29806160, 29816016, 29746454, 29746454, 29746454, 29746454, 29746454, 31675710, 27764953, 406973471, 28863593, 28863593, 35504712, 29482892, 29482892, 29498668, 29498668, 29498668, 29498668, 29498668, 29498668, 29498668, 29498668, 29498668, 29498668, 28863593, 28875556, 28875556, 28875556, 28875556, 28875556, 28875556, 28875556, 28875556, 28875556, 28875556, 159695869, 196250929, 28863593, 28863593, 28863593, 28863593, 28863593, 28863593, 28863593, 28863593, 28863593, 28863593, 28863593, 28863593, 28875556, 28875556, 309689576, 28680716, 28680716, 27764953, 890449822, 28193675, 28193675, 28193675, 28193675, 28193675, 28193675, 28193675, 28193675, 28193675, 28193675, 28193675, 28193675, 28193675, 28193675, 28193675, 28193675, 28193675, 28193675, 28193675, 28193675, 28193675, 28193675, 28193675, 28272208, 28272208, 28272208, 28272208, 28272208, 28272208, 28272208, 28272208, 436002103, 28107904, 28107904, 28107904, 28107904, 28107904, 28114176, 26786947, 236924990, 26425808, 26425808, 26425808, 26425808, 26118142, 26118142, 26118142, 26118142, 26118142, 26118142, 26118142, 26118142, 26118142, 31690989, 27766321, 31697813, 26520888, 26520888, 26520888, 26445624, 26445624, 26445624, 26445624, 26445624, 26445624, 26445624, 26445624, 37283395, 26363542, 27773145, 27773145, 333134627, 27685307, 27685307, 27685307, 27512576, 27512576, 27278932, 27278932, 27278932, 27278932, 27278932, 27278932, 27278932, 27278932, 27278932, 27278932, 27278932, 27278932, 27278932, 27278932, 27278932, 27278932, 27278932, 27278932, 27278932, 27278932, 27278932, 27278932, 27278932, 27278932, 27232760, 27232760, 27232760, 27232760, 27232760, 27232760, 27232760, 27232760, 27232760, 27232760, 27232760, 27103283, 27103283, 27103283, 27103283, 27103283, 27103283, 27103283, 27103283, 27103283, 26997779, 26997779, 26997779, 26997779]",0,0,0,NPU,0,0,0,0,0,0,1.0,hot,0,0,0,0,1.0,0
0,87,meta-llama/Llama-3.1-8B,42,327,8143059350,59336672929,51193613579,23092964288,23223762731,98485390,"[112762688, 29498668, 29498668, 29498668, 29498668, 135823059, 28863593, 28863593, 28863593, 28863593, 1802253302, 31000079, 84153362, 30906699, 29738742, 29738742, 267515849, 138355882, 31000079, 31000079, 3471725896, 32012548, 32012548, 32012548, 32013892, 32013892, 32013892, 32013892, 31768005, 31768005, 31768005, 31768005, 31768005, 31768005, 31768005, 31768005, 31768005, 31768005, 31601225, 28193675, 28193675, 604818214, 31409793, 31409793, 31409793, 31409793, 28871748, 6647215220, 28875556, 44753829, 813683096, 37371425, 31000079, 31000079, 481652376, 27511680, 27511680, 1195137480, 30810577, 1300298034, 30810577, 30663852, 30663852, 30663852, 30410660, 30410660, 30410660, 30410660, 30410660, 30410660, 30410660, 30410660, 30410660, 30410660, 30410660, 30410660, 30410660, 30410660, 30410660, 30410660, 30410660, 30410660, 30410660, 30410660, 30410660, 220100484, 30343401, 27764953, 27764953, 26851204, 160021927, 30093409, 27059851, 26786947, 31811449, 57765751, 29983933, 29983933, 29806160, 29806160, 29806160, 29806160, 29806160, 29816016, 29746454, 29746454, 29746454, 29746454, 29746454, 31675710, 27764953, 406973471, 28863593, 28863593, 35504712, 29482892, 29482892, 29498668, 29498668, 29498668, 29498668, 29498668, 29498668, 29498668, 29498668, 29498668, 29498668, 28863593, 28875556, 28875556, 28875556, 28875556, 28875556, 28875556, 28875556, 28875556, 28875556, 28875556, 159695869, 196250929, 28863593, 28863593, 28863593, 28863593, 28863593, 28863593, 28863593, 28863593, 28863593, 28863593, 28863593, 28863593, 28875556, 28875556, 309689576, 28680716, 28680716, 27764953, 890449822, 28193675, 28193675, 28193675, 28193675, 28193675, 28193675, 28193675, 28193675, 28193675, 28193675, 28193675, 28193675, 28193675, 28193675, 28193675, 28193675, 28193675, 28193675, 28193675, 28193675, 28193675, 28193675, 28193675, 28272208, 28272208, 28272208, 28272208, 28272208, 28272208, 28272208, 28272208, 436002103, 28107904, 28107904, 28107904, 28107904, 28107904, 28114176, 26786947, 236924990, 26425808, 26425808, 26425808, 26425808, 26118142, 26118142, 26118142, 26118142, 26118142, 26118142, 26118142, 26118142, 26118142, 31690989, 27766321, 31697813, 26520888, 26520888, 26520888, 26445624, 26445624, 26445624, 26445624, 26445624, 26445624, 26445624, 26445624, 37283395, 26363542, 27773145, 27773145, 333134627, 27685307, 27685307, 27685307, 27512576, 27512576, 27278932, 27278932, 27278932, 27278932, 27278932, 27278932, 27278932, 27278932, 27278932, 27278932, 27278932, 27278932, 27278932, 27278932, 27278932, 27278932, 27278932, 27278932, 27278932, 27278932, 27278932, 27278932, 27278932, 27278932, 27232760, 27232760, 27232760, 27232760, 27232760, 27232760, 27232760, 27232760, 27232760, 27232760, 27232760, 27103283, 27103283, 27103283, 27103283, 27103283, 27103283, 27103283, 27103283, 27103283, 26997779, 26997779, 26997779, 26997779]",0,0,0,PCIE_NVME,0,8388608,0,8388608,8388608,8388608,1.0,hot,0,0,0,0,1.0,16777216
0,82,meta-llama/Llama-3.1-8B,75,376,7827635775,59390192745,51562556970,23408387863,23539186306,93411235,"[112762688, 29498668, 29498668, 29498668, 29498668, 135823059, 28863593, 28863593, 28863593, 28863593, 1802253302, 31000079, 84153362, 30906699, 29738742, 29738742, 267515849, 138355882, 31000079, 31000079, 3471725896, 32012548, 32012548, 32012548, 32013892, 32013892, 32013892, 32013892, 31768005, 31768005, 31768005, 31768005, 31768005, 31768005, 31768005, 31768005, 31768005, 31768005, 31601225, 28193675, 28193675, 27511680, 27511680, 549794854, 31409793, 31409793, 31409793, 31409793, 28871748, 6647215220, 28875556, 44753829, 813683096, 37371425, 31000079, 31000079, 481652376, 27511680, 27511680, 26851204, 26851204, 26851204, 1114583868, 30810577, 1300298034, 30810577, 30663852, 30663852, 30663852, 30410660, 30410660, 30410660, 30410660, 30410660, 30410660, 30410660, 30410660, 30410660, 30410660, 30410660, 30410660, 30410660, 30410660, 30410660, 30410660, 30410660, 30410660, 30410660, 30410660, 30410660, 26774403, 26774403, 26774403, 26774403, 54384606, 58618266, 30343401, 27764953, 27764953, 26851204, 160021927, 30093409, 27059851, 26786947, 31811449, 57765751, 29983933, 29983933, 29806160, 29806160, 29806160, 29806160, 29806160, 29816016, 29746454, 29746454, 29746454, 29746454, 29746454, 31675710, 27764953, 406973471, 28863593, 28863593, 35504712, 29482892, 29482892, 29498668, 29498668, 29498668, 29498668, 29498668, 29498668, 29498668, 29498668, 29498668, 29498668, 28863593, 28875556, 28875556, 28875556, 28875556, 28875556, 28875556, 28875556, 28875556, 28875556, 28875556, 159695869, 196250929, 28863593, 28863593, 28863593, 28863593, 28863593, 28863593, 28863593, 28863593, 28863593, 28863593, 28863593, 28863593, 28875556, 28875556, 309689576, 28680716, 28680716, 27764953, 890449822, 28193675, 28193675, 28193675, 28193675, 28193675, 28193675, 28193675, 28193675, 28193675, 28193675, 28193675, 28193675, 28193675, 28193675, 28193675, 28193675, 28193675, 28193675, 28193675, 28193675, 28193675, 28193675, 28193675, 28272208, 28272208, 28272208, 28272208, 28272208, 28272208, 28272208, 28272208, 436002103, 28107904, 28107904, 28107904, 28107904, 28107904, 28114176, 26786947, 26019124, 26019124, 26019124, 26019124, 132848494, 26425808, 26425808, 26425808, 26425808, 26118142, 26118142, 26118142, 26118142, 26118142, 26118142, 26118142, 26118142, 26118142, 31690989, 27766321, 31697813, 26520888, 26520888, 26520888, 26445624, 26445624, 26445624, 26445624, 26445624, 26445624, 26445624, 26445624, 37283395, 26363542, 27773145, 27773145, 333134627, 27685307, 27685307, 27685307, 27512576, 27512576, 27278932, 27278932, 27278932, 27278932, 27278932, 27278932, 27278932, 27278932, 27278932, 27278932, 27278932, 27278932, 27278932, 27278932, 27278932, 27278932, 27278932, 27278932, 27278932, 27278932, 27278932, 27278932, 27278932, 27278932, 27232760, 27232760, 27232760, 27232760, 27232760, 27232760, 27232760, 27232760, 27232760, 27232760, 27232760, 27103283, 27103283, 27103283, 27103283, 27103283, 27103283, 27103283, 27103283, 27103283, 26997779, 26997779, 26997779, 26997779, 26759908, 26759908]",0,0,0,NPU,0,0,0,0,0,0,1.0,hot,0,0,0,0,1.0,0
0,97,meta-llama/Llama-3.1-8B,156,393,9133488822,59494334644,50360845822,24374934890,24517621352,109505188,"[31000079, 84153362, 30906699, 326993333, 138355882, 31000079, 31000079, 3471725896, 32012548, 32012548, 32012548, 32013892, 32013892, 32013892, 32013892, 31768005, 31768005, 31768005, 31768005, 31768005, 31768005, 31768005, 31768005, 31768005, 31768005, 31601225, 661205564, 31409793, 31409793, 31409793, 31409793, 6749716353, 813683096, 37371425, 31000079, 31000079, 481652376, 1250160840, 30810577, 1300298034, 30810577, 30663852, 30663852, 30663852, 30410660, 30410660, 30410660, 30410660, 30410660, 30410660, 30410660, 30410660, 30410660, 30410660, 30410660, 30410660, 30410660, 30410660, 30410660, 30410660, 30410660, 30410660, 30410660, 30410660, 30410660, 220100484, 30343401, 242403037, 30093409, 85658247, 57765751, 29983933, 29983933, 29806160, 29806160, 29806160, 29806160, 29806160, 29816016, 29746454, 29746454, 29746454, 29746454, 29746454, 31675710, 27764953, 406973471, 28863593, 28863593, 35504712, 29482892, 29482892, 29498668, 29498668, 29498668, 29498668, 29498668, 29498668, 29498668, 29498668, 29498668, 29498668, 28863593, 28875556, 28875556, 28875556, 28875556, 28875556, 28875556, 28875556, 28875556, 28875556, 28875556, 355946798, 28863593, 28863593, 28863593, 28863593, 28863593, 28863593, 28863593, 28863593, 28863593, 28863593, 28863593, 28863593, 28875556, 28875556, 309689576, 28680716, 28680716, 27764953, 890449822, 28193675, 28193675, 28193675, 28193675, 28193675, 28193675, 28193675, 28193675, 28193675, 28193675, 28193675, 28193675, 28193675, 28193675, 28193675, 28193675, 28193675, 28193675, 28193675, 28193675, 28193675, 28193675, 28193675, 28272208, 28272208, 28272208, 28272208, 28272208, 28272208, 28272208, 28272208, 436002103, 28107904, 28107904, 28107904, 28107904, 28107904, 28114176, 636169436, 27766321, 31697813, 328411051, 54136687, 27773145, 333134627, 27685307, 27685307, 27685307, 27512576, 27512576, 27278932, 27278932, 27278932, 27278932, 27278932, 27278932, 27278932, 27278932, 27278932, 27278932, 27278932, 27278932, 27278932, 27278932, 27278932, 27278932, 27278932, 27278932, 27278932, 27278932, 27278932, 27278932, 27278932, 27278932, 27232760, 27232760, 27232760, 27232760, 27232760, 27232760, 27232760, 27232760, 27232760, 27232760, 27232760, 27103283, 27103283, 27103283, 27103283, 27103283, 27103283, 27103283, 27103283, 27103283, 26997779, 26997779, 26997779, 26997779, 26759908, 26759908, 50146341, 26997779, 26997779]",0,0,0,PCIE_NVME,0,48234496,0,48234496,48234496,48234496,1.0,hot,0,0,0,0,1.0,96468992
0,84,meta-llama/Llama-3.1-8B,31,338,7871451416,59683030753,51811579337,23364572222,23495370665,92536629,"[112762688, 29498668, 29498668, 29498668, 29498668, 135823059, 28863593, 28863593, 28863593, 28863593, 1802253302, 31000079, 84153362, 30906699, 29738742, 29738742, 267515849, 138355882, 31000079, 31000079, 3471725896, 32012548, 32012548, 32012548, 32013892, 32013892, 32013892, 32013892, 31768005, 31768005, 31768005, 31768005, 31768005, 31768005, 31768005, 31768005, 31768005, 31768005, 31601225, 28193675, 28193675, 27511680, 27511680, 549794854, 31409793, 31409793, 31409793, 31409793, 28871748, 6647215220, 28875556, 44753829, 813683096, 37371425, 31000079, 31000079, 481652376, 27511680, 27511680, 26851204, 26851204, 26851204, 1114583868, 30810577, 1300298034, 30810577, 30663852, 30663852, 30663852, 30410660, 30410660, 30410660, 30410660, 30410660, 30410660, 30410660, 30410660, 30410660, 30410660, 30410660, 30410660, 30410660, 30410660, 30410660, 30410660, 30410660, 30410660, 30410660, 30410660, 30410660, 26774403, 26774403, 26774403, 26774403, 54384606, 58618266, 30343401, 27764953, 27764953, 26851204, 160021927, 30093409, 27059851, 26786947, 31811449, 57765751, 29983933, 29983933, 29806160, 29806160, 29806160, 29806160, 29806160, 29816016, 29746454, 29746454, 29746454, 29746454, 29746454, 31675710, 27764953, 406973471, 28863593, 28863593, 35504712, 29482892, 29482892, 29498668, 29498668, 29498668, 29498668, 29498668, 29498668, 29498668, 29498668, 29498668, 29498668, 28863593, 28875556, 28875556, 28875556, 28875556, 28875556, 28875556, 28875556, 28875556, 28875556, 28875556, 159695869, 196250929, 28863593, 28863593, 28863593, 28863593, 28863593, 28863593, 28863593, 28863593, 28863593, 28863593, 28863593, 28863593, 28875556, 28875556, 309689576, 28680716, 28680716, 27764953, 890449822, 28193675, 28193675, 28193675, 28193675, 28193675, 28193675, 28193675, 28193675, 28193675, 28193675, 28193675, 28193675, 28193675, 28193675, 28193675, 28193675, 28193675, 28193675, 28193675, 28193675, 28193675, 28193675, 28193675, 28272208, 28272208, 28272208, 28272208, 28272208, 28272208, 28272208, 28272208, 436002103, 28107904, 28107904, 28107904, 28107904, 28107904, 28114176, 26786947, 236924990, 26425808, 26425808, 26425808, 26425808, 26118142, 26118142, 26118142, 26118142, 26118142, 26118142, 26118142, 26118142, 26118142, 31690989, 27766321, 31697813, 26520888, 26520888, 26520888, 26445624, 26445624, 26445624, 26445624, 26445624, 26445624, 26445624, 26445624, 37283395, 26363542, 27773145, 27773145, 333134627, 27685307, 27685307, 27685307, 27512576, 27512576, 27278932, 27278932, 27278932, 27278932, 27278932, 27278932, 27278932, 27278932, 27278932, 27278932, 27278932, 27278932, 27278932, 27278932, 27278932, 27278932, 27278932, 27278932, 27278932, 27278932, 27278932, 27278932, 27278932, 27278932, 27232760, 27232760, 27232760, 27232760, 27232760, 27232760, 27232760, 27232760, 27232760, 27232760, 27232760, 27103283, 27103283, 27103283, 27103283, 27103283, 27103283, 27103283, 27103283, 27103283, 26997779, 26997779, 26997779, 26997779, 26759908, 26759908, 50146341, 26997779, 26997779, 26956587, 26956587, 26956587, 26956587, 26956587, 26956587, 26956587]",0,0,0,NPU,0,0,0,0,0,0,1.0,hot,0,0,0,0,1.0,0
0,107,meta-llama/Llama-3.1-8B,25,267,9821133597,59923869925,50102736328,27896742974,27975111986,91815868,"[32012548, 32012548, 32012548, 32013892, 32013892, 32013892, 32013892, 31768005, 31768005, 31768005, 31768005, 31768005, 31768005, 31768005, 31768005, 31768005, 31768005, 31601225, 661205564, 31409793, 31409793, 31409793, 31409793, 7563399449, 37371425, 31000079, 31000079, 1731813216, 30810577, 1300298034, 30810577, 30663852, 30663852, 30663852, 30410660, 30410660, 30410660, 30410660, 30410660, 30410660, 30410660, 30410660, 30410660, 30410660, 30410660, 30410660, 30410660, 30410660, 30410660, 30410660, 30410660, 30410660, 30410660, 30410660, 30410660, 220100484, 30343401, 242403037, 30093409, 85658247, 57765751, 29983933, 29983933, 29806160, 29806160, 29806160, 29806160, 29806160, 29816016, 29746454, 29746454, 29746454, 29746454, 29746454, 31675710, 434738424, 28863593, 28863593, 35504712, 29482892, 29482892, 29498668, 29498668, 29498668, 29498668, 29498668, 29498668, 29498668, 29498668, 29498668, 29498668, 28863593, 28875556, 28875556, 28875556, 28875556, 28875556, 28875556, 28875556, 28875556, 28875556, 28875556, 355946798, 28863593, 28863593, 28863593, 28863593, 28863593, 28863593, 28863593, 28863593, 28863593, 28863593, 28863593, 28863593, 28875556, 28875556, 309689576, 28680716, 28680716, 27764953, 890449822, 28193675, 28193675, 28193675, 28193675, 28193675, 28193675, 28193675, 28193675, 28193675, 28193675, 28193675, 28193675, 28193675, 28193675, 28193675, 28193675, 28193675, 28193675, 28193675, 28193675, 28193675, 28193675, 28193675, 28272208, 28272208, 28272208, 28272208, 28272208, 28272208, 28272208, 28272208, 436002103, 28107904, 28107904, 28107904, 28107904, 28107904, 28114176, 636169436, 27766321, 31697813, 328411051, 54136687, 27773145, 333134627, 27685307, 27685307, 27685307, 27512576, 27512576, 27278932, 27278932, 27278932, 27278932, 27278932, 27278932, 27278932, 27278932, 27278932, 27278932, 27278932, 27278932, 27278932, 27278932, 27278932, 27278932, 27278932, 27278932, 27278932, 27278932, 27278932, 27278932, 27278932, 27278932, 27232760, 27232760, 27232760, 27232760, 27232760, 27232760, 27232760, 27232760, 27232760, 27232760, 27232760, 27103283, 27103283, 27103283, 27103283, 27103283, 27103283, 27103283, 27103283, 27103283, 26997779, 26997779, 26997779, 26997779, 26759908, 26759908, 50146341, 26997779, 26997779, 26956587, 26956587, 26956587, 26956587, 26956587, 26956587, 26956587, 26759908, 26759908, 26759908, 26759908, 26759908, 26759908, 26759908, 26759908, 26759908]",0,0,0,PCIE_NVME,0,8388608,0,8388608,8388608,8388608,1.0,hot,0,0,0,0,1.0,16777216
0,79,meta-llama/Llama-3.1-8B,42,392,7490970819,59950596848,52459626029,23745052819,23875851262,81901933,"[112762688, 29498668, 29498668, 29498668, 29498668, 135823059, 28863593, 28863593, 28863593, 28863593, 1802253302, 31000079, 84153362, 30906699, 29738742, 29738742, 267515849, 138355882, 31000079, 31000079, 27219992, 3312860133, 27278932, 104366839, 32012548, 32012548, 32012548, 32013892, 32013892, 32013892, 32013892, 31768005, 31768005, 31768005, 31768005, 31768005, 31768005, 31768005, 31768005, 31768005, 31768005, 31601225, 28193675, 28193675, 27511680, 27511680, 549794854, 31409793, 31409793, 31409793, 31409793, 28871748, 26851204, 6620364016, 28875556, 44753829, 813683096, 37371425, 31000079, 31000079, 481652376, 27511680, 27511680, 26851204, 26851204, 26851204, 1114583868, 30810577, 1300298034, 30810577, 30663852, 30663852, 30663852, 30410660, 30410660, 30410660, 30410660, 30410660, 30410660, 30410660, 30410660, 30410660, 30410660, 30410660, 30410660, 30410660, 30410660, 30410660, 30410660, 30410660, 30410660, 30410660, 30410660, 30410660, 26774403, 26774403, 26774403, 26774403, 54384606, 58618266, 30343401, 27764953, 27764953, 26851204, 160021927, 30093409, 27059851, 26786947, 31811449, 57765751, 29983933, 29983933, 29806160, 29806160, 29806160, 29806160, 29806160, 29816016, 29746454, 29746454, 29746454, 29746454, 29746454, 31675710, 27764953, 406973471, 28863593, 28863593, 35504712, 29482892, 29482892, 29498668, 29498668, 29498668, 29498668, 29498668, 29498668, 29498668, 29498668, 29498668, 29498668, 28863593, 28875556, 28875556, 28875556, 28875556, 28875556, 28875556, 28875556, 28875556, 28875556, 28875556, 26171806, 133524063, 196250929, 28863593, 28863593, 28863593, 28863593, 28863593, 28863593, 28863593, 28863593, 28863593, 28863593, 28863593, 28863593, 28875556, 28875556, 25546260, 25546260, 25546260, 25546260, 25546260, 25546260, 25546260, 25546260, 25546260, 25546260, 25546260, 28680716, 28680716, 28680716, 27764953, 890449822, 28193675, 28193675, 28193675, 28193675, 28193675, 28193675, 28193675, 28193675, 28193675, 28193675, 28193675, 28193675, 28193675, 28193675, 28193675, 28193675, 28193675, 28193675, 28193675, 28193675, 28193675, 28193675, 28193675, 28272208, 28272208, 28272208, 28272208, 28272208, 28272208, 28272208, 28272208, 436002103, 28107904, 28107904, 28107904, 28107904, 28107904, 28114176, 26786947, 26019124, 26019124, 26019124, 26019124, 25739482, 107109012, 26425808, 26425808, 26425808, 26425808, 26118142, 26118142, 26118142, 26118142, 26118142, 26118142, 26118142, 26118142, 26118142, 31690989, 27766321, 31697813, 26520888, 26520888, 26520888, 26445624, 26445624, 26445624, 26445624, 26445624, 26445624, 26445624, 26445624, 37283395, 26363542, 27773145, 27773145, 25454110, 25454110, 25454110, 25454110, 25454110, 25454110, 25454110, 25454110, 25454110, 25454110, 25454110, 25454110, 27685307, 27685307, 27685307, 27685307, 27512576, 27512576, 27278932, 27278932, 27278932, 27278932, 27278932, 27278932, 27278932, 27278932, 27278932, 27278932, 27278932, 27278932, 27278932, 27278932, 27278932, 27278932, 27278932, 27278932, 27278932, 27278932, 27278932, 27278932, 27278932, 27278932, 27232760, 27232760, 27232760, 27232760, 27232760, 27232760, 27232760, 27232760, 27232760, 27232760, 27232760, 27103283, 27103283, 27103283, 27103283, 27103283, 27103283, 27103283, 27103283, 27103283, 26997779, 26997779, 26997779, 26997779, 26759908, 26759908, 50146341, 26997779, 26997779, 26956587, 26956587, 26956587, 26956587, 26956587, 26956587, 26956587, 26759908, 26759908, 26759908, 26759908, 26759908, 26759908, 26759908, 26759908, 26759908, 26726923]",0,0,0,NPU,0,0,0,0,0,0,1.0,hot,0,0,0,0,1.0,0
0,101,meta-llama/Llama-3.1-8B,11,263,9251846665,59950596848,50698750183,24256577047,24399263509,104778831,"[31000079, 84153362, 30906699, 326993333, 138355882, 31000079, 31000079, 3471725896, 32012548, 32012548, 32012548, 32013892, 32013892, 32013892, 32013892, 31768005, 31768005, 31768005, 31768005, 31768005, 31768005, 31768005, 31768005, 31768005, 31768005, 31601225, 661205564, 31409793, 31409793, 31409793, 31409793, 6749716353, 813683096, 37371425, 31000079, 31000079, 1731813216, 30810577, 1300298034, 30810577, 30663852, 30663852, 30663852, 30410660, 30410660, 30410660, 30410660, 30410660, 30410660, 30410660, 30410660, 30410660, 30410660, 30410660, 30410660, 30410660, 30410660, 30410660, 30410660, 30410660, 30410660, 30410660, 30410660, 30410660, 220100484, 30343401, 242403037, 30093409, 85658247, 57765751, 29983933, 29983933, 29806160, 29806160, 29806160, 29806160, 29806160, 29816016, 29746454, 29746454, 29746454, 29746454, 29746454, 31675710, 434738424, 28863593, 28863593, 35504712, 29482892, 29482892, 29498668, 29498668, 29498668, 29498668, 29498668, 29498668, 29498668, 29498668, 29498668, 29498668, 28863593, 28875556, 28875556, 28875556, 28875556, 28875556, 28875556, 28875556, 28875556, 28875556, 28875556, 355946798, 28863593, 28863593, 28863593, 28863593, 28863593, 28863593, 28863593, 28863593, 28863593, 28863593, 28863593, 28863593, 28875556, 28875556, 309689576, 28680716, 28680716, 27764953, 890449822, 28193675, 28193675, 28193675, 28193675, 28193675, 28193675, 28193675, 28193675, 28193675, 28193675, 28193675, 28193675, 28193675, 28193675, 28193675, 28193675, 28193675, 28193675, 28193675, 28193675, 28193675, 28193675, 28193675, 28272208, 28272208, 28272208, 28272208, 28272208, 28272208, 28272208, 28272208, 436002103, 28107904, 28107904, 28107904, 28107904, 28107904, 28114176, 636169436, 27766321, 31697813, 328411051, 54136687, 27773145, 333134627, 27685307, 27685307, 27685307, 27512576, 27512576, 27278932, 27278932, 27278932, 27278932, 27278932, 27278932, 27278932, 27278932, 27278932, 27278932, 27278932, 27278932, 27278932, 27278932, 27278932, 27278932, 27278932, 27278932, 27278932, 27278932, 27278932, 27278932, 27278932, 27278932, 27232760, 27232760, 27232760, 27232760, 27232760, 27232760, 27232760, 27232760, 27232760, 27232760, 27232760, 27103283, 27103283, 27103283, 27103283, 27103283, 27103283, 27103283, 27103283, 27103283, 26997779, 26997779, 26997779, 26997779, 26759908, 26759908, 50146341, 26997779, 26997779, 26956587, 26956587, 26956587, 26956587, 26956587, 26956587, 26956587, 26759908, 26759908, 26759908, 26759908, 26759908, 26759908, 26759908, 26759908, 26759908, 26726923]",0,0,0,PCIE_NVME,0,10485760,0,10485760,10485760,10485760,1.0,hot,0,0,0,0,1.0,20971520
0,86,meta-llama/Llama-3.1-8B,6,323,8041570415,60254324762,52212754347,23194453223,23325251666,91416147,"[112762688, 29498668, 29498668, 29498668, 29498668, 135823059, 28863593, 28863593, 28863593, 28863593, 1802253302, 31000079, 84153362, 30906699, 29738742, 29738742, 267515849, 138355882, 31000079, 31000079, 3471725896, 32012548, 32012548, 32012548, 32013892, 32013892, 32013892, 32013892, 31768005, 31768005, 31768005, 31768005, 31768005, 31768005, 31768005, 31768005, 31768005, 31768005, 31601225, 28193675, 28193675, 604818214, 31409793, 31409793, 31409793, 31409793, 28871748, 6647215220, 28875556, 44753829, 813683096, 37371425, 31000079, 31000079, 481652376, 27511680, 27511680, 1195137480, 30810577, 1300298034, 30810577, 30663852, 30663852, 30663852, 30410660, 30410660, 30410660, 30410660, 30410660, 30410660, 30410660, 30410660, 30410660, 30410660, 30410660, 30410660, 30410660, 30410660, 30410660, 30410660, 30410660, 30410660, 30410660, 30410660, 30410660, 26774403, 26774403, 26774403, 26774403, 113002872, 30343401, 27764953, 27764953, 26851204, 160021927, 30093409, 27059851, 26786947, 31811449, 57765751, 29983933, 29983933, 29806160, 29806160, 29806160, 29806160, 29806160, 29816016, 29746454, 29746454, 29746454, 29746454, 29746454, 31675710, 27764953, 406973471, 28863593, 28863593, 35504712, 29482892, 29482892, 29498668, 29498668, 29498668, 29498668, 29498668, 29498668, 29498668, 29498668, 29498668, 29498668, 28863593, 28875556, 28875556, 28875556, 28875556, 28875556, 28875556, 28875556, 28875556, 28875556, 28875556, 159695869, 196250929, 28863593, 28863593, 28863593, 28863593, 28863593, 28863593, 28863593, 28863593, 28863593, 28863593, 28863593, 28863593, 28875556, 28875556, 309689576, 28680716, 28680716, 27764953, 890449822, 28193675, 28193675, 28193675, 28193675, 28193675, 28193675, 28193675, 28193675, 28193675, 28193675, 28193675, 28193675, 28193675, 28193675, 28193675, 28193675, 28193675, 28193675, 28193675, 28193675, 28193675, 28193675, 28193675, 28272208, 28272208, 28272208, 28272208, 28272208, 28272208, 28272208, 28272208, 436002103, 28107904, 28107904, 28107904, 28107904, 28107904, 28114176, 26786947, 236924990, 26425808, 26425808, 26425808, 26425808, 26118142, 26118142, 26118142, 26118142, 26118142, 26118142, 26118142, 26118142, 26118142, 31690989, 27766321, 31697813, 26520888, 26520888, 26520888, 26445624, 26445624, 26445624, 26445624, 26445624, 26445624, 26445624, 26445624, 37283395, 26363542, 27773145, 27773145, 333134627, 27685307, 27685307, 27685307, 27512576, 27512576, 27278932, 27278932, 27278932, 27278932, 27278932, 27278932, 27278932, 27278932, 27278932, 27278932, 27278932, 27278932, 27278932, 27278932, 27278932, 27278932, 27278932, 27278932, 27278932, 27278932, 27278932, 27278932, 27278932, 27278932, 27232760, 27232760, 27232760, 27232760, 27232760, 27232760, 27232760, 27232760, 27232760, 27232760, 27232760, 27103283, 27103283, 27103283, 27103283, 27103283, 27103283, 27103283, 27103283, 27103283, 26997779, 26997779, 26997779, 26997779, 26759908, 26759908, 50146341, 26997779, 26997779, 26956587, 26956587, 26956587, 26956587, 26956587, 26956587, 26956587, 26759908, 26759908, 26759908, 26759908, 26759908, 26759908, 26759908, 26759908, 26759908, 26726923, 170251899, 26695203, 26695203, 26695203, 26695203, 26695203]",0,0,0,PCIE_NVME,0,4194304,0,4194304,4194304,4194304,1.0,hot,0,0,0,0,1.0,8388608
0,94,meta-llama/Llama-3.1-8B,9,279,8935658047,60334352961,51398694914,24572765665,24715452127,99194211,"[31000079, 84153362, 30906699, 326993333, 138355882, 31000079, 31000079, 3471725896, 32012548, 32012548, 32012548, 32013892, 32013892, 32013892, 32013892, 31768005, 31768005, 31768005, 31768005, 31768005, 31768005, 31768005, 31768005, 31768005, 31768005, 31601225, 661205564, 31409793, 31409793, 31409793, 31409793, 28871748, 6647215220, 28875556, 44753829, 813683096, 37371425, 31000079, 31000079, 481652376, 1250160840, 30810577, 1300298034, 30810577, 30663852, 30663852, 30663852, 30410660, 30410660, 30410660, 30410660, 30410660, 30410660, 30410660, 30410660, 30410660, 30410660, 30410660, 30410660, 30410660, 30410660, 30410660, 30410660, 30410660, 30410660, 30410660, 30410660, 30410660, 220100484, 30343401, 27764953, 27764953, 186873131, 30093409, 85658247, 57765751, 29983933, 29983933, 29806160, 29806160, 29806160, 29806160, 29806160, 29816016, 29746454, 29746454, 29746454, 29746454, 29746454, 31675710, 27764953, 406973471, 28863593, 28863593, 35504712, 29482892, 29482892, 29498668, 29498668, 29498668, 29498668, 29498668, 29498668, 29498668, 29498668, 29498668, 29498668, 28863593, 28875556, 28875556, 28875556, 28875556, 28875556, 28875556, 28875556, 28875556, 28875556, 28875556, 355946798, 28863593, 28863593, 28863593, 28863593, 28863593, 28863593, 28863593, 28863593, 28863593, 28863593, 28863593, 28863593, 28875556, 28875556, 309689576, 28680716, 28680716, 27764953, 890449822, 28193675, 28193675, 28193675, 28193675, 28193675, 28193675, 28193675, 28193675, 28193675, 28193675, 28193675, 28193675, 28193675, 28193675, 28193675, 28193675, 28193675, 28193675, 28193675, 28193675, 28193675, 28193675, 28193675, 28272208, 28272208, 28272208, 28272208, 28272208, 28272208, 28272208, 28272208, 436002103, 28107904, 28107904, 28107904, 28107904, 28107904, 28114176, 26786947, 236924990, 372457499, 27766321, 31697813, 328411051, 54136687, 27773145, 333134627, 27685307, 27685307, 27685307, 27512576, 27512576, 27278932, 27278932, 27278932, 27278932, 27278932, 27278932, 27278932, 27278932, 27278932, 27278932, 27278932, 27278932, 27278932, 27278932, 27278932, 27278932, 27278932, 27278932, 27278932, 27278932, 27278932, 27278932, 27278932, 27278932, 27232760, 27232760, 27232760, 27232760, 27232760, 27232760, 27232760, 27232760, 27232760, 27232760, 27232760, 27103283, 27103283, 27103283, 27103283, 27103283, 27103283, 27103283, 27103283, 27103283, 26997779, 26997779, 26997779, 26997779, 26759908, 26759908, 50146341, 26997779, 26997779, 26956587, 26956587, 26956587, 26956587, 26956587, 26956587, 26956587, 26759908, 26759908, 26759908, 26759908, 26759908, 26759908, 26759908, 26759908, 26759908, 26726923, 170251899, 26695203, 26695203, 26695203, 26695203, 26695203, 26615821, 26706189, 26706189]",0,0,0,NPU,0,0,0,0,0,0,1.0,hot,0,0,0,0,1.0,0
0,88,meta-llama/Llama-3.1-8B,138,455,8361284541,60360998141,51999713600,22874739097,23005537540,91753721,"[112762688, 29498668, 29498668, 29498668, 29498668, 135823059, 28863593, 28863593, 28863593, 28863593, 1802253302, 31000079, 84153362, 30906699, 29738742, 29738742, 267515849, 138355882, 31000079, 31000079, 3471725896, 32012548, 32012548, 32012548, 32013892, 32013892, 32013892, 32013892, 31768005, 31768005, 31768005, 31768005, 31768005, 31768005, 31768005, 31768005, 31768005, 31768005, 31601225, 28193675, 28193675, 604818214, 31409793, 31409793, 31409793, 31409793, 28871748, 6647215220, 28875556, 44753829, 813683096, 37371425, 31000079, 31000079, 481652376, 27511680, 27511680, 1195137480, 30810577, 1300298034, 30810577, 30663852, 30663852, 30663852, 30410660, 30410660, 30410660, 30410660, 30410660, 30410660, 30410660, 30410660, 30410660, 30410660, 30410660, 30410660, 30410660, 30410660, 30410660, 30410660, 30410660, 30410660, 30410660, 30410660, 30410660, 220100484, 30343401, 27764953, 27764953, 26851204, 160021927, 30093409, 27059851, 26786947, 31811449, 57765751, 29983933, 29983933, 29806160, 29806160, 29806160, 29806160, 29806160, 29816016, 29746454, 29746454, 29746454, 29746454, 29746454, 31675710, 27764953, 406973471, 28863593, 28863593, 35504712, 29482892, 29482892, 29498668, 29498668, 29498668, 29498668, 29498668, 29498668, 29498668, 29498668, 29498668, 29498668, 28863593, 28875556, 28875556, 28875556, 28875556, 28875556, 28875556, 28875556, 28875556, 28875556, 28875556, 159695869, 196250929, 28863593, 28863593, 28863593, 28863593, 28863593, 28863593, 28863593, 28863593, 28863593, 28863593, 28863593, 28863593, 28875556, 28875556, 309689576, 28680716, 28680716, 27764953, 890449822, 28193675, 28193675, 28193675, 28193675, 28193675, 28193675, 28193675, 28193675, 28193675, 28193675, 28193675, 28193675, 28193675, 28193675, 28193675, 28193675, 28193675, 28193675, 28193675, 28193675, 28193675, 28193675, 28193675, 28272208, 28272208, 28272208, 28272208, 28272208, 28272208, 28272208, 28272208, 436002103, 28107904, 28107904, 28107904, 28107904, 28107904, 28114176, 26786947, 236924990, 26425808, 26425808, 26425808, 26425808, 26118142, 26118142, 26118142, 26118142, 26118142, 26118142, 26118142, 26118142, 26118142, 31690989, 27766321, 31697813, 26520888, 26520888, 26520888, 26445624, 26445624, 26445624, 26445624, 26445624, 26445624, 26445624, 26445624, 37283395, 26363542, 27773145, 27773145, 333134627, 27685307, 27685307, 27685307, 27512576, 27512576, 27278932, 27278932, 27278932, 27278932, 27278932, 27278932, 27278932, 27278932, 27278932, 27278932, 27278932, 27278932, 27278932, 27278932, 27278932, 27278932, 27278932, 27278932, 27278932, 27278932, 27278932, 27278932, 27278932, 27278932, 27232760, 27232760, 27232760, 27232760, 27232760, 27232760, 27232760, 27232760, 27232760, 27232760, 27232760, 27103283, 27103283, 27103283, 27103283, 27103283, 27103283, 27103283, 27103283, 27103283, 26997779, 26997779, 26997779, 26997779, 26759908, 26759908, 50146341, 26997779, 26997779, 26956587, 26956587, 26956587, 26956587, 26956587, 26956587, 26956587, 26759908, 26759908, 26759908, 26759908, 26759908, 26759908, 26759908, 26759908, 26759908, 26726923, 170251899, 26695203, 26695203, 26695203, 26695203, 26695203, 26615821, 26706189, 26706189, 26645180]",0,0,0,PCIE_NVME,0,20971520,0,20971520,20971520,20971520,1.0,hot,0,0,0,0,1.0,41943040
0,108,meta-llama/Llama-3.1-8B,7,274,9847114112,60925990667,51078876555,27870762459,27949131471,86953928,"[32012548, 32012548, 32012548, 32013892, 32013892, 32013892, 32013892, 31768005, 31768005, 31768005, 31768005, 31768005, 31768005, 31768005, 31768005, 31768005, 31768005, 31601225, 661205564, 31409793, 31409793, 31409793, 31409793, 7563399449, 37371425, 31000079, 31000079, 1731813216, 30810577, 1300298034, 30810577, 30663852, 30663852, 30663852, 30410660, 30410660, 30410660, 30410660, 30410660, 30410660, 30410660, 30410660, 30410660, 30410660, 30410660, 30410660, 30410660, 30410660, 30410660, 30410660, 30410660, 30410660, 30410660, 30410660, 30410660, 220100484, 30343401, 242403037, 30093409, 85658247, 57765751, 29983933, 29983933, 29806160, 29806160, 29806160, 29806160, 29806160, 29816016, 29746454, 29746454, 29746454, 29746454, 29746454, 31675710, 434738424, 28863593, 28863593, 35504712, 29482892, 29482892, 29498668, 29498668, 29498668, 29498668, 29498668, 29498668, 29498668, 29498668, 29498668, 29498668, 28863593, 28875556, 28875556, 28875556, 28875556, 28875556, 28875556, 28875556, 28875556, 28875556, 28875556, 355946798, 28863593, 28863593, 28863593, 28863593, 28863593, 28863593, 28863593, 28863593, 28863593, 28863593, 28863593, 28863593, 28875556, 28875556, 309689576, 28680716, 28680716, 918214775, 28193675, 28193675, 28193675, 28193675, 28193675, 28193675, 28193675, 28193675, 28193675, 28193675, 28193675, 28193675, 28193675, 28193675, 28193675, 28193675, 28193675, 28193675, 28193675, 28193675, 28193675, 28193675, 28193675, 28272208, 28272208, 28272208, 28272208, 28272208, 28272208, 28272208, 28272208, 436002103, 28107904, 28107904, 28107904, 28107904, 28107904, 28114176, 636169436, 27766321, 31697813, 328411051, 54136687, 27773145, 333134627, 27685307, 27685307, 27685307, 27512576, 27512576, 27278932, 27278932, 27278932, 27278932, 27278932, 27278932, 27278932, 27278932, 27278932, 27278932, 27278932, 27278932, 27278932, 27278932, 27278932, 27278932, 27278932, 27278932, 27278932, 27278932, 27278932, 27278932, 27278932, 27278932, 27232760, 27232760, 27232760, 27232760, 27232760, 27232760, 27232760, 27232760, 27232760, 27232760, 27232760, 27103283, 27103283, 27103283, 27103283, 27103283, 27103283, 27103283, 27103283, 27103283, 26997779, 26997779, 26997779, 26997779, 26759908, 26759908, 50146341, 26997779, 26997779, 26956587, 26956587, 26956587, 26956587, 26956587, 26956587, 26956587, 26759908, 26759908, 26759908, 26759908, 26759908, 26759908, 26759908, 26759908, 26759908, 26726923, 170251899, 26695203, 26695203, 26695203, 26695203, 26695203, 26615821, 26706189, 26706189, 26645180, 191960006, 26645180, 26645180, 26645180, 26645180, 26645180, 26645180, 26645180, 26645180, 26645180, 26645180, 26645180, 26645180, 26645180, 26645180]",0,0,0,PCIE_NVME,0,4194304,0,4194304,4194304,4194304,1.0,hot,0,0,0,0,1.0,8388608
0,103,meta-llama/Llama-3.1-8B,2,291,9360630052,61349244235,51988614183,24729439853,24763533595,94531529,"[138355882, 31000079, 31000079, 3471725896, 32012548, 32012548, 32012548, 32013892, 32013892, 32013892, 32013892, 31768005, 31768005, 31768005, 31768005, 31768005, 31768005, 31768005, 31768005, 31768005, 31768005, 31601225, 661205564, 31409793, 31409793, 31409793, 31409793, 6749716353, 813683096, 37371425, 31000079, 31000079, 1731813216, 30810577, 1300298034, 30810577, 30663852, 30663852, 30663852, 30410660, 30410660, 30410660, 30410660, 30410660, 30410660, 30410660, 30410660, 30410660, 30410660, 30410660, 30410660, 30410660, 30410660, 30410660, 30410660, 30410660, 30410660, 30410660, 30410660, 30410660, 220100484, 30343401, 242403037, 30093409, 85658247, 57765751, 29983933, 29983933, 29806160, 29806160, 29806160, 29806160, 29806160, 29816016, 29746454, 29746454, 29746454, 29746454, 29746454, 31675710, 434738424, 28863593, 28863593, 35504712, 29482892, 29482892, 29498668, 29498668, 29498668, 29498668, 29498668, 29498668, 29498668, 29498668, 29498668, 29498668, 28863593, 28875556, 28875556, 28875556, 28875556, 28875556, 28875556, 28875556, 28875556, 28875556, 28875556, 355946798, 28863593, 28863593, 28863593, 28863593, 28863593, 28863593, 28863593, 28863593, 28863593, 28863593, 28863593, 28863593, 28875556, 28875556, 309689576, 28680716, 28680716, 27764953, 890449822, 28193675, 28193675, 28193675, 28193675, 28193675, 28193675, 28193675, 28193675, 28193675, 28193675, 28193675, 28193675, 28193675, 28193675, 28193675, 28193675, 28193675, 28193675, 28193675, 28193675, 28193675, 28193675, 28193675, 28272208, 28272208, 28272208, 28272208, 28272208, 28272208, 28272208, 28272208, 436002103, 28107904, 28107904, 28107904, 28107904, 28107904, 28114176, 636169436, 27766321, 31697813, 328411051, 54136687, 27773145, 333134627, 27685307, 27685307, 27685307, 27512576, 27512576, 27278932, 27278932, 27278932, 27278932, 27278932, 27278932, 27278932, 27278932, 27278932, 27278932, 27278932, 27278932, 27278932, 27278932, 27278932, 27278932, 27278932, 27278932, 27278932, 27278932, 27278932, 27278932, 27278932, 27278932, 27232760, 27232760, 27232760, 27232760, 27232760, 27232760, 27232760, 27232760, 27232760, 27232760, 27232760, 27103283, 27103283, 27103283, 27103283, 27103283, 27103283, 27103283, 27103283, 27103283, 26997779, 26997779, 26997779, 26997779, 26759908, 26759908, 50146341, 26997779, 26997779, 26956587, 26956587, 26956587, 26956587, 26956587, 26956587, 26956587, 26759908, 26759908, 26759908, 26759908, 26759908, 26759908, 26759908, 26759908, 26759908, 26726923, 170251899, 26695203, 26695203, 26695203, 26695203, 26695203, 26615821, 26706189, 26706189, 26645180, 191960006, 26645180, 26645180, 26645180, 26645180, 26645180, 26645180, 26645180, 26645180, 26645180, 26645180, 26645180, 26645180, 26645180, 26645180, 26444528, 26444528, 26454608, 26454608, 26454608, 26454608, 26454608, 26454608, 26454608, 26454608, 26454608, 26454608, 26454608, 26454608, 26454608, 26454608]",0,0,0,PCIE_NVME,0,6291456,0,6291456,6291456,6291456,1.0,hot,0,0,0,0,1.0,12582912
0,95,meta-llama/Llama-3.1-8B,44,350,9003739520,61454959523,52451220003,24504684192,24647370654,91160161,"[31000079, 84153362, 30906699, 326993333, 138355882, 31000079, 31000079, 3471725896, 32012548, 32012548, 32012548, 32013892, 32013892, 32013892, 32013892, 31768005, 31768005, 31768005, 31768005, 31768005, 31768005, 31768005, 31768005, 31768005, 31768005, 31601225, 661205564, 31409793, 31409793, 31409793, 31409793, 28871748, 6647215220, 28875556, 44753829, 813683096, 37371425, 31000079, 31000079, 481652376, 1250160840, 30810577, 1300298034, 30810577, 30663852, 30663852, 30663852, 30410660, 30410660, 30410660, 30410660, 30410660, 30410660, 30410660, 30410660, 30410660, 30410660, 30410660, 30410660, 30410660, 30410660, 30410660, 30410660, 30410660, 30410660, 30410660, 30410660, 30410660, 220100484, 30343401, 27764953, 27764953, 186873131, 30093409, 85658247, 57765751, 29983933, 29983933, 29806160, 29806160, 29806160, 29806160, 29806160, 29816016, 29746454, 29746454, 29746454, 29746454, 29746454, 31675710, 27764953, 406973471, 28863593, 28863593, 35504712, 29482892, 29482892, 29498668, 29498668, 29498668, 29498668, 29498668, 29498668, 29498668, 29498668, 29498668, 29498668, 28863593, 28875556, 28875556, 28875556, 28875556, 28875556, 28875556, 28875556, 28875556, 28875556, 28875556, 355946798, 28863593, 28863593, 28863593, 28863593, 28863593, 28863593, 28863593, 28863593, 28863593, 28863593, 28863593, 28863593, 28875556, 28875556, 309689576, 28680716, 28680716, 27764953, 890449822, 28193675, 28193675, 28193675, 28193675, 28193675, 28193675, 28193675, 28193675, 28193675, 28193675, 28193675, 28193675, 28193675, 28193675, 28193675, 28193675, 28193675, 28193675, 28193675, 28193675, 28193675, 28193675, 28193675, 28272208, 28272208, 28272208, 28272208, 28272208, 28272208, 28272208, 28272208, 436002103, 28107904, 28107904, 28107904, 28107904, 28107904, 28114176, 26786947, 236924990, 372457499, 27766321, 31697813, 328411051, 54136687, 27773145, 333134627, 27685307, 27685307, 27685307, 27512576, 27512576, 27278932, 27278932, 27278932, 27278932, 27278932, 27278932, 27278932, 27278932, 27278932, 27278932, 27278932, 27278932, 27278932, 27278932, 27278932, 27278932, 27278932, 27278932, 27278932, 27278932, 27278932, 27278932, 27278932, 27278932, 27232760, 27232760, 27232760, 27232760, 27232760, 27232760, 27232760, 27232760, 27232760, 27232760, 27232760, 27103283, 27103283, 27103283, 27103283, 27103283, 27103283, 27103283, 27103283, 27103283, 26997779, 26997779, 26997779, 26997779, 26759908, 26759908, 50146341, 26997779, 26997779, 26956587, 26956587, 26956587, 26956587, 26956587, 26956587, 26956587, 26759908, 26759908, 26759908, 26759908, 26759908, 26759908, 26759908, 26759908, 26759908, 26726923, 170251899, 26695203, 26695203, 26695203, 26695203, 26695203, 26615821, 26706189, 26706189, 26645180, 191960006, 26645180, 26645180, 26645180, 26645180, 26645180, 26645180, 26645180, 26645180, 26645180, 26645180, 26645180, 26645180, 26645180, 26645180, 26444528, 26444528, 26454608, 26454608, 26454608, 26454608, 26454608, 26454608, 26454608, 26454608, 26454608, 26454608, 26454608, 26454608, 26454608, 26454608, 26428822, 26428822, 26428822, 26428822]",0,0,0,NPU,0,0,0,0,0,0,1.0,hot,0,0,0,0,1.0,0
0,69,meta-llama/Llama-3.1-8B,16,526,6686130544,61695526427,55009395883,23969665039,24251284202,60428510,"[27512576, 401894759, 112762688, 29498668, 29498668, 29498668, 29498668, 27685307, 26615821, 26615821, 54906110, 28863593, 28863593, 28863593, 28863593, 520194101, 27103283, 1254955918, 31000079, 84153362, 30906699, 29738742, 29738742, 26830763, 240685086, 138355882, 31000079, 31000079, 27219992, 3312860133, 27278932, 104366839, 32012548, 32012548, 32012548, 32013892, 32013892, 32013892, 32013892, 31768005, 31768005, 31768005, 31768005, 31768005, 31768005, 31768005, 31768005, 31768005, 31768005, 31601225, 28193675, 28193675, 27511680, 27511680, 26425808, 435307502, 26363542, 26363542, 35334460, 31409793, 31409793, 31409793, 31409793, 28871748, 26851204, 588522950, 26118142, 26118142, 26118142, 26118142, 26118142, 26118142, 26118142, 26118142, 5558453235, 26786947, 237655748, 28875556, 44753829, 813683096, 37371425, 31000079, 31000079, 25614678, 456037698, 27511680, 27511680, 26851204, 26851204, 26851204, 26042517, 26042517, 26042517, 26042517, 26042517, 984371283, 30810577, 25916533, 25916533, 25916533, 25916533, 25916533, 25916533, 25916533, 25916533, 25916533, 25916533, 25916533, 25916533, 25916533, 25916533, 55393510, 26042517, 26042517, 26042517, 26042517, 26042517, 26042517, 26042517, 26042517, 26042517, 26042517, 26042517, 26042517, 26042517, 26042517, 26042517, 491435307, 30810577, 30663852, 30663852, 30663852, 30410660, 30410660, 30410660, 30410660, 30410660, 30410660, 30410660, 30410660, 30410660, 30410660, 30410660, 30410660, 30410660, 30410660, 30410660, 30410660, 30410660, 30410660, 30410660, 30410660, 30410660, 26774403, 26774403, 26774403, 26774403, 25857173, 28527433, 58618266, 30343401, 27764953, 27764953, 26851204, 26019124, 26097524, 26097524, 25857173, 25857173, 30093409, 30093409, 27059851, 26786947, 31811449, 25954302, 31811449, 29983933, 29983933, 29806160, 29806160, 29806160, 29806160, 29806160, 29816016, 29746454, 29746454, 29746454, 29746454, 29746454, 31675710, 27764953, 406973471, 28863593, 28863593, 35504712, 29482892, 29482892, 29498668, 29498668, 29498668, 29498668, 29498668, 29498668, 29498668, 29498668, 29498668, 29498668, 28863593, 28875556, 28875556, 28875556, 28875556, 28875556, 28875556, 28875556, 28875556, 28875556, 28875556, 26171806, 25954302, 25954302, 25954302, 25954302, 29706855, 196250929, 28863593, 28863593, 28863593, 28863593, 28863593, 28863593, 28863593, 28863593, 28863593, 28863593, 28863593, 28863593, 28875556, 28875556, 25546260, 25546260, 25546260, 25546260, 25546260, 25546260, 25546260, 25546260, 25546260, 25546260, 25546260, 28680716, 28680716, 28680716, 27764953, 25485022, 26433287, 25304821, 25304821, 25304821, 25304821, 25304821, 25304821, 25304821, 25304821, 25304821, 25304821, 25304821, 25304821, 25304821, 25304821, 25304821, 458959198, 28193675, 28193675, 28193675, 28193675, 28193675, 28193675, 28193675, 28193675, 28193675, 28193675, 28193675, 28193675, 28193675, 28193675, 28193675, 28193675, 28193675, 28193675, 28193675, 28193675, 28193675, 28193675, 28193675, 28272208, 28272208, 28272208, 28272208, 28272208, 28272208, 28272208, 28272208, 25138869, 25138869, 25138869, 25138869, 25138869, 25138869, 25138869, 25138869, 25138869, 25138869, 25138869, 25138869, 25138869, 25138869, 25138869, 25138869, 33780199, 28107904, 28107904, 28107904, 28107904, 28107904, 28114176, 26786947, 26019124, 26019124, 26019124, 26019124, 25739482, 25465799, 25465799, 25465799, 30711615, 26425808, 26425808, 26425808, 26425808, 26118142, 26118142, 26118142, 26118142, 26118142, 26118142, 26118142, 26118142, 26118142, 31690989, 27766321, 31697813, 26520888, 26520888, 26520888, 26445624, 26445624, 26445624, 26445624, 26445624, 26445624, 26445624, 26445624, 37283395, 26363542, 27773145, 27773145, 25454110, 25454110, 25454110, 25454110, 25454110, 25454110, 25454110, 25454110, 25454110, 25454110, 25454110, 25454110, 27685307, 27685307, 27685307, 27685307, 27512576, 27512576, 27278932, 27278932, 27278932, 27278932, 27278932, 27278932, 27278932, 27278932, 27278932, 27278932, 27278932, 27278932, 27278932, 27278932, 27278932, 27278932, 27278932, 27278932, 27278932, 27278932, 27278932, 27278932, 27278932, 27278932, 27232760, 27232760, 27232760, 27232760, 27232760, 27232760, 27232760, 27232760, 27232760, 27232760, 27232760, 27103283, 27103283, 27103283, 27103283, 27103283, 27103283, 27103283, 27103283, 27103283, 26997779, 26997779, 26997779, 26997779, 26759908, 26759908, 50146341, 26997779, 26997779, 26956587, 26956587, 26956587, 26956587, 26956587, 26956587, 26956587, 26759908, 26759908, 26759908, 26759908, 26759908, 26759908, 26759908, 26759908, 26759908, 26726923, 170251899, 26695203, 26695203, 26695203, 26695203, 26695203, 26615821, 26706189, 26706189, 26645180, 191960006, 26645180, 26645180, 26645180, 26645180, 26645180, 26645180, 26645180, 26645180, 26645180, 26645180, 26645180, 26645180, 26645180, 26645180, 26444528, 26444528, 26454608, 26454608, 26454608, 26454608, 26454608, 26454608, 26454608, 26454608, 26454608, 26454608, 26454608, 26454608, 26454608, 26454608, 26428822, 26428822, 26428822, 26428822, 26729656, 26729656, 26729656, 26729656, 26729656, 26729656, 26729656, 26729656, 26729656]",0,0,0,NPU,0,0,0,0,0,0,1.0,hot,0,0,0,0,1.0,0
0,99,meta-llama/Llama-3.1-8B,7,323,9147480342,62029961150,52882480808,24360943370,24503629832,90091590,"[31000079, 84153362, 30906699, 326993333, 138355882, 31000079, 31000079, 3471725896, 32012548, 32012548, 32012548, 32013892, 32013892, 32013892, 32013892, 31768005, 31768005, 31768005, 31768005, 31768005, 31768005, 31768005, 31768005, 31768005, 31768005, 31601225, 661205564, 31409793, 31409793, 31409793, 31409793, 6749716353, 813683096, 37371425, 31000079, 31000079, 481652376, 1250160840, 30810577, 1300298034, 30810577, 30663852, 30663852, 30663852, 30410660, 30410660, 30410660, 30410660, 30410660, 30410660, 30410660, 30410660, 30410660, 30410660, 30410660, 30410660, 30410660, 30410660, 30410660, 30410660, 30410660, 30410660, 30410660, 30410660, 30410660, 220100484, 30343401, 242403037, 30093409, 85658247, 57765751, 29983933, 29983933, 29806160, 29806160, 29806160, 29806160, 29806160, 29816016, 29746454, 29746454, 29746454, 29746454, 29746454, 31675710, 27764953, 406973471, 28863593, 28863593, 35504712, 29482892, 29482892, 29498668, 29498668, 29498668, 29498668, 29498668, 29498668, 29498668, 29498668, 29498668, 29498668, 28863593, 28875556, 28875556, 28875556, 28875556, 28875556, 28875556, 28875556, 28875556, 28875556, 28875556, 355946798, 28863593, 28863593, 28863593, 28863593, 28863593, 28863593, 28863593, 28863593, 28863593, 28863593, 28863593, 28863593, 28875556, 28875556, 309689576, 28680716, 28680716, 27764953, 890449822, 28193675, 28193675, 28193675, 28193675, 28193675, 28193675, 28193675, 28193675, 28193675, 28193675, 28193675, 28193675, 28193675, 28193675, 28193675, 28193675, 28193675, 28193675, 28193675, 28193675, 28193675, 28193675, 28193675, 28272208, 28272208, 28272208, 28272208, 28272208, 28272208, 28272208, 28272208, 436002103, 28107904, 28107904, 28107904, 28107904, 28107904, 28114176, 636169436, 27766321, 31697813, 328411051, 54136687, 27773145, 333134627, 27685307, 27685307, 27685307, 27512576, 27512576, 27278932, 27278932, 27278932, 27278932, 27278932, 27278932, 27278932, 27278932, 27278932, 27278932, 27278932, 27278932, 27278932, 27278932, 27278932, 27278932, 27278932, 27278932, 27278932, 27278932, 27278932, 27278932, 27278932, 27278932, 27232760, 27232760, 27232760, 27232760, 27232760, 27232760, 27232760, 27232760, 27232760, 27232760, 27232760, 27103283, 27103283, 27103283, 27103283, 27103283, 27103283, 27103283, 27103283, 27103283, 26997779, 26997779, 26997779, 26997779, 26759908, 26759908, 50146341, 26997779, 26997779, 26956587, 26956587, 26956587, 26956587, 26956587, 26956587, 26956587, 26759908, 26759908, 26759908, 26759908, 26759908, 26759908, 26759908, 26759908, 26759908, 26726923, 170251899, 26695203, 26695203, 26695203, 26695203, 26695203, 26615821, 26706189, 26706189, 26645180, 191960006, 26645180, 26645180, 26645180, 26645180, 26645180, 26645180, 26645180, 26645180, 26645180, 26645180, 26645180, 26645180, 26645180, 26645180, 26444528, 26444528, 26454608, 26454608, 26454608, 26454608, 26454608, 26454608, 26454608, 26454608, 26454608, 26454608, 26454608, 26454608, 26454608, 26454608, 26428822, 26428822, 26428822, 26428822, 26729656, 26729656, 26729656, 26729656, 26729656, 26729656, 26729656, 26729656, 26729656, 146212763, 26729656, 26729656, 26729656, 26729656, 26729656, 27286840, 27286840]",0,0,0,PCIE_NVME,0,8388608,0,8388608,8388608,8388608,1.0,hot,0,0,0,0,1.0,16777216
0,98,meta-llama/Llama-3.1-8B,11,350,9136063599,62647360592,53511296993,24372360113,24515046575,85787723,"[31000079, 84153362, 30906699, 326993333, 138355882, 31000079, 31000079, 3471725896, 32012548, 32012548, 32012548, 32013892, 32013892, 32013892, 32013892, 31768005, 31768005, 31768005, 31768005, 31768005, 31768005, 31768005, 31768005, 31768005, 31768005, 31601225, 661205564, 31409793, 31409793, 31409793, 31409793, 6749716353, 813683096, 37371425, 31000079, 31000079, 481652376, 1250160840, 30810577, 1300298034, 30810577, 30663852, 30663852, 30663852, 30410660, 30410660, 30410660, 30410660, 30410660, 30410660, 30410660, 30410660, 30410660, 30410660, 30410660, 30410660, 30410660, 30410660, 30410660, 30410660, 30410660, 30410660, 30410660, 30410660, 30410660, 220100484, 30343401, 242403037, 30093409, 85658247, 57765751, 29983933, 29983933, 29806160, 29806160, 29806160, 29806160, 29806160, 29816016, 29746454, 29746454, 29746454, 29746454, 29746454, 31675710, 27764953, 406973471, 28863593, 28863593, 35504712, 29482892, 29482892, 29498668, 29498668, 29498668, 29498668, 29498668, 29498668, 29498668, 29498668, 29498668, 29498668, 28863593, 28875556, 28875556, 28875556, 28875556, 28875556, 28875556, 28875556, 28875556, 28875556, 28875556, 355946798, 28863593, 28863593, 28863593, 28863593, 28863593, 28863593, 28863593, 28863593, 28863593, 28863593, 28863593, 28863593, 28875556, 28875556, 309689576, 28680716, 28680716, 27764953, 890449822, 28193675, 28193675, 28193675, 28193675, 28193675, 28193675, 28193675, 28193675, 28193675, 28193675, 28193675, 28193675, 28193675, 28193675, 28193675, 28193675, 28193675, 28193675, 28193675, 28193675, 28193675, 28193675, 28193675, 28272208, 28272208, 28272208, 28272208, 28272208, 28272208, 28272208, 28272208, 436002103, 28107904, 28107904, 28107904, 28107904, 28107904, 28114176, 636169436, 27766321, 31697813, 328411051, 54136687, 27773145, 333134627, 27685307, 27685307, 27685307, 27512576, 27512576, 27278932, 27278932, 27278932, 27278932, 27278932, 27278932, 27278932, 27278932, 27278932, 27278932, 27278932, 27278932, 27278932, 27278932, 27278932, 27278932, 27278932, 27278932, 27278932, 27278932, 27278932, 27278932, 27278932, 27278932, 27232760, 27232760, 27232760, 27232760, 27232760, 27232760, 27232760, 27232760, 27232760, 27232760, 27232760, 27103283, 27103283, 27103283, 27103283, 27103283, 27103283, 27103283, 27103283, 27103283, 26997779, 26997779, 26997779, 26997779, 26759908, 26759908, 50146341, 26997779, 26997779, 26956587, 26956587, 26956587, 26956587, 26956587, 26956587, 26956587, 26759908, 26759908, 26759908, 26759908, 26759908, 26759908, 26759908, 26759908, 26759908, 26726923, 170251899, 26695203, 26695203, 26695203, 26695203, 26695203, 26615821, 26706189, 26706189, 26645180, 191960006, 26645180, 26645180, 26645180, 26645180, 26645180, 26645180, 26645180, 26645180, 26645180, 26645180, 26645180, 26645180, 26645180, 26645180, 26444528, 26444528, 26454608, 26454608, 26454608, 26454608, 26454608, 26454608, 26454608, 26454608, 26454608, 26454608, 26454608, 26454608, 26454608, 26454608, 26428822, 26428822, 26428822, 26428822, 26729656, 26729656, 26729656, 26729656, 26729656, 26729656, 26729656, 26729656, 26729656, 146212763, 26729656, 26729656, 26729656, 26729656, 26729656, 27286840, 27286840, 26843454, 26843454, 26843454, 26843454, 26843454, 26843454, 26843454, 26843454, 26843454, 26843454, 26843454, 26843454, 26843454, 26843454, 26843454, 26843454, 26843454, 26843454, 26843454, 26843454, 26843454, 26843454, 26843454]",0,0,0,PCIE_NVME,0,10485760,0,10485760,10485760,10485760,1.0,hot,0,0,0,0,1.0,20971520
0,112,meta-llama/Llama-3.1-8B,97,433,10172414412,63259272757,53086858345,27545462159,27623831171,76009036,"[32012548, 32012548, 32012548, 32013892, 32013892, 32013892, 32013892, 31768005, 31768005, 31768005, 31768005, 31768005, 31768005, 31768005, 31768005, 31768005, 31768005, 31601225, 661205564, 31409793, 31409793, 31409793, 31409793, 7600770874, 31000079, 31000079, 1731813216, 30810577, 1300298034, 30810577, 30663852, 30663852, 30663852, 30410660, 30410660, 30410660, 30410660, 30410660, 30410660, 30410660, 30410660, 30410660, 30410660, 30410660, 30410660, 30410660, 30410660, 30410660, 30410660, 30410660, 30410660, 30410660, 30410660, 30410660, 220100484, 30343401, 242403037, 30093409, 85658247, 57765751, 29983933, 29983933, 29806160, 29806160, 29806160, 29806160, 29806160, 29816016, 29746454, 29746454, 29746454, 29746454, 29746454, 31675710, 527970322, 29482892, 29482892, 29498668, 29498668, 29498668, 29498668, 29498668, 29498668, 29498668, 29498668, 29498668, 29498668, 28863593, 28875556, 28875556, 28875556, 28875556, 28875556, 28875556, 28875556, 28875556, 28875556, 28875556, 355946798, 28863593, 28863593, 28863593, 28863593, 28863593, 28863593, 28863593, 28863593, 28863593, 28863593, 28863593, 28863593, 28875556, 28875556, 309689576, 28680716, 28680716, 918214775, 28193675, 28193675, 28193675, 28193675, 28193675, 28193675, 28193675, 28193675, 28193675, 28193675, 28193675, 28193675, 28193675, 28193675, 28193675, 28193675, 28193675, 28193675, 28193675, 28193675, 28193675, 28193675, 28193675, 28272208, 28272208, 28272208, 28272208, 28272208, 28272208, 28272208, 28272208, 1628700420, 54136687, 27773145, 333134627, 27685307, 27685307, 27685307, 27512576, 27512576, 27278932, 27278932, 27278932, 27278932, 27278932, 27278932, 27278932, 27278932, 27278932, 27278932, 27278932, 27278932, 27278932, 27278932, 27278932, 27278932, 27278932, 27278932, 27278932, 27278932, 27278932, 27278932, 27278932, 27278932, 27232760, 27232760, 27232760, 27232760, 27232760, 27232760, 27232760, 27232760, 27232760, 27232760, 27232760, 27103283, 27103283, 27103283, 27103283, 27103283, 27103283, 27103283, 27103283, 27103283, 26997779, 26997779, 26997779, 26997779, 26759908, 26759908, 50146341, 26997779, 26997779, 26956587, 26956587, 26956587, 26956587, 26956587, 26956587, 26956587, 26759908, 26759908, 26759908, 26759908, 26759908, 26759908, 26759908, 26759908, 26759908, 26726923, 170251899, 26695203, 26695203, 26695203, 26695203, 26695203, 26615821, 26706189, 26706189, 26645180, 191960006, 26645180, 26645180, 26645180, 26645180, 26645180, 26645180, 26645180, 26645180, 26645180, 26645180, 26645180, 26645180, 26645180, 26645180, 26444528, 26444528, 26454608, 26454608, 26454608, 26454608, 26454608, 26454608, 26454608, 26454608, 26454608, 26454608, 26454608, 26454608, 26454608, 26454608, 26428822, 26428822, 26428822, 26428822, 26729656, 26729656, 26729656, 26729656, 26729656, 26729656, 26729656, 26729656, 26729656, 146212763, 26729656, 26729656, 26729656, 26729656, 26729656, 27286840, 27286840, 26843454, 26843454, 26843454, 26843454, 26843454, 26843454, 26843454, 26843454, 26843454, 26843454, 26843454, 26843454, 26843454, 26843454, 26843454, 26843454, 26843454, 26843454, 26843454, 26843454, 26843454, 26843454, 26843454, 26573059, 26573059, 26573059, 26573059, 26573059, 26573059, 26573059, 26573059, 26573059, 26573059, 26573059, 26573059, 26639587, 26639587, 26639587, 26639587, 26639587, 26639587, 26639587, 26639587, 26639587, 26639587, 26639587]",0,0,0,PCIE_NVME,0,123731968,0,123731968,123731968,123731968,1.0,hot,0,0,0,0,1.0,247463936
0,91,meta-llama/Llama-3.1-8B,19,416,8562841027,63469751525,54906910498,24945582685,25088269147,75299599,"[31000079, 84153362, 30906699, 29738742, 29738742, 267515849, 138355882, 31000079, 31000079, 3471725896, 32012548, 32012548, 32012548, 32013892, 32013892, 32013892, 32013892, 31768005, 31768005, 31768005, 31768005, 31768005, 31768005, 31768005, 31768005, 31768005, 31768005, 31601225, 661205564, 31409793, 31409793, 31409793, 31409793, 28871748, 6647215220, 28875556, 44753829, 813683096, 37371425, 31000079, 31000079, 481652376, 1250160840, 30810577, 1300298034, 30810577, 30663852, 30663852, 30663852, 30410660, 30410660, 30410660, 30410660, 30410660, 30410660, 30410660, 30410660, 30410660, 30410660, 30410660, 30410660, 30410660, 30410660, 30410660, 30410660, 30410660, 30410660, 30410660, 30410660, 30410660, 220100484, 30343401, 27764953, 27764953, 186873131, 30093409, 27059851, 58598396, 57765751, 29983933, 29983933, 29806160, 29806160, 29806160, 29806160, 29806160, 29816016, 29746454, 29746454, 29746454, 29746454, 29746454, 31675710, 27764953, 406973471, 28863593, 28863593, 35504712, 29482892, 29482892, 29498668, 29498668, 29498668, 29498668, 29498668, 29498668, 29498668, 29498668, 29498668, 29498668, 28863593, 28875556, 28875556, 28875556, 28875556, 28875556, 28875556, 28875556, 28875556, 28875556, 28875556, 159695869, 196250929, 28863593, 28863593, 28863593, 28863593, 28863593, 28863593, 28863593, 28863593, 28863593, 28863593, 28863593, 28863593, 28875556, 28875556, 309689576, 28680716, 28680716, 27764953, 890449822, 28193675, 28193675, 28193675, 28193675, 28193675, 28193675, 28193675, 28193675, 28193675, 28193675, 28193675, 28193675, 28193675, 28193675, 28193675, 28193675, 28193675, 28193675, 28193675, 28193675, 28193675, 28193675, 28193675, 28272208, 28272208, 28272208, 28272208, 28272208, 28272208, 28272208, 28272208, 436002103, 28107904, 28107904, 28107904, 28107904, 28107904, 28114176, 26786947, 236924990, 26425808, 26425808, 26425808, 26425808, 266754267, 27766321, 31697813, 26520888, 26520888, 26520888, 26445624, 26445624, 26445624, 26445624, 26445624, 26445624, 26445624, 26445624, 37283395, 26363542, 27773145, 27773145, 333134627, 27685307, 27685307, 27685307, 27512576, 27512576, 27278932, 27278932, 27278932, 27278932, 27278932, 27278932, 27278932, 27278932, 27278932, 27278932, 27278932, 27278932, 27278932, 27278932, 27278932, 27278932, 27278932, 27278932, 27278932, 27278932, 27278932, 27278932, 27278932, 27278932, 27232760, 27232760, 27232760, 27232760, 27232760, 27232760, 27232760, 27232760, 27232760, 27232760, 27232760, 27103283, 27103283, 27103283, 27103283, 27103283, 27103283, 27103283, 27103283, 27103283, 26997779, 26997779, 26997779, 26997779, 26759908, 26759908, 50146341, 26997779, 26997779, 26956587, 26956587, 26956587, 26956587, 26956587, 26956587, 26956587, 26759908, 26759908, 26759908, 26759908, 26759908, 26759908, 26759908, 26759908, 26759908, 26726923, 170251899, 26695203, 26695203, 26695203, 26695203, 26695203, 26615821, 26706189, 26706189, 26645180, 191960006, 26645180, 26645180, 26645180, 26645180, 26645180, 26645180, 26645180, 26645180, 26645180, 26645180, 26645180, 26645180, 26645180, 26645180, 26444528, 26444528, 26454608, 26454608, 26454608, 26454608, 26454608, 26454608, 26454608, 26454608, 26454608, 26454608, 26454608, 26454608, 26454608, 26454608, 26428822, 26428822, 26428822, 26428822, 26729656, 26729656, 26729656, 26729656, 26729656, 26729656, 26729656, 26729656, 26729656, 146212763, 26729656, 26729656, 26729656, 26729656, 26729656, 27286840, 27286840, 26843454, 26843454, 26843454, 26843454, 26843454, 26843454, 26843454, 26843454, 26843454, 26843454, 26843454, 26843454, 26843454, 26843454, 26843454, 26843454, 26843454, 26843454, 26843454, 26843454, 26843454, 26843454, 26843454, 26573059, 26573059, 26573059, 26573059, 26573059, 26573059, 26573059, 26573059, 26573059, 26573059, 26573059, 26573059, 26639587, 26639587, 26639587, 26639587, 26639587, 26639587, 26639587, 26639587, 26639587, 26639587, 26639587, 26309846, 26309846, 26309846, 26309846, 26309846, 26309846, 26309846, 26309846]",0,0,0,NPU,0,0,0,0,0,0,1.0,hot,0,0,0,0,1.0,0
0,62,meta-llama/Llama-3.1-8B,78,846,5912386461,63522687493,57610301032,22418704703,22681253421,45539827,"[26790979, 26790979, 26790979, 108087560, 26729656, 493093468, 888291644, 36223263, 26706189, 26706189, 26706189, 26706189, 26706189, 26706189, 26706189, 26706189, 26645180, 470681644, 27512576, 401894759, 112762688, 29498668, 29498668, 29498668, 29498668, 27685307, 26615821, 26615821, 54906110, 28863593, 28863593, 28863593, 28863593, 80448838, 439745263, 27103283, 26164062, 26475376, 26475376, 26475376, 1149365728, 31000079, 25884336, 25884336, 32384690, 30906699, 29738742, 29738742, 26830763, 240685086, 25884336, 25884336, 25884336, 25884336, 34818538, 31000079, 31000079, 27219992, 25782115, 25782115, 26097524, 26097524, 26097524, 26097524, 26097524, 2998352404, 25782115, 26464944, 26464944, 26464944, 27278932, 27278932, 25997827, 78369012, 32012548, 32012548, 32012548, 32013892, 32013892, 32013892, 32013892, 31768005, 31768005, 31768005, 31768005, 31768005, 31768005, 31768005, 31768005, 31768005, 31768005, 31601225, 28193675, 28193675, 27511680, 27511680, 26425808, 435307502, 26363542, 26363542, 35334460, 31409793, 31409793, 31409793, 31409793, 28871748, 26851204, 25668423, 25668423, 25668423, 25668423, 25668423, 25668423, 434512412, 26118142, 26118142, 26118142, 26118142, 26118142, 26118142, 26118142, 26118142, 25739482, 25739482, 25857173, 25857173, 25857173, 25857173, 25857173, 2473374523, 25916533, 25916533, 25916533, 25916533, 25916533, 25916533, 25916533, 25916533, 25916533, 25916533, 25916533, 25916533, 25916533, 25916533, 25916533, 2515565888, 26786947, 26097524, 26097524, 26097524, 26097524, 26097524, 26097524, 26097524, 26097524, 28875556, 28875556, 44753829, 25846330, 25846330, 25846330, 440225880, 25846330, 25846330, 25846330, 25846330, 25846330, 25846330, 25846330, 25846330, 25846330, 25916533, 37384723, 37371425, 31000079, 31000079, 25614678, 27575815, 26447349, 26447349, 26447349, 26447349, 26447349, 26447349, 26447349, 26447349, 26447349, 26447349, 26447349, 26447349, 26447349, 26447349, 26447349, 31751648, 27511680, 27511680, 26851204, 26851204, 26851204, 26042517, 26042517, 26042517, 26042517, 26042517, 25954302, 25954302, 25954302, 25954302, 25954302, 27575815, 26447349, 26447349, 26447349, 26447349, 26447349, 26447349, 26447349, 26447349, 26447349, 26447349, 26447349, 26447349, 26447349, 26447349, 26447349, 27510758, 26032767, 26032767, 26032767, 26032767, 26253855, 26253855, 26253855, 26253855, 26253855, 26253855, 26253855, 26253855, 26253855, 26253855, 36133347, 30810577, 25916533, 25916533, 25916533, 25916533, 25916533, 25916533, 25916533, 25916533, 25916533, 25916533, 25916533, 25916533, 25916533, 25916533, 26600885, 28792625, 26042517, 26042517, 26042517, 26042517, 26042517, 26042517, 26042517, 26042517, 26042517, 26042517, 26042517, 26042517, 26042517, 26042517, 26042517, 27729351, 26600885, 26600885, 26600885, 26600885, 26600885, 26600885, 26600885, 26600885, 26600885, 26600885, 26600885, 26600885, 26600885, 26600885, 26600885, 27510758, 37181923, 30810577, 30663852, 30663852, 30663852, 30410660, 30410660, 30410660, 30410660, 30410660, 30410660, 30410660, 30410660, 30410660, 30410660, 30410660, 30410660, 30410660, 30410660, 30410660, 30410660, 30410660, 30410660, 30410660, 30410660, 30410660, 26774403, 26774403, 26774403, 26774403, 25857173, 28527433, 26447349, 32170917, 30343401, 27764953, 27764953, 26851204, 26019124, 26097524, 26097524, 25857173, 25857173, 30093409, 30093409, 27059851, 26786947, 31811449, 25954302, 31811449, 29983933, 29983933, 29806160, 29806160, 29806160, 29806160, 29806160, 29816016, 29746454, 29746454, 29746454, 29746454, 29746454, 31675710, 27764953, 26603195, 26603195, 26603195, 26603195, 26603195, 26603195, 26603195, 26851835, 26851835, 26851835, 26851835, 26851835, 26851835, 26851835, 32788261, 28863593, 28863593, 35504712, 29482892, 29482892, 29498668, 29498668, 29498668, 29498668, 29498668, 29498668, 29498668, 29498668, 29498668, 29498668, 28863593, 28875556, 28875556, 28875556, 28875556, 28875556, 28875556, 28875556, 28875556, 28875556, 28875556, 26171806, 25954302, 25954302, 25954302, 25954302, 29706855, 196250929, 28863593, 28863593, 28863593, 28863593, 28863593, 28863593, 28863593, 28863593, 28863593, 28863593, 28863593, 28863593, 28875556, 28875556, 25546260, 25546260, 25546260, 25546260, 25546260, 25546260, 25546260, 25546260, 25546260, 25546260, 25546260, 28680716, 28680716, 28680716, 27764953, 25485022, 26433287, 25304821, 25304821, 25304821, 25304821, 25304821, 25304821, 25304821, 25304821, 25304821, 25304821, 25304821, 25304821, 25304821, 25304821, 25304821, 26315543, 25536603, 25536603, 25536603, 25536603, 25536603, 25536603, 25536603, 25536603, 25536603, 25536603, 25536603, 25536603, 25536603, 25536603, 25536603, 49594610, 28193675, 28193675, 28193675, 28193675, 28193675, 28193675, 28193675, 28193675, 28193675, 28193675, 28193675, 28193675, 28193675, 28193675, 28193675, 28193675, 28193675, 28193675, 28193675, 28193675, 28193675, 28193675, 28193675, 28272208, 28272208, 28272208, 28272208, 28272208, 28272208, 28272208, 28272208, 25138869, 25138869, 25138869, 25138869, 25138869, 25138869, 25138869, 25138869, 25138869, 25138869, 25138869, 25138869, 25138869, 25138869, 25138869, 25138869, 33780199, 28107904, 28107904, 28107904, 28107904, 28107904, 28114176, 26786947, 26019124, 26019124, 26019124, 26019124, 25739482, 25465799, 25465799, 25465799, 30711615, 26425808, 26425808, 26425808, 26425808, 26118142, 26118142, 26118142, 26118142, 26118142, 26118142, 26118142, 26118142, 26118142, 31690989, 27766321, 31697813, 26520888, 26520888, 26520888, 26445624, 26445624, 26445624, 26445624, 26445624, 26445624, 26445624, 26445624, 37283395, 26363542, 27773145, 27773145, 25454110, 25454110, 25454110, 25454110, 25454110, 25454110, 25454110, 25454110, 25454110, 25454110, 25454110, 25454110, 27685307, 27685307, 27685307, 27685307, 27512576, 27512576, 27278932, 27278932, 27278932, 27278932, 27278932, 27278932, 27278932, 27278932, 27278932, 27278932, 27278932, 27278932, 27278932, 27278932, 27278932, 27278932, 27278932, 27278932, 27278932, 27278932, 27278932, 27278932, 27278932, 27278932, 27232760, 27232760, 27232760, 27232760, 27232760, 27232760, 27232760, 27232760, 27232760, 27232760, 27232760, 27103283, 27103283, 27103283, 27103283, 27103283, 27103283, 27103283, 27103283, 27103283, 26997779, 26997779, 26997779, 26997779, 26759908, 26759908, 50146341, 26997779, 26997779, 26956587, 26956587, 26956587, 26956587, 26956587, 26956587, 26956587, 26759908, 26759908, 26759908, 26759908, 26759908, 26759908, 26759908, 26759908, 26759908, 26726923, 170251899, 26695203, 26695203, 26695203, 26695203, 26695203, 26615821, 26706189, 26706189, 26645180, 191960006, 26645180, 26645180, 26645180, 26645180, 26645180, 26645180, 26645180, 26645180, 26645180, 26645180, 26645180, 26645180, 26645180, 26645180, 26444528, 26444528, 26454608, 26454608, 26454608, 26454608, 26454608, 26454608, 26454608, 26454608, 26454608, 26454608, 26454608, 26454608, 26454608, 26454608, 26428822, 26428822, 26428822, 26428822, 26729656, 26729656, 26729656, 26729656, 26729656, 26729656, 26729656, 26729656, 26729656, 146212763, 26729656, 26729656, 26729656, 26729656, 26729656, 27286840, 27286840, 26843454, 26843454, 26843454, 26843454, 26843454, 26843454, 26843454, 26843454, 26843454, 26843454, 26843454, 26843454, 26843454, 26843454, 26843454, 26843454, 26843454, 26843454, 26843454, 26843454, 26843454, 26843454, 26843454, 26573059, 26573059, 26573059, 26573059, 26573059, 26573059, 26573059, 26573059, 26573059, 26573059, 26573059, 26573059, 26639587, 26639587, 26639587, 26639587, 26639587, 26639587, 26639587, 26639587, 26639587, 26639587, 26639587, 26309846, 26309846, 26309846, 26309846, 26309846, 26309846, 26309846, 26309846, 26467984, 26467984]",0,0,0,NPU,0,0,0,0,0,0,1.0,hot,0,0,0,0,1.0,0
0,122,meta-llama/Llama-3.1-8B,1,10,11556474447,64007246873,52450772426,51966213046,52232477706,27286840,"[27286840, 27286840, 27286840, 27286840, 27286840, 27286840, 27286840, 27286840]",0,0,0,NPU,0,0,0,0,0,0,1.0,hot,0,0,0,0,1.0,0
0,92,meta-llama/Llama-3.1-8B,19,444,8705880302,64880964982,56175084680,24802543410,24945229872,73655317,"[31000079, 84153362, 30906699, 29738742, 29738742, 267515849, 138355882, 31000079, 31000079, 3471725896, 32012548, 32012548, 32012548, 32013892, 32013892, 32013892, 32013892, 31768005, 31768005, 31768005, 31768005, 31768005, 31768005, 31768005, 31768005, 31768005, 31768005, 31601225, 661205564, 31409793, 31409793, 31409793, 31409793, 28871748, 6647215220, 28875556, 44753829, 813683096, 37371425, 31000079, 31000079, 481652376, 1250160840, 30810577, 1300298034, 30810577, 30663852, 30663852, 30663852, 30410660, 30410660, 30410660, 30410660, 30410660, 30410660, 30410660, 30410660, 30410660, 30410660, 30410660, 30410660, 30410660, 30410660, 30410660, 30410660, 30410660, 30410660, 30410660, 30410660, 30410660, 220100484, 30343401, 27764953, 27764953, 186873131, 30093409, 85658247, 57765751, 29983933, 29983933, 29806160, 29806160, 29806160, 29806160, 29806160, 29816016, 29746454, 29746454, 29746454, 29746454, 29746454, 31675710, 27764953, 406973471, 28863593, 28863593, 35504712, 29482892, 29482892, 29498668, 29498668, 29498668, 29498668, 29498668, 29498668, 29498668, 29498668, 29498668, 29498668, 28863593, 28875556, 28875556, 28875556, 28875556, 28875556, 28875556, 28875556, 28875556, 28875556, 28875556, 159695869, 196250929, 28863593, 28863593, 28863593, 28863593, 28863593, 28863593, 28863593, 28863593, 28863593, 28863593, 28863593, 28863593, 28875556, 28875556, 309689576, 28680716, 28680716, 27764953, 890449822, 28193675, 28193675, 28193675, 28193675, 28193675, 28193675, 28193675, 28193675, 28193675, 28193675, 28193675, 28193675, 28193675, 28193675, 28193675, 28193675, 28193675, 28193675, 28193675, 28193675, 28193675, 28193675, 28193675, 28272208, 28272208, 28272208, 28272208, 28272208, 28272208, 28272208, 28272208, 436002103, 28107904, 28107904, 28107904, 28107904, 28107904, 28114176, 26786947, 236924990, 26425808, 26425808, 26425808, 26425808, 266754267, 27766321, 31697813, 328411051, 26363542, 27773145, 27773145, 333134627, 27685307, 27685307, 27685307, 27512576, 27512576, 27278932, 27278932, 27278932, 27278932, 27278932, 27278932, 27278932, 27278932, 27278932, 27278932, 27278932, 27278932, 27278932, 27278932, 27278932, 27278932, 27278932, 27278932, 27278932, 27278932, 27278932, 27278932, 27278932, 27278932, 27232760, 27232760, 27232760, 27232760, 27232760, 27232760, 27232760, 27232760, 27232760, 27232760, 27232760, 27103283, 27103283, 27103283, 27103283, 27103283, 27103283, 27103283, 27103283, 27103283, 26997779, 26997779, 26997779, 26997779, 26759908, 26759908, 50146341, 26997779, 26997779, 26956587, 26956587, 26956587, 26956587, 26956587, 26956587, 26956587, 26759908, 26759908, 26759908, 26759908, 26759908, 26759908, 26759908, 26759908, 26759908, 26726923, 170251899, 26695203, 26695203, 26695203, 26695203, 26695203, 26615821, 26706189, 26706189, 26645180, 191960006, 26645180, 26645180, 26645180, 26645180, 26645180, 26645180, 26645180, 26645180, 26645180, 26645180, 26645180, 26645180, 26645180, 26645180, 26444528, 26444528, 26454608, 26454608, 26454608, 26454608, 26454608, 26454608, 26454608, 26454608, 26454608, 26454608, 26454608, 26454608, 26454608, 26454608, 26428822, 26428822, 26428822, 26428822, 26729656, 26729656, 26729656, 26729656, 26729656, 26729656, 26729656, 26729656, 26729656, 146212763, 26729656, 26729656, 26729656, 26729656, 26729656, 27286840, 27286840, 26843454, 26843454, 26843454, 26843454, 26843454, 26843454, 26843454, 26843454, 26843454, 26843454, 26843454, 26843454, 26843454, 26843454, 26843454, 26843454, 26843454, 26843454, 26843454, 26843454, 26843454, 26843454, 26843454, 26573059, 26573059, 26573059, 26573059, 26573059, 26573059, 26573059, 26573059, 26573059, 26573059, 26573059, 26573059, 26639587, 26639587, 26639587, 26639587, 26639587, 26639587, 26639587, 26639587, 26639587, 26639587, 26639587, 26309846, 26309846, 26309846, 26309846, 26309846, 26309846, 26309846, 26309846, 26467984, 26467984, 266264660, 27286840, 27286840, 27286840, 27286840, 27286840, 27286840, 27286840, 27286840, 26843454, 26843454, 26843454, 80836230, 26639587, 26639587, 26639587, 26409918, 26409918, 25487317, 25487317, 25487317, 25487317, 25487317, 25487317, 25487317, 25487317, 86306078, 26309846, 26309846, 26309846, 26309846, 26309846, 26309846, 26309846, 26309846, 26309846, 26309846, 26309846]",0,0,0,NPU,0,0,0,0,0,0,1.0,hot,0,0,0,0,1.0,0
0,80,meta-llama/Llama-3.1-8B,11,590,7689823776,67073025440,59383201664,23546199862,23676998305,61775438,"[112762688, 29498668, 29498668, 29498668, 29498668, 135823059, 28863593, 28863593, 28863593, 28863593, 1802253302, 31000079, 84153362, 30906699, 29738742, 29738742, 267515849, 138355882, 31000079, 31000079, 3340080125, 27278932, 104366839, 32012548, 32012548, 32012548, 32013892, 32013892, 32013892, 32013892, 31768005, 31768005, 31768005, 31768005, 31768005, 31768005, 31768005, 31768005, 31768005, 31768005, 31601225, 28193675, 28193675, 27511680, 27511680, 549794854, 31409793, 31409793, 31409793, 31409793, 28871748, 26851204, 6620364016, 28875556, 44753829, 813683096, 37371425, 31000079, 31000079, 481652376, 27511680, 27511680, 26851204, 26851204, 26851204, 1114583868, 30810577, 1300298034, 30810577, 30663852, 30663852, 30663852, 30410660, 30410660, 30410660, 30410660, 30410660, 30410660, 30410660, 30410660, 30410660, 30410660, 30410660, 30410660, 30410660, 30410660, 30410660, 30410660, 30410660, 30410660, 30410660, 30410660, 30410660, 26774403, 26774403, 26774403, 26774403, 54384606, 58618266, 30343401, 27764953, 27764953, 26851204, 160021927, 30093409, 27059851, 26786947, 31811449, 57765751, 29983933, 29983933, 29806160, 29806160, 29806160, 29806160, 29806160, 29816016, 29746454, 29746454, 29746454, 29746454, 29746454, 31675710, 27764953, 406973471, 28863593, 28863593, 35504712, 29482892, 29482892, 29498668, 29498668, 29498668, 29498668, 29498668, 29498668, 29498668, 29498668, 29498668, 29498668, 28863593, 28875556, 28875556, 28875556, 28875556, 28875556, 28875556, 28875556, 28875556, 28875556, 28875556, 26171806, 133524063, 196250929, 28863593, 28863593, 28863593, 28863593, 28863593, 28863593, 28863593, 28863593, 28863593, 28863593, 28863593, 28863593, 28875556, 28875556, 25546260, 25546260, 25546260, 25546260, 25546260, 25546260, 25546260, 25546260, 25546260, 25546260, 25546260, 28680716, 28680716, 28680716, 27764953, 890449822, 28193675, 28193675, 28193675, 28193675, 28193675, 28193675, 28193675, 28193675, 28193675, 28193675, 28193675, 28193675, 28193675, 28193675, 28193675, 28193675, 28193675, 28193675, 28193675, 28193675, 28193675, 28193675, 28193675, 28272208, 28272208, 28272208, 28272208, 28272208, 28272208, 28272208, 28272208, 436002103, 28107904, 28107904, 28107904, 28107904, 28107904, 28114176, 26786947, 26019124, 26019124, 26019124, 26019124, 25739482, 107109012, 26425808, 26425808, 26425808, 26425808, 26118142, 26118142, 26118142, 26118142, 26118142, 26118142, 26118142, 26118142, 26118142, 31690989, 27766321, 31697813, 26520888, 26520888, 26520888, 26445624, 26445624, 26445624, 26445624, 26445624, 26445624, 26445624, 26445624, 37283395, 26363542, 27773145, 27773145, 333134627, 27685307, 27685307, 27685307, 27512576, 27512576, 27278932, 27278932, 27278932, 27278932, 27278932, 27278932, 27278932, 27278932, 27278932, 27278932, 27278932, 27278932, 27278932, 27278932, 27278932, 27278932, 27278932, 27278932, 27278932, 27278932, 27278932, 27278932, 27278932, 27278932, 27232760, 27232760, 27232760, 27232760, 27232760, 27232760, 27232760, 27232760, 27232760, 27232760, 27232760, 27103283, 27103283, 27103283, 27103283, 27103283, 27103283, 27103283, 27103283, 27103283, 26997779, 26997779, 26997779, 26997779, 26759908, 26759908, 50146341, 26997779, 26997779, 26956587, 26956587, 26956587, 26956587, 26956587, 26956587, 26956587, 26759908, 26759908, 26759908, 26759908, 26759908, 26759908, 26759908, 26759908, 26759908, 26726923, 170251899, 26695203, 26695203, 26695203, 26695203, 26695203, 26615821, 26706189, 26706189, 26645180, 191960006, 26645180, 26645180, 26645180, 26645180, 26645180, 26645180, 26645180, 26645180, 26645180, 26645180, 26645180, 26645180, 26645180, 26645180, 26444528, 26444528, 26454608, 26454608, 26454608, 26454608, 26454608, 26454608, 26454608, 26454608, 26454608, 26454608, 26454608, 26454608, 26454608, 26454608, 26428822, 26428822, 26428822, 26428822, 26729656, 26729656, 26729656, 26729656, 26729656, 26729656, 26729656, 26729656, 26729656, 146212763, 26729656, 26729656, 26729656, 26729656, 26729656, 27286840, 27286840, 26843454, 26843454, 26843454, 26843454, 26843454, 26843454, 26843454, 26843454, 26843454, 26843454, 26843454, 26843454, 26843454, 26843454, 26843454, 26843454, 26843454, 26843454, 26843454, 26843454, 26843454, 26843454, 26843454, 26573059, 26573059, 26573059, 26573059, 26573059, 26573059, 26573059, 26573059, 26573059, 26573059, 26573059, 26573059, 26639587, 26639587, 26639587, 26639587, 26639587, 26639587, 26639587, 26639587, 26639587, 26639587, 26639587, 26309846, 26309846, 26309846, 26309846, 26309846, 26309846, 26309846, 26309846, 26467984, 26467984, 266264660, 27286840, 27286840, 27286840, 27286840, 27286840, 27286840, 27286840, 27286840, 26843454, 26843454, 26843454, 26359326, 26359326, 28117578, 26639587, 26639587, 26639587, 26409918, 26409918, 25487317, 25487317, 25487317, 25487317, 25487317, 25487317, 25487317, 25487317, 25763867, 25763867, 34778344, 26309846, 26309846, 26309846, 26309846, 26309846, 26309846, 26309846, 26309846, 26309846, 26309846, 26309846, 36506186, 26639587, 26639587, 26639587, 26639587, 26639587, 26639587, 26639587, 26639587, 26639587, 26639587, 26639587, 27115070, 25829685, 25829685, 25829685, 25829685, 25829685, 25829685, 25829685, 28942586, 27115070, 27115070, 26211925, 26211925, 26211925, 26016091, 26016091, 26016091, 26016091, 26016091, 26016091, 26016091, 26016091, 26016091, 26016091, 35274135, 26456112, 26456112, 26456112, 26456112, 26456112, 26456112, 26456112, 26456112, 26456112, 26456112, 26456112, 26456112, 26456112, 26456112, 26456112, 26456112, 26456112, 26456112, 26456112, 26456112, 26456112, 26456112, 26456112, 26456112, 26456112, 26456112, 26456112, 26456112, 26456112, 26456112, 26456112, 26581534, 26971646, 26971646, 26971646, 26971646, 26971646, 26971646, 26971646, 26971646, 26971646, 26971646, 26971646, 26971646, 26971646]",0,0,0,NPU,0,0,0,0,0,0,1.0,hot,0,0,0,0,1.0,0
0,90,meta-llama/Llama-3.1-8B,226,742,8437928393,67241363446,58803435053,22798095245,22928893688,69659303,"[2284288093, 31000079, 84153362, 30906699, 29738742, 29738742, 267515849, 138355882, 31000079, 31000079, 3471725896, 32012548, 32012548, 32012548, 32013892, 32013892, 32013892, 32013892, 31768005, 31768005, 31768005, 31768005, 31768005, 31768005, 31768005, 31768005, 31768005, 31768005, 31601225, 28193675, 28193675, 604818214, 31409793, 31409793, 31409793, 31409793, 28871748, 6647215220, 28875556, 44753829, 813683096, 37371425, 31000079, 31000079, 481652376, 1250160840, 30810577, 1300298034, 30810577, 30663852, 30663852, 30663852, 30410660, 30410660, 30410660, 30410660, 30410660, 30410660, 30410660, 30410660, 30410660, 30410660, 30410660, 30410660, 30410660, 30410660, 30410660, 30410660, 30410660, 30410660, 30410660, 30410660, 30410660, 220100484, 30343401, 27764953, 27764953, 186873131, 30093409, 27059851, 58598396, 57765751, 29983933, 29983933, 29806160, 29806160, 29806160, 29806160, 29806160, 29816016, 29746454, 29746454, 29746454, 29746454, 29746454, 31675710, 27764953, 406973471, 28863593, 28863593, 35504712, 29482892, 29482892, 29498668, 29498668, 29498668, 29498668, 29498668, 29498668, 29498668, 29498668, 29498668, 29498668, 28863593, 28875556, 28875556, 28875556, 28875556, 28875556, 28875556, 28875556, 28875556, 28875556, 28875556, 159695869, 196250929, 28863593, 28863593, 28863593, 28863593, 28863593, 28863593, 28863593, 28863593, 28863593, 28863593, 28863593, 28863593, 28875556, 28875556, 309689576, 28680716, 28680716, 27764953, 890449822, 28193675, 28193675, 28193675, 28193675, 28193675, 28193675, 28193675, 28193675, 28193675, 28193675, 28193675, 28193675, 28193675, 28193675, 28193675, 28193675, 28193675, 28193675, 28193675, 28193675, 28193675, 28193675, 28193675, 28272208, 28272208, 28272208, 28272208, 28272208, 28272208, 28272208, 28272208, 436002103, 28107904, 28107904, 28107904, 28107904, 28107904, 28114176, 26786947, 236924990, 26425808, 26425808, 26425808, 26425808, 266754267, 27766321, 31697813, 26520888, 26520888, 26520888, 26445624, 26445624, 26445624, 26445624, 26445624, 26445624, 26445624, 26445624, 37283395, 26363542, 27773145, 27773145, 333134627, 27685307, 27685307, 27685307, 27512576, 27512576, 27278932, 27278932, 27278932, 27278932, 27278932, 27278932, 27278932, 27278932, 27278932, 27278932, 27278932, 27278932, 27278932, 27278932, 27278932, 27278932, 27278932, 27278932, 27278932, 27278932, 27278932, 27278932, 27278932, 27278932, 27232760, 27232760, 27232760, 27232760, 27232760, 27232760, 27232760, 27232760, 27232760, 27232760, 27232760, 27103283, 27103283, 27103283, 27103283, 27103283, 27103283, 27103283, 27103283, 27103283, 26997779, 26997779, 26997779, 26997779, 26759908, 26759908, 50146341, 26997779, 26997779, 26956587, 26956587, 26956587, 26956587, 26956587, 26956587, 26956587, 26759908, 26759908, 26759908, 26759908, 26759908, 26759908, 26759908, 26759908, 26759908, 26726923, 170251899, 26695203, 26695203, 26695203, 26695203, 26695203, 26615821, 26706189, 26706189, 26645180, 191960006, 26645180, 26645180, 26645180, 26645180, 26645180, 26645180, 26645180, 26645180, 26645180, 26645180, 26645180, 26645180, 26645180, 26645180, 26444528, 26444528, 26454608, 26454608, 26454608, 26454608, 26454608, 26454608, 26454608, 26454608, 26454608, 26454608, 26454608, 26454608, 26454608, 26454608, 26428822, 26428822, 26428822, 26428822, 26729656, 26729656, 26729656, 26729656, 26729656, 26729656, 26729656, 26729656, 26729656, 146212763, 26729656, 26729656, 26729656, 26729656, 26729656, 27286840, 27286840, 26843454, 26843454, 26843454, 26843454, 26843454, 26843454, 26843454, 26843454, 26843454, 26843454, 26843454, 26843454, 26843454, 26843454, 26843454, 26843454, 26843454, 26843454, 26843454, 26843454, 26843454, 26843454, 26843454, 26573059, 26573059, 26573059, 26573059, 26573059, 26573059, 26573059, 26573059, 26573059, 26573059, 26573059, 26573059, 26639587, 26639587, 26639587, 26639587, 26639587, 26639587, 26639587, 26639587, 26639587, 26639587, 26639587, 26309846, 26309846, 26309846, 26309846, 26309846, 26309846, 26309846, 26309846, 26467984, 26467984, 266264660, 27286840, 27286840, 27286840, 27286840, 27286840, 27286840, 27286840, 27286840, 26843454, 26843454, 26843454, 80836230, 26639587, 26639587, 26639587, 26409918, 26409918, 25487317, 25487317, 25487317, 25487317, 25487317, 25487317, 25487317, 25487317, 25763867, 25763867, 34778344, 26309846, 26309846, 26309846, 26309846, 26309846, 26309846, 26309846, 26309846, 26309846, 26309846, 26309846, 36506186, 26639587, 26639587, 26639587, 26639587, 26639587, 26639587, 26639587, 26639587, 26639587, 26639587, 26639587, 27115070, 25829685, 25829685, 25829685, 25829685, 25829685, 25829685, 25829685, 28942586, 27115070, 27115070, 26211925, 26211925, 26211925, 26016091, 26016091, 26016091, 26016091, 26016091, 26016091, 26016091, 26016091, 26016091, 26016091, 35274135, 26456112, 26456112, 26456112, 26456112, 26456112, 26456112, 26456112, 26456112, 26456112, 26456112, 26456112, 26456112, 26456112, 26456112, 26456112, 26456112, 26456112, 26456112, 26456112, 26456112, 26456112, 26456112, 26456112, 26456112, 26456112, 26456112, 26456112, 26456112, 26456112, 26456112, 26456112, 414088428, 26292502, 26292502, 26292502, 26292502, 26292502]",0,0,0,PCIE_NVME,0,31457280,0,31457280,31457280,31457280,1.0,hot,0,0,0,0,1.0,62914560
0,111,meta-llama/Llama-3.1-8B,13,490,9906919404,67835872731,57928953327,27810957167,27889326179,63108460,"[32012548, 32012548, 32012548, 32013892, 32013892, 32013892, 32013892, 31768005, 31768005, 31768005, 31768005, 31768005, 31768005, 31768005, 31768005, 31768005, 31768005, 31601225, 661205564, 31409793, 31409793, 31409793, 31409793, 7600770874, 31000079, 31000079, 1731813216, 30810577, 1300298034, 30810577, 30663852, 30663852, 30663852, 30410660, 30410660, 30410660, 30410660, 30410660, 30410660, 30410660, 30410660, 30410660, 30410660, 30410660, 30410660, 30410660, 30410660, 30410660, 30410660, 30410660, 30410660, 30410660, 30410660, 30410660, 220100484, 30343401, 242403037, 30093409, 85658247, 57765751, 29983933, 29983933, 29806160, 29806160, 29806160, 29806160, 29806160, 29816016, 29746454, 29746454, 29746454, 29746454, 29746454, 31675710, 434738424, 28863593, 28863593, 35504712, 29482892, 29482892, 29498668, 29498668, 29498668, 29498668, 29498668, 29498668, 29498668, 29498668, 29498668, 29498668, 28863593, 28875556, 28875556, 28875556, 28875556, 28875556, 28875556, 28875556, 28875556, 28875556, 28875556, 355946798, 28863593, 28863593, 28863593, 28863593, 28863593, 28863593, 28863593, 28863593, 28863593, 28863593, 28863593, 28863593, 28875556, 28875556, 309689576, 28680716, 28680716, 918214775, 28193675, 28193675, 28193675, 28193675, 28193675, 28193675, 28193675, 28193675, 28193675, 28193675, 28193675, 28193675, 28193675, 28193675, 28193675, 28193675, 28193675, 28193675, 28193675, 28193675, 28193675, 28193675, 28193675, 28272208, 28272208, 28272208, 28272208, 28272208, 28272208, 28272208, 28272208, 436002103, 28107904, 28107904, 28107904, 28107904, 28107904, 28114176, 636169436, 27766321, 360108864, 54136687, 27773145, 333134627, 27685307, 27685307, 27685307, 27512576, 27512576, 27278932, 27278932, 27278932, 27278932, 27278932, 27278932, 27278932, 27278932, 27278932, 27278932, 27278932, 27278932, 27278932, 27278932, 27278932, 27278932, 27278932, 27278932, 27278932, 27278932, 27278932, 27278932, 27278932, 27278932, 27232760, 27232760, 27232760, 27232760, 27232760, 27232760, 27232760, 27232760, 27232760, 27232760, 27232760, 27103283, 27103283, 27103283, 27103283, 27103283, 27103283, 27103283, 27103283, 27103283, 26997779, 26997779, 26997779, 26997779, 26759908, 26759908, 50146341, 26997779, 26997779, 26956587, 26956587, 26956587, 26956587, 26956587, 26956587, 26956587, 26759908, 26759908, 26759908, 26759908, 26759908, 26759908, 26759908, 26759908, 26759908, 26726923, 170251899, 26695203, 26695203, 26695203, 26695203, 26695203, 26615821, 26706189, 26706189, 26645180, 191960006, 26645180, 26645180, 26645180, 26645180, 26645180, 26645180, 26645180, 26645180, 26645180, 26645180, 26645180, 26645180, 26645180, 26645180, 26444528, 26444528, 26454608, 26454608, 26454608, 26454608, 26454608, 26454608, 26454608, 26454608, 26454608, 26454608, 26454608, 26454608, 26454608, 26454608, 26428822, 26428822, 26428822, 26428822, 26729656, 26729656, 26729656, 26729656, 26729656, 26729656, 26729656, 26729656, 26729656, 146212763, 26729656, 26729656, 26729656, 26729656, 26729656, 27286840, 27286840, 26843454, 26843454, 26843454, 26843454, 26843454, 26843454, 26843454, 26843454, 26843454, 26843454, 26843454, 26843454, 26843454, 26843454, 26843454, 26843454, 26843454, 26843454, 26843454, 26843454, 26843454, 26843454, 26843454, 26573059, 26573059, 26573059, 26573059, 26573059, 26573059, 26573059, 26573059, 26573059, 26573059, 26573059, 26573059, 26639587, 26639587, 26639587, 26639587, 26639587, 26639587, 26639587, 26639587, 26639587, 26639587, 26639587, 26309846, 26309846, 26309846, 26309846, 26309846, 26309846, 26309846, 26309846, 26467984, 26467984, 266264660, 27286840, 27286840, 27286840, 27286840, 27286840, 27286840, 27286840, 27286840, 26843454, 26843454, 26843454, 80836230, 26639587, 26639587, 26639587, 26409918, 26409918, 25487317, 25487317, 25487317, 25487317, 25487317, 25487317, 25487317, 25487317, 86306078, 26309846, 26309846, 26309846, 26309846, 26309846, 26309846, 26309846, 26309846, 26309846, 26309846, 26309846, 36506186, 26639587, 26639587, 26639587, 26639587, 26639587, 26639587, 26639587, 26639587, 26639587, 26639587, 26639587, 27115070, 25829685, 25829685, 25829685, 25829685, 25829685, 25829685, 25829685, 28942586, 27115070, 27115070, 374070820, 26456112, 26456112, 26456112, 26456112, 26456112, 26456112, 26456112, 26456112, 26456112, 26456112, 26456112, 26456112, 26456112, 26456112, 26456112, 26456112, 26456112, 26456112, 26456112, 26456112, 26456112, 26456112, 26456112, 26456112, 26456112, 26456112, 26456112, 26456112, 26456112, 26456112, 26456112, 414088428, 26292502, 26292502, 26292502, 26292502, 26292502, 94622211, 26309846, 26309846, 26309846, 26309846, 26309846, 26309846, 26309846, 26309846, 26309846, 26309846, 26309846, 26309846, 26309846, 26309846, 26309846, 26309846, 26309846, 26309846, 26309846]",0,0,0,PCIE_NVME,0,65011712,0,65011712,65011712,65011712,1.0,hot,0,0,0,0,1.0,130023424
0,121,meta-llama/Llama-3.1-8B,8,127,11518201376,68391451083,56873249707,52004486117,52270750777,39004228,"[27286840, 27286840, 27286840, 27286840, 27286840, 27286840, 27286840, 27286840, 26843454, 26843454, 26843454, 80836230, 26639587, 26639587, 26639587, 343024450, 26309846, 26309846, 26309846, 26309846, 26309846, 26309846, 26309846, 26309846, 26309846, 26309846, 26309846, 36506186, 26639587, 26639587, 26639587, 26639587, 26639587, 26639587, 26639587, 26639587, 26639587, 26639587, 26639587, 665166411, 26456112, 26456112, 26456112, 26456112, 26456112, 26456112, 26456112, 26456112, 26456112, 26456112, 26456112, 26456112, 26456112, 26456112, 26456112, 26456112, 26456112, 26456112, 26456112, 26456112, 26456112, 26456112, 26456112, 26456112, 26456112, 26456112, 26456112, 26456112, 26456112, 26456112, 26456112, 414088428, 26292502, 26292502, 26292502, 26292502, 26292502, 94622211, 26309846, 26309846, 26309846, 26309846, 26309846, 26309846, 26309846, 26309846, 26309846, 26309846, 26309846, 26309846, 26309846, 26309846, 26309846, 26309846, 26309846, 26309846, 26309846, 26456112, 26456112, 26456112, 26456112, 26456112, 26456112, 26456112, 26456112, 26456112, 26456112, 26456112, 26456112, 26456112, 26456112, 26456112, 26456112, 26456112, 26456112, 26456112, 26456112, 26456112]",0,0,0,NPU,0,0,0,0,0,0,1.0,hot,0,0,0,0,1.0,0
0,114,meta-llama/Llama-3.1-8B,946,1244,10437852539,68662601783,58224749244,42650555918,42846806847,51777583,"[28863593, 28863593, 28863593, 28863593, 28863593, 28863593, 28863593, 28863593, 28863593, 28863593, 28863593, 28863593, 28875556, 28875556, 309689576, 28680716, 28680716, 5384514464, 26997779, 26997779, 26956587, 26956587, 26956587, 26956587, 26956587, 26956587, 26956587, 26759908, 26759908, 26759908, 26759908, 26759908, 26759908, 26759908, 26759908, 26759908, 26726923, 170251899, 26695203, 26695203, 26695203, 26695203, 26695203, 26615821, 26706189, 26706189, 26645180, 191960006, 26645180, 26645180, 26645180, 26645180, 26645180, 26645180, 26645180, 26645180, 26645180, 26645180, 26645180, 26645180, 26645180, 26645180, 26444528, 26444528, 26454608, 26454608, 26454608, 26454608, 26454608, 26454608, 26454608, 26454608, 26454608, 26454608, 26454608, 26454608, 26454608, 26454608, 26428822, 26428822, 26428822, 26428822, 26729656, 26729656, 26729656, 26729656, 26729656, 26729656, 26729656, 26729656, 26729656, 146212763, 26729656, 26729656, 26729656, 26729656, 26729656, 27286840, 27286840, 26843454, 26843454, 26843454, 26843454, 26843454, 26843454, 26843454, 26843454, 26843454, 26843454, 26843454, 26843454, 26843454, 26843454, 26843454, 26843454, 26843454, 26843454, 26843454, 26843454, 26843454, 26843454, 26843454, 26573059, 26573059, 26573059, 26573059, 26573059, 26573059, 26573059, 26573059, 26573059, 26573059, 26573059, 26573059, 26639587, 26639587, 26639587, 26639587, 26639587, 26639587, 26639587, 26639587, 26639587, 26639587, 26639587, 26309846, 26309846, 26309846, 26309846, 26309846, 26309846, 26309846, 26309846, 26467984, 26467984, 266264660, 27286840, 27286840, 27286840, 27286840, 27286840, 27286840, 27286840, 27286840, 26843454, 26843454, 26843454, 80836230, 26639587, 26639587, 26639587, 26409918, 26409918, 290204614, 26309846, 26309846, 26309846, 26309846, 26309846, 26309846, 26309846, 26309846, 26309846, 26309846, 26309846, 36506186, 26639587, 26639587, 26639587, 26639587, 26639587, 26639587, 26639587, 26639587, 26639587, 26639587, 26639587, 27115070, 25829685, 25829685, 25829685, 25829685, 25829685, 25829685, 25829685, 28942586, 27115070, 27115070, 374070820, 26456112, 26456112, 26456112, 26456112, 26456112, 26456112, 26456112, 26456112, 26456112, 26456112, 26456112, 26456112, 26456112, 26456112, 26456112, 26456112, 26456112, 26456112, 26456112, 26456112, 26456112, 26456112, 26456112, 26456112, 26456112, 26456112, 26456112, 26456112, 26456112, 26456112, 26456112, 414088428, 26292502, 26292502, 26292502, 26292502, 26292502, 94622211, 26309846, 26309846, 26309846, 26309846, 26309846, 26309846, 26309846, 26309846, 26309846, 26309846, 26309846, 26309846, 26309846, 26309846, 26309846, 26309846, 26309846, 26309846, 26309846, 26456112, 26456112, 26456112, 26456112, 26456112, 26456112, 26456112, 26456112, 26456112, 26456112, 26456112, 26456112, 26456112, 26456112, 26456112, 26456112, 26456112, 26456112, 26456112, 26456112, 26456112, 27115070, 27115070, 27115070, 27115070, 27115070, 27115070, 27115070, 27115070, 27115070, 27115070]",0,0,0,PCIE_NVME,0,127926272,0,127926272,127926272,127926272,1.0,hot,0,0,0,0,1.0,255852544
0,117,meta-llama/Llama-3.1-8B,879,1146,10826450953,69197146407,58370695454,49124145895,49294397794,34121419,"[26695203, 26695203, 26695203, 26695203, 26695203, 26615821, 26706189, 26706189, 26645180, 191960006, 26645180, 26645180, 26645180, 26645180, 26645180, 26645180, 26645180, 26645180, 26645180, 26645180, 26645180, 26645180, 26645180, 26645180, 26444528, 26444528, 26454608, 26454608, 26454608, 26454608, 26454608, 26454608, 26454608, 26454608, 26454608, 26454608, 26454608, 26454608, 26454608, 26454608, 26428822, 26428822, 26428822, 26428822, 26729656, 26729656, 26729656, 26729656, 26729656, 26729656, 26729656, 26729656, 26729656, 146212763, 26729656, 26729656, 26729656, 26729656, 26729656, 27286840, 27286840, 26843454, 26843454, 26843454, 26843454, 26843454, 26843454, 26843454, 26843454, 26843454, 26843454, 26843454, 26843454, 26843454, 26843454, 26843454, 26843454, 26843454, 26843454, 26843454, 26843454, 26843454, 26843454, 26843454, 26573059, 26573059, 26573059, 26573059, 26573059, 26573059, 26573059, 26573059, 26573059, 26573059, 26573059, 26573059, 26639587, 26639587, 26639587, 26639587, 26639587, 26639587, 26639587, 26639587, 26639587, 26639587, 26639587, 26309846, 26309846, 26309846, 26309846, 26309846, 26309846, 26309846, 26309846, 26467984, 26467984, 266264660, 27286840, 27286840, 27286840, 27286840, 27286840, 27286840, 27286840, 27286840, 26843454, 26843454, 26843454, 80836230, 26639587, 26639587, 26639587, 26409918, 26409918, 290204614, 26309846, 26309846, 26309846, 26309846, 26309846, 26309846, 26309846, 26309846, 26309846, 26309846, 26309846, 36506186, 26639587, 26639587, 26639587, 26639587, 26639587, 26639587, 26639587, 26639587, 26639587, 26639587, 26639587, 27115070, 209750381, 27115070, 27115070, 374070820, 26456112, 26456112, 26456112, 26456112, 26456112, 26456112, 26456112, 26456112, 26456112, 26456112, 26456112, 26456112, 26456112, 26456112, 26456112, 26456112, 26456112, 26456112, 26456112, 26456112, 26456112, 26456112, 26456112, 26456112, 26456112, 26456112, 26456112, 26456112, 26456112, 26456112, 26456112, 414088428, 26292502, 26292502, 26292502, 26292502, 26292502, 94622211, 26309846, 26309846, 26309846, 26309846, 26309846, 26309846, 26309846, 26309846, 26309846, 26309846, 26309846, 26309846, 26309846, 26309846, 26309846, 26309846, 26309846, 26309846, 26309846, 26456112, 26456112, 26456112, 26456112, 26456112, 26456112, 26456112, 26456112, 26456112, 26456112, 26456112, 26456112, 26456112, 26456112, 26456112, 26456112, 26456112, 26456112, 26456112, 26456112, 26456112, 27115070, 27115070, 27115070, 27115070, 27115070, 27115070, 27115070, 27115070, 27115070, 27115070, 190615168, 26456112, 26456112, 26456112, 26456112, 26456112, 26456112, 26456112, 26456112, 26456112, 26456112, 26456112, 26456112, 26456112]",0,0,0,NPU,0,0,0,0,0,0,1.0,hot,0,0,0,0,1.0,0
0,126,meta-llama/Llama-3.1-8B,970,1017,11820091078,71720548223,59900457145,56842510705,57033125873,62333288,"[26456112, 26456112, 26456112, 26456112, 26456112, 26456112, 26456112, 26456112, 26456112, 26456112, 26456112, 26456112, 26456112, 210909470, 26695203, 26695203, 26790979, 26790979, 26790979, 26790979, 26790979, 26790979, 26790979, 26790979, 26790979, 26790979, 26790979, 26790979, 26790979, 26573059, 1487722840, 26428822, 26428822, 26428822, 26428822, 26428822, 26428822, 26428822, 26428822, 26428822, 26428822, 26428822, 26428822, 26428822, 26428822, 26519806]",0,0,0,NPU,0,0,0,0,0,0,1.0,hot,0,0,0,0,1.0,0
0,131,meta-llama/Llama-3.1-8B,64,103,12168554895,71942666233,59774111338,57028591512,57239500982,66700272,"[26695203, 26695203, 26790979, 26790979, 26790979, 26790979, 26790979, 26790979, 26790979, 26790979, 26790979, 26790979, 26790979, 26790979, 26790979, 1514295899, 26428822, 26428822, 26428822, 26428822, 26428822, 26428822, 26428822, 26428822, 26428822, 26428822, 26428822, 26428822, 26428822, 26428822, 61694493, 26706189, 26706189, 26706189, 26706189, 26706189, 26706189, 26706189]",0,0,0,NPU,0,0,0,0,0,0,1.0,hot,0,0,0,0,1.0,0
0,116,meta-llama/Llama-3.1-8B,15,426,10805801406,72422279473,61616478067,42282607051,42478857980,46677122,"[28863593, 28863593, 28863593, 28863593, 28863593, 28863593, 28863593, 28863593, 28863593, 28863593, 28863593, 28863593, 28875556, 28875556, 309689576, 28680716, 28680716, 5384514464, 26997779, 26997779, 26956587, 26956587, 26956587, 26956587, 26956587, 26956587, 26956587, 26759908, 26759908, 26759908, 26759908, 26759908, 26759908, 26759908, 26759908, 26759908, 26726923, 170251899, 26695203, 26695203, 26695203, 26695203, 26695203, 26615821, 26706189, 26706189, 26645180, 191960006, 26645180, 26645180, 26645180, 26645180, 26645180, 26645180, 26645180, 26645180, 26645180, 26645180, 26645180, 26645180, 26645180, 26645180, 26444528, 26444528, 26454608, 26454608, 26454608, 26454608, 26454608, 26454608, 26454608, 26454608, 26454608, 26454608, 26454608, 26454608, 26454608, 26454608, 26428822, 26428822, 26428822, 26428822, 26729656, 26729656, 26729656, 26729656, 26729656, 26729656, 26729656, 26729656, 26729656, 146212763, 26729656, 26729656, 26729656, 26729656, 26729656, 27286840, 27286840, 26843454, 26843454, 26843454, 26843454, 26843454, 26843454, 26843454, 26843454, 26843454, 26843454, 26843454, 26843454, 26843454, 26843454, 26843454, 26843454, 26843454, 26843454, 26843454, 26843454, 26843454, 26843454, 26843454, 26573059, 26573059, 26573059, 26573059, 26573059, 26573059, 26573059, 26573059, 26573059, 26573059, 26573059, 26573059, 26639587, 26639587, 26639587, 26639587, 26639587, 26639587, 26639587, 26639587, 26639587, 26639587, 26639587, 26309846, 26309846, 26309846, 26309846, 26309846, 26309846, 26309846, 26309846, 26467984, 26467984, 266264660, 27286840, 27286840, 27286840, 27286840, 27286840, 27286840, 27286840, 27286840, 26843454, 26843454, 26843454, 80836230, 26639587, 26639587, 26639587, 26409918, 26409918, 290204614, 26309846, 26309846, 26309846, 26309846, 26309846, 26309846, 26309846, 26309846, 26309846, 26309846, 26309846, 36506186, 26639587, 26639587, 26639587, 26639587, 26639587, 26639587, 26639587, 26639587, 26639587, 26639587, 26639587, 27115070, 209750381, 27115070, 27115070, 374070820, 26456112, 26456112, 26456112, 26456112, 26456112, 26456112, 26456112, 26456112, 26456112, 26456112, 26456112, 26456112, 26456112, 26456112, 26456112, 26456112, 26456112, 26456112, 26456112, 26456112, 26456112, 26456112, 26456112, 26456112, 26456112, 26456112, 26456112, 26456112, 26456112, 26456112, 26456112, 414088428, 26292502, 26292502, 26292502, 26292502, 26292502, 94622211, 26309846, 26309846, 26309846, 26309846, 26309846, 26309846, 26309846, 26309846, 26309846, 26309846, 26309846, 26309846, 26309846, 26309846, 26309846, 26309846, 26309846, 26309846, 26309846, 26456112, 26456112, 26456112, 26456112, 26456112, 26456112, 26456112, 26456112, 26456112, 26456112, 26456112, 26456112, 26456112, 26456112, 26456112, 26456112, 26456112, 26456112, 26456112, 26456112, 26456112, 27115070, 27115070, 27115070, 27115070, 27115070, 27115070, 27115070, 27115070, 27115070, 27115070, 190615168, 26456112, 26456112, 26456112, 26456112, 26456112, 26456112, 26456112, 26456112, 26456112, 26456112, 26456112, 26456112, 26456112, 210909470, 26695203, 26695203, 26790979, 26790979, 26790979, 26790979, 26790979, 26790979, 26790979, 26790979, 26790979, 26790979, 26790979, 26790979, 26790979, 26573059, 26445351, 26445351, 25648437, 25648437, 25648437, 108409739, 25648437, 25648437, 25648437, 25648437, 25904021, 25904021, 25904021, 25904021, 25904021, 181109001, 25904021, 25904021, 25904021, 25904021, 25904021, 25904021, 25904021, 25904021, 25904021, 25904021, 25904021, 25904021, 25904021, 25904021, 25904021, 27032487, 25904021, 25904021, 25904021, 25904021, 25904021, 25904021, 25904021, 25904021, 25904021, 25904021, 25904021, 25904021, 25904021, 25904021, 25904021, 32101117, 26428822, 26428822, 26428822, 26428822, 26428822, 26428822, 26428822, 26428822, 26428822, 26428822, 26428822, 26428822, 26428822, 26428822, 26519806, 35174687, 26706189, 26706189, 26706189, 26706189, 26706189, 26706189, 26706189, 26645180, 26645180, 26645180, 26645180, 26645180, 26645180, 26645180, 26645180, 26645180, 26645180, 26645180, 26645180, 26645180, 26645180, 26645180, 26645180, 26645180, 26645180]",0,0,0,PCIE_NVME,0,6291456,0,6291456,6291456,6291456,1.0,hot,0,0,0,0,1.0,12582912
0,135,meta-llama/Llama-3.1-8B,17,65,12547864283,72580946641,60033082358,56649282124,56860191594,67508314,"[26695203, 26695203, 26790979, 26790979, 26790979, 26790979, 26790979, 26790979, 26790979, 26790979, 26790979, 26790979, 26790979, 26790979, 26790979, 1945993900, 26706189, 26706189, 26706189, 26706189, 26706189, 26706189, 26706189, 26645180, 26645180, 26645180, 26645180, 26645180, 26645180, 26645180, 26645180, 26645180, 26645180, 26645180, 26645180, 26645180, 26645180, 26645180, 26645180, 26645180, 26645180, 26444528, 26444528, 26444528, 26444528, 26444528, 26444528]",0,0,0,PCIE_NVME,0,6291456,0,6291456,6291456,6291456,1.0,hot,0,0,0,0,1.0,12582912
0,118,meta-llama/Llama-3.1-8B,1004,1369,11049532293,73668730800,62619198507,49311465848,49503425854,36032342,"[26645180, 26645180, 26645180, 26645180, 26645180, 26645180, 26645180, 26645180, 26645180, 26645180, 26645180, 26645180, 26645180, 26645180, 26444528, 26444528, 26454608, 26454608, 26454608, 26454608, 26454608, 26454608, 26454608, 26454608, 26454608, 26454608, 26454608, 26454608, 26454608, 26454608, 26428822, 26428822, 26428822, 26428822, 26729656, 26729656, 26729656, 26729656, 26729656, 26729656, 26729656, 26729656, 26729656, 146212763, 26729656, 26729656, 26729656, 26729656, 26729656, 27286840, 27286840, 26843454, 26843454, 26843454, 26843454, 26843454, 26843454, 26843454, 26843454, 26843454, 26843454, 26843454, 26843454, 26843454, 26843454, 26843454, 26843454, 26843454, 26843454, 26843454, 26843454, 26843454, 26843454, 26843454, 26573059, 26573059, 26573059, 26573059, 26573059, 26573059, 26573059, 26573059, 26573059, 26573059, 26573059, 26573059, 26639587, 26639587, 26639587, 26639587, 26639587, 26639587, 26639587, 26639587, 26639587, 26639587, 26639587, 26309846, 26309846, 26309846, 26309846, 26309846, 26309846, 26309846, 26309846, 26467984, 26467984, 266264660, 27286840, 27286840, 27286840, 27286840, 27286840, 27286840, 27286840, 27286840, 26843454, 26843454, 26843454, 80836230, 26639587, 26639587, 26639587, 26409918, 26409918, 290204614, 26309846, 26309846, 26309846, 26309846, 26309846, 26309846, 26309846, 26309846, 26309846, 26309846, 26309846, 36506186, 26639587, 26639587, 26639587, 26639587, 26639587, 26639587, 26639587, 26639587, 26639587, 26639587, 26639587, 27115070, 209750381, 27115070, 27115070, 374070820, 26456112, 26456112, 26456112, 26456112, 26456112, 26456112, 26456112, 26456112, 26456112, 26456112, 26456112, 26456112, 26456112, 26456112, 26456112, 26456112, 26456112, 26456112, 26456112, 26456112, 26456112, 26456112, 26456112, 26456112, 26456112, 26456112, 26456112, 26456112, 26456112, 26456112, 26456112, 414088428, 26292502, 26292502, 26292502, 26292502, 26292502, 94622211, 26309846, 26309846, 26309846, 26309846, 26309846, 26309846, 26309846, 26309846, 26309846, 26309846, 26309846, 26309846, 26309846, 26309846, 26309846, 26309846, 26309846, 26309846, 26309846, 26456112, 26456112, 26456112, 26456112, 26456112, 26456112, 26456112, 26456112, 26456112, 26456112, 26456112, 26456112, 26456112, 26456112, 26456112, 26456112, 26456112, 26456112, 26456112, 26456112, 26456112, 27115070, 27115070, 27115070, 27115070, 27115070, 27115070, 27115070, 27115070, 27115070, 27115070, 190615168, 26456112, 26456112, 26456112, 26456112, 26456112, 26456112, 26456112, 26456112, 26456112, 26456112, 26456112, 26456112, 26456112, 210909470, 26695203, 26695203, 26790979, 26790979, 26790979, 26790979, 26790979, 26790979, 26790979, 26790979, 26790979, 26790979, 26790979, 26790979, 26790979, 26573059, 26445351, 26445351, 1434832138, 26428822, 26428822, 26428822, 26428822, 26428822, 26428822, 26428822, 26428822, 26428822, 26428822, 26428822, 26428822, 26428822, 26428822, 26519806, 35174687, 26706189, 26706189, 26706189, 26706189, 26706189, 26706189, 26706189, 26645180, 26645180, 26645180, 26645180, 26645180, 26645180, 26645180, 26645180, 26645180, 26645180, 26645180, 26645180, 26645180, 26645180, 26645180, 26645180, 26645180, 26645180, 26444528, 26444528, 26444528, 26444528, 26444528, 26444528, 26428822, 26428822, 26428822, 26428822, 26428822, 26428822, 26428822, 26428822, 26428822, 26428822, 26428822, 26428822, 26428822, 26428822, 26428822, 26428822, 26428822, 26428822, 26428822, 26428822, 26428822, 26428822, 26428822, 26428822, 26428822, 26428822, 26428822, 26428822, 26428822, 26428822, 26428822, 26428822, 26428822, 26428822, 27029173, 27029173, 27029173, 27029173, 27029173, 27029173, 27029173]",0,0,0,NPU,0,0,0,0,0,0,1.0,hot,0,0,0,0,1.0,0
0,105,meta-llama/Llama-3.1-8B,102,795,9627430486,73893309972,64265879486,28090446085,28168815097,52163387,"[32012548, 32012548, 32012548, 32013892, 32013892, 32013892, 32013892, 31768005, 31768005, 31768005, 31768005, 31768005, 31768005, 31768005, 31768005, 31768005, 31768005, 31601225, 661205564, 31409793, 31409793, 31409793, 31409793, 6749716353, 813683096, 37371425, 31000079, 31000079, 1731813216, 30810577, 1300298034, 30810577, 30663852, 30663852, 30663852, 30410660, 30410660, 30410660, 30410660, 30410660, 30410660, 30410660, 30410660, 30410660, 30410660, 30410660, 30410660, 30410660, 30410660, 30410660, 30410660, 30410660, 30410660, 30410660, 30410660, 30410660, 220100484, 30343401, 242403037, 30093409, 85658247, 57765751, 29983933, 29983933, 29806160, 29806160, 29806160, 29806160, 29806160, 29816016, 29746454, 29746454, 29746454, 29746454, 29746454, 31675710, 434738424, 28863593, 28863593, 35504712, 29482892, 29482892, 29498668, 29498668, 29498668, 29498668, 29498668, 29498668, 29498668, 29498668, 29498668, 29498668, 28863593, 28875556, 28875556, 28875556, 28875556, 28875556, 28875556, 28875556, 28875556, 28875556, 28875556, 355946798, 28863593, 28863593, 28863593, 28863593, 28863593, 28863593, 28863593, 28863593, 28863593, 28863593, 28863593, 28863593, 28875556, 28875556, 309689576, 28680716, 28680716, 27764953, 890449822, 28193675, 28193675, 28193675, 28193675, 28193675, 28193675, 28193675, 28193675, 28193675, 28193675, 28193675, 28193675, 28193675, 28193675, 28193675, 28193675, 28193675, 28193675, 28193675, 28193675, 28193675, 28193675, 28193675, 28272208, 28272208, 28272208, 28272208, 28272208, 28272208, 28272208, 28272208, 436002103, 28107904, 28107904, 28107904, 28107904, 28107904, 28114176, 636169436, 27766321, 31697813, 328411051, 54136687, 27773145, 333134627, 27685307, 27685307, 27685307, 27512576, 27512576, 27278932, 27278932, 27278932, 27278932, 27278932, 27278932, 27278932, 27278932, 27278932, 27278932, 27278932, 27278932, 27278932, 27278932, 27278932, 27278932, 27278932, 27278932, 27278932, 27278932, 27278932, 27278932, 27278932, 27278932, 27232760, 27232760, 27232760, 27232760, 27232760, 27232760, 27232760, 27232760, 27232760, 27232760, 27232760, 27103283, 27103283, 27103283, 27103283, 27103283, 27103283, 27103283, 27103283, 27103283, 26997779, 26997779, 26997779, 26997779, 26759908, 26759908, 50146341, 26997779, 26997779, 26956587, 26956587, 26956587, 26956587, 26956587, 26956587, 26956587, 26759908, 26759908, 26759908, 26759908, 26759908, 26759908, 26759908, 26759908, 26759908, 26726923, 170251899, 26695203, 26695203, 26695203, 26695203, 26695203, 26615821, 26706189, 26706189, 26645180, 191960006, 26645180, 26645180, 26645180, 26645180, 26645180, 26645180, 26645180, 26645180, 26645180, 26645180, 26645180, 26645180, 26645180, 26645180, 26444528, 26444528, 26454608, 26454608, 26454608, 26454608, 26454608, 26454608, 26454608, 26454608, 26454608, 26454608, 26454608, 26454608, 26454608, 26454608, 26428822, 26428822, 26428822, 26428822, 26729656, 26729656, 26729656, 26729656, 26729656, 26729656, 26729656, 26729656, 26729656, 146212763, 26729656, 26729656, 26729656, 26729656, 26729656, 27286840, 27286840, 26843454, 26843454, 26843454, 26843454, 26843454, 26843454, 26843454, 26843454, 26843454, 26843454, 26843454, 26843454, 26843454, 26843454, 26843454, 26843454, 26843454, 26843454, 26843454, 26843454, 26843454, 26843454, 26843454, 26573059, 26573059, 26573059, 26573059, 26573059, 26573059, 26573059, 26573059, 26573059, 26573059, 26573059, 26573059, 26639587, 26639587, 26639587, 26639587, 26639587, 26639587, 26639587, 26639587, 26639587, 26639587, 26639587, 26309846, 26309846, 26309846, 26309846, 26309846, 26309846, 26309846, 26309846, 26467984, 26467984, 266264660, 27286840, 27286840, 27286840, 27286840, 27286840, 27286840, 27286840, 27286840, 26843454, 26843454, 26843454, 80836230, 26639587, 26639587, 26639587, 26409918, 26409918, 25487317, 25487317, 25487317, 25487317, 25487317, 25487317, 25487317, 25487317, 86306078, 26309846, 26309846, 26309846, 26309846, 26309846, 26309846, 26309846, 26309846, 26309846, 26309846, 26309846, 36506186, 26639587, 26639587, 26639587, 26639587, 26639587, 26639587, 26639587, 26639587, 26639587, 26639587, 26639587, 27115070, 25829685, 25829685, 25829685, 25829685, 25829685, 25829685, 25829685, 28942586, 27115070, 27115070, 26211925, 26211925, 26211925, 295435045, 26456112, 26456112, 26456112, 26456112, 26456112, 26456112, 26456112, 26456112, 26456112, 26456112, 26456112, 26456112, 26456112, 26456112, 26456112, 26456112, 26456112, 26456112, 26456112, 26456112, 26456112, 26456112, 26456112, 26456112, 26456112, 26456112, 26456112, 26456112, 26456112, 26456112, 26456112, 414088428, 26292502, 26292502, 26292502, 26292502, 26292502, 94622211, 26309846, 26309846, 26309846, 26309846, 26309846, 26309846, 26309846, 26309846, 26309846, 26309846, 26309846, 26309846, 26309846, 26309846, 26309846, 26309846, 26309846, 26309846, 26309846, 26456112, 26456112, 26456112, 26456112, 26456112, 26456112, 26456112, 26456112, 26456112, 26456112, 26456112, 26456112, 26456112, 26456112, 26456112, 26456112, 26456112, 26456112, 26456112, 26456112, 26456112, 27115070, 27115070, 27115070, 27115070, 27115070, 27115070, 27115070, 27115070, 27115070, 27115070, 190615168, 26456112, 26456112, 26456112, 26456112, 26456112, 26456112, 26456112, 26456112, 26456112, 26456112, 26456112, 26456112, 26456112, 210909470, 26695203, 26695203, 26790979, 26790979, 26790979, 26790979, 26790979, 26790979, 26790979, 26790979, 26790979, 26790979, 26790979, 26790979, 26790979, 26573059, 26445351, 26445351, 25648437, 25648437, 25648437, 27327454, 27327454, 27327454, 26427377, 25648437, 25648437, 25648437, 25648437, 25904021, 25904021, 25904021, 25904021, 25904021, 25679419, 25679419, 25679419, 25679419, 25679419, 25679419, 27032487, 25904021, 25904021, 25904021, 25904021, 25904021, 25904021, 25904021, 25904021, 25904021, 25904021, 25904021, 25904021, 25904021, 25904021, 25904021, 27032487, 25904021, 25904021, 25904021, 25904021, 25904021, 25904021, 25904021, 25904021, 25904021, 25904021, 25904021, 25904021, 25904021, 25904021, 25904021, 32101117, 26428822, 26428822, 26428822, 26428822, 26428822, 26428822, 26428822, 26428822, 26428822, 26428822, 26428822, 26428822, 26428822, 26428822, 26519806, 35174687, 26706189, 26706189, 26706189, 26706189, 26706189, 26706189, 26706189, 26645180, 26645180, 26645180, 26645180, 26645180, 26645180, 26645180, 26645180, 26645180, 26645180, 26645180, 26645180, 26645180, 26645180, 26645180, 26645180, 26645180, 26645180, 26444528, 26444528, 26444528, 26444528, 26444528, 26444528, 26428822, 26428822, 26428822, 26428822, 26428822, 26428822, 26428822, 26428822, 26428822, 26428822, 26428822, 26428822, 26428822, 26428822, 26428822, 26428822, 26428822, 26428822, 26428822, 26428822, 26428822, 26428822, 26428822, 26428822, 26428822, 26428822, 26428822, 26428822, 26428822, 26428822, 26428822, 26428822, 26428822, 26428822, 27029173, 27029173, 27029173, 27029173, 27029173, 27029173, 27029173, 198150350, 26428822]",0,0,0,PCIE_NVME,0,33554432,0,33554432,33554432,33554432,1.0,hot,0,0,0,0,1.0,67108864
0,119,meta-llama/Llama-3.1-8B,726,1044,11127042283,74109952256,62982909973,50568484144,50714696907,38700987,"[26729656, 26729656, 26729656, 26729656, 26729656, 27286840, 27286840, 26843454, 26843454, 26843454, 26843454, 26843454, 26843454, 26843454, 26843454, 26843454, 26843454, 26843454, 26843454, 26843454, 26843454, 26843454, 26843454, 26843454, 26843454, 26843454, 26843454, 26843454, 26843454, 26843454, 26573059, 26573059, 26573059, 26573059, 26573059, 26573059, 26573059, 26573059, 26573059, 26573059, 26573059, 26573059, 26639587, 26639587, 26639587, 26639587, 26639587, 26639587, 26639587, 26639587, 26639587, 26639587, 26639587, 26309846, 26309846, 26309846, 26309846, 26309846, 26309846, 26309846, 26309846, 26467984, 26467984, 266264660, 27286840, 27286840, 27286840, 27286840, 27286840, 27286840, 27286840, 27286840, 26843454, 26843454, 26843454, 80836230, 26639587, 26639587, 26639587, 26409918, 26409918, 290204614, 26309846, 26309846, 26309846, 26309846, 26309846, 26309846, 26309846, 26309846, 26309846, 26309846, 26309846, 36506186, 26639587, 26639587, 26639587, 26639587, 26639587, 26639587, 26639587, 26639587, 26639587, 26639587, 26639587, 27115070, 209750381, 27115070, 27115070, 374070820, 26456112, 26456112, 26456112, 26456112, 26456112, 26456112, 26456112, 26456112, 26456112, 26456112, 26456112, 26456112, 26456112, 26456112, 26456112, 26456112, 26456112, 26456112, 26456112, 26456112, 26456112, 26456112, 26456112, 26456112, 26456112, 26456112, 26456112, 26456112, 26456112, 26456112, 26456112, 414088428, 26292502, 26292502, 26292502, 26292502, 26292502, 94622211, 26309846, 26309846, 26309846, 26309846, 26309846, 26309846, 26309846, 26309846, 26309846, 26309846, 26309846, 26309846, 26309846, 26309846, 26309846, 26309846, 26309846, 26309846, 26309846, 26456112, 26456112, 26456112, 26456112, 26456112, 26456112, 26456112, 26456112, 26456112, 26456112, 26456112, 26456112, 26456112, 26456112, 26456112, 26456112, 26456112, 26456112, 26456112, 26456112, 26456112, 27115070, 27115070, 27115070, 27115070, 27115070, 27115070, 27115070, 27115070, 27115070, 27115070, 190615168, 26456112, 26456112, 26456112, 26456112, 26456112, 26456112, 26456112, 26456112, 26456112, 26456112, 26456112, 26456112, 26456112, 210909470, 26695203, 26695203, 26790979, 26790979, 26790979, 26790979, 26790979, 26790979, 26790979, 26790979, 26790979, 26790979, 26790979, 26790979, 26790979, 26573059, 26445351, 26445351, 1434832138, 26428822, 26428822, 26428822, 26428822, 26428822, 26428822, 26428822, 26428822, 26428822, 26428822, 26428822, 26428822, 26428822, 26428822, 26519806, 35174687, 26706189, 26706189, 26706189, 26706189, 26706189, 26706189, 26706189, 26645180, 26645180, 26645180, 26645180, 26645180, 26645180, 26645180, 26645180, 26645180, 26645180, 26645180, 26645180, 26645180, 26645180, 26645180, 26645180, 26645180, 26645180, 26444528, 26444528, 26444528, 26444528, 26444528, 26444528, 26428822, 26428822, 26428822, 26428822, 26428822, 26428822, 26428822, 26428822, 26428822, 26428822, 26428822, 26428822, 26428822, 26428822, 26428822, 26428822, 26428822, 26428822, 26428822, 26428822, 26428822, 26428822, 26428822, 26428822, 26428822, 26428822, 26428822, 26428822, 26428822, 26428822, 26428822, 26428822, 26428822, 26428822, 387354561, 26428822, 189936095, 26706189]",0,0,0,NPU,0,0,0,0,0,0,1.0,hot,0,0,0,0,1.0,0
0,140,meta-llama/Llama-3.1-8B,90,95,13472596508,74334095509,60861499001,60420713464,60610649559,62712360,"[26706189, 170689407, 26726923, 26726923]",0,0,0,NPU,0,0,0,0,0,0,1.0,hot,0,0,0,0,1.0,0
0,124,meta-llama/Llama-3.1-8B,48,258,11594002337,74575214320,62981211983,51928685156,52194949816,51608909,"[27286840, 27286840, 27286840, 27286840, 27286840, 27286840, 27286840, 27286840, 26843454, 26843454, 26843454, 829693933, 26639587, 26639587, 26639587, 26639587, 26639587, 26639587, 26639587, 26639587, 26639587, 26639587, 26639587, 1899394311, 26292502, 26292502, 26292502, 26292502, 26292502, 94622211, 26309846, 26309846, 26309846, 26309846, 26309846, 26309846, 26309846, 26309846, 26309846, 26309846, 26309846, 26309846, 26309846, 26309846, 26309846, 26309846, 26309846, 26309846, 26309846, 26456112, 26456112, 26456112, 26456112, 26456112, 26456112, 26456112, 26456112, 26456112, 26456112, 26456112, 26456112, 26456112, 26456112, 26456112, 26456112, 26456112, 26456112, 26456112, 26456112, 26456112, 27115070, 27115070, 27115070, 27115070, 27115070, 27115070, 27115070, 27115070, 27115070, 27115070, 190615168, 26456112, 26456112, 26456112, 26456112, 26456112, 26456112, 26456112, 26456112, 26456112, 26456112, 26456112, 26456112, 26456112, 210909470, 26695203, 26695203, 26790979, 26790979, 26790979, 26790979, 26790979, 26790979, 26790979, 26790979, 26790979, 26790979, 26790979, 26790979, 26790979, 26573059, 1487722840, 26428822, 26428822, 26428822, 26428822, 26428822, 26428822, 26428822, 26428822, 26428822, 26428822, 26428822, 26428822, 26428822, 26428822, 26519806, 35174687, 26706189, 26706189, 26706189, 26706189, 26706189, 26706189, 26706189, 26645180, 26645180, 26645180, 26645180, 26645180, 26645180, 26645180, 26645180, 26645180, 26645180, 26645180, 26645180, 26645180, 26645180, 26645180, 26645180, 26645180, 26645180, 26444528, 26444528, 26444528, 26444528, 26444528, 26444528, 26428822, 26428822, 26428822, 26428822, 26428822, 26428822, 26428822, 26428822, 26428822, 26428822, 26428822, 26428822, 26428822, 26428822, 26428822, 26428822, 26428822, 26428822, 26428822, 26428822, 26428822, 26428822, 26428822, 26428822, 26428822, 26428822, 26428822, 26428822, 26428822, 26428822, 26428822, 26428822, 26428822, 26428822, 387354561, 26428822, 189936095, 26706189, 170689407, 26726923, 26726923, 26790979, 26790979, 26790979, 26790979, 26790979, 26790979, 26790979, 26790979, 26790979]",0,0,0,PCIE_NVME,0,18874368,0,18874368,18874368,18874368,1.0,hot,0,0,0,0,1.0,37748736
0,133,meta-llama/Llama-3.1-8B,26,148,12222513791,74815570021,62593056230,56974632616,57185542086,44690199,"[26695203, 26695203, 26790979, 26790979, 26790979, 26790979, 26790979, 26790979, 26790979, 26790979, 26790979, 26790979, 26790979, 26790979, 26790979, 1514295899, 26428822, 26428822, 26428822, 26428822, 26428822, 26428822, 26428822, 26428822, 26428822, 26428822, 26428822, 26428822, 26428822, 26428822, 61694493, 26706189, 26706189, 26706189, 26706189, 26706189, 26706189, 26706189, 26645180, 26645180, 26645180, 26645180, 26645180, 26645180, 26645180, 26645180, 26645180, 26645180, 26645180, 26645180, 26645180, 26645180, 26645180, 26645180, 26645180, 26645180, 26444528, 26444528, 26444528, 26444528, 26444528, 26444528, 26428822, 26428822, 26428822, 26428822, 26428822, 26428822, 26428822, 26428822, 26428822, 26428822, 26428822, 26428822, 26428822, 26428822, 26428822, 26428822, 26428822, 26428822, 26428822, 26428822, 26428822, 26428822, 26428822, 26428822, 26428822, 26428822, 26428822, 26428822, 26428822, 26428822, 26428822, 26428822, 26428822, 26428822, 387354561, 26428822, 189936095, 26706189, 170689407, 26726923, 26726923, 26790979, 26790979, 26790979, 26790979, 26790979, 26790979, 26790979, 26790979, 26790979, 26706189, 26706189, 26706189, 26706189, 26706189, 26706189, 26706189, 26706189, 26706189]",0,0,0,NPU,0,0,0,0,0,0,1.0,hot,0,0,0,0,1.0,0
0,115,meta-llama/Llama-3.1-8B,9,503,10643004512,74948795921,64305791409,42445403945,42641654874,43943481,"[28863593, 28863593, 28863593, 28863593, 28863593, 28863593, 28863593, 28863593, 28863593, 28863593, 28863593, 28863593, 28875556, 28875556, 309689576, 28680716, 28680716, 5384514464, 26997779, 26997779, 26956587, 26956587, 26956587, 26956587, 26956587, 26956587, 26956587, 26759908, 26759908, 26759908, 26759908, 26759908, 26759908, 26759908, 26759908, 26759908, 26726923, 170251899, 26695203, 26695203, 26695203, 26695203, 26695203, 26615821, 26706189, 26706189, 26645180, 191960006, 26645180, 26645180, 26645180, 26645180, 26645180, 26645180, 26645180, 26645180, 26645180, 26645180, 26645180, 26645180, 26645180, 26645180, 26444528, 26444528, 26454608, 26454608, 26454608, 26454608, 26454608, 26454608, 26454608, 26454608, 26454608, 26454608, 26454608, 26454608, 26454608, 26454608, 26428822, 26428822, 26428822, 26428822, 26729656, 26729656, 26729656, 26729656, 26729656, 26729656, 26729656, 26729656, 26729656, 146212763, 26729656, 26729656, 26729656, 26729656, 26729656, 27286840, 27286840, 26843454, 26843454, 26843454, 26843454, 26843454, 26843454, 26843454, 26843454, 26843454, 26843454, 26843454, 26843454, 26843454, 26843454, 26843454, 26843454, 26843454, 26843454, 26843454, 26843454, 26843454, 26843454, 26843454, 26573059, 26573059, 26573059, 26573059, 26573059, 26573059, 26573059, 26573059, 26573059, 26573059, 26573059, 26573059, 26639587, 26639587, 26639587, 26639587, 26639587, 26639587, 26639587, 26639587, 26639587, 26639587, 26639587, 26309846, 26309846, 26309846, 26309846, 26309846, 26309846, 26309846, 26309846, 26467984, 26467984, 266264660, 27286840, 27286840, 27286840, 27286840, 27286840, 27286840, 27286840, 27286840, 26843454, 26843454, 26843454, 80836230, 26639587, 26639587, 26639587, 26409918, 26409918, 290204614, 26309846, 26309846, 26309846, 26309846, 26309846, 26309846, 26309846, 26309846, 26309846, 26309846, 26309846, 36506186, 26639587, 26639587, 26639587, 26639587, 26639587, 26639587, 26639587, 26639587, 26639587, 26639587, 26639587, 27115070, 209750381, 27115070, 27115070, 374070820, 26456112, 26456112, 26456112, 26456112, 26456112, 26456112, 26456112, 26456112, 26456112, 26456112, 26456112, 26456112, 26456112, 26456112, 26456112, 26456112, 26456112, 26456112, 26456112, 26456112, 26456112, 26456112, 26456112, 26456112, 26456112, 26456112, 26456112, 26456112, 26456112, 26456112, 26456112, 414088428, 26292502, 26292502, 26292502, 26292502, 26292502, 94622211, 26309846, 26309846, 26309846, 26309846, 26309846, 26309846, 26309846, 26309846, 26309846, 26309846, 26309846, 26309846, 26309846, 26309846, 26309846, 26309846, 26309846, 26309846, 26309846, 26456112, 26456112, 26456112, 26456112, 26456112, 26456112, 26456112, 26456112, 26456112, 26456112, 26456112, 26456112, 26456112, 26456112, 26456112, 26456112, 26456112, 26456112, 26456112, 26456112, 26456112, 27115070, 27115070, 27115070, 27115070, 27115070, 27115070, 27115070, 27115070, 27115070, 27115070, 190615168, 26456112, 26456112, 26456112, 26456112, 26456112, 26456112, 26456112, 26456112, 26456112, 26456112, 26456112, 26456112, 26456112, 210909470, 26695203, 26695203, 26790979, 26790979, 26790979, 26790979, 26790979, 26790979, 26790979, 26790979, 26790979, 26790979, 26790979, 26790979, 26790979, 26573059, 26445351, 26445351, 25648437, 25648437, 25648437, 108409739, 25648437, 25648437, 25648437, 25648437, 25904021, 25904021, 25904021, 25904021, 25904021, 25679419, 25679419, 25679419, 25679419, 25679419, 25679419, 27032487, 25904021, 25904021, 25904021, 25904021, 25904021, 25904021, 25904021, 25904021, 25904021, 25904021, 25904021, 25904021, 25904021, 25904021, 25904021, 27032487, 25904021, 25904021, 25904021, 25904021, 25904021, 25904021, 25904021, 25904021, 25904021, 25904021, 25904021, 25904021, 25904021, 25904021, 25904021, 32101117, 26428822, 26428822, 26428822, 26428822, 26428822, 26428822, 26428822, 26428822, 26428822, 26428822, 26428822, 26428822, 26428822, 26428822, 26519806, 35174687, 26706189, 26706189, 26706189, 26706189, 26706189, 26706189, 26706189, 26645180, 26645180, 26645180, 26645180, 26645180, 26645180, 26645180, 26645180, 26645180, 26645180, 26645180, 26645180, 26645180, 26645180, 26645180, 26645180, 26645180, 26645180, 26444528, 26444528, 26444528, 26444528, 26444528, 26444528, 26428822, 26428822, 26428822, 26428822, 26428822, 26428822, 26428822, 26428822, 26428822, 26428822, 26428822, 26428822, 26428822, 26428822, 26428822, 26428822, 26428822, 26428822, 26428822, 26428822, 26428822, 26428822, 26428822, 26428822, 26428822, 26428822, 26428822, 26428822, 26428822, 26428822, 26428822, 26428822, 26428822, 26428822, 27029173, 27029173, 27029173, 27029173, 27029173, 27029173, 27029173, 198150350, 26428822, 189936095, 26706189, 170689407, 26726923, 26726923, 26790979, 26790979, 26790979, 26790979, 26790979, 26790979, 26790979, 26790979, 26790979, 26706189, 26706189, 26706189, 26706189, 26706189, 26706189, 26706189, 26706189, 26706189, 26645180, 26645180, 26645180, 26645180, 26645180]",0,0,0,PCIE_NVME,0,4194304,0,4194304,4194304,4194304,1.0,hot,0,0,0,0,1.0,8388608
0,127,meta-llama/Llama-3.1-8B,12,168,12017225575,75345148264,63327922689,56645376208,56835991376,41883427,"[26456112, 26456112, 26456112, 26456112, 26456112, 26456112, 26456112, 26456112, 26456112, 26456112, 26456112, 26456112, 26456112, 210909470, 26695203, 26695203, 26790979, 26790979, 26790979, 26790979, 26790979, 26790979, 26790979, 26790979, 26790979, 26790979, 26790979, 26790979, 26790979, 26573059, 1487722840, 26428822, 26428822, 26428822, 26428822, 26428822, 26428822, 26428822, 26428822, 26428822, 26428822, 26428822, 26428822, 26428822, 26428822, 26519806, 35174687, 26706189, 26706189, 26706189, 26706189, 26706189, 26706189, 26706189, 26645180, 26645180, 26645180, 26645180, 26645180, 26645180, 26645180, 26645180, 26645180, 26645180, 26645180, 26645180, 26645180, 26645180, 26645180, 26645180, 26645180, 26645180, 26444528, 26444528, 26444528, 26444528, 26444528, 26444528, 26428822, 26428822, 26428822, 26428822, 26428822, 26428822, 26428822, 26428822, 26428822, 26428822, 26428822, 26428822, 26428822, 26428822, 26428822, 26428822, 26428822, 26428822, 26428822, 26428822, 26428822, 26428822, 26428822, 26428822, 26428822, 26428822, 26428822, 26428822, 26428822, 26428822, 26428822, 26428822, 26428822, 26428822, 387354561, 26428822, 189936095, 26706189, 170689407, 26726923, 26726923, 26790979, 26790979, 26790979, 26790979, 26790979, 26790979, 26790979, 26790979, 26790979, 26706189, 26706189, 26706189, 26706189, 26706189, 26706189, 26706189, 26706189, 26706189, 26645180, 26645180, 26645180, 26645180, 26645180, 76610183, 26645180, 26645180, 26645180, 26645180, 26645180, 26645180, 26645180, 26645180, 26645180, 26645180, 26645180, 26645180]",0,0,0,NPU,0,0,0,0,0,0,1.0,hot,0,0,0,0,1.0,0
0,143,meta-llama/Llama-3.1-8B,81,154,13606161610,77049096642,63442935032,60503790646,60674480053,38450763,"[26726923, 26726923, 26790979, 26790979, 26790979, 26790979, 26790979, 26790979, 26790979, 26790979, 26790979, 26706189, 26706189, 26706189, 26706189, 26706189, 26706189, 26706189, 26706189, 26706189, 26645180, 26645180, 26645180, 26645180, 26645180, 76610183, 26645180, 26645180, 26645180, 26645180, 26645180, 26645180, 26645180, 26645180, 26645180, 26645180, 26645180, 26645180, 26454608, 26454608, 26454608, 26454608, 26454608, 26454608, 26454608, 26454608, 26454608, 26454608, 26454608, 26454608, 26454608, 26454608, 26729656, 440851587, 26428822, 26428822, 26428822, 26428822, 26428822, 26428822, 26428822, 26428822, 26428822, 26428822, 26428822, 26428822, 26428822, 26428822, 26428822, 26428822, 26428822, 416712649]",0,0,0,NPU,0,0,0,0,0,0,1.0,hot,0,0,0,0,1.0,0
0,130,meta-llama/Llama-3.1-8B,7,234,12143438162,78260772194,66117334032,57053708245,57264617715,39171311,"[26695203, 26695203, 26790979, 26790979, 26790979, 26790979, 26790979, 26790979, 26790979, 26790979, 26790979, 26790979, 26790979, 26790979, 26790979, 26573059, 1487722840, 26428822, 26428822, 26428822, 26428822, 26428822, 26428822, 26428822, 26428822, 26428822, 26428822, 26428822, 26428822, 26428822, 26428822, 61694493, 26706189, 26706189, 26706189, 26706189, 26706189, 26706189, 26706189, 26645180, 26645180, 26645180, 26645180, 26645180, 26645180, 26645180, 26645180, 26645180, 26645180, 26645180, 26645180, 26645180, 26645180, 26645180, 26645180, 26645180, 26645180, 26444528, 26444528, 26444528, 26444528, 26444528, 26444528, 26428822, 26428822, 26428822, 26428822, 26428822, 26428822, 26428822, 26428822, 26428822, 26428822, 26428822, 26428822, 26428822, 26428822, 26428822, 26428822, 26428822, 26428822, 26428822, 26428822, 26428822, 26428822, 26428822, 26428822, 26428822, 26428822, 26428822, 26428822, 26428822, 26428822, 26428822, 26428822, 26428822, 26428822, 387354561, 26428822, 189936095, 26706189, 170689407, 26726923, 26726923, 26790979, 26790979, 26790979, 26790979, 26790979, 26790979, 26790979, 26790979, 26790979, 26706189, 26706189, 26706189, 26706189, 26706189, 26706189, 26706189, 26706189, 26706189, 26645180, 26645180, 26645180, 26645180, 26645180, 76610183, 26645180, 26645180, 26645180, 26645180, 26645180, 26645180, 26645180, 26645180, 26645180, 26645180, 26645180, 26645180, 26454608, 26454608, 26454608, 26454608, 26454608, 26454608, 26454608, 26454608, 26454608, 26454608, 26454608, 26454608, 26454608, 26454608, 26729656, 26368885, 26370142, 26370142, 26370142, 335372276, 26428822, 26428822, 26428822, 26428822, 26428822, 26428822, 26428822, 26428822, 26428822, 26428822, 26428822, 26428822, 26428822, 26428822, 26428822, 26428822, 26428822, 26366686, 26366686, 26366686, 25853850, 311758741, 43444895, 27286840, 27286840, 27286840, 27286840, 26467984, 26467984, 26467984, 26467984, 26432190, 26432190, 26432190, 26432190, 26432190, 26432190, 43001509, 26843454, 26843454, 26843454, 26843454, 26843454, 26843454, 26843454, 26843454, 26843454, 26843454, 26843454, 26843454, 26843454, 26843454, 26843454, 26843454, 26843454, 26843454, 26843454, 26843454, 26843454, 26843454, 26843454, 26843454, 26843454, 26843454, 26843454, 26843454]",0,0,0,NPU,0,0,0,0,0,0,1.0,hot,0,0,0,0,1.0,0
0,125,meta-llama/Llama-3.1-8B,412,733,11649708106,78686406834,67036698728,55591655340,55686277551,35470066,"[26309846, 26309846, 26309846, 26309846, 26309846, 26309846, 26309846, 26309846, 26309846, 26309846, 26309846, 26309846, 26309846, 26309846, 26309846, 26309846, 26309846, 26309846, 26309846, 26456112, 26456112, 26456112, 26456112, 26456112, 26456112, 26456112, 26456112, 26456112, 26456112, 26456112, 26456112, 26456112, 26456112, 26456112, 26456112, 26456112, 26456112, 26456112, 26456112, 26456112, 27115070, 27115070, 27115070, 27115070, 27115070, 27115070, 27115070, 27115070, 27115070, 27115070, 190615168, 26456112, 26456112, 26456112, 26456112, 26456112, 26456112, 26456112, 26456112, 26456112, 26456112, 26456112, 26456112, 26456112, 210909470, 26695203, 26695203, 26790979, 26790979, 26790979, 26790979, 26790979, 26790979, 26790979, 26790979, 26790979, 26790979, 26790979, 26790979, 26790979, 26573059, 1487722840, 26428822, 26428822, 26428822, 26428822, 26428822, 26428822, 26428822, 26428822, 26428822, 26428822, 26428822, 26428822, 26428822, 26428822, 26519806, 35174687, 26706189, 26706189, 26706189, 26706189, 26706189, 26706189, 26706189, 26645180, 26645180, 26645180, 26645180, 26645180, 26645180, 26645180, 26645180, 26645180, 26645180, 26645180, 26645180, 26645180, 26645180, 26645180, 26645180, 26645180, 26645180, 26444528, 26444528, 26444528, 26444528, 26444528, 26444528, 26428822, 26428822, 26428822, 26428822, 26428822, 26428822, 26428822, 26428822, 26428822, 26428822, 26428822, 26428822, 26428822, 26428822, 26428822, 26428822, 26428822, 26428822, 26428822, 26428822, 26428822, 26428822, 26428822, 26428822, 26428822, 26428822, 26428822, 26428822, 26428822, 26428822, 26428822, 26428822, 26428822, 26428822, 387354561, 26428822, 189936095, 26706189, 170689407, 26726923, 26726923, 26790979, 26790979, 26790979, 26790979, 26790979, 26790979, 26790979, 26790979, 26790979, 26706189, 26706189, 26706189, 26706189, 26706189, 26706189, 26706189, 26706189, 26706189, 26645180, 26645180, 26645180, 26645180, 26645180, 76610183, 26645180, 26645180, 26645180, 26645180, 26645180, 26645180, 26645180, 26645180, 26645180, 26645180, 26645180, 26645180, 26454608, 26454608, 26454608, 26454608, 26454608, 26454608, 26454608, 26454608, 26454608, 26454608, 26454608, 26454608, 26454608, 26454608, 26729656, 26368885, 26370142, 26370142, 26370142, 27275701, 27275701, 280820874, 26428822, 26428822, 26428822, 26428822, 26428822, 26428822, 26428822, 26428822, 26428822, 26428822, 26428822, 26428822, 26428822, 26428822, 26428822, 26428822, 26428822, 26366686, 26366686, 26366686, 25853850, 26887103, 26887103, 26887103, 26887103, 26887103, 26887103, 26887103, 26887103, 26887103, 26887103, 42887711, 43444895, 27286840, 27286840, 27286840, 27286840, 26467984, 26467984, 26467984, 26467984, 26432190, 26432190, 26432190, 26432190, 26432190, 26432190, 43001509, 26843454, 26843454, 26843454, 26843454, 26843454, 26843454, 26843454, 26843454, 26843454, 26843454, 26843454, 26843454, 26843454, 26843454, 26843454, 26843454, 26843454, 26843454, 26843454, 26843454, 26843454, 26843454, 26843454, 26843454, 26843454, 26843454, 26843454, 26843454, 26573059, 26573059, 26573059, 26573059, 26573059, 26573059, 26573059, 26573059, 26573059, 26639587, 26639587, 26639587, 26639587, 26639587, 26639587, 26639587]",0,0,0,NPU,0,0,0,0,0,0,1.0,hot,0,0,0,0,1.0,0
0,120,meta-llama/Llama-3.1-8B,1136,1573,11291777112,79348025467,68056248355,52230910381,52497175041,35685947,"[27286840, 27286840, 27286840, 27286840, 27286840, 27286840, 27286840, 27286840, 26843454, 26843454, 26843454, 80836230, 26639587, 26639587, 26639587, 343024450, 26309846, 26309846, 26309846, 26309846, 26309846, 26309846, 26309846, 26309846, 26309846, 26309846, 26309846, 36506186, 26639587, 26639587, 26639587, 26639587, 26639587, 26639587, 26639587, 26639587, 26639587, 26639587, 26639587, 27115070, 209750381, 27115070, 27115070, 374070820, 26456112, 26456112, 26456112, 26456112, 26456112, 26456112, 26456112, 26456112, 26456112, 26456112, 26456112, 26456112, 26456112, 26456112, 26456112, 26456112, 26456112, 26456112, 26456112, 26456112, 26456112, 26456112, 26456112, 26456112, 26456112, 26456112, 26456112, 26456112, 26456112, 26456112, 26456112, 414088428, 26292502, 26292502, 26292502, 26292502, 26292502, 94622211, 26309846, 26309846, 26309846, 26309846, 26309846, 26309846, 26309846, 26309846, 26309846, 26309846, 26309846, 26309846, 26309846, 26309846, 26309846, 26309846, 26309846, 26309846, 26309846, 26456112, 26456112, 26456112, 26456112, 26456112, 26456112, 26456112, 26456112, 26456112, 26456112, 26456112, 26456112, 26456112, 26456112, 26456112, 26456112, 26456112, 26456112, 26456112, 26456112, 26456112, 27115070, 27115070, 27115070, 27115070, 27115070, 27115070, 27115070, 27115070, 27115070, 27115070, 190615168, 26456112, 26456112, 26456112, 26456112, 26456112, 26456112, 26456112, 26456112, 26456112, 26456112, 26456112, 26456112, 26456112, 210909470, 26695203, 26695203, 26790979, 26790979, 26790979, 26790979, 26790979, 26790979, 26790979, 26790979, 26790979, 26790979, 26790979, 26790979, 26790979, 26573059, 26445351, 26445351, 1434832138, 26428822, 26428822, 26428822, 26428822, 26428822, 26428822, 26428822, 26428822, 26428822, 26428822, 26428822, 26428822, 26428822, 26428822, 26519806, 35174687, 26706189, 26706189, 26706189, 26706189, 26706189, 26706189, 26706189, 26645180, 26645180, 26645180, 26645180, 26645180, 26645180, 26645180, 26645180, 26645180, 26645180, 26645180, 26645180, 26645180, 26645180, 26645180, 26645180, 26645180, 26645180, 26444528, 26444528, 26444528, 26444528, 26444528, 26444528, 26428822, 26428822, 26428822, 26428822, 26428822, 26428822, 26428822, 26428822, 26428822, 26428822, 26428822, 26428822, 26428822, 26428822, 26428822, 26428822, 26428822, 26428822, 26428822, 26428822, 26428822, 26428822, 26428822, 26428822, 26428822, 26428822, 26428822, 26428822, 26428822, 26428822, 26428822, 26428822, 26428822, 26428822, 387354561, 26428822, 189936095, 26706189, 170689407, 26726923, 26726923, 26790979, 26790979, 26790979, 26790979, 26790979, 26790979, 26790979, 26790979, 26790979, 26706189, 26706189, 26706189, 26706189, 26706189, 26706189, 26706189, 26706189, 26706189, 26645180, 26645180, 26645180, 26645180, 26645180, 76610183, 26645180, 26645180, 26645180, 26645180, 26645180, 26645180, 26645180, 26645180, 26645180, 26645180, 26645180, 26645180, 26454608, 26454608, 26454608, 26454608, 26454608, 26454608, 26454608, 26454608, 26454608, 26454608, 26454608, 26454608, 26454608, 26454608, 26729656, 26368885, 26370142, 26370142, 26370142, 27275701, 27275701, 27200027, 31196286, 31196286, 31196286, 31196286, 31196286, 31196286, 31196286, 35246845, 26428822, 26428822, 26428822, 26428822, 26428822, 26428822, 26428822, 26428822, 26428822, 26428822, 26428822, 26428822, 26428822, 26428822, 26428822, 26428822, 26428822, 26366686, 26366686, 26366686, 25853850, 26887103, 26887103, 26887103, 26887103, 26887103, 26887103, 26887103, 26887103, 26887103, 26887103, 42887711, 43444895, 27286840, 27286840, 27286840, 27286840, 26467984, 26467984, 26467984, 26467984, 26432190, 26432190, 26432190, 26432190, 26432190, 26432190, 43001509, 26843454, 26843454, 26843454, 26843454, 26843454, 26843454, 26843454, 26843454, 26843454, 26843454, 26843454, 26843454, 26843454, 26843454, 26843454, 26843454, 26843454, 26843454, 26843454, 26843454, 26843454, 26843454, 26843454, 26843454, 26843454, 26843454, 26843454, 26843454, 26573059, 26573059, 26573059, 26573059, 26573059, 26573059, 26573059, 26573059, 26573059, 26639587, 26639587, 26639587, 26639587, 26639587, 26639587, 26639587, 42797642, 26639587, 26639587, 26639587, 26639587, 26639587, 26639587, 26639587, 26639587, 26639587, 26639587, 26639587, 26639587, 26639587, 26639587, 26639587, 26639587, 26639587, 26639587, 27861685, 27861685, 27861685, 27861685, 27861685]",0,0,0,NPU,0,0,0,0,0,0,1.0,hot,0,0,0,0,1.0,0
0,129,meta-llama/Llama-3.1-8B,10,305,12089410830,80427851498,68338440668,57107735577,57318645047,37482298,"[26695203, 26695203, 26790979, 26790979, 26790979, 26790979, 26790979, 26790979, 26790979, 26790979, 26790979, 26790979, 26790979, 26790979, 26790979, 26573059, 1487722840, 26428822, 26428822, 26428822, 26428822, 26428822, 26428822, 26428822, 26428822, 26428822, 26428822, 26428822, 26428822, 26428822, 26428822, 61694493, 26706189, 26706189, 26706189, 26706189, 26706189, 26706189, 26706189, 26645180, 26645180, 26645180, 26645180, 26645180, 26645180, 26645180, 26645180, 26645180, 26645180, 26645180, 26645180, 26645180, 26645180, 26645180, 26645180, 26645180, 26645180, 26444528, 26444528, 26444528, 26444528, 26444528, 26444528, 26428822, 26428822, 26428822, 26428822, 26428822, 26428822, 26428822, 26428822, 26428822, 26428822, 26428822, 26428822, 26428822, 26428822, 26428822, 26428822, 26428822, 26428822, 26428822, 26428822, 26428822, 26428822, 26428822, 26428822, 26428822, 26428822, 26428822, 26428822, 26428822, 26428822, 26428822, 26428822, 26428822, 26428822, 387354561, 26428822, 189936095, 26706189, 170689407, 26726923, 26726923, 26790979, 26790979, 26790979, 26790979, 26790979, 26790979, 26790979, 26790979, 26790979, 26706189, 26706189, 26706189, 26706189, 26706189, 26706189, 26706189, 26706189, 26706189, 26645180, 26645180, 26645180, 26645180, 26645180, 76610183, 26645180, 26645180, 26645180, 26645180, 26645180, 26645180, 26645180, 26645180, 26645180, 26645180, 26645180, 26645180, 26454608, 26454608, 26454608, 26454608, 26454608, 26454608, 26454608, 26454608, 26454608, 26454608, 26454608, 26454608, 26454608, 26454608, 26729656, 26368885, 26370142, 26370142, 26370142, 335372276, 26428822, 26428822, 26428822, 26428822, 26428822, 26428822, 26428822, 26428822, 26428822, 26428822, 26428822, 26428822, 26428822, 26428822, 26428822, 26428822, 26428822, 26366686, 26366686, 26366686, 25853850, 311758741, 43444895, 27286840, 27286840, 27286840, 27286840, 26467984, 26467984, 26467984, 26467984, 26432190, 26432190, 26432190, 26432190, 26432190, 26432190, 43001509, 26843454, 26843454, 26843454, 26843454, 26843454, 26843454, 26843454, 26843454, 26843454, 26843454, 26843454, 26843454, 26843454, 26843454, 26843454, 26843454, 26843454, 26843454, 26843454, 26843454, 26843454, 26843454, 26843454, 26843454, 26843454, 26843454, 26843454, 26843454, 26573059, 26573059, 26573059, 26573059, 26573059, 26573059, 26573059, 26573059, 26573059, 26639587, 26639587, 26639587, 26639587, 26639587, 26639587, 26639587, 42797642, 26639587, 26639587, 26639587, 26639587, 26639587, 26639587, 26639587, 26639587, 26639587, 26639587, 26639587, 26639587, 26639587, 26639587, 26639587, 26639587, 26639587, 26639587, 345479572, 26843454, 26843454, 26843454, 26843454, 26843454, 26406256, 26406256, 26406256, 26406256, 26406256, 49372095, 26573059, 26573059, 26573059, 26573059, 26573059, 26573059, 26573059, 26573059, 26573059, 26573059, 26573059, 26573059, 26573059, 26573059, 26573059, 26573059, 26573059, 26573059, 26573059, 26573059, 26573059]",0,0,0,NPU,0,0,0,0,0,0,1.0,hot,0,0,0,0,1.0,0
0,142,meta-llama/Llama-3.1-8B,132,325,13570368564,80848366186,67277997622,60322941408,60512877503,35235000,"[26706189, 170689407, 26726923, 26726923, 26790979, 26790979, 26790979, 26790979, 26790979, 26790979, 26790979, 26790979, 26790979, 26706189, 26706189, 26706189, 26706189, 26706189, 26706189, 26706189, 26706189, 26706189, 26645180, 26645180, 26645180, 26645180, 26645180, 76610183, 26645180, 26645180, 26645180, 26645180, 26645180, 26645180, 26645180, 26645180, 26645180, 26645180, 26645180, 26645180, 26454608, 26454608, 26454608, 26454608, 26454608, 26454608, 26454608, 26454608, 26454608, 26454608, 26454608, 26454608, 26454608, 26454608, 26729656, 440851587, 26428822, 26428822, 26428822, 26428822, 26428822, 26428822, 26428822, 26428822, 26428822, 26428822, 26428822, 26428822, 26428822, 26428822, 26428822, 26428822, 26428822, 416712649, 43444895, 27286840, 27286840, 27286840, 27286840, 307466585, 26843454, 26843454, 26843454, 26843454, 26843454, 26843454, 26843454, 26843454, 26843454, 26843454, 26843454, 26843454, 26843454, 26843454, 26843454, 26843454, 26843454, 26843454, 26843454, 26843454, 26843454, 26843454, 26843454, 26843454, 26843454, 26843454, 26843454, 26843454, 26573059, 26573059, 26573059, 26573059, 26573059, 26573059, 26573059, 26573059, 26573059, 26639587, 26639587, 26639587, 26639587, 26639587, 26639587, 26639587, 42797642, 26639587, 26639587, 26639587, 26639587, 26639587, 26639587, 26639587, 26639587, 26639587, 26639587, 26639587, 26639587, 26639587, 26639587, 26639587, 26639587, 26639587, 26639587, 345479572, 26843454, 26843454, 26843454, 26843454, 26843454, 26406256, 26406256, 26406256, 26406256, 26406256, 49372095, 26573059, 26573059, 26573059, 26573059, 26573059, 26573059, 26573059, 26573059, 26573059, 26573059, 26573059, 26573059, 26573059, 26573059, 26573059, 26573059, 26573059, 26573059, 26573059, 26573059, 26573059, 26246582, 26246582, 26246582, 26246582, 26246582, 26246582, 26246582, 26309846, 26309846, 26309846, 26309846, 26309846, 26309846, 26309846, 26309846, 26309846]",0,0,0,NPU,0,0,0,0,0,0,1.0,hot,0,0,0,0,1.0,0
0,136,meta-llama/Llama-3.1-8B,20,307,12621009563,80923767570,68302758007,56576136844,56787046314,40264726,"[26695203, 26695203, 26790979, 26790979, 26790979, 26790979, 26790979, 26790979, 26790979, 26790979, 26790979, 26790979, 26790979, 26790979, 26790979, 1945993900, 26706189, 26706189, 26706189, 26706189, 26706189, 26706189, 26706189, 26645180, 26645180, 26645180, 26645180, 26645180, 26645180, 26645180, 26645180, 26645180, 26645180, 26645180, 26645180, 26645180, 26645180, 26645180, 26645180, 26645180, 26645180, 26444528, 26444528, 26444528, 26444528, 26444528, 26444528, 26428822, 26428822, 26428822, 26428822, 26428822, 26428822, 26428822, 26428822, 26428822, 26428822, 26428822, 26428822, 26428822, 26428822, 26428822, 26428822, 26428822, 26428822, 26428822, 26428822, 26428822, 26428822, 26428822, 26428822, 26428822, 26428822, 26428822, 26428822, 26428822, 26428822, 26428822, 26428822, 26428822, 26428822, 387354561, 26428822, 189936095, 26706189, 170689407, 26726923, 26726923, 26790979, 26790979, 26790979, 26790979, 26790979, 26790979, 26790979, 26790979, 26790979, 26706189, 26706189, 26706189, 26706189, 26706189, 26706189, 26706189, 26706189, 26706189, 26645180, 26645180, 26645180, 26645180, 26645180, 76610183, 26645180, 26645180, 26645180, 26645180, 26645180, 26645180, 26645180, 26645180, 26645180, 26645180, 26645180, 26645180, 26454608, 26454608, 26454608, 26454608, 26454608, 26454608, 26454608, 26454608, 26454608, 26454608, 26454608, 26454608, 26454608, 26454608, 26729656, 440851587, 26428822, 26428822, 26428822, 26428822, 26428822, 26428822, 26428822, 26428822, 26428822, 26428822, 26428822, 26428822, 26428822, 26428822, 26428822, 26428822, 26428822, 26366686, 26366686, 26366686, 25853850, 311758741, 43444895, 27286840, 27286840, 27286840, 27286840, 26467984, 26467984, 26467984, 26467984, 201594649, 26843454, 26843454, 26843454, 26843454, 26843454, 26843454, 26843454, 26843454, 26843454, 26843454, 26843454, 26843454, 26843454, 26843454, 26843454, 26843454, 26843454, 26843454, 26843454, 26843454, 26843454, 26843454, 26843454, 26843454, 26843454, 26843454, 26843454, 26843454, 26573059, 26573059, 26573059, 26573059, 26573059, 26573059, 26573059, 26573059, 26573059, 26639587, 26639587, 26639587, 26639587, 26639587, 26639587, 26639587, 42797642, 26639587, 26639587, 26639587, 26639587, 26639587, 26639587, 26639587, 26639587, 26639587, 26639587, 26639587, 26639587, 26639587, 26639587, 26639587, 26639587, 26639587, 26639587, 345479572, 26843454, 26843454, 26843454, 26843454, 26843454, 26406256, 26406256, 26406256, 26406256, 26406256, 49372095, 26573059, 26573059, 26573059, 26573059, 26573059, 26573059, 26573059, 26573059, 26573059, 26573059, 26573059, 26573059, 26573059, 26573059, 26573059, 26573059, 26573059, 26573059, 26573059, 26573059, 26573059, 26246582, 26246582, 26246582, 26246582, 26246582, 26246582, 26246582, 26309846, 26309846, 26309846, 26309846, 26309846, 26309846, 26309846, 26309846, 26309846, 49108882, 26292502]",0,0,0,PCIE_NVME,0,6291456,0,6291456,6291456,6291456,1.0,hot,0,0,0,0,1.0,12582912
0,145,meta-llama/Llama-3.1-8B,651,811,13643445024,81897497896,68254052872,60466507232,60637196639,47904756,"[26726923, 26726923, 26790979, 26790979, 26790979, 26790979, 26790979, 26790979, 26790979, 26790979, 26790979, 26706189, 26706189, 26706189, 26706189, 26706189, 26706189, 26706189, 26706189, 26706189, 26645180, 26645180, 26645180, 26645180, 26645180, 76610183, 26645180, 26645180, 26645180, 26645180, 26645180, 26645180, 26645180, 26645180, 26645180, 26645180, 26645180, 26645180, 26454608, 26454608, 26454608, 26454608, 26454608, 26454608, 26454608, 26454608, 26454608, 26454608, 26454608, 26454608, 26454608, 26454608, 467581243, 26428822, 26428822, 26428822, 26428822, 26428822, 26428822, 26428822, 26428822, 26428822, 26428822, 26428822, 26428822, 26428822, 26428822, 26428822, 26428822, 26428822, 460157544, 27286840, 27286840, 27286840, 27286840, 1527515579, 26639587, 26639587, 26639587, 26639587, 26639587, 26639587, 26639587, 26639587, 26639587, 26639587, 26639587, 26639587, 26639587, 26639587, 26639587, 26639587, 26639587, 26639587, 345479572, 26843454, 26843454, 26843454, 26843454, 26843454, 181403375, 26573059, 26573059, 26573059, 26573059, 26573059, 26573059, 26573059, 26573059, 26573059, 26573059, 26573059, 26573059, 26573059, 26573059, 26573059, 26573059, 26573059, 26573059, 26573059, 26573059, 26573059, 26246582, 26246582, 26246582, 26246582, 26246582, 26246582, 26246582, 26309846, 26309846, 26309846, 26309846, 26309846, 26309846, 26309846, 26309846, 26309846, 49108882, 26292502, 69412714, 26639587, 26639587, 156219643, 26292502, 26292502, 26292502, 26292502, 325087667, 26456112, 26456112, 26456112, 26456112, 26456112, 26456112, 26456112, 26456112, 26456112, 26456112]",0,0,0,PCIE_NVME,0,192937984,0,192937984,192937984,192937984,1.0,hot,0,0,0,0,1.0,385875968
0,144,meta-llama/Llama-3.1-8B,160,440,13639686577,84279048097,70639361520,60470265679,60640955086,35836582,"[26726923, 26726923, 26790979, 26790979, 26790979, 26790979, 26790979, 26790979, 26790979, 26790979, 26790979, 26706189, 26706189, 26706189, 26706189, 26706189, 26706189, 26706189, 26706189, 26706189, 26645180, 26645180, 26645180, 26645180, 26645180, 76610183, 26645180, 26645180, 26645180, 26645180, 26645180, 26645180, 26645180, 26645180, 26645180, 26645180, 26645180, 26645180, 26454608, 26454608, 26454608, 26454608, 26454608, 26454608, 26454608, 26454608, 26454608, 26454608, 26454608, 26454608, 26454608, 26454608, 26729656, 440851587, 26428822, 26428822, 26428822, 26428822, 26428822, 26428822, 26428822, 26428822, 26428822, 26428822, 26428822, 26428822, 26428822, 26428822, 26428822, 26428822, 26428822, 416712649, 43444895, 27286840, 27286840, 27286840, 27286840, 307466585, 26843454, 26843454, 26843454, 26843454, 26843454, 26843454, 26843454, 26843454, 26843454, 26843454, 26843454, 26843454, 26843454, 26843454, 26843454, 26843454, 26843454, 26843454, 26843454, 26843454, 26843454, 26843454, 26843454, 26843454, 26843454, 26843454, 26843454, 26843454, 26573059, 26573059, 26573059, 26573059, 26573059, 26573059, 26573059, 26573059, 26573059, 26639587, 26639587, 26639587, 26639587, 26639587, 26639587, 26639587, 42797642, 26639587, 26639587, 26639587, 26639587, 26639587, 26639587, 26639587, 26639587, 26639587, 26639587, 26639587, 26639587, 26639587, 26639587, 26639587, 26639587, 26639587, 26639587, 345479572, 26843454, 26843454, 26843454, 26843454, 26843454, 26406256, 26406256, 26406256, 26406256, 26406256, 49372095, 26573059, 26573059, 26573059, 26573059, 26573059, 26573059, 26573059, 26573059, 26573059, 26573059, 26573059, 26573059, 26573059, 26573059, 26573059, 26573059, 26573059, 26573059, 26573059, 26573059, 26573059, 26246582, 26246582, 26246582, 26246582, 26246582, 26246582, 26246582, 26309846, 26309846, 26309846, 26309846, 26309846, 26309846, 26309846, 26309846, 26309846, 49108882, 26292502, 69412714, 26639587, 26639587, 156219643, 26292502, 26292502, 26292502, 26292502, 325087667, 26456112, 26456112, 26456112, 26456112, 26456112, 26456112, 26456112, 26456112, 26456112, 26456112, 34079293, 26309846, 26309846, 26309846, 26309846, 26309846, 26309846, 26309846, 26309846, 26309846, 26309846, 26309846, 26309846, 26309846, 26309846, 26309846, 26309846, 26309846, 26309846, 26309846, 26309846, 26309846, 26309846, 26309846, 26309846, 26309846, 26309846, 26309846, 26309846, 26309846, 26309846, 26309846, 26309846, 26309846, 26309846, 26309846, 26309846, 26292502, 26292502, 26292502, 26292502, 26292502, 26292502, 292752482, 26456112, 26456112, 26456112, 26456112, 328798180, 27115070, 27115070, 27115070, 27115070, 27115070, 27115070, 27115070, 27115070, 27115070, 27115070, 27115070, 27115070, 27115070, 27115070, 27115070, 27115070, 27115070, 27115070, 27115070]",0,0,0,NPU,0,0,0,0,0,0,1.0,hot,0,0,0,0,1.0,0
0,147,meta-llama/Llama-3.1-8B,1021,1140,13807346194,85384914689,71577568495,65540679273,65746850420,49412865,"[26843454, 26843454, 26843454, 26843454, 26843454, 1209061184, 26292502, 69412714, 26639587, 26639587, 156219643, 26292502, 26292502, 26292502, 26292502, 325087667, 26456112, 26456112, 26456112, 26456112, 26456112, 26456112, 26456112, 26456112, 26456112, 26456112, 34079293, 26309846, 26309846, 26309846, 26309846, 26309846, 26309846, 26309846, 26309846, 26309846, 26309846, 26309846, 26309846, 26309846, 26309846, 26309846, 26309846, 26309846, 26309846, 26309846, 26309846, 26309846, 26309846, 26309846, 26309846, 26309846, 26309846, 26309846, 26309846, 26309846, 26309846, 26309846, 26309846, 26309846, 26309846, 26309846, 26309846, 26292502, 26292502, 26292502, 26292502, 26292502, 26292502, 292752482, 26456112, 26456112, 26456112, 26456112, 328798180, 27115070, 27115070, 27115070, 27115070, 27115070, 27115070, 27115070, 27115070, 27115070, 27115070, 27115070, 27115070, 27115070, 27115070, 27115070, 27115070, 27115070, 27115070, 27115070, 36322711, 26456112, 26456112, 26456112, 26456112, 26456112, 188926692, 27115070, 27115070, 27115070, 27115070, 318979213, 26741428, 26741428, 26741428, 26741428, 26741428, 26741428, 26741428, 26741428, 26741428, 26741428, 26741428, 26741428]",0,0,0,PCIE_NVME,0,136314880,0,136314880,136314880,136314880,1.0,hot,0,0,0,0,1.0,272629760
0,132,meta-llama/Llama-3.1-8B,20,506,12181322934,85873677849,73692354915,57015823473,57226732943,33949736,"[26695203, 26695203, 26790979, 26790979, 26790979, 26790979, 26790979, 26790979, 26790979, 26790979, 26790979, 26790979, 26790979, 26790979, 26790979, 1514295899, 26428822, 26428822, 26428822, 26428822, 26428822, 26428822, 26428822, 26428822, 26428822, 26428822, 26428822, 26428822, 26428822, 26428822, 61694493, 26706189, 26706189, 26706189, 26706189, 26706189, 26706189, 26706189, 26645180, 26645180, 26645180, 26645180, 26645180, 26645180, 26645180, 26645180, 26645180, 26645180, 26645180, 26645180, 26645180, 26645180, 26645180, 26645180, 26645180, 26645180, 26444528, 26444528, 26444528, 26444528, 26444528, 26444528, 26428822, 26428822, 26428822, 26428822, 26428822, 26428822, 26428822, 26428822, 26428822, 26428822, 26428822, 26428822, 26428822, 26428822, 26428822, 26428822, 26428822, 26428822, 26428822, 26428822, 26428822, 26428822, 26428822, 26428822, 26428822, 26428822, 26428822, 26428822, 26428822, 26428822, 26428822, 26428822, 26428822, 26428822, 387354561, 26428822, 189936095, 26706189, 170689407, 26726923, 26726923, 26790979, 26790979, 26790979, 26790979, 26790979, 26790979, 26790979, 26790979, 26790979, 26706189, 26706189, 26706189, 26706189, 26706189, 26706189, 26706189, 26706189, 26706189, 26645180, 26645180, 26645180, 26645180, 26645180, 76610183, 26645180, 26645180, 26645180, 26645180, 26645180, 26645180, 26645180, 26645180, 26645180, 26645180, 26645180, 26645180, 26454608, 26454608, 26454608, 26454608, 26454608, 26454608, 26454608, 26454608, 26454608, 26454608, 26454608, 26454608, 26454608, 26454608, 26729656, 26368885, 414482702, 26428822, 26428822, 26428822, 26428822, 26428822, 26428822, 26428822, 26428822, 26428822, 26428822, 26428822, 26428822, 26428822, 26428822, 26428822, 26428822, 26428822, 26366686, 26366686, 26366686, 25853850, 311758741, 43444895, 27286840, 27286840, 27286840, 27286840, 26467984, 26467984, 26467984, 26467984, 201594649, 26843454, 26843454, 26843454, 26843454, 26843454, 26843454, 26843454, 26843454, 26843454, 26843454, 26843454, 26843454, 26843454, 26843454, 26843454, 26843454, 26843454, 26843454, 26843454, 26843454, 26843454, 26843454, 26843454, 26843454, 26843454, 26843454, 26843454, 26843454, 26573059, 26573059, 26573059, 26573059, 26573059, 26573059, 26573059, 26573059, 26573059, 26639587, 26639587, 26639587, 26639587, 26639587, 26639587, 26639587, 42797642, 26639587, 26639587, 26639587, 26639587, 26639587, 26639587, 26639587, 26639587, 26639587, 26639587, 26639587, 26639587, 26639587, 26639587, 26639587, 26639587, 26639587, 26639587, 345479572, 26843454, 26843454, 26843454, 26843454, 26843454, 26406256, 26406256, 26406256, 26406256, 26406256, 49372095, 26573059, 26573059, 26573059, 26573059, 26573059, 26573059, 26573059, 26573059, 26573059, 26573059, 26573059, 26573059, 26573059, 26573059, 26573059, 26573059, 26573059, 26573059, 26573059, 26573059, 26573059, 26246582, 26246582, 26246582, 26246582, 26246582, 26246582, 26246582, 26309846, 26309846, 26309846, 26309846, 26309846, 26309846, 26309846, 26309846, 26309846, 49108882, 26292502, 69412714, 26639587, 26639587, 25619925, 25619925, 25619925, 25619925, 25619925, 28120018, 26292502, 26292502, 26292502, 26292502, 26600885, 26600885, 26600885, 26600885, 26600885, 26600885, 26600885, 26600885, 26600885, 26600885, 26600885, 32477932, 26456112, 26456112, 26456112, 26456112, 26456112, 26456112, 26456112, 26456112, 26456112, 26456112, 34079293, 26309846, 26309846, 26309846, 26309846, 26309846, 26309846, 26309846, 26309846, 26309846, 26309846, 26309846, 26309846, 26309846, 26309846, 26309846, 26309846, 26309846, 26309846, 26309846, 26309846, 26309846, 26309846, 26309846, 26309846, 26309846, 26309846, 26309846, 26309846, 26309846, 26309846, 26309846, 26309846, 26309846, 26309846, 26309846, 26309846, 26292502, 26292502, 26292502, 26292502, 26292502, 26292502, 26316447, 26316447, 26316447, 26316447, 26316447, 26316447, 26316447, 26316447, 26316447, 26572255, 29332204, 26456112, 26456112, 26456112, 26456112, 26782974, 26782974, 26782974, 26782974, 26782974, 26782974, 26782974, 26782974, 26782974, 26782974, 26782974, 34185466, 27115070, 27115070, 27115070, 27115070, 27115070, 27115070, 27115070, 27115070, 27115070, 27115070, 27115070, 27115070, 27115070, 27115070, 27115070, 27115070, 27115070, 27115070, 27115070, 36322711, 26456112, 26456112, 26456112, 26456112, 26456112, 26489255, 26489255, 26489255, 26489255, 26489255, 26489255, 29991162, 27115070, 27115070, 27115070, 27115070, 25892533, 25892533, 25892533, 25892533, 25892533, 25892533, 25892533, 25892533, 25892533, 25892533, 25892533, 34161350, 26741428, 26741428, 26741428, 26741428, 26741428, 26741428, 26741428, 26741428, 26741428, 26741428, 26741428, 26741428, 36735930, 26519806, 26519806, 26519806, 26519806, 26519806, 26519806, 26519806, 26519806, 26519806, 26519806, 26519806, 26519806, 26519806, 26519806, 26519806, 27115070, 27115070]",0,0,0,NPU,0,0,0,0,0,0,1.0,hot,0,0,0,0,1.0,0
0,139,meta-llama/Llama-3.1-8B,742,1077,13144395522,85900401357,72756005835,60748914450,60938850545,35380704,"[26706189, 170689407, 26726923, 26726923, 26790979, 26790979, 26790979, 26790979, 26790979, 26790979, 26790979, 26790979, 26790979, 26706189, 26706189, 26706189, 26706189, 26706189, 26706189, 26706189, 26706189, 26706189, 26645180, 26645180, 26645180, 26645180, 26645180, 76610183, 26645180, 26645180, 26645180, 26645180, 26645180, 26645180, 26645180, 26645180, 26645180, 26645180, 26645180, 26645180, 26454608, 26454608, 26454608, 26454608, 26454608, 26454608, 26454608, 26454608, 26454608, 26454608, 26454608, 26454608, 26454608, 26454608, 26729656, 440851587, 26428822, 26428822, 26428822, 26428822, 26428822, 26428822, 26428822, 26428822, 26428822, 26428822, 26428822, 26428822, 26428822, 26428822, 26428822, 26428822, 26428822, 416712649, 43444895, 27286840, 27286840, 27286840, 27286840, 26467984, 26467984, 26467984, 26467984, 201594649, 26843454, 26843454, 26843454, 26843454, 26843454, 26843454, 26843454, 26843454, 26843454, 26843454, 26843454, 26843454, 26843454, 26843454, 26843454, 26843454, 26843454, 26843454, 26843454, 26843454, 26843454, 26843454, 26843454, 26843454, 26843454, 26843454, 26843454, 26843454, 26573059, 26573059, 26573059, 26573059, 26573059, 26573059, 26573059, 26573059, 26573059, 26639587, 26639587, 26639587, 26639587, 26639587, 26639587, 26639587, 42797642, 26639587, 26639587, 26639587, 26639587, 26639587, 26639587, 26639587, 26639587, 26639587, 26639587, 26639587, 26639587, 26639587, 26639587, 26639587, 26639587, 26639587, 26639587, 345479572, 26843454, 26843454, 26843454, 26843454, 26843454, 26406256, 26406256, 26406256, 26406256, 26406256, 49372095, 26573059, 26573059, 26573059, 26573059, 26573059, 26573059, 26573059, 26573059, 26573059, 26573059, 26573059, 26573059, 26573059, 26573059, 26573059, 26573059, 26573059, 26573059, 26573059, 26573059, 26573059, 26246582, 26246582, 26246582, 26246582, 26246582, 26246582, 26246582, 26309846, 26309846, 26309846, 26309846, 26309846, 26309846, 26309846, 26309846, 26309846, 49108882, 26292502, 69412714, 26639587, 26639587, 156219643, 26292502, 26292502, 26292502, 26292502, 325087667, 26456112, 26456112, 26456112, 26456112, 26456112, 26456112, 26456112, 26456112, 26456112, 26456112, 34079293, 26309846, 26309846, 26309846, 26309846, 26309846, 26309846, 26309846, 26309846, 26309846, 26309846, 26309846, 26309846, 26309846, 26309846, 26309846, 26309846, 26309846, 26309846, 26309846, 26309846, 26309846, 26309846, 26309846, 26309846, 26309846, 26309846, 26309846, 26309846, 26309846, 26309846, 26309846, 26309846, 26309846, 26309846, 26309846, 26309846, 26292502, 26292502, 26292502, 26292502, 26292502, 26292502, 292752482, 26456112, 26456112, 26456112, 26456112, 328798180, 27115070, 27115070, 27115070, 27115070, 27115070, 27115070, 27115070, 27115070, 27115070, 27115070, 27115070, 27115070, 27115070, 27115070, 27115070, 27115070, 27115070, 27115070, 27115070, 36322711, 26456112, 26456112, 26456112, 26456112, 26456112, 26489255, 26489255, 26489255, 26489255, 26489255, 26489255, 29991162, 27115070, 27115070, 27115070, 27115070, 318979213, 26741428, 26741428, 26741428, 26741428, 26741428, 26741428, 26741428, 26741428, 26741428, 26741428, 26741428, 26741428, 36735930, 26519806, 26519806, 26519806, 26519806, 26519806, 26519806, 26519806, 26519806, 26519806, 26519806, 26519806, 26519806, 26519806, 26519806, 26519806, 27115070, 27115070, 26723508]",0,0,0,NPU,0,0,0,0,0,0,1.0,hot,0,0,0,0,1.0,0
0,137,meta-llama/Llama-3.1-8B,15,483,12742418260,86730751552,73988333292,56454728147,56665637617,37093566,"[26695203, 26695203, 26790979, 26790979, 26790979, 26790979, 26790979, 26790979, 26790979, 26790979, 26790979, 26790979, 26790979, 26790979, 26790979, 1945993900, 26706189, 26706189, 26706189, 26706189, 26706189, 26706189, 26706189, 26645180, 26645180, 26645180, 26645180, 26645180, 26645180, 26645180, 26645180, 26645180, 26645180, 26645180, 26645180, 26645180, 26645180, 26645180, 26645180, 26645180, 26645180, 26444528, 26444528, 26444528, 26444528, 26444528, 26444528, 26428822, 26428822, 26428822, 26428822, 26428822, 26428822, 26428822, 26428822, 26428822, 26428822, 26428822, 26428822, 26428822, 26428822, 26428822, 26428822, 26428822, 26428822, 26428822, 26428822, 26428822, 26428822, 26428822, 26428822, 26428822, 26428822, 26428822, 26428822, 26428822, 26428822, 26428822, 26428822, 26428822, 26428822, 387354561, 26428822, 189936095, 26706189, 170689407, 26726923, 26726923, 26790979, 26790979, 26790979, 26790979, 26790979, 26790979, 26790979, 26790979, 26790979, 26706189, 26706189, 26706189, 26706189, 26706189, 26706189, 26706189, 26706189, 26706189, 26645180, 26645180, 26645180, 26645180, 26645180, 76610183, 26645180, 26645180, 26645180, 26645180, 26645180, 26645180, 26645180, 26645180, 26645180, 26645180, 26645180, 26645180, 26454608, 26454608, 26454608, 26454608, 26454608, 26454608, 26454608, 26454608, 26454608, 26454608, 26454608, 26454608, 26454608, 26454608, 26729656, 440851587, 26428822, 26428822, 26428822, 26428822, 26428822, 26428822, 26428822, 26428822, 26428822, 26428822, 26428822, 26428822, 26428822, 26428822, 26428822, 26428822, 26428822, 26366686, 26366686, 26366686, 337612591, 43444895, 27286840, 27286840, 27286840, 27286840, 26467984, 26467984, 26467984, 26467984, 201594649, 26843454, 26843454, 26843454, 26843454, 26843454, 26843454, 26843454, 26843454, 26843454, 26843454, 26843454, 26843454, 26843454, 26843454, 26843454, 26843454, 26843454, 26843454, 26843454, 26843454, 26843454, 26843454, 26843454, 26843454, 26843454, 26843454, 26843454, 26843454, 26573059, 26573059, 26573059, 26573059, 26573059, 26573059, 26573059, 26573059, 26573059, 26639587, 26639587, 26639587, 26639587, 26639587, 26639587, 26639587, 42797642, 26639587, 26639587, 26639587, 26639587, 26639587, 26639587, 26639587, 26639587, 26639587, 26639587, 26639587, 26639587, 26639587, 26639587, 26639587, 26639587, 26639587, 26639587, 345479572, 26843454, 26843454, 26843454, 26843454, 26843454, 26406256, 26406256, 26406256, 26406256, 26406256, 49372095, 26573059, 26573059, 26573059, 26573059, 26573059, 26573059, 26573059, 26573059, 26573059, 26573059, 26573059, 26573059, 26573059, 26573059, 26573059, 26573059, 26573059, 26573059, 26573059, 26573059, 26573059, 26246582, 26246582, 26246582, 26246582, 26246582, 26246582, 26246582, 26309846, 26309846, 26309846, 26309846, 26309846, 26309846, 26309846, 26309846, 26309846, 49108882, 26292502, 69412714, 26639587, 26639587, 25619925, 25619925, 25619925, 25619925, 25619925, 28120018, 26292502, 26292502, 26292502, 26292502, 325087667, 26456112, 26456112, 26456112, 26456112, 26456112, 26456112, 26456112, 26456112, 26456112, 26456112, 34079293, 26309846, 26309846, 26309846, 26309846, 26309846, 26309846, 26309846, 26309846, 26309846, 26309846, 26309846, 26309846, 26309846, 26309846, 26309846, 26309846, 26309846, 26309846, 26309846, 26309846, 26309846, 26309846, 26309846, 26309846, 26309846, 26309846, 26309846, 26309846, 26309846, 26309846, 26309846, 26309846, 26309846, 26309846, 26309846, 26309846, 26292502, 26292502, 26292502, 26292502, 26292502, 26292502, 292752482, 26456112, 26456112, 26456112, 26456112, 26782974, 26782974, 26782974, 26782974, 26782974, 26782974, 26782974, 26782974, 26782974, 26782974, 26782974, 34185466, 27115070, 27115070, 27115070, 27115070, 27115070, 27115070, 27115070, 27115070, 27115070, 27115070, 27115070, 27115070, 27115070, 27115070, 27115070, 27115070, 27115070, 27115070, 27115070, 36322711, 26456112, 26456112, 26456112, 26456112, 26456112, 26489255, 26489255, 26489255, 26489255, 26489255, 26489255, 29991162, 27115070, 27115070, 27115070, 27115070, 25892533, 25892533, 25892533, 25892533, 25892533, 25892533, 25892533, 25892533, 25892533, 25892533, 25892533, 34161350, 26741428, 26741428, 26741428, 26741428, 26741428, 26741428, 26741428, 26741428, 26741428, 26741428, 26741428, 26741428, 36735930, 26519806, 26519806, 26519806, 26519806, 26519806, 26519806, 26519806, 26519806, 26519806, 26519806, 26519806, 26519806, 26519806, 26519806, 26519806, 27115070, 27115070, 26723508, 350837629, 26639587, 26639587, 26639587, 26639587, 26639587, 26639587, 26639587, 26639587, 26639587, 26639587, 26639587, 26639587, 26639587, 26639587, 26639587, 26639587, 26639587, 26639587]",0,0,0,PCIE_NVME,0,4194304,0,4194304,4194304,4194304,1.0,hot,0,0,0,0,1.0,8388608
0,150,meta-llama/Llama-3.1-8B,1714,1742,14084179989,86967540166,72883360177,71816221368,72167058997,26529673,"[26639587, 26639587, 26639587, 26639587, 26639587, 26639587, 26639587, 26639587, 26639587, 26639587, 26639587, 26639587, 26639587, 26639587, 26639587, 26639587, 26639587, 26639587, 26309846, 26309846, 26309846, 26309846, 26309846, 26309846, 26309846, 26309846, 26309846]",0,0,0,NPU,0,0,0,0,0,0,1.0,hot,0,0,0,0,1.0,0
0,123,meta-llama/Llama-3.1-8B,359,1025,11568133663,87696985355,76128851692,51954553830,52220818490,35951929,"[27286840, 27286840, 27286840, 27286840, 27286840, 27286840, 27286840, 27286840, 26843454, 26843454, 26843454, 80836230, 26639587, 26639587, 26639587, 668938942, 26639587, 26639587, 26639587, 26639587, 26639587, 26639587, 26639587, 26639587, 26639587, 26639587, 26639587, 1899394311, 26292502, 26292502, 26292502, 26292502, 26292502, 94622211, 26309846, 26309846, 26309846, 26309846, 26309846, 26309846, 26309846, 26309846, 26309846, 26309846, 26309846, 26309846, 26309846, 26309846, 26309846, 26309846, 26309846, 26309846, 26309846, 26456112, 26456112, 26456112, 26456112, 26456112, 26456112, 26456112, 26456112, 26456112, 26456112, 26456112, 26456112, 26456112, 26456112, 26456112, 26456112, 26456112, 26456112, 26456112, 26456112, 26456112, 27115070, 27115070, 27115070, 27115070, 27115070, 27115070, 27115070, 27115070, 27115070, 27115070, 190615168, 26456112, 26456112, 26456112, 26456112, 26456112, 26456112, 26456112, 26456112, 26456112, 26456112, 26456112, 26456112, 26456112, 210909470, 26695203, 26695203, 26790979, 26790979, 26790979, 26790979, 26790979, 26790979, 26790979, 26790979, 26790979, 26790979, 26790979, 26790979, 26790979, 26573059, 26445351, 26445351, 1434832138, 26428822, 26428822, 26428822, 26428822, 26428822, 26428822, 26428822, 26428822, 26428822, 26428822, 26428822, 26428822, 26428822, 26428822, 26519806, 35174687, 26706189, 26706189, 26706189, 26706189, 26706189, 26706189, 26706189, 26645180, 26645180, 26645180, 26645180, 26645180, 26645180, 26645180, 26645180, 26645180, 26645180, 26645180, 26645180, 26645180, 26645180, 26645180, 26645180, 26645180, 26645180, 26444528, 26444528, 26444528, 26444528, 26444528, 26444528, 26428822, 26428822, 26428822, 26428822, 26428822, 26428822, 26428822, 26428822, 26428822, 26428822, 26428822, 26428822, 26428822, 26428822, 26428822, 26428822, 26428822, 26428822, 26428822, 26428822, 26428822, 26428822, 26428822, 26428822, 26428822, 26428822, 26428822, 26428822, 26428822, 26428822, 26428822, 26428822, 26428822, 26428822, 387354561, 26428822, 189936095, 26706189, 170689407, 26726923, 26726923, 26790979, 26790979, 26790979, 26790979, 26790979, 26790979, 26790979, 26790979, 26790979, 26706189, 26706189, 26706189, 26706189, 26706189, 26706189, 26706189, 26706189, 26706189, 26645180, 26645180, 26645180, 26645180, 26645180, 76610183, 26645180, 26645180, 26645180, 26645180, 26645180, 26645180, 26645180, 26645180, 26645180, 26645180, 26645180, 26645180, 26454608, 26454608, 26454608, 26454608, 26454608, 26454608, 26454608, 26454608, 26454608, 26454608, 26454608, 26454608, 26454608, 26454608, 26729656, 26368885, 26370142, 26370142, 26370142, 27275701, 27275701, 27200027, 253620847, 26428822, 26428822, 26428822, 26428822, 26428822, 26428822, 26428822, 26428822, 26428822, 26428822, 26428822, 26428822, 26428822, 26428822, 26428822, 26428822, 26428822, 26366686, 26366686, 26366686, 25853850, 26887103, 26887103, 26887103, 26887103, 26887103, 26887103, 26887103, 26887103, 26887103, 26887103, 42887711, 43444895, 27286840, 27286840, 27286840, 27286840, 26467984, 26467984, 26467984, 26467984, 26432190, 26432190, 26432190, 26432190, 26432190, 26432190, 43001509, 26843454, 26843454, 26843454, 26843454, 26843454, 26843454, 26843454, 26843454, 26843454, 26843454, 26843454, 26843454, 26843454, 26843454, 26843454, 26843454, 26843454, 26843454, 26843454, 26843454, 26843454, 26843454, 26843454, 26843454, 26843454, 26843454, 26843454, 26843454, 26573059, 26573059, 26573059, 26573059, 26573059, 26573059, 26573059, 26573059, 26573059, 26639587, 26639587, 26639587, 26639587, 26639587, 26639587, 26639587, 42797642, 26639587, 26639587, 26639587, 26639587, 26639587, 26639587, 26639587, 26639587, 26639587, 26639587, 26639587, 26639587, 26639587, 26639587, 26639587, 26639587, 26639587, 26639587, 27861685, 27861685, 27861685, 27861685, 27861685, 206171147, 26843454, 26843454, 26843454, 26843454, 26843454, 26406256, 26406256, 26406256, 26406256, 26406256, 49372095, 26573059, 26573059, 26573059, 26573059, 26573059, 26573059, 26573059, 26573059, 26573059, 26573059, 26573059, 26573059, 26573059, 26573059, 26573059, 26573059, 26573059, 26573059, 26573059, 26573059, 26573059, 26246582, 26246582, 26246582, 26246582, 26246582, 26246582, 26246582, 26309846, 26309846, 26309846, 26309846, 26309846, 26309846, 26309846, 26309846, 26309846, 49108882, 26292502, 69412714, 26639587, 26639587, 25619925, 25619925, 25619925, 25619925, 25619925, 28120018, 26292502, 26292502, 26292502, 26292502, 26600885, 26600885, 26600885, 26600885, 26600885, 26600885, 26600885, 26600885, 26600885, 26600885, 26600885, 32477932, 26456112, 26456112, 26456112, 26456112, 26456112, 26456112, 26456112, 26456112, 26456112, 26456112, 34079293, 26309846, 26309846, 26309846, 26309846, 26309846, 26309846, 26309846, 26309846, 26309846, 26309846, 26309846, 26309846, 26309846, 26309846, 26309846, 26309846, 26309846, 26309846, 26309846, 26309846, 26309846, 26309846, 26309846, 26309846, 26309846, 26309846, 26309846, 26309846, 26309846, 26309846, 26309846, 26309846, 26309846, 26309846, 26309846, 26309846, 26292502, 26292502, 26292502, 26292502, 26292502, 26292502, 26316447, 26316447, 26316447, 26316447, 26316447, 26316447, 26316447, 26316447, 26316447, 26572255, 29332204, 26456112, 26456112, 26456112, 26456112, 26782974, 26782974, 26782974, 26782974, 26782974, 26782974, 26782974, 26782974, 26782974, 26782974, 26782974, 34185466, 27115070, 27115070, 27115070, 27115070, 27115070, 27115070, 27115070, 27115070, 27115070, 27115070, 27115070, 27115070, 27115070, 27115070, 27115070, 27115070, 27115070, 27115070, 27115070, 36322711, 26456112, 26456112, 26456112, 26456112, 26456112, 26489255, 26489255, 26489255, 26489255, 26489255, 26489255, 29991162, 27115070, 27115070, 27115070, 27115070, 25892533, 25892533, 25892533, 25892533, 25892533, 25892533, 25892533, 25892533, 25892533, 25892533, 25892533, 34161350, 26741428, 26741428, 26741428, 26741428, 26741428, 26741428, 26741428, 26741428, 26741428, 26741428, 26741428, 26741428, 36735930, 26519806, 26519806, 26519806, 26519806, 26519806, 26519806, 26519806, 26519806, 26519806, 26519806, 26519806, 26519806, 26519806, 26519806, 26519806, 27115070, 27115070, 26723508, 350837629, 26639587, 26639587, 26639587, 26639587, 26639587, 26639587, 26639587, 26639587, 26639587, 26639587, 26639587, 26639587, 26639587, 26639587, 26639587, 26639587, 26639587, 26639587, 26309846, 26309846, 26309846, 26309846, 26309846, 26309846, 26309846, 26309846, 26309846, 197984009, 26573059, 26573059, 26573059, 26573059, 26573059, 26573059, 26573059, 26573059, 26573059, 26573059, 26573059, 26573059, 26573059, 26573059, 26573059, 26573059, 26573059, 26573059, 26573059, 26573059]",0,0,0,PCIE_NVME,0,102760448,0,102760448,102760448,102760448,1.0,hot,0,0,0,0,1.0,205520896
0,146,meta-llama/Llama-3.1-8B,361,642,13737494231,88690021899,74952527668,61211301690,61287911873,48802199,"[26645180, 26645180, 26645180, 26645180, 26645180, 26645180, 26645180, 26645180, 26645180, 26645180, 26645180, 26645180, 26454608, 26454608, 26454608, 26454608, 26454608, 26454608, 26454608, 26454608, 26454608, 26454608, 26454608, 26454608, 26454608, 26454608, 3838683838, 26843454, 26843454, 26843454, 26843454, 26843454, 181403375, 26573059, 26573059, 26573059, 26573059, 26573059, 26573059, 26573059, 26573059, 26573059, 26573059, 26573059, 26573059, 26573059, 26573059, 26573059, 26573059, 26573059, 26573059, 26573059, 26573059, 26573059, 26246582, 26246582, 26246582, 26246582, 26246582, 26246582, 26246582, 26309846, 26309846, 26309846, 26309846, 26309846, 26309846, 26309846, 26309846, 26309846, 49108882, 26292502, 69412714, 26639587, 26639587, 156219643, 26292502, 26292502, 26292502, 26292502, 325087667, 26456112, 26456112, 26456112, 26456112, 26456112, 26456112, 26456112, 26456112, 26456112, 26456112, 34079293, 26309846, 26309846, 26309846, 26309846, 26309846, 26309846, 26309846, 26309846, 26309846, 26309846, 26309846, 26309846, 26309846, 26309846, 26309846, 26309846, 26309846, 26309846, 26309846, 26309846, 26309846, 26309846, 26309846, 26309846, 26309846, 26309846, 26309846, 26309846, 26309846, 26309846, 26309846, 26309846, 26309846, 26309846, 26309846, 26309846, 26292502, 26292502, 26292502, 26292502, 26292502, 26292502, 292752482, 26456112, 26456112, 26456112, 26456112, 328798180, 27115070, 27115070, 27115070, 27115070, 27115070, 27115070, 27115070, 27115070, 27115070, 27115070, 27115070, 27115070, 27115070, 27115070, 27115070, 27115070, 27115070, 27115070, 27115070, 36322711, 26456112, 26456112, 26456112, 26456112, 26456112, 188926692, 27115070, 27115070, 27115070, 27115070, 318979213, 26741428, 26741428, 26741428, 26741428, 26741428, 26741428, 26741428, 26741428, 26741428, 26741428, 26741428, 26741428, 36735930, 26519806, 26519806, 26519806, 26519806, 26519806, 26519806, 26519806, 26519806, 26519806, 26519806, 26519806, 26519806, 26519806, 26519806, 26519806, 27115070, 27115070, 26723508, 350837629, 26639587, 26639587, 26639587, 26639587, 26639587, 26639587, 26639587, 26639587, 26639587, 26639587, 26639587, 26639587, 26639587, 26639587, 26639587, 26639587, 26639587, 26639587, 26309846, 26309846, 26309846, 26309846, 26309846, 26309846, 26309846, 26309846, 26309846, 197984009, 26573059, 26573059, 26573059, 26573059, 26573059, 26573059, 26573059, 26573059, 26573059, 26573059, 26573059, 26573059, 26573059, 26573059, 26573059, 26573059, 26573059, 26573059, 26573059, 26573059, 241419832, 26843454, 26843454, 26843454, 26843454, 26843454, 26843454, 26843454, 26843454, 26843454, 26843454, 26843454, 26843454, 26843454, 26843454, 26843454, 26843454, 26843454, 26843454, 26843454, 26843454, 26843454, 26843454, 26843454, 26843454, 26843454, 26843454, 26843454, 26843454]",0,0,0,PCIE_NVME,0,52428800,0,52428800,52428800,52428800,1.0,hot,0,0,0,0,1.0,104857600
0,152,meta-llama/Llama-3.1-8B,14,100,14127219130,88902606371,74775387241,71773182227,72124019856,31192557,"[26639587, 26639587, 26639587, 26639587, 26639587, 26639587, 26639587, 26639587, 26639587, 26639587, 26639587, 26639587, 26639587, 26639587, 26639587, 26639587, 26639587, 26639587, 26309846, 26309846, 26309846, 26309846, 26309846, 26309846, 26309846, 26309846, 26309846, 197984009, 26573059, 26573059, 26573059, 26573059, 26573059, 26573059, 26573059, 26573059, 26573059, 26573059, 26573059, 26573059, 26573059, 26573059, 26573059, 26573059, 26573059, 26573059, 26573059, 26573059, 241419832, 26843454, 26843454, 26843454, 26843454, 26843454, 26843454, 26843454, 26843454, 26843454, 26843454, 26843454, 26843454, 26843454, 26843454, 26843454, 26843454, 26843454, 26843454, 26843454, 26843454, 26843454, 26843454, 26843454, 26843454, 26843454, 26843454, 26843454, 26843454, 26573059, 26573059, 26573059, 26573059, 26573059, 26573059, 26573059, 26573059]",0,0,0,NPU,0,0,0,0,0,0,1.0,hot,0,0,0,0,1.0,0
0,134,meta-llama/Llama-3.1-8B,227,791,12508825903,89349873753,76841047850,56688320504,56899229974,35420635,"[26695203, 26695203, 26790979, 26790979, 26790979, 26790979, 26790979, 26790979, 26790979, 26790979, 26790979, 26790979, 26790979, 26790979, 26790979, 1945993900, 26706189, 26706189, 26706189, 26706189, 26706189, 26706189, 26706189, 26645180, 26645180, 26645180, 26645180, 26645180, 26645180, 26645180, 26645180, 26645180, 26645180, 26645180, 26645180, 26645180, 26645180, 26645180, 26645180, 26645180, 26645180, 26444528, 26444528, 26444528, 26444528, 26444528, 26444528, 26428822, 26428822, 26428822, 26428822, 26428822, 26428822, 26428822, 26428822, 26428822, 26428822, 26428822, 26428822, 26428822, 26428822, 26428822, 26428822, 26428822, 26428822, 26428822, 26428822, 26428822, 26428822, 26428822, 26428822, 26428822, 26428822, 26428822, 26428822, 26428822, 26428822, 26428822, 26428822, 26428822, 26428822, 387354561, 26428822, 189936095, 26706189, 170689407, 26726923, 26726923, 26790979, 26790979, 26790979, 26790979, 26790979, 26790979, 26790979, 26790979, 26790979, 26706189, 26706189, 26706189, 26706189, 26706189, 26706189, 26706189, 26706189, 26706189, 26645180, 26645180, 26645180, 26645180, 26645180, 76610183, 26645180, 26645180, 26645180, 26645180, 26645180, 26645180, 26645180, 26645180, 26645180, 26645180, 26645180, 26645180, 26454608, 26454608, 26454608, 26454608, 26454608, 26454608, 26454608, 26454608, 26454608, 26454608, 26454608, 26454608, 26454608, 26454608, 26729656, 26368885, 414482702, 26428822, 26428822, 26428822, 26428822, 26428822, 26428822, 26428822, 26428822, 26428822, 26428822, 26428822, 26428822, 26428822, 26428822, 26428822, 26428822, 26428822, 26366686, 26366686, 26366686, 25853850, 311758741, 43444895, 27286840, 27286840, 27286840, 27286840, 26467984, 26467984, 26467984, 26467984, 201594649, 26843454, 26843454, 26843454, 26843454, 26843454, 26843454, 26843454, 26843454, 26843454, 26843454, 26843454, 26843454, 26843454, 26843454, 26843454, 26843454, 26843454, 26843454, 26843454, 26843454, 26843454, 26843454, 26843454, 26843454, 26843454, 26843454, 26843454, 26843454, 26573059, 26573059, 26573059, 26573059, 26573059, 26573059, 26573059, 26573059, 26573059, 26639587, 26639587, 26639587, 26639587, 26639587, 26639587, 26639587, 42797642, 26639587, 26639587, 26639587, 26639587, 26639587, 26639587, 26639587, 26639587, 26639587, 26639587, 26639587, 26639587, 26639587, 26639587, 26639587, 26639587, 26639587, 26639587, 345479572, 26843454, 26843454, 26843454, 26843454, 26843454, 26406256, 26406256, 26406256, 26406256, 26406256, 49372095, 26573059, 26573059, 26573059, 26573059, 26573059, 26573059, 26573059, 26573059, 26573059, 26573059, 26573059, 26573059, 26573059, 26573059, 26573059, 26573059, 26573059, 26573059, 26573059, 26573059, 26573059, 26246582, 26246582, 26246582, 26246582, 26246582, 26246582, 26246582, 26309846, 26309846, 26309846, 26309846, 26309846, 26309846, 26309846, 26309846, 26309846, 49108882, 26292502, 69412714, 26639587, 26639587, 25619925, 25619925, 25619925, 25619925, 25619925, 28120018, 26292502, 26292502, 26292502, 26292502, 325087667, 26456112, 26456112, 26456112, 26456112, 26456112, 26456112, 26456112, 26456112, 26456112, 26456112, 34079293, 26309846, 26309846, 26309846, 26309846, 26309846, 26309846, 26309846, 26309846, 26309846, 26309846, 26309846, 26309846, 26309846, 26309846, 26309846, 26309846, 26309846, 26309846, 26309846, 26309846, 26309846, 26309846, 26309846, 26309846, 26309846, 26309846, 26309846, 26309846, 26309846, 26309846, 26309846, 26309846, 26309846, 26309846, 26309846, 26309846, 26292502, 26292502, 26292502, 26292502, 26292502, 26292502, 26316447, 26316447, 26316447, 26316447, 26316447, 26316447, 26316447, 26316447, 26316447, 26572255, 29332204, 26456112, 26456112, 26456112, 26456112, 26782974, 26782974, 26782974, 26782974, 26782974, 26782974, 26782974, 26782974, 26782974, 26782974, 26782974, 34185466, 27115070, 27115070, 27115070, 27115070, 27115070, 27115070, 27115070, 27115070, 27115070, 27115070, 27115070, 27115070, 27115070, 27115070, 27115070, 27115070, 27115070, 27115070, 27115070, 36322711, 26456112, 26456112, 26456112, 26456112, 26456112, 26489255, 26489255, 26489255, 26489255, 26489255, 26489255, 29991162, 27115070, 27115070, 27115070, 27115070, 25892533, 25892533, 25892533, 25892533, 25892533, 25892533, 25892533, 25892533, 25892533, 25892533, 25892533, 34161350, 26741428, 26741428, 26741428, 26741428, 26741428, 26741428, 26741428, 26741428, 26741428, 26741428, 26741428, 26741428, 36735930, 26519806, 26519806, 26519806, 26519806, 26519806, 26519806, 26519806, 26519806, 26519806, 26519806, 26519806, 26519806, 26519806, 26519806, 26519806, 27115070, 27115070, 26723508, 350837629, 26639587, 26639587, 26639587, 26639587, 26639587, 26639587, 26639587, 26639587, 26639587, 26639587, 26639587, 26639587, 26639587, 26639587, 26639587, 26639587, 26639587, 26639587, 26309846, 26309846, 26309846, 26309846, 26309846, 26309846, 26309846, 26309846, 26309846, 197984009, 26573059, 26573059, 26573059, 26573059, 26573059, 26573059, 26573059, 26573059, 26573059, 26573059, 26573059, 26573059, 26573059, 26573059, 26573059, 26573059, 26573059, 26573059, 26573059, 26573059, 241419832, 26843454, 26843454, 26843454, 26843454, 26843454, 26843454, 26843454, 26843454, 26843454, 26843454, 26843454, 26843454, 26843454, 26843454, 26843454, 26843454, 26843454, 26843454, 26843454, 26843454, 26843454, 26843454, 26843454, 26843454, 26843454, 26843454, 26843454, 26843454, 26573059, 26573059, 26573059, 26573059, 26573059, 26573059, 26573059, 26573059, 26309846, 26309846, 26309846, 26309846, 26309846, 26309846, 26309846, 26309846, 26309846, 26309846, 26309846, 26309846, 26309846, 26309846, 26309846, 26309846, 26309846]",0,0,0,PCIE_NVME,0,33554432,0,33554432,33554432,33554432,1.0,hot,0,0,0,0,1.0,67108864
0,138,meta-llama/Llama-3.1-8B,1041,1509,12787615709,89888337539,77100721830,60881115091,61079265441,34307187,"[26428822, 189936095, 26706189, 170689407, 26726923, 26726923, 26790979, 26790979, 26790979, 26790979, 26790979, 26790979, 26790979, 26790979, 26790979, 26706189, 26706189, 26706189, 26706189, 26706189, 26706189, 26706189, 26706189, 26706189, 26645180, 26645180, 26645180, 26645180, 26645180, 76610183, 26645180, 26645180, 26645180, 26645180, 26645180, 26645180, 26645180, 26645180, 26645180, 26645180, 26645180, 26645180, 26454608, 26454608, 26454608, 26454608, 26454608, 26454608, 26454608, 26454608, 26454608, 26454608, 26454608, 26454608, 26454608, 26454608, 26729656, 440851587, 26428822, 26428822, 26428822, 26428822, 26428822, 26428822, 26428822, 26428822, 26428822, 26428822, 26428822, 26428822, 26428822, 26428822, 26428822, 26428822, 26428822, 26366686, 26366686, 26366686, 337612591, 43444895, 27286840, 27286840, 27286840, 27286840, 26467984, 26467984, 26467984, 26467984, 201594649, 26843454, 26843454, 26843454, 26843454, 26843454, 26843454, 26843454, 26843454, 26843454, 26843454, 26843454, 26843454, 26843454, 26843454, 26843454, 26843454, 26843454, 26843454, 26843454, 26843454, 26843454, 26843454, 26843454, 26843454, 26843454, 26843454, 26843454, 26843454, 26573059, 26573059, 26573059, 26573059, 26573059, 26573059, 26573059, 26573059, 26573059, 26639587, 26639587, 26639587, 26639587, 26639587, 26639587, 26639587, 42797642, 26639587, 26639587, 26639587, 26639587, 26639587, 26639587, 26639587, 26639587, 26639587, 26639587, 26639587, 26639587, 26639587, 26639587, 26639587, 26639587, 26639587, 26639587, 345479572, 26843454, 26843454, 26843454, 26843454, 26843454, 26406256, 26406256, 26406256, 26406256, 26406256, 49372095, 26573059, 26573059, 26573059, 26573059, 26573059, 26573059, 26573059, 26573059, 26573059, 26573059, 26573059, 26573059, 26573059, 26573059, 26573059, 26573059, 26573059, 26573059, 26573059, 26573059, 26573059, 26246582, 26246582, 26246582, 26246582, 26246582, 26246582, 26246582, 26309846, 26309846, 26309846, 26309846, 26309846, 26309846, 26309846, 26309846, 26309846, 49108882, 26292502, 69412714, 26639587, 26639587, 156219643, 26292502, 26292502, 26292502, 26292502, 325087667, 26456112, 26456112, 26456112, 26456112, 26456112, 26456112, 26456112, 26456112, 26456112, 26456112, 34079293, 26309846, 26309846, 26309846, 26309846, 26309846, 26309846, 26309846, 26309846, 26309846, 26309846, 26309846, 26309846, 26309846, 26309846, 26309846, 26309846, 26309846, 26309846, 26309846, 26309846, 26309846, 26309846, 26309846, 26309846, 26309846, 26309846, 26309846, 26309846, 26309846, 26309846, 26309846, 26309846, 26309846, 26309846, 26309846, 26309846, 26292502, 26292502, 26292502, 26292502, 26292502, 26292502, 292752482, 26456112, 26456112, 26456112, 26456112, 26782974, 26782974, 26782974, 26782974, 26782974, 26782974, 26782974, 26782974, 26782974, 26782974, 26782974, 34185466, 27115070, 27115070, 27115070, 27115070, 27115070, 27115070, 27115070, 27115070, 27115070, 27115070, 27115070, 27115070, 27115070, 27115070, 27115070, 27115070, 27115070, 27115070, 27115070, 36322711, 26456112, 26456112, 26456112, 26456112, 26456112, 26489255, 26489255, 26489255, 26489255, 26489255, 26489255, 29991162, 27115070, 27115070, 27115070, 27115070, 318979213, 26741428, 26741428, 26741428, 26741428, 26741428, 26741428, 26741428, 26741428, 26741428, 26741428, 26741428, 26741428, 36735930, 26519806, 26519806, 26519806, 26519806, 26519806, 26519806, 26519806, 26519806, 26519806, 26519806, 26519806, 26519806, 26519806, 26519806, 26519806, 27115070, 27115070, 26723508, 350837629, 26639587, 26639587, 26639587, 26639587, 26639587, 26639587, 26639587, 26639587, 26639587, 26639587, 26639587, 26639587, 26639587, 26639587, 26639587, 26639587, 26639587, 26639587, 26309846, 26309846, 26309846, 26309846, 26309846, 26309846, 26309846, 26309846, 26309846, 197984009, 26573059, 26573059, 26573059, 26573059, 26573059, 26573059, 26573059, 26573059, 26573059, 26573059, 26573059, 26573059, 26573059, 26573059, 26573059, 26573059, 26573059, 26573059, 26573059, 26573059, 241419832, 26843454, 26843454, 26843454, 26843454, 26843454, 26843454, 26843454, 26843454, 26843454, 26843454, 26843454, 26843454, 26843454, 26843454, 26843454, 26843454, 26843454, 26843454, 26843454, 26843454, 26843454, 26843454, 26843454, 26843454, 26843454, 26843454, 26843454, 26843454, 26573059, 26573059, 26573059, 26573059, 26573059, 26573059, 26573059, 26573059, 26309846, 26309846, 26309846, 26309846, 26309846, 26309846, 26309846, 26309846, 26309846, 26309846, 26309846, 26309846, 26309846, 26309846, 26309846, 26309846, 26309846, 196453132, 26309846, 26309846, 26309846, 26309846, 26309846, 26309846, 26309846, 26309846, 26309846, 26309846, 26309846, 26309846, 26292502]",0,0,0,NPU,0,0,0,0,0,0,1.0,hot,0,0,0,0,1.0,0
0,128,meta-llama/Llama-3.1-8B,784,1417,12017923215,90226431364,78208508149,57179223192,57390132662,32940467,"[26695203, 26695203, 26790979, 26790979, 26790979, 26790979, 26790979, 26790979, 26790979, 26790979, 26790979, 26790979, 26790979, 26790979, 26790979, 26573059, 1487722840, 26428822, 26428822, 26428822, 26428822, 26428822, 26428822, 26428822, 26428822, 26428822, 26428822, 26428822, 26428822, 26428822, 26428822, 61694493, 26706189, 26706189, 26706189, 26706189, 26706189, 26706189, 26706189, 26645180, 26645180, 26645180, 26645180, 26645180, 26645180, 26645180, 26645180, 26645180, 26645180, 26645180, 26645180, 26645180, 26645180, 26645180, 26645180, 26645180, 26645180, 26444528, 26444528, 26444528, 26444528, 26444528, 26444528, 26428822, 26428822, 26428822, 26428822, 26428822, 26428822, 26428822, 26428822, 26428822, 26428822, 26428822, 26428822, 26428822, 26428822, 26428822, 26428822, 26428822, 26428822, 26428822, 26428822, 26428822, 26428822, 26428822, 26428822, 26428822, 26428822, 26428822, 26428822, 26428822, 26428822, 26428822, 26428822, 26428822, 26428822, 387354561, 26428822, 189936095, 26706189, 170689407, 26726923, 26726923, 26790979, 26790979, 26790979, 26790979, 26790979, 26790979, 26790979, 26790979, 26790979, 26706189, 26706189, 26706189, 26706189, 26706189, 26706189, 26706189, 26706189, 26706189, 26645180, 26645180, 26645180, 26645180, 26645180, 76610183, 26645180, 26645180, 26645180, 26645180, 26645180, 26645180, 26645180, 26645180, 26645180, 26645180, 26645180, 26645180, 26454608, 26454608, 26454608, 26454608, 26454608, 26454608, 26454608, 26454608, 26454608, 26454608, 26454608, 26454608, 26454608, 26454608, 26729656, 26368885, 26370142, 26370142, 26370142, 335372276, 26428822, 26428822, 26428822, 26428822, 26428822, 26428822, 26428822, 26428822, 26428822, 26428822, 26428822, 26428822, 26428822, 26428822, 26428822, 26428822, 26428822, 26366686, 26366686, 26366686, 25853850, 26887103, 26887103, 26887103, 26887103, 26887103, 26887103, 26887103, 26887103, 26887103, 26887103, 42887711, 43444895, 27286840, 27286840, 27286840, 27286840, 26467984, 26467984, 26467984, 26467984, 26432190, 26432190, 26432190, 26432190, 26432190, 26432190, 43001509, 26843454, 26843454, 26843454, 26843454, 26843454, 26843454, 26843454, 26843454, 26843454, 26843454, 26843454, 26843454, 26843454, 26843454, 26843454, 26843454, 26843454, 26843454, 26843454, 26843454, 26843454, 26843454, 26843454, 26843454, 26843454, 26843454, 26843454, 26843454, 26573059, 26573059, 26573059, 26573059, 26573059, 26573059, 26573059, 26573059, 26573059, 26639587, 26639587, 26639587, 26639587, 26639587, 26639587, 26639587, 42797642, 26639587, 26639587, 26639587, 26639587, 26639587, 26639587, 26639587, 26639587, 26639587, 26639587, 26639587, 26639587, 26639587, 26639587, 26639587, 26639587, 26639587, 26639587, 27861685, 27861685, 27861685, 27861685, 27861685, 206171147, 26843454, 26843454, 26843454, 26843454, 26843454, 26406256, 26406256, 26406256, 26406256, 26406256, 49372095, 26573059, 26573059, 26573059, 26573059, 26573059, 26573059, 26573059, 26573059, 26573059, 26573059, 26573059, 26573059, 26573059, 26573059, 26573059, 26573059, 26573059, 26573059, 26573059, 26573059, 26573059, 26246582, 26246582, 26246582, 26246582, 26246582, 26246582, 26246582, 26309846, 26309846, 26309846, 26309846, 26309846, 26309846, 26309846, 26309846, 26309846, 49108882, 26292502, 69412714, 26639587, 26639587, 25619925, 25619925, 25619925, 25619925, 25619925, 28120018, 26292502, 26292502, 26292502, 26292502, 26600885, 26600885, 26600885, 26600885, 26600885, 26600885, 26600885, 26600885, 26600885, 26600885, 26600885, 32477932, 26456112, 26456112, 26456112, 26456112, 26456112, 26456112, 26456112, 26456112, 26456112, 26456112, 34079293, 26309846, 26309846, 26309846, 26309846, 26309846, 26309846, 26309846, 26309846, 26309846, 26309846, 26309846, 26309846, 26309846, 26309846, 26309846, 26309846, 26309846, 26309846, 26309846, 26309846, 26309846, 26309846, 26309846, 26309846, 26309846, 26309846, 26309846, 26309846, 26309846, 26309846, 26309846, 26309846, 26309846, 26309846, 26309846, 26309846, 26292502, 26292502, 26292502, 26292502, 26292502, 26292502, 26316447, 26316447, 26316447, 26316447, 26316447, 26316447, 26316447, 26316447, 26316447, 26572255, 29332204, 26456112, 26456112, 26456112, 26456112, 26782974, 26782974, 26782974, 26782974, 26782974, 26782974, 26782974, 26782974, 26782974, 26782974, 26782974, 34185466, 27115070, 27115070, 27115070, 27115070, 27115070, 27115070, 27115070, 27115070, 27115070, 27115070, 27115070, 27115070, 27115070, 27115070, 27115070, 27115070, 27115070, 27115070, 27115070, 36322711, 26456112, 26456112, 26456112, 26456112, 26456112, 26489255, 26489255, 26489255, 26489255, 26489255, 26489255, 29991162, 27115070, 27115070, 27115070, 27115070, 25892533, 25892533, 25892533, 25892533, 25892533, 25892533, 25892533, 25892533, 25892533, 25892533, 25892533, 34161350, 26741428, 26741428, 26741428, 26741428, 26741428, 26741428, 26741428, 26741428, 26741428, 26741428, 26741428, 26741428, 36735930, 26519806, 26519806, 26519806, 26519806, 26519806, 26519806, 26519806, 26519806, 26519806, 26519806, 26519806, 26519806, 26519806, 26519806, 26519806, 27115070, 27115070, 26723508, 350837629, 26639587, 26639587, 26639587, 26639587, 26639587, 26639587, 26639587, 26639587, 26639587, 26639587, 26639587, 26639587, 26639587, 26639587, 26639587, 26639587, 26639587, 26639587, 26309846, 26309846, 26309846, 26309846, 26309846, 26309846, 26309846, 26309846, 26309846, 197984009, 26573059, 26573059, 26573059, 26573059, 26573059, 26573059, 26573059, 26573059, 26573059, 26573059, 26573059, 26573059, 26573059, 26573059, 26573059, 26573059, 26573059, 26573059, 26573059, 26573059, 241419832, 26843454, 26843454, 26843454, 26843454, 26843454, 26843454, 26843454, 26843454, 26843454, 26843454, 26843454, 26843454, 26843454, 26843454, 26843454, 26843454, 26843454, 26843454, 26843454, 26843454, 26843454, 26843454, 26843454, 26843454, 26843454, 26843454, 26843454, 26843454, 26573059, 26573059, 26573059, 26573059, 26573059, 26573059, 26573059, 26573059, 26309846, 26309846, 26309846, 26309846, 26309846, 26309846, 26309846, 26309846, 26309846, 26309846, 26309846, 26309846, 26309846, 26309846, 26309846, 26309846, 26309846, 196453132, 26309846, 26309846, 26309846, 26309846, 26309846, 26309846, 26309846, 26309846, 26309846, 26309846, 26309846, 26309846, 26292502, 257538320, 26851835, 26851835, 26851835]",0,0,0,NPU,0,0,0,0,0,0,1.0,hot,0,0,0,0,1.0,0
0,167,meta-llama/Llama-3.1-8B,8,21,15631053583,90570976926,74939923343,74257283956,74514822276,35425088,"[131104914, 26726923, 26726923, 26726923, 26726923, 26726923, 26726923, 26726923, 26726923, 26726923, 26726923, 26726923]",0,0,0,NPU,0,0,0,0,0,0,1.0,hot,0,0,0,0,1.0,0
0,148,meta-llama/Llama-3.1-8B,260,496,13812631302,91104880986,77292249684,67111136268,67180548982,43028513,"[26639587, 26639587, 156219643, 26292502, 26292502, 26292502, 26292502, 623728080, 26309846, 26309846, 26309846, 26309846, 26309846, 26309846, 26309846, 26309846, 26309846, 26309846, 26309846, 26309846, 26309846, 26309846, 26309846, 26309846, 26309846, 26309846, 26309846, 26309846, 26309846, 26309846, 26309846, 26309846, 26309846, 26309846, 26309846, 26309846, 26309846, 26309846, 26309846, 26309846, 26309846, 26309846, 26309846, 26309846, 26292502, 26292502, 26292502, 26292502, 26292502, 26292502, 292752482, 26456112, 26456112, 26456112, 26456112, 880307221, 26456112, 26456112, 26456112, 26456112, 26456112, 188926692, 27115070, 27115070, 27115070, 27115070, 676612279, 26519806, 26519806, 26519806, 26519806, 26519806, 26519806, 26519806, 26519806, 26519806, 26519806, 26519806, 26519806, 26519806, 26519806, 26519806, 27115070, 27115070, 26723508, 350837629, 26639587, 26639587, 26639587, 26639587, 26639587, 26639587, 26639587, 26639587, 26639587, 26639587, 26639587, 26639587, 26639587, 26639587, 26639587, 26639587, 26639587, 26639587, 26309846, 26309846, 26309846, 26309846, 26309846, 26309846, 26309846, 26309846, 26309846, 197984009, 26573059, 26573059, 26573059, 26573059, 26573059, 26573059, 26573059, 26573059, 26573059, 26573059, 26573059, 26573059, 26573059, 26573059, 26573059, 26573059, 26573059, 26573059, 26573059, 26573059, 241419832, 26843454, 26843454, 26843454, 26843454, 26843454, 26843454, 26843454, 26843454, 26843454, 26843454, 26843454, 26843454, 26843454, 26843454, 26843454, 26843454, 26843454, 26843454, 26843454, 26843454, 26843454, 26843454, 26843454, 26843454, 26843454, 26843454, 26843454, 26843454, 26573059, 26573059, 26573059, 26573059, 26573059, 26573059, 26573059, 26573059, 26309846, 26309846, 26309846, 26309846, 26309846, 26309846, 26309846, 26309846, 26309846, 26309846, 26309846, 26309846, 26309846, 26309846, 26309846, 26309846, 26309846, 196453132, 26309846, 26309846, 26309846, 26309846, 26309846, 26309846, 26309846, 26309846, 26309846, 26309846, 26309846, 26309846, 26292502, 257538320, 131104914, 26726923, 26726923, 26726923, 26726923, 26726923, 26726923, 26726923, 26726923, 26726923, 26726923, 26726923, 26695203, 26695203, 26695203, 26695203, 26695203, 26695203, 26695203, 26695203, 26695203, 26695203, 26695203, 26695203, 26695203, 26695203, 26695203, 26695203, 26695203, 26695203, 26695203, 26695203]",0,0,0,PCIE_NVME,0,121634816,0,121634816,121634816,121634816,1.0,hot,0,0,0,0,1.0,243269632
0,154,meta-llama/Llama-3.1-8B,12,182,14618850038,91637197406,77018347368,71281551319,71632388948,31869576,"[26639587, 26639587, 26639587, 26639587, 26639587, 26639587, 26639587, 26639587, 26639587, 26639587, 26639587, 26639587, 26639587, 26639587, 26639587, 26639587, 26639587, 26639587, 26309846, 26309846, 26309846, 26309846, 26309846, 26309846, 26309846, 26309846, 26309846, 197984009, 26573059, 26573059, 26573059, 26573059, 26573059, 26573059, 26573059, 26573059, 26573059, 26573059, 26573059, 26573059, 26573059, 26573059, 26573059, 26573059, 26573059, 26573059, 26573059, 26573059, 241419832, 26843454, 26843454, 26843454, 26843454, 26843454, 26843454, 26843454, 26843454, 26843454, 26843454, 26843454, 26843454, 26843454, 26843454, 26843454, 26843454, 26843454, 26843454, 26843454, 26843454, 26843454, 26843454, 26843454, 26843454, 26843454, 26843454, 26843454, 26843454, 26573059, 26573059, 26573059, 26573059, 26573059, 26573059, 26573059, 26573059, 26309846, 26309846, 26309846, 26309846, 26309846, 26309846, 26309846, 26309846, 26309846, 26309846, 26309846, 26309846, 26309846, 26309846, 26309846, 26309846, 26309846, 196453132, 26309846, 26309846, 26309846, 26309846, 26309846, 26309846, 26309846, 26309846, 26309846, 26309846, 26309846, 26309846, 26292502, 257538320, 131104914, 26726923, 26726923, 26726923, 26726923, 26726923, 26726923, 26726923, 26726923, 26726923, 26726923, 26726923, 26695203, 26695203, 26695203, 26695203, 26695203, 26695203, 26695203, 26695203, 26695203, 26695203, 26695203, 26695203, 26695203, 26695203, 26695203, 26695203, 26695203, 26695203, 26695203, 26695203, 26615821, 26615821, 26615821, 26615821, 26615821, 26615821, 26615821, 26615821, 26615821, 26615821, 26615821, 26615821, 26615821, 26615821, 26615821, 26615821, 26615821, 26615821, 26615821, 26615821]",0,0,0,NPU,0,0,0,0,0,0,1.0,hot,0,0,0,0,1.0,0
0,155,meta-llama/Llama-3.1-8B,847,1015,14646564519,92329972086,77683407567,72320975647,72518959656,30924837,"[26573059, 26573059, 26573059, 26573059, 26573059, 26573059, 26573059, 26573059, 26573059, 26573059, 26573059, 26573059, 26573059, 26573059, 26573059, 26573059, 26573059, 26573059, 26573059, 26573059, 241419832, 26843454, 26843454, 26843454, 26843454, 26843454, 26843454, 26843454, 26843454, 26843454, 26843454, 26843454, 26843454, 26843454, 26843454, 26843454, 26843454, 26843454, 26843454, 26843454, 26843454, 26843454, 26843454, 26843454, 26843454, 26843454, 26843454, 26843454, 26843454, 26573059, 26573059, 26573059, 26573059, 26573059, 26573059, 26573059, 26573059, 26309846, 26309846, 26309846, 26309846, 26309846, 26309846, 26309846, 26309846, 26309846, 26309846, 26309846, 26309846, 26309846, 26309846, 26309846, 26309846, 26309846, 196453132, 26309846, 26309846, 26309846, 26309846, 26309846, 26309846, 26309846, 26309846, 26309846, 26309846, 26309846, 26309846, 26292502, 257538320, 131104914, 26726923, 26726923, 26726923, 26726923, 26726923, 26726923, 26726923, 26726923, 26726923, 26726923, 26726923, 26695203, 26695203, 26695203, 26695203, 26695203, 26695203, 26695203, 26695203, 26695203, 26695203, 26695203, 26695203, 26695203, 26695203, 26695203, 26695203, 26695203, 26695203, 26695203, 26695203, 26615821, 26615821, 26615821, 26615821, 26615821, 26615821, 26615821, 26615821, 26615821, 26615821, 26615821, 26615821, 26615821, 26615821, 26615821, 26615821, 26615821, 26615821, 26615821, 26615821, 26645180, 26645180, 26645180, 26645180, 26645180, 26645180, 26645180, 26645180, 26645180, 26645180, 26645180, 26645180, 26645180, 26645180, 26645180, 26645180, 26645180, 26645180, 26645180, 26645180, 26645180, 26645180, 26645180, 26645180, 26645180, 26645180]",0,0,0,NPU,0,0,0,0,0,0,1.0,hot,0,0,0,0,1.0,0
0,171,meta-llama/Llama-3.1-8B,1316,1319,15839452265,92626727900,76787275635,76490519821,76733985275,26645180,"[26645180, 26645180]",0,0,0,NPU,0,0,0,0,0,0,1.0,hot,0,0,0,0,1.0,0
0,170,meta-llama/Llama-3.1-8B,111,196,15837779571,92892875566,77055095995,74388651793,74439201202,31141604,"[26726923, 26726923, 26726923, 26726923, 26726923, 26726923, 26726923, 26726923, 26726923, 26726923, 26726923, 26695203, 26695203, 26695203, 26695203, 26695203, 26695203, 26695203, 26695203, 26695203, 26695203, 26695203, 26695203, 26695203, 26695203, 26695203, 26695203, 26695203, 26695203, 26695203, 26695203, 26615821, 26615821, 26615821, 26615821, 26615821, 26615821, 26615821, 26615821, 26615821, 26615821, 26615821, 26615821, 26615821, 26615821, 26615821, 26615821, 26615821, 26615821, 26615821, 26615821, 26645180, 26645180, 26645180, 26645180, 26645180, 26645180, 26645180, 26645180, 26645180, 26645180, 26645180, 26645180, 26645180, 26645180, 26645180, 26645180, 26645180, 26645180, 26645180, 26645180, 26645180, 26645180, 26645180, 26645180, 26645180, 26645180, 243465454, 26645180, 26645180, 183609938, 27512576, 27512576, 27512576]",0,0,0,NPU,0,0,0,0,0,0,1.0,hot,0,0,0,0,1.0,0
0,158,meta-llama/Llama-3.1-8B,4,175,14928602099,93354645070,78426042971,72768383256,73009803088,31860234,"[26843454, 26843454, 26843454, 26843454, 26843454, 26843454, 26843454, 26843454, 26843454, 26843454, 26843454, 26843454, 26843454, 26843454, 26843454, 26843454, 26843454, 26843454, 26843454, 26843454, 26843454, 26843454, 26843454, 26843454, 26843454, 26843454, 26843454, 26843454, 26573059, 26573059, 26573059, 26573059, 26573059, 26573059, 26573059, 26573059, 26309846, 26309846, 26309846, 26309846, 26309846, 26309846, 26309846, 26309846, 26309846, 26309846, 26309846, 26309846, 26309846, 26309846, 26309846, 26309846, 26309846, 196453132, 26309846, 26309846, 26309846, 26309846, 26309846, 26309846, 26309846, 26309846, 26309846, 26309846, 26309846, 26309846, 26292502, 257538320, 131104914, 26726923, 26726923, 26726923, 26726923, 26726923, 26726923, 26726923, 26726923, 26726923, 26726923, 26726923, 26695203, 26695203, 26695203, 26695203, 26695203, 26695203, 26695203, 26695203, 26695203, 26695203, 26695203, 26695203, 26695203, 26695203, 26695203, 26695203, 26695203, 26695203, 26695203, 26695203, 26615821, 26615821, 26615821, 26615821, 26615821, 26615821, 26615821, 26615821, 26615821, 26615821, 26615821, 26615821, 26615821, 26615821, 26615821, 26615821, 26615821, 26615821, 26615821, 26615821, 26645180, 26645180, 26645180, 26645180, 26645180, 26645180, 26645180, 26645180, 26645180, 26645180, 26645180, 26645180, 26645180, 26645180, 26645180, 26645180, 26645180, 26645180, 26645180, 26645180, 26645180, 26645180, 26645180, 26645180, 26645180, 26645180, 243465454, 26645180, 26645180, 183609938, 27512576, 27512576, 27512576, 27278932, 27278932, 27278932, 27278932, 27278932, 27278932, 27278932, 27278932, 27278932, 27278932, 27278932, 27278932, 27278932, 27278932, 27278932, 26615821, 25969703]",0,0,0,NPU,0,0,0,0,0,0,1.0,hot,0,0,0,0,1.0,0
0,159,meta-llama/Llama-3.1-8B,1020,1141,15058876991,93490111654,78431234663,74290996762,74487449894,32864873,"[26309846, 26309846, 26309846, 26309846, 26309846, 26309846, 26309846, 26309846, 26309846, 26309846, 26309846, 26309846, 26292502, 257538320, 131104914, 26726923, 26726923, 26726923, 26726923, 26726923, 26726923, 26726923, 26726923, 26726923, 26726923, 26726923, 26695203, 26695203, 26695203, 26695203, 26695203, 26695203, 26695203, 26695203, 26695203, 26695203, 26695203, 26695203, 26695203, 26695203, 26695203, 26695203, 26695203, 26695203, 26695203, 26695203, 26615821, 26615821, 26615821, 26615821, 26615821, 26615821, 26615821, 26615821, 26615821, 26615821, 26615821, 26615821, 26615821, 26615821, 26615821, 26615821, 26615821, 26615821, 26615821, 26615821, 26645180, 26645180, 26645180, 26645180, 26645180, 26645180, 26645180, 26645180, 26645180, 26645180, 26645180, 26645180, 26645180, 26645180, 26645180, 26645180, 26645180, 26645180, 26645180, 26645180, 26645180, 26645180, 26645180, 26645180, 26645180, 26645180, 243465454, 26645180, 26645180, 183609938, 27512576, 27512576, 27512576, 27278932, 27278932, 27278932, 27278932, 27278932, 27278932, 27278932, 27278932, 27278932, 27278932, 27278932, 27278932, 27278932, 27278932, 27278932, 26615821, 53202463, 27232760, 27232760, 27232760, 26535544]",0,0,0,NPU,0,0,0,0,0,0,1.0,hot,0,0,0,0,1.0,0
0,163,meta-llama/Llama-3.1-8B,217,330,15381901950,93652731352,78270829402,74506435589,74763973909,31311209,"[131104914, 26726923, 26726923, 26726923, 26726923, 26726923, 26726923, 26726923, 26726923, 26726923, 26726923, 26726923, 26695203, 26695203, 26695203, 26695203, 26695203, 26695203, 26695203, 26695203, 26695203, 26695203, 26695203, 26695203, 26695203, 26695203, 26695203, 26695203, 26695203, 26695203, 26695203, 26695203, 26615821, 26615821, 26615821, 26615821, 26615821, 26615821, 26615821, 26615821, 26615821, 26615821, 26615821, 26615821, 26615821, 26615821, 26615821, 26615821, 26615821, 26615821, 26615821, 26615821, 26645180, 26645180, 26645180, 26645180, 26645180, 26645180, 26645180, 26645180, 26645180, 26645180, 26645180, 26645180, 26645180, 26645180, 26645180, 26645180, 26645180, 26645180, 26645180, 26645180, 26645180, 26645180, 26645180, 26645180, 26645180, 26645180, 243465454, 26645180, 26645180, 183609938, 27512576, 27512576, 27512576, 27278932, 27278932, 27278932, 27278932, 27278932, 27278932, 27278932, 27278932, 27278932, 27278932, 27278932, 27278932, 27278932, 27278932, 27278932, 26615821, 53202463, 27232760, 27232760, 27232760, 26535544, 27103283, 27103283, 27103283, 27103283, 27103283, 27103283]",0,0,0,NPU,0,0,0,0,0,0,1.0,hot,0,0,0,0,1.0,0
0,160,meta-llama/Llama-3.1-8B,1033,1207,15104729270,96190467261,81085737991,74783608269,75041146589,34939834,"[131104914, 26726923, 26726923, 26726923, 26726923, 26726923, 26726923, 26726923, 26726923, 26726923, 26726923, 26726923, 26695203, 26695203, 26695203, 26695203, 26695203, 26695203, 26695203, 26695203, 26695203, 26695203, 26695203, 26695203, 26695203, 26695203, 26695203, 26695203, 26695203, 26695203, 26695203, 26695203, 26615821, 26615821, 26615821, 26615821, 26615821, 26615821, 26615821, 26615821, 26615821, 26615821, 26615821, 26615821, 26615821, 26615821, 26615821, 26615821, 26615821, 26615821, 26615821, 26615821, 26645180, 26645180, 26645180, 26645180, 26645180, 26645180, 26645180, 26645180, 26645180, 26645180, 26645180, 26645180, 26645180, 26645180, 26645180, 26645180, 26645180, 26645180, 26645180, 26645180, 26645180, 26645180, 26645180, 26645180, 26645180, 26645180, 243465454, 26645180, 26645180, 183609938, 27512576, 27512576, 27512576, 27278932, 27278932, 27278932, 27278932, 27278932, 27278932, 27278932, 27278932, 27278932, 27278932, 27278932, 27278932, 27278932, 27278932, 27278932, 26615821, 53202463, 27232760, 27232760, 27232760, 26535544, 27103283, 27103283, 27103283, 27103283, 27103283, 27103283, 239786354, 26997779, 26997779, 26997779, 26859940, 368075394, 27061067, 27061067, 27061067, 27061067, 27061067, 27061067, 27061067, 27061067, 27061067, 27061067, 27061067, 27061067, 27061067, 27061067, 27061067, 27061067, 27061067, 27061067, 27061067, 27061067, 27061067, 27061067, 27061067, 26956587, 26956587, 26956587, 26956587, 26956587, 26956587, 26956587, 26956587, 26956587, 26956587, 26956587, 26956587, 26956587, 26956587, 26956587, 26956587, 26956587, 26956587, 26956587, 26956587, 26956587, 26956587, 26956587, 26956587, 26956587, 26380886, 26445351, 366080025, 26759908, 26759908, 26637795, 26637795]",0,0,0,NPU,0,0,0,0,0,0,1.0,hot,0,0,0,0,1.0,0
0,156,meta-llama/Llama-3.1-8B,205,473,14758080020,96301132639,81543052619,72209460146,72407444155,34215762,"[26573059, 26573059, 26573059, 26573059, 26573059, 26573059, 26573059, 26573059, 26573059, 26573059, 26573059, 26573059, 26573059, 26573059, 26573059, 26573059, 26573059, 26573059, 26573059, 26573059, 241419832, 26843454, 26843454, 26843454, 26843454, 26843454, 26843454, 26843454, 26843454, 26843454, 26843454, 26843454, 26843454, 26843454, 26843454, 26843454, 26843454, 26843454, 26843454, 26843454, 26843454, 26843454, 26843454, 26843454, 26843454, 26843454, 26843454, 26843454, 26843454, 26573059, 26573059, 26573059, 26573059, 26573059, 26573059, 26573059, 26573059, 26309846, 26309846, 26309846, 26309846, 26309846, 26309846, 26309846, 26309846, 26309846, 26309846, 26309846, 26309846, 26309846, 26309846, 26309846, 26309846, 26309846, 196453132, 26309846, 26309846, 26309846, 26309846, 26309846, 26309846, 26309846, 26309846, 26309846, 26309846, 26309846, 26309846, 26292502, 257538320, 131104914, 26726923, 26726923, 26726923, 26726923, 26726923, 26726923, 26726923, 26726923, 26726923, 26726923, 26726923, 26695203, 26695203, 26695203, 26695203, 26695203, 26695203, 26695203, 26695203, 26695203, 26695203, 26695203, 26695203, 26695203, 26695203, 26695203, 26695203, 26695203, 26695203, 26695203, 26695203, 26615821, 26615821, 26615821, 26615821, 26615821, 26615821, 26615821, 26615821, 26615821, 26615821, 26615821, 26615821, 26615821, 26615821, 26615821, 26615821, 26615821, 26615821, 26615821, 26615821, 26645180, 26645180, 26645180, 26645180, 26645180, 26645180, 26645180, 26645180, 26645180, 26645180, 26645180, 26645180, 26645180, 26645180, 26645180, 26645180, 26645180, 26645180, 26645180, 26645180, 26645180, 26645180, 26645180, 26645180, 26645180, 26645180, 243465454, 26645180, 26645180, 183609938, 27512576, 27512576, 27512576, 27278932, 27278932, 27278932, 27278932, 27278932, 27278932, 27278932, 27278932, 27278932, 27278932, 27278932, 27278932, 27278932, 27278932, 27278932, 26615821, 25969703, 27232760, 27232760, 27232760, 27232760, 26535544, 27103283, 27103283, 27103283, 27103283, 27103283, 27103283, 239786354, 26997779, 26997779, 26997779, 26859940, 368075394, 27061067, 27061067, 27061067, 27061067, 27061067, 27061067, 27061067, 27061067, 27061067, 27061067, 27061067, 27061067, 27061067, 27061067, 27061067, 27061067, 27061067, 27061067, 27061067, 27061067, 27061067, 27061067, 27061067, 26956587, 26956587, 26956587, 26956587, 26956587, 26956587, 26956587, 26956587, 26956587, 26956587, 26956587, 26956587, 26956587, 26956587, 26956587, 26956587, 26956587, 26956587, 26956587, 26956587, 26956587, 26956587, 26956587, 26956587, 26956587, 26380886, 26445351, 366080025, 26759908, 26759908, 26637795, 26637795, 30085558, 26859940, 26859940, 26859940]",0,0,0,NPU,0,0,0,0,0,0,1.0,hot,0,0,0,0,1.0,0
0,165,meta-llama/Llama-3.1-8B,22,204,15571729344,96478672491,80906943147,74316608195,74574146515,34987826,"[131104914, 26726923, 26726923, 26726923, 26726923, 26726923, 26726923, 26726923, 26726923, 26726923, 26726923, 26726923, 26695203, 26695203, 26695203, 26695203, 26695203, 26695203, 26695203, 26695203, 26695203, 26695203, 26695203, 26695203, 26695203, 26695203, 26695203, 26695203, 26695203, 26695203, 26695203, 26695203, 26615821, 26615821, 26615821, 26615821, 26615821, 26615821, 26615821, 26615821, 26615821, 26615821, 26615821, 26615821, 26615821, 26615821, 26615821, 26615821, 26615821, 26615821, 26615821, 26615821, 26645180, 26645180, 26645180, 26645180, 26645180, 26645180, 26645180, 26645180, 26645180, 26645180, 26645180, 26645180, 26645180, 26645180, 26645180, 26645180, 26645180, 26645180, 26645180, 26645180, 26645180, 26645180, 26645180, 26645180, 26645180, 26645180, 243465454, 26645180, 26645180, 183609938, 27512576, 27512576, 27512576, 27278932, 27278932, 27278932, 27278932, 27278932, 27278932, 27278932, 27278932, 27278932, 27278932, 27278932, 27278932, 27278932, 27278932, 27278932, 26615821, 53202463, 27232760, 27232760, 27232760, 26535544, 27103283, 27103283, 27103283, 27103283, 27103283, 27103283, 239786354, 26997779, 26997779, 26997779, 26859940, 368075394, 27061067, 27061067, 27061067, 27061067, 27061067, 27061067, 27061067, 27061067, 27061067, 27061067, 27061067, 27061067, 27061067, 27061067, 27061067, 27061067, 27061067, 27061067, 27061067, 27061067, 27061067, 27061067, 27061067, 26956587, 26956587, 26956587, 26956587, 26956587, 26956587, 26956587, 26956587, 26956587, 26956587, 26956587, 26956587, 26956587, 26956587, 26956587, 26956587, 26956587, 26956587, 26956587, 26956587, 26956587, 26956587, 26956587, 26956587, 26956587, 26380886, 392525376, 26759908, 26759908, 26637795, 26637795, 30085558, 26859940, 26859940, 26859940, 72388148, 26287926, 26287926, 26287926, 26287926]",0,0,0,NPU,0,0,0,0,0,0,1.0,hot,0,0,0,0,1.0,0
0,164,meta-llama/Llama-3.1-8B,9,193,15391364865,96533230355,81141865490,74496972674,74754510994,34903576,"[131104914, 26726923, 26726923, 26726923, 26726923, 26726923, 26726923, 26726923, 26726923, 26726923, 26726923, 26726923, 26695203, 26695203, 26695203, 26695203, 26695203, 26695203, 26695203, 26695203, 26695203, 26695203, 26695203, 26695203, 26695203, 26695203, 26695203, 26695203, 26695203, 26695203, 26695203, 26695203, 26615821, 26615821, 26615821, 26615821, 26615821, 26615821, 26615821, 26615821, 26615821, 26615821, 26615821, 26615821, 26615821, 26615821, 26615821, 26615821, 26615821, 26615821, 26615821, 26615821, 26645180, 26645180, 26645180, 26645180, 26645180, 26645180, 26645180, 26645180, 26645180, 26645180, 26645180, 26645180, 26645180, 26645180, 26645180, 26645180, 26645180, 26645180, 26645180, 26645180, 26645180, 26645180, 26645180, 26645180, 26645180, 26645180, 243465454, 26645180, 26645180, 183609938, 27512576, 27512576, 27512576, 27278932, 27278932, 27278932, 27278932, 27278932, 27278932, 27278932, 27278932, 27278932, 27278932, 27278932, 27278932, 27278932, 27278932, 27278932, 26615821, 53202463, 27232760, 27232760, 27232760, 26535544, 27103283, 27103283, 27103283, 27103283, 27103283, 27103283, 239786354, 26997779, 26997779, 26997779, 26859940, 368075394, 27061067, 27061067, 27061067, 27061067, 27061067, 27061067, 27061067, 27061067, 27061067, 27061067, 27061067, 27061067, 27061067, 27061067, 27061067, 27061067, 27061067, 27061067, 27061067, 27061067, 27061067, 27061067, 27061067, 26956587, 26956587, 26956587, 26956587, 26956587, 26956587, 26956587, 26956587, 26956587, 26956587, 26956587, 26956587, 26956587, 26956587, 26956587, 26956587, 26956587, 26956587, 26956587, 26956587, 26956587, 26956587, 26956587, 26956587, 26956587, 26380886, 392525376, 26759908, 26759908, 26637795, 26637795, 30085558, 26859940, 26859940, 26859940, 72388148, 26287926, 26287926, 26287926, 26287926, 27278932, 27278932]",0,0,0,NPU,0,0,0,0,0,0,1.0,hot,0,0,0,0,1.0,0
0,178,meta-llama/Llama-3.1-8B,4,102,16502022096,96669394155,80167372059,76124705804,76308315742,39784085,"[27512576, 27512576, 27512576, 27278932, 27278932, 27278932, 27278932, 27278932, 27278932, 27278932, 27278932, 27278932, 27278932, 27278932, 27278932, 27278932, 27278932, 27278932, 79818284, 27232760, 27232760, 27232760, 53638827, 27103283, 27103283, 27103283, 27103283, 27103283, 239786354, 26997779, 26997779, 26997779, 26859940, 368075394, 27061067, 27061067, 27061067, 27061067, 27061067, 27061067, 27061067, 27061067, 27061067, 27061067, 27061067, 27061067, 27061067, 27061067, 27061067, 27061067, 27061067, 27061067, 27061067, 27061067, 27061067, 27061067, 27061067, 26956587, 26956587, 26956587, 26956587, 26956587, 26956587, 26956587, 26956587, 26956587, 26956587, 26956587, 26956587, 26956587, 26956587, 26956587, 26956587, 26956587, 26956587, 26956587, 26956587, 26956587, 26956587, 26956587, 26956587, 26956587, 418906262, 26759908, 26759908, 83361148, 26859940, 26859940, 26859940, 72388148, 132430636, 27278932, 27232760, 27232760, 27232760, 27232760, 27232760]",0,0,0,NPU,0,0,0,0,0,0,1.0,hot,0,0,0,0,1.0,0
0,174,meta-llama/Llama-3.1-8B,52,169,16040510171,98296512626,82256002455,76586217729,76769827667,47294610,"[27512576, 27512576, 27512576, 27278932, 27278932, 27278932, 27278932, 27278932, 27278932, 27278932, 27278932, 27278932, 27278932, 27278932, 27278932, 27278932, 27278932, 27278932, 26615821, 53202463, 27232760, 27232760, 27232760, 53638827, 27103283, 27103283, 27103283, 27103283, 27103283, 239786354, 26997779, 26997779, 26997779, 26859940, 368075394, 27061067, 27061067, 27061067, 27061067, 27061067, 27061067, 27061067, 27061067, 27061067, 27061067, 27061067, 27061067, 27061067, 27061067, 27061067, 27061067, 27061067, 27061067, 27061067, 27061067, 27061067, 27061067, 27061067, 26956587, 26956587, 26956587, 26956587, 26956587, 26956587, 26956587, 26956587, 26956587, 26956587, 26956587, 26956587, 26956587, 26956587, 26956587, 26956587, 26956587, 26956587, 26956587, 26956587, 26956587, 26956587, 26956587, 26956587, 26956587, 26380886, 392525376, 26759908, 26759908, 83361148, 26859940, 26859940, 26859940, 72388148, 26287926, 26287926, 26287926, 26287926, 27278932, 27278932, 27232760, 27232760, 27232760, 27232760, 27232760, 26997779, 26997779, 26997779, 26997779, 26997779, 26997779, 26997779, 26997779, 26997779, 26997779, 26997779, 1303415979, 26726923]",0,0,0,NPU,0,0,0,0,0,0,1.0,hot,0,0,0,0,1.0,0
0,176,meta-llama/Llama-3.1-8B,566,683,16177091845,98353258060,82176166215,76449636055,76633245993,47783795,"[27512576, 27512576, 27512576, 27278932, 27278932, 27278932, 27278932, 27278932, 27278932, 27278932, 27278932, 27278932, 27278932, 27278932, 27278932, 27278932, 27278932, 27278932, 79818284, 27232760, 27232760, 27232760, 53638827, 27103283, 27103283, 27103283, 27103283, 27103283, 239786354, 26997779, 26997779, 26997779, 26859940, 368075394, 27061067, 27061067, 27061067, 27061067, 27061067, 27061067, 27061067, 27061067, 27061067, 27061067, 27061067, 27061067, 27061067, 27061067, 27061067, 27061067, 27061067, 27061067, 27061067, 27061067, 27061067, 27061067, 27061067, 26956587, 26956587, 26956587, 26956587, 26956587, 26956587, 26956587, 26956587, 26956587, 26956587, 26956587, 26956587, 26956587, 26956587, 26956587, 26956587, 26956587, 26956587, 26956587, 26956587, 26956587, 26956587, 26956587, 26956587, 26956587, 418906262, 26759908, 26759908, 83361148, 26859940, 26859940, 26859940, 72388148, 26287926, 26287926, 26287926, 26287926, 27278932, 27278932, 27232760, 27232760, 27232760, 27232760, 27232760, 26997779, 26997779, 26997779, 26997779, 26997779, 26997779, 26997779, 26997779, 26997779, 26997779, 26997779, 1303415979, 26726923, 29985526, 26759908]",0,0,0,NPU,0,0,0,0,0,0,1.0,hot,0,0,0,0,1.0,0
0,157,meta-llama/Llama-3.1-8B,1295,1577,14901468782,98568116264,83666647482,72795516573,73036936405,37828153,"[26843454, 26843454, 26843454, 26843454, 26843454, 26843454, 26843454, 26843454, 26843454, 26843454, 26843454, 26843454, 26843454, 26843454, 26843454, 26843454, 26843454, 26843454, 26843454, 26843454, 26843454, 26843454, 26843454, 26843454, 26843454, 26843454, 26843454, 26843454, 26573059, 26573059, 26573059, 26573059, 26573059, 26573059, 26573059, 26573059, 26309846, 26309846, 26309846, 26309846, 26309846, 26309846, 26309846, 26309846, 26309846, 26309846, 26309846, 26309846, 26309846, 26309846, 26309846, 26309846, 26309846, 196453132, 26309846, 26309846, 26309846, 26309846, 26309846, 26309846, 26309846, 26309846, 26309846, 26309846, 26309846, 26309846, 26292502, 257538320, 131104914, 26726923, 26726923, 26726923, 26726923, 26726923, 26726923, 26726923, 26726923, 26726923, 26726923, 26726923, 26695203, 26695203, 26695203, 26695203, 26695203, 26695203, 26695203, 26695203, 26695203, 26695203, 26695203, 26695203, 26695203, 26695203, 26695203, 26695203, 26695203, 26695203, 26695203, 26695203, 26615821, 26615821, 26615821, 26615821, 26615821, 26615821, 26615821, 26615821, 26615821, 26615821, 26615821, 26615821, 26615821, 26615821, 26615821, 26615821, 26615821, 26615821, 26615821, 26615821, 26645180, 26645180, 26645180, 26645180, 26645180, 26645180, 26645180, 26645180, 26645180, 26645180, 26645180, 26645180, 26645180, 26645180, 26645180, 26645180, 26645180, 26645180, 26645180, 26645180, 26645180, 26645180, 26645180, 26645180, 26645180, 26645180, 243465454, 26645180, 26645180, 183609938, 27512576, 27512576, 27512576, 27278932, 27278932, 27278932, 27278932, 27278932, 27278932, 27278932, 27278932, 27278932, 27278932, 27278932, 27278932, 27278932, 27278932, 27278932, 26615821, 25969703, 27232760, 27232760, 27232760, 27232760, 26535544, 27103283, 27103283, 27103283, 27103283, 27103283, 27103283, 239786354, 26997779, 26997779, 26997779, 26859940, 368075394, 27061067, 27061067, 27061067, 27061067, 27061067, 27061067, 27061067, 27061067, 27061067, 27061067, 27061067, 27061067, 27061067, 27061067, 27061067, 27061067, 27061067, 27061067, 27061067, 27061067, 27061067, 27061067, 27061067, 26956587, 26956587, 26956587, 26956587, 26956587, 26956587, 26956587, 26956587, 26956587, 26956587, 26956587, 26956587, 26956587, 26956587, 26956587, 26956587, 26956587, 26956587, 26956587, 26956587, 26956587, 26956587, 26956587, 26956587, 26956587, 26380886, 26445351, 366080025, 26759908, 26759908, 26637795, 26637795, 30085558, 26859940, 26859940, 26859940, 72388148, 26287926, 26287926, 26287926, 26287926, 27278932, 27278932, 27232760, 27232760, 27232760, 27232760, 27232760, 26997779, 26997779, 26997779, 26997779, 26997779, 26997779, 26997779, 26997779, 26997779, 26997779, 26997779, 1303415979, 26726923, 29985526, 26759908, 27538848, 26759908, 26759908, 26759908, 26759908, 26759908, 26759908, 26759908]",0,0,0,NPU,0,0,0,0,0,0,1.0,hot,0,0,0,0,1.0,0
0,141,meta-llama/Llama-3.1-8B,16,752,13501602637,99000859833,85499257196,60391707335,60581643430,33901515,"[26706189, 170689407, 26726923, 26726923, 26790979, 26790979, 26790979, 26790979, 26790979, 26790979, 26790979, 26790979, 26790979, 26706189, 26706189, 26706189, 26706189, 26706189, 26706189, 26706189, 26706189, 26706189, 26645180, 26645180, 26645180, 26645180, 26645180, 76610183, 26645180, 26645180, 26645180, 26645180, 26645180, 26645180, 26645180, 26645180, 26645180, 26645180, 26645180, 26645180, 26454608, 26454608, 26454608, 26454608, 26454608, 26454608, 26454608, 26454608, 26454608, 26454608, 26454608, 26454608, 26454608, 26454608, 26729656, 440851587, 26428822, 26428822, 26428822, 26428822, 26428822, 26428822, 26428822, 26428822, 26428822, 26428822, 26428822, 26428822, 26428822, 26428822, 26428822, 26428822, 26428822, 416712649, 43444895, 27286840, 27286840, 27286840, 27286840, 307466585, 26843454, 26843454, 26843454, 26843454, 26843454, 26843454, 26843454, 26843454, 26843454, 26843454, 26843454, 26843454, 26843454, 26843454, 26843454, 26843454, 26843454, 26843454, 26843454, 26843454, 26843454, 26843454, 26843454, 26843454, 26843454, 26843454, 26843454, 26843454, 26573059, 26573059, 26573059, 26573059, 26573059, 26573059, 26573059, 26573059, 26573059, 26639587, 26639587, 26639587, 26639587, 26639587, 26639587, 26639587, 42797642, 26639587, 26639587, 26639587, 26639587, 26639587, 26639587, 26639587, 26639587, 26639587, 26639587, 26639587, 26639587, 26639587, 26639587, 26639587, 26639587, 26639587, 26639587, 345479572, 26843454, 26843454, 26843454, 26843454, 26843454, 26406256, 26406256, 26406256, 26406256, 26406256, 49372095, 26573059, 26573059, 26573059, 26573059, 26573059, 26573059, 26573059, 26573059, 26573059, 26573059, 26573059, 26573059, 26573059, 26573059, 26573059, 26573059, 26573059, 26573059, 26573059, 26573059, 26573059, 26246582, 26246582, 26246582, 26246582, 26246582, 26246582, 26246582, 26309846, 26309846, 26309846, 26309846, 26309846, 26309846, 26309846, 26309846, 26309846, 49108882, 26292502, 69412714, 26639587, 26639587, 156219643, 26292502, 26292502, 26292502, 26292502, 325087667, 26456112, 26456112, 26456112, 26456112, 26456112, 26456112, 26456112, 26456112, 26456112, 26456112, 34079293, 26309846, 26309846, 26309846, 26309846, 26309846, 26309846, 26309846, 26309846, 26309846, 26309846, 26309846, 26309846, 26309846, 26309846, 26309846, 26309846, 26309846, 26309846, 26309846, 26309846, 26309846, 26309846, 26309846, 26309846, 26309846, 26309846, 26309846, 26309846, 26309846, 26309846, 26309846, 26309846, 26309846, 26309846, 26309846, 26309846, 26292502, 26292502, 26292502, 26292502, 26292502, 26292502, 292752482, 26456112, 26456112, 26456112, 26456112, 328798180, 27115070, 27115070, 27115070, 27115070, 27115070, 27115070, 27115070, 27115070, 27115070, 27115070, 27115070, 27115070, 27115070, 27115070, 27115070, 27115070, 27115070, 27115070, 27115070, 36322711, 26456112, 26456112, 26456112, 26456112, 26456112, 188926692, 27115070, 27115070, 27115070, 27115070, 318979213, 26741428, 26741428, 26741428, 26741428, 26741428, 26741428, 26741428, 26741428, 26741428, 26741428, 26741428, 26741428, 36735930, 26519806, 26519806, 26519806, 26519806, 26519806, 26519806, 26519806, 26519806, 26519806, 26519806, 26519806, 26519806, 26519806, 26519806, 26519806, 27115070, 27115070, 26723508, 350837629, 26639587, 26639587, 26639587, 26639587, 26639587, 26639587, 26639587, 26639587, 26639587, 26639587, 26639587, 26639587, 26639587, 26639587, 26639587, 26639587, 26639587, 26639587, 26309846, 26309846, 26309846, 26309846, 26309846, 26309846, 26309846, 26309846, 26309846, 197984009, 26573059, 26573059, 26573059, 26573059, 26573059, 26573059, 26573059, 26573059, 26573059, 26573059, 26573059, 26573059, 26573059, 26573059, 26573059, 26573059, 26573059, 26573059, 26573059, 26573059, 241419832, 26843454, 26843454, 26843454, 26843454, 26843454, 26843454, 26843454, 26843454, 26843454, 26843454, 26843454, 26843454, 26843454, 26843454, 26843454, 26843454, 26843454, 26843454, 26843454, 26843454, 26843454, 26843454, 26843454, 26843454, 26843454, 26843454, 26843454, 26843454, 26573059, 26573059, 26573059, 26573059, 26573059, 26573059, 26573059, 26573059, 26309846, 26309846, 26309846, 26309846, 26309846, 26309846, 26309846, 26309846, 26309846, 26309846, 26309846, 26309846, 26309846, 26309846, 26309846, 26309846, 26309846, 196453132, 26309846, 26309846, 26309846, 26309846, 26309846, 26309846, 26309846, 26309846, 26309846, 26309846, 26309846, 26309846, 26292502, 257538320, 26851835, 26851835, 26851835, 50549409, 26726923, 26726923, 26726923, 26726923, 26726923, 26726923, 26726923, 26726923, 26726923, 26726923, 26726923, 26695203, 26695203, 26695203, 26695203, 26695203, 26695203, 26695203, 26695203, 26695203, 26695203, 26695203, 26695203, 26695203, 26695203, 26695203, 26695203, 26695203, 26695203, 26695203, 26695203, 26615821, 26615821, 26615821, 26615821, 26615821, 26615821, 26615821, 26615821, 26615821, 26615821, 26615821, 26615821, 26615821, 26615821, 26615821, 26615821, 26615821, 26615821, 26615821, 26615821, 26645180, 26645180, 26645180, 26645180, 26645180, 26645180, 26645180, 26645180, 26645180, 26645180, 26645180, 26645180, 26645180, 26645180, 26645180, 26645180, 26645180, 26645180, 26645180, 26645180, 26645180, 26645180, 26645180, 26645180, 26645180, 26645180, 243465454, 26645180, 26645180, 183609938, 27512576, 27512576, 27512576, 27278932, 27278932, 27278932, 27278932, 27278932, 27278932, 27278932, 27278932, 27278932, 27278932, 27278932, 27278932, 27278932, 27278932, 27278932, 26615821, 25969703, 27232760, 27232760, 27232760, 27232760, 26535544, 27103283, 27103283, 27103283, 27103283, 27103283, 27103283, 239786354, 26997779, 26997779, 26997779, 26859940, 25679419, 25679419, 25679419, 25679419, 25679419, 25679419, 25679419, 25679419, 26971646, 26971646, 26971646, 26971646, 54753458, 27061067, 27061067, 27061067, 27061067, 27061067, 27061067, 27061067, 27061067, 27061067, 27061067, 27061067, 27061067, 27061067, 27061067, 27061067, 27061067, 27061067, 27061067, 27061067, 27061067, 27061067, 27061067, 27061067, 26956587, 26956587, 26956587, 26956587, 26956587, 26956587, 26956587, 26956587, 26956587, 26956587, 26956587, 26956587, 26956587, 26956587, 26956587, 26956587, 26956587, 26956587, 26956587, 26956587, 26956587, 26956587, 26956587, 26956587, 26956587, 26380886, 26445351, 25732479, 25732479, 25732479, 25732479, 25732479, 25929013, 25929013, 25929013, 25929013, 25929013, 25929013, 25929013, 25929013, 29985526, 26759908, 26759908, 26637795, 26637795, 30085558, 26859940, 26859940, 26859940, 72388148, 26287926, 26287926, 26287926, 26287926, 27278932, 27278932, 27232760, 27232760, 27232760, 27232760, 27232760, 26997779, 26997779, 26997779, 26997779, 26997779, 26997779, 26997779, 26997779, 26997779, 26997779, 26997779, 27327454, 27327454, 27327454, 27327454, 27327454, 27327454, 27327454, 27327454, 27327454, 27327454, 27327454, 27327454, 27327454, 27327454, 27327454, 27327454, 26795031, 26016091, 26016091, 26016091, 26016091, 26016091, 26016091, 26016091, 26016091, 26016091, 26016091, 26016091, 26016091, 26016091, 26016091, 26016091, 27057479, 26211925, 26211925, 26211925, 26211925, 26211925, 26211925, 26211925, 26211925, 26211925, 26211925, 26211925, 26211925, 26211925, 26211925, 26211925, 28903965, 26726923, 29985526, 26759908, 27538848, 26759908, 26759908, 26759908, 26759908, 26759908, 26759908, 26759908, 353977118, 26997779, 25884336, 25884336]",0,0,0,NPU,0,0,0,0,0,0,1.0,hot,0,0,0,0,1.0,0
0,153,meta-llama/Llama-3.1-8B,12,371,14194446340,99513452906,85319006566,71705955017,72056792646,37045290,"[26639587, 26639587, 26639587, 26639587, 26639587, 26639587, 26639587, 26639587, 26639587, 26639587, 26639587, 26639587, 26639587, 26639587, 26639587, 26639587, 26639587, 26639587, 26309846, 26309846, 26309846, 26309846, 26309846, 26309846, 26309846, 26309846, 26309846, 197984009, 26573059, 26573059, 26573059, 26573059, 26573059, 26573059, 26573059, 26573059, 26573059, 26573059, 26573059, 26573059, 26573059, 26573059, 26573059, 26573059, 26573059, 26573059, 26573059, 26573059, 241419832, 26843454, 26843454, 26843454, 26843454, 26843454, 26843454, 26843454, 26843454, 26843454, 26843454, 26843454, 26843454, 26843454, 26843454, 26843454, 26843454, 26843454, 26843454, 26843454, 26843454, 26843454, 26843454, 26843454, 26843454, 26843454, 26843454, 26843454, 26843454, 26573059, 26573059, 26573059, 26573059, 26573059, 26573059, 26573059, 26573059, 26309846, 26309846, 26309846, 26309846, 26309846, 26309846, 26309846, 26309846, 26309846, 26309846, 26309846, 26309846, 26309846, 26309846, 26309846, 26309846, 26309846, 196453132, 26309846, 26309846, 26309846, 26309846, 26309846, 26309846, 26309846, 26309846, 26309846, 26309846, 26309846, 26309846, 26292502, 257538320, 131104914, 26726923, 26726923, 26726923, 26726923, 26726923, 26726923, 26726923, 26726923, 26726923, 26726923, 26726923, 26695203, 26695203, 26695203, 26695203, 26695203, 26695203, 26695203, 26695203, 26695203, 26695203, 26695203, 26695203, 26695203, 26695203, 26695203, 26695203, 26695203, 26695203, 26695203, 26695203, 26615821, 26615821, 26615821, 26615821, 26615821, 26615821, 26615821, 26615821, 26615821, 26615821, 26615821, 26615821, 26615821, 26615821, 26615821, 26615821, 26615821, 26615821, 26615821, 26615821, 26645180, 26645180, 26645180, 26645180, 26645180, 26645180, 26645180, 26645180, 26645180, 26645180, 26645180, 26645180, 26645180, 26645180, 26645180, 26645180, 26645180, 26645180, 26645180, 26645180, 26645180, 26645180, 26645180, 26645180, 26645180, 26645180, 243465454, 26645180, 26645180, 183609938, 27512576, 27512576, 27512576, 27278932, 27278932, 27278932, 27278932, 27278932, 27278932, 27278932, 27278932, 27278932, 27278932, 27278932, 27278932, 27278932, 27278932, 27278932, 26615821, 25969703, 27232760, 27232760, 27232760, 27232760, 26535544, 27103283, 27103283, 27103283, 27103283, 27103283, 27103283, 239786354, 26997779, 26997779, 26997779, 26859940, 368075394, 27061067, 27061067, 27061067, 27061067, 27061067, 27061067, 27061067, 27061067, 27061067, 27061067, 27061067, 27061067, 27061067, 27061067, 27061067, 27061067, 27061067, 27061067, 27061067, 27061067, 27061067, 27061067, 27061067, 26956587, 26956587, 26956587, 26956587, 26956587, 26956587, 26956587, 26956587, 26956587, 26956587, 26956587, 26956587, 26956587, 26956587, 26956587, 26956587, 26956587, 26956587, 26956587, 26956587, 26956587, 26956587, 26956587, 26956587, 26956587, 26380886, 26445351, 25732479, 25732479, 25732479, 25732479, 25732479, 237417630, 26759908, 26759908, 26637795, 26637795, 30085558, 26859940, 26859940, 26859940, 72388148, 26287926, 26287926, 26287926, 26287926, 27278932, 27278932, 27232760, 27232760, 27232760, 27232760, 27232760, 26997779, 26997779, 26997779, 26997779, 26997779, 26997779, 26997779, 26997779, 26997779, 26997779, 26997779, 1303415979, 26726923, 29985526, 26759908, 27538848, 26759908, 26759908, 26759908, 26759908, 26759908, 26759908, 26759908, 353977118, 26997779, 25884336, 25884336, 27061067, 27061067, 27061067, 27061067, 26956587, 26956587, 26956587, 26956587, 26956587, 26956587, 26956587, 26956587, 26956587, 26956587, 26956587, 26956587, 26956587, 26956587, 26956587]",0,0,0,NPU,0,0,0,0,0,0,1.0,hot,0,0,0,0,1.0,0
0,188,meta-llama/Llama-3.1-8B,1382,1407,17503125211,99620492538,82117367327,81064991053,81418968171,29099964,"[26997779, 78829739, 27061067, 27061067, 27061067, 26956587, 26956587, 26956587, 26956587, 26956587, 26956587, 26956587, 26956587, 26956587, 26956587, 26956587, 26956587, 26956587, 26956587, 26956587, 26759908, 26759908, 26759908, 26759908]",0,0,0,NPU,0,0,0,0,0,0,1.0,hot,0,0,0,0,1.0,0
0,166,meta-llama/Llama-3.1-8B,15,277,15610410373,103269252943,87658842570,74277927166,74535465486,50281138,"[131104914, 26726923, 26726923, 26726923, 26726923, 26726923, 26726923, 26726923, 26726923, 26726923, 26726923, 26726923, 26695203, 26695203, 26695203, 26695203, 26695203, 26695203, 26695203, 26695203, 26695203, 26695203, 26695203, 26695203, 26695203, 26695203, 26695203, 26695203, 26695203, 26695203, 26695203, 26695203, 26615821, 26615821, 26615821, 26615821, 26615821, 26615821, 26615821, 26615821, 26615821, 26615821, 26615821, 26615821, 26615821, 26615821, 26615821, 26615821, 26615821, 26615821, 26615821, 26615821, 26645180, 26645180, 26645180, 26645180, 26645180, 26645180, 26645180, 26645180, 26645180, 26645180, 26645180, 26645180, 26645180, 26645180, 26645180, 26645180, 26645180, 26645180, 26645180, 26645180, 26645180, 26645180, 26645180, 26645180, 26645180, 26645180, 243465454, 26645180, 26645180, 183609938, 27512576, 27512576, 27512576, 27278932, 27278932, 27278932, 27278932, 27278932, 27278932, 27278932, 27278932, 27278932, 27278932, 27278932, 27278932, 27278932, 27278932, 27278932, 26615821, 53202463, 27232760, 27232760, 27232760, 26535544, 27103283, 27103283, 27103283, 27103283, 27103283, 27103283, 239786354, 26997779, 26997779, 26997779, 26859940, 368075394, 27061067, 27061067, 27061067, 27061067, 27061067, 27061067, 27061067, 27061067, 27061067, 27061067, 27061067, 27061067, 27061067, 27061067, 27061067, 27061067, 27061067, 27061067, 27061067, 27061067, 27061067, 27061067, 27061067, 26956587, 26956587, 26956587, 26956587, 26956587, 26956587, 26956587, 26956587, 26956587, 26956587, 26956587, 26956587, 26956587, 26956587, 26956587, 26956587, 26956587, 26956587, 26956587, 26956587, 26956587, 26956587, 26956587, 26956587, 26956587, 26380886, 392525376, 26759908, 26759908, 26637795, 26637795, 30085558, 26859940, 26859940, 26859940, 72388148, 26287926, 26287926, 26287926, 26287926, 27278932, 27278932, 27232760, 27232760, 27232760, 27232760, 27232760, 26997779, 26997779, 26997779, 26997779, 26997779, 26997779, 26997779, 26997779, 26997779, 26997779, 26997779, 1303415979, 26726923, 29985526, 26759908, 27538848, 26759908, 26759908, 26759908, 26759908, 26759908, 26759908, 26759908, 353977118, 26997779, 25884336, 25884336, 27061067, 27061067, 27061067, 27061067, 26956587, 26956587, 26956587, 26956587, 26956587, 26956587, 26956587, 26956587, 26956587, 26956587, 26956587, 26956587, 26956587, 26956587, 26956587, 26759908, 26759908, 26759908, 26759908, 317200471, 28422327, 28422327, 25857173, 25857173, 25857173, 25857173, 25859550, 25859550, 888309866, 25811664, 25811664, 25811664, 25811664, 1178758082, 26019124, 25263093, 25263093, 763591846, 27278932, 27278932, 27278932, 27278932]",0,0,0,NPU,0,0,0,0,0,0,1.0,hot,0,0,0,0,1.0,0
0,173,meta-llama/Llama-3.1-8B,3,190,15936897737,104375423938,88438526201,76689830163,76873440101,62177882,"[27512576, 27512576, 27512576, 27278932, 27278932, 27278932, 27278932, 27278932, 27278932, 27278932, 27278932, 27278932, 27278932, 27278932, 27278932, 27278932, 27278932, 27278932, 26615821, 53202463, 27232760, 27232760, 27232760, 53638827, 27103283, 27103283, 27103283, 27103283, 27103283, 239786354, 26997779, 26997779, 26997779, 26859940, 368075394, 27061067, 27061067, 27061067, 27061067, 27061067, 27061067, 27061067, 27061067, 27061067, 27061067, 27061067, 27061067, 27061067, 27061067, 27061067, 27061067, 27061067, 27061067, 27061067, 27061067, 27061067, 27061067, 27061067, 26956587, 26956587, 26956587, 26956587, 26956587, 26956587, 26956587, 26956587, 26956587, 26956587, 26956587, 26956587, 26956587, 26956587, 26956587, 26956587, 26956587, 26956587, 26956587, 26956587, 26956587, 26956587, 26956587, 26956587, 26956587, 26380886, 392525376, 26759908, 26759908, 83361148, 26859940, 26859940, 26859940, 72388148, 26287926, 26287926, 26287926, 26287926, 27278932, 27278932, 27232760, 27232760, 27232760, 27232760, 27232760, 26997779, 26997779, 26997779, 26997779, 26997779, 26997779, 26997779, 26997779, 26997779, 26997779, 26997779, 1303415979, 26726923, 29985526, 26759908, 27538848, 26759908, 26759908, 26759908, 26759908, 26759908, 26759908, 26759908, 353977118, 26997779, 25884336, 25884336, 27061067, 27061067, 27061067, 27061067, 26956587, 26956587, 26956587, 26956587, 26956587, 26956587, 26956587, 26956587, 26956587, 26956587, 26956587, 26956587, 26956587, 26956587, 26956587, 26759908, 26759908, 26759908, 26759908, 317200471, 28422327, 28422327, 1043457658, 25811664, 25811664, 25811664, 25811664, 1178758082, 26019124, 814118032, 27278932, 27278932, 27278932, 27278932, 37728700, 27512576, 26445624, 26044318, 634413897, 27232760, 27232760, 27232760, 27232760, 27232760, 27232760, 27232760, 27232760, 27232760, 27232760, 27232760, 27232760, 27232760]",0,0,0,NPU,0,0,0,0,0,0,1.0,hot,0,0,0,0,1.0,0
0,169,meta-llama/Llama-3.1-8B,75,362,15724594398,104695657328,88971062930,74501836966,74552386375,50414952,"[26726923, 26726923, 26726923, 26726923, 26726923, 26726923, 26726923, 26726923, 26726923, 26726923, 26726923, 26695203, 26695203, 26695203, 26695203, 26695203, 26695203, 26695203, 26695203, 26695203, 26695203, 26695203, 26695203, 26695203, 26695203, 26695203, 26695203, 26695203, 26695203, 26695203, 26695203, 26615821, 26615821, 26615821, 26615821, 26615821, 26615821, 26615821, 26615821, 26615821, 26615821, 26615821, 26615821, 26615821, 26615821, 26615821, 26615821, 26615821, 26615821, 26615821, 26615821, 26645180, 26645180, 26645180, 26645180, 26645180, 26645180, 26645180, 26645180, 26645180, 26645180, 26645180, 26645180, 26645180, 26645180, 26645180, 26645180, 26645180, 26645180, 26645180, 26645180, 26645180, 26645180, 26645180, 26645180, 26645180, 26645180, 243465454, 26645180, 26645180, 183609938, 27512576, 27512576, 27512576, 27278932, 27278932, 27278932, 27278932, 27278932, 27278932, 27278932, 27278932, 27278932, 27278932, 27278932, 27278932, 27278932, 27278932, 27278932, 26615821, 53202463, 27232760, 27232760, 27232760, 26535544, 27103283, 27103283, 27103283, 27103283, 27103283, 27103283, 239786354, 26997779, 26997779, 26997779, 26859940, 368075394, 27061067, 27061067, 27061067, 27061067, 27061067, 27061067, 27061067, 27061067, 27061067, 27061067, 27061067, 27061067, 27061067, 27061067, 27061067, 27061067, 27061067, 27061067, 27061067, 27061067, 27061067, 27061067, 27061067, 26956587, 26956587, 26956587, 26956587, 26956587, 26956587, 26956587, 26956587, 26956587, 26956587, 26956587, 26956587, 26956587, 26956587, 26956587, 26956587, 26956587, 26956587, 26956587, 26956587, 26956587, 26956587, 26956587, 26956587, 26956587, 26380886, 392525376, 26759908, 26759908, 26637795, 26637795, 30085558, 26859940, 26859940, 26859940, 72388148, 26287926, 26287926, 26287926, 26287926, 27278932, 27278932, 27232760, 27232760, 27232760, 27232760, 27232760, 26997779, 26997779, 26997779, 26997779, 26997779, 26997779, 26997779, 26997779, 26997779, 26997779, 26997779, 1303415979, 26726923, 29985526, 26759908, 27538848, 26759908, 26759908, 26759908, 26759908, 26759908, 26759908, 26759908, 353977118, 26997779, 25884336, 25884336, 27061067, 27061067, 27061067, 27061067, 26956587, 26956587, 26956587, 26956587, 26956587, 26956587, 26956587, 26956587, 26956587, 26956587, 26956587, 26956587, 26956587, 26956587, 26956587, 26759908, 26759908, 26759908, 26759908, 317200471, 28422327, 28422327, 25857173, 25857173, 25857173, 25857173, 940028966, 25811664, 25811664, 25811664, 25811664, 1178758082, 26019124, 814118032, 27278932, 27278932, 27278932, 27278932, 37728700, 27512576, 26445624, 26044318, 634413897, 27232760, 27232760, 27232760, 27232760, 27232760, 27232760, 27232760, 27232760, 27232760, 27232760, 27232760, 27232760, 27232760, 26997779, 26997779, 26997779, 26997779, 26997779, 26997779, 26997779, 26997779, 26997779, 25916533, 25668423, 25668423]",0,0,0,NPU,0,0,0,0,0,0,1.0,hot,0,0,0,0,1.0,0
0,161,meta-llama/Llama-3.1-8B,24,354,15204779644,104911310024,89706530380,74683557895,74941096215,44879739,"[131104914, 26726923, 26726923, 26726923, 26726923, 26726923, 26726923, 26726923, 26726923, 26726923, 26726923, 26726923, 26695203, 26695203, 26695203, 26695203, 26695203, 26695203, 26695203, 26695203, 26695203, 26695203, 26695203, 26695203, 26695203, 26695203, 26695203, 26695203, 26695203, 26695203, 26695203, 26695203, 26615821, 26615821, 26615821, 26615821, 26615821, 26615821, 26615821, 26615821, 26615821, 26615821, 26615821, 26615821, 26615821, 26615821, 26615821, 26615821, 26615821, 26615821, 26615821, 26615821, 26645180, 26645180, 26645180, 26645180, 26645180, 26645180, 26645180, 26645180, 26645180, 26645180, 26645180, 26645180, 26645180, 26645180, 26645180, 26645180, 26645180, 26645180, 26645180, 26645180, 26645180, 26645180, 26645180, 26645180, 26645180, 26645180, 243465454, 26645180, 26645180, 183609938, 27512576, 27512576, 27512576, 27278932, 27278932, 27278932, 27278932, 27278932, 27278932, 27278932, 27278932, 27278932, 27278932, 27278932, 27278932, 27278932, 27278932, 27278932, 26615821, 53202463, 27232760, 27232760, 27232760, 26535544, 27103283, 27103283, 27103283, 27103283, 27103283, 27103283, 239786354, 26997779, 26997779, 26997779, 26859940, 368075394, 27061067, 27061067, 27061067, 27061067, 27061067, 27061067, 27061067, 27061067, 27061067, 27061067, 27061067, 27061067, 27061067, 27061067, 27061067, 27061067, 27061067, 27061067, 27061067, 27061067, 27061067, 27061067, 27061067, 26956587, 26956587, 26956587, 26956587, 26956587, 26956587, 26956587, 26956587, 26956587, 26956587, 26956587, 26956587, 26956587, 26956587, 26956587, 26956587, 26956587, 26956587, 26956587, 26956587, 26956587, 26956587, 26956587, 26956587, 26956587, 26380886, 392525376, 26759908, 26759908, 26637795, 26637795, 30085558, 26859940, 26859940, 26859940, 72388148, 26287926, 26287926, 26287926, 26287926, 27278932, 27278932, 27232760, 27232760, 27232760, 27232760, 27232760, 26997779, 26997779, 26997779, 26997779, 26997779, 26997779, 26997779, 26997779, 26997779, 26997779, 26997779, 1303415979, 26726923, 29985526, 26759908, 27538848, 26759908, 26759908, 26759908, 26759908, 26759908, 26759908, 26759908, 353977118, 26997779, 25884336, 25884336, 27061067, 27061067, 27061067, 27061067, 26956587, 26956587, 26956587, 26956587, 26956587, 26956587, 26956587, 26956587, 26956587, 26956587, 26956587, 26956587, 26956587, 26956587, 26956587, 26759908, 26759908, 26759908, 26759908, 317200471, 28422327, 28422327, 25857173, 25857173, 25857173, 25857173, 25859550, 25859550, 888309866, 25811664, 25811664, 25811664, 25811664, 25904021, 25904021, 25904021, 25904021, 25904021, 25904021, 25904021, 25904021, 25904021, 25904021, 25904021, 893813851, 26019124, 25263093, 25263093, 25732479, 25732479, 25732479, 25732479, 25732479, 25732479, 25732479, 25732479, 25732479, 25732479, 25732479, 25732479, 454802098, 27278932, 27278932, 27278932, 27278932, 37728700, 27512576, 26445624, 26044318, 25487317, 25487317, 25487317, 25487317, 25487317, 25487317, 25487317, 456002678, 27232760, 27232760, 27232760, 27232760, 27232760, 27232760, 27232760, 27232760, 27232760, 27232760, 27232760, 27232760, 27232760, 26997779, 26997779, 26997779, 26997779, 26997779, 26997779, 26997779, 26997779, 26997779, 25916533, 25668423, 25668423, 26956587, 26956587, 26956587, 26956587, 26956587, 26956587, 26956587, 26956587]",0,0,0,NPU,0,0,0,0,0,0,1.0,hot,0,0,0,0,1.0,0
0,151,meta-llama/Llama-3.1-8B,180,721,14111566044,105746192368,91634626324,71788835313,72139672942,36101765,"[26639587, 26639587, 26639587, 26639587, 26639587, 26639587, 26639587, 26639587, 26639587, 26639587, 26639587, 26639587, 26639587, 26639587, 26639587, 26639587, 26639587, 26639587, 26309846, 26309846, 26309846, 26309846, 26309846, 26309846, 26309846, 26309846, 26309846, 197984009, 26573059, 26573059, 26573059, 26573059, 26573059, 26573059, 26573059, 26573059, 26573059, 26573059, 26573059, 26573059, 26573059, 26573059, 26573059, 26573059, 26573059, 26573059, 26573059, 26573059, 241419832, 26843454, 26843454, 26843454, 26843454, 26843454, 26843454, 26843454, 26843454, 26843454, 26843454, 26843454, 26843454, 26843454, 26843454, 26843454, 26843454, 26843454, 26843454, 26843454, 26843454, 26843454, 26843454, 26843454, 26843454, 26843454, 26843454, 26843454, 26843454, 26573059, 26573059, 26573059, 26573059, 26573059, 26573059, 26573059, 26573059, 26309846, 26309846, 26309846, 26309846, 26309846, 26309846, 26309846, 26309846, 26309846, 26309846, 26309846, 26309846, 26309846, 26309846, 26309846, 26309846, 26309846, 196453132, 26309846, 26309846, 26309846, 26309846, 26309846, 26309846, 26309846, 26309846, 26309846, 26309846, 26309846, 26309846, 26292502, 257538320, 131104914, 26726923, 26726923, 26726923, 26726923, 26726923, 26726923, 26726923, 26726923, 26726923, 26726923, 26726923, 26695203, 26695203, 26695203, 26695203, 26695203, 26695203, 26695203, 26695203, 26695203, 26695203, 26695203, 26695203, 26695203, 26695203, 26695203, 26695203, 26695203, 26695203, 26695203, 26695203, 26615821, 26615821, 26615821, 26615821, 26615821, 26615821, 26615821, 26615821, 26615821, 26615821, 26615821, 26615821, 26615821, 26615821, 26615821, 26615821, 26615821, 26615821, 26615821, 26615821, 26645180, 26645180, 26645180, 26645180, 26645180, 26645180, 26645180, 26645180, 26645180, 26645180, 26645180, 26645180, 26645180, 26645180, 26645180, 26645180, 26645180, 26645180, 26645180, 26645180, 26645180, 26645180, 26645180, 26645180, 26645180, 26645180, 243465454, 26645180, 26645180, 183609938, 27512576, 27512576, 27512576, 27278932, 27278932, 27278932, 27278932, 27278932, 27278932, 27278932, 27278932, 27278932, 27278932, 27278932, 27278932, 27278932, 27278932, 27278932, 26615821, 25969703, 27232760, 27232760, 27232760, 27232760, 26535544, 27103283, 27103283, 27103283, 27103283, 27103283, 27103283, 239786354, 26997779, 26997779, 26997779, 26859940, 368075394, 27061067, 27061067, 27061067, 27061067, 27061067, 27061067, 27061067, 27061067, 27061067, 27061067, 27061067, 27061067, 27061067, 27061067, 27061067, 27061067, 27061067, 27061067, 27061067, 27061067, 27061067, 27061067, 27061067, 26956587, 26956587, 26956587, 26956587, 26956587, 26956587, 26956587, 26956587, 26956587, 26956587, 26956587, 26956587, 26956587, 26956587, 26956587, 26956587, 26956587, 26956587, 26956587, 26956587, 26956587, 26956587, 26956587, 26956587, 26956587, 26380886, 26445351, 25732479, 25732479, 25732479, 25732479, 25732479, 25929013, 25929013, 25929013, 25929013, 25929013, 25929013, 25929013, 25929013, 29985526, 26759908, 26759908, 26637795, 26637795, 30085558, 26859940, 26859940, 26859940, 72388148, 26287926, 26287926, 26287926, 26287926, 27278932, 27278932, 27232760, 27232760, 27232760, 27232760, 27232760, 26997779, 26997779, 26997779, 26997779, 26997779, 26997779, 26997779, 26997779, 26997779, 26997779, 26997779, 881333139, 26211925, 26211925, 26211925, 26211925, 26211925, 26211925, 26211925, 26211925, 26211925, 26211925, 26211925, 26211925, 26211925, 26211925, 26211925, 28903965, 26726923, 29985526, 26759908, 27538848, 26759908, 26759908, 26759908, 26759908, 26759908, 26759908, 26759908, 353977118, 26997779, 25884336, 25884336, 27061067, 27061067, 27061067, 27061067, 26956587, 26956587, 26956587, 26956587, 26956587, 26956587, 26956587, 26956587, 26956587, 26956587, 26956587, 26956587, 26956587, 26956587, 26956587, 26759908, 26759908, 26759908, 26759908, 317200471, 28422327, 28422327, 25857173, 25857173, 25857173, 25857173, 25859550, 25859550, 888309866, 25811664, 25811664, 25811664, 25811664, 25904021, 25904021, 25904021, 25904021, 25904021, 25904021, 25904021, 25904021, 25904021, 25904021, 25904021, 893813851, 26019124, 25263093, 25263093, 25732479, 25732479, 25732479, 25732479, 25732479, 25732479, 25732479, 25732479, 25732479, 25732479, 25732479, 25732479, 26795031, 26016091, 26016091, 26016091, 26016091, 26016091, 26016091, 26016091, 26016091, 26154619, 26154619, 26154619, 26154619, 26154619, 26154619, 26154619, 36796006, 27278932, 27278932, 27278932, 27278932, 37728700, 27512576, 26445624, 26044318, 25487317, 25487317, 25487317, 25487317, 25487317, 25487317, 25487317, 26933559, 26154619, 26154619, 26154619, 26154619, 26154619, 26154619, 26154619, 26154619, 26154619, 26154619, 26154619, 26154619, 26154619, 26154619, 26154619, 36749834, 27232760, 27232760, 27232760, 27232760, 27232760, 27232760, 27232760, 27232760, 27232760, 27232760, 27232760, 27232760, 27232760, 26997779, 26997779, 26997779, 26997779, 26997779, 26997779, 26997779, 26997779, 26997779, 25916533, 25668423, 25668423, 26956587, 26956587, 26956587, 26956587, 26956587, 26956587, 26956587, 26956587, 37213903, 26464944, 26464944, 26464944, 26464944, 25892415, 25892415, 25892415, 25892415, 25892415, 25892415, 25892415, 25892415, 25892415, 27136503, 26357563, 26357563, 26357563, 26357563, 26357563, 26357563, 26357563, 26357563, 26357563, 26357563, 26357563, 26357563, 26357563, 26357563, 26357563, 36276982]",0,0,0,NPU,0,0,0,0,0,0,1.0,hot,0,0,0,0,1.0,0
0,162,meta-llama/Llama-3.1-8B,147,536,15305163426,107216290473,91911127047,74583174113,74840712433,43995913,"[131104914, 26726923, 26726923, 26726923, 26726923, 26726923, 26726923, 26726923, 26726923, 26726923, 26726923, 26726923, 26695203, 26695203, 26695203, 26695203, 26695203, 26695203, 26695203, 26695203, 26695203, 26695203, 26695203, 26695203, 26695203, 26695203, 26695203, 26695203, 26695203, 26695203, 26695203, 26695203, 26615821, 26615821, 26615821, 26615821, 26615821, 26615821, 26615821, 26615821, 26615821, 26615821, 26615821, 26615821, 26615821, 26615821, 26615821, 26615821, 26615821, 26615821, 26615821, 26615821, 26645180, 26645180, 26645180, 26645180, 26645180, 26645180, 26645180, 26645180, 26645180, 26645180, 26645180, 26645180, 26645180, 26645180, 26645180, 26645180, 26645180, 26645180, 26645180, 26645180, 26645180, 26645180, 26645180, 26645180, 26645180, 26645180, 243465454, 26645180, 26645180, 183609938, 27512576, 27512576, 27512576, 27278932, 27278932, 27278932, 27278932, 27278932, 27278932, 27278932, 27278932, 27278932, 27278932, 27278932, 27278932, 27278932, 27278932, 27278932, 26615821, 53202463, 27232760, 27232760, 27232760, 26535544, 27103283, 27103283, 27103283, 27103283, 27103283, 27103283, 239786354, 26997779, 26997779, 26997779, 26859940, 368075394, 27061067, 27061067, 27061067, 27061067, 27061067, 27061067, 27061067, 27061067, 27061067, 27061067, 27061067, 27061067, 27061067, 27061067, 27061067, 27061067, 27061067, 27061067, 27061067, 27061067, 27061067, 27061067, 27061067, 26956587, 26956587, 26956587, 26956587, 26956587, 26956587, 26956587, 26956587, 26956587, 26956587, 26956587, 26956587, 26956587, 26956587, 26956587, 26956587, 26956587, 26956587, 26956587, 26956587, 26956587, 26956587, 26956587, 26956587, 26956587, 26380886, 392525376, 26759908, 26759908, 26637795, 26637795, 30085558, 26859940, 26859940, 26859940, 72388148, 26287926, 26287926, 26287926, 26287926, 27278932, 27278932, 27232760, 27232760, 27232760, 27232760, 27232760, 26997779, 26997779, 26997779, 26997779, 26997779, 26997779, 26997779, 26997779, 26997779, 26997779, 26997779, 1303415979, 26726923, 29985526, 26759908, 27538848, 26759908, 26759908, 26759908, 26759908, 26759908, 26759908, 26759908, 353977118, 26997779, 25884336, 25884336, 27061067, 27061067, 27061067, 27061067, 26956587, 26956587, 26956587, 26956587, 26956587, 26956587, 26956587, 26956587, 26956587, 26956587, 26956587, 26956587, 26956587, 26956587, 26956587, 26759908, 26759908, 26759908, 26759908, 317200471, 28422327, 28422327, 25857173, 25857173, 25857173, 25857173, 25859550, 25859550, 888309866, 25811664, 25811664, 25811664, 25811664, 1178758082, 26019124, 25263093, 25263093, 25732479, 25732479, 25732479, 25732479, 25732479, 25732479, 25732479, 25732479, 25732479, 25732479, 25732479, 25732479, 454802098, 27278932, 27278932, 27278932, 27278932, 37728700, 27512576, 26445624, 26044318, 25487317, 25487317, 25487317, 25487317, 25487317, 25487317, 25487317, 456002678, 27232760, 27232760, 27232760, 27232760, 27232760, 27232760, 27232760, 27232760, 27232760, 27232760, 27232760, 27232760, 27232760, 26997779, 26997779, 26997779, 26997779, 26997779, 26997779, 26997779, 26997779, 26997779, 25916533, 25668423, 25668423, 26956587, 26956587, 26956587, 26956587, 26956587, 26956587, 26956587, 26956587, 37213903, 26464944, 26464944, 26464944, 26464944, 25892415, 25892415, 25892415, 25892415, 25892415, 25892415, 25892415, 25892415, 25892415, 458776930, 44280725, 27773145, 27773145, 27773145, 27773145, 27773145, 27773145, 27773145, 26759908, 26615821, 25782115, 25782115, 25782115, 25782115, 25782115, 26795031, 26154619, 26154619, 26154619, 26154619, 26154619, 26154619, 26154619, 26154619, 26154619, 26154619, 26154619, 26154619, 26154619, 26154619, 26154619, 26933559, 26154619, 26154619, 26154619, 26154619, 26154619, 26154619, 26154619, 26154619, 26154619, 26154619, 26154619, 26154619, 26154619, 26154619, 26154619, 30504550, 25916533, 25668423, 25732479, 25732479, 25732479, 25732479, 25732479]",0,0,0,NPU,0,0,0,0,0,0,1.0,hot,0,0,0,0,1.0,0
0,149,meta-llama/Llama-3.1-8B,69,833,13845293894,107470081955,93624788061,67078473676,67147886390,34701050,"[26639587, 26639587, 885117731, 26309846, 26309846, 26309846, 26309846, 26309846, 26309846, 26309846, 26309846, 26309846, 26309846, 26309846, 26309846, 26309846, 26309846, 26309846, 26309846, 26309846, 26309846, 26309846, 26309846, 26309846, 26309846, 26309846, 26309846, 26309846, 26309846, 26309846, 26309846, 26309846, 26309846, 26309846, 26309846, 26309846, 26309846, 26309846, 26309846, 26292502, 26292502, 26292502, 26292502, 26292502, 26292502, 1278884151, 26456112, 26456112, 26456112, 26456112, 26456112, 973999251, 26519806, 26519806, 26519806, 26519806, 26519806, 26519806, 26519806, 26519806, 26519806, 26519806, 26519806, 26519806, 26519806, 26519806, 26519806, 27115070, 27115070, 26723508, 350837629, 26639587, 26639587, 26639587, 26639587, 26639587, 26639587, 26639587, 26639587, 26639587, 26639587, 26639587, 26639587, 26639587, 26639587, 26639587, 26639587, 26639587, 26639587, 26309846, 26309846, 26309846, 26309846, 26309846, 26309846, 26309846, 26309846, 26309846, 197984009, 26573059, 26573059, 26573059, 26573059, 26573059, 26573059, 26573059, 26573059, 26573059, 26573059, 26573059, 26573059, 26573059, 26573059, 26573059, 26573059, 26573059, 26573059, 26573059, 26573059, 241419832, 26843454, 26843454, 26843454, 26843454, 26843454, 26843454, 26843454, 26843454, 26843454, 26843454, 26843454, 26843454, 26843454, 26843454, 26843454, 26843454, 26843454, 26843454, 26843454, 26843454, 26843454, 26843454, 26843454, 26843454, 26843454, 26843454, 26843454, 26843454, 26573059, 26573059, 26573059, 26573059, 26573059, 26573059, 26573059, 26573059, 26309846, 26309846, 26309846, 26309846, 26309846, 26309846, 26309846, 26309846, 26309846, 26309846, 26309846, 26309846, 26309846, 26309846, 26309846, 26309846, 26309846, 196453132, 26309846, 26309846, 26309846, 26309846, 26309846, 26309846, 26309846, 26309846, 26309846, 26309846, 26309846, 26309846, 26292502, 257538320, 131104914, 26726923, 26726923, 26726923, 26726923, 26726923, 26726923, 26726923, 26726923, 26726923, 26726923, 26726923, 26695203, 26695203, 26695203, 26695203, 26695203, 26695203, 26695203, 26695203, 26695203, 26695203, 26695203, 26695203, 26695203, 26695203, 26695203, 26695203, 26695203, 26695203, 26695203, 26695203, 26615821, 26615821, 26615821, 26615821, 26615821, 26615821, 26615821, 26615821, 26615821, 26615821, 26615821, 26615821, 26615821, 26615821, 26615821, 26615821, 26615821, 26615821, 26615821, 26615821, 26645180, 26645180, 26645180, 26645180, 26645180, 26645180, 26645180, 26645180, 26645180, 26645180, 26645180, 26645180, 26645180, 26645180, 26645180, 26645180, 26645180, 26645180, 26645180, 26645180, 26645180, 26645180, 26645180, 26645180, 26645180, 26645180, 243465454, 26645180, 26645180, 183609938, 27512576, 27512576, 27512576, 27278932, 27278932, 27278932, 27278932, 27278932, 27278932, 27278932, 27278932, 27278932, 27278932, 27278932, 27278932, 27278932, 27278932, 27278932, 26615821, 25969703, 27232760, 27232760, 27232760, 27232760, 26535544, 27103283, 27103283, 27103283, 27103283, 27103283, 27103283, 239786354, 26997779, 26997779, 26997779, 26859940, 25679419, 25679419, 25679419, 25679419, 25679419, 25679419, 25679419, 25679419, 162640042, 27061067, 27061067, 27061067, 27061067, 27061067, 27061067, 27061067, 27061067, 27061067, 27061067, 27061067, 27061067, 27061067, 27061067, 27061067, 27061067, 27061067, 27061067, 27061067, 27061067, 27061067, 27061067, 27061067, 26956587, 26956587, 26956587, 26956587, 26956587, 26956587, 26956587, 26956587, 26956587, 26956587, 26956587, 26956587, 26956587, 26956587, 26956587, 26956587, 26956587, 26956587, 26956587, 26956587, 26956587, 26956587, 26956587, 26956587, 26956587, 26380886, 26445351, 25732479, 25732479, 25732479, 25732479, 25732479, 25929013, 25929013, 25929013, 25929013, 25929013, 25929013, 25929013, 25929013, 29985526, 26759908, 26759908, 26637795, 26637795, 30085558, 26859940, 26859940, 26859940, 72388148, 26287926, 26287926, 26287926, 26287926, 27278932, 27278932, 27232760, 27232760, 27232760, 27232760, 27232760, 26997779, 26997779, 26997779, 26997779, 26997779, 26997779, 26997779, 26997779, 26997779, 26997779, 26997779, 464034295, 26016091, 26016091, 26016091, 26016091, 26016091, 26016091, 26016091, 26016091, 26016091, 26016091, 26016091, 26016091, 26016091, 26016091, 26016091, 27057479, 26211925, 26211925, 26211925, 26211925, 26211925, 26211925, 26211925, 26211925, 26211925, 26211925, 26211925, 26211925, 26211925, 26211925, 26211925, 28903965, 26726923, 29985526, 26759908, 27538848, 26759908, 26759908, 26759908, 26759908, 26759908, 26759908, 26759908, 353977118, 26997779, 25884336, 25884336, 27061067, 27061067, 27061067, 27061067, 26956587, 26956587, 26956587, 26956587, 26956587, 26956587, 26956587, 26956587, 26956587, 26956587, 26956587, 26956587, 26956587, 26956587, 26956587, 26759908, 26759908, 26759908, 26759908, 317200471, 28422327, 28422327, 25857173, 25857173, 25857173, 25857173, 25859550, 25859550, 27010949, 26581534, 26581534, 26581534, 26581534, 26581534, 26581534, 26581534, 26581534, 26581534, 26581534, 26581534, 26581534, 26581534, 26581534, 26581534, 27010949, 26971646, 26971646, 26971646, 26971646, 26971646, 26971646, 26971646, 26971646, 26971646, 26971646, 26971646, 26971646, 26971646, 26971646, 26971646, 30990268, 25811664, 25811664, 25811664, 25811664, 25904021, 25904021, 25904021, 25904021, 25904021, 25904021, 25904021, 25904021, 25904021, 25904021, 25904021, 27401061, 26971646, 26971646, 26971646, 26971646, 26971646, 26971646, 26971646, 26971646, 26971646, 26971646, 26971646, 26971646, 26971646, 26971646, 26971646, 27401061, 26971646, 26971646, 26971646, 26971646, 26971646, 26971646, 26971646, 26971646, 26971646, 26971646, 26971646, 26971646, 26971646, 26971646, 26971646, 29862349, 26019124, 25263093, 25263093, 25732479, 25732479, 25732479, 25732479, 25732479, 25732479, 25732479, 25732479, 25732479, 25732479, 25732479, 25732479, 26795031, 26016091, 26016091, 26016091, 26016091, 26016091, 26016091, 26016091, 26016091, 26154619, 26154619, 26154619, 26154619, 26154619, 26154619, 26154619, 36796006, 27278932, 27278932, 27278932, 27278932, 37728700, 27512576, 26445624, 26044318, 25487317, 25487317, 25487317, 25487317, 25487317, 25487317, 25487317, 26933559, 26154619, 26154619, 26154619, 26154619, 26154619, 26154619, 26154619, 26154619, 26154619, 26154619, 26154619, 26154619, 26154619, 26154619, 26154619, 36749834, 27232760, 27232760, 27232760, 27232760, 27232760, 27232760, 27232760, 27232760, 27232760, 27232760, 27232760, 27232760, 27232760, 26997779, 26997779, 26997779, 26997779, 26997779, 26997779, 26997779, 26997779, 26997779, 25916533, 25668423, 25668423, 26956587, 26956587, 26956587, 26956587, 26956587, 26956587, 26956587, 26956587, 37213903, 26464944, 26464944, 26464944, 26464944, 25892415, 25892415, 25892415, 25892415, 25892415, 25892415, 25892415, 25892415, 25892415, 27136503, 26357563, 26357563, 26357563, 26357563, 26357563, 26357563, 26357563, 26357563, 26357563, 26357563, 26357563, 26357563, 26357563, 26357563, 26357563, 36276982, 44280725, 27773145, 27773145, 27773145, 27773145, 27773145, 27773145, 27773145, 26759908, 26615821, 25782115, 25782115, 25782115, 25782115, 25782115, 26795031, 26154619, 26154619, 26154619, 26154619, 26154619, 26154619, 26154619, 26154619, 26154619, 26154619, 26154619, 26154619, 26154619, 26154619, 26154619, 26933559, 26154619, 26154619, 26154619, 26154619, 26154619, 26154619, 26154619, 26154619, 26154619, 26154619, 26154619, 26154619, 26154619, 26154619, 26154619, 30504550, 25916533, 25668423, 25732479, 25732479, 25732479, 25732479, 25732479, 32309026, 27685307, 27685307, 27685307, 27685307, 27685307, 27685307, 27685307, 27685307]",0,0,0,PCIE_NVME,0,44040192,0,44040192,44040192,44040192,1.0,hot,0,0,0,0,1.0,88080384
0,168,meta-llama/Llama-3.1-8B,17,370,15635216558,107497594531,91862377973,74253120981,74510659301,49294655,"[131104914, 26726923, 26726923, 26726923, 26726923, 26726923, 26726923, 26726923, 26726923, 26726923, 26726923, 26726923, 26695203, 26695203, 26695203, 26695203, 26695203, 26695203, 26695203, 26695203, 26695203, 26695203, 26695203, 26695203, 26695203, 26695203, 26695203, 26695203, 26695203, 26695203, 26695203, 26695203, 26615821, 26615821, 26615821, 26615821, 26615821, 26615821, 26615821, 26615821, 26615821, 26615821, 26615821, 26615821, 26615821, 26615821, 26615821, 26615821, 26615821, 26615821, 26615821, 26615821, 26645180, 26645180, 26645180, 26645180, 26645180, 26645180, 26645180, 26645180, 26645180, 26645180, 26645180, 26645180, 26645180, 26645180, 26645180, 26645180, 26645180, 26645180, 26645180, 26645180, 26645180, 26645180, 26645180, 26645180, 26645180, 26645180, 243465454, 26645180, 26645180, 183609938, 27512576, 27512576, 27512576, 27278932, 27278932, 27278932, 27278932, 27278932, 27278932, 27278932, 27278932, 27278932, 27278932, 27278932, 27278932, 27278932, 27278932, 27278932, 26615821, 53202463, 27232760, 27232760, 27232760, 26535544, 27103283, 27103283, 27103283, 27103283, 27103283, 27103283, 239786354, 26997779, 26997779, 26997779, 26859940, 368075394, 27061067, 27061067, 27061067, 27061067, 27061067, 27061067, 27061067, 27061067, 27061067, 27061067, 27061067, 27061067, 27061067, 27061067, 27061067, 27061067, 27061067, 27061067, 27061067, 27061067, 27061067, 27061067, 27061067, 26956587, 26956587, 26956587, 26956587, 26956587, 26956587, 26956587, 26956587, 26956587, 26956587, 26956587, 26956587, 26956587, 26956587, 26956587, 26956587, 26956587, 26956587, 26956587, 26956587, 26956587, 26956587, 26956587, 26956587, 26956587, 26380886, 392525376, 26759908, 26759908, 26637795, 26637795, 30085558, 26859940, 26859940, 26859940, 72388148, 26287926, 26287926, 26287926, 26287926, 27278932, 27278932, 27232760, 27232760, 27232760, 27232760, 27232760, 26997779, 26997779, 26997779, 26997779, 26997779, 26997779, 26997779, 26997779, 26997779, 26997779, 26997779, 1303415979, 26726923, 29985526, 26759908, 27538848, 26759908, 26759908, 26759908, 26759908, 26759908, 26759908, 26759908, 353977118, 26997779, 25884336, 25884336, 27061067, 27061067, 27061067, 27061067, 26956587, 26956587, 26956587, 26956587, 26956587, 26956587, 26956587, 26956587, 26956587, 26956587, 26956587, 26956587, 26956587, 26956587, 26956587, 26759908, 26759908, 26759908, 26759908, 317200471, 28422327, 28422327, 25857173, 25857173, 25857173, 25857173, 25859550, 25859550, 888309866, 25811664, 25811664, 25811664, 25811664, 1178758082, 26019124, 814118032, 27278932, 27278932, 27278932, 27278932, 37728700, 27512576, 26445624, 26044318, 25487317, 25487317, 25487317, 25487317, 25487317, 25487317, 25487317, 456002678, 27232760, 27232760, 27232760, 27232760, 27232760, 27232760, 27232760, 27232760, 27232760, 27232760, 27232760, 27232760, 27232760, 26997779, 26997779, 26997779, 26997779, 26997779, 26997779, 26997779, 26997779, 26997779, 25916533, 25668423, 25668423, 26956587, 26956587, 26956587, 26956587, 26956587, 26956587, 26956587, 26956587, 37213903, 26464944, 26464944, 26464944, 26464944, 25892415, 25892415, 25892415, 25892415, 25892415, 25892415, 25892415, 25892415, 25892415, 458776930, 44280725, 27773145, 27773145, 27773145, 27773145, 27773145, 27773145, 27773145, 26759908, 26615821, 25782115, 25782115, 25782115, 25782115, 25782115, 868871710, 25916533, 25668423, 25732479, 25732479, 25732479, 25732479, 25732479, 32309026, 27685307, 27685307, 27685307, 27685307, 27685307, 27685307, 27685307, 27685307, 27512576]",0,0,0,NPU,0,0,0,0,0,0,1.0,hot,0,0,0,0,1.0,0
0,183,meta-llama/Llama-3.1-8B,17,187,17039026617,108506915015,91467888398,79262106022,79334494170,71795232,"[132430636, 27278932, 27232760, 27232760, 27232760, 27232760, 27232760, 26997779, 26997779, 26997779, 26997779, 26997779, 26997779, 26997779, 26997779, 26997779, 26997779, 26997779, 1303415979, 26726923, 29985526, 26759908, 27538848, 26759908, 26759908, 26759908, 26759908, 26759908, 26759908, 26759908, 353977118, 26997779, 78829739, 27061067, 27061067, 27061067, 26956587, 26956587, 26956587, 26956587, 26956587, 26956587, 26956587, 26956587, 26956587, 26956587, 26956587, 26956587, 26956587, 26956587, 26956587, 26759908, 26759908, 26759908, 26759908, 317200471, 28422327, 28422327, 1043457658, 1282004738, 840137156, 27278932, 27278932, 27278932, 27278932, 37728700, 27512576, 26445624, 26044318, 634413897, 27232760, 27232760, 27232760, 27232760, 27232760, 27232760, 27232760, 27232760, 27232760, 27232760, 27232760, 27232760, 27232760, 26997779, 26997779, 26997779, 26997779, 26997779, 26997779, 26997779, 26997779, 26997779, 104209966, 26956587, 26956587, 26956587, 26956587, 26956587, 26956587, 26956587, 37213903, 26464944, 26464944, 26464944, 26464944, 691808665, 44280725, 27773145, 27773145, 27773145, 27773145, 27773145, 27773145, 27773145, 26759908, 26615821, 25782115, 25782115, 25782115, 25782115, 25782115, 868871710, 212556377, 27685307, 27685307, 27685307, 27685307, 27685307, 27685307, 27685307, 27685307, 27512576, 27278932, 27278932, 27278932, 27278932, 27278932, 27278932, 27278932, 27278932, 27278932, 27278932, 27278932, 27278932, 27278932, 27278932, 27278932, 27278932, 27278932, 27278932, 27278932, 27278932, 27278932, 27278932, 27278932, 27278932, 27278932, 27278932, 27278932, 27278932, 27278932, 27278932, 27278932, 27278932, 27278932, 27278932, 27278932, 27278932, 27278932]",0,0,0,NPU,0,0,0,0,0,0,1.0,hot,0,0,0,0,1.0,0
0,194,meta-llama/Llama-3.1-8B,10,142,18140446934,110115177358,91974730424,81480045604,81797246075,77690720,"[28422327, 28422327, 1043457658, 1282004738, 840137156, 27278932, 27278932, 27278932, 27278932, 37728700, 27512576, 686903839, 27232760, 27232760, 27232760, 27232760, 27232760, 27232760, 27232760, 27232760, 27232760, 27232760, 27232760, 27232760, 27232760, 26997779, 26997779, 26997779, 26997779, 26997779, 26997779, 26997779, 26997779, 26997779, 104209966, 26956587, 26956587, 26956587, 26956587, 26956587, 26956587, 26956587, 37213903, 797668441, 44280725, 27773145, 27773145, 27773145, 27773145, 27773145, 27773145, 27773145, 26759908, 1024398106, 212556377, 27685307, 27685307, 27685307, 27685307, 27685307, 27685307, 27685307, 27685307, 27512576, 27278932, 27278932, 27278932, 27278932, 27278932, 27278932, 27278932, 27278932, 27278932, 27278932, 27278932, 27278932, 27278932, 27278932, 27278932, 27278932, 27278932, 27278932, 27278932, 27278932, 27278932, 27278932, 27278932, 27278932, 27278932, 27278932, 27278932, 27278932, 27278932, 27278932, 27278932, 27278932, 27278932, 27278932, 27278932, 27278932, 27278932, 27232760, 27232760, 27232760, 27232760, 27232760, 27232760, 27232760, 27232760, 27232760, 27232760, 27232760, 27232760, 27232760, 27232760, 27232760, 27232760, 27232760, 231272445, 410806496, 26956587, 26956587, 26956587, 26956587, 26956587, 26380886, 26380886, 235402051, 26759908, 26759908, 26759908]",0,0,0,NPU,0,0,0,0,0,0,1.0,hot,0,0,0,0,1.0,0
0,192,meta-llama/Llama-3.1-8B,29,176,17998775293,111824903236,93826127943,81621717245,81938917716,81419248,"[28422327, 28422327, 1043457658, 1282004738, 840137156, 27278932, 27278932, 27278932, 27278932, 37728700, 27512576, 686903839, 27232760, 27232760, 27232760, 27232760, 27232760, 27232760, 27232760, 27232760, 27232760, 27232760, 27232760, 27232760, 27232760, 26997779, 26997779, 26997779, 26997779, 26997779, 26997779, 26997779, 26997779, 26997779, 104209966, 26956587, 26956587, 26956587, 26956587, 26956587, 26956587, 26956587, 37213903, 797668441, 44280725, 27773145, 27773145, 27773145, 27773145, 27773145, 27773145, 27773145, 26759908, 26615821, 997782285, 212556377, 27685307, 27685307, 27685307, 27685307, 27685307, 27685307, 27685307, 27685307, 27512576, 27278932, 27278932, 27278932, 27278932, 27278932, 27278932, 27278932, 27278932, 27278932, 27278932, 27278932, 27278932, 27278932, 27278932, 27278932, 27278932, 27278932, 27278932, 27278932, 27278932, 27278932, 27278932, 27278932, 27278932, 27278932, 27278932, 27278932, 27278932, 27278932, 27278932, 27278932, 27278932, 27278932, 27278932, 27278932, 27278932, 27278932, 27232760, 27232760, 27232760, 27232760, 27232760, 27232760, 27232760, 27232760, 27232760, 27232760, 27232760, 27232760, 27232760, 27232760, 27232760, 27232760, 27232760, 231272445, 410806496, 26956587, 26956587, 26956587, 26956587, 26956587, 26380886, 26380886, 235402051, 26759908, 26759908, 26759908, 31383627, 26759908, 287795008, 26726923, 26726923, 26726923, 26726923, 26726923, 26726923, 1096845077, 26645180, 26645180, 26645180, 26645180]",0,0,0,NPU,0,0,0,0,0,0,1.0,hot,0,0,0,0,1.0,0
0,189,meta-llama/Llama-3.1-8B,99,277,17530812915,111983630884,94452817969,81037303349,81391280467,73793997,"[26997779, 78829739, 27061067, 27061067, 27061067, 26956587, 26956587, 26956587, 26956587, 26956587, 26956587, 26956587, 26956587, 26956587, 26956587, 26956587, 26956587, 26956587, 26956587, 26956587, 26759908, 26759908, 26759908, 26759908, 317200471, 28422327, 28422327, 1043457658, 1282004738, 840137156, 27278932, 27278932, 27278932, 27278932, 37728700, 27512576, 686903839, 27232760, 27232760, 27232760, 27232760, 27232760, 27232760, 27232760, 27232760, 27232760, 27232760, 27232760, 27232760, 27232760, 26997779, 26997779, 26997779, 26997779, 26997779, 26997779, 26997779, 26997779, 26997779, 104209966, 26956587, 26956587, 26956587, 26956587, 26956587, 26956587, 26956587, 37213903, 797668441, 44280725, 27773145, 27773145, 27773145, 27773145, 27773145, 27773145, 27773145, 26759908, 26615821, 997782285, 212556377, 27685307, 27685307, 27685307, 27685307, 27685307, 27685307, 27685307, 27685307, 27512576, 27278932, 27278932, 27278932, 27278932, 27278932, 27278932, 27278932, 27278932, 27278932, 27278932, 27278932, 27278932, 27278932, 27278932, 27278932, 27278932, 27278932, 27278932, 27278932, 27278932, 27278932, 27278932, 27278932, 27278932, 27278932, 27278932, 27278932, 27278932, 27278932, 27278932, 27278932, 27278932, 27278932, 27278932, 27278932, 27278932, 27278932, 27232760, 27232760, 27232760, 27232760, 27232760, 27232760, 27232760, 27232760, 27232760, 27232760, 27232760, 27232760, 27232760, 27232760, 27232760, 27232760, 27232760, 231272445, 410806496, 26956587, 26956587, 26956587, 26956587, 26956587, 26380886, 26380886, 235402051, 26759908, 26759908, 26759908, 31383627, 26759908, 287795008, 26726923, 26726923, 26726923, 26726923, 26726923, 26726923, 1096845077, 26645180, 26645180, 26645180, 26645180, 26454608, 26454608, 26454608, 26454608, 26454608, 26454608]",0,0,0,NPU,0,0,0,0,0,0,1.0,hot,0,0,0,0,1.0,0
0,179,meta-llama/Llama-3.1-8B,4,366,16516816537,112070287295,95553470758,76109911363,76293521301,53351660,"[27512576, 27512576, 27512576, 27278932, 27278932, 27278932, 27278932, 27278932, 27278932, 27278932, 27278932, 27278932, 27278932, 27278932, 27278932, 27278932, 27278932, 27278932, 79818284, 27232760, 27232760, 27232760, 53638827, 27103283, 27103283, 27103283, 27103283, 27103283, 239786354, 26997779, 26997779, 26997779, 26859940, 368075394, 27061067, 27061067, 27061067, 27061067, 27061067, 27061067, 27061067, 27061067, 27061067, 27061067, 27061067, 27061067, 27061067, 27061067, 27061067, 27061067, 27061067, 27061067, 27061067, 27061067, 27061067, 27061067, 27061067, 26956587, 26956587, 26956587, 26956587, 26956587, 26956587, 26956587, 26956587, 26956587, 26956587, 26956587, 26956587, 26956587, 26956587, 26956587, 26956587, 26956587, 26956587, 26956587, 26956587, 26956587, 26956587, 26956587, 26956587, 26956587, 418906262, 26759908, 26759908, 83361148, 26859940, 26859940, 26859940, 72388148, 132430636, 27278932, 27232760, 27232760, 27232760, 27232760, 27232760, 26997779, 26997779, 26997779, 26997779, 26997779, 26997779, 26997779, 26997779, 26997779, 26997779, 26997779, 1303415979, 26726923, 29985526, 26759908, 27538848, 26759908, 26759908, 26759908, 26759908, 26759908, 26759908, 26759908, 353977118, 26997779, 78829739, 27061067, 27061067, 27061067, 26956587, 26956587, 26956587, 26956587, 26956587, 26956587, 26956587, 26956587, 26956587, 26956587, 26956587, 26956587, 26956587, 26956587, 26956587, 26759908, 26759908, 26759908, 26759908, 317200471, 28422327, 28422327, 1043457658, 25811664, 25811664, 25811664, 25811664, 1178758082, 840137156, 27278932, 27278932, 27278932, 27278932, 37728700, 27512576, 26445624, 26044318, 634413897, 27232760, 27232760, 27232760, 27232760, 27232760, 27232760, 27232760, 27232760, 27232760, 27232760, 27232760, 27232760, 27232760, 26997779, 26997779, 26997779, 26997779, 26997779, 26997779, 26997779, 26997779, 26997779, 104209966, 26956587, 26956587, 26956587, 26956587, 26956587, 26956587, 26956587, 37213903, 26464944, 26464944, 26464944, 26464944, 691808665, 44280725, 27773145, 27773145, 27773145, 27773145, 27773145, 27773145, 27773145, 26759908, 26615821, 25782115, 25782115, 25782115, 25782115, 25782115, 868871710, 25916533, 25668423, 160971421, 27685307, 27685307, 27685307, 27685307, 27685307, 27685307, 27685307, 27685307, 27512576, 27278932, 27278932, 27278932, 27278932, 27278932, 27278932, 27278932, 27278932, 27278932, 27278932, 27278932, 27278932, 27278932, 27278932, 27278932, 27278932, 27278932, 27278932, 27278932, 27278932, 27278932, 27278932, 27278932, 27278932, 27278932, 27278932, 27278932, 27278932, 27278932, 27278932, 27278932, 27278932, 27278932, 27278932, 27278932, 27278932, 27278932, 27232760, 27232760, 27232760, 27232760, 27232760, 27232760, 27232760, 27232760, 27232760, 27232760, 27232760, 27232760, 27232760, 27232760, 27232760, 27232760, 27232760, 231272445, 410806496, 26956587, 26956587, 26956587, 26956587, 26956587, 26380886, 26380886, 235402051, 26759908, 26759908, 26759908, 31383627, 26759908, 25921863, 25335007, 236538138, 26726923, 26726923, 26726923, 26726923, 26726923, 26726923, 25454110, 25454110, 25859550, 25859550, 25859550, 25859550, 25859550, 25859550, 25859550, 28372897, 25846330, 25846330, 25846330, 25846330, 25846330, 25846330, 25846330, 25846330, 25921863, 25921863, 25921863, 25921863, 25921863, 25921863, 25921863, 28448430, 25921863, 25921863, 25921863, 25921863, 25921863, 25921863, 25921863, 25921863, 25921863, 25921863, 25921863, 25921863, 25921863, 25921863, 26049543, 30919374, 26645180, 26645180, 26645180, 26645180, 26454608, 26454608, 26454608, 26454608, 26454608, 26454608, 33366051, 26645180, 26645180]",0,0,0,NPU,0,0,0,0,0,0,1.0,hot,0,0,0,0,1.0,0
0,184,meta-llama/Llama-3.1-8B,11,246,17068859354,112720892215,95652032861,79232273285,79304661433,69860561,"[132430636, 27278932, 27232760, 27232760, 27232760, 27232760, 27232760, 26997779, 26997779, 26997779, 26997779, 26997779, 26997779, 26997779, 26997779, 26997779, 26997779, 26997779, 1303415979, 26726923, 29985526, 26759908, 27538848, 26759908, 26759908, 26759908, 26759908, 26759908, 26759908, 26759908, 353977118, 26997779, 78829739, 27061067, 27061067, 27061067, 26956587, 26956587, 26956587, 26956587, 26956587, 26956587, 26956587, 26956587, 26956587, 26956587, 26956587, 26956587, 26956587, 26956587, 26956587, 26759908, 26759908, 26759908, 26759908, 317200471, 28422327, 28422327, 1043457658, 1282004738, 840137156, 27278932, 27278932, 27278932, 27278932, 37728700, 27512576, 26445624, 660458215, 27232760, 27232760, 27232760, 27232760, 27232760, 27232760, 27232760, 27232760, 27232760, 27232760, 27232760, 27232760, 27232760, 26997779, 26997779, 26997779, 26997779, 26997779, 26997779, 26997779, 26997779, 26997779, 104209966, 26956587, 26956587, 26956587, 26956587, 26956587, 26956587, 26956587, 37213903, 797668441, 44280725, 27773145, 27773145, 27773145, 27773145, 27773145, 27773145, 27773145, 26759908, 26615821, 25782115, 25782115, 25782115, 25782115, 25782115, 868871710, 212556377, 27685307, 27685307, 27685307, 27685307, 27685307, 27685307, 27685307, 27685307, 27512576, 27278932, 27278932, 27278932, 27278932, 27278932, 27278932, 27278932, 27278932, 27278932, 27278932, 27278932, 27278932, 27278932, 27278932, 27278932, 27278932, 27278932, 27278932, 27278932, 27278932, 27278932, 27278932, 27278932, 27278932, 27278932, 27278932, 27278932, 27278932, 27278932, 27278932, 27278932, 27278932, 27278932, 27278932, 27278932, 27278932, 27278932, 27232760, 27232760, 27232760, 27232760, 27232760, 27232760, 27232760, 27232760, 27232760, 27232760, 27232760, 27232760, 27232760, 27232760, 27232760, 27232760, 27232760, 231272445, 410806496, 26956587, 26956587, 26956587, 26956587, 26956587, 26380886, 26380886, 235402051, 26759908, 26759908, 26759908, 31383627, 26759908, 287795008, 26726923, 26726923, 26726923, 26726923, 26726923, 26726923, 260297967, 25846330, 25846330, 25846330, 25846330, 25846330, 25846330, 25846330, 25846330, 629776470, 26645180, 26645180, 26645180, 26645180, 26454608, 26454608, 26454608, 26454608, 26454608, 26454608, 33366051, 26645180, 26645180, 35958527, 26729656, 454690837, 26645180, 26645180, 26645180, 26645180, 26645180]",0,0,0,NPU,0,0,0,0,0,0,1.0,hot,0,0,0,0,1.0,0
0,182,meta-llama/Llama-3.1-8B,1258,1543,16829193247,112752161114,95922967867,76823538105,77063324459,66407195,"[26997779, 26997779, 26997779, 2400009744, 132430636, 27278932, 27232760, 27232760, 27232760, 27232760, 27232760, 26997779, 26997779, 26997779, 26997779, 26997779, 26997779, 26997779, 26997779, 26997779, 26997779, 26997779, 1303415979, 26726923, 29985526, 26759908, 27538848, 26759908, 26759908, 26759908, 26759908, 26759908, 26759908, 26759908, 353977118, 26997779, 78829739, 27061067, 27061067, 27061067, 26956587, 26956587, 26956587, 26956587, 26956587, 26956587, 26956587, 26956587, 26956587, 26956587, 26956587, 26956587, 26956587, 26956587, 26956587, 26759908, 26759908, 26759908, 26759908, 317200471, 28422327, 28422327, 1043457658, 1282004738, 840137156, 27278932, 27278932, 27278932, 27278932, 37728700, 27512576, 26445624, 26044318, 634413897, 27232760, 27232760, 27232760, 27232760, 27232760, 27232760, 27232760, 27232760, 27232760, 27232760, 27232760, 27232760, 27232760, 26997779, 26997779, 26997779, 26997779, 26997779, 26997779, 26997779, 26997779, 26997779, 104209966, 26956587, 26956587, 26956587, 26956587, 26956587, 26956587, 26956587, 37213903, 26464944, 26464944, 26464944, 26464944, 691808665, 44280725, 27773145, 27773145, 27773145, 27773145, 27773145, 27773145, 27773145, 26759908, 26615821, 25782115, 25782115, 25782115, 25782115, 25782115, 868871710, 212556377, 27685307, 27685307, 27685307, 27685307, 27685307, 27685307, 27685307, 27685307, 27512576, 27278932, 27278932, 27278932, 27278932, 27278932, 27278932, 27278932, 27278932, 27278932, 27278932, 27278932, 27278932, 27278932, 27278932, 27278932, 27278932, 27278932, 27278932, 27278932, 27278932, 27278932, 27278932, 27278932, 27278932, 27278932, 27278932, 27278932, 27278932, 27278932, 27278932, 27278932, 27278932, 27278932, 27278932, 27278932, 27278932, 27278932, 27232760, 27232760, 27232760, 27232760, 27232760, 27232760, 27232760, 27232760, 27232760, 27232760, 27232760, 27232760, 27232760, 27232760, 27232760, 27232760, 27232760, 231272445, 410806496, 26956587, 26956587, 26956587, 26956587, 26956587, 26380886, 26380886, 235402051, 26759908, 26759908, 26759908, 31383627, 26759908, 25921863, 261873145, 26726923, 26726923, 26726923, 26726923, 26726923, 26726923, 260297967, 25846330, 25846330, 25846330, 25846330, 25846330, 25846330, 25846330, 25846330, 25921863, 25921863, 25921863, 25921863, 25921863, 25921863, 25921863, 28448430, 25921863, 25921863, 25921863, 25921863, 25921863, 25921863, 25921863, 25921863, 25921863, 25921863, 25921863, 25921863, 25921863, 25921863, 26049543, 30919374, 26645180, 26645180, 26645180, 26645180, 26454608, 26454608, 26454608, 26454608, 26454608, 26454608, 33366051, 26645180, 26645180, 35958527, 26729656, 28471920, 26294878, 26294878, 26294878, 26294878, 26294878, 26294878, 26294878, 26294878, 26370142, 26370142, 26370142, 26370142, 26370142, 26370142, 26370142, 31268899, 26645180, 26645180, 26645180, 26645180, 26645180, 31268899]",0,0,0,PCIE_NVME,0,165675008,0,165675008,165675008,165675008,1.0,hot,0,0,0,0,1.0,331350016
0,175,meta-llama/Llama-3.1-8B,77,526,16059670593,113609413986,97549743393,76567057307,76750667245,46426509,"[27512576, 27512576, 27512576, 27278932, 27278932, 27278932, 27278932, 27278932, 27278932, 27278932, 27278932, 27278932, 27278932, 27278932, 27278932, 27278932, 27278932, 27278932, 79818284, 27232760, 27232760, 27232760, 53638827, 27103283, 27103283, 27103283, 27103283, 27103283, 239786354, 26997779, 26997779, 26997779, 26859940, 368075394, 27061067, 27061067, 27061067, 27061067, 27061067, 27061067, 27061067, 27061067, 27061067, 27061067, 27061067, 27061067, 27061067, 27061067, 27061067, 27061067, 27061067, 27061067, 27061067, 27061067, 27061067, 27061067, 27061067, 26956587, 26956587, 26956587, 26956587, 26956587, 26956587, 26956587, 26956587, 26956587, 26956587, 26956587, 26956587, 26956587, 26956587, 26956587, 26956587, 26956587, 26956587, 26956587, 26956587, 26956587, 26956587, 26956587, 26956587, 26956587, 418906262, 26759908, 26759908, 83361148, 26859940, 26859940, 26859940, 72388148, 26287926, 26287926, 26287926, 26287926, 27278932, 27278932, 27232760, 27232760, 27232760, 27232760, 27232760, 26997779, 26997779, 26997779, 26997779, 26997779, 26997779, 26997779, 26997779, 26997779, 26997779, 26997779, 1303415979, 26726923, 29985526, 26759908, 27538848, 26759908, 26759908, 26759908, 26759908, 26759908, 26759908, 26759908, 353977118, 26997779, 25884336, 25884336, 27061067, 27061067, 27061067, 27061067, 26956587, 26956587, 26956587, 26956587, 26956587, 26956587, 26956587, 26956587, 26956587, 26956587, 26956587, 26956587, 26956587, 26956587, 26956587, 26759908, 26759908, 26759908, 26759908, 317200471, 28422327, 28422327, 1043457658, 25811664, 25811664, 25811664, 25811664, 1178758082, 26019124, 814118032, 27278932, 27278932, 27278932, 27278932, 37728700, 27512576, 26445624, 26044318, 634413897, 27232760, 27232760, 27232760, 27232760, 27232760, 27232760, 27232760, 27232760, 27232760, 27232760, 27232760, 27232760, 27232760, 26997779, 26997779, 26997779, 26997779, 26997779, 26997779, 26997779, 26997779, 26997779, 25916533, 78293433, 26956587, 26956587, 26956587, 26956587, 26956587, 26956587, 26956587, 37213903, 26464944, 26464944, 26464944, 26464944, 691808665, 44280725, 27773145, 27773145, 27773145, 27773145, 27773145, 27773145, 27773145, 26759908, 26615821, 25782115, 25782115, 25782115, 25782115, 25782115, 868871710, 25916533, 25668423, 160971421, 27685307, 27685307, 27685307, 27685307, 27685307, 27685307, 27685307, 27685307, 27512576, 27278932, 27278932, 27278932, 27278932, 27278932, 27278932, 27278932, 27278932, 27278932, 27278932, 27278932, 27278932, 27278932, 27278932, 27278932, 27278932, 27278932, 27278932, 27278932, 27278932, 27278932, 27278932, 27278932, 27278932, 27278932, 27278932, 27278932, 27278932, 27278932, 27278932, 27278932, 27278932, 27278932, 27278932, 27278932, 27278932, 27278932, 27232760, 27232760, 27232760, 27232760, 27232760, 27232760, 27232760, 27232760, 27232760, 27232760, 27232760, 27232760, 27232760, 27232760, 27232760, 27232760, 27232760, 25262203, 25262203, 25262203, 25262203, 25262203, 25262203, 25262203, 25262203, 29174821, 25304821, 25304821, 25304821, 25304821, 25304821, 25304821, 25304821, 233672749, 26956587, 26956587, 26956587, 26956587, 26956587, 26380886, 26380886, 25262203, 25536603, 25536603, 25536603, 25536603, 25536603, 25536603, 25536603, 31383627, 26759908, 26759908, 26759908, 31383627, 26759908, 25921863, 25335007, 25648437, 25648437, 25648437, 25648437, 25648437, 25648437, 25648437, 25648437, 31350642, 26726923, 26726923, 26726923, 26726923, 26726923, 26726923, 25454110, 25454110, 25859550, 25859550, 25859550, 25859550, 25859550, 25859550, 25859550, 28372897, 25846330, 25846330, 25846330, 25846330, 25846330, 25846330, 25846330, 25846330, 25921863, 25921863, 25921863, 25921863, 25921863, 25921863, 25921863, 28448430, 25921863, 25921863, 25921863, 25921863, 25921863, 25921863, 25921863, 25921863, 25921863, 25921863, 25921863, 25921863, 25921863, 25921863, 26049543, 30919374, 26645180, 26645180, 26645180, 26645180, 26454608, 26454608, 26454608, 26454608, 26454608, 26454608, 33366051, 26645180, 26645180, 35958527, 26729656, 28471920, 26294878, 26294878, 26294878, 26294878, 26294878, 26294878, 26294878, 26294878, 26370142, 26370142, 26370142, 26370142, 26370142, 26370142, 26370142, 31268899, 26645180, 26645180, 26645180, 26645180, 26645180, 31268899, 242757146, 26790979, 26790979, 26475376, 26475376, 26475376, 26475376, 26475376, 26475376, 56055839, 26615821, 26615821, 26615821, 26615821, 26615821, 26615821, 26615821, 26615821, 26615821, 26615821, 26615821, 26615821, 26615821]",0,0,0,NPU,0,0,0,0,0,0,1.0,hot,0,0,0,0,1.0,0
0,198,meta-llama/Llama-3.1-8B,91,216,18758373227,113609413986,94851040759,80862119311,81179319782,110255814,"[28422327, 28422327, 1043457658, 4752477772, 27773145, 27773145, 27773145, 27773145, 27773145, 27773145, 27773145, 1051158014, 212556377, 27685307, 27685307, 27685307, 27685307, 27685307, 27685307, 27685307, 27685307, 27512576, 27278932, 27278932, 27278932, 27278932, 27278932, 27278932, 27278932, 27278932, 27278932, 27278932, 27278932, 27278932, 27278932, 27278932, 27278932, 27278932, 27278932, 27278932, 27278932, 27278932, 27278932, 27278932, 27278932, 27278932, 27278932, 27278932, 27278932, 27278932, 27278932, 27278932, 27278932, 27278932, 27278932, 27278932, 27278932, 27278932, 27278932, 27232760, 27232760, 27232760, 27232760, 27232760, 27232760, 27232760, 27232760, 27232760, 27232760, 27232760, 27232760, 27232760, 27232760, 27232760, 27232760, 27232760, 231272445, 410806496, 26956587, 26956587, 26956587, 26956587, 26956587, 288163823, 26759908, 26759908, 26759908, 31383627, 26759908, 287795008, 26726923, 26726923, 26726923, 26726923, 26726923, 26726923, 1395519496, 26645180, 26645180, 35958527, 481420493, 26645180, 26645180, 26645180, 26645180, 26645180, 31268899, 242757146, 26790979, 26790979, 214908095, 26615821, 26615821, 26615821, 26615821, 26615821, 26615821, 26615821, 26615821, 26615821, 26615821, 26615821, 26615821, 26615821]",0,0,0,PCIE_NVME,0,37748736,0,37748736,37748736,37748736,1.0,hot,0,0,0,0,1.0,75497472
0,185,meta-llama/Llama-3.1-8B,62,325,17176735627,113849904007,96673168380,79124397012,79196785160,66703752,"[132430636, 27278932, 27232760, 27232760, 27232760, 27232760, 27232760, 26997779, 26997779, 26997779, 26997779, 26997779, 26997779, 26997779, 26997779, 26997779, 26997779, 26997779, 1360128428, 26759908, 27538848, 26759908, 26759908, 26759908, 26759908, 26759908, 26759908, 26759908, 353977118, 26997779, 78829739, 27061067, 27061067, 27061067, 26956587, 26956587, 26956587, 26956587, 26956587, 26956587, 26956587, 26956587, 26956587, 26956587, 26956587, 26956587, 26956587, 26956587, 26956587, 26759908, 26759908, 26759908, 26759908, 317200471, 28422327, 28422327, 1043457658, 1282004738, 840137156, 27278932, 27278932, 27278932, 27278932, 37728700, 27512576, 686903839, 27232760, 27232760, 27232760, 27232760, 27232760, 27232760, 27232760, 27232760, 27232760, 27232760, 27232760, 27232760, 27232760, 26997779, 26997779, 26997779, 26997779, 26997779, 26997779, 26997779, 26997779, 26997779, 104209966, 26956587, 26956587, 26956587, 26956587, 26956587, 26956587, 26956587, 37213903, 797668441, 44280725, 27773145, 27773145, 27773145, 27773145, 27773145, 27773145, 27773145, 26759908, 26615821, 25782115, 25782115, 25782115, 25782115, 25782115, 868871710, 212556377, 27685307, 27685307, 27685307, 27685307, 27685307, 27685307, 27685307, 27685307, 27512576, 27278932, 27278932, 27278932, 27278932, 27278932, 27278932, 27278932, 27278932, 27278932, 27278932, 27278932, 27278932, 27278932, 27278932, 27278932, 27278932, 27278932, 27278932, 27278932, 27278932, 27278932, 27278932, 27278932, 27278932, 27278932, 27278932, 27278932, 27278932, 27278932, 27278932, 27278932, 27278932, 27278932, 27278932, 27278932, 27278932, 27278932, 27232760, 27232760, 27232760, 27232760, 27232760, 27232760, 27232760, 27232760, 27232760, 27232760, 27232760, 27232760, 27232760, 27232760, 27232760, 27232760, 27232760, 231272445, 410806496, 26956587, 26956587, 26956587, 26956587, 26956587, 26380886, 26380886, 235402051, 26759908, 26759908, 26759908, 31383627, 26759908, 287795008, 26726923, 26726923, 26726923, 26726923, 26726923, 26726923, 260297967, 25846330, 25846330, 25846330, 25846330, 25846330, 25846330, 25846330, 25846330, 629776470, 26645180, 26645180, 26645180, 26645180, 26454608, 26454608, 26454608, 26454608, 26454608, 26454608, 33366051, 26645180, 26645180, 35958527, 26729656, 454690837, 26645180, 26645180, 26645180, 26645180, 26645180, 31268899, 242757146, 26790979, 26790979, 26475376, 26475376, 26475376, 26475376, 26475376, 26475376, 56055839, 26615821, 26615821, 26615821, 26615821, 26615821, 26615821, 26615821, 26615821, 26615821, 26615821, 26615821, 26615821, 26615821, 79930573, 26759908, 26759908, 26759908, 26759908, 26759908, 26759908]",0,0,0,PCIE_NVME,0,12582912,0,12582912,12582912,12582912,1.0,hot,0,0,0,0,1.0,25165824
0,180,meta-llama/Llama-3.1-8B,106,532,16558529780,114250807852,97692278072,76068198120,76251808058,50448164,"[27512576, 27512576, 27512576, 27278932, 27278932, 27278932, 27278932, 27278932, 27278932, 27278932, 27278932, 27278932, 27278932, 27278932, 27278932, 27278932, 27278932, 27278932, 79818284, 27232760, 27232760, 27232760, 53638827, 27103283, 27103283, 27103283, 27103283, 27103283, 239786354, 26997779, 26997779, 26997779, 26859940, 368075394, 27061067, 27061067, 27061067, 27061067, 27061067, 27061067, 27061067, 27061067, 27061067, 27061067, 27061067, 27061067, 27061067, 27061067, 27061067, 27061067, 27061067, 27061067, 27061067, 27061067, 27061067, 27061067, 27061067, 26956587, 26956587, 26956587, 26956587, 26956587, 26956587, 26956587, 26956587, 26956587, 26956587, 26956587, 26956587, 26956587, 26956587, 26956587, 26956587, 26956587, 26956587, 26956587, 26956587, 26956587, 26956587, 26956587, 26956587, 26956587, 418906262, 26759908, 26759908, 83361148, 26859940, 26859940, 26859940, 72388148, 132430636, 27278932, 27232760, 27232760, 27232760, 27232760, 27232760, 26997779, 26997779, 26997779, 26997779, 26997779, 26997779, 26997779, 26997779, 26997779, 26997779, 26997779, 1303415979, 26726923, 29985526, 26759908, 27538848, 26759908, 26759908, 26759908, 26759908, 26759908, 26759908, 26759908, 353977118, 26997779, 78829739, 27061067, 27061067, 27061067, 26956587, 26956587, 26956587, 26956587, 26956587, 26956587, 26956587, 26956587, 26956587, 26956587, 26956587, 26956587, 26956587, 26956587, 26956587, 26759908, 26759908, 26759908, 26759908, 317200471, 28422327, 28422327, 1043457658, 1282004738, 840137156, 27278932, 27278932, 27278932, 27278932, 37728700, 27512576, 26445624, 26044318, 634413897, 27232760, 27232760, 27232760, 27232760, 27232760, 27232760, 27232760, 27232760, 27232760, 27232760, 27232760, 27232760, 27232760, 26997779, 26997779, 26997779, 26997779, 26997779, 26997779, 26997779, 26997779, 26997779, 104209966, 26956587, 26956587, 26956587, 26956587, 26956587, 26956587, 26956587, 37213903, 26464944, 26464944, 26464944, 26464944, 691808665, 44280725, 27773145, 27773145, 27773145, 27773145, 27773145, 27773145, 27773145, 26759908, 26615821, 25782115, 25782115, 25782115, 25782115, 25782115, 868871710, 25916533, 186639844, 27685307, 27685307, 27685307, 27685307, 27685307, 27685307, 27685307, 27685307, 27512576, 27278932, 27278932, 27278932, 27278932, 27278932, 27278932, 27278932, 27278932, 27278932, 27278932, 27278932, 27278932, 27278932, 27278932, 27278932, 27278932, 27278932, 27278932, 27278932, 27278932, 27278932, 27278932, 27278932, 27278932, 27278932, 27278932, 27278932, 27278932, 27278932, 27278932, 27278932, 27278932, 27278932, 27278932, 27278932, 27278932, 27278932, 27232760, 27232760, 27232760, 27232760, 27232760, 27232760, 27232760, 27232760, 27232760, 27232760, 27232760, 27232760, 27232760, 27232760, 27232760, 27232760, 27232760, 231272445, 410806496, 26956587, 26956587, 26956587, 26956587, 26956587, 26380886, 26380886, 235402051, 26759908, 26759908, 26759908, 31383627, 26759908, 25921863, 261873145, 26726923, 26726923, 26726923, 26726923, 26726923, 26726923, 25454110, 25454110, 25859550, 25859550, 25859550, 25859550, 25859550, 25859550, 25859550, 28372897, 25846330, 25846330, 25846330, 25846330, 25846330, 25846330, 25846330, 25846330, 25921863, 25921863, 25921863, 25921863, 25921863, 25921863, 25921863, 28448430, 25921863, 25921863, 25921863, 25921863, 25921863, 25921863, 25921863, 25921863, 25921863, 25921863, 25921863, 25921863, 25921863, 25921863, 26049543, 30919374, 26645180, 26645180, 26645180, 26645180, 26454608, 26454608, 26454608, 26454608, 26454608, 26454608, 33366051, 26645180, 26645180, 35958527, 26729656, 28471920, 26294878, 26294878, 26294878, 26294878, 26294878, 26294878, 26294878, 26294878, 26370142, 26370142, 26370142, 26370142, 26370142, 26370142, 26370142, 31268899, 26645180, 26645180, 26645180, 26645180, 26645180, 31268899, 242757146, 26790979, 26790979, 26475376, 26475376, 26475376, 26475376, 26475376, 26475376, 56055839, 26615821, 26615821, 26615821, 26615821, 26615821, 26615821, 26615821, 26615821, 26615821, 26615821, 26615821, 26615821, 26615821, 79930573, 26759908, 26759908, 26759908, 26759908, 26759908, 26759908, 26726923, 26726923, 26726923, 26726923, 26726923, 26726923, 26726923, 26726923, 26726923, 26726923, 26726923, 26726923, 26726923, 26726923, 26726923]",0,0,0,NPU,0,0,0,0,0,0,1.0,hot,0,0,0,0,1.0,0
0,193,meta-llama/Llama-3.1-8B,8,223,18099042284,114384283867,96285241583,81521450254,81838650725,67507433,"[28422327, 28422327, 1043457658, 1282004738, 840137156, 27278932, 27278932, 27278932, 27278932, 37728700, 27512576, 686903839, 27232760, 27232760, 27232760, 27232760, 27232760, 27232760, 27232760, 27232760, 27232760, 27232760, 27232760, 27232760, 27232760, 26997779, 26997779, 26997779, 26997779, 26997779, 26997779, 26997779, 26997779, 26997779, 104209966, 26956587, 26956587, 26956587, 26956587, 26956587, 26956587, 26956587, 37213903, 797668441, 44280725, 27773145, 27773145, 27773145, 27773145, 27773145, 27773145, 27773145, 26759908, 26615821, 997782285, 212556377, 27685307, 27685307, 27685307, 27685307, 27685307, 27685307, 27685307, 27685307, 27512576, 27278932, 27278932, 27278932, 27278932, 27278932, 27278932, 27278932, 27278932, 27278932, 27278932, 27278932, 27278932, 27278932, 27278932, 27278932, 27278932, 27278932, 27278932, 27278932, 27278932, 27278932, 27278932, 27278932, 27278932, 27278932, 27278932, 27278932, 27278932, 27278932, 27278932, 27278932, 27278932, 27278932, 27278932, 27278932, 27278932, 27278932, 27232760, 27232760, 27232760, 27232760, 27232760, 27232760, 27232760, 27232760, 27232760, 27232760, 27232760, 27232760, 27232760, 27232760, 27232760, 27232760, 27232760, 231272445, 410806496, 26956587, 26956587, 26956587, 26956587, 26956587, 26380886, 26380886, 235402051, 26759908, 26759908, 26759908, 31383627, 26759908, 287795008, 26726923, 26726923, 26726923, 26726923, 26726923, 26726923, 1096845077, 26645180, 26645180, 26645180, 26645180, 26454608, 26454608, 26454608, 26454608, 26454608, 26454608, 33366051, 26645180, 26645180, 35958527, 26729656, 454690837, 26645180, 26645180, 26645180, 26645180, 26645180, 31268899, 242757146, 26790979, 26790979, 26475376, 26475376, 26475376, 26475376, 26475376, 26475376, 56055839, 26615821, 26615821, 26615821, 26615821, 26615821, 26615821, 26615821, 26615821, 26615821, 26615821, 26615821, 26615821, 26615821, 79930573, 26759908, 26759908, 26759908, 26759908, 26759908, 26759908, 26726923, 26726923, 26726923, 26726923, 26726923, 26726923, 26726923, 26726923, 26726923, 26726923, 26726923, 26726923, 26726923, 26726923, 26726923, 26695203, 26695203, 26695203, 26695203, 26695203]",0,0,0,NPU,0,0,0,0,0,0,1.0,hot,0,0,0,0,1.0,0
0,181,meta-llama/Llama-3.1-8B,47,492,16570574208,114891520722,98320946514,76056153692,76239763630,49732393,"[27512576, 27512576, 27512576, 27278932, 27278932, 27278932, 27278932, 27278932, 27278932, 27278932, 27278932, 27278932, 27278932, 27278932, 27278932, 27278932, 27278932, 27278932, 79818284, 27232760, 27232760, 27232760, 53638827, 27103283, 27103283, 27103283, 27103283, 27103283, 239786354, 26997779, 26997779, 26997779, 394935334, 27061067, 27061067, 27061067, 27061067, 27061067, 27061067, 27061067, 27061067, 27061067, 27061067, 27061067, 27061067, 27061067, 27061067, 27061067, 27061067, 27061067, 27061067, 27061067, 27061067, 27061067, 27061067, 27061067, 26956587, 26956587, 26956587, 26956587, 26956587, 26956587, 26956587, 26956587, 26956587, 26956587, 26956587, 26956587, 26956587, 26956587, 26956587, 26956587, 26956587, 26956587, 26956587, 26956587, 26956587, 26956587, 26956587, 26956587, 26956587, 555787226, 26859940, 26859940, 26859940, 72388148, 132430636, 27278932, 27232760, 27232760, 27232760, 27232760, 27232760, 26997779, 26997779, 26997779, 26997779, 26997779, 26997779, 26997779, 26997779, 26997779, 26997779, 26997779, 1303415979, 26726923, 29985526, 26759908, 27538848, 26759908, 26759908, 26759908, 26759908, 26759908, 26759908, 26759908, 353977118, 26997779, 78829739, 27061067, 27061067, 27061067, 26956587, 26956587, 26956587, 26956587, 26956587, 26956587, 26956587, 26956587, 26956587, 26956587, 26956587, 26956587, 26956587, 26956587, 26956587, 26759908, 26759908, 26759908, 26759908, 317200471, 28422327, 28422327, 1043457658, 1282004738, 840137156, 27278932, 27278932, 27278932, 27278932, 37728700, 27512576, 26445624, 26044318, 634413897, 27232760, 27232760, 27232760, 27232760, 27232760, 27232760, 27232760, 27232760, 27232760, 27232760, 27232760, 27232760, 27232760, 26997779, 26997779, 26997779, 26997779, 26997779, 26997779, 26997779, 26997779, 26997779, 104209966, 26956587, 26956587, 26956587, 26956587, 26956587, 26956587, 26956587, 37213903, 26464944, 26464944, 26464944, 26464944, 691808665, 44280725, 27773145, 27773145, 27773145, 27773145, 27773145, 27773145, 27773145, 26759908, 26615821, 25782115, 25782115, 25782115, 25782115, 25782115, 868871710, 212556377, 27685307, 27685307, 27685307, 27685307, 27685307, 27685307, 27685307, 27685307, 27512576, 27278932, 27278932, 27278932, 27278932, 27278932, 27278932, 27278932, 27278932, 27278932, 27278932, 27278932, 27278932, 27278932, 27278932, 27278932, 27278932, 27278932, 27278932, 27278932, 27278932, 27278932, 27278932, 27278932, 27278932, 27278932, 27278932, 27278932, 27278932, 27278932, 27278932, 27278932, 27278932, 27278932, 27278932, 27278932, 27278932, 27278932, 27232760, 27232760, 27232760, 27232760, 27232760, 27232760, 27232760, 27232760, 27232760, 27232760, 27232760, 27232760, 27232760, 27232760, 27232760, 27232760, 27232760, 231272445, 410806496, 26956587, 26956587, 26956587, 26956587, 26956587, 26380886, 26380886, 235402051, 26759908, 26759908, 26759908, 31383627, 26759908, 25921863, 261873145, 26726923, 26726923, 26726923, 26726923, 26726923, 26726923, 25454110, 25454110, 25859550, 25859550, 25859550, 25859550, 25859550, 25859550, 25859550, 28372897, 25846330, 25846330, 25846330, 25846330, 25846330, 25846330, 25846330, 25846330, 25921863, 25921863, 25921863, 25921863, 25921863, 25921863, 25921863, 28448430, 25921863, 25921863, 25921863, 25921863, 25921863, 25921863, 25921863, 25921863, 25921863, 25921863, 25921863, 25921863, 25921863, 25921863, 26049543, 30919374, 26645180, 26645180, 26645180, 26645180, 26454608, 26454608, 26454608, 26454608, 26454608, 26454608, 33366051, 26645180, 26645180, 35958527, 26729656, 28471920, 26294878, 26294878, 26294878, 26294878, 26294878, 26294878, 26294878, 26294878, 26370142, 26370142, 26370142, 26370142, 26370142, 26370142, 26370142, 31268899, 26645180, 26645180, 26645180, 26645180, 26645180, 31268899, 242757146, 26790979, 26790979, 26475376, 26475376, 26475376, 26475376, 26475376, 26475376, 56055839, 26615821, 26615821, 26615821, 26615821, 26615821, 26615821, 26615821, 26615821, 26615821, 26615821, 26615821, 26615821, 26615821, 79930573, 26759908, 26759908, 26759908, 26759908, 26759908, 26759908, 26726923, 26726923, 26726923, 26726923, 26726923, 26726923, 26726923, 26726923, 26726923, 26726923, 26726923, 26726923, 26726923, 26726923, 26726923, 26695203, 26695203, 26695203, 26695203, 26695203, 26615821, 26615821, 26706189, 26706189, 26706189, 26706189, 26706189, 26706189, 26706189, 26706189, 26706189, 26706189, 26706189, 26706189, 26706189, 26706189, 26706189, 26706189, 26706189]",0,0,0,PCIE_NVME,0,18874368,0,18874368,18874368,18874368,1.0,hot,0,0,0,0,1.0,37748736
0,172,meta-llama/Llama-3.1-8B,40,559,15911215323,115097524594,99186309271,76715512577,76899122515,43025457,"[27512576, 27512576, 27512576, 27278932, 27278932, 27278932, 27278932, 27278932, 27278932, 27278932, 27278932, 27278932, 27278932, 27278932, 27278932, 27278932, 27278932, 27278932, 26615821, 53202463, 27232760, 27232760, 27232760, 53638827, 27103283, 27103283, 27103283, 27103283, 27103283, 239786354, 26997779, 26997779, 26997779, 26859940, 368075394, 27061067, 27061067, 27061067, 27061067, 27061067, 27061067, 27061067, 27061067, 27061067, 27061067, 27061067, 27061067, 27061067, 27061067, 27061067, 27061067, 27061067, 27061067, 27061067, 27061067, 27061067, 27061067, 27061067, 26956587, 26956587, 26956587, 26956587, 26956587, 26956587, 26956587, 26956587, 26956587, 26956587, 26956587, 26956587, 26956587, 26956587, 26956587, 26956587, 26956587, 26956587, 26956587, 26956587, 26956587, 26956587, 26956587, 26956587, 26956587, 26380886, 392525376, 26759908, 26759908, 83361148, 26859940, 26859940, 26859940, 72388148, 26287926, 26287926, 26287926, 26287926, 27278932, 27278932, 27232760, 27232760, 27232760, 27232760, 27232760, 26997779, 26997779, 26997779, 26997779, 26997779, 26997779, 26997779, 26997779, 26997779, 26997779, 26997779, 1303415979, 26726923, 29985526, 26759908, 27538848, 26759908, 26759908, 26759908, 26759908, 26759908, 26759908, 26759908, 353977118, 26997779, 25884336, 25884336, 27061067, 27061067, 27061067, 27061067, 26956587, 26956587, 26956587, 26956587, 26956587, 26956587, 26956587, 26956587, 26956587, 26956587, 26956587, 26956587, 26956587, 26956587, 26956587, 26759908, 26759908, 26759908, 26759908, 317200471, 28422327, 28422327, 25857173, 25857173, 25857173, 25857173, 940028966, 25811664, 25811664, 25811664, 25811664, 1178758082, 26019124, 814118032, 27278932, 27278932, 27278932, 27278932, 37728700, 27512576, 26445624, 26044318, 634413897, 27232760, 27232760, 27232760, 27232760, 27232760, 27232760, 27232760, 27232760, 27232760, 27232760, 27232760, 27232760, 27232760, 26997779, 26997779, 26997779, 26997779, 26997779, 26997779, 26997779, 26997779, 26997779, 25916533, 25668423, 25668423, 26956587, 26956587, 26956587, 26956587, 26956587, 26956587, 26956587, 26956587, 37213903, 26464944, 26464944, 26464944, 26464944, 691808665, 44280725, 27773145, 27773145, 27773145, 27773145, 27773145, 27773145, 27773145, 26759908, 26615821, 25782115, 25782115, 25782115, 25782115, 25782115, 868871710, 25916533, 25668423, 25732479, 25732479, 25732479, 25732479, 25732479, 32309026, 27685307, 27685307, 27685307, 27685307, 27685307, 27685307, 27685307, 27685307, 27512576, 27278932, 27278932, 27278932, 27278932, 27278932, 27278932, 27278932, 27278932, 27278932, 27278932, 27278932, 27278932, 27278932, 27278932, 27278932, 27278932, 27278932, 27278932, 27278932, 27278932, 27278932, 27278932, 27278932, 27278932, 27278932, 27278932, 27278932, 27278932, 27278932, 27278932, 27278932, 27278932, 27278932, 27278932, 27278932, 27278932, 27278932, 27232760, 27232760, 27232760, 27232760, 27232760, 27232760, 27232760, 27232760, 27232760, 27232760, 27232760, 27232760, 27232760, 27232760, 27232760, 27232760, 27232760, 25262203, 25262203, 25262203, 25262203, 25262203, 25262203, 25262203, 25262203, 29174821, 25304821, 25304821, 25304821, 25304821, 25304821, 25304821, 25304821, 25567390, 25567390, 25567390, 25567390, 25567390, 25567390, 25567390, 25567390, 29133629, 26956587, 26956587, 26956587, 26956587, 26956587, 26380886, 26380886, 25262203, 25536603, 25536603, 25536603, 25536603, 25536603, 25536603, 25536603, 31383627, 26759908, 26759908, 26759908, 31383627, 26759908, 25921863, 25335007, 25648437, 25648437, 25648437, 25648437, 25648437, 25648437, 25648437, 25648437, 31350642, 26726923, 26726923, 26726923, 26726923, 26726923, 26726923, 25454110, 25454110, 25859550, 25859550, 25859550, 25859550, 25859550, 25859550, 25859550, 28372897, 25846330, 25846330, 25846330, 25846330, 25846330, 25846330, 25846330, 25846330, 25921863, 25921863, 25921863, 25921863, 25921863, 25921863, 25921863, 28448430, 25921863, 25921863, 25921863, 25921863, 25921863, 25921863, 25921863, 25921863, 25921863, 25921863, 25921863, 25921863, 25921863, 25921863, 26049543, 30919374, 26645180, 26645180, 26645180, 26645180, 26454608, 26454608, 26454608, 26454608, 26454608, 26454608, 33366051, 26645180, 26645180, 35958527, 26729656, 28471920, 26294878, 26294878, 26294878, 26294878, 26294878, 26294878, 26294878, 26294878, 26370142, 26370142, 26370142, 26370142, 26370142, 26370142, 26370142, 31268899, 26645180, 26645180, 26645180, 26645180, 26645180, 31268899, 242757146, 26790979, 26790979, 26475376, 26475376, 26475376, 26475376, 26475376, 26475376, 56055839, 26615821, 26615821, 26615821, 26615821, 26615821, 26615821, 26615821, 26615821, 26615821, 26615821, 26615821, 26615821, 26615821, 79930573, 26759908, 26759908, 26759908, 26759908, 26759908, 26759908, 26726923, 26726923, 26726923, 26726923, 26726923, 26726923, 26726923, 26726923, 26726923, 26726923, 26726923, 26726923, 26726923, 26726923, 26726923, 26695203, 26695203, 26695203, 26695203, 26695203, 26615821, 26615821, 26706189, 26706189, 26706189, 26706189, 26706189, 26706189, 26706189, 26706189, 26706189, 26706189, 26706189, 26706189, 26706189, 26706189, 26706189, 26706189, 26706189, 152591494, 26706189, 26706189]",0,0,0,NPU,0,0,0,0,0,0,1.0,hot,0,0,0,0,1.0,0
0,204,meta-llama/Llama-3.1-8B,1333,1386,19360951552,115193231294,95832279742,93391209562,93633966708,42275250,"[26790979, 26790979, 640844341, 26759908, 26759908, 26759908, 26759908, 26759908, 26759908, 26726923, 26726923, 26726923, 26726923, 26726923, 26726923, 26726923, 26726923, 26726923, 26726923, 26726923, 26726923, 26726923, 26726923, 26726923, 26695203, 26695203, 26695203, 26695203, 26695203, 26615821, 26615821, 26706189, 26706189, 26706189, 26706189, 26706189, 26706189, 26706189, 26706189, 26706189, 26706189, 26706189, 26706189, 26706189, 26706189, 26706189, 26706189, 26706189, 152591494, 26706189, 26706189, 95706700]",0,0,0,PCIE_NVME,0,176160768,0,176160768,176160768,176160768,1.0,hot,0,0,0,0,1.0,352321536
0,221,meta-llama/Llama-3.1-8B,3,13,20641253004,116075444255,95434191251,94551978290,94786743646,71938622,"[425341037, 27761521, 27761521, 27761521, 27761521, 27761521, 27766321, 27766321, 27766321]",0,0,0,NPU,0,0,0,0,0,0,1.0,hot,0,0,0,0,1.0,0
0,220,meta-llama/Llama-3.1-8B,22,38,20557248574,116242083125,95684834551,94635982720,94870748076,54272431,"[425341037, 27761521, 27761521, 27761521, 27761521, 27761521, 27766321, 27766321, 27766321, 27773145, 27773145, 27773145, 27773145, 27773145, 27773145]",0,0,0,NPU,0,0,0,0,0,0,1.0,hot,0,0,0,0,1.0,0
0,177,meta-llama/Llama-3.1-8B,85,646,16225987715,117674915566,101448927851,76400740185,76584350123,44401031,"[27512576, 27512576, 27512576, 27278932, 27278932, 27278932, 27278932, 27278932, 27278932, 27278932, 27278932, 27278932, 27278932, 27278932, 27278932, 27278932, 27278932, 27278932, 79818284, 27232760, 27232760, 27232760, 53638827, 27103283, 27103283, 27103283, 27103283, 27103283, 239786354, 26997779, 26997779, 26997779, 26859940, 368075394, 27061067, 27061067, 27061067, 27061067, 27061067, 27061067, 27061067, 27061067, 27061067, 27061067, 27061067, 27061067, 27061067, 27061067, 27061067, 27061067, 27061067, 27061067, 27061067, 27061067, 27061067, 27061067, 27061067, 26956587, 26956587, 26956587, 26956587, 26956587, 26956587, 26956587, 26956587, 26956587, 26956587, 26956587, 26956587, 26956587, 26956587, 26956587, 26956587, 26956587, 26956587, 26956587, 26956587, 26956587, 26956587, 26956587, 26956587, 26956587, 418906262, 26759908, 26759908, 83361148, 26859940, 26859940, 26859940, 72388148, 132430636, 27278932, 27232760, 27232760, 27232760, 27232760, 27232760, 26997779, 26997779, 26997779, 26997779, 26997779, 26997779, 26997779, 26997779, 26997779, 26997779, 26997779, 1303415979, 26726923, 29985526, 26759908, 27538848, 26759908, 26759908, 26759908, 26759908, 26759908, 26759908, 26759908, 353977118, 26997779, 78829739, 27061067, 27061067, 27061067, 26956587, 26956587, 26956587, 26956587, 26956587, 26956587, 26956587, 26956587, 26956587, 26956587, 26956587, 26956587, 26956587, 26956587, 26956587, 26759908, 26759908, 26759908, 26759908, 317200471, 28422327, 28422327, 1043457658, 25811664, 25811664, 25811664, 25811664, 1178758082, 840137156, 27278932, 27278932, 27278932, 27278932, 37728700, 27512576, 26445624, 26044318, 634413897, 27232760, 27232760, 27232760, 27232760, 27232760, 27232760, 27232760, 27232760, 27232760, 27232760, 27232760, 27232760, 27232760, 26997779, 26997779, 26997779, 26997779, 26997779, 26997779, 26997779, 26997779, 26997779, 104209966, 26956587, 26956587, 26956587, 26956587, 26956587, 26956587, 26956587, 37213903, 26464944, 26464944, 26464944, 26464944, 691808665, 44280725, 27773145, 27773145, 27773145, 27773145, 27773145, 27773145, 27773145, 26759908, 26615821, 25782115, 25782115, 25782115, 25782115, 25782115, 868871710, 25916533, 25668423, 160971421, 27685307, 27685307, 27685307, 27685307, 27685307, 27685307, 27685307, 27685307, 27512576, 27278932, 27278932, 27278932, 27278932, 27278932, 27278932, 27278932, 27278932, 27278932, 27278932, 27278932, 27278932, 27278932, 27278932, 27278932, 27278932, 27278932, 27278932, 27278932, 27278932, 27278932, 27278932, 27278932, 27278932, 27278932, 27278932, 27278932, 27278932, 27278932, 27278932, 27278932, 27278932, 27278932, 27278932, 27278932, 27278932, 27278932, 27232760, 27232760, 27232760, 27232760, 27232760, 27232760, 27232760, 27232760, 27232760, 27232760, 27232760, 27232760, 27232760, 27232760, 27232760, 27232760, 27232760, 231272445, 25304821, 25304821, 25304821, 25304821, 25304821, 25304821, 25304821, 233672749, 26956587, 26956587, 26956587, 26956587, 26956587, 26380886, 26380886, 235402051, 26759908, 26759908, 26759908, 31383627, 26759908, 25921863, 25335007, 25648437, 25648437, 25648437, 25648437, 25648437, 25648437, 25648437, 25648437, 31350642, 26726923, 26726923, 26726923, 26726923, 26726923, 26726923, 25454110, 25454110, 25859550, 25859550, 25859550, 25859550, 25859550, 25859550, 25859550, 28372897, 25846330, 25846330, 25846330, 25846330, 25846330, 25846330, 25846330, 25846330, 25921863, 25921863, 25921863, 25921863, 25921863, 25921863, 25921863, 28448430, 25921863, 25921863, 25921863, 25921863, 25921863, 25921863, 25921863, 25921863, 25921863, 25921863, 25921863, 25921863, 25921863, 25921863, 26049543, 30919374, 26645180, 26645180, 26645180, 26645180, 26454608, 26454608, 26454608, 26454608, 26454608, 26454608, 33366051, 26645180, 26645180, 35958527, 26729656, 28471920, 26294878, 26294878, 26294878, 26294878, 26294878, 26294878, 26294878, 26294878, 26370142, 26370142, 26370142, 26370142, 26370142, 26370142, 26370142, 31268899, 26645180, 26645180, 26645180, 26645180, 26645180, 31268899, 242757146, 26790979, 26790979, 26475376, 26475376, 26475376, 26475376, 26475376, 26475376, 56055839, 26615821, 26615821, 26615821, 26615821, 26615821, 26615821, 26615821, 26615821, 26615821, 26615821, 26615821, 26615821, 26615821, 79930573, 26759908, 26759908, 26759908, 26759908, 26759908, 26759908, 26726923, 26726923, 26726923, 26726923, 26726923, 26726923, 26726923, 26726923, 26726923, 26726923, 26726923, 26726923, 26726923, 26726923, 26726923, 26695203, 26695203, 26695203, 26695203, 26695203, 26615821, 26615821, 26706189, 26706189, 26706189, 26706189, 26706189, 26706189, 26706189, 26706189, 26706189, 26706189, 26706189, 26706189, 26706189, 26706189, 26706189, 26706189, 26706189, 152591494, 26706189, 26706189, 95706700, 234765356, 25732479, 25732479, 25732479, 25732479, 25732479, 25732479, 25732479, 25732479, 25679419, 25679419, 25679419, 25679419, 25679419, 25679419, 25679419, 39725272, 27761521, 27761521, 27761521, 27761521, 27761521, 27766321, 27766321, 27766321, 27773145, 27773145, 27773145, 27773145, 27773145, 27773145, 27685307, 27685307, 27685307, 25829685, 25829685, 25829685, 25829685, 25829685, 25829685, 25829685, 25829685, 25829685, 25829685, 25829685, 25829685, 25829685, 25829685, 27307676, 25648437, 25648437, 25648437, 25648437, 25648437, 25648437, 25648437, 25648437, 25648437, 25648437, 25648437, 25904021, 25904021, 25904021, 25904021, 26458359, 25679419, 25679419, 25679419, 25679419, 25679419, 25679419, 25679419, 25679419, 25763867, 25763867, 25763867, 25763867, 25763867, 25763867, 25763867, 30108852, 27232760, 26695203, 26535544, 26437374, 25853850]",0,0,0,NPU,0,0,0,0,0,0,1.0,hot,0,0,0,0,1.0,0
0,190,meta-llama/Llama-3.1-8B,543,881,17540585529,118408306601,100867721072,81027530735,81381507853,57822591,"[26997779, 78829739, 27061067, 27061067, 27061067, 26956587, 26956587, 26956587, 26956587, 26956587, 26956587, 26956587, 26956587, 26956587, 26956587, 26956587, 26956587, 26956587, 26956587, 26956587, 26759908, 26759908, 26759908, 26759908, 317200471, 28422327, 28422327, 1043457658, 1282004738, 840137156, 27278932, 27278932, 27278932, 27278932, 37728700, 27512576, 686903839, 27232760, 27232760, 27232760, 27232760, 27232760, 27232760, 27232760, 27232760, 27232760, 27232760, 27232760, 27232760, 27232760, 26997779, 26997779, 26997779, 26997779, 26997779, 26997779, 26997779, 26997779, 26997779, 104209966, 26956587, 26956587, 26956587, 26956587, 26956587, 26956587, 26956587, 37213903, 797668441, 44280725, 27773145, 27773145, 27773145, 27773145, 27773145, 27773145, 27773145, 26759908, 26615821, 997782285, 212556377, 27685307, 27685307, 27685307, 27685307, 27685307, 27685307, 27685307, 27685307, 27512576, 27278932, 27278932, 27278932, 27278932, 27278932, 27278932, 27278932, 27278932, 27278932, 27278932, 27278932, 27278932, 27278932, 27278932, 27278932, 27278932, 27278932, 27278932, 27278932, 27278932, 27278932, 27278932, 27278932, 27278932, 27278932, 27278932, 27278932, 27278932, 27278932, 27278932, 27278932, 27278932, 27278932, 27278932, 27278932, 27278932, 27278932, 27232760, 27232760, 27232760, 27232760, 27232760, 27232760, 27232760, 27232760, 27232760, 27232760, 27232760, 27232760, 27232760, 27232760, 27232760, 27232760, 27232760, 231272445, 410806496, 26956587, 26956587, 26956587, 26956587, 26956587, 26380886, 26380886, 235402051, 26759908, 26759908, 26759908, 31383627, 26759908, 287795008, 26726923, 26726923, 26726923, 26726923, 26726923, 26726923, 1096845077, 26645180, 26645180, 26645180, 26645180, 26454608, 26454608, 26454608, 26454608, 26454608, 26454608, 33366051, 26645180, 26645180, 35958527, 26729656, 454690837, 26645180, 26645180, 26645180, 26645180, 26645180, 31268899, 242757146, 26790979, 26790979, 26475376, 26475376, 26475376, 26475376, 26475376, 26475376, 56055839, 26615821, 26615821, 26615821, 26615821, 26615821, 26615821, 26615821, 26615821, 26615821, 26615821, 26615821, 26615821, 26615821, 79930573, 26759908, 26759908, 26759908, 26759908, 26759908, 26759908, 26726923, 26726923, 26726923, 26726923, 26726923, 26726923, 26726923, 26726923, 26726923, 26726923, 26726923, 26726923, 26726923, 26726923, 26726923, 26695203, 26695203, 26695203, 26695203, 26695203, 26615821, 26615821, 26706189, 26706189, 26706189, 26706189, 26706189, 26706189, 26706189, 26706189, 26706189, 26706189, 26706189, 26706189, 26706189, 26706189, 26706189, 26706189, 26706189, 152591494, 26706189, 26706189, 95706700, 234765356, 25732479, 25732479, 25732479, 25732479, 25732479, 25732479, 25732479, 25732479, 219481205, 27761521, 27761521, 27761521, 27761521, 27761521, 27766321, 27766321, 27766321, 27773145, 27773145, 27773145, 27773145, 27773145, 27773145, 27685307, 27685307, 27685307, 25829685, 25829685, 25829685, 25829685, 25829685, 25829685, 25829685, 25829685, 25829685, 25829685, 25829685, 25829685, 25829685, 25829685, 27307676, 828098523, 27232760, 26695203, 26535544, 26437374, 25853850, 32485820, 27512576, 27512576, 27512576, 27512576, 27512576, 27512576, 27512576, 27512576, 27512576, 27512576, 27512576, 27512576, 27512576, 26437374, 26437374, 26368885, 26368885, 26368885, 26368885, 26368885, 26368885, 26368885, 25829685, 25829685, 25929013, 28196401]",0,0,0,NPU,0,0,0,0,0,0,1.0,hot,0,0,0,0,1.0,0
0,223,meta-llama/Llama-3.1-8B,536,545,20696930340,118642118587,97945188247,94496300954,94731066310,401765242,"[3021533905, 27512576, 27512576, 27512576, 27512576, 27512576, 27512576, 27512576]",0,0,0,PCIE_NVME,0,71303168,0,71303168,71303168,71303168,1.0,hot,0,0,0,0,1.0,142606336
0,186,meta-llama/Llama-3.1-8B,23,506,17346684034,120456145315,103109461281,78954448605,79026836753,49963951,"[132430636, 27278932, 27232760, 27232760, 27232760, 27232760, 27232760, 26997779, 26997779, 26997779, 26997779, 26997779, 26997779, 26997779, 26997779, 26997779, 26997779, 26997779, 1360128428, 26759908, 27538848, 26759908, 26759908, 26759908, 26759908, 26759908, 26759908, 26759908, 353977118, 26997779, 78829739, 27061067, 27061067, 27061067, 26956587, 26956587, 26956587, 26956587, 26956587, 26956587, 26956587, 26956587, 26956587, 26956587, 26956587, 26956587, 26956587, 26956587, 26956587, 26759908, 26759908, 26759908, 26759908, 317200471, 28422327, 28422327, 1043457658, 1282004738, 840137156, 27278932, 27278932, 27278932, 27278932, 37728700, 27512576, 686903839, 27232760, 27232760, 27232760, 27232760, 27232760, 27232760, 27232760, 27232760, 27232760, 27232760, 27232760, 27232760, 27232760, 26997779, 26997779, 26997779, 26997779, 26997779, 26997779, 26997779, 26997779, 26997779, 104209966, 26956587, 26956587, 26956587, 26956587, 26956587, 26956587, 26956587, 37213903, 797668441, 44280725, 27773145, 27773145, 27773145, 27773145, 27773145, 27773145, 27773145, 26759908, 26615821, 25782115, 25782115, 25782115, 25782115, 25782115, 868871710, 212556377, 27685307, 27685307, 27685307, 27685307, 27685307, 27685307, 27685307, 27685307, 27512576, 27278932, 27278932, 27278932, 27278932, 27278932, 27278932, 27278932, 27278932, 27278932, 27278932, 27278932, 27278932, 27278932, 27278932, 27278932, 27278932, 27278932, 27278932, 27278932, 27278932, 27278932, 27278932, 27278932, 27278932, 27278932, 27278932, 27278932, 27278932, 27278932, 27278932, 27278932, 27278932, 27278932, 27278932, 27278932, 27278932, 27278932, 27232760, 27232760, 27232760, 27232760, 27232760, 27232760, 27232760, 27232760, 27232760, 27232760, 27232760, 27232760, 27232760, 27232760, 27232760, 27232760, 27232760, 231272445, 410806496, 26956587, 26956587, 26956587, 26956587, 26956587, 26380886, 26380886, 235402051, 26759908, 26759908, 26759908, 31383627, 26759908, 287795008, 26726923, 26726923, 26726923, 26726923, 26726923, 26726923, 1096845077, 26645180, 26645180, 26645180, 26645180, 26454608, 26454608, 26454608, 26454608, 26454608, 26454608, 33366051, 26645180, 26645180, 35958527, 26729656, 454690837, 26645180, 26645180, 26645180, 26645180, 26645180, 31268899, 242757146, 26790979, 26790979, 26475376, 26475376, 26475376, 26475376, 26475376, 26475376, 56055839, 26615821, 26615821, 26615821, 26615821, 26615821, 26615821, 26615821, 26615821, 26615821, 26615821, 26615821, 26615821, 26615821, 79930573, 26759908, 26759908, 26759908, 26759908, 26759908, 26759908, 26726923, 26726923, 26726923, 26726923, 26726923, 26726923, 26726923, 26726923, 26726923, 26726923, 26726923, 26726923, 26726923, 26726923, 26726923, 26695203, 26695203, 26695203, 26695203, 26695203, 26615821, 26615821, 26706189, 26706189, 26706189, 26706189, 26706189, 26706189, 26706189, 26706189, 26706189, 26706189, 26706189, 26706189, 26706189, 26706189, 26706189, 26706189, 26706189, 152591494, 26706189, 26706189, 95706700, 234765356, 25732479, 25732479, 25732479, 25732479, 25732479, 25732479, 25732479, 25732479, 25679419, 25679419, 25679419, 25679419, 25679419, 25679419, 25679419, 39725272, 27761521, 27761521, 27761521, 27761521, 27761521, 27766321, 27766321, 27766321, 27773145, 27773145, 27773145, 27773145, 27773145, 27773145, 27685307, 27685307, 27685307, 25829685, 25829685, 25829685, 25829685, 25829685, 25829685, 25829685, 25829685, 25829685, 25829685, 25829685, 25829685, 25829685, 25829685, 27307676, 25648437, 25648437, 25648437, 25648437, 25648437, 25648437, 25648437, 25648437, 25648437, 25648437, 25648437, 25904021, 25904021, 25904021, 25904021, 26458359, 25679419, 25679419, 25679419, 25679419, 25679419, 25679419, 25679419, 25679419, 25763867, 25763867, 25763867, 25763867, 25763867, 25763867, 25763867, 30108852, 27232760, 26695203, 26535544, 26437374, 25853850, 32485820, 27512576, 27512576, 27512576, 27512576, 27512576, 27512576, 27512576, 27512576, 27512576, 27512576, 27512576, 27512576, 27512576, 26437374, 26437374, 26368885, 26368885, 26368885, 26368885, 26368885, 26368885, 26368885, 25829685, 25829685, 25929013, 28196401, 41223954, 27512576, 27512576, 27512576, 27512576, 27512576, 27512576, 27512576, 99560256, 27512576, 27512576, 27512576, 27512576, 27512576, 27278932, 37844582, 27278932, 27278932, 27278932, 27278932, 27278932, 27278932, 27278932, 27278932, 27278932, 27278932, 27278932, 27278932, 27278932, 27278932, 27278932, 26253855, 26600885, 26600885, 26600885, 26600885, 26600885, 26600885, 26600885, 26600885, 26600885, 26600885, 26600885, 26600885, 26600885, 26600885, 26600885, 29759327, 25829685, 25829685, 25829685, 25829685, 25829685, 25829685, 25829685, 25829685, 25829685, 25829685, 25829685, 25829685, 25829685, 25829685, 25829685, 27657201, 25829685, 25829685, 25829685, 25829685, 25829685, 25829685, 25829685, 25829685, 25829685]",0,0,0,PCIE_NVME,0,6291456,0,6291456,6291456,6291456,1.0,hot,0,0,0,0,1.0,12582912
0,191,meta-llama/Llama-3.1-8B,1009,1392,17768097851,120623816069,102855718218,81852394687,82169595158,54152154,"[28422327, 28422327, 1043457658, 1282004738, 840137156, 27278932, 27278932, 27278932, 27278932, 37728700, 27512576, 686903839, 27232760, 27232760, 27232760, 27232760, 27232760, 27232760, 27232760, 27232760, 27232760, 27232760, 27232760, 27232760, 27232760, 26997779, 26997779, 26997779, 26997779, 26997779, 26997779, 26997779, 26997779, 26997779, 104209966, 26956587, 26956587, 26956587, 26956587, 26956587, 26956587, 26956587, 37213903, 797668441, 44280725, 27773145, 27773145, 27773145, 27773145, 27773145, 27773145, 27773145, 26759908, 26615821, 997782285, 212556377, 27685307, 27685307, 27685307, 27685307, 27685307, 27685307, 27685307, 27685307, 27512576, 27278932, 27278932, 27278932, 27278932, 27278932, 27278932, 27278932, 27278932, 27278932, 27278932, 27278932, 27278932, 27278932, 27278932, 27278932, 27278932, 27278932, 27278932, 27278932, 27278932, 27278932, 27278932, 27278932, 27278932, 27278932, 27278932, 27278932, 27278932, 27278932, 27278932, 27278932, 27278932, 27278932, 27278932, 27278932, 27278932, 27278932, 27232760, 27232760, 27232760, 27232760, 27232760, 27232760, 27232760, 27232760, 27232760, 27232760, 27232760, 27232760, 27232760, 27232760, 27232760, 27232760, 27232760, 231272445, 410806496, 26956587, 26956587, 26956587, 26956587, 26956587, 26380886, 26380886, 235402051, 26759908, 26759908, 26759908, 31383627, 26759908, 287795008, 26726923, 26726923, 26726923, 26726923, 26726923, 26726923, 1096845077, 26645180, 26645180, 26645180, 26645180, 26454608, 26454608, 26454608, 26454608, 26454608, 26454608, 33366051, 26645180, 26645180, 35958527, 26729656, 454690837, 26645180, 26645180, 26645180, 26645180, 26645180, 31268899, 242757146, 26790979, 26790979, 26475376, 26475376, 26475376, 26475376, 26475376, 26475376, 56055839, 26615821, 26615821, 26615821, 26615821, 26615821, 26615821, 26615821, 26615821, 26615821, 26615821, 26615821, 26615821, 26615821, 79930573, 26759908, 26759908, 26759908, 26759908, 26759908, 26759908, 26726923, 26726923, 26726923, 26726923, 26726923, 26726923, 26726923, 26726923, 26726923, 26726923, 26726923, 26726923, 26726923, 26726923, 26726923, 26695203, 26695203, 26695203, 26695203, 26695203, 26615821, 26615821, 26706189, 26706189, 26706189, 26706189, 26706189, 26706189, 26706189, 26706189, 26706189, 26706189, 26706189, 26706189, 26706189, 26706189, 26706189, 26706189, 26706189, 152591494, 26706189, 26706189, 95706700, 234765356, 425341037, 27761521, 27761521, 27761521, 27761521, 27761521, 27766321, 27766321, 27766321, 27773145, 27773145, 27773145, 27773145, 27773145, 27773145, 27685307, 27685307, 27685307, 25829685, 25829685, 25829685, 25829685, 25829685, 25829685, 25829685, 25829685, 25829685, 25829685, 25829685, 25829685, 25829685, 25829685, 27307676, 828098523, 27232760, 26695203, 26535544, 26437374, 25853850, 32485820, 27512576, 27512576, 27512576, 27512576, 27512576, 27512576, 27512576, 27512576, 27512576, 27512576, 27512576, 27512576, 27512576, 26437374, 26437374, 26368885, 26368885, 26368885, 26368885, 26368885, 26368885, 26368885, 25829685, 25829685, 54125414, 41223954, 27512576, 27512576, 27512576, 27512576, 27512576, 27512576, 27512576, 99560256, 27512576, 27512576, 27512576, 27512576, 27512576, 27278932, 37844582, 27278932, 27278932, 27278932, 27278932, 27278932, 27278932, 27278932, 27278932, 27278932, 27278932, 27278932, 27278932, 27278932, 27278932, 27278932, 26253855, 26600885, 26600885, 26600885, 26600885, 26600885, 26600885, 26600885, 26600885, 26600885, 26600885, 26600885, 26600885, 26600885, 26600885, 26600885, 29759327, 25829685, 25829685, 25829685, 25829685, 25829685, 25829685, 25829685, 25829685, 25829685, 25829685, 25829685, 25829685, 25829685, 25829685, 25829685, 27657201, 25829685, 25829685, 25829685, 25829685, 25829685, 25829685, 25829685, 25829685, 25829685, 31506954, 27232760, 27232760, 27232760, 27232760, 27232760]",0,0,0,NPU,0,0,0,0,0,0,1.0,hot,0,0,0,0,1.0,0
0,195,meta-llama/Llama-3.1-8B,82,456,18183403695,121409023289,103225619594,81437088843,81754289314,57563888,"[28422327, 28422327, 1043457658, 1282004738, 840137156, 27278932, 27278932, 27278932, 27278932, 37728700, 27512576, 686903839, 27232760, 27232760, 27232760, 27232760, 27232760, 27232760, 27232760, 27232760, 27232760, 27232760, 27232760, 27232760, 27232760, 26997779, 26997779, 26997779, 26997779, 26997779, 26997779, 26997779, 26997779, 26997779, 104209966, 26956587, 26956587, 26956587, 26956587, 26956587, 26956587, 26956587, 37213903, 797668441, 44280725, 27773145, 27773145, 27773145, 27773145, 27773145, 27773145, 27773145, 26759908, 1024398106, 212556377, 27685307, 27685307, 27685307, 27685307, 27685307, 27685307, 27685307, 27685307, 27512576, 27278932, 27278932, 27278932, 27278932, 27278932, 27278932, 27278932, 27278932, 27278932, 27278932, 27278932, 27278932, 27278932, 27278932, 27278932, 27278932, 27278932, 27278932, 27278932, 27278932, 27278932, 27278932, 27278932, 27278932, 27278932, 27278932, 27278932, 27278932, 27278932, 27278932, 27278932, 27278932, 27278932, 27278932, 27278932, 27278932, 27278932, 27232760, 27232760, 27232760, 27232760, 27232760, 27232760, 27232760, 27232760, 27232760, 27232760, 27232760, 27232760, 27232760, 27232760, 27232760, 27232760, 27232760, 231272445, 410806496, 26956587, 26956587, 26956587, 26956587, 26956587, 288163823, 26759908, 26759908, 26759908, 31383627, 26759908, 287795008, 26726923, 26726923, 26726923, 26726923, 26726923, 26726923, 1096845077, 26645180, 26645180, 26645180, 26645180, 26454608, 26454608, 26454608, 26454608, 26454608, 26454608, 33366051, 26645180, 26645180, 35958527, 26729656, 454690837, 26645180, 26645180, 26645180, 26645180, 26645180, 31268899, 242757146, 26790979, 26790979, 26475376, 26475376, 26475376, 26475376, 26475376, 26475376, 56055839, 26615821, 26615821, 26615821, 26615821, 26615821, 26615821, 26615821, 26615821, 26615821, 26615821, 26615821, 26615821, 26615821, 79930573, 26759908, 26759908, 26759908, 26759908, 26759908, 26759908, 26726923, 26726923, 26726923, 26726923, 26726923, 26726923, 26726923, 26726923, 26726923, 26726923, 26726923, 26726923, 26726923, 26726923, 26726923, 26695203, 26695203, 26695203, 26695203, 26695203, 26615821, 26615821, 26706189, 26706189, 26706189, 26706189, 26706189, 26706189, 26706189, 26706189, 26706189, 26706189, 26706189, 26706189, 26706189, 26706189, 26706189, 26706189, 26706189, 152591494, 26706189, 26706189, 95706700, 234765356, 425341037, 27761521, 27761521, 27761521, 27761521, 27761521, 27766321, 27766321, 27766321, 27773145, 27773145, 27773145, 27773145, 27773145, 27773145, 27685307, 27685307, 27685307, 1217021789, 27232760, 26695203, 26535544, 26437374, 25853850, 32485820, 27512576, 27512576, 27512576, 27512576, 27512576, 27512576, 27512576, 27512576, 27512576, 27512576, 27512576, 27512576, 27512576, 26437374, 26437374, 26368885, 26368885, 26368885, 26368885, 26368885, 26368885, 26368885, 25829685, 25829685, 54125414, 41223954, 27512576, 27512576, 27512576, 27512576, 27512576, 27512576, 27512576, 99560256, 27512576, 27512576, 27512576, 27512576, 27512576, 27278932, 37844582, 27278932, 27278932, 27278932, 27278932, 27278932, 27278932, 27278932, 27278932, 27278932, 27278932, 27278932, 27278932, 27278932, 27278932, 27278932, 26253855, 428772602, 25829685, 25829685, 25829685, 25829685, 25829685, 25829685, 25829685, 25829685, 25829685, 25829685, 25829685, 25829685, 25829685, 25829685, 25829685, 27657201, 25829685, 25829685, 25829685, 25829685, 25829685, 25829685, 25829685, 25829685, 25829685, 31506954, 27232760, 27232760, 27232760, 27232760, 27232760, 145361336, 27773145, 27773145, 27773145, 27773145, 27773145, 27773145, 27773145, 27773145, 27773145, 27773145, 27773145, 26287926, 26287926, 25732479, 25732479, 36503330, 27685307, 27685307, 27685307, 27685307, 27685307, 27685307, 27685307]",0,0,0,NPU,0,0,0,0,0,0,1.0,hot,0,0,0,0,1.0,0
0,202,meta-llama/Llama-3.1-8B,9,263,19038879108,121730679519,102691800411,80581613430,80898813901,86138286,"[28422327, 28422327, 5795935430, 27773145, 27773145, 27773145, 27773145, 27773145, 27773145, 27773145, 1263714391, 27685307, 27685307, 27685307, 27685307, 27685307, 27685307, 27685307, 27685307, 27512576, 27278932, 27278932, 27278932, 27278932, 27278932, 27278932, 27278932, 27278932, 27278932, 27278932, 27278932, 27278932, 27278932, 27278932, 27278932, 27278932, 27278932, 27278932, 27278932, 27278932, 27278932, 27278932, 27278932, 27278932, 27278932, 27278932, 27278932, 27278932, 27278932, 27278932, 27278932, 27278932, 27278932, 27278932, 27278932, 27278932, 27278932, 27232760, 27232760, 27232760, 27232760, 27232760, 27232760, 27232760, 27232760, 27232760, 27232760, 27232760, 27232760, 27232760, 27232760, 27232760, 27232760, 27232760, 231272445, 2905101442, 888672438, 26790979, 26790979, 214908095, 26615821, 26615821, 26615821, 26615821, 26615821, 26615821, 26615821, 26615821, 26615821, 26615821, 26615821, 26615821, 26615821, 79930573, 26759908, 26759908, 26759908, 26759908, 26759908, 26759908, 26726923, 26726923, 26726923, 26726923, 26726923, 26726923, 26726923, 26726923, 26726923, 26726923, 26726923, 26726923, 26726923, 26726923, 26726923, 26695203, 26695203, 26695203, 26695203, 26695203, 26615821, 26615821, 26706189, 26706189, 26706189, 26706189, 26706189, 26706189, 26706189, 26706189, 26706189, 26706189, 26706189, 26706189, 26706189, 26706189, 26706189, 26706189, 26706189, 152591494, 26706189, 26706189, 95706700, 234765356, 425341037, 27761521, 27761521, 27761521, 27761521, 27761521, 27766321, 27766321, 27766321, 27773145, 27773145, 27773145, 27773145, 27773145, 27773145, 27685307, 27685307, 27685307, 1217021789, 27232760, 26695203, 26535544, 84777044, 27512576, 27512576, 27512576, 27512576, 27512576, 27512576, 27512576, 27512576, 27512576, 27512576, 27512576, 27512576, 27512576, 26437374, 26437374, 331590933, 27512576, 27512576, 27512576, 27512576, 27512576, 27512576, 27512576, 99560256, 27512576, 27512576, 27512576, 27512576, 27512576, 27278932, 37844582, 27278932, 27278932, 27278932, 27278932, 27278932, 27278932, 27278932, 27278932, 27278932, 27278932, 27278932, 27278932, 27278932, 27278932, 27278932, 455026457, 679076595, 27232760, 27232760, 27232760, 27232760, 27232760, 145361336, 27773145, 27773145, 27773145, 27773145, 27773145, 27773145, 27773145, 27773145, 27773145, 27773145, 27773145, 26287926, 26287926, 87968288, 27685307, 27685307, 27685307, 27685307, 27685307, 27685307, 27685307, 36503330, 27685307, 27685307, 27685307, 27685307, 27685307, 27685307, 27685307, 36330599, 27512576, 27512576]",0,0,0,PCIE_NVME,0,31457280,0,31457280,31457280,31457280,1.0,hot,0,0,0,0,1.0,62914560
0,187,meta-llama/Llama-3.1-8B,5,515,17427697270,122176293203,104748595933,78873435369,78945823517,50693069,"[132430636, 27278932, 27232760, 27232760, 27232760, 27232760, 27232760, 26997779, 26997779, 26997779, 26997779, 26997779, 26997779, 26997779, 26997779, 26997779, 26997779, 26997779, 1414427184, 26759908, 26759908, 26759908, 26759908, 26759908, 26759908, 26759908, 353977118, 26997779, 78829739, 27061067, 27061067, 27061067, 26956587, 26956587, 26956587, 26956587, 26956587, 26956587, 26956587, 26956587, 26956587, 26956587, 26956587, 26956587, 26956587, 26956587, 26956587, 26759908, 26759908, 26759908, 26759908, 317200471, 28422327, 28422327, 1043457658, 1282004738, 840137156, 27278932, 27278932, 27278932, 27278932, 37728700, 27512576, 686903839, 27232760, 27232760, 27232760, 27232760, 27232760, 27232760, 27232760, 27232760, 27232760, 27232760, 27232760, 27232760, 27232760, 26997779, 26997779, 26997779, 26997779, 26997779, 26997779, 26997779, 26997779, 26997779, 104209966, 26956587, 26956587, 26956587, 26956587, 26956587, 26956587, 26956587, 37213903, 797668441, 44280725, 27773145, 27773145, 27773145, 27773145, 27773145, 27773145, 27773145, 26759908, 26615821, 997782285, 212556377, 27685307, 27685307, 27685307, 27685307, 27685307, 27685307, 27685307, 27685307, 27512576, 27278932, 27278932, 27278932, 27278932, 27278932, 27278932, 27278932, 27278932, 27278932, 27278932, 27278932, 27278932, 27278932, 27278932, 27278932, 27278932, 27278932, 27278932, 27278932, 27278932, 27278932, 27278932, 27278932, 27278932, 27278932, 27278932, 27278932, 27278932, 27278932, 27278932, 27278932, 27278932, 27278932, 27278932, 27278932, 27278932, 27278932, 27232760, 27232760, 27232760, 27232760, 27232760, 27232760, 27232760, 27232760, 27232760, 27232760, 27232760, 27232760, 27232760, 27232760, 27232760, 27232760, 27232760, 231272445, 410806496, 26956587, 26956587, 26956587, 26956587, 26956587, 26380886, 26380886, 235402051, 26759908, 26759908, 26759908, 31383627, 26759908, 287795008, 26726923, 26726923, 26726923, 26726923, 26726923, 26726923, 1096845077, 26645180, 26645180, 26645180, 26645180, 26454608, 26454608, 26454608, 26454608, 26454608, 26454608, 33366051, 26645180, 26645180, 35958527, 26729656, 454690837, 26645180, 26645180, 26645180, 26645180, 26645180, 31268899, 242757146, 26790979, 26790979, 26475376, 26475376, 26475376, 26475376, 26475376, 26475376, 56055839, 26615821, 26615821, 26615821, 26615821, 26615821, 26615821, 26615821, 26615821, 26615821, 26615821, 26615821, 26615821, 26615821, 79930573, 26759908, 26759908, 26759908, 26759908, 26759908, 26759908, 26726923, 26726923, 26726923, 26726923, 26726923, 26726923, 26726923, 26726923, 26726923, 26726923, 26726923, 26726923, 26726923, 26726923, 26726923, 26695203, 26695203, 26695203, 26695203, 26695203, 26615821, 26615821, 26706189, 26706189, 26706189, 26706189, 26706189, 26706189, 26706189, 26706189, 26706189, 26706189, 26706189, 26706189, 26706189, 26706189, 26706189, 26706189, 26706189, 152591494, 26706189, 26706189, 95706700, 234765356, 25732479, 25732479, 25732479, 25732479, 25732479, 25732479, 25732479, 25732479, 219481205, 27761521, 27761521, 27761521, 27761521, 27761521, 27766321, 27766321, 27766321, 27773145, 27773145, 27773145, 27773145, 27773145, 27773145, 27685307, 27685307, 27685307, 25829685, 25829685, 25829685, 25829685, 25829685, 25829685, 25829685, 25829685, 25829685, 25829685, 25829685, 25829685, 25829685, 25829685, 27307676, 25648437, 25648437, 25648437, 25648437, 25648437, 25648437, 25648437, 25648437, 25648437, 25648437, 25648437, 25904021, 25904021, 25904021, 25904021, 442349632, 27232760, 26695203, 26535544, 26437374, 25853850, 32485820, 27512576, 27512576, 27512576, 27512576, 27512576, 27512576, 27512576, 27512576, 27512576, 27512576, 27512576, 27512576, 27512576, 26437374, 26437374, 26368885, 26368885, 26368885, 26368885, 26368885, 26368885, 26368885, 25829685, 25829685, 25929013, 28196401, 41223954, 27512576, 27512576, 27512576, 27512576, 27512576, 27512576, 27512576, 99560256, 27512576, 27512576, 27512576, 27512576, 27512576, 27278932, 37844582, 27278932, 27278932, 27278932, 27278932, 27278932, 27278932, 27278932, 27278932, 27278932, 27278932, 27278932, 27278932, 27278932, 27278932, 27278932, 26253855, 26600885, 26600885, 26600885, 26600885, 26600885, 26600885, 26600885, 26600885, 26600885, 26600885, 26600885, 26600885, 26600885, 26600885, 26600885, 29759327, 25829685, 25829685, 25829685, 25829685, 25829685, 25829685, 25829685, 25829685, 25829685, 25829685, 25829685, 25829685, 25829685, 25829685, 25829685, 27657201, 25829685, 25829685, 25829685, 25829685, 25829685, 25829685, 25829685, 25829685, 25829685, 31506954, 27232760, 27232760, 27232760, 27232760, 27232760, 145361336, 27773145, 27773145, 27773145, 27773145, 27773145, 27773145, 27773145, 27773145, 27773145, 27773145, 27773145, 26287926, 26287926, 25732479, 25732479, 36503330, 27685307, 27685307, 27685307, 27685307, 27685307, 27685307, 27685307, 36503330, 27685307, 27685307, 27685307, 27685307, 27685307, 27685307, 27685307, 36330599, 27512576, 27512576, 36330599, 27512576, 27512576, 27512576, 27512576, 26349776, 25782115, 26016091, 26016091, 26016091, 26016091, 26016091, 26016091, 36446480, 27278932, 27278932]",0,0,0,PCIE_NVME,0,4194304,0,4194304,4194304,4194304,1.0,hot,0,0,0,0,1.0,8388608
0,216,meta-llama/Llama-3.1-8B,179,303,20018758503,122512807935,102494049432,95174472791,95409238147,57600091,"[425341037, 27761521, 27761521, 27761521, 27761521, 27761521, 27766321, 27766321, 27766321, 27773145, 27773145, 27773145, 27773145, 27773145, 27773145, 27685307, 27685307, 27685307, 1217021789, 27232760, 138007791, 27512576, 27512576, 27512576, 27512576, 27512576, 27512576, 27512576, 27512576, 27512576, 27512576, 27512576, 27512576, 27512576, 384465681, 27512576, 27512576, 27512576, 27512576, 27512576, 27512576, 27512576, 99560256, 27512576, 27512576, 27512576, 27512576, 27512576, 27278932, 37844582, 27278932, 27278932, 27278932, 27278932, 27278932, 27278932, 27278932, 27278932, 27278932, 27278932, 27278932, 27278932, 27278932, 27278932, 27278932, 455026457, 679076595, 27232760, 27232760, 27232760, 27232760, 27232760, 145361336, 27773145, 27773145, 27773145, 27773145, 27773145, 27773145, 27773145, 27773145, 27773145, 27773145, 27773145, 140544140, 27685307, 27685307, 27685307, 27685307, 27685307, 27685307, 27685307, 36503330, 27685307, 27685307, 27685307, 27685307, 27685307, 27685307, 27685307, 36330599, 27512576, 27512576, 36330599, 27512576, 27512576, 27512576, 27512576, 244674917, 27278932, 27278932, 36446480, 27278932, 27278932, 27278932, 27278932, 27278932, 27278932, 27278932, 27278932, 27278932, 27278932, 27278932]",0,0,0,NPU,0,0,0,0,0,0,1.0,hot,0,0,0,0,1.0,0
0,210,meta-llama/Llama-3.1-8B,245,397,19579100248,123120140494,103541040246,95518424346,95614131046,52496087,"[234765356, 425341037, 27761521, 27761521, 27761521, 27761521, 27761521, 27766321, 27766321, 27766321, 27773145, 27773145, 27773145, 27773145, 27773145, 27773145, 27685307, 27685307, 27685307, 1217021789, 27232760, 26695203, 111312588, 27512576, 27512576, 27512576, 27512576, 27512576, 27512576, 27512576, 27512576, 27512576, 27512576, 27512576, 27512576, 27512576, 384465681, 27512576, 27512576, 27512576, 27512576, 27512576, 27512576, 27512576, 99560256, 27512576, 27512576, 27512576, 27512576, 27512576, 27278932, 37844582, 27278932, 27278932, 27278932, 27278932, 27278932, 27278932, 27278932, 27278932, 27278932, 27278932, 27278932, 27278932, 27278932, 27278932, 27278932, 455026457, 679076595, 27232760, 27232760, 27232760, 27232760, 27232760, 145361336, 27773145, 27773145, 27773145, 27773145, 27773145, 27773145, 27773145, 27773145, 27773145, 27773145, 27773145, 26287926, 26287926, 87968288, 27685307, 27685307, 27685307, 27685307, 27685307, 27685307, 27685307, 36503330, 27685307, 27685307, 27685307, 27685307, 27685307, 27685307, 27685307, 36330599, 27512576, 27512576, 36330599, 27512576, 27512576, 27512576, 27512576, 26349776, 25782115, 192543026, 27278932, 27278932, 36446480, 27278932, 27278932, 27278932, 27278932, 27278932, 27278932, 27278932, 27278932, 27278932, 27278932, 27278932, 27232760, 27232760, 27232760, 27232760, 27232760, 27232760, 27232760, 27232760, 27232760, 27232760, 27232760, 27232760, 27232760, 27232760, 27232760, 26956587, 26956587, 36620357, 27103283, 27103283, 27103283, 26997779]",0,0,0,NPU,0,0,0,0,0,0,1.0,hot,0,0,0,0,1.0,0
0,201,meta-llama/Llama-3.1-8B,120,434,19021249687,123291644242,104270394555,80599242851,80916443322,74613262,"[28422327, 28422327, 5795935430, 27773145, 27773145, 27773145, 27773145, 27773145, 27773145, 27773145, 1263714391, 27685307, 27685307, 27685307, 27685307, 27685307, 27685307, 27685307, 27685307, 27512576, 27278932, 27278932, 27278932, 27278932, 27278932, 27278932, 27278932, 27278932, 27278932, 27278932, 27278932, 27278932, 27278932, 27278932, 27278932, 27278932, 27278932, 27278932, 27278932, 27278932, 27278932, 27278932, 27278932, 27278932, 27278932, 27278932, 27278932, 27278932, 27278932, 27278932, 27278932, 27278932, 27278932, 27278932, 27278932, 27278932, 27278932, 27232760, 27232760, 27232760, 27232760, 27232760, 27232760, 27232760, 27232760, 27232760, 27232760, 27232760, 27232760, 27232760, 27232760, 27232760, 27232760, 27232760, 231272445, 410806496, 26956587, 26956587, 26956587, 26956587, 26956587, 399827174, 26759908, 1932924929, 645915292, 242757146, 26790979, 26790979, 214908095, 26615821, 26615821, 26615821, 26615821, 26615821, 26615821, 26615821, 26615821, 26615821, 26615821, 26615821, 26615821, 26615821, 79930573, 26759908, 26759908, 26759908, 26759908, 26759908, 26759908, 26726923, 26726923, 26726923, 26726923, 26726923, 26726923, 26726923, 26726923, 26726923, 26726923, 26726923, 26726923, 26726923, 26726923, 26726923, 26695203, 26695203, 26695203, 26695203, 26695203, 26615821, 26615821, 26706189, 26706189, 26706189, 26706189, 26706189, 26706189, 26706189, 26706189, 26706189, 26706189, 26706189, 26706189, 26706189, 26706189, 26706189, 26706189, 26706189, 152591494, 26706189, 26706189, 95706700, 234765356, 425341037, 27761521, 27761521, 27761521, 27761521, 27761521, 27766321, 27766321, 27766321, 27773145, 27773145, 27773145, 27773145, 27773145, 27773145, 27685307, 27685307, 27685307, 1217021789, 27232760, 26695203, 26535544, 26437374, 58339670, 27512576, 27512576, 27512576, 27512576, 27512576, 27512576, 27512576, 27512576, 27512576, 27512576, 27512576, 27512576, 27512576, 26437374, 26437374, 331590933, 27512576, 27512576, 27512576, 27512576, 27512576, 27512576, 27512576, 99560256, 27512576, 27512576, 27512576, 27512576, 27512576, 27278932, 37844582, 27278932, 27278932, 27278932, 27278932, 27278932, 27278932, 27278932, 27278932, 27278932, 27278932, 27278932, 27278932, 27278932, 27278932, 27278932, 455026457, 679076595, 27232760, 27232760, 27232760, 27232760, 27232760, 145361336, 27773145, 27773145, 27773145, 27773145, 27773145, 27773145, 27773145, 27773145, 27773145, 27773145, 27773145, 26287926, 26287926, 87968288, 27685307, 27685307, 27685307, 27685307, 27685307, 27685307, 27685307, 36503330, 27685307, 27685307, 27685307, 27685307, 27685307, 27685307, 27685307, 36330599, 27512576, 27512576, 36330599, 27512576, 27512576, 27512576, 27512576, 26349776, 25782115, 192543026, 27278932, 27278932, 36446480, 27278932, 27278932, 27278932, 27278932, 27278932, 27278932, 27278932, 27278932, 27278932, 27278932, 27278932, 27232760, 27232760, 27232760, 27232760, 27232760, 27232760, 27232760, 27232760, 27232760, 27232760, 27232760, 27232760, 27232760, 27232760, 27232760, 26956587, 26956587, 36620357, 27103283, 27103283, 27103283, 26997779, 36514853, 26997779, 26997779, 26997779, 26997779, 26997779]",0,0,0,PCIE_NVME,0,117440512,0,117440512,117440512,117440512,1.0,hot,0,0,0,0,1.0,234881024
0,207,meta-llama/Llama-3.1-8B,10,220,19481491440,123345557416,103864065976,94127922546,94207853119,46201975,"[26759908, 26759908, 26759908, 26759908, 26759908, 26759908, 26726923, 26726923, 26726923, 26726923, 26726923, 26726923, 26726923, 26726923, 26726923, 26726923, 26726923, 26726923, 26726923, 26726923, 26726923, 26695203, 26695203, 26695203, 26695203, 26695203, 26615821, 26615821, 26706189, 26706189, 26706189, 26706189, 26706189, 26706189, 26706189, 26706189, 26706189, 26706189, 26706189, 26706189, 26706189, 26706189, 26706189, 26706189, 26706189, 152591494, 26706189, 26706189, 95706700, 234765356, 425341037, 27761521, 27761521, 27761521, 27761521, 27761521, 27766321, 27766321, 27766321, 27773145, 27773145, 27773145, 27773145, 27773145, 27773145, 27685307, 27685307, 27685307, 1217021789, 27232760, 26695203, 26535544, 84777044, 27512576, 27512576, 27512576, 27512576, 27512576, 27512576, 27512576, 27512576, 27512576, 27512576, 27512576, 27512576, 27512576, 384465681, 27512576, 27512576, 27512576, 27512576, 27512576, 27512576, 27512576, 99560256, 27512576, 27512576, 27512576, 27512576, 27512576, 27278932, 37844582, 27278932, 27278932, 27278932, 27278932, 27278932, 27278932, 27278932, 27278932, 27278932, 27278932, 27278932, 27278932, 27278932, 27278932, 27278932, 455026457, 679076595, 27232760, 27232760, 27232760, 27232760, 27232760, 145361336, 27773145, 27773145, 27773145, 27773145, 27773145, 27773145, 27773145, 27773145, 27773145, 27773145, 27773145, 26287926, 26287926, 87968288, 27685307, 27685307, 27685307, 27685307, 27685307, 27685307, 27685307, 36503330, 27685307, 27685307, 27685307, 27685307, 27685307, 27685307, 27685307, 36330599, 27512576, 27512576, 36330599, 27512576, 27512576, 27512576, 27512576, 26349776, 25782115, 192543026, 27278932, 27278932, 36446480, 27278932, 27278932, 27278932, 27278932, 27278932, 27278932, 27278932, 27278932, 27278932, 27278932, 27278932, 27232760, 27232760, 27232760, 27232760, 27232760, 27232760, 27232760, 27232760, 27232760, 27232760, 27232760, 27232760, 27232760, 27232760, 27232760, 26956587, 26956587, 36620357, 27103283, 27103283, 27103283, 26997779, 36514853, 26997779, 26997779, 26997779, 26997779, 26997779, 26956587, 26956587]",0,0,0,NPU,0,0,0,0,0,0,1.0,hot,0,0,0,0,1.0,0
0,218,meta-llama/Llama-3.1-8B,98,253,20260871639,123425837140,103164965501,94932359655,95167125011,51934029,"[425341037, 27761521, 27761521, 27761521, 27761521, 27761521, 27766321, 27766321, 27766321, 27773145, 27773145, 27773145, 27773145, 27773145, 27773145, 27685307, 27685307, 27685307, 1382262340, 27512576, 27512576, 27512576, 27512576, 27512576, 27512576, 27512576, 27512576, 27512576, 27512576, 27512576, 27512576, 27512576, 384465681, 27512576, 27512576, 27512576, 27512576, 27512576, 27512576, 27512576, 99560256, 27512576, 27512576, 27512576, 27512576, 27512576, 27278932, 37844582, 27278932, 27278932, 27278932, 27278932, 27278932, 27278932, 27278932, 27278932, 27278932, 27278932, 27278932, 27278932, 27278932, 27278932, 27278932, 455026457, 679076595, 27232760, 27232760, 27232760, 27232760, 27232760, 145361336, 27773145, 27773145, 27773145, 27773145, 27773145, 27773145, 27773145, 27773145, 27773145, 27773145, 27773145, 140544140, 27685307, 27685307, 27685307, 27685307, 27685307, 27685307, 27685307, 36503330, 27685307, 27685307, 27685307, 27685307, 27685307, 27685307, 27685307, 36330599, 27512576, 27512576, 36330599, 27512576, 27512576, 27512576, 27512576, 244674917, 27278932, 27278932, 36446480, 27278932, 27278932, 27278932, 27278932, 27278932, 27278932, 27278932, 27278932, 27278932, 27278932, 27278932, 27232760, 27232760, 27232760, 27232760, 27232760, 27232760, 27232760, 27232760, 27232760, 27232760, 27232760, 27232760, 27232760, 27232760, 27232760, 26956587, 26956587, 36620357, 27103283, 27103283, 27103283, 26997779, 36514853, 26997779, 26997779, 26997779, 26997779, 26997779, 26956587, 26956587, 26759908, 26759908, 26759908]",0,0,0,PCIE_NVME,0,16777216,0,16777216,16777216,16777216,1.0,hot,0,0,0,0,1.0,33554432
0,224,meta-llama/Llama-3.1-8B,474,574,20727746354,123693106370,102965360016,97914372233,98013932489,50014419,"[27512576, 27512576, 27512576, 27512576, 27512576, 1889935682, 27773145, 27773145, 27773145, 27773145, 27773145, 27773145, 27773145, 27773145, 27773145, 27773145, 27773145, 140544140, 27685307, 27685307, 27685307, 27685307, 27685307, 27685307, 27685307, 36503330, 27685307, 27685307, 27685307, 27685307, 27685307, 27685307, 27685307, 36330599, 27512576, 27512576, 36330599, 27512576, 27512576, 27512576, 27512576, 244674917, 27278932, 27278932, 36446480, 27278932, 27278932, 27278932, 27278932, 27278932, 27278932, 27278932, 27278932, 27278932, 27278932, 27278932, 27232760, 27232760, 27232760, 27232760, 27232760, 27232760, 27232760, 27232760, 27232760, 27232760, 27232760, 27232760, 27232760, 27232760, 27232760, 26956587, 26956587, 36620357, 27103283, 27103283, 27103283, 26997779, 36514853, 26997779, 26997779, 26997779, 26997779, 26997779, 26956587, 26956587, 26759908, 26759908, 26759908, 26726923, 26726923, 26726923, 26726923, 26726923, 26726923, 26726923, 26726923, 26726923, 26726923]",0,0,0,PCIE_NVME,0,62914560,0,62914560,62914560,62914560,1.0,hot,0,0,0,0,1.0,125829120
0,196,meta-llama/Llama-3.1-8B,416,827,18312850237,123719801573,105406951336,81307642301,81624842772,58005142,"[28422327, 28422327, 1043457658, 1282004738, 986981584, 27512576, 1614029708, 841949166, 27773145, 27773145, 27773145, 27773145, 27773145, 27773145, 27773145, 26759908, 1024398106, 212556377, 27685307, 27685307, 27685307, 27685307, 27685307, 27685307, 27685307, 27685307, 27512576, 27278932, 27278932, 27278932, 27278932, 27278932, 27278932, 27278932, 27278932, 27278932, 27278932, 27278932, 27278932, 27278932, 27278932, 27278932, 27278932, 27278932, 27278932, 27278932, 27278932, 27278932, 27278932, 27278932, 27278932, 27278932, 27278932, 27278932, 27278932, 27278932, 27278932, 27278932, 27278932, 27278932, 27278932, 27278932, 27278932, 27278932, 27232760, 27232760, 27232760, 27232760, 27232760, 27232760, 27232760, 27232760, 27232760, 27232760, 27232760, 27232760, 27232760, 27232760, 27232760, 27232760, 27232760, 231272445, 410806496, 26956587, 26956587, 26956587, 26956587, 26956587, 288163823, 26759908, 26759908, 26759908, 31383627, 26759908, 287795008, 26726923, 26726923, 26726923, 26726923, 26726923, 26726923, 1096845077, 26645180, 26645180, 26645180, 26645180, 26454608, 26454608, 26454608, 26454608, 26454608, 26454608, 33366051, 26645180, 26645180, 35958527, 26729656, 454690837, 26645180, 26645180, 26645180, 26645180, 26645180, 31268899, 242757146, 26790979, 26790979, 214908095, 26615821, 26615821, 26615821, 26615821, 26615821, 26615821, 26615821, 26615821, 26615821, 26615821, 26615821, 26615821, 26615821, 79930573, 26759908, 26759908, 26759908, 26759908, 26759908, 26759908, 26726923, 26726923, 26726923, 26726923, 26726923, 26726923, 26726923, 26726923, 26726923, 26726923, 26726923, 26726923, 26726923, 26726923, 26726923, 26695203, 26695203, 26695203, 26695203, 26695203, 26615821, 26615821, 26706189, 26706189, 26706189, 26706189, 26706189, 26706189, 26706189, 26706189, 26706189, 26706189, 26706189, 26706189, 26706189, 26706189, 26706189, 26706189, 26706189, 152591494, 26706189, 26706189, 95706700, 234765356, 425341037, 27761521, 27761521, 27761521, 27761521, 27761521, 27766321, 27766321, 27766321, 27773145, 27773145, 27773145, 27773145, 27773145, 27773145, 27685307, 27685307, 27685307, 1217021789, 27232760, 26695203, 26535544, 26437374, 25853850, 32485820, 27512576, 27512576, 27512576, 27512576, 27512576, 27512576, 27512576, 27512576, 27512576, 27512576, 27512576, 27512576, 27512576, 26437374, 26437374, 26368885, 26368885, 26368885, 26368885, 26368885, 26368885, 26368885, 105784784, 41223954, 27512576, 27512576, 27512576, 27512576, 27512576, 27512576, 27512576, 99560256, 27512576, 27512576, 27512576, 27512576, 27512576, 27278932, 37844582, 27278932, 27278932, 27278932, 27278932, 27278932, 27278932, 27278932, 27278932, 27278932, 27278932, 27278932, 27278932, 27278932, 27278932, 27278932, 455026457, 25829685, 25829685, 25829685, 25829685, 25829685, 25829685, 25829685, 25829685, 25829685, 25829685, 25829685, 25829685, 25829685, 25829685, 25829685, 27657201, 25829685, 25829685, 25829685, 25829685, 25829685, 25829685, 25829685, 25829685, 25829685, 31506954, 27232760, 27232760, 27232760, 27232760, 27232760, 145361336, 27773145, 27773145, 27773145, 27773145, 27773145, 27773145, 27773145, 27773145, 27773145, 27773145, 27773145, 26287926, 26287926, 25732479, 25732479, 36503330, 27685307, 27685307, 27685307, 27685307, 27685307, 27685307, 27685307, 36503330, 27685307, 27685307, 27685307, 27685307, 27685307, 27685307, 27685307, 36330599, 27512576, 27512576, 36330599, 27512576, 27512576, 27512576, 27512576, 26349776, 25782115, 26016091, 26016091, 26016091, 26016091, 26016091, 26016091, 36446480, 27278932, 27278932, 36446480, 27278932, 27278932, 27278932, 27278932, 27278932, 27278932, 27278932, 27278932, 27278932, 27278932, 27278932, 27232760, 27232760, 27232760, 27232760, 27232760, 27232760, 27232760, 27232760, 27232760, 27232760, 27232760, 27232760, 27232760, 27232760, 27232760, 26956587, 26956587, 36620357, 27103283, 27103283, 27103283, 26997779, 36514853, 26997779, 26997779, 26997779, 26997779, 26997779, 26956587, 26956587, 26759908, 26759908, 26759908, 26726923, 26726923, 26726923, 26726923, 26726923, 26726923, 26726923, 26726923, 26726923, 26726923, 26695203]",0,0,0,PCIE_NVME,0,169869312,0,169869312,169869312,169869312,1.0,hot,0,0,0,0,1.0,339738624
0,229,meta-llama/Llama-3.1-8B,1607,1609,21489225022,124059977871,102570752849,102230576551,102543796262,26956587,[26956587],0,0,0,NPU,0,0,0,0,0,0,1.0,hot,0,0,0,0,1.0,0
0,199,meta-llama/Llama-3.1-8B,12,395,18909729446,125095469728,106185740282,80710763092,81027963563,65858054,"[28422327, 28422327, 1043457658, 4752477772, 27773145, 27773145, 27773145, 27773145, 27773145, 27773145, 27773145, 1051158014, 212556377, 27685307, 27685307, 27685307, 27685307, 27685307, 27685307, 27685307, 27685307, 27512576, 27278932, 27278932, 27278932, 27278932, 27278932, 27278932, 27278932, 27278932, 27278932, 27278932, 27278932, 27278932, 27278932, 27278932, 27278932, 27278932, 27278932, 27278932, 27278932, 27278932, 27278932, 27278932, 27278932, 27278932, 27278932, 27278932, 27278932, 27278932, 27278932, 27278932, 27278932, 27278932, 27278932, 27278932, 27278932, 27278932, 27278932, 27232760, 27232760, 27232760, 27232760, 27232760, 27232760, 27232760, 27232760, 27232760, 27232760, 27232760, 27232760, 27232760, 27232760, 27232760, 27232760, 27232760, 231272445, 410806496, 26956587, 26956587, 26956587, 26956587, 26956587, 288163823, 26759908, 26759908, 26759908, 31383627, 26759908, 287795008, 26726923, 26726923, 26726923, 26726923, 26726923, 26726923, 1395519496, 26645180, 26645180, 35958527, 481420493, 26645180, 26645180, 26645180, 26645180, 26645180, 31268899, 242757146, 26790979, 26790979, 214908095, 26615821, 26615821, 26615821, 26615821, 26615821, 26615821, 26615821, 26615821, 26615821, 26615821, 26615821, 26615821, 26615821, 79930573, 26759908, 26759908, 26759908, 26759908, 26759908, 26759908, 26726923, 26726923, 26726923, 26726923, 26726923, 26726923, 26726923, 26726923, 26726923, 26726923, 26726923, 26726923, 26726923, 26726923, 26726923, 26695203, 26695203, 26695203, 26695203, 26695203, 26615821, 26615821, 26706189, 26706189, 26706189, 26706189, 26706189, 26706189, 26706189, 26706189, 26706189, 26706189, 26706189, 26706189, 26706189, 26706189, 26706189, 26706189, 26706189, 152591494, 26706189, 26706189, 95706700, 234765356, 425341037, 27761521, 27761521, 27761521, 27761521, 27761521, 27766321, 27766321, 27766321, 27773145, 27773145, 27773145, 27773145, 27773145, 27773145, 27685307, 27685307, 27685307, 1217021789, 27232760, 26695203, 26535544, 26437374, 25853850, 32485820, 27512576, 27512576, 27512576, 27512576, 27512576, 27512576, 27512576, 27512576, 27512576, 27512576, 27512576, 27512576, 27512576, 26437374, 26437374, 26368885, 26368885, 26368885, 26368885, 26368885, 26368885, 26368885, 105784784, 41223954, 27512576, 27512576, 27512576, 27512576, 27512576, 27512576, 27512576, 99560256, 27512576, 27512576, 27512576, 27512576, 27512576, 27278932, 37844582, 27278932, 27278932, 27278932, 27278932, 27278932, 27278932, 27278932, 27278932, 27278932, 27278932, 27278932, 27278932, 27278932, 27278932, 27278932, 455026457, 679076595, 27232760, 27232760, 27232760, 27232760, 27232760, 145361336, 27773145, 27773145, 27773145, 27773145, 27773145, 27773145, 27773145, 27773145, 27773145, 27773145, 27773145, 26287926, 26287926, 87968288, 27685307, 27685307, 27685307, 27685307, 27685307, 27685307, 27685307, 36503330, 27685307, 27685307, 27685307, 27685307, 27685307, 27685307, 27685307, 36330599, 27512576, 27512576, 36330599, 27512576, 27512576, 27512576, 27512576, 26349776, 25782115, 192543026, 27278932, 27278932, 36446480, 27278932, 27278932, 27278932, 27278932, 27278932, 27278932, 27278932, 27278932, 27278932, 27278932, 27278932, 27232760, 27232760, 27232760, 27232760, 27232760, 27232760, 27232760, 27232760, 27232760, 27232760, 27232760, 27232760, 27232760, 27232760, 27232760, 26956587, 26956587, 36620357, 27103283, 27103283, 27103283, 26997779, 36514853, 26997779, 26997779, 26997779, 26997779, 26997779, 26956587, 26956587, 26759908, 26759908, 26759908, 26726923, 26726923, 26726923, 26726923, 26726923, 26726923, 26726923, 26726923, 26726923, 26726923, 26695203, 313219711, 26956587, 267043744, 27773145, 27773145, 27773145, 27773145, 27773145, 27773145, 27773145, 27773145, 289236558, 27103283, 25884336, 25335007, 25335007, 25335007, 25335007, 25674687, 25674687, 25674687, 25674687]",0,0,0,PCIE_NVME,0,16777216,0,16777216,16777216,16777216,1.0,hot,0,0,0,0,1.0,33554432
0,200,meta-llama/Llama-3.1-8B,12,400,19012460515,125552249772,106539789257,80608032023,80925232494,66187485,"[28422327, 28422327, 1043457658, 4752477772, 27773145, 27773145, 27773145, 27773145, 27773145, 27773145, 27773145, 1051158014, 212556377, 27685307, 27685307, 27685307, 27685307, 27685307, 27685307, 27685307, 27685307, 27512576, 27278932, 27278932, 27278932, 27278932, 27278932, 27278932, 27278932, 27278932, 27278932, 27278932, 27278932, 27278932, 27278932, 27278932, 27278932, 27278932, 27278932, 27278932, 27278932, 27278932, 27278932, 27278932, 27278932, 27278932, 27278932, 27278932, 27278932, 27278932, 27278932, 27278932, 27278932, 27278932, 27278932, 27278932, 27278932, 27278932, 27278932, 27232760, 27232760, 27232760, 27232760, 27232760, 27232760, 27232760, 27232760, 27232760, 27232760, 27232760, 27232760, 27232760, 27232760, 27232760, 27232760, 27232760, 231272445, 410806496, 26956587, 26956587, 26956587, 26956587, 26956587, 288163823, 26759908, 26759908, 26759908, 31383627, 26759908, 287795008, 26726923, 26726923, 26726923, 26726923, 26726923, 26726923, 1484768383, 481420493, 26645180, 26645180, 26645180, 26645180, 26645180, 31268899, 242757146, 26790979, 26790979, 214908095, 26615821, 26615821, 26615821, 26615821, 26615821, 26615821, 26615821, 26615821, 26615821, 26615821, 26615821, 26615821, 26615821, 79930573, 26759908, 26759908, 26759908, 26759908, 26759908, 26759908, 26726923, 26726923, 26726923, 26726923, 26726923, 26726923, 26726923, 26726923, 26726923, 26726923, 26726923, 26726923, 26726923, 26726923, 26726923, 26695203, 26695203, 26695203, 26695203, 26695203, 26615821, 26615821, 26706189, 26706189, 26706189, 26706189, 26706189, 26706189, 26706189, 26706189, 26706189, 26706189, 26706189, 26706189, 26706189, 26706189, 26706189, 26706189, 26706189, 152591494, 26706189, 26706189, 95706700, 234765356, 425341037, 27761521, 27761521, 27761521, 27761521, 27761521, 27766321, 27766321, 27766321, 27773145, 27773145, 27773145, 27773145, 27773145, 27773145, 27685307, 27685307, 27685307, 1217021789, 27232760, 26695203, 26535544, 26437374, 58339670, 27512576, 27512576, 27512576, 27512576, 27512576, 27512576, 27512576, 27512576, 27512576, 27512576, 27512576, 27512576, 27512576, 26437374, 26437374, 331590933, 27512576, 27512576, 27512576, 27512576, 27512576, 27512576, 27512576, 99560256, 27512576, 27512576, 27512576, 27512576, 27512576, 27278932, 37844582, 27278932, 27278932, 27278932, 27278932, 27278932, 27278932, 27278932, 27278932, 27278932, 27278932, 27278932, 27278932, 27278932, 27278932, 27278932, 455026457, 679076595, 27232760, 27232760, 27232760, 27232760, 27232760, 145361336, 27773145, 27773145, 27773145, 27773145, 27773145, 27773145, 27773145, 27773145, 27773145, 27773145, 27773145, 26287926, 26287926, 87968288, 27685307, 27685307, 27685307, 27685307, 27685307, 27685307, 27685307, 36503330, 27685307, 27685307, 27685307, 27685307, 27685307, 27685307, 27685307, 36330599, 27512576, 27512576, 36330599, 27512576, 27512576, 27512576, 27512576, 26349776, 25782115, 192543026, 27278932, 27278932, 36446480, 27278932, 27278932, 27278932, 27278932, 27278932, 27278932, 27278932, 27278932, 27278932, 27278932, 27278932, 27232760, 27232760, 27232760, 27232760, 27232760, 27232760, 27232760, 27232760, 27232760, 27232760, 27232760, 27232760, 27232760, 27232760, 27232760, 26956587, 26956587, 36620357, 27103283, 27103283, 27103283, 26997779, 36514853, 26997779, 26997779, 26997779, 26997779, 26997779, 26956587, 26956587, 26759908, 26759908, 26759908, 26726923, 26726923, 26726923, 26726923, 26726923, 26726923, 26726923, 26726923, 26726923, 26726923, 26695203, 313219711, 26956587, 267043744, 27773145, 27773145, 27773145, 27773145, 27773145, 27773145, 27773145, 27773145, 289236558, 27103283, 25884336, 25335007, 25335007, 25335007, 25335007, 25674687, 25674687, 25674687, 25674687, 29163298, 27685307, 27685307, 27685307, 27685307, 27685307, 27685307, 27685307, 27685307, 27512576, 27278932, 25138869, 25138869, 25138869, 25138869, 25138869, 25648437]",0,0,0,PCIE_NVME,0,16777216,0,16777216,16777216,16777216,1.0,hot,0,0,0,0,1.0,33554432
0,239,meta-llama/Llama-3.1-8B,46,66,22179803300,125607274924,103427471624,101880174571,102147218315,67381753,"[27773145, 27773145, 27773145, 27773145, 27773145, 27773145, 27773145, 27773145, 575426251, 27685307, 27685307, 27685307, 27685307, 27685307, 27685307, 27685307, 27685307, 233646866, 27512576]",0,0,0,PCIE_NVME,0,8388608,0,8388608,8388608,8388608,1.0,hot,0,0,0,0,1.0,16777216
0,228,meta-llama/Llama-3.1-8B,377,485,21389491584,126290179913,104900688329,99234324485,99379685821,51598154,"[27773145, 27773145, 27773145, 27773145, 27773145, 27773145, 27773145, 27773145, 27773145, 27773145, 27773145, 370844619, 27685307, 27685307, 27685307, 27685307, 27685307, 27685307, 27685307, 127686350, 27512576, 27512576, 27512576, 27512576, 335679261, 27278932, 27278932, 27278932, 27278932, 27278932, 27278932, 27278932, 27278932, 27278932, 27278932, 27278932, 27232760, 27232760, 27232760, 27232760, 27232760, 27232760, 27232760, 27232760, 27232760, 27232760, 27232760, 27232760, 27232760, 27232760, 27232760, 235356012, 26997779, 26997779, 26997779, 26997779, 26997779, 26956587, 26956587, 26759908, 26759908, 26759908, 26726923, 26726923, 26726923, 26726923, 26726923, 26726923, 26726923, 26726923, 26726923, 26726923, 26695203, 313219711, 26956587, 267043744, 27773145, 27773145, 27773145, 27773145, 27773145, 27773145, 27773145, 27773145, 289236558, 27103283, 259086410, 27685307, 27685307, 27685307, 27685307, 27685307, 27685307, 27685307, 27685307, 27512576, 27278932, 178855358, 27512576, 72202195, 27685307, 446622827, 27278932, 27278932, 27278932, 27278932, 27278932]",0,0,0,PCIE_NVME,0,216006656,0,216006656,216006656,216006656,1.0,hot,0,0,0,0,1.0,432013312
0,197,meta-llama/Llama-3.1-8B,16,489,18540259971,126815009262,108274749291,81080232567,81397433038,56943466,"[28422327, 28422327, 1043457658, 1282004738, 986981584, 27512576, 1614029708, 841949166, 27773145, 27773145, 27773145, 27773145, 27773145, 27773145, 27773145, 1051158014, 212556377, 27685307, 27685307, 27685307, 27685307, 27685307, 27685307, 27685307, 27685307, 27512576, 27278932, 27278932, 27278932, 27278932, 27278932, 27278932, 27278932, 27278932, 27278932, 27278932, 27278932, 27278932, 27278932, 27278932, 27278932, 27278932, 27278932, 27278932, 27278932, 27278932, 27278932, 27278932, 27278932, 27278932, 27278932, 27278932, 27278932, 27278932, 27278932, 27278932, 27278932, 27278932, 27278932, 27278932, 27278932, 27278932, 27278932, 27232760, 27232760, 27232760, 27232760, 27232760, 27232760, 27232760, 27232760, 27232760, 27232760, 27232760, 27232760, 27232760, 27232760, 27232760, 27232760, 27232760, 231272445, 410806496, 26956587, 26956587, 26956587, 26956587, 26956587, 288163823, 26759908, 26759908, 26759908, 31383627, 26759908, 287795008, 26726923, 26726923, 26726923, 26726923, 26726923, 26726923, 1096845077, 26645180, 26645180, 26645180, 26645180, 26454608, 26454608, 26454608, 26454608, 26454608, 26454608, 33366051, 26645180, 26645180, 35958527, 26729656, 454690837, 26645180, 26645180, 26645180, 26645180, 26645180, 31268899, 242757146, 26790979, 26790979, 214908095, 26615821, 26615821, 26615821, 26615821, 26615821, 26615821, 26615821, 26615821, 26615821, 26615821, 26615821, 26615821, 26615821, 79930573, 26759908, 26759908, 26759908, 26759908, 26759908, 26759908, 26726923, 26726923, 26726923, 26726923, 26726923, 26726923, 26726923, 26726923, 26726923, 26726923, 26726923, 26726923, 26726923, 26726923, 26726923, 26695203, 26695203, 26695203, 26695203, 26695203, 26615821, 26615821, 26706189, 26706189, 26706189, 26706189, 26706189, 26706189, 26706189, 26706189, 26706189, 26706189, 26706189, 26706189, 26706189, 26706189, 26706189, 26706189, 26706189, 152591494, 26706189, 26706189, 95706700, 234765356, 425341037, 27761521, 27761521, 27761521, 27761521, 27761521, 27766321, 27766321, 27766321, 27773145, 27773145, 27773145, 27773145, 27773145, 27773145, 27685307, 27685307, 27685307, 1217021789, 27232760, 26695203, 26535544, 26437374, 25853850, 32485820, 27512576, 27512576, 27512576, 27512576, 27512576, 27512576, 27512576, 27512576, 27512576, 27512576, 27512576, 27512576, 27512576, 26437374, 26437374, 26368885, 26368885, 26368885, 26368885, 26368885, 26368885, 26368885, 105784784, 41223954, 27512576, 27512576, 27512576, 27512576, 27512576, 27512576, 27512576, 99560256, 27512576, 27512576, 27512576, 27512576, 27512576, 27278932, 37844582, 27278932, 27278932, 27278932, 27278932, 27278932, 27278932, 27278932, 27278932, 27278932, 27278932, 27278932, 27278932, 27278932, 27278932, 27278932, 455026457, 679076595, 27232760, 27232760, 27232760, 27232760, 27232760, 145361336, 27773145, 27773145, 27773145, 27773145, 27773145, 27773145, 27773145, 27773145, 27773145, 27773145, 27773145, 26287926, 26287926, 25732479, 25732479, 36503330, 27685307, 27685307, 27685307, 27685307, 27685307, 27685307, 27685307, 36503330, 27685307, 27685307, 27685307, 27685307, 27685307, 27685307, 27685307, 36330599, 27512576, 27512576, 36330599, 27512576, 27512576, 27512576, 27512576, 26349776, 25782115, 192543026, 27278932, 27278932, 36446480, 27278932, 27278932, 27278932, 27278932, 27278932, 27278932, 27278932, 27278932, 27278932, 27278932, 27278932, 27232760, 27232760, 27232760, 27232760, 27232760, 27232760, 27232760, 27232760, 27232760, 27232760, 27232760, 27232760, 27232760, 27232760, 27232760, 26956587, 26956587, 36620357, 27103283, 27103283, 27103283, 26997779, 36514853, 26997779, 26997779, 26997779, 26997779, 26997779, 26956587, 26956587, 26759908, 26759908, 26759908, 26726923, 26726923, 26726923, 26726923, 26726923, 26726923, 26726923, 26726923, 26726923, 26726923, 26695203, 313219711, 26956587, 267043744, 27773145, 27773145, 27773145, 27773145, 27773145, 27773145, 27773145, 27773145, 26007326, 26007326, 26007326, 26007326, 26007326, 26007326, 26007326, 26007326, 26007326, 26007326, 29163298, 27103283, 25884336, 25335007, 25335007, 25335007, 25335007, 25674687, 25674687, 25674687, 25674687, 29163298, 27685307, 27685307, 27685307, 27685307, 27685307, 27685307, 27685307, 27685307, 27512576, 27278932, 25138869, 25138869, 25138869, 25138869, 25138869, 25648437, 27512576, 27512576, 72202195, 27685307, 25734236, 25304821, 25304821, 25304821, 25648437, 25648437, 25648437, 25648437, 25648437, 25648437, 25648437, 25648437, 26359326, 26359326, 26359326, 26359326, 34349328, 27278932, 27278932, 27278932, 27278932, 27278932, 59226323, 27061067, 25969703, 25969703, 25969703, 25969703, 25674687, 25674687, 25674687, 25674687, 26776903, 25648437, 25648437, 25648437, 25648437, 25648437, 25648437, 25648437, 25648437]",0,0,0,PCIE_NVME,0,12582912,0,12582912,12582912,12582912,1.0,hot,0,0,0,0,1.0,25165824
0,211,meta-llama/Llama-3.1-8B,201,432,19696831776,127258304230,107561472454,95400692818,95496399518,52456838,"[234765356, 425341037, 27761521, 27761521, 27761521, 27761521, 27761521, 27766321, 27766321, 27766321, 27773145, 27773145, 27773145, 27773145, 27773145, 27773145, 27685307, 27685307, 27685307, 1217021789, 27232760, 26695203, 111312588, 27512576, 27512576, 27512576, 27512576, 27512576, 27512576, 27512576, 27512576, 27512576, 27512576, 27512576, 27512576, 27512576, 384465681, 27512576, 27512576, 27512576, 27512576, 27512576, 27512576, 27512576, 99560256, 27512576, 27512576, 27512576, 27512576, 27512576, 27278932, 37844582, 27278932, 27278932, 27278932, 27278932, 27278932, 27278932, 27278932, 27278932, 27278932, 27278932, 27278932, 27278932, 27278932, 27278932, 27278932, 455026457, 679076595, 27232760, 27232760, 27232760, 27232760, 27232760, 145361336, 27773145, 27773145, 27773145, 27773145, 27773145, 27773145, 27773145, 27773145, 27773145, 27773145, 27773145, 26287926, 26287926, 87968288, 27685307, 27685307, 27685307, 27685307, 27685307, 27685307, 27685307, 36503330, 27685307, 27685307, 27685307, 27685307, 27685307, 27685307, 27685307, 36330599, 27512576, 27512576, 36330599, 27512576, 27512576, 27512576, 27512576, 26349776, 25782115, 192543026, 27278932, 27278932, 36446480, 27278932, 27278932, 27278932, 27278932, 27278932, 27278932, 27278932, 27278932, 27278932, 27278932, 27278932, 27232760, 27232760, 27232760, 27232760, 27232760, 27232760, 27232760, 27232760, 27232760, 27232760, 27232760, 27232760, 27232760, 27232760, 27232760, 26956587, 26956587, 36620357, 27103283, 27103283, 27103283, 26997779, 36514853, 26997779, 26997779, 26997779, 26997779, 26997779, 26956587, 26956587, 26759908, 26759908, 26759908, 26726923, 26726923, 26726923, 26726923, 26726923, 26726923, 26726923, 26726923, 26726923, 26726923, 26695203, 313219711, 26956587, 267043744, 27773145, 27773145, 27773145, 27773145, 27773145, 27773145, 27773145, 27773145, 289236558, 27103283, 25884336, 233202074, 27685307, 27685307, 27685307, 27685307, 27685307, 27685307, 27685307, 27685307, 27512576, 27278932, 178855358, 27512576, 72202195, 27685307, 446622827, 27278932, 27278932, 27278932, 27278932, 27278932, 59226323, 27061067, 25969703, 25969703, 25969703, 25969703, 366479291, 27761521, 27761521, 27766321, 27766321, 27766321, 27766321, 27766321, 27766321, 27766321, 27766321, 27766321, 27766321, 26097524, 26097524, 26097524]",0,0,0,NPU,0,0,0,0,0,0,1.0,hot,0,0,0,0,1.0,0
0,215,meta-llama/Llama-3.1-8B,218,439,19979395013,127258304230,107278909217,95213836281,95448601637,53774125,"[425341037, 27761521, 27761521, 27761521, 27761521, 27761521, 27766321, 27766321, 27766321, 27773145, 27773145, 27773145, 27773145, 27773145, 27773145, 27685307, 27685307, 27685307, 1217021789, 27232760, 138007791, 27512576, 27512576, 27512576, 27512576, 27512576, 27512576, 27512576, 27512576, 27512576, 27512576, 27512576, 27512576, 27512576, 384465681, 27512576, 27512576, 27512576, 27512576, 27512576, 27512576, 27512576, 99560256, 27512576, 27512576, 27512576, 27512576, 27512576, 27278932, 37844582, 27278932, 27278932, 27278932, 27278932, 27278932, 27278932, 27278932, 27278932, 27278932, 27278932, 27278932, 27278932, 27278932, 27278932, 27278932, 455026457, 679076595, 27232760, 27232760, 27232760, 27232760, 27232760, 145361336, 27773145, 27773145, 27773145, 27773145, 27773145, 27773145, 27773145, 27773145, 27773145, 27773145, 27773145, 140544140, 27685307, 27685307, 27685307, 27685307, 27685307, 27685307, 27685307, 36503330, 27685307, 27685307, 27685307, 27685307, 27685307, 27685307, 27685307, 36330599, 27512576, 27512576, 36330599, 27512576, 27512576, 27512576, 27512576, 26349776, 218325141, 27278932, 27278932, 36446480, 27278932, 27278932, 27278932, 27278932, 27278932, 27278932, 27278932, 27278932, 27278932, 27278932, 27278932, 27232760, 27232760, 27232760, 27232760, 27232760, 27232760, 27232760, 27232760, 27232760, 27232760, 27232760, 27232760, 27232760, 27232760, 27232760, 26956587, 26956587, 36620357, 27103283, 27103283, 27103283, 26997779, 36514853, 26997779, 26997779, 26997779, 26997779, 26997779, 26956587, 26956587, 26759908, 26759908, 26759908, 26726923, 26726923, 26726923, 26726923, 26726923, 26726923, 26726923, 26726923, 26726923, 26726923, 26695203, 313219711, 26956587, 267043744, 27773145, 27773145, 27773145, 27773145, 27773145, 27773145, 27773145, 27773145, 289236558, 27103283, 259086410, 27685307, 27685307, 27685307, 27685307, 27685307, 27685307, 27685307, 27685307, 27512576, 27278932, 178855358, 27512576, 72202195, 27685307, 446622827, 27278932, 27278932, 27278932, 27278932, 27278932, 59226323, 27061067, 470358103, 27761521, 27761521, 27766321, 27766321, 27766321, 27766321, 27766321, 27766321, 27766321, 27766321, 27766321, 27766321, 26097524, 26097524, 26097524]",0,0,0,NPU,0,0,0,0,0,0,1.0,hot,0,0,0,0,1.0,0
0,214,meta-llama/Llama-3.1-8B,30,270,19952312638,127756639756,107804327118,95240918656,95475684012,51584280,"[425341037, 27761521, 27761521, 27761521, 27761521, 27761521, 27766321, 27766321, 27766321, 27773145, 27773145, 27773145, 27773145, 27773145, 27773145, 27685307, 27685307, 27685307, 1217021789, 27232760, 138007791, 27512576, 27512576, 27512576, 27512576, 27512576, 27512576, 27512576, 27512576, 27512576, 27512576, 27512576, 27512576, 27512576, 384465681, 27512576, 27512576, 27512576, 27512576, 27512576, 27512576, 27512576, 99560256, 27512576, 27512576, 27512576, 27512576, 27512576, 27278932, 37844582, 27278932, 27278932, 27278932, 27278932, 27278932, 27278932, 27278932, 27278932, 27278932, 27278932, 27278932, 27278932, 27278932, 27278932, 27278932, 455026457, 679076595, 27232760, 27232760, 27232760, 27232760, 27232760, 145361336, 27773145, 27773145, 27773145, 27773145, 27773145, 27773145, 27773145, 27773145, 27773145, 27773145, 27773145, 140544140, 27685307, 27685307, 27685307, 27685307, 27685307, 27685307, 27685307, 36503330, 27685307, 27685307, 27685307, 27685307, 27685307, 27685307, 27685307, 36330599, 27512576, 27512576, 36330599, 27512576, 27512576, 27512576, 27512576, 26349776, 218325141, 27278932, 27278932, 36446480, 27278932, 27278932, 27278932, 27278932, 27278932, 27278932, 27278932, 27278932, 27278932, 27278932, 27278932, 27232760, 27232760, 27232760, 27232760, 27232760, 27232760, 27232760, 27232760, 27232760, 27232760, 27232760, 27232760, 27232760, 27232760, 27232760, 26956587, 26956587, 36620357, 27103283, 27103283, 27103283, 26997779, 36514853, 26997779, 26997779, 26997779, 26997779, 26997779, 26956587, 26956587, 26759908, 26759908, 26759908, 26726923, 26726923, 26726923, 26726923, 26726923, 26726923, 26726923, 26726923, 26726923, 26726923, 26695203, 313219711, 26956587, 267043744, 27773145, 27773145, 27773145, 27773145, 27773145, 27773145, 27773145, 27773145, 289236558, 27103283, 25884336, 233202074, 27685307, 27685307, 27685307, 27685307, 27685307, 27685307, 27685307, 27685307, 27512576, 27278932, 178855358, 27512576, 72202195, 27685307, 446622827, 27278932, 27278932, 27278932, 27278932, 27278932, 59226323, 27061067, 470358103, 27761521, 27761521, 27766321, 27766321, 27766321, 27766321, 27766321, 27766321, 27766321, 27766321, 27766321, 27766321, 26097524, 26097524, 26097524, 27685307, 27685307, 27685307, 27685307, 27685307, 27685307, 27685307, 27685307, 27685307, 27685307, 27685307, 27685307, 27685307, 27685307, 27685307, 27685307, 27685307, 27685307]",0,0,0,NPU,0,0,0,0,0,0,1.0,hot,0,0,0,0,1.0,0
0,222,meta-llama/Llama-3.1-8B,34,278,20651088710,128086790668,107435701958,94542142584,94776907940,52093802,"[425341037, 27761521, 27761521, 27761521, 27761521, 27761521, 27766321, 27766321, 27766321, 27773145, 27773145, 27773145, 27773145, 27773145, 27773145, 27685307, 27685307, 27685307, 1382262340, 27512576, 27512576, 27512576, 27512576, 27512576, 27512576, 27512576, 27512576, 27512576, 27512576, 27512576, 27512576, 27512576, 384465681, 27512576, 27512576, 27512576, 27512576, 27512576, 27512576, 27512576, 99560256, 27512576, 27512576, 27512576, 27512576, 27512576, 27278932, 37844582, 27278932, 27278932, 27278932, 27278932, 27278932, 27278932, 27278932, 27278932, 27278932, 27278932, 27278932, 27278932, 27278932, 27278932, 27278932, 1134103052, 27232760, 27232760, 27232760, 27232760, 27232760, 145361336, 27773145, 27773145, 27773145, 27773145, 27773145, 27773145, 27773145, 27773145, 27773145, 27773145, 27773145, 140544140, 27685307, 27685307, 27685307, 27685307, 27685307, 27685307, 27685307, 36503330, 27685307, 27685307, 27685307, 27685307, 27685307, 27685307, 27685307, 36330599, 27512576, 27512576, 36330599, 27512576, 27512576, 27512576, 27512576, 244674917, 27278932, 27278932, 36446480, 27278932, 27278932, 27278932, 27278932, 27278932, 27278932, 27278932, 27278932, 27278932, 27278932, 27278932, 27232760, 27232760, 27232760, 27232760, 27232760, 27232760, 27232760, 27232760, 27232760, 27232760, 27232760, 27232760, 27232760, 27232760, 27232760, 26956587, 26956587, 36620357, 27103283, 27103283, 27103283, 26997779, 36514853, 26997779, 26997779, 26997779, 26997779, 26997779, 26956587, 26956587, 26759908, 26759908, 26759908, 26726923, 26726923, 26726923, 26726923, 26726923, 26726923, 26726923, 26726923, 26726923, 26726923, 26695203, 313219711, 26956587, 267043744, 27773145, 27773145, 27773145, 27773145, 27773145, 27773145, 27773145, 27773145, 289236558, 27103283, 259086410, 27685307, 27685307, 27685307, 27685307, 27685307, 27685307, 27685307, 27685307, 27512576, 27278932, 178855358, 27512576, 72202195, 27685307, 446622827, 27278932, 27278932, 27278932, 27278932, 27278932, 59226323, 27061067, 470358103, 27761521, 27761521, 27766321, 27766321, 27766321, 27766321, 27766321, 27766321, 27766321, 27766321, 27766321, 27766321, 105977879, 27685307, 27685307, 27685307, 27685307, 27685307, 27685307, 27685307, 27685307, 27685307, 27685307, 27685307, 27685307, 27685307, 27685307, 27685307, 27685307, 27685307, 27512576, 27512576, 27512576, 27512576, 27512576, 27512576, 27512576, 27512576, 27512576, 27512576, 27512576, 27512576]",0,0,0,PCIE_NVME,0,33554432,0,33554432,33554432,33554432,1.0,hot,0,0,0,0,1.0,67108864
0,237,meta-llama/Llama-3.1-8B,192,275,22056613065,128305022124,106248409059,102003364806,102270408550,48512201,"[27773145, 27773145, 27773145, 27773145, 27773145, 27773145, 27773145, 27773145, 289236558, 286189693, 27685307, 27685307, 27685307, 27685307, 27685307, 27685307, 27685307, 27685307, 27512576, 27278932, 178855358, 27512576, 72202195, 27685307, 446622827, 27278932, 27278932, 27278932, 27278932, 27278932, 59226323, 497419170, 27761521, 27761521, 27766321, 27766321, 27766321, 27766321, 27766321, 27766321, 27766321, 27766321, 27766321, 27766321, 105977879, 27685307, 27685307, 27685307, 27685307, 27685307, 27685307, 27685307, 27685307, 27685307, 27685307, 27685307, 27685307, 27685307, 27685307, 27685307, 27685307, 27685307, 27512576, 27512576, 27512576, 27512576, 27512576, 27512576, 27512576, 27512576, 27512576, 27512576, 27512576, 27512576, 27278932, 27278932, 27278932, 27278932, 27278932, 27278932, 27278932, 27278932]",0,0,0,NPU,0,0,0,0,0,0,1.0,hot,0,0,0,0,1.0,0
0,226,meta-llama/Llama-3.1-8B,19,205,21116947314,128413953164,107297005850,99506868755,99652230091,41323112,"[27773145, 27773145, 27773145, 27773145, 27773145, 27773145, 27773145, 27773145, 27773145, 27773145, 27773145, 140544140, 27685307, 27685307, 27685307, 27685307, 27685307, 27685307, 27685307, 36503330, 27685307, 27685307, 27685307, 27685307, 27685307, 27685307, 27685307, 36330599, 27512576, 27512576, 36330599, 27512576, 27512576, 27512576, 27512576, 244674917, 27278932, 27278932, 36446480, 27278932, 27278932, 27278932, 27278932, 27278932, 27278932, 27278932, 27278932, 27278932, 27278932, 27278932, 27232760, 27232760, 27232760, 27232760, 27232760, 27232760, 27232760, 27232760, 27232760, 27232760, 27232760, 27232760, 27232760, 27232760, 27232760, 26956587, 26956587, 36620357, 27103283, 27103283, 27103283, 26997779, 36514853, 26997779, 26997779, 26997779, 26997779, 26997779, 26956587, 26956587, 26759908, 26759908, 26759908, 26726923, 26726923, 26726923, 26726923, 26726923, 26726923, 26726923, 26726923, 26726923, 26726923, 26695203, 313219711, 26956587, 267043744, 27773145, 27773145, 27773145, 27773145, 27773145, 27773145, 27773145, 27773145, 289236558, 27103283, 259086410, 27685307, 27685307, 27685307, 27685307, 27685307, 27685307, 27685307, 27685307, 27512576, 27278932, 178855358, 27512576, 72202195, 27685307, 446622827, 27278932, 27278932, 27278932, 27278932, 27278932, 59226323, 27061067, 470358103, 27761521, 27761521, 27766321, 27766321, 27766321, 27766321, 27766321, 27766321, 27766321, 27766321, 27766321, 27766321, 105977879, 27685307, 27685307, 27685307, 27685307, 27685307, 27685307, 27685307, 27685307, 27685307, 27685307, 27685307, 27685307, 27685307, 27685307, 27685307, 27685307, 27685307, 27512576, 27512576, 27512576, 27512576, 27512576, 27512576, 27512576, 27512576, 27512576, 27512576, 27512576, 27512576, 27278932, 27278932, 27278932, 27278932, 27278932, 27278932, 27278932, 27278932, 27232760, 27232760, 27232760, 27232760]",0,0,0,NPU,0,0,0,0,0,0,1.0,hot,0,0,0,0,1.0,0
0,243,meta-llama/Llama-3.1-8B,106,164,23062247582,128468159730,105405912148,103227932331,103287158654,37171113,"[497419170, 27761521, 27761521, 27766321, 27766321, 27766321, 27766321, 27766321, 27766321, 27766321, 27766321, 27766321, 27766321, 105977879, 27685307, 27685307, 27685307, 27685307, 27685307, 27685307, 27685307, 27685307, 27685307, 27685307, 27685307, 27685307, 27685307, 27685307, 27685307, 27685307, 27685307, 27512576, 27512576, 27512576, 27512576, 27512576, 27512576, 27512576, 27512576, 27512576, 27512576, 27512576, 27512576, 27278932, 27278932, 27278932, 27278932, 27278932, 27278932, 27278932, 27278932, 27232760, 27232760, 27232760, 27232760, 27103283, 27103283]",0,0,0,NPU,0,0,0,0,0,0,1.0,hot,0,0,0,0,1.0,0
0,209,meta-llama/Llama-3.1-8B,768,1060,19499530464,128846492268,109346961804,95391990258,95544581752,47430859,"[26706189, 26706189, 95706700, 234765356, 425341037, 27761521, 27761521, 27761521, 27761521, 27761521, 27766321, 27766321, 27766321, 27773145, 27773145, 27773145, 27773145, 27773145, 27773145, 27685307, 27685307, 27685307, 1217021789, 27232760, 26695203, 111312588, 27512576, 27512576, 27512576, 27512576, 27512576, 27512576, 27512576, 27512576, 27512576, 27512576, 27512576, 27512576, 27512576, 384465681, 27512576, 27512576, 27512576, 27512576, 27512576, 27512576, 27512576, 99560256, 27512576, 27512576, 27512576, 27512576, 27512576, 27278932, 37844582, 27278932, 27278932, 27278932, 27278932, 27278932, 27278932, 27278932, 27278932, 27278932, 27278932, 27278932, 27278932, 27278932, 27278932, 27278932, 455026457, 679076595, 27232760, 27232760, 27232760, 27232760, 27232760, 145361336, 27773145, 27773145, 27773145, 27773145, 27773145, 27773145, 27773145, 27773145, 27773145, 27773145, 27773145, 26287926, 26287926, 87968288, 27685307, 27685307, 27685307, 27685307, 27685307, 27685307, 27685307, 36503330, 27685307, 27685307, 27685307, 27685307, 27685307, 27685307, 27685307, 36330599, 27512576, 27512576, 36330599, 27512576, 27512576, 27512576, 27512576, 26349776, 25782115, 192543026, 27278932, 27278932, 36446480, 27278932, 27278932, 27278932, 27278932, 27278932, 27278932, 27278932, 27278932, 27278932, 27278932, 27278932, 27232760, 27232760, 27232760, 27232760, 27232760, 27232760, 27232760, 27232760, 27232760, 27232760, 27232760, 27232760, 27232760, 27232760, 27232760, 26956587, 26956587, 36620357, 27103283, 27103283, 27103283, 26997779, 36514853, 26997779, 26997779, 26997779, 26997779, 26997779, 26956587, 26956587, 26759908, 26759908, 26759908, 26726923, 26726923, 26726923, 26726923, 26726923, 26726923, 26726923, 26726923, 26726923, 26726923, 26695203, 313219711, 26956587, 267043744, 27773145, 27773145, 27773145, 27773145, 27773145, 27773145, 27773145, 27773145, 289236558, 27103283, 25884336, 233202074, 27685307, 27685307, 27685307, 27685307, 27685307, 27685307, 27685307, 27685307, 27512576, 27278932, 178855358, 27512576, 72202195, 27685307, 446622827, 27278932, 27278932, 27278932, 27278932, 27278932, 59226323, 27061067, 25969703, 25969703, 25969703, 25969703, 366479291, 27761521, 27761521, 27766321, 27766321, 27766321, 27766321, 27766321, 27766321, 27766321, 27766321, 27766321, 27766321, 26097524, 26097524, 26097524, 27685307, 27685307, 27685307, 27685307, 27685307, 27685307, 27685307, 27685307, 27685307, 27685307, 27685307, 27685307, 27685307, 27685307, 27685307, 27685307, 27685307, 27685307, 27512576, 27512576, 27512576, 27512576, 27512576, 27512576, 27512576, 27512576, 27512576, 27512576, 27512576, 27512576, 27278932, 27278932, 27278932, 27278932, 27278932, 27278932, 27278932, 27278932, 27232760, 27232760, 27232760, 27232760, 27103283, 27103283, 27061067, 27061067, 27061067, 27061067, 27061067, 27061067, 27061067, 27061067, 27061067, 26956587, 26956587, 26956587, 26956587, 26956587]",0,0,0,NPU,0,0,0,0,0,0,1.0,hot,0,0,0,0,1.0,0
0,205,meta-llama/Llama-3.1-8B,66,457,19361875512,129600811840,110238936328,94247538474,94327469047,40798634,"[26759908, 26759908, 26759908, 26759908, 26759908, 26759908, 26726923, 26726923, 26726923, 26726923, 26726923, 26726923, 26726923, 26726923, 26726923, 26726923, 26726923, 26726923, 26726923, 26726923, 26726923, 26695203, 26695203, 26695203, 26695203, 26695203, 26615821, 26615821, 26706189, 26706189, 26706189, 26706189, 26706189, 26706189, 26706189, 26706189, 26706189, 26706189, 26706189, 26706189, 26706189, 26706189, 26706189, 26706189, 26706189, 152591494, 26706189, 26706189, 95706700, 234765356, 425341037, 27761521, 27761521, 27761521, 27761521, 27761521, 27766321, 27766321, 27766321, 27773145, 27773145, 27773145, 27773145, 27773145, 27773145, 27685307, 27685307, 27685307, 1217021789, 27232760, 26695203, 26535544, 84777044, 27512576, 27512576, 27512576, 27512576, 27512576, 27512576, 27512576, 27512576, 27512576, 27512576, 27512576, 27512576, 27512576, 384465681, 27512576, 27512576, 27512576, 27512576, 27512576, 27512576, 27512576, 99560256, 27512576, 27512576, 27512576, 27512576, 27512576, 27278932, 37844582, 27278932, 27278932, 27278932, 27278932, 27278932, 27278932, 27278932, 27278932, 27278932, 27278932, 27278932, 27278932, 27278932, 27278932, 27278932, 455026457, 679076595, 27232760, 27232760, 27232760, 27232760, 27232760, 145361336, 27773145, 27773145, 27773145, 27773145, 27773145, 27773145, 27773145, 27773145, 27773145, 27773145, 27773145, 26287926, 26287926, 87968288, 27685307, 27685307, 27685307, 27685307, 27685307, 27685307, 27685307, 36503330, 27685307, 27685307, 27685307, 27685307, 27685307, 27685307, 27685307, 36330599, 27512576, 27512576, 36330599, 27512576, 27512576, 27512576, 27512576, 26349776, 25782115, 192543026, 27278932, 27278932, 36446480, 27278932, 27278932, 27278932, 27278932, 27278932, 27278932, 27278932, 27278932, 27278932, 27278932, 27278932, 27232760, 27232760, 27232760, 27232760, 27232760, 27232760, 27232760, 27232760, 27232760, 27232760, 27232760, 27232760, 27232760, 27232760, 27232760, 26956587, 26956587, 36620357, 27103283, 27103283, 27103283, 26997779, 36514853, 26997779, 26997779, 26997779, 26997779, 26997779, 26956587, 26956587, 26759908, 26759908, 26759908, 26726923, 26726923, 26726923, 26726923, 26726923, 26726923, 26726923, 26726923, 26726923, 26726923, 26695203, 313219711, 26956587, 267043744, 27773145, 27773145, 27773145, 27773145, 27773145, 27773145, 27773145, 27773145, 289236558, 27103283, 25884336, 233202074, 27685307, 27685307, 27685307, 27685307, 27685307, 27685307, 27685307, 27685307, 27512576, 27278932, 25138869, 25138869, 25138869, 25138869, 25138869, 53161013, 27512576, 72202195, 27685307, 25734236, 25304821, 25304821, 25304821, 25648437, 25648437, 25648437, 25648437, 25648437, 25648437, 25648437, 25648437, 139786632, 27278932, 27278932, 27278932, 27278932, 27278932, 59226323, 27061067, 25969703, 25969703, 25969703, 25969703, 25674687, 25674687, 25674687, 25674687, 26776903, 25648437, 25648437, 25648437, 25648437, 25648437, 25648437, 25648437, 25648437, 31816144, 27761521, 27761521, 27766321, 27766321, 27766321, 27766321, 27766321, 27766321, 27766321, 27766321, 27766321, 27766321, 26097524, 26097524, 26097524, 27685307, 27685307, 27685307, 27685307, 27685307, 27685307, 27685307, 27685307, 27685307, 27685307, 27685307, 27685307, 27685307, 27685307, 27685307, 27685307, 27685307, 27685307, 27512576, 27512576, 27512576, 27512576, 27512576, 27512576, 27512576, 27512576, 27512576, 27512576, 27512576, 27512576, 27278932, 27278932, 27278932, 27278932, 27278932, 27278932, 27278932, 27278932, 27232760, 27232760, 27232760, 27232760, 27103283, 27103283, 27061067, 27061067, 27061067, 27061067, 27061067, 27061067, 27061067, 27061067, 27061067, 26956587, 26956587, 26956587, 26956587, 26956587, 188231245, 26956587, 26956587, 26956587, 26956587, 26956587, 26956587, 26956587, 26956587, 26956587, 26956587, 26956587, 26956587, 26956587, 26956587, 26956587, 26956587, 26956587, 26956587, 26956587, 26956587, 26956587]",0,0,0,NPU,0,0,0,0,0,0,1.0,hot,0,0,0,0,1.0,0
0,244,meta-llama/Llama-3.1-8B,38,156,23063805313,130243049632,107179244319,103226374600,103285600923,33279003,"[497419170, 27761521, 27761521, 27766321, 27766321, 27766321, 27766321, 27766321, 27766321, 27766321, 27766321, 27766321, 27766321, 105977879, 27685307, 27685307, 27685307, 27685307, 27685307, 27685307, 27685307, 27685307, 27685307, 27685307, 27685307, 27685307, 27685307, 27685307, 27685307, 27685307, 27685307, 27512576, 27512576, 27512576, 27512576, 27512576, 27512576, 27512576, 27512576, 27512576, 27512576, 27512576, 27512576, 27278932, 27278932, 27278932, 27278932, 27278932, 27278932, 27278932, 27278932, 27232760, 27232760, 27232760, 27232760, 27103283, 27103283, 27061067, 27061067, 27061067, 27061067, 27061067, 27061067, 27061067, 27061067, 27061067, 26956587, 26956587, 26956587, 26956587, 26956587, 188231245, 26956587, 26956587, 26956587, 26956587, 26956587, 26956587, 26956587, 26956587, 26956587, 26956587, 26956587, 26956587, 26956587, 26956587, 26956587, 26956587, 26956587, 26956587, 26956587, 26956587, 26956587, 26759908, 26759908, 26759908, 26759908, 26759908, 26759908, 26759908, 26759908, 26759908, 26759908, 26759908, 26759908, 26759908, 26759908, 26759908, 26759908, 26759908, 26759908, 26759908, 26759908, 26759908, 26759908, 26759908, 26759908]",0,0,0,PCIE_NVME,0,6291456,0,6291456,6291456,6291456,1.0,hot,0,0,0,0,1.0,12582912
0,240,meta-llama/Llama-3.1-8B,305,442,22461911614,130899918423,108438006809,103145363310,103217565505,38385597,"[27685307, 642243810, 497419170, 27761521, 27761521, 27766321, 27766321, 27766321, 27766321, 27766321, 27766321, 27766321, 27766321, 27766321, 27766321, 105977879, 27685307, 27685307, 27685307, 27685307, 27685307, 27685307, 27685307, 27685307, 27685307, 27685307, 27685307, 27685307, 27685307, 27685307, 27685307, 27685307, 27685307, 27512576, 27512576, 27512576, 27512576, 27512576, 27512576, 27512576, 27512576, 27512576, 27512576, 27512576, 27512576, 27278932, 27278932, 27278932, 27278932, 27278932, 27278932, 27278932, 27278932, 27232760, 27232760, 27232760, 27232760, 27103283, 27103283, 27061067, 27061067, 27061067, 27061067, 27061067, 27061067, 27061067, 27061067, 27061067, 26956587, 26956587, 26956587, 26956587, 26956587, 188231245, 26956587, 26956587, 26956587, 26956587, 26956587, 26956587, 26956587, 26956587, 26956587, 26956587, 26956587, 26956587, 26956587, 26956587, 26956587, 26956587, 26956587, 26956587, 26956587, 26956587, 26956587, 26759908, 26759908, 26759908, 26759908, 26759908, 26759908, 26759908, 26759908, 26759908, 26759908, 26759908, 26759908, 26759908, 26759908, 26759908, 26759908, 26759908, 26759908, 26759908, 26759908, 26759908, 26759908, 26759908, 26759908, 26726923, 26726923, 26726923, 26726923, 26726923, 26726923, 26726923, 26726923, 229491783, 26695203, 26695203, 26695203, 26695203, 26695203, 26695203, 26695203, 26695203]",0,0,0,PCIE_NVME,0,41943040,0,41943040,41943040,41943040,1.0,hot,0,0,0,0,1.0,83886080
0,225,meta-llama/Llama-3.1-8B,160,427,20755716374,130975949892,110220233518,99868099695,100013461031,38371325,"[27773145, 27773145, 27773145, 27773145, 27773145, 27773145, 27773145, 27773145, 27773145, 27773145, 27773145, 140544140, 27685307, 27685307, 27685307, 27685307, 27685307, 27685307, 27685307, 36503330, 27685307, 27685307, 27685307, 27685307, 27685307, 27685307, 27685307, 36330599, 27512576, 27512576, 36330599, 27512576, 27512576, 27512576, 27512576, 244674917, 27278932, 27278932, 36446480, 27278932, 27278932, 27278932, 27278932, 27278932, 27278932, 27278932, 27278932, 27278932, 27278932, 27278932, 27232760, 27232760, 27232760, 27232760, 27232760, 27232760, 27232760, 27232760, 27232760, 27232760, 27232760, 27232760, 27232760, 27232760, 27232760, 26956587, 26956587, 36620357, 27103283, 27103283, 27103283, 26997779, 36514853, 26997779, 26997779, 26997779, 26997779, 26997779, 26956587, 26956587, 26759908, 26759908, 26759908, 26726923, 26726923, 26726923, 26726923, 26726923, 26726923, 26726923, 26726923, 26726923, 26726923, 26695203, 313219711, 26956587, 267043744, 27773145, 27773145, 27773145, 27773145, 27773145, 27773145, 27773145, 27773145, 289236558, 27103283, 259086410, 27685307, 27685307, 27685307, 27685307, 27685307, 27685307, 27685307, 27685307, 27512576, 27278932, 178855358, 27512576, 72202195, 27685307, 446622827, 27278932, 27278932, 27278932, 27278932, 27278932, 59226323, 27061067, 470358103, 27761521, 27761521, 27766321, 27766321, 27766321, 27766321, 27766321, 27766321, 27766321, 27766321, 27766321, 27766321, 105977879, 27685307, 27685307, 27685307, 27685307, 27685307, 27685307, 27685307, 27685307, 27685307, 27685307, 27685307, 27685307, 27685307, 27685307, 27685307, 27685307, 27685307, 27512576, 27512576, 27512576, 27512576, 27512576, 27512576, 27512576, 27512576, 27512576, 27512576, 27512576, 27512576, 27278932, 27278932, 27278932, 27278932, 27278932, 27278932, 27278932, 27278932, 27232760, 27232760, 27232760, 27232760, 27103283, 27103283, 27061067, 27061067, 27061067, 27061067, 27061067, 27061067, 27061067, 27061067, 27061067, 26956587, 26956587, 26956587, 26956587, 26956587, 188231245, 26956587, 26956587, 26956587, 26956587, 26956587, 26956587, 26956587, 26956587, 26956587, 26956587, 26956587, 26956587, 26956587, 26956587, 26956587, 26956587, 26956587, 26956587, 26956587, 26956587, 26956587, 26759908, 26759908, 26759908, 26759908, 26759908, 26759908, 26759908, 26759908, 26759908, 26759908, 26759908, 26759908, 26759908, 26759908, 26759908, 26759908, 26759908, 26759908, 26759908, 26759908, 26759908, 26759908, 26759908, 26759908, 26726923, 26726923, 26726923, 26726923, 26726923, 26726923, 26726923, 26726923, 229491783, 26695203, 26695203, 26695203, 26695203, 26695203, 26695203, 26695203, 26695203, 49240490, 26790979]",0,0,0,NPU,0,0,0,0,0,0,1.0,hot,0,0,0,0,1.0,0
0,203,meta-llama/Llama-3.1-8B,13,574,19267702158,131483367483,112215665325,80352790380,80669990851,56331561,"[28422327, 28422327, 5795935430, 27773145, 27773145, 27773145, 27773145, 27773145, 27773145, 27773145, 1263714391, 27685307, 27685307, 27685307, 27685307, 27685307, 27685307, 27685307, 27685307, 27512576, 27278932, 27278932, 27278932, 27278932, 27278932, 27278932, 27278932, 27278932, 27278932, 27278932, 27278932, 27278932, 27278932, 27278932, 27278932, 27278932, 27278932, 27278932, 27278932, 27278932, 27278932, 27278932, 27278932, 27278932, 27278932, 27278932, 27278932, 27278932, 27278932, 27278932, 27278932, 27278932, 27278932, 27278932, 27278932, 27278932, 27278932, 27232760, 27232760, 27232760, 27232760, 27232760, 27232760, 27232760, 27232760, 27232760, 27232760, 27232760, 27232760, 27232760, 27232760, 27232760, 27232760, 27232760, 4025046325, 26790979, 26790979, 214908095, 26615821, 26615821, 26615821, 26615821, 26615821, 26615821, 26615821, 26615821, 26615821, 26615821, 26615821, 26615821, 26615821, 79930573, 26759908, 26759908, 26759908, 26759908, 26759908, 26759908, 26726923, 26726923, 26726923, 26726923, 26726923, 26726923, 26726923, 26726923, 26726923, 26726923, 26726923, 26726923, 26726923, 26726923, 26726923, 26695203, 26695203, 26695203, 26695203, 26695203, 26615821, 26615821, 26706189, 26706189, 26706189, 26706189, 26706189, 26706189, 26706189, 26706189, 26706189, 26706189, 26706189, 26706189, 26706189, 26706189, 26706189, 26706189, 26706189, 152591494, 26706189, 26706189, 95706700, 234765356, 425341037, 27761521, 27761521, 27761521, 27761521, 27761521, 27766321, 27766321, 27766321, 27773145, 27773145, 27773145, 27773145, 27773145, 27773145, 27685307, 27685307, 27685307, 1217021789, 27232760, 26695203, 26535544, 84777044, 27512576, 27512576, 27512576, 27512576, 27512576, 27512576, 27512576, 27512576, 27512576, 27512576, 27512576, 27512576, 27512576, 384465681, 27512576, 27512576, 27512576, 27512576, 27512576, 27512576, 27512576, 99560256, 27512576, 27512576, 27512576, 27512576, 27512576, 27278932, 37844582, 27278932, 27278932, 27278932, 27278932, 27278932, 27278932, 27278932, 27278932, 27278932, 27278932, 27278932, 27278932, 27278932, 27278932, 27278932, 455026457, 679076595, 27232760, 27232760, 27232760, 27232760, 27232760, 145361336, 27773145, 27773145, 27773145, 27773145, 27773145, 27773145, 27773145, 27773145, 27773145, 27773145, 27773145, 26287926, 26287926, 87968288, 27685307, 27685307, 27685307, 27685307, 27685307, 27685307, 27685307, 36503330, 27685307, 27685307, 27685307, 27685307, 27685307, 27685307, 27685307, 36330599, 27512576, 27512576, 36330599, 27512576, 27512576, 27512576, 27512576, 26349776, 25782115, 192543026, 27278932, 27278932, 36446480, 27278932, 27278932, 27278932, 27278932, 27278932, 27278932, 27278932, 27278932, 27278932, 27278932, 27278932, 27232760, 27232760, 27232760, 27232760, 27232760, 27232760, 27232760, 27232760, 27232760, 27232760, 27232760, 27232760, 27232760, 27232760, 27232760, 26956587, 26956587, 36620357, 27103283, 27103283, 27103283, 26997779, 36514853, 26997779, 26997779, 26997779, 26997779, 26997779, 26956587, 26956587, 26759908, 26759908, 26759908, 26726923, 26726923, 26726923, 26726923, 26726923, 26726923, 26726923, 26726923, 26726923, 26726923, 26695203, 313219711, 26956587, 267043744, 27773145, 27773145, 27773145, 27773145, 27773145, 27773145, 27773145, 27773145, 289236558, 27103283, 25884336, 25335007, 25335007, 25335007, 25335007, 25674687, 25674687, 25674687, 25674687, 29163298, 27685307, 27685307, 27685307, 27685307, 27685307, 27685307, 27685307, 27685307, 27512576, 27278932, 25138869, 25138869, 25138869, 25138869, 25138869, 25648437, 27512576, 27512576, 72202195, 27685307, 25734236, 25304821, 25304821, 25304821, 25648437, 25648437, 25648437, 25648437, 25648437, 25648437, 25648437, 25648437, 139786632, 27278932, 27278932, 27278932, 27278932, 27278932, 59226323, 27061067, 25969703, 25969703, 25969703, 25969703, 25674687, 25674687, 25674687, 25674687, 26776903, 25648437, 25648437, 25648437, 25648437, 25648437, 25648437, 25648437, 25648437, 31816144, 27761521, 27761521, 27766321, 27766321, 27766321, 27766321, 27766321, 27766321, 27766321, 27766321, 27766321, 27766321, 26097524, 26097524, 26097524, 27685307, 27685307, 27685307, 27685307, 27685307, 27685307, 27685307, 27685307, 27685307, 27685307, 27685307, 27685307, 27685307, 27685307, 27685307, 27685307, 27685307, 27685307, 27512576, 27512576, 27512576, 27512576, 27512576, 27512576, 27512576, 27512576, 27512576, 27512576, 27512576, 27512576, 27278932, 27278932, 27278932, 27278932, 27278932, 27278932, 27278932, 27278932, 27232760, 27232760, 27232760, 27232760, 27103283, 27103283, 27061067, 27061067, 27061067, 27061067, 27061067, 27061067, 27061067, 27061067, 27061067, 26956587, 26956587, 26956587, 26956587, 26956587, 188231245, 26956587, 26956587, 26956587, 26956587, 26956587, 26956587, 26956587, 26956587, 26956587, 26956587, 26956587, 26956587, 26956587, 26956587, 26956587, 26956587, 26956587, 26956587, 26956587, 26956587, 26956587, 26759908, 26759908, 26759908, 26759908, 26759908, 26759908, 26759908, 26759908, 26759908, 26759908, 26759908, 26759908, 26759908, 26759908, 26759908, 26759908, 26759908, 26759908, 26759908, 26759908, 26759908, 26759908, 26759908, 26759908, 26726923, 26726923, 26726923, 26726923, 26726923, 26726923, 26726923, 26726923, 25763867, 25763867, 25763867, 25763867, 25763867, 25763867, 25763867, 49144714, 26695203, 26695203, 26695203, 26695203, 26695203, 26695203, 26695203, 26695203, 49240490, 26790979, 26706189, 26706189, 26706189, 26706189, 26706189, 26706189, 26706189, 26706189, 26706189, 26706189, 26706189, 26706189, 26706189, 26706189, 26706189, 26706189, 26706189, 26706189, 26706189]",0,0,0,PCIE_NVME,0,18874368,0,18874368,18874368,18874368,1.0,hot,0,0,0,0,1.0,37748736
0,246,meta-llama/Llama-3.1-8B,955,1051,23383251485,132042916263,108659664778,105463240783,105651472028,31665186,"[26956587, 26956587, 26956587, 26956587, 26956587, 26956587, 26956587, 26956587, 26956587, 26956587, 26956587, 26956587, 26956587, 26956587, 26956587, 26956587, 26956587, 26956587, 26956587, 26956587, 26956587, 26759908, 26759908, 26759908, 26759908, 26759908, 26759908, 26759908, 26759908, 26759908, 26759908, 26759908, 26759908, 26759908, 26759908, 26759908, 26759908, 26759908, 26759908, 26759908, 26759908, 26759908, 26759908, 26759908, 26759908, 26726923, 26726923, 26726923, 26726923, 26726923, 26726923, 26726923, 26726923, 492293897, 26790979, 26706189, 26706189, 26706189, 26706189, 26706189, 26706189, 26706189, 26706189, 26706189, 26706189, 26706189, 26706189, 26706189, 26706189, 26706189, 26706189, 26706189, 26706189, 26706189, 26645180, 26645180, 26645180, 26645180, 26645180, 26645180, 26645180, 26645180, 26645180, 26645180, 26645180, 26645180, 26645180, 26645180, 26645180, 26645180, 26645180, 26645180, 26645180, 26645180, 26645180]",0,0,0,PCIE_NVME,0,134217728,0,134217728,134217728,134217728,1.0,hot,0,0,0,0,1.0,268435456
0,242,meta-llama/Llama-3.1-8B,41,240,23016018843,137010486811,113994467968,103274161070,103333387393,53843841,"[497419170, 27761521, 27761521, 27766321, 27766321, 27766321, 27766321, 27766321, 27766321, 27766321, 27766321, 27766321, 27766321, 105977879, 27685307, 27685307, 27685307, 27685307, 27685307, 27685307, 27685307, 27685307, 27685307, 27685307, 27685307, 27685307, 27685307, 27685307, 27685307, 27685307, 27685307, 27512576, 27512576, 27512576, 27512576, 27512576, 27512576, 27512576, 27512576, 27512576, 27512576, 27512576, 27512576, 27278932, 27278932, 27278932, 27278932, 27278932, 27278932, 27278932, 27278932, 27232760, 27232760, 27232760, 27232760, 27103283, 27103283, 27061067, 27061067, 27061067, 27061067, 27061067, 27061067, 27061067, 27061067, 27061067, 26956587, 26956587, 26956587, 26956587, 26956587, 188231245, 26956587, 26956587, 26956587, 26956587, 26956587, 26956587, 26956587, 26956587, 26956587, 26956587, 26956587, 26956587, 26956587, 26956587, 26956587, 26956587, 26956587, 26956587, 26956587, 26956587, 26956587, 26759908, 26759908, 26759908, 26759908, 26759908, 26759908, 26759908, 26759908, 26759908, 26759908, 26759908, 26759908, 26759908, 26759908, 26759908, 26759908, 26759908, 26759908, 26759908, 26759908, 26759908, 26759908, 26759908, 26759908, 26726923, 26726923, 26726923, 26726923, 26726923, 26726923, 26726923, 26726923, 229491783, 26695203, 26695203, 26695203, 26695203, 26695203, 26695203, 26695203, 26695203, 49240490, 26790979, 26706189, 26706189, 26706189, 26706189, 26706189, 26706189, 26706189, 26706189, 26706189, 26706189, 26706189, 26706189, 26706189, 26706189, 26706189, 26706189, 26706189, 26706189, 26706189, 26645180, 26645180, 26645180, 26645180, 26645180, 26645180, 26645180, 26645180, 26645180, 26645180, 26645180, 26645180, 26645180, 26645180, 26645180, 26645180, 26645180, 26645180, 26645180, 26645180, 26645180, 247165946, 158661515, 26444528, 26444528, 26444528, 3309180145, 26706189, 26706189, 26380886, 26380886, 776165400, 26444528, 26444528, 26444528, 26444528, 26444528, 26444528, 26444528, 26444528, 26444528, 26444528, 26444528]",0,0,0,NPU,0,0,0,0,0,0,1.0,hot,0,0,0,0,1.0,0
0,245,meta-llama/Llama-3.1-8B,24,240,23327357658,137538583891,114211226233,103487651604,103519467748,49729109,"[27761521, 27761521, 27766321, 27766321, 27766321, 27766321, 27766321, 27766321, 27766321, 27766321, 27766321, 27766321, 105977879, 27685307, 27685307, 27685307, 27685307, 27685307, 27685307, 27685307, 27685307, 27685307, 27685307, 27685307, 27685307, 27685307, 27685307, 27685307, 27685307, 27685307, 27512576, 27512576, 27512576, 27512576, 27512576, 27512576, 27512576, 27512576, 27512576, 27512576, 27512576, 27512576, 27278932, 27278932, 27278932, 27278932, 27278932, 27278932, 27278932, 27278932, 27232760, 27232760, 27232760, 27232760, 27103283, 27103283, 27061067, 27061067, 27061067, 27061067, 27061067, 27061067, 27061067, 27061067, 27061067, 26956587, 26956587, 26956587, 26956587, 26956587, 188231245, 26956587, 26956587, 26956587, 26956587, 26956587, 26956587, 26956587, 26956587, 26956587, 26956587, 26956587, 26956587, 26956587, 26956587, 26956587, 26956587, 26956587, 26956587, 26956587, 26956587, 26956587, 26759908, 26759908, 26759908, 26759908, 26759908, 26759908, 26759908, 26759908, 26759908, 26759908, 26759908, 26759908, 26759908, 26759908, 26759908, 26759908, 26759908, 26759908, 26759908, 26759908, 26759908, 26759908, 26759908, 26759908, 26726923, 26726923, 26726923, 26726923, 26726923, 26726923, 26726923, 26726923, 229491783, 26695203, 26695203, 26695203, 26695203, 26695203, 26695203, 26695203, 26695203, 49240490, 26790979, 26706189, 26706189, 26706189, 26706189, 26706189, 26706189, 26706189, 26706189, 26706189, 26706189, 26706189, 26706189, 26706189, 26706189, 26706189, 26706189, 26706189, 26706189, 26706189, 26645180, 26645180, 26645180, 26645180, 26645180, 26645180, 26645180, 26645180, 26645180, 26645180, 26645180, 26645180, 26645180, 26645180, 26645180, 26645180, 26645180, 26645180, 26645180, 26645180, 26645180, 247165946, 158661515, 26444528, 26444528, 26444528, 3309180145, 26706189, 26706189, 828927172, 26444528, 26444528, 26444528, 26444528, 26444528, 26444528, 26444528, 26444528, 26444528, 26444528, 26444528, 26380886, 26380886, 26380886, 26380886, 26380886, 26380886, 26380886, 26380886, 26380886, 26380886, 26428822, 26428822, 26428822, 26428822, 26428822, 26428822, 26428822, 26428822, 26428822, 26428822]",0,0,0,NPU,0,0,0,0,0,0,1.0,hot,0,0,0,0,1.0,0
0,219,meta-llama/Llama-3.1-8B,10,464,20450067246,137966258387,117516191141,94743164048,94977929404,49753337,"[425341037, 27761521, 27761521, 27761521, 27761521, 27761521, 27766321, 27766321, 27766321, 27773145, 27773145, 27773145, 27773145, 27773145, 27773145, 27685307, 27685307, 27685307, 1382262340, 27512576, 27512576, 27512576, 27512576, 27512576, 27512576, 27512576, 27512576, 27512576, 27512576, 27512576, 27512576, 27512576, 384465681, 27512576, 27512576, 27512576, 27512576, 27512576, 27512576, 27512576, 99560256, 27512576, 27512576, 27512576, 27512576, 27512576, 27278932, 37844582, 27278932, 27278932, 27278932, 27278932, 27278932, 27278932, 27278932, 27278932, 27278932, 27278932, 27278932, 27278932, 27278932, 27278932, 27278932, 455026457, 679076595, 27232760, 27232760, 27232760, 27232760, 27232760, 145361336, 27773145, 27773145, 27773145, 27773145, 27773145, 27773145, 27773145, 27773145, 27773145, 27773145, 27773145, 140544140, 27685307, 27685307, 27685307, 27685307, 27685307, 27685307, 27685307, 36503330, 27685307, 27685307, 27685307, 27685307, 27685307, 27685307, 27685307, 36330599, 27512576, 27512576, 36330599, 27512576, 27512576, 27512576, 27512576, 244674917, 27278932, 27278932, 36446480, 27278932, 27278932, 27278932, 27278932, 27278932, 27278932, 27278932, 27278932, 27278932, 27278932, 27278932, 27232760, 27232760, 27232760, 27232760, 27232760, 27232760, 27232760, 27232760, 27232760, 27232760, 27232760, 27232760, 27232760, 27232760, 27232760, 26956587, 26956587, 36620357, 27103283, 27103283, 27103283, 26997779, 36514853, 26997779, 26997779, 26997779, 26997779, 26997779, 26956587, 26956587, 26759908, 26759908, 26759908, 26726923, 26726923, 26726923, 26726923, 26726923, 26726923, 26726923, 26726923, 26726923, 26726923, 26695203, 313219711, 26956587, 267043744, 27773145, 27773145, 27773145, 27773145, 27773145, 27773145, 27773145, 27773145, 289236558, 27103283, 259086410, 27685307, 27685307, 27685307, 27685307, 27685307, 27685307, 27685307, 27685307, 27512576, 27278932, 178855358, 27512576, 72202195, 27685307, 446622827, 27278932, 27278932, 27278932, 27278932, 27278932, 59226323, 27061067, 470358103, 27761521, 27761521, 27766321, 27766321, 27766321, 27766321, 27766321, 27766321, 27766321, 27766321, 27766321, 27766321, 105977879, 27685307, 27685307, 27685307, 27685307, 27685307, 27685307, 27685307, 27685307, 27685307, 27685307, 27685307, 27685307, 27685307, 27685307, 27685307, 27685307, 27685307, 27512576, 27512576, 27512576, 27512576, 27512576, 27512576, 27512576, 27512576, 27512576, 27512576, 27512576, 27512576, 27278932, 27278932, 27278932, 27278932, 27278932, 27278932, 27278932, 27278932, 27232760, 27232760, 27232760, 27232760, 27103283, 27103283, 27061067, 27061067, 27061067, 27061067, 27061067, 27061067, 27061067, 27061067, 27061067, 26956587, 26956587, 26956587, 26956587, 26956587, 188231245, 26956587, 26956587, 26956587, 26956587, 26956587, 26956587, 26956587, 26956587, 26956587, 26956587, 26956587, 26956587, 26956587, 26956587, 26956587, 26956587, 26956587, 26956587, 26956587, 26956587, 26956587, 26759908, 26759908, 26759908, 26759908, 26759908, 26759908, 26759908, 26759908, 26759908, 26759908, 26759908, 26759908, 26759908, 26759908, 26759908, 26759908, 26759908, 26759908, 26759908, 26759908, 26759908, 26759908, 26759908, 26759908, 26726923, 26726923, 26726923, 26726923, 26726923, 26726923, 26726923, 26726923, 229491783, 26695203, 26695203, 26695203, 26695203, 26695203, 26695203, 26695203, 26695203, 49240490, 26790979, 26706189, 26706189, 26706189, 26706189, 26706189, 26706189, 26706189, 26706189, 26706189, 26706189, 26706189, 26706189, 26706189, 26706189, 26706189, 26706189, 26706189, 26706189, 26706189, 26645180, 26645180, 26645180, 26645180, 26645180, 26645180, 26645180, 26645180, 26645180, 26645180, 26645180, 26645180, 26645180, 26645180, 26645180, 26645180, 26645180, 26645180, 26645180, 26645180, 26645180, 247165946, 25954302, 25954302, 25954302, 80798609, 26444528, 26444528, 26444528, 25997827, 25997827, 25997827, 266183194, 2965003470, 26706189, 26706189, 26380886, 26380886, 26042517, 26042517, 26042517, 25897854, 25897854, 25897854, 25897854, 25897854, 25897854, 25897854, 25897854, 490855017, 26444528, 26444528, 26444528, 26444528, 26444528, 26444528, 26444528, 26444528, 26444528, 26444528, 26444528, 26380886, 26380886, 26380886, 26380886, 26380886, 26380886, 26380886, 26380886, 26380886, 26380886, 26428822, 26428822, 26428822, 26428822, 26428822, 26428822, 26428822, 26428822, 26428822, 26428822, 26729656, 26729656, 26729656, 26729656, 26729656, 26729656, 26729656, 26729656, 26729656, 26729656, 26729656, 26729656, 26729656, 26729656, 26729656, 26729656]",0,0,0,PCIE_NVME,0,14680064,0,14680064,14680064,14680064,1.0,hot,0,0,0,0,1.0,29360128
0,230,meta-llama/Llama-3.1-8B,114,391,21647607547,137966258387,116318650840,102072194026,102385413737,50482743,"[26956587, 267043744, 27773145, 27773145, 27773145, 27773145, 27773145, 27773145, 27773145, 27773145, 289236558, 27103283, 259086410, 27685307, 27685307, 27685307, 27685307, 27685307, 27685307, 27685307, 27685307, 27512576, 27278932, 178855358, 27512576, 72202195, 27685307, 446622827, 27278932, 27278932, 27278932, 27278932, 27278932, 59226323, 27061067, 470358103, 27761521, 27761521, 27766321, 27766321, 27766321, 27766321, 27766321, 27766321, 27766321, 27766321, 27766321, 27766321, 105977879, 27685307, 27685307, 27685307, 27685307, 27685307, 27685307, 27685307, 27685307, 27685307, 27685307, 27685307, 27685307, 27685307, 27685307, 27685307, 27685307, 27685307, 27512576, 27512576, 27512576, 27512576, 27512576, 27512576, 27512576, 27512576, 27512576, 27512576, 27512576, 27512576, 27278932, 27278932, 27278932, 27278932, 27278932, 27278932, 27278932, 27278932, 27232760, 27232760, 27232760, 27232760, 27103283, 27103283, 27061067, 27061067, 27061067, 27061067, 27061067, 27061067, 27061067, 27061067, 27061067, 26956587, 26956587, 26956587, 26956587, 26956587, 188231245, 26956587, 26956587, 26956587, 26956587, 26956587, 26956587, 26956587, 26956587, 26956587, 26956587, 26956587, 26956587, 26956587, 26956587, 26956587, 26956587, 26956587, 26956587, 26956587, 26956587, 26956587, 26759908, 26759908, 26759908, 26759908, 26759908, 26759908, 26759908, 26759908, 26759908, 26759908, 26759908, 26759908, 26759908, 26759908, 26759908, 26759908, 26759908, 26759908, 26759908, 26759908, 26759908, 26759908, 26759908, 26759908, 26726923, 26726923, 26726923, 26726923, 26726923, 26726923, 26726923, 26726923, 229491783, 26695203, 26695203, 26695203, 26695203, 26695203, 26695203, 26695203, 26695203, 49240490, 26790979, 26706189, 26706189, 26706189, 26706189, 26706189, 26706189, 26706189, 26706189, 26706189, 26706189, 26706189, 26706189, 26706189, 26706189, 26706189, 26706189, 26706189, 26706189, 26706189, 26645180, 26645180, 26645180, 26645180, 26645180, 26645180, 26645180, 26645180, 26645180, 26645180, 26645180, 26645180, 26645180, 26645180, 26645180, 26645180, 26645180, 26645180, 26645180, 26645180, 26645180, 247165946, 158661515, 26444528, 26444528, 26444528, 25997827, 25997827, 25997827, 266183194, 2965003470, 26706189, 26706189, 26380886, 26380886, 26042517, 26042517, 26042517, 698037849, 26444528, 26444528, 26444528, 26444528, 26444528, 26444528, 26444528, 26444528, 26444528, 26444528, 26444528, 26380886, 26380886, 26380886, 26380886, 26380886, 26380886, 26380886, 26380886, 26380886, 26380886, 26428822, 26428822, 26428822, 26428822, 26428822, 26428822, 26428822, 26428822, 26428822, 26428822, 26729656, 26729656, 26729656, 26729656, 26729656, 26729656, 26729656, 26729656, 26729656, 26729656, 26729656, 26729656, 26729656, 26729656, 26729656, 26729656]",0,0,0,NPU,0,0,0,0,0,0,1.0,hot,0,0,0,0,1.0,0
0,206,meta-llama/Llama-3.1-8B,94,858,19372575202,140399860530,121027285328,94236838784,94316769357,35007229,"[26759908, 26759908, 26759908, 26759908, 26759908, 26759908, 26726923, 26726923, 26726923, 26726923, 26726923, 26726923, 26726923, 26726923, 26726923, 26726923, 26726923, 26726923, 26726923, 26726923, 26726923, 26695203, 26695203, 26695203, 26695203, 26695203, 26615821, 26615821, 26706189, 26706189, 26706189, 26706189, 26706189, 26706189, 26706189, 26706189, 26706189, 26706189, 26706189, 26706189, 26706189, 26706189, 26706189, 26706189, 26706189, 152591494, 26706189, 26706189, 95706700, 234765356, 425341037, 27761521, 27761521, 27761521, 27761521, 27761521, 27766321, 27766321, 27766321, 27773145, 27773145, 27773145, 27773145, 27773145, 27773145, 27685307, 27685307, 27685307, 1217021789, 27232760, 26695203, 26535544, 84777044, 27512576, 27512576, 27512576, 27512576, 27512576, 27512576, 27512576, 27512576, 27512576, 27512576, 27512576, 27512576, 27512576, 384465681, 27512576, 27512576, 27512576, 27512576, 27512576, 27512576, 27512576, 99560256, 27512576, 27512576, 27512576, 27512576, 27512576, 27278932, 37844582, 27278932, 27278932, 27278932, 27278932, 27278932, 27278932, 27278932, 27278932, 27278932, 27278932, 27278932, 27278932, 27278932, 27278932, 27278932, 455026457, 679076595, 27232760, 27232760, 27232760, 27232760, 27232760, 145361336, 27773145, 27773145, 27773145, 27773145, 27773145, 27773145, 27773145, 27773145, 27773145, 27773145, 27773145, 26287926, 26287926, 87968288, 27685307, 27685307, 27685307, 27685307, 27685307, 27685307, 27685307, 36503330, 27685307, 27685307, 27685307, 27685307, 27685307, 27685307, 27685307, 36330599, 27512576, 27512576, 36330599, 27512576, 27512576, 27512576, 27512576, 26349776, 25782115, 192543026, 27278932, 27278932, 36446480, 27278932, 27278932, 27278932, 27278932, 27278932, 27278932, 27278932, 27278932, 27278932, 27278932, 27278932, 27232760, 27232760, 27232760, 27232760, 27232760, 27232760, 27232760, 27232760, 27232760, 27232760, 27232760, 27232760, 27232760, 27232760, 27232760, 26956587, 26956587, 36620357, 27103283, 27103283, 27103283, 26997779, 36514853, 26997779, 26997779, 26997779, 26997779, 26997779, 26956587, 26956587, 26759908, 26759908, 26759908, 26726923, 26726923, 26726923, 26726923, 26726923, 26726923, 26726923, 26726923, 26726923, 26726923, 26695203, 313219711, 26956587, 267043744, 27773145, 27773145, 27773145, 27773145, 27773145, 27773145, 27773145, 27773145, 289236558, 27103283, 25884336, 233202074, 27685307, 27685307, 27685307, 27685307, 27685307, 27685307, 27685307, 27685307, 27512576, 27278932, 25138869, 25138869, 25138869, 25138869, 25138869, 53161013, 27512576, 72202195, 27685307, 446622827, 27278932, 27278932, 27278932, 27278932, 27278932, 59226323, 27061067, 25969703, 25969703, 25969703, 25969703, 25674687, 25674687, 25674687, 25674687, 263780543, 27761521, 27761521, 27766321, 27766321, 27766321, 27766321, 27766321, 27766321, 27766321, 27766321, 27766321, 27766321, 26097524, 26097524, 26097524, 27685307, 27685307, 27685307, 27685307, 27685307, 27685307, 27685307, 27685307, 27685307, 27685307, 27685307, 27685307, 27685307, 27685307, 27685307, 27685307, 27685307, 27685307, 27512576, 27512576, 27512576, 27512576, 27512576, 27512576, 27512576, 27512576, 27512576, 27512576, 27512576, 27512576, 27278932, 27278932, 27278932, 27278932, 27278932, 27278932, 27278932, 27278932, 27232760, 27232760, 27232760, 27232760, 27103283, 27103283, 27061067, 27061067, 27061067, 27061067, 27061067, 27061067, 27061067, 27061067, 27061067, 26956587, 26956587, 26956587, 26956587, 26956587, 188231245, 26956587, 26956587, 26956587, 26956587, 26956587, 26956587, 26956587, 26956587, 26956587, 26956587, 26956587, 26956587, 26956587, 26956587, 26956587, 26956587, 26956587, 26956587, 26956587, 26956587, 26956587, 26759908, 26759908, 26759908, 26759908, 26759908, 26759908, 26759908, 26759908, 26759908, 26759908, 26759908, 26759908, 26759908, 26759908, 26759908, 26759908, 26759908, 26759908, 26759908, 26759908, 26759908, 26759908, 26759908, 26759908, 26726923, 26726923, 26726923, 26726923, 26726923, 26726923, 26726923, 26726923, 25763867, 25763867, 25763867, 25763867, 25763867, 25763867, 25763867, 49144714, 26695203, 26695203, 26695203, 26695203, 26695203, 26695203, 26695203, 26695203, 49240490, 26790979, 26706189, 26706189, 26706189, 26706189, 26706189, 26706189, 26706189, 26706189, 26706189, 26706189, 26706189, 26706189, 26706189, 26706189, 26706189, 26706189, 26706189, 26706189, 26706189, 26645180, 26645180, 26645180, 26645180, 26645180, 26645180, 26645180, 26645180, 26645180, 26645180, 26645180, 26645180, 26645180, 26645180, 26645180, 26645180, 26645180, 26645180, 26645180, 26645180, 26645180, 247165946, 25954302, 25954302, 25954302, 25904021, 25904021, 28990567, 26444528, 26444528, 26444528, 25997827, 25997827, 25997827, 26581534, 26581534, 26581534, 26581534, 26581534, 26581534, 26581534, 26581534, 26581534, 26949388, 25487317, 25732479, 25732479, 25732479, 25732479, 25732479, 25732479, 25732479, 25904021, 25904021, 25904021, 25904021, 25904021, 25904021, 25904021, 27314833, 25487317, 25487317, 25487317, 25487317, 25487317, 25487317, 25487317, 25487317, 25487317, 25487317, 25487317, 25487317, 25487317, 25491349, 25491349, 26542807, 25763867, 25763867, 25763867, 25763867, 25763867, 25763867, 25763867, 25763867, 25763867, 25763867, 25763867, 25763867, 25763867, 25763867, 25763867, 27401061, 26971646, 26971646, 26971646, 26971646, 26971646, 26971646, 26971646, 26971646, 26971646, 26971646, 26971646, 26971646, 26971646, 26971646, 26971646, 26542807, 26016091, 26016091, 26016091, 26016091, 26016091, 26016091, 26016091, 26016091, 26016091, 26016091, 26016091, 26016091, 26016091, 26016091, 26016091, 27756869, 27327454, 27327454, 27327454, 27327454, 27327454, 27327454, 27327454, 27327454, 27327454, 27327454, 27327454, 27327454, 27327454, 27327454, 27327454, 27756869, 27327454, 27327454, 27327454, 27327454, 27327454, 27327454, 27327454, 27327454, 27327454, 27327454, 27327454, 27327454, 27327454, 27327454, 27327454, 31329908, 26706189, 26706189, 26380886, 26380886, 26042517, 26042517, 26042517, 25897854, 25897854, 25897854, 25897854, 25897854, 25897854, 25897854, 25897854, 27756869, 27706814, 27706814, 27706814, 27706814, 27706814, 27706814, 27706814, 27706814, 27706814, 27706814, 27706814, 27706814, 27706814, 27706814, 27706814, 47495938, 26444528, 26444528, 26444528, 26444528, 26444528, 26444528, 26444528, 26444528, 26444528, 26444528, 26444528, 26380886, 26380886, 26380886, 26380886, 26380886, 26380886, 26380886, 26380886, 26380886, 26380886, 26428822, 26428822, 26428822, 26428822, 26428822, 26428822, 26428822, 26428822, 26428822, 26428822, 26729656, 26729656, 26729656, 26729656, 26729656, 26729656, 26729656, 26729656, 26729656, 26729656, 26729656, 26729656, 26729656, 26729656, 26729656, 26729656, 55118365, 26726923, 26726923, 26726923, 26042517, 26368885, 26368885, 26368885, 26368885, 26368885, 26368885, 25921863, 25921863, 25921863, 25921863, 25921863, 26933559, 26154619, 26154619, 26154619, 26154619, 26154619, 26154619, 26154619, 26154619, 26357563, 26357563, 26357563, 26357563, 26357563, 26357563, 26357563, 27136503, 26357563, 26357563, 26357563, 26357563, 26357563, 26357563, 26357563, 26357563, 26357563, 26357563, 26357563, 26357563, 26357563, 26357563, 26357563, 27575815, 26447349, 26447349, 26447349, 26447349, 26447349, 26447349, 26447349, 26447349, 26447349, 26447349, 26447349, 26447349, 26447349, 26447349, 26447349, 28473797, 28276670, 28276670, 28276670, 28276670, 28276670, 28276670, 28276670, 28276670, 28276670, 28276670, 28276670, 28276670, 28276670, 28276670, 28276670, 27136503, 26357563, 26357563, 26357563, 26357563, 26357563, 26357563, 26357563, 26357563, 26357563]",0,0,0,NPU,0,0,0,0,0,0,1.0,hot,0,0,0,0,1.0,0
0,238,meta-llama/Llama-3.1-8B,28,310,22160309943,140764301934,118603991991,101899667928,102166711672,58495659,"[27773145, 27773145, 27773145, 27773145, 27773145, 27773145, 27773145, 27773145, 289236558, 286189693, 27685307, 27685307, 27685307, 27685307, 27685307, 27685307, 27685307, 27685307, 27512576, 206134290, 27512576, 72202195, 27685307, 446622827, 27278932, 27278932, 27278932, 27278932, 27278932, 59226323, 497419170, 27761521, 27761521, 27766321, 27766321, 27766321, 27766321, 27766321, 27766321, 27766321, 27766321, 27766321, 27766321, 105977879, 27685307, 27685307, 27685307, 27685307, 27685307, 27685307, 27685307, 27685307, 27685307, 27685307, 27685307, 27685307, 27685307, 27685307, 27685307, 27685307, 27685307, 27512576, 27512576, 27512576, 27512576, 27512576, 27512576, 27512576, 27512576, 27512576, 27512576, 27512576, 27512576, 27278932, 27278932, 27278932, 27278932, 27278932, 27278932, 27278932, 27278932, 27232760, 27232760, 27232760, 27232760, 27103283, 27103283, 27061067, 27061067, 27061067, 27061067, 27061067, 27061067, 27061067, 27061067, 27061067, 26956587, 26956587, 26956587, 26956587, 26956587, 188231245, 26956587, 26956587, 26956587, 26956587, 26956587, 26956587, 26956587, 26956587, 26956587, 26956587, 26956587, 26956587, 26956587, 26956587, 26956587, 26956587, 26956587, 26956587, 26956587, 26956587, 26956587, 26759908, 26759908, 26759908, 26759908, 26759908, 26759908, 26759908, 26759908, 26759908, 26759908, 26759908, 26759908, 26759908, 26759908, 26759908, 26759908, 26759908, 26759908, 26759908, 26759908, 26759908, 26759908, 26759908, 26759908, 26726923, 26726923, 26726923, 26726923, 26726923, 26726923, 26726923, 26726923, 229491783, 26695203, 26695203, 26695203, 26695203, 26695203, 26695203, 26695203, 26695203, 49240490, 26790979, 26706189, 26706189, 26706189, 26706189, 26706189, 26706189, 26706189, 26706189, 26706189, 26706189, 26706189, 26706189, 26706189, 26706189, 26706189, 26706189, 26706189, 26706189, 26706189, 26645180, 26645180, 26645180, 26645180, 26645180, 26645180, 26645180, 26645180, 26645180, 26645180, 26645180, 26645180, 26645180, 26645180, 26645180, 26645180, 26645180, 26645180, 26645180, 26645180, 26645180, 247165946, 158661515, 26444528, 26444528, 26444528, 3309180145, 26706189, 26706189, 26380886, 26380886, 776165400, 26444528, 26444528, 26444528, 26444528, 26444528, 26444528, 26444528, 26444528, 26444528, 26444528, 26444528, 26380886, 26380886, 26380886, 26380886, 26380886, 26380886, 26380886, 26380886, 26380886, 26380886, 26428822, 26428822, 26428822, 26428822, 26428822, 26428822, 26428822, 26428822, 26428822, 26428822, 26729656, 26729656, 26729656, 26729656, 26729656, 26729656, 26729656, 26729656, 26729656, 26729656, 26729656, 26729656, 26729656, 26729656, 26729656, 26729656, 55118365, 26726923, 26726923, 26726923, 2335951293, 27232760, 27232760, 27232760, 27232760, 27232760, 27232760, 27232760, 27232760, 27232760, 27232760, 27232760, 27232760]",0,0,0,NPU,0,0,0,0,0,0,1.0,hot,0,0,0,0,1.0,0
0,217,meta-llama/Llama-3.1-8B,71,588,20155994258,141169690635,121013696377,95037237036,95272002392,49887003,"[425341037, 27761521, 27761521, 27761521, 27761521, 27761521, 27766321, 27766321, 27766321, 27773145, 27773145, 27773145, 27773145, 27773145, 27773145, 27685307, 27685307, 27685307, 1217021789, 27232760, 138007791, 27512576, 27512576, 27512576, 27512576, 27512576, 27512576, 27512576, 27512576, 27512576, 27512576, 27512576, 27512576, 27512576, 384465681, 27512576, 27512576, 27512576, 27512576, 27512576, 27512576, 27512576, 99560256, 27512576, 27512576, 27512576, 27512576, 27512576, 27278932, 37844582, 27278932, 27278932, 27278932, 27278932, 27278932, 27278932, 27278932, 27278932, 27278932, 27278932, 27278932, 27278932, 27278932, 27278932, 27278932, 455026457, 679076595, 27232760, 27232760, 27232760, 27232760, 27232760, 145361336, 27773145, 27773145, 27773145, 27773145, 27773145, 27773145, 27773145, 27773145, 27773145, 27773145, 27773145, 140544140, 27685307, 27685307, 27685307, 27685307, 27685307, 27685307, 27685307, 36503330, 27685307, 27685307, 27685307, 27685307, 27685307, 27685307, 27685307, 36330599, 27512576, 27512576, 36330599, 27512576, 27512576, 27512576, 27512576, 244674917, 27278932, 27278932, 36446480, 27278932, 27278932, 27278932, 27278932, 27278932, 27278932, 27278932, 27278932, 27278932, 27278932, 27278932, 27232760, 27232760, 27232760, 27232760, 27232760, 27232760, 27232760, 27232760, 27232760, 27232760, 27232760, 27232760, 27232760, 27232760, 27232760, 26956587, 26956587, 36620357, 27103283, 27103283, 27103283, 26997779, 36514853, 26997779, 26997779, 26997779, 26997779, 26997779, 26956587, 26956587, 26759908, 26759908, 26759908, 26726923, 26726923, 26726923, 26726923, 26726923, 26726923, 26726923, 26726923, 26726923, 26726923, 26695203, 313219711, 26956587, 267043744, 27773145, 27773145, 27773145, 27773145, 27773145, 27773145, 27773145, 27773145, 289236558, 27103283, 259086410, 27685307, 27685307, 27685307, 27685307, 27685307, 27685307, 27685307, 27685307, 27512576, 27278932, 178855358, 27512576, 72202195, 27685307, 446622827, 27278932, 27278932, 27278932, 27278932, 27278932, 59226323, 27061067, 470358103, 27761521, 27761521, 27766321, 27766321, 27766321, 27766321, 27766321, 27766321, 27766321, 27766321, 27766321, 27766321, 105977879, 27685307, 27685307, 27685307, 27685307, 27685307, 27685307, 27685307, 27685307, 27685307, 27685307, 27685307, 27685307, 27685307, 27685307, 27685307, 27685307, 27685307, 27512576, 27512576, 27512576, 27512576, 27512576, 27512576, 27512576, 27512576, 27512576, 27512576, 27512576, 27512576, 27278932, 27278932, 27278932, 27278932, 27278932, 27278932, 27278932, 27278932, 27232760, 27232760, 27232760, 27232760, 27103283, 27103283, 27061067, 27061067, 27061067, 27061067, 27061067, 27061067, 27061067, 27061067, 27061067, 26956587, 26956587, 26956587, 26956587, 26956587, 188231245, 26956587, 26956587, 26956587, 26956587, 26956587, 26956587, 26956587, 26956587, 26956587, 26956587, 26956587, 26956587, 26956587, 26956587, 26956587, 26956587, 26956587, 26956587, 26956587, 26956587, 26956587, 26759908, 26759908, 26759908, 26759908, 26759908, 26759908, 26759908, 26759908, 26759908, 26759908, 26759908, 26759908, 26759908, 26759908, 26759908, 26759908, 26759908, 26759908, 26759908, 26759908, 26759908, 26759908, 26759908, 26759908, 26726923, 26726923, 26726923, 26726923, 26726923, 26726923, 26726923, 26726923, 229491783, 26695203, 26695203, 26695203, 26695203, 26695203, 26695203, 26695203, 26695203, 49240490, 26790979, 26706189, 26706189, 26706189, 26706189, 26706189, 26706189, 26706189, 26706189, 26706189, 26706189, 26706189, 26706189, 26706189, 26706189, 26706189, 26706189, 26706189, 26706189, 26706189, 26645180, 26645180, 26645180, 26645180, 26645180, 26645180, 26645180, 26645180, 26645180, 26645180, 26645180, 26645180, 26645180, 26645180, 26645180, 26645180, 26645180, 26645180, 26645180, 26645180, 26645180, 247165946, 25954302, 25954302, 25954302, 80798609, 26444528, 26444528, 26444528, 25997827, 25997827, 25997827, 266183194, 25487317, 388770333, 25487317, 25487317, 25487317, 25487317, 25487317, 25487317, 25487317, 25487317, 25487317, 25487317, 25487317, 25487317, 25487317, 25491349, 25491349, 2168428001, 26706189, 26706189, 26380886, 26380886, 26042517, 26042517, 26042517, 25897854, 25897854, 25897854, 25897854, 25897854, 25897854, 25897854, 25897854, 490855017, 26444528, 26444528, 26444528, 26444528, 26444528, 26444528, 26444528, 26444528, 26444528, 26444528, 26444528, 26380886, 26380886, 26380886, 26380886, 26380886, 26380886, 26380886, 26380886, 26380886, 26380886, 26428822, 26428822, 26428822, 26428822, 26428822, 26428822, 26428822, 26428822, 26428822, 26428822, 26729656, 26729656, 26729656, 26729656, 26729656, 26729656, 26729656, 26729656, 26729656, 26729656, 26729656, 26729656, 26729656, 26729656, 26729656, 26729656, 55118365, 26726923, 26726923, 26726923, 26042517, 26368885, 26368885, 26368885, 26368885, 26368885, 26368885, 25921863, 25921863, 25921863, 25921863, 25921863, 2022086151, 27232760, 27232760, 27232760, 27232760, 27232760, 27232760, 27232760, 27232760, 27232760, 27232760, 27232760, 27232760, 27103283, 27103283, 27103283, 27103283, 26997779, 26997779, 26997779, 26997779, 26997779, 26997779, 26997779, 26997779, 26997779, 26997779, 26997779]",0,0,0,NPU,0,0,0,0,0,0,1.0,hot,0,0,0,0,1.0,0
0,227,meta-llama/Llama-3.1-8B,94,520,21166886063,141734967257,120568081194,99456930006,99602291342,49331270,"[27773145, 27773145, 27773145, 27773145, 27773145, 27773145, 27773145, 27773145, 27773145, 27773145, 27773145, 140544140, 27685307, 27685307, 27685307, 27685307, 27685307, 27685307, 27685307, 36503330, 27685307, 27685307, 27685307, 27685307, 27685307, 27685307, 27685307, 36330599, 27512576, 27512576, 36330599, 27512576, 27512576, 27512576, 27512576, 244674917, 27278932, 27278932, 36446480, 27278932, 27278932, 27278932, 27278932, 27278932, 27278932, 27278932, 27278932, 27278932, 27278932, 27278932, 27232760, 27232760, 27232760, 27232760, 27232760, 27232760, 27232760, 27232760, 27232760, 27232760, 27232760, 27232760, 27232760, 27232760, 27232760, 90533531, 27103283, 27103283, 27103283, 26997779, 36514853, 26997779, 26997779, 26997779, 26997779, 26997779, 26956587, 26956587, 26759908, 26759908, 26759908, 26726923, 26726923, 26726923, 26726923, 26726923, 26726923, 26726923, 26726923, 26726923, 26726923, 26695203, 313219711, 26956587, 267043744, 27773145, 27773145, 27773145, 27773145, 27773145, 27773145, 27773145, 27773145, 289236558, 27103283, 259086410, 27685307, 27685307, 27685307, 27685307, 27685307, 27685307, 27685307, 27685307, 27512576, 27278932, 178855358, 27512576, 72202195, 27685307, 446622827, 27278932, 27278932, 27278932, 27278932, 27278932, 59226323, 27061067, 470358103, 27761521, 27761521, 27766321, 27766321, 27766321, 27766321, 27766321, 27766321, 27766321, 27766321, 27766321, 27766321, 105977879, 27685307, 27685307, 27685307, 27685307, 27685307, 27685307, 27685307, 27685307, 27685307, 27685307, 27685307, 27685307, 27685307, 27685307, 27685307, 27685307, 27685307, 27512576, 27512576, 27512576, 27512576, 27512576, 27512576, 27512576, 27512576, 27512576, 27512576, 27512576, 27512576, 27278932, 27278932, 27278932, 27278932, 27278932, 27278932, 27278932, 27278932, 27232760, 27232760, 27232760, 27232760, 27103283, 27103283, 27061067, 27061067, 27061067, 27061067, 27061067, 27061067, 27061067, 27061067, 27061067, 26956587, 26956587, 26956587, 26956587, 26956587, 188231245, 26956587, 26956587, 26956587, 26956587, 26956587, 26956587, 26956587, 26956587, 26956587, 26956587, 26956587, 26956587, 26956587, 26956587, 26956587, 26956587, 26956587, 26956587, 26956587, 26956587, 26956587, 26759908, 26759908, 26759908, 26759908, 26759908, 26759908, 26759908, 26759908, 26759908, 26759908, 26759908, 26759908, 26759908, 26759908, 26759908, 26759908, 26759908, 26759908, 26759908, 26759908, 26759908, 26759908, 26759908, 26759908, 26726923, 26726923, 26726923, 26726923, 26726923, 26726923, 26726923, 26726923, 229491783, 26695203, 26695203, 26695203, 26695203, 26695203, 26695203, 26695203, 26695203, 49240490, 26790979, 26706189, 26706189, 26706189, 26706189, 26706189, 26706189, 26706189, 26706189, 26706189, 26706189, 26706189, 26706189, 26706189, 26706189, 26706189, 26706189, 26706189, 26706189, 26706189, 26645180, 26645180, 26645180, 26645180, 26645180, 26645180, 26645180, 26645180, 26645180, 26645180, 26645180, 26645180, 26645180, 26645180, 26645180, 26645180, 26645180, 26645180, 26645180, 26645180, 26645180, 247165946, 158661515, 26444528, 26444528, 26444528, 25997827, 25997827, 25997827, 266183194, 2965003470, 26706189, 26706189, 26380886, 26380886, 26042517, 26042517, 26042517, 698037849, 26444528, 26444528, 26444528, 26444528, 26444528, 26444528, 26444528, 26444528, 26444528, 26444528, 26444528, 26380886, 26380886, 26380886, 26380886, 26380886, 26380886, 26380886, 26380886, 26380886, 26380886, 26428822, 26428822, 26428822, 26428822, 26428822, 26428822, 26428822, 26428822, 26428822, 26428822, 26729656, 26729656, 26729656, 26729656, 26729656, 26729656, 26729656, 26729656, 26729656, 26729656, 26729656, 26729656, 26729656, 26729656, 26729656, 26729656, 55118365, 26726923, 26726923, 26726923, 26042517, 26368885, 26368885, 26368885, 26368885, 26368885, 26368885, 25921863, 25921863, 25921863, 25921863, 25921863, 2022086151, 27232760, 27232760, 27232760, 27232760, 27232760, 27232760, 27232760, 27232760, 27232760, 27232760, 27232760, 27232760, 27103283, 27103283, 27103283, 27103283, 26997779, 26997779, 26997779, 26997779, 26997779, 26997779, 26997779, 26997779, 26997779, 26997779, 26997779, 116813844, 26246582, 26246582, 26246582, 191283589, 25491349, 25491349, 25491349, 25491349, 25491349, 25491349, 25491349]",0,0,0,NPU,0,0,0,0,0,0,1.0,hot,0,0,0,0,1.0,0
0,257,meta-llama/Llama-3.1-8B,63,95,25052699487,141791352637,116738653150,106990216776,107237382722,306492594,"[8147426605, 27232760, 27232760, 27232760, 27232760, 27232760, 27232760, 27232760, 27232760, 27232760, 27232760, 27232760, 27232760, 27103283, 27103283, 27103283, 27103283, 26997779, 26997779, 26997779, 26997779, 26997779, 26997779, 26997779, 26997779, 26997779, 26997779, 26997779, 116813844, 477569226, 27278932]",0,0,0,PCIE_NVME,0,8388608,0,8388608,8388608,8388608,1.0,hot,0,0,0,0,1.0,16777216
0,259,meta-llama/Llama-3.1-8B,14,55,25147333539,142063680237,116916346698,115252526991,115290175275,40654285,"[27232760, 27232760, 27232760, 27232760, 27232760, 27232760, 27232760, 27232760, 27232760, 27232760, 27232760, 27232760, 27103283, 27103283, 27103283, 27103283, 26997779, 26997779, 26997779, 26997779, 26997779, 26997779, 26997779, 26997779, 26997779, 26997779, 26997779, 116813844, 477569226, 27278932, 27232760, 27232760, 27232760, 27232760, 27232760, 27232760, 27232760, 27232760, 27232760, 27232760]",0,0,0,NPU,0,0,0,0,0,0,1.0,hot,0,0,0,0,1.0,0
0,232,meta-llama/Llama-3.1-8B,20,351,21803466669,142144673574,120341206905,101916334904,102229554615,54883794,"[26956587, 267043744, 27773145, 27773145, 27773145, 27773145, 27773145, 27773145, 27773145, 27773145, 289236558, 27103283, 259086410, 27685307, 27685307, 27685307, 27685307, 27685307, 27685307, 27685307, 27685307, 27512576, 27278932, 178855358, 27512576, 72202195, 27685307, 446622827, 27278932, 27278932, 27278932, 27278932, 27278932, 59226323, 27061067, 470358103, 27761521, 27761521, 27766321, 27766321, 27766321, 27766321, 27766321, 27766321, 27766321, 27766321, 27766321, 27766321, 105977879, 27685307, 27685307, 27685307, 27685307, 27685307, 27685307, 27685307, 27685307, 27685307, 27685307, 27685307, 27685307, 27685307, 27685307, 27685307, 27685307, 27685307, 27512576, 27512576, 27512576, 27512576, 27512576, 27512576, 27512576, 27512576, 27512576, 27512576, 27512576, 27512576, 27278932, 27278932, 27278932, 27278932, 27278932, 27278932, 27278932, 27278932, 27232760, 27232760, 27232760, 27232760, 27103283, 27103283, 27061067, 27061067, 27061067, 27061067, 27061067, 27061067, 27061067, 27061067, 27061067, 26956587, 26956587, 26956587, 26956587, 26956587, 188231245, 26956587, 26956587, 26956587, 26956587, 26956587, 26956587, 26956587, 26956587, 26956587, 26956587, 26956587, 26956587, 26956587, 26956587, 26956587, 26956587, 26956587, 26956587, 26956587, 26956587, 26956587, 26759908, 26759908, 26759908, 26759908, 26759908, 26759908, 26759908, 26759908, 26759908, 26759908, 26759908, 26759908, 26759908, 26759908, 26759908, 26759908, 26759908, 26759908, 26759908, 26759908, 26759908, 26759908, 26759908, 26759908, 26726923, 26726923, 26726923, 26726923, 26726923, 26726923, 26726923, 26726923, 229491783, 26695203, 26695203, 26695203, 26695203, 26695203, 26695203, 26695203, 26695203, 49240490, 26790979, 26706189, 26706189, 26706189, 26706189, 26706189, 26706189, 26706189, 26706189, 26706189, 26706189, 26706189, 26706189, 26706189, 26706189, 26706189, 26706189, 26706189, 26706189, 26706189, 26645180, 26645180, 26645180, 26645180, 26645180, 26645180, 26645180, 26645180, 26645180, 26645180, 26645180, 26645180, 26645180, 26645180, 26645180, 26645180, 26645180, 26645180, 26645180, 26645180, 26645180, 247165946, 158661515, 26444528, 26444528, 26444528, 25997827, 25997827, 25997827, 3231186664, 26706189, 26706189, 26380886, 26380886, 776165400, 26444528, 26444528, 26444528, 26444528, 26444528, 26444528, 26444528, 26444528, 26444528, 26444528, 26444528, 26380886, 26380886, 26380886, 26380886, 26380886, 26380886, 26380886, 26380886, 26380886, 26380886, 26428822, 26428822, 26428822, 26428822, 26428822, 26428822, 26428822, 26428822, 26428822, 26428822, 26729656, 26729656, 26729656, 26729656, 26729656, 26729656, 26729656, 26729656, 26729656, 26729656, 26729656, 26729656, 26729656, 26729656, 26729656, 26729656, 55118365, 26726923, 26726923, 26726923, 26042517, 26368885, 26368885, 26368885, 26368885, 26368885, 26368885, 2151695466, 27232760, 27232760, 27232760, 27232760, 27232760, 27232760, 27232760, 27232760, 27232760, 27232760, 27232760, 27232760, 27103283, 27103283, 27103283, 27103283, 26997779, 26997779, 26997779, 26997779, 26997779, 26997779, 26997779, 26997779, 26997779, 26997779, 26997779, 116813844, 26246582, 26246582, 26246582, 398829480, 27278932, 27232760, 27232760, 27232760, 27232760, 27232760, 27232760, 27232760, 27232760, 27232760, 27232760, 26997779, 26997779, 26997779]",0,0,0,NPU,0,0,0,0,0,0,1.0,hot,0,0,0,0,1.0,0
0,249,meta-llama/Llama-3.1-8B,205,258,24246447934,142225543335,117979095401,107796468329,108043634275,191066560,"[158661515, 5572633028, 26726923, 26726923, 26726923, 2335951293, 27232760, 27232760, 27232760, 27232760, 27232760, 27232760, 27232760, 27232760, 27232760, 27232760, 27232760, 27232760, 27103283, 27103283, 27103283, 27103283, 26997779, 26997779, 26997779, 26997779, 26997779, 26997779, 26997779, 26997779, 26997779, 26997779, 26997779, 116813844, 477569226, 27278932, 27232760, 27232760, 27232760, 27232760, 27232760, 27232760, 27232760, 27232760, 27232760, 27232760, 26997779, 26997779, 26997779, 26956587, 26956587, 26956587]",0,0,0,PCIE_NVME,0,27262976,0,27262976,27262976,27262976,1.0,hot,0,0,0,0,1.0,54525952
0,234,meta-llama/Llama-3.1-8B,48,382,21893017501,142466382507,120573365006,102166960370,102434004114,54472555,"[27773145, 27773145, 27773145, 27773145, 27773145, 27773145, 27773145, 27773145, 289236558, 27103283, 259086410, 27685307, 27685307, 27685307, 27685307, 27685307, 27685307, 27685307, 27685307, 27512576, 27278932, 178855358, 27512576, 72202195, 27685307, 446622827, 27278932, 27278932, 27278932, 27278932, 27278932, 59226323, 27061067, 470358103, 27761521, 27761521, 27766321, 27766321, 27766321, 27766321, 27766321, 27766321, 27766321, 27766321, 27766321, 27766321, 105977879, 27685307, 27685307, 27685307, 27685307, 27685307, 27685307, 27685307, 27685307, 27685307, 27685307, 27685307, 27685307, 27685307, 27685307, 27685307, 27685307, 27685307, 27512576, 27512576, 27512576, 27512576, 27512576, 27512576, 27512576, 27512576, 27512576, 27512576, 27512576, 27512576, 27278932, 27278932, 27278932, 27278932, 27278932, 27278932, 27278932, 27278932, 27232760, 27232760, 27232760, 27232760, 27103283, 27103283, 27061067, 27061067, 27061067, 27061067, 27061067, 27061067, 27061067, 27061067, 27061067, 26956587, 26956587, 26956587, 26956587, 26956587, 188231245, 26956587, 26956587, 26956587, 26956587, 26956587, 26956587, 26956587, 26956587, 26956587, 26956587, 26956587, 26956587, 26956587, 26956587, 26956587, 26956587, 26956587, 26956587, 26956587, 26956587, 26956587, 26759908, 26759908, 26759908, 26759908, 26759908, 26759908, 26759908, 26759908, 26759908, 26759908, 26759908, 26759908, 26759908, 26759908, 26759908, 26759908, 26759908, 26759908, 26759908, 26759908, 26759908, 26759908, 26759908, 26759908, 26726923, 26726923, 26726923, 26726923, 26726923, 26726923, 26726923, 26726923, 229491783, 26695203, 26695203, 26695203, 26695203, 26695203, 26695203, 26695203, 26695203, 49240490, 26790979, 26706189, 26706189, 26706189, 26706189, 26706189, 26706189, 26706189, 26706189, 26706189, 26706189, 26706189, 26706189, 26706189, 26706189, 26706189, 26706189, 26706189, 26706189, 26706189, 26645180, 26645180, 26645180, 26645180, 26645180, 26645180, 26645180, 26645180, 26645180, 26645180, 26645180, 26645180, 26645180, 26645180, 26645180, 26645180, 26645180, 26645180, 26645180, 26645180, 26645180, 247165946, 158661515, 26444528, 26444528, 26444528, 25997827, 25997827, 25997827, 3231186664, 26706189, 26706189, 26380886, 26380886, 776165400, 26444528, 26444528, 26444528, 26444528, 26444528, 26444528, 26444528, 26444528, 26444528, 26444528, 26444528, 26380886, 26380886, 26380886, 26380886, 26380886, 26380886, 26380886, 26380886, 26380886, 26380886, 26428822, 26428822, 26428822, 26428822, 26428822, 26428822, 26428822, 26428822, 26428822, 26428822, 26729656, 26729656, 26729656, 26729656, 26729656, 26729656, 26729656, 26729656, 26729656, 26729656, 26729656, 26729656, 26729656, 26729656, 26729656, 26729656, 55118365, 26726923, 26726923, 26726923, 2335951293, 27232760, 27232760, 27232760, 27232760, 27232760, 27232760, 27232760, 27232760, 27232760, 27232760, 27232760, 27232760, 27103283, 27103283, 27103283, 27103283, 26997779, 26997779, 26997779, 26997779, 26997779, 26997779, 26997779, 26997779, 26997779, 26997779, 26997779, 116813844, 26246582, 26246582, 26246582, 398829480, 27278932, 27232760, 27232760, 27232760, 27232760, 27232760, 27232760, 27232760, 27232760, 27232760, 27232760, 26997779, 26997779, 26997779, 26956587, 26956587, 26956587, 26759908, 26759908, 26759908, 26759908, 26759908, 26759908, 26759908, 26759908, 26759908]",0,0,0,NPU,0,0,0,0,0,0,1.0,hot,0,0,0,0,1.0,0
0,208,meta-llama/Llama-3.1-8B,8,777,19481998883,143482005581,124000006698,94127415103,94207345676,38792527,"[26759908, 26759908, 26759908, 26759908, 26759908, 26759908, 26726923, 26726923, 26726923, 26726923, 26726923, 26726923, 26726923, 26726923, 26726923, 26726923, 26726923, 26726923, 26726923, 26726923, 26726923, 26695203, 26695203, 26695203, 26695203, 26695203, 26615821, 26615821, 26706189, 26706189, 26706189, 26706189, 26706189, 26706189, 26706189, 26706189, 26706189, 26706189, 26706189, 26706189, 26706189, 26706189, 26706189, 26706189, 26706189, 152591494, 26706189, 26706189, 95706700, 234765356, 425341037, 27761521, 27761521, 27761521, 27761521, 27761521, 27766321, 27766321, 27766321, 27773145, 27773145, 27773145, 27773145, 27773145, 27773145, 27685307, 27685307, 27685307, 1217021789, 27232760, 26695203, 111312588, 27512576, 27512576, 27512576, 27512576, 27512576, 27512576, 27512576, 27512576, 27512576, 27512576, 27512576, 27512576, 27512576, 384465681, 27512576, 27512576, 27512576, 27512576, 27512576, 27512576, 27512576, 99560256, 27512576, 27512576, 27512576, 27512576, 27512576, 27278932, 37844582, 27278932, 27278932, 27278932, 27278932, 27278932, 27278932, 27278932, 27278932, 27278932, 27278932, 27278932, 27278932, 27278932, 27278932, 27278932, 455026457, 679076595, 27232760, 27232760, 27232760, 27232760, 27232760, 145361336, 27773145, 27773145, 27773145, 27773145, 27773145, 27773145, 27773145, 27773145, 27773145, 27773145, 27773145, 26287926, 26287926, 87968288, 27685307, 27685307, 27685307, 27685307, 27685307, 27685307, 27685307, 36503330, 27685307, 27685307, 27685307, 27685307, 27685307, 27685307, 27685307, 36330599, 27512576, 27512576, 36330599, 27512576, 27512576, 27512576, 27512576, 26349776, 25782115, 192543026, 27278932, 27278932, 36446480, 27278932, 27278932, 27278932, 27278932, 27278932, 27278932, 27278932, 27278932, 27278932, 27278932, 27278932, 27232760, 27232760, 27232760, 27232760, 27232760, 27232760, 27232760, 27232760, 27232760, 27232760, 27232760, 27232760, 27232760, 27232760, 27232760, 26956587, 26956587, 36620357, 27103283, 27103283, 27103283, 26997779, 36514853, 26997779, 26997779, 26997779, 26997779, 26997779, 26956587, 26956587, 26759908, 26759908, 26759908, 26726923, 26726923, 26726923, 26726923, 26726923, 26726923, 26726923, 26726923, 26726923, 26726923, 26695203, 313219711, 26956587, 267043744, 27773145, 27773145, 27773145, 27773145, 27773145, 27773145, 27773145, 27773145, 289236558, 27103283, 25884336, 233202074, 27685307, 27685307, 27685307, 27685307, 27685307, 27685307, 27685307, 27685307, 27512576, 27278932, 178855358, 27512576, 72202195, 27685307, 446622827, 27278932, 27278932, 27278932, 27278932, 27278932, 59226323, 27061067, 25969703, 25969703, 25969703, 25969703, 366479291, 27761521, 27761521, 27766321, 27766321, 27766321, 27766321, 27766321, 27766321, 27766321, 27766321, 27766321, 27766321, 26097524, 26097524, 26097524, 27685307, 27685307, 27685307, 27685307, 27685307, 27685307, 27685307, 27685307, 27685307, 27685307, 27685307, 27685307, 27685307, 27685307, 27685307, 27685307, 27685307, 27685307, 27512576, 27512576, 27512576, 27512576, 27512576, 27512576, 27512576, 27512576, 27512576, 27512576, 27512576, 27512576, 27278932, 27278932, 27278932, 27278932, 27278932, 27278932, 27278932, 27278932, 27232760, 27232760, 27232760, 27232760, 27103283, 27103283, 27061067, 27061067, 27061067, 27061067, 27061067, 27061067, 27061067, 27061067, 27061067, 26956587, 26956587, 26956587, 26956587, 26956587, 188231245, 26956587, 26956587, 26956587, 26956587, 26956587, 26956587, 26956587, 26956587, 26956587, 26956587, 26956587, 26956587, 26956587, 26956587, 26956587, 26956587, 26956587, 26956587, 26956587, 26956587, 26956587, 26759908, 26759908, 26759908, 26759908, 26759908, 26759908, 26759908, 26759908, 26759908, 26759908, 26759908, 26759908, 26759908, 26759908, 26759908, 26759908, 26759908, 26759908, 26759908, 26759908, 26759908, 26759908, 26759908, 26759908, 26726923, 26726923, 26726923, 26726923, 26726923, 26726923, 26726923, 26726923, 229491783, 26695203, 26695203, 26695203, 26695203, 26695203, 26695203, 26695203, 26695203, 49240490, 26790979, 26706189, 26706189, 26706189, 26706189, 26706189, 26706189, 26706189, 26706189, 26706189, 26706189, 26706189, 26706189, 26706189, 26706189, 26706189, 26706189, 26706189, 26706189, 26706189, 26645180, 26645180, 26645180, 26645180, 26645180, 26645180, 26645180, 26645180, 26645180, 26645180, 26645180, 26645180, 26645180, 26645180, 26645180, 26645180, 26645180, 26645180, 26645180, 26645180, 26645180, 247165946, 25954302, 25954302, 25954302, 25904021, 25904021, 28990567, 26444528, 26444528, 26444528, 25997827, 25997827, 25997827, 266183194, 25487317, 25732479, 25732479, 25732479, 25732479, 25732479, 25732479, 25732479, 25904021, 25904021, 25904021, 25904021, 25904021, 25904021, 25904021, 27314833, 25487317, 25487317, 25487317, 25487317, 25487317, 25487317, 25487317, 25487317, 25487317, 25487317, 25487317, 25487317, 25487317, 25491349, 25491349, 26542807, 25763867, 25763867, 25763867, 25763867, 25763867, 25763867, 25763867, 25763867, 25763867, 25763867, 25763867, 25763867, 25763867, 25763867, 25763867, 458518558, 26016091, 26016091, 26016091, 26016091, 26016091, 26016091, 26016091, 26016091, 26016091, 26016091, 26016091, 26016091, 26016091, 26016091, 26016091, 906667266, 26706189, 26706189, 26380886, 26380886, 26042517, 26042517, 26042517, 25897854, 25897854, 25897854, 25897854, 25897854, 25897854, 25897854, 25897854, 490855017, 26444528, 26444528, 26444528, 26444528, 26444528, 26444528, 26444528, 26444528, 26444528, 26444528, 26444528, 26380886, 26380886, 26380886, 26380886, 26380886, 26380886, 26380886, 26380886, 26380886, 26380886, 26428822, 26428822, 26428822, 26428822, 26428822, 26428822, 26428822, 26428822, 26428822, 26428822, 26729656, 26729656, 26729656, 26729656, 26729656, 26729656, 26729656, 26729656, 26729656, 26729656, 26729656, 26729656, 26729656, 26729656, 26729656, 26729656, 55118365, 26726923, 26726923, 26726923, 26042517, 26368885, 26368885, 26368885, 26368885, 26368885, 26368885, 25921863, 25921863, 25921863, 25921863, 25921863, 26933559, 26154619, 26154619, 26154619, 26154619, 26154619, 26154619, 26154619, 26154619, 26357563, 26357563, 26357563, 26357563, 26357563, 26357563, 26357563, 27136503, 26357563, 26357563, 26357563, 26357563, 26357563, 26357563, 26357563, 26357563, 26357563, 26357563, 26357563, 26357563, 26357563, 26357563, 26357563, 27575815, 26447349, 26447349, 26447349, 26447349, 26447349, 26447349, 26447349, 26447349, 26447349, 26447349, 26447349, 26447349, 26447349, 26447349, 26447349, 479760350, 26357563, 26357563, 26357563, 26357563, 26357563, 26357563, 26357563, 26357563, 26357563, 37648284, 27232760, 27232760, 27232760, 27232760, 27232760, 27232760, 27232760, 27232760, 27232760, 27232760, 27232760, 27232760, 27103283, 27103283, 27103283, 27103283, 26997779, 26997779, 26997779, 26997779, 26997779, 26997779, 26997779, 26997779, 26997779, 26997779, 26997779, 116813844, 26246582, 26246582, 26246582, 27327454, 27327454, 27327454, 27327454, 27327454, 27327454, 27318865, 25491349, 25491349, 25491349, 25491349, 25491349, 25491349, 25491349, 29106448, 27278932, 27232760, 27232760, 27232760, 27232760, 27232760, 27232760, 27232760, 27232760, 27232760, 27232760, 26997779, 26997779, 26997779, 26956587, 26956587, 26956587, 26759908, 26759908, 26759908, 26759908, 26759908, 26759908, 26759908, 26759908, 26759908, 26726923, 26726923, 26726923, 26726923, 26726923, 26726923, 26726923, 26726923, 26726923, 26726923, 26726923, 26726923, 26726923, 26726923, 26726923, 26726923, 26726923, 26726923, 26726923, 26726923, 26726923, 26726923, 26726923, 26726923, 26726923, 26726923, 26726923, 26726923, 26726923, 26726923, 26726923, 26726923, 26726923, 26726923, 26726923, 26726923, 26726923, 26726923]",0,0,0,NPU,0,0,0,0,0,0,1.0,hot,0,0,0,0,1.0,0
0,231,meta-llama/Llama-3.1-8B,14,410,21717451079,143508700784,121791249705,102002350494,102315570205,49305517,"[26956587, 267043744, 27773145, 27773145, 27773145, 27773145, 27773145, 27773145, 27773145, 27773145, 289236558, 27103283, 259086410, 27685307, 27685307, 27685307, 27685307, 27685307, 27685307, 27685307, 27685307, 27512576, 27278932, 178855358, 27512576, 72202195, 27685307, 446622827, 27278932, 27278932, 27278932, 27278932, 27278932, 59226323, 27061067, 470358103, 27761521, 27761521, 27766321, 27766321, 27766321, 27766321, 27766321, 27766321, 27766321, 27766321, 27766321, 27766321, 105977879, 27685307, 27685307, 27685307, 27685307, 27685307, 27685307, 27685307, 27685307, 27685307, 27685307, 27685307, 27685307, 27685307, 27685307, 27685307, 27685307, 27685307, 27512576, 27512576, 27512576, 27512576, 27512576, 27512576, 27512576, 27512576, 27512576, 27512576, 27512576, 27512576, 27278932, 27278932, 27278932, 27278932, 27278932, 27278932, 27278932, 27278932, 27232760, 27232760, 27232760, 27232760, 27103283, 27103283, 27061067, 27061067, 27061067, 27061067, 27061067, 27061067, 27061067, 27061067, 27061067, 26956587, 26956587, 26956587, 26956587, 26956587, 188231245, 26956587, 26956587, 26956587, 26956587, 26956587, 26956587, 26956587, 26956587, 26956587, 26956587, 26956587, 26956587, 26956587, 26956587, 26956587, 26956587, 26956587, 26956587, 26956587, 26956587, 26956587, 26759908, 26759908, 26759908, 26759908, 26759908, 26759908, 26759908, 26759908, 26759908, 26759908, 26759908, 26759908, 26759908, 26759908, 26759908, 26759908, 26759908, 26759908, 26759908, 26759908, 26759908, 26759908, 26759908, 26759908, 26726923, 26726923, 26726923, 26726923, 26726923, 26726923, 26726923, 26726923, 229491783, 26695203, 26695203, 26695203, 26695203, 26695203, 26695203, 26695203, 26695203, 49240490, 26790979, 26706189, 26706189, 26706189, 26706189, 26706189, 26706189, 26706189, 26706189, 26706189, 26706189, 26706189, 26706189, 26706189, 26706189, 26706189, 26706189, 26706189, 26706189, 26706189, 26645180, 26645180, 26645180, 26645180, 26645180, 26645180, 26645180, 26645180, 26645180, 26645180, 26645180, 26645180, 26645180, 26645180, 26645180, 26645180, 26645180, 26645180, 26645180, 26645180, 26645180, 247165946, 158661515, 26444528, 26444528, 26444528, 25997827, 25997827, 25997827, 266183194, 2965003470, 26706189, 26706189, 26380886, 26380886, 776165400, 26444528, 26444528, 26444528, 26444528, 26444528, 26444528, 26444528, 26444528, 26444528, 26444528, 26444528, 26380886, 26380886, 26380886, 26380886, 26380886, 26380886, 26380886, 26380886, 26380886, 26380886, 26428822, 26428822, 26428822, 26428822, 26428822, 26428822, 26428822, 26428822, 26428822, 26428822, 26729656, 26729656, 26729656, 26729656, 26729656, 26729656, 26729656, 26729656, 26729656, 26729656, 26729656, 26729656, 26729656, 26729656, 26729656, 26729656, 55118365, 26726923, 26726923, 26726923, 26042517, 26368885, 26368885, 26368885, 26368885, 26368885, 26368885, 25921863, 25921863, 25921863, 25921863, 25921863, 2022086151, 27232760, 27232760, 27232760, 27232760, 27232760, 27232760, 27232760, 27232760, 27232760, 27232760, 27232760, 27232760, 27103283, 27103283, 27103283, 27103283, 26997779, 26997779, 26997779, 26997779, 26997779, 26997779, 26997779, 26997779, 26997779, 26997779, 26997779, 116813844, 26246582, 26246582, 26246582, 191283589, 25491349, 25491349, 25491349, 25491349, 25491349, 25491349, 25491349, 29106448, 27278932, 27232760, 27232760, 27232760, 27232760, 27232760, 27232760, 27232760, 27232760, 27232760, 27232760, 26997779, 26997779, 26997779, 26956587, 26956587, 26956587, 26759908, 26759908, 26759908, 26759908, 26759908, 26759908, 26759908, 26759908, 26759908, 26726923, 26726923, 26726923, 26726923, 26726923, 26726923, 26726923, 26726923, 26726923, 26726923, 26726923, 26726923, 26726923, 26726923, 26726923, 26726923, 26726923, 26726923, 26726923, 26726923, 26726923, 26726923, 26726923, 26726923, 26726923, 26726923, 26726923, 26726923, 26726923, 26726923, 26726923, 26726923, 26726923, 26726923, 26726923, 26726923, 26726923, 26726923, 26695203]",0,0,0,NPU,0,0,0,0,0,0,1.0,hot,0,0,0,0,1.0,0
0,236,meta-llama/Llama-3.1-8B,34,421,22054151417,144995590702,122941439285,102005826454,102272870198,53545515,"[27773145, 27773145, 27773145, 27773145, 27773145, 27773145, 27773145, 27773145, 289236558, 286189693, 27685307, 27685307, 27685307, 27685307, 27685307, 27685307, 27685307, 27685307, 27512576, 27278932, 178855358, 27512576, 72202195, 27685307, 446622827, 27278932, 27278932, 27278932, 27278932, 27278932, 59226323, 27061067, 470358103, 27761521, 27761521, 27766321, 27766321, 27766321, 27766321, 27766321, 27766321, 27766321, 27766321, 27766321, 27766321, 105977879, 27685307, 27685307, 27685307, 27685307, 27685307, 27685307, 27685307, 27685307, 27685307, 27685307, 27685307, 27685307, 27685307, 27685307, 27685307, 27685307, 27685307, 27512576, 27512576, 27512576, 27512576, 27512576, 27512576, 27512576, 27512576, 27512576, 27512576, 27512576, 27512576, 27278932, 27278932, 27278932, 27278932, 27278932, 27278932, 27278932, 27278932, 27232760, 27232760, 27232760, 27232760, 27103283, 27103283, 27061067, 27061067, 27061067, 27061067, 27061067, 27061067, 27061067, 27061067, 27061067, 26956587, 26956587, 26956587, 26956587, 26956587, 188231245, 26956587, 26956587, 26956587, 26956587, 26956587, 26956587, 26956587, 26956587, 26956587, 26956587, 26956587, 26956587, 26956587, 26956587, 26956587, 26956587, 26956587, 26956587, 26956587, 26956587, 26956587, 26759908, 26759908, 26759908, 26759908, 26759908, 26759908, 26759908, 26759908, 26759908, 26759908, 26759908, 26759908, 26759908, 26759908, 26759908, 26759908, 26759908, 26759908, 26759908, 26759908, 26759908, 26759908, 26759908, 26759908, 26726923, 26726923, 26726923, 26726923, 26726923, 26726923, 26726923, 26726923, 229491783, 26695203, 26695203, 26695203, 26695203, 26695203, 26695203, 26695203, 26695203, 49240490, 26790979, 26706189, 26706189, 26706189, 26706189, 26706189, 26706189, 26706189, 26706189, 26706189, 26706189, 26706189, 26706189, 26706189, 26706189, 26706189, 26706189, 26706189, 26706189, 26706189, 26645180, 26645180, 26645180, 26645180, 26645180, 26645180, 26645180, 26645180, 26645180, 26645180, 26645180, 26645180, 26645180, 26645180, 26645180, 26645180, 26645180, 26645180, 26645180, 26645180, 26645180, 247165946, 158661515, 26444528, 26444528, 26444528, 25997827, 25997827, 25997827, 3231186664, 26706189, 26706189, 26380886, 26380886, 776165400, 26444528, 26444528, 26444528, 26444528, 26444528, 26444528, 26444528, 26444528, 26444528, 26444528, 26444528, 26380886, 26380886, 26380886, 26380886, 26380886, 26380886, 26380886, 26380886, 26380886, 26380886, 26428822, 26428822, 26428822, 26428822, 26428822, 26428822, 26428822, 26428822, 26428822, 26428822, 26729656, 26729656, 26729656, 26729656, 26729656, 26729656, 26729656, 26729656, 26729656, 26729656, 26729656, 26729656, 26729656, 26729656, 26729656, 26729656, 55118365, 26726923, 26726923, 26726923, 2335951293, 27232760, 27232760, 27232760, 27232760, 27232760, 27232760, 27232760, 27232760, 27232760, 27232760, 27232760, 27232760, 27103283, 27103283, 27103283, 27103283, 26997779, 26997779, 26997779, 26997779, 26997779, 26997779, 26997779, 26997779, 26997779, 26997779, 26997779, 116813844, 26246582, 26246582, 26246582, 398829480, 27278932, 27232760, 27232760, 27232760, 27232760, 27232760, 27232760, 27232760, 27232760, 27232760, 27232760, 26997779, 26997779, 26997779, 26956587, 26956587, 26956587, 26759908, 26759908, 26759908, 26759908, 26759908, 26759908, 26759908, 26759908, 26759908, 26726923, 26726923, 26726923, 26726923, 26726923, 26726923, 26726923, 26726923, 26726923, 26726923, 26726923, 26726923, 26726923, 26726923, 26726923, 26726923, 26726923, 26726923, 26726923, 26726923, 26726923, 26726923, 26726923, 26726923, 26726923, 26726923, 26726923, 26726923, 26726923, 26726923, 26726923, 26726923, 26726923, 26726923, 26726923, 26726923, 26726923, 26726923, 26695203, 213051572, 26759908, 26759908, 26759908, 26475376, 26354138, 927802540, 26615821, 26615821, 26615821, 26615821, 26615821, 26615821, 26615821, 26615821]",0,0,0,NPU,0,0,0,0,0,0,1.0,hot,0,0,0,0,1.0,0
0,213,meta-llama/Llama-3.1-8B,91,748,19827770910,145545951789,125718180879,95365460384,95600225740,45911516,"[425341037, 27761521, 27761521, 27761521, 27761521, 27761521, 27766321, 27766321, 27766321, 27773145, 27773145, 27773145, 27773145, 27773145, 27773145, 27685307, 27685307, 27685307, 1217021789, 27232760, 138007791, 27512576, 27512576, 27512576, 27512576, 27512576, 27512576, 27512576, 27512576, 27512576, 27512576, 27512576, 27512576, 27512576, 384465681, 27512576, 27512576, 27512576, 27512576, 27512576, 27512576, 27512576, 99560256, 27512576, 27512576, 27512576, 27512576, 27512576, 27278932, 37844582, 27278932, 27278932, 27278932, 27278932, 27278932, 27278932, 27278932, 27278932, 27278932, 27278932, 27278932, 27278932, 27278932, 27278932, 27278932, 455026457, 679076595, 27232760, 27232760, 27232760, 27232760, 27232760, 145361336, 27773145, 27773145, 27773145, 27773145, 27773145, 27773145, 27773145, 27773145, 27773145, 27773145, 27773145, 140544140, 27685307, 27685307, 27685307, 27685307, 27685307, 27685307, 27685307, 36503330, 27685307, 27685307, 27685307, 27685307, 27685307, 27685307, 27685307, 36330599, 27512576, 27512576, 36330599, 27512576, 27512576, 27512576, 27512576, 26349776, 218325141, 27278932, 27278932, 36446480, 27278932, 27278932, 27278932, 27278932, 27278932, 27278932, 27278932, 27278932, 27278932, 27278932, 27278932, 27232760, 27232760, 27232760, 27232760, 27232760, 27232760, 27232760, 27232760, 27232760, 27232760, 27232760, 27232760, 27232760, 27232760, 27232760, 26956587, 26956587, 36620357, 27103283, 27103283, 27103283, 26997779, 36514853, 26997779, 26997779, 26997779, 26997779, 26997779, 26956587, 26956587, 26759908, 26759908, 26759908, 26726923, 26726923, 26726923, 26726923, 26726923, 26726923, 26726923, 26726923, 26726923, 26726923, 26695203, 313219711, 26956587, 267043744, 27773145, 27773145, 27773145, 27773145, 27773145, 27773145, 27773145, 27773145, 289236558, 27103283, 25884336, 233202074, 27685307, 27685307, 27685307, 27685307, 27685307, 27685307, 27685307, 27685307, 27512576, 27278932, 178855358, 27512576, 72202195, 27685307, 446622827, 27278932, 27278932, 27278932, 27278932, 27278932, 59226323, 27061067, 470358103, 27761521, 27761521, 27766321, 27766321, 27766321, 27766321, 27766321, 27766321, 27766321, 27766321, 27766321, 27766321, 26097524, 26097524, 26097524, 27685307, 27685307, 27685307, 27685307, 27685307, 27685307, 27685307, 27685307, 27685307, 27685307, 27685307, 27685307, 27685307, 27685307, 27685307, 27685307, 27685307, 27685307, 27512576, 27512576, 27512576, 27512576, 27512576, 27512576, 27512576, 27512576, 27512576, 27512576, 27512576, 27512576, 27278932, 27278932, 27278932, 27278932, 27278932, 27278932, 27278932, 27278932, 27232760, 27232760, 27232760, 27232760, 27103283, 27103283, 27061067, 27061067, 27061067, 27061067, 27061067, 27061067, 27061067, 27061067, 27061067, 26956587, 26956587, 26956587, 26956587, 26956587, 188231245, 26956587, 26956587, 26956587, 26956587, 26956587, 26956587, 26956587, 26956587, 26956587, 26956587, 26956587, 26956587, 26956587, 26956587, 26956587, 26956587, 26956587, 26956587, 26956587, 26956587, 26956587, 26759908, 26759908, 26759908, 26759908, 26759908, 26759908, 26759908, 26759908, 26759908, 26759908, 26759908, 26759908, 26759908, 26759908, 26759908, 26759908, 26759908, 26759908, 26759908, 26759908, 26759908, 26759908, 26759908, 26759908, 26726923, 26726923, 26726923, 26726923, 26726923, 26726923, 26726923, 26726923, 229491783, 26695203, 26695203, 26695203, 26695203, 26695203, 26695203, 26695203, 26695203, 49240490, 26790979, 26706189, 26706189, 26706189, 26706189, 26706189, 26706189, 26706189, 26706189, 26706189, 26706189, 26706189, 26706189, 26706189, 26706189, 26706189, 26706189, 26706189, 26706189, 26706189, 26645180, 26645180, 26645180, 26645180, 26645180, 26645180, 26645180, 26645180, 26645180, 26645180, 26645180, 26645180, 26645180, 26645180, 26645180, 26645180, 26645180, 26645180, 26645180, 26645180, 26645180, 247165946, 25954302, 25954302, 25954302, 80798609, 26444528, 26444528, 26444528, 25997827, 25997827, 25997827, 266183194, 25487317, 25732479, 25732479, 25732479, 25732479, 25732479, 25732479, 25732479, 208642980, 25487317, 25487317, 25487317, 25487317, 25487317, 25487317, 25487317, 25487317, 25487317, 25487317, 25487317, 25487317, 25487317, 25491349, 25491349, 2168428001, 26706189, 26706189, 26380886, 26380886, 26042517, 26042517, 26042517, 25897854, 25897854, 25897854, 25897854, 25897854, 25897854, 25897854, 25897854, 490855017, 26444528, 26444528, 26444528, 26444528, 26444528, 26444528, 26444528, 26444528, 26444528, 26444528, 26444528, 26380886, 26380886, 26380886, 26380886, 26380886, 26380886, 26380886, 26380886, 26380886, 26380886, 26428822, 26428822, 26428822, 26428822, 26428822, 26428822, 26428822, 26428822, 26428822, 26428822, 26729656, 26729656, 26729656, 26729656, 26729656, 26729656, 26729656, 26729656, 26729656, 26729656, 26729656, 26729656, 26729656, 26729656, 26729656, 26729656, 55118365, 26726923, 26726923, 26726923, 26042517, 26368885, 26368885, 26368885, 26368885, 26368885, 26368885, 25921863, 25921863, 25921863, 25921863, 25921863, 2022086151, 27232760, 27232760, 27232760, 27232760, 27232760, 27232760, 27232760, 27232760, 27232760, 27232760, 27232760, 27232760, 27103283, 27103283, 27103283, 27103283, 26997779, 26997779, 26997779, 26997779, 26997779, 26997779, 26997779, 26997779, 26997779, 26997779, 26997779, 116813844, 26246582, 26246582, 26246582, 191283589, 25491349, 25491349, 25491349, 25491349, 25491349, 25491349, 25491349, 29106448, 27278932, 27232760, 27232760, 27232760, 27232760, 27232760, 27232760, 27232760, 27232760, 27232760, 27232760, 26997779, 26997779, 26997779, 26956587, 26956587, 26956587, 26759908, 26759908, 26759908, 26759908, 26759908, 26759908, 26759908, 26759908, 26759908, 26726923, 26726923, 26726923, 26726923, 26726923, 26726923, 26726923, 26726923, 26726923, 26726923, 26726923, 26726923, 26726923, 26726923, 26726923, 26726923, 26726923, 26726923, 26726923, 26726923, 26726923, 26726923, 26726923, 26726923, 26726923, 26726923, 26726923, 26726923, 26726923, 26726923, 26726923, 26726923, 26726923, 26726923, 26726923, 26726923, 26726923, 26726923, 26695203, 213051572, 26759908, 26759908, 26759908, 26475376, 26354138, 28334737, 27555797, 27555797, 27555797, 27555797, 27555797, 27555797, 27555797, 26154619, 26357563, 26357563, 26357563, 26357563, 26357563, 26357563, 26357563, 495919664, 26615821, 26615821, 26615821, 26615821, 26615821, 26615821, 26615821, 26615821, 57170786, 26759908, 26759908, 26759908, 26759908, 26790979, 26553020, 28684263, 27555797, 27555797, 27555797, 27555797, 27555797, 27555797, 27757525, 27757525, 27757525, 27757525, 27757525]",0,0,0,NPU,0,0,0,0,0,0,1.0,hot,0,0,0,0,1.0,0
0,212,meta-llama/Llama-3.1-8B,46,778,19802375924,146463829160,126661453236,95295148670,95390855370,42777835,"[234765356, 425341037, 27761521, 27761521, 27761521, 27761521, 27761521, 27766321, 27766321, 27766321, 27773145, 27773145, 27773145, 27773145, 27773145, 27773145, 27685307, 27685307, 27685307, 1217021789, 27232760, 26695203, 111312588, 27512576, 27512576, 27512576, 27512576, 27512576, 27512576, 27512576, 27512576, 27512576, 27512576, 27512576, 27512576, 27512576, 384465681, 27512576, 27512576, 27512576, 27512576, 27512576, 27512576, 27512576, 99560256, 27512576, 27512576, 27512576, 27512576, 27512576, 27278932, 37844582, 27278932, 27278932, 27278932, 27278932, 27278932, 27278932, 27278932, 27278932, 27278932, 27278932, 27278932, 27278932, 27278932, 27278932, 27278932, 455026457, 679076595, 27232760, 27232760, 27232760, 27232760, 27232760, 145361336, 27773145, 27773145, 27773145, 27773145, 27773145, 27773145, 27773145, 27773145, 27773145, 27773145, 27773145, 26287926, 26287926, 87968288, 27685307, 27685307, 27685307, 27685307, 27685307, 27685307, 27685307, 36503330, 27685307, 27685307, 27685307, 27685307, 27685307, 27685307, 27685307, 36330599, 27512576, 27512576, 36330599, 27512576, 27512576, 27512576, 27512576, 26349776, 218325141, 27278932, 27278932, 36446480, 27278932, 27278932, 27278932, 27278932, 27278932, 27278932, 27278932, 27278932, 27278932, 27278932, 27278932, 27232760, 27232760, 27232760, 27232760, 27232760, 27232760, 27232760, 27232760, 27232760, 27232760, 27232760, 27232760, 27232760, 27232760, 27232760, 26956587, 26956587, 36620357, 27103283, 27103283, 27103283, 26997779, 36514853, 26997779, 26997779, 26997779, 26997779, 26997779, 26956587, 26956587, 26759908, 26759908, 26759908, 26726923, 26726923, 26726923, 26726923, 26726923, 26726923, 26726923, 26726923, 26726923, 26726923, 26695203, 313219711, 26956587, 267043744, 27773145, 27773145, 27773145, 27773145, 27773145, 27773145, 27773145, 27773145, 289236558, 27103283, 25884336, 233202074, 27685307, 27685307, 27685307, 27685307, 27685307, 27685307, 27685307, 27685307, 27512576, 27278932, 178855358, 27512576, 72202195, 27685307, 446622827, 27278932, 27278932, 27278932, 27278932, 27278932, 59226323, 27061067, 470358103, 27761521, 27761521, 27766321, 27766321, 27766321, 27766321, 27766321, 27766321, 27766321, 27766321, 27766321, 27766321, 26097524, 26097524, 26097524, 27685307, 27685307, 27685307, 27685307, 27685307, 27685307, 27685307, 27685307, 27685307, 27685307, 27685307, 27685307, 27685307, 27685307, 27685307, 27685307, 27685307, 27685307, 27512576, 27512576, 27512576, 27512576, 27512576, 27512576, 27512576, 27512576, 27512576, 27512576, 27512576, 27512576, 27278932, 27278932, 27278932, 27278932, 27278932, 27278932, 27278932, 27278932, 27232760, 27232760, 27232760, 27232760, 27103283, 27103283, 27061067, 27061067, 27061067, 27061067, 27061067, 27061067, 27061067, 27061067, 27061067, 26956587, 26956587, 26956587, 26956587, 26956587, 188231245, 26956587, 26956587, 26956587, 26956587, 26956587, 26956587, 26956587, 26956587, 26956587, 26956587, 26956587, 26956587, 26956587, 26956587, 26956587, 26956587, 26956587, 26956587, 26956587, 26956587, 26956587, 26759908, 26759908, 26759908, 26759908, 26759908, 26759908, 26759908, 26759908, 26759908, 26759908, 26759908, 26759908, 26759908, 26759908, 26759908, 26759908, 26759908, 26759908, 26759908, 26759908, 26759908, 26759908, 26759908, 26759908, 26726923, 26726923, 26726923, 26726923, 26726923, 26726923, 26726923, 26726923, 229491783, 26695203, 26695203, 26695203, 26695203, 26695203, 26695203, 26695203, 26695203, 49240490, 26790979, 26706189, 26706189, 26706189, 26706189, 26706189, 26706189, 26706189, 26706189, 26706189, 26706189, 26706189, 26706189, 26706189, 26706189, 26706189, 26706189, 26706189, 26706189, 26706189, 26645180, 26645180, 26645180, 26645180, 26645180, 26645180, 26645180, 26645180, 26645180, 26645180, 26645180, 26645180, 26645180, 26645180, 26645180, 26645180, 26645180, 26645180, 26645180, 26645180, 26645180, 247165946, 25954302, 25954302, 25954302, 25904021, 25904021, 28990567, 26444528, 26444528, 26444528, 25997827, 25997827, 25997827, 266183194, 25487317, 25732479, 25732479, 25732479, 25732479, 25732479, 25732479, 25732479, 25904021, 25904021, 25904021, 25904021, 25904021, 25904021, 25904021, 27314833, 25487317, 25487317, 25487317, 25487317, 25487317, 25487317, 25487317, 25487317, 25487317, 25487317, 25487317, 25487317, 25487317, 25491349, 25491349, 2168428001, 26706189, 26706189, 26380886, 26380886, 26042517, 26042517, 26042517, 25897854, 25897854, 25897854, 25897854, 25897854, 25897854, 25897854, 25897854, 490855017, 26444528, 26444528, 26444528, 26444528, 26444528, 26444528, 26444528, 26444528, 26444528, 26444528, 26444528, 26380886, 26380886, 26380886, 26380886, 26380886, 26380886, 26380886, 26380886, 26380886, 26380886, 26428822, 26428822, 26428822, 26428822, 26428822, 26428822, 26428822, 26428822, 26428822, 26428822, 26729656, 26729656, 26729656, 26729656, 26729656, 26729656, 26729656, 26729656, 26729656, 26729656, 26729656, 26729656, 26729656, 26729656, 26729656, 26729656, 55118365, 26726923, 26726923, 26726923, 26042517, 26368885, 26368885, 26368885, 26368885, 26368885, 26368885, 25921863, 25921863, 25921863, 25921863, 25921863, 870749215, 26447349, 26447349, 26447349, 26447349, 26447349, 26447349, 26447349, 26447349, 26447349, 26447349, 26447349, 26447349, 26447349, 26447349, 26447349, 754626701, 27232760, 27232760, 27232760, 27232760, 27232760, 27232760, 27232760, 27232760, 27232760, 27232760, 27232760, 27232760, 27103283, 27103283, 27103283, 27103283, 26997779, 26997779, 26997779, 26997779, 26997779, 26997779, 26997779, 26997779, 26997779, 26997779, 26997779, 116813844, 26246582, 26246582, 26246582, 191283589, 25491349, 25491349, 25491349, 25491349, 25491349, 25491349, 25491349, 29106448, 27278932, 27232760, 27232760, 27232760, 27232760, 27232760, 27232760, 27232760, 27232760, 27232760, 27232760, 26997779, 26997779, 26997779, 26956587, 26956587, 26956587, 26759908, 26759908, 26759908, 26759908, 26759908, 26759908, 26759908, 26759908, 26759908, 26726923, 26726923, 26726923, 26726923, 26726923, 26726923, 26726923, 26726923, 26726923, 26726923, 26726923, 26726923, 26726923, 26726923, 26726923, 26726923, 26726923, 26726923, 26726923, 26726923, 26726923, 26726923, 26726923, 26726923, 26726923, 26726923, 26726923, 26726923, 26726923, 26726923, 26726923, 26726923, 26726923, 26726923, 26726923, 26726923, 26726923, 26726923, 26695203, 213051572, 26759908, 26759908, 26759908, 26475376, 26354138, 28334737, 27555797, 27555797, 27555797, 27555797, 27555797, 27555797, 27555797, 26154619, 26357563, 26357563, 26357563, 26357563, 26357563, 26357563, 26357563, 27756869, 27706814, 27706814, 27706814, 27706814, 27706814, 27706814, 27706814, 27706814, 27706814, 27706814, 27706814, 27706814, 27706814, 27706814, 27706814, 52560585, 26615821, 26615821, 26615821, 26615821, 26615821, 26615821, 26615821, 26615821, 57170786, 26759908, 26759908, 26759908, 26759908, 26790979, 26553020, 28684263, 27555797, 27555797, 27555797, 27555797, 27555797, 27555797, 27757525, 27757525, 27757525, 27757525, 27757525, 111821377, 27512576, 27512576, 27512576, 27706814, 27706814, 27706814, 27706814, 27706814, 27706814, 27706814, 27706814, 27706814, 27706814, 27706814, 27706814, 27706814, 27706814, 27706814, 27706814, 34698854, 27278932, 27278932, 27278932, 27278932, 27278932, 27278932, 27278932, 27278932, 27278932]",0,0,0,NPU,0,0,0,0,0,0,1.0,hot,0,0,0,0,1.0,0
0,254,meta-llama/Llama-3.1-8B,23,197,24577113882,147645055725,123067941843,107465802381,107712968327,88757072,"[158661515, 5572633028, 26726923, 26726923, 26726923, 2335951293, 27232760, 27232760, 27232760, 27232760, 27232760, 27232760, 27232760, 27232760, 27232760, 27232760, 27232760, 27232760, 27103283, 27103283, 27103283, 27103283, 26997779, 26997779, 26997779, 26997779, 26997779, 26997779, 26997779, 26997779, 26997779, 26997779, 26997779, 116813844, 477569226, 27278932, 27232760, 27232760, 27232760, 27232760, 27232760, 27232760, 27232760, 27232760, 27232760, 27232760, 26997779, 26997779, 26997779, 26956587, 26956587, 26956587, 26759908, 26759908, 26759908, 26759908, 26759908, 26759908, 26759908, 26759908, 26759908, 26726923, 26726923, 26726923, 26726923, 26726923, 26726923, 26726923, 26726923, 26726923, 26726923, 26726923, 26726923, 26726923, 26726923, 26726923, 26726923, 26726923, 26726923, 26726923, 26726923, 26726923, 26726923, 26726923, 26726923, 26726923, 26726923, 26726923, 26726923, 26726923, 26726923, 26726923, 26726923, 26726923, 26726923, 26726923, 26726923, 26726923, 26726923, 26695203, 213051572, 26759908, 26759908, 26759908, 980632054, 26615821, 26615821, 26615821, 26615821, 26615821, 26615821, 26615821, 26615821, 57170786, 26759908, 26759908, 26759908, 26759908, 26790979, 26553020, 444628047, 27512576, 27512576, 27512576, 478007878, 27278932, 27278932, 27278932, 27278932, 27278932, 27278932, 27278932, 27278932, 27278932, 34698854, 27278932, 27278932, 27278932, 27278932, 27278932, 27278932, 27278932, 27278932, 27278932, 27278932, 27278932, 27278932, 27278932, 27278932, 27278932, 27278932, 27278932, 26164062, 116602288, 27232760, 27232760, 27232760, 27232760, 27232760, 27232760, 27232760, 27232760, 27232760, 27232760, 27232760, 27232760, 27232760, 26695203, 54642186, 26164062, 26164062, 26164062, 26164062]",0,0,0,PCIE_NVME,0,8388608,0,8388608,8388608,8388608,1.0,hot,0,0,0,0,1.0,16777216
0,247,meta-llama/Llama-3.1-8B,942,1174,23723335686,149408417314,125685081628,108319580577,108566746523,74105346,"[158661515, 3388513729, 26706189, 26706189, 2130706921, 26726923, 26726923, 26726923, 2335951293, 27232760, 27232760, 27232760, 27232760, 27232760, 27232760, 27232760, 27232760, 27232760, 27232760, 27232760, 27232760, 27103283, 27103283, 27103283, 27103283, 26997779, 26997779, 26997779, 26997779, 26997779, 26997779, 26997779, 26997779, 26997779, 26997779, 26997779, 116813844, 26246582, 26246582, 26246582, 398829480, 27278932, 27232760, 27232760, 27232760, 27232760, 27232760, 27232760, 27232760, 27232760, 27232760, 27232760, 26997779, 26997779, 26997779, 26956587, 26956587, 26956587, 26759908, 26759908, 26759908, 26759908, 26759908, 26759908, 26759908, 26759908, 26759908, 26726923, 26726923, 26726923, 26726923, 26726923, 26726923, 26726923, 26726923, 26726923, 26726923, 26726923, 26726923, 26726923, 26726923, 26726923, 26726923, 26726923, 26726923, 26726923, 26726923, 26726923, 26726923, 26726923, 26726923, 26726923, 26726923, 26726923, 26726923, 26726923, 26726923, 26726923, 26726923, 26726923, 26726923, 26726923, 26726923, 26726923, 26726923, 26695203, 213051572, 26759908, 26759908, 26759908, 26475376, 26354138, 927802540, 26615821, 26615821, 26615821, 26615821, 26615821, 26615821, 26615821, 26615821, 57170786, 26759908, 26759908, 26759908, 26759908, 26790979, 26553020, 444628047, 27512576, 27512576, 27512576, 478007878, 27278932, 27278932, 27278932, 27278932, 27278932, 27278932, 27278932, 27278932, 27278932, 34698854, 27278932, 27278932, 27278932, 27278932, 27278932, 27278932, 27278932, 27278932, 27278932, 27278932, 27278932, 27278932, 27278932, 27278932, 27278932, 27278932, 27278932, 26164062, 116602288, 27232760, 27232760, 27232760, 27232760, 27232760, 27232760, 27232760, 27232760, 27232760, 27232760, 27232760, 27232760, 27232760, 26695203, 26370142, 28272044, 26164062, 26164062, 26164062, 26164062, 28825295, 26997779, 26997779, 26049543, 26887103, 26887103, 26887103, 158822495, 26437374, 26437374, 26437374, 354987748, 26164062, 26125428, 26370142, 26370142, 26370142, 26370142, 26370142, 26370142, 26370142, 26370142, 26150133, 26887103, 26887103, 26887103, 26887103, 28547184, 26432190, 26432190, 26432190, 26432190, 26432190, 26432190, 26432190, 26432190, 26432190, 26432190, 26432190, 26432190, 26432190, 26432190, 26432190, 27977649, 26150133, 26150133, 26150133, 26150133, 26150133]",0,0,0,PCIE_NVME,0,125829120,0,125829120,125829120,125829120,1.0,hot,0,0,0,0,1.0,251658240
0,265,meta-llama/Llama-3.1-8B,7,72,26136849461,149504836642,123367987181,117371851323,117584902895,90360691,"[26759908, 26759908, 26759908, 1250729408, 26759908, 26759908, 26759908, 26759908, 26790979, 471181067, 27512576, 27512576, 27512576, 478007878, 27278932, 27278932, 27278932, 27278932, 27278932, 27278932, 27278932, 27278932, 27278932, 34698854, 27278932, 27278932, 27278932, 27278932, 27278932, 27278932, 27278932, 27278932, 27278932, 27278932, 27278932, 27278932, 27278932, 27278932, 27278932, 27278932, 27278932, 142766350, 27232760, 27232760, 27232760, 27232760, 27232760, 27232760, 27232760, 27232760, 27232760, 27232760, 27232760, 27232760, 27232760, 26695203, 188123729, 26997779, 26997779, 265533347, 434299870, 1022920281, 27103283, 27103283]",0,0,0,PCIE_NVME,0,2097152,0,2097152,2097152,2097152,1.0,hot,0,0,0,0,1.0,4194304
0,258,meta-llama/Llama-3.1-8B,4,182,25137110720,149531793229,124394682509,115262749810,115300398094,51380137,"[27232760, 27232760, 27232760, 27232760, 27232760, 27232760, 27232760, 27232760, 27232760, 27232760, 27232760, 27232760, 27103283, 27103283, 27103283, 27103283, 26997779, 26997779, 26997779, 26997779, 26997779, 26997779, 26997779, 26997779, 26997779, 26997779, 26997779, 116813844, 477569226, 27278932, 27232760, 27232760, 27232760, 27232760, 27232760, 27232760, 27232760, 27232760, 27232760, 27232760, 26997779, 26997779, 26997779, 26956587, 26956587, 26956587, 26759908, 26759908, 26759908, 26759908, 26759908, 26759908, 26759908, 26759908, 26759908, 26726923, 26726923, 26726923, 26726923, 26726923, 26726923, 26726923, 26726923, 26726923, 26726923, 26726923, 26726923, 26726923, 26726923, 26726923, 26726923, 26726923, 26726923, 26726923, 26726923, 26726923, 26726923, 26726923, 26726923, 26726923, 26726923, 26726923, 26726923, 26726923, 26726923, 26726923, 26726923, 26726923, 26726923, 26726923, 26726923, 26726923, 26726923, 26695203, 213051572, 26759908, 26759908, 26759908, 980632054, 26615821, 26615821, 26615821, 26615821, 26615821, 26615821, 26615821, 26615821, 57170786, 26759908, 26759908, 26759908, 26759908, 26790979, 26553020, 444628047, 27512576, 27512576, 27512576, 478007878, 27278932, 27278932, 27278932, 27278932, 27278932, 27278932, 27278932, 27278932, 27278932, 34698854, 27278932, 27278932, 27278932, 27278932, 27278932, 27278932, 27278932, 27278932, 27278932, 27278932, 27278932, 27278932, 27278932, 27278932, 27278932, 27278932, 27278932, 26164062, 116602288, 27232760, 27232760, 27232760, 27232760, 27232760, 27232760, 27232760, 27232760, 27232760, 27232760, 27232760, 27232760, 27232760, 26695203, 54642186, 26164062, 26164062, 26164062, 26164062, 28825295, 26997779, 26997779, 265533347, 434299870, 26164062, 996756219, 27103283, 27103283, 26956587]",0,0,0,NPU,0,0,0,0,0,0,1.0,hot,0,0,0,0,1.0,0
0,253,meta-llama/Llama-3.1-8B,13,214,24558542021,149852912125,125294370104,107484374242,107731540188,87814149,"[158661515, 5572633028, 26726923, 26726923, 26726923, 2335951293, 27232760, 27232760, 27232760, 27232760, 27232760, 27232760, 27232760, 27232760, 27232760, 27232760, 27232760, 27232760, 27103283, 27103283, 27103283, 27103283, 26997779, 26997779, 26997779, 26997779, 26997779, 26997779, 26997779, 26997779, 26997779, 26997779, 26997779, 116813844, 477569226, 27278932, 27232760, 27232760, 27232760, 27232760, 27232760, 27232760, 27232760, 27232760, 27232760, 27232760, 26997779, 26997779, 26997779, 26956587, 26956587, 26956587, 26759908, 26759908, 26759908, 26759908, 26759908, 26759908, 26759908, 26759908, 26759908, 26726923, 26726923, 26726923, 26726923, 26726923, 26726923, 26726923, 26726923, 26726923, 26726923, 26726923, 26726923, 26726923, 26726923, 26726923, 26726923, 26726923, 26726923, 26726923, 26726923, 26726923, 26726923, 26726923, 26726923, 26726923, 26726923, 26726923, 26726923, 26726923, 26726923, 26726923, 26726923, 26726923, 26726923, 26726923, 26726923, 26726923, 26726923, 26695203, 213051572, 26759908, 26759908, 26759908, 26475376, 954156678, 26615821, 26615821, 26615821, 26615821, 26615821, 26615821, 26615821, 26615821, 57170786, 26759908, 26759908, 26759908, 26759908, 26790979, 26553020, 444628047, 27512576, 27512576, 27512576, 478007878, 27278932, 27278932, 27278932, 27278932, 27278932, 27278932, 27278932, 27278932, 27278932, 34698854, 27278932, 27278932, 27278932, 27278932, 27278932, 27278932, 27278932, 27278932, 27278932, 27278932, 27278932, 27278932, 27278932, 27278932, 27278932, 27278932, 27278932, 26164062, 116602288, 27232760, 27232760, 27232760, 27232760, 27232760, 27232760, 27232760, 27232760, 27232760, 27232760, 27232760, 27232760, 27232760, 26695203, 54642186, 26164062, 26164062, 26164062, 26164062, 28825295, 26997779, 26997779, 265533347, 26437374, 26437374, 26437374, 354987748, 26164062, 26125428, 970630791, 27103283, 27103283, 26956587, 26759908, 26759908, 26759908, 26759908, 26759908, 26759908, 26759908, 26759908, 26759908, 26759908, 26759908, 26759908]",0,0,0,PCIE_NVME,0,6291456,0,6291456,6291456,6291456,1.0,hot,0,0,0,0,1.0,12582912
0,248,meta-llama/Llama-3.1-8B,5,253,24054709233,150040000586,125985291353,107988207030,108235372976,71862017,"[158661515, 3388513729, 26706189, 26706189, 2130706921, 26726923, 26726923, 26726923, 2335951293, 27232760, 27232760, 27232760, 27232760, 27232760, 27232760, 27232760, 27232760, 27232760, 27232760, 27232760, 27232760, 27103283, 27103283, 27103283, 27103283, 26997779, 26997779, 26997779, 26997779, 26997779, 26997779, 26997779, 26997779, 26997779, 26997779, 26997779, 116813844, 26246582, 26246582, 26246582, 398829480, 27278932, 27232760, 27232760, 27232760, 27232760, 27232760, 27232760, 27232760, 27232760, 27232760, 27232760, 26997779, 26997779, 26997779, 26956587, 26956587, 26956587, 26759908, 26759908, 26759908, 26759908, 26759908, 26759908, 26759908, 26759908, 26759908, 26726923, 26726923, 26726923, 26726923, 26726923, 26726923, 26726923, 26726923, 26726923, 26726923, 26726923, 26726923, 26726923, 26726923, 26726923, 26726923, 26726923, 26726923, 26726923, 26726923, 26726923, 26726923, 26726923, 26726923, 26726923, 26726923, 26726923, 26726923, 26726923, 26726923, 26726923, 26726923, 26726923, 26726923, 26726923, 26726923, 26726923, 26726923, 26695203, 213051572, 26759908, 26759908, 26759908, 26475376, 26354138, 927802540, 26615821, 26615821, 26615821, 26615821, 26615821, 26615821, 26615821, 26615821, 57170786, 26759908, 26759908, 26759908, 26759908, 26790979, 26553020, 444628047, 27512576, 27512576, 27512576, 478007878, 27278932, 27278932, 27278932, 27278932, 27278932, 27278932, 27278932, 27278932, 27278932, 34698854, 27278932, 27278932, 27278932, 27278932, 27278932, 27278932, 27278932, 27278932, 27278932, 27278932, 27278932, 27278932, 27278932, 27278932, 27278932, 27278932, 27278932, 26164062, 116602288, 27232760, 27232760, 27232760, 27232760, 27232760, 27232760, 27232760, 27232760, 27232760, 27232760, 27232760, 27232760, 27232760, 26695203, 26370142, 28272044, 26164062, 26164062, 26164062, 26164062, 28825295, 26997779, 26997779, 26049543, 239483804, 26437374, 26437374, 26437374, 354987748, 26164062, 26125428, 26370142, 26370142, 26370142, 26370142, 26370142, 26370142, 26370142, 26370142, 26150133, 136095596, 26432190, 26432190, 26432190, 26432190, 26432190, 26432190, 26432190, 26432190, 26432190, 26432190, 26432190, 26432190, 26432190, 26432190, 26432190, 27977649, 26150133, 26150133, 26150133, 26150133, 26150133, 42212762, 27103283, 27103283, 26956587, 26759908, 26759908, 26759908, 26759908, 26759908, 26759908, 26759908, 26759908, 26759908, 26759908, 26759908, 26759908, 26726923, 26726923, 26726923, 26726923, 26726923, 26726923, 26726923]",0,0,0,PCIE_NVME,0,2097152,0,2097152,2097152,2097152,1.0,hot,0,0,0,0,1.0,4194304
0,251,meta-llama/Llama-3.1-8B,6,236,24329954733,150600599849,126270645116,107712961530,107960127476,79958592,"[158661515, 5572633028, 26726923, 26726923, 26726923, 2335951293, 27232760, 27232760, 27232760, 27232760, 27232760, 27232760, 27232760, 27232760, 27232760, 27232760, 27232760, 27232760, 27103283, 27103283, 27103283, 27103283, 26997779, 26997779, 26997779, 26997779, 26997779, 26997779, 26997779, 26997779, 26997779, 26997779, 26997779, 116813844, 477569226, 27278932, 27232760, 27232760, 27232760, 27232760, 27232760, 27232760, 27232760, 27232760, 27232760, 27232760, 26997779, 26997779, 26997779, 26956587, 26956587, 26956587, 26759908, 26759908, 26759908, 26759908, 26759908, 26759908, 26759908, 26759908, 26759908, 26726923, 26726923, 26726923, 26726923, 26726923, 26726923, 26726923, 26726923, 26726923, 26726923, 26726923, 26726923, 26726923, 26726923, 26726923, 26726923, 26726923, 26726923, 26726923, 26726923, 26726923, 26726923, 26726923, 26726923, 26726923, 26726923, 26726923, 26726923, 26726923, 26726923, 26726923, 26726923, 26726923, 26726923, 26726923, 26726923, 26726923, 26726923, 26695203, 213051572, 26759908, 26759908, 26759908, 26475376, 954156678, 26615821, 26615821, 26615821, 26615821, 26615821, 26615821, 26615821, 26615821, 57170786, 26759908, 26759908, 26759908, 26759908, 26790979, 26553020, 444628047, 27512576, 27512576, 27512576, 478007878, 27278932, 27278932, 27278932, 27278932, 27278932, 27278932, 27278932, 27278932, 27278932, 34698854, 27278932, 27278932, 27278932, 27278932, 27278932, 27278932, 27278932, 27278932, 27278932, 27278932, 27278932, 27278932, 27278932, 27278932, 27278932, 27278932, 27278932, 26164062, 116602288, 27232760, 27232760, 27232760, 27232760, 27232760, 27232760, 27232760, 27232760, 27232760, 27232760, 27232760, 27232760, 27232760, 26695203, 54642186, 26164062, 26164062, 26164062, 26164062, 28825295, 26997779, 26997779, 26049543, 239483804, 26437374, 26437374, 26437374, 354987748, 26164062, 26125428, 970630791, 27103283, 27103283, 26956587, 26759908, 26759908, 26759908, 26759908, 26759908, 26759908, 26759908, 26759908, 26759908, 26759908, 26759908, 26759908, 26726923, 26726923, 26726923, 26726923, 26726923, 26726923, 26726923, 26695203, 26695203, 26695203, 26695203, 26695203, 26695203, 26695203, 26695203, 26695203, 26695203, 26695203, 26695203, 26695203, 26695203, 26695203, 26695203, 26695203, 26695203, 26695203, 26695203, 26695203]",0,0,0,PCIE_NVME,0,4194304,0,4194304,4194304,4194304,1.0,hot,0,0,0,0,1.0,8388608
0,250,meta-llama/Llama-3.1-8B,12,308,24281325540,151677620459,127396294919,107761590723,108008756669,65720468,"[158661515, 5572633028, 26726923, 26726923, 26726923, 2335951293, 27232760, 27232760, 27232760, 27232760, 27232760, 27232760, 27232760, 27232760, 27232760, 27232760, 27232760, 27232760, 27103283, 27103283, 27103283, 27103283, 26997779, 26997779, 26997779, 26997779, 26997779, 26997779, 26997779, 26997779, 26997779, 26997779, 26997779, 116813844, 477569226, 27278932, 27232760, 27232760, 27232760, 27232760, 27232760, 27232760, 27232760, 27232760, 27232760, 27232760, 26997779, 26997779, 26997779, 26956587, 26956587, 26956587, 26759908, 26759908, 26759908, 26759908, 26759908, 26759908, 26759908, 26759908, 26759908, 26726923, 26726923, 26726923, 26726923, 26726923, 26726923, 26726923, 26726923, 26726923, 26726923, 26726923, 26726923, 26726923, 26726923, 26726923, 26726923, 26726923, 26726923, 26726923, 26726923, 26726923, 26726923, 26726923, 26726923, 26726923, 26726923, 26726923, 26726923, 26726923, 26726923, 26726923, 26726923, 26726923, 26726923, 26726923, 26726923, 26726923, 26726923, 26695203, 213051572, 26759908, 26759908, 26759908, 26475376, 26354138, 927802540, 26615821, 26615821, 26615821, 26615821, 26615821, 26615821, 26615821, 26615821, 57170786, 26759908, 26759908, 26759908, 26759908, 26790979, 26553020, 444628047, 27512576, 27512576, 27512576, 478007878, 27278932, 27278932, 27278932, 27278932, 27278932, 27278932, 27278932, 27278932, 27278932, 34698854, 27278932, 27278932, 27278932, 27278932, 27278932, 27278932, 27278932, 27278932, 27278932, 27278932, 27278932, 27278932, 27278932, 27278932, 27278932, 27278932, 27278932, 26164062, 116602288, 27232760, 27232760, 27232760, 27232760, 27232760, 27232760, 27232760, 27232760, 27232760, 27232760, 27232760, 27232760, 27232760, 26695203, 26370142, 28272044, 26164062, 26164062, 26164062, 26164062, 28825295, 26997779, 26997779, 26049543, 239483804, 26437374, 26437374, 26437374, 354987748, 26164062, 26125428, 26370142, 26370142, 26370142, 26370142, 26370142, 26370142, 26370142, 26370142, 162245729, 26432190, 26432190, 26432190, 26432190, 26432190, 26432190, 26432190, 26432190, 26432190, 26432190, 26432190, 26432190, 26432190, 26432190, 26432190, 200941076, 27103283, 27103283, 26956587, 26759908, 26759908, 26759908, 26759908, 26759908, 26759908, 26759908, 26759908, 26759908, 26759908, 26759908, 26759908, 26726923, 26726923, 26726923, 26726923, 26726923, 26726923, 26726923, 26695203, 26695203, 26695203, 26695203, 26695203, 26695203, 26695203, 26695203, 26695203, 26695203, 26695203, 26695203, 26695203, 26695203, 26695203, 26695203, 26695203, 26695203, 26695203, 26695203, 26695203, 26706189, 26706189, 26706189, 26706189, 26706189, 26706189, 26706189, 26706189, 26706189, 26706189, 26706189, 26706189, 26706189, 26706189, 26706189, 26706189, 26706189, 26706189, 26706189, 26706189, 26706189, 26706189, 26706189, 26706189, 26706189, 26706189, 26706189, 26706189, 26706189, 26572255, 36162254, 26645180, 26645180, 26645180, 26645180, 26645180, 26645180, 26645180, 26645180, 26645180]",0,0,0,PCIE_NVME,0,6291456,0,6291456,6291456,6291456,1.0,hot,0,0,0,0,1.0,12582912
0,256,meta-llama/Llama-3.1-8B,45,342,24933616928,153397121516,128463504588,107109299335,107356465281,71307565,"[158661515, 7988765090, 27232760, 27232760, 27232760, 27232760, 27232760, 27232760, 27232760, 27232760, 27232760, 27232760, 27232760, 27232760, 27103283, 27103283, 27103283, 27103283, 26997779, 26997779, 26997779, 26997779, 26997779, 26997779, 26997779, 26997779, 26997779, 26997779, 26997779, 116813844, 477569226, 27278932, 27232760, 27232760, 27232760, 27232760, 27232760, 27232760, 27232760, 27232760, 27232760, 27232760, 26997779, 26997779, 26997779, 26956587, 26956587, 26956587, 26759908, 26759908, 26759908, 26759908, 26759908, 26759908, 26759908, 26759908, 26759908, 26726923, 26726923, 26726923, 26726923, 26726923, 26726923, 26726923, 26726923, 26726923, 26726923, 26726923, 26726923, 26726923, 26726923, 26726923, 26726923, 26726923, 26726923, 26726923, 26726923, 26726923, 26726923, 26726923, 26726923, 26726923, 26726923, 26726923, 26726923, 26726923, 26726923, 26726923, 26726923, 26726923, 26726923, 26726923, 26726923, 26726923, 26726923, 26695203, 213051572, 26759908, 26759908, 26759908, 980632054, 26615821, 26615821, 26615821, 26615821, 26615821, 26615821, 26615821, 26615821, 57170786, 26759908, 26759908, 26759908, 26759908, 26790979, 26553020, 444628047, 27512576, 27512576, 27512576, 478007878, 27278932, 27278932, 27278932, 27278932, 27278932, 27278932, 27278932, 27278932, 27278932, 34698854, 27278932, 27278932, 27278932, 27278932, 27278932, 27278932, 27278932, 27278932, 27278932, 27278932, 27278932, 27278932, 27278932, 27278932, 27278932, 27278932, 27278932, 26164062, 116602288, 27232760, 27232760, 27232760, 27232760, 27232760, 27232760, 27232760, 27232760, 27232760, 27232760, 27232760, 27232760, 27232760, 26695203, 54642186, 26164062, 26164062, 26164062, 26164062, 28825295, 26997779, 26997779, 265533347, 26437374, 26437374, 26437374, 354987748, 26164062, 996756219, 27103283, 27103283, 26956587, 26759908, 26759908, 26759908, 26759908, 26759908, 26759908, 26759908, 26759908, 26759908, 26759908, 26759908, 26759908, 26726923, 26726923, 26726923, 26726923, 26726923, 26726923, 26726923, 26695203, 26695203, 26695203, 26695203, 26695203, 26695203, 26695203, 26695203, 26695203, 26695203, 26695203, 26695203, 26695203, 26695203, 26695203, 26695203, 26695203, 26695203, 26695203, 26695203, 26695203, 26706189, 26706189, 26706189, 26706189, 26706189, 26706189, 26706189, 26706189, 26706189, 26706189, 26706189, 26706189, 26706189, 26706189, 26706189, 26706189, 26706189, 26706189, 26706189, 26706189, 26706189, 26706189, 26706189, 26706189, 26706189, 26706189, 26706189, 26706189, 26706189, 62734509, 26645180, 26645180, 26645180, 26645180, 26645180, 26645180, 26645180, 26645180, 26645180, 36162254, 26645180, 26645180, 26645180, 26645180, 26645180, 572165858, 26444528, 26444528, 26444528, 26454608, 26454608, 26454608, 26454608, 26454608, 26454608, 26454608, 26454608, 26454608, 26454608, 26454608, 26454608, 26454608, 26454608, 26077588, 26077588, 26077588, 26077588, 26077588, 265716899, 26428822, 26428822, 26428822, 26428822, 26428822]",0,0,0,PCIE_NVME,0,6291456,0,6291456,6291456,6291456,1.0,hot,0,0,0,0,1.0,12582912
0,252,meta-llama/Llama-3.1-8B,30,352,24520427398,153665683930,129145256532,107522488865,107769654811,66590659,"[158661515, 5572633028, 26726923, 26726923, 26726923, 2335951293, 27232760, 27232760, 27232760, 27232760, 27232760, 27232760, 27232760, 27232760, 27232760, 27232760, 27232760, 27232760, 27103283, 27103283, 27103283, 27103283, 26997779, 26997779, 26997779, 26997779, 26997779, 26997779, 26997779, 26997779, 26997779, 26997779, 26997779, 116813844, 477569226, 27278932, 27232760, 27232760, 27232760, 27232760, 27232760, 27232760, 27232760, 27232760, 27232760, 27232760, 26997779, 26997779, 26997779, 26956587, 26956587, 26956587, 26759908, 26759908, 26759908, 26759908, 26759908, 26759908, 26759908, 26759908, 26759908, 26726923, 26726923, 26726923, 26726923, 26726923, 26726923, 26726923, 26726923, 26726923, 26726923, 26726923, 26726923, 26726923, 26726923, 26726923, 26726923, 26726923, 26726923, 26726923, 26726923, 26726923, 26726923, 26726923, 26726923, 26726923, 26726923, 26726923, 26726923, 26726923, 26726923, 26726923, 26726923, 26726923, 26726923, 26726923, 26726923, 26726923, 26726923, 26695203, 213051572, 26759908, 26759908, 26759908, 26475376, 954156678, 26615821, 26615821, 26615821, 26615821, 26615821, 26615821, 26615821, 26615821, 57170786, 26759908, 26759908, 26759908, 26759908, 26790979, 26553020, 444628047, 27512576, 27512576, 27512576, 478007878, 27278932, 27278932, 27278932, 27278932, 27278932, 27278932, 27278932, 27278932, 27278932, 34698854, 27278932, 27278932, 27278932, 27278932, 27278932, 27278932, 27278932, 27278932, 27278932, 27278932, 27278932, 27278932, 27278932, 27278932, 27278932, 27278932, 27278932, 26164062, 116602288, 27232760, 27232760, 27232760, 27232760, 27232760, 27232760, 27232760, 27232760, 27232760, 27232760, 27232760, 27232760, 27232760, 26695203, 54642186, 26164062, 26164062, 26164062, 26164062, 28825295, 26997779, 26997779, 265533347, 26437374, 26437374, 26437374, 354987748, 26164062, 26125428, 970630791, 27103283, 27103283, 26956587, 26759908, 26759908, 26759908, 26759908, 26759908, 26759908, 26759908, 26759908, 26759908, 26759908, 26759908, 26759908, 26726923, 26726923, 26726923, 26726923, 26726923, 26726923, 26726923, 26695203, 26695203, 26695203, 26695203, 26695203, 26695203, 26695203, 26695203, 26695203, 26695203, 26695203, 26695203, 26695203, 26695203, 26695203, 26695203, 26695203, 26695203, 26695203, 26695203, 26695203, 26706189, 26706189, 26706189, 26706189, 26706189, 26706189, 26706189, 26706189, 26706189, 26706189, 26706189, 26706189, 26706189, 26706189, 26706189, 26706189, 26706189, 26706189, 26706189, 26706189, 26706189, 26706189, 26706189, 26706189, 26706189, 26706189, 26706189, 26706189, 26706189, 62734509, 26645180, 26645180, 26645180, 26645180, 26645180, 26645180, 26645180, 26645180, 26645180, 36162254, 26645180, 26645180, 26645180, 26645180, 26645180, 572165858, 26444528, 26444528, 26444528, 26454608, 26454608, 26454608, 26454608, 26454608, 26454608, 26454608, 26454608, 26454608, 26454608, 26454608, 26454608, 26454608, 26454608, 26077588, 26077588, 26077588, 26077588, 26077588, 25892533, 25892533, 25892533, 25892533, 25892533, 25892533, 26552895, 26552895, 26552895, 30703016, 26428822, 26428822, 26428822, 26428822, 26428822, 30703016, 26428822, 26428822, 26428822, 26428822, 26428822, 26428822, 26428822, 26428822, 26428822]",0,0,0,PCIE_NVME,0,10485760,0,10485760,10485760,10485760,1.0,hot,0,0,0,0,1.0,20971520
0,260,meta-llama/Llama-3.1-8B,500,783,25242786610,153906250834,128663464224,115926904025,116043717869,44750873,"[477569226, 27278932, 27232760, 27232760, 27232760, 27232760, 27232760, 27232760, 27232760, 27232760, 27232760, 27232760, 26997779, 26997779, 26997779, 26956587, 26956587, 26956587, 26759908, 26759908, 26759908, 26759908, 26759908, 26759908, 26759908, 26759908, 26759908, 26726923, 26726923, 26726923, 26726923, 26726923, 26726923, 26726923, 26726923, 26726923, 26726923, 26726923, 26726923, 26726923, 26726923, 26726923, 26726923, 26726923, 26726923, 26726923, 26726923, 26726923, 26726923, 26726923, 26726923, 26726923, 26726923, 26726923, 26726923, 26726923, 26726923, 26726923, 26726923, 26726923, 26726923, 26726923, 26726923, 26726923, 26726923, 26695203, 213051572, 26759908, 26759908, 26759908, 980632054, 26615821, 26615821, 26615821, 26615821, 26615821, 26615821, 26615821, 26615821, 57170786, 26759908, 26759908, 26759908, 26759908, 26790979, 26553020, 444628047, 27512576, 27512576, 27512576, 478007878, 27278932, 27278932, 27278932, 27278932, 27278932, 27278932, 27278932, 27278932, 27278932, 34698854, 27278932, 27278932, 27278932, 27278932, 27278932, 27278932, 27278932, 27278932, 27278932, 27278932, 27278932, 27278932, 27278932, 27278932, 27278932, 27278932, 27278932, 26164062, 116602288, 27232760, 27232760, 27232760, 27232760, 27232760, 27232760, 27232760, 27232760, 27232760, 27232760, 27232760, 27232760, 27232760, 26695203, 54642186, 26164062, 26164062, 26164062, 26164062, 28825295, 26997779, 26997779, 265533347, 434299870, 26164062, 996756219, 27103283, 27103283, 26956587, 26759908, 26759908, 26759908, 26759908, 26759908, 26759908, 26759908, 26759908, 26759908, 26759908, 26759908, 26759908, 26726923, 26726923, 26726923, 26726923, 26726923, 26726923, 26726923, 26695203, 26695203, 26695203, 26695203, 26695203, 26695203, 26695203, 26695203, 26695203, 26695203, 26695203, 26695203, 26695203, 26695203, 26695203, 26695203, 26695203, 26695203, 26695203, 26695203, 26695203, 26706189, 26706189, 26706189, 26706189, 26706189, 26706189, 26706189, 26706189, 26706189, 26706189, 26706189, 26706189, 26706189, 26706189, 26706189, 26706189, 26706189, 26706189, 26706189, 26706189, 26706189, 26706189, 26706189, 26706189, 26706189, 26706189, 26706189, 26706189, 26706189, 62734509, 26645180, 26645180, 26645180, 26645180, 26645180, 26645180, 26645180, 26645180, 26645180, 36162254, 26645180, 26645180, 26645180, 26645180, 26645180, 572165858, 26444528, 26444528, 26444528, 26454608, 26454608, 26454608, 26454608, 26454608, 26454608, 26454608, 26454608, 26454608, 26454608, 26454608, 26454608, 26454608, 26454608, 26077588, 26077588, 26077588, 26077588, 26077588, 265716899, 26428822, 26428822, 26428822, 26428822, 26428822, 30703016, 26428822, 26428822, 26428822, 26428822, 26428822, 26428822, 26428822, 26428822, 26428822, 26729656, 26729656, 26729656, 26729656, 26729656, 26729656, 26729656, 26729656, 26729656]",0,0,0,NPU,0,0,0,0,0,0,1.0,hot,0,0,0,0,1.0,0
0,233,meta-llama/Llama-3.1-8B,1181,1882,21871296012,153942497564,132071201552,102188681859,102455725603,42307822,"[27773145, 27773145, 27773145, 27773145, 27773145, 27773145, 27773145, 27773145, 289236558, 27103283, 259086410, 27685307, 27685307, 27685307, 27685307, 27685307, 27685307, 27685307, 27685307, 27512576, 27278932, 178855358, 27512576, 72202195, 27685307, 446622827, 27278932, 27278932, 27278932, 27278932, 27278932, 59226323, 27061067, 470358103, 27761521, 27761521, 27766321, 27766321, 27766321, 27766321, 27766321, 27766321, 27766321, 27766321, 27766321, 27766321, 105977879, 27685307, 27685307, 27685307, 27685307, 27685307, 27685307, 27685307, 27685307, 27685307, 27685307, 27685307, 27685307, 27685307, 27685307, 27685307, 27685307, 27685307, 27512576, 27512576, 27512576, 27512576, 27512576, 27512576, 27512576, 27512576, 27512576, 27512576, 27512576, 27512576, 27278932, 27278932, 27278932, 27278932, 27278932, 27278932, 27278932, 27278932, 27232760, 27232760, 27232760, 27232760, 27103283, 27103283, 27061067, 27061067, 27061067, 27061067, 27061067, 27061067, 27061067, 27061067, 27061067, 26956587, 26956587, 26956587, 26956587, 26956587, 188231245, 26956587, 26956587, 26956587, 26956587, 26956587, 26956587, 26956587, 26956587, 26956587, 26956587, 26956587, 26956587, 26956587, 26956587, 26956587, 26956587, 26956587, 26956587, 26956587, 26956587, 26956587, 26759908, 26759908, 26759908, 26759908, 26759908, 26759908, 26759908, 26759908, 26759908, 26759908, 26759908, 26759908, 26759908, 26759908, 26759908, 26759908, 26759908, 26759908, 26759908, 26759908, 26759908, 26759908, 26759908, 26759908, 26726923, 26726923, 26726923, 26726923, 26726923, 26726923, 26726923, 26726923, 229491783, 26695203, 26695203, 26695203, 26695203, 26695203, 26695203, 26695203, 26695203, 49240490, 26790979, 26706189, 26706189, 26706189, 26706189, 26706189, 26706189, 26706189, 26706189, 26706189, 26706189, 26706189, 26706189, 26706189, 26706189, 26706189, 26706189, 26706189, 26706189, 26706189, 26645180, 26645180, 26645180, 26645180, 26645180, 26645180, 26645180, 26645180, 26645180, 26645180, 26645180, 26645180, 26645180, 26645180, 26645180, 26645180, 26645180, 26645180, 26645180, 26645180, 26645180, 247165946, 158661515, 26444528, 26444528, 26444528, 25997827, 25997827, 25997827, 3231186664, 26706189, 26706189, 26380886, 26380886, 776165400, 26444528, 26444528, 26444528, 26444528, 26444528, 26444528, 26444528, 26444528, 26444528, 26444528, 26444528, 26380886, 26380886, 26380886, 26380886, 26380886, 26380886, 26380886, 26380886, 26380886, 26380886, 26428822, 26428822, 26428822, 26428822, 26428822, 26428822, 26428822, 26428822, 26428822, 26428822, 26729656, 26729656, 26729656, 26729656, 26729656, 26729656, 26729656, 26729656, 26729656, 26729656, 26729656, 26729656, 26729656, 26729656, 26729656, 26729656, 55118365, 26726923, 26726923, 26726923, 2335951293, 27232760, 27232760, 27232760, 27232760, 27232760, 27232760, 27232760, 27232760, 27232760, 27232760, 27232760, 27232760, 27103283, 27103283, 27103283, 27103283, 26997779, 26997779, 26997779, 26997779, 26997779, 26997779, 26997779, 26997779, 26997779, 26997779, 26997779, 116813844, 26246582, 26246582, 26246582, 398829480, 27278932, 27232760, 27232760, 27232760, 27232760, 27232760, 27232760, 27232760, 27232760, 27232760, 27232760, 26997779, 26997779, 26997779, 26956587, 26956587, 26956587, 26759908, 26759908, 26759908, 26759908, 26759908, 26759908, 26759908, 26759908, 26759908, 26726923, 26726923, 26726923, 26726923, 26726923, 26726923, 26726923, 26726923, 26726923, 26726923, 26726923, 26726923, 26726923, 26726923, 26726923, 26726923, 26726923, 26726923, 26726923, 26726923, 26726923, 26726923, 26726923, 26726923, 26726923, 26726923, 26726923, 26726923, 26726923, 26726923, 26726923, 26726923, 26726923, 26726923, 26726923, 26726923, 26726923, 26726923, 26695203, 213051572, 26759908, 26759908, 26759908, 26475376, 26354138, 28334737, 27555797, 27555797, 27555797, 27555797, 27555797, 27555797, 27555797, 706577224, 26615821, 26615821, 26615821, 26615821, 26615821, 26615821, 26615821, 26615821, 57170786, 26759908, 26759908, 26759908, 26759908, 26790979, 26553020, 28684263, 27555797, 27555797, 27555797, 27555797, 27555797, 27555797, 27757525, 27757525, 27757525, 27757525, 27757525, 111821377, 27512576, 27512576, 27512576, 478007878, 27278932, 27278932, 27278932, 27278932, 27278932, 27278932, 27278932, 27278932, 27278932, 34698854, 27278932, 27278932, 27278932, 27278932, 27278932, 27278932, 27278932, 27278932, 27278932, 27278932, 27278932, 27278932, 27278932, 27278932, 27278932, 27278932, 27278932, 26164062, 27200027, 27200027, 27200027, 35002207, 27232760, 27232760, 27232760, 27232760, 27232760, 27232760, 27232760, 27232760, 27232760, 27232760, 27232760, 27232760, 27232760, 26695203, 26370142, 28272044, 26164062, 26164062, 26164062, 26164062, 28825295, 26997779, 26997779, 26049543, 26887103, 26887103, 26887103, 32509598, 32509598, 32509598, 32509598, 28784103, 26437374, 26437374, 26437374, 27200027, 27200027, 27200027, 27200027, 27200027, 27200027, 27200027, 27200027, 27200027, 27200027, 27200027, 27200027, 28587424, 26164062, 26125428, 26370142, 26370142, 26370142, 26370142, 26370142, 26370142, 26370142, 26370142, 26150133, 26887103, 26887103, 26887103, 26887103, 28547184, 26432190, 26432190, 26432190, 26432190, 26432190, 26432190, 26432190, 26432190, 26432190, 26432190, 26432190, 26432190, 26432190, 26432190, 26432190, 27977649, 26150133, 26150133, 26150133, 26150133, 26150133, 42212762, 27103283, 27103283, 26956587, 26759908, 26759908, 26759908, 26759908, 26759908, 26759908, 26759908, 26759908, 26759908, 26759908, 26759908, 26759908, 26726923, 26726923, 26726923, 26726923, 26726923, 26726923, 26726923, 26695203, 26695203, 26695203, 26695203, 26695203, 26695203, 26695203, 26695203, 26695203, 26695203, 26695203, 26695203, 26695203, 26695203, 26695203, 26695203, 26695203, 26695203, 26695203, 26695203, 26695203, 26706189, 26706189, 26706189, 26706189, 26706189, 26706189, 26706189, 26706189, 26706189, 26706189, 26706189, 26706189, 26706189, 26706189, 26706189, 26706189, 26706189, 26706189, 26706189, 26706189, 26706189, 26706189, 26706189, 26706189, 26706189, 26706189, 26706189, 26706189, 26706189, 26572255, 36162254, 26645180, 26645180, 26645180, 26645180, 26645180, 26645180, 26645180, 26645180, 26645180, 36162254, 26645180, 26645180, 26645180, 26645180, 26645180, 33512766, 33512766, 33512766, 33512766, 33512766, 33512766, 33512766, 33512766, 33512766, 33512766, 33512766, 33512766, 33512766, 33512766, 33512766, 33512766, 35961602, 26444528, 26444528, 26444528, 26454608, 26454608, 26454608, 26454608, 26454608, 26454608, 26454608, 26454608, 26454608, 26454608, 26454608, 26454608, 26454608, 26454608, 26077588, 26077588, 26077588, 26077588, 26077588, 25892533, 25892533, 25892533, 25892533, 25892533, 25892533, 26552895, 26552895, 26552895, 30703016, 26428822, 26428822, 26428822, 26428822, 26428822, 30703016, 26428822, 26428822, 26428822, 26428822, 26428822, 26428822, 26428822, 26428822, 26428822, 26729656, 26729656, 26729656, 26729656, 26729656, 26729656, 26729656, 26729656, 26729656, 36246730]",0,0,0,NPU,0,0,0,0,0,0,1.0,hot,0,0,0,0,1.0,0
0,241,meta-llama/Llama-3.1-8B,6,639,22769667855,156194011263,133424343408,102837607069,102909809264,48282490,"[27685307, 642243810, 497419170, 27761521, 27761521, 27766321, 27766321, 27766321, 27766321, 27766321, 27766321, 27766321, 27766321, 27766321, 27766321, 105977879, 27685307, 27685307, 27685307, 27685307, 27685307, 27685307, 27685307, 27685307, 27685307, 27685307, 27685307, 27685307, 27685307, 27685307, 27685307, 27685307, 27685307, 27512576, 27512576, 27512576, 27512576, 27512576, 27512576, 27512576, 27512576, 27512576, 27512576, 27512576, 27512576, 27278932, 27278932, 27278932, 27278932, 27278932, 27278932, 27278932, 27278932, 27232760, 27232760, 27232760, 27232760, 27103283, 27103283, 27061067, 27061067, 27061067, 27061067, 27061067, 27061067, 27061067, 27061067, 27061067, 26956587, 26956587, 26956587, 26956587, 26956587, 188231245, 26956587, 26956587, 26956587, 26956587, 26956587, 26956587, 26956587, 26956587, 26956587, 26956587, 26956587, 26956587, 26956587, 26956587, 26956587, 26956587, 26956587, 26956587, 26956587, 26956587, 26956587, 26759908, 26759908, 26759908, 26759908, 26759908, 26759908, 26759908, 26759908, 26759908, 26759908, 26759908, 26759908, 26759908, 26759908, 26759908, 26759908, 26759908, 26759908, 26759908, 26759908, 26759908, 26759908, 26759908, 26759908, 26726923, 26726923, 26726923, 26726923, 26726923, 26726923, 26726923, 26726923, 229491783, 26695203, 26695203, 26695203, 26695203, 26695203, 26695203, 26695203, 26695203, 49240490, 26790979, 26706189, 26706189, 26706189, 26706189, 26706189, 26706189, 26706189, 26706189, 26706189, 26706189, 26706189, 26706189, 26706189, 26706189, 26706189, 26706189, 26706189, 26706189, 26706189, 26645180, 26645180, 26645180, 26645180, 26645180, 26645180, 26645180, 26645180, 26645180, 26645180, 26645180, 26645180, 26645180, 26645180, 26645180, 26645180, 26645180, 26645180, 26645180, 26645180, 26645180, 247165946, 158661515, 26444528, 26444528, 26444528, 3309180145, 26706189, 26706189, 26380886, 26380886, 776165400, 26444528, 26444528, 26444528, 26444528, 26444528, 26444528, 26444528, 26444528, 26444528, 26444528, 26444528, 26380886, 26380886, 26380886, 26380886, 26380886, 26380886, 26380886, 26380886, 26380886, 26380886, 26428822, 26428822, 26428822, 26428822, 26428822, 26428822, 26428822, 26428822, 26428822, 26428822, 26729656, 26729656, 26729656, 26729656, 26729656, 26729656, 26729656, 26729656, 26729656, 26729656, 26729656, 26729656, 26729656, 26729656, 26729656, 26729656, 55118365, 26726923, 26726923, 26726923, 2335951293, 27232760, 27232760, 27232760, 27232760, 27232760, 27232760, 27232760, 27232760, 27232760, 27232760, 27232760, 27232760, 27103283, 27103283, 27103283, 27103283, 26997779, 26997779, 26997779, 26997779, 26997779, 26997779, 26997779, 26997779, 26997779, 26997779, 26997779, 116813844, 26246582, 26246582, 26246582, 398829480, 27278932, 27232760, 27232760, 27232760, 27232760, 27232760, 27232760, 27232760, 27232760, 27232760, 27232760, 26997779, 26997779, 26997779, 26956587, 26956587, 26956587, 26759908, 26759908, 26759908, 26759908, 26759908, 26759908, 26759908, 26759908, 26759908, 26726923, 26726923, 26726923, 26726923, 26726923, 26726923, 26726923, 26726923, 26726923, 26726923, 26726923, 26726923, 26726923, 26726923, 26726923, 26726923, 26726923, 26726923, 26726923, 26726923, 26726923, 26726923, 26726923, 26726923, 26726923, 26726923, 26726923, 26726923, 26726923, 26726923, 26726923, 26726923, 26726923, 26726923, 26726923, 26726923, 26726923, 26726923, 26695203, 213051572, 26759908, 26759908, 26759908, 26475376, 26354138, 927802540, 26615821, 26615821, 26615821, 26615821, 26615821, 26615821, 26615821, 26615821, 57170786, 26759908, 26759908, 26759908, 26759908, 26790979, 26553020, 444628047, 27512576, 27512576, 27512576, 478007878, 27278932, 27278932, 27278932, 27278932, 27278932, 27278932, 27278932, 27278932, 27278932, 34698854, 27278932, 27278932, 27278932, 27278932, 27278932, 27278932, 27278932, 27278932, 27278932, 27278932, 27278932, 27278932, 27278932, 27278932, 27278932, 27278932, 27278932, 26164062, 116602288, 27232760, 27232760, 27232760, 27232760, 27232760, 27232760, 27232760, 27232760, 27232760, 27232760, 27232760, 27232760, 27232760, 26695203, 26370142, 28272044, 26164062, 26164062, 26164062, 26164062, 28825295, 26997779, 26997779, 26049543, 26887103, 26887103, 26887103, 158822495, 26437374, 26437374, 26437374, 354987748, 26164062, 26125428, 26370142, 26370142, 26370142, 26370142, 26370142, 26370142, 26370142, 26370142, 26150133, 26887103, 26887103, 26887103, 26887103, 28547184, 26432190, 26432190, 26432190, 26432190, 26432190, 26432190, 26432190, 26432190, 26432190, 26432190, 26432190, 26432190, 26432190, 26432190, 26432190, 27977649, 26150133, 26150133, 26150133, 26150133, 26150133, 42212762, 27103283, 27103283, 26956587, 26759908, 26759908, 26759908, 26759908, 26759908, 26759908, 26759908, 26759908, 26759908, 26759908, 26759908, 26759908, 26726923, 26726923, 26726923, 26726923, 26726923, 26726923, 26726923, 26695203, 26695203, 26695203, 26695203, 26695203, 26695203, 26695203, 26695203, 26695203, 26695203, 26695203, 26695203, 26695203, 26695203, 26695203, 26695203, 26695203, 26695203, 26695203, 26695203, 26695203, 26706189, 26706189, 26706189, 26706189, 26706189, 26706189, 26706189, 26706189, 26706189, 26706189, 26706189, 26706189, 26706189, 26706189, 26706189, 26706189, 26706189, 26706189, 26706189, 26706189, 26706189, 26706189, 26706189, 26706189, 26706189, 26706189, 26706189, 26706189, 26706189, 26572255, 36162254, 26645180, 26645180, 26645180, 26645180, 26645180, 26645180, 26645180, 26645180, 26645180, 36162254, 26645180, 26645180, 26645180, 26645180, 26645180, 572165858, 26444528, 26444528, 26444528, 26454608, 26454608, 26454608, 26454608, 26454608, 26454608, 26454608, 26454608, 26454608, 26454608, 26454608, 26454608, 26454608, 26454608, 26077588, 26077588, 26077588, 26077588, 26077588, 25892533, 25892533, 25892533, 25892533, 25892533, 25892533, 26552895, 26552895, 26552895, 30703016, 26428822, 26428822, 26428822, 26428822, 26428822, 30703016, 26428822, 26428822, 26428822, 26428822, 26428822, 26428822, 26428822, 26428822, 26428822, 26729656, 26729656, 26729656, 26729656, 26729656, 26729656, 26729656, 26729656, 26729656, 36246730, 278369223, 144641666, 26464944, 26464944, 26125428, 26125428, 1355923625, 26437374, 26437374, 26437374, 26437374, 26437374, 26437374, 26437374, 26437374, 26437374, 25892415, 25892415, 25892415, 25892415, 25892415]",0,0,0,PCIE_NVME,0,2097152,0,2097152,2097152,2097152,1.0,hot,0,0,0,0,1.0,4194304
0,262,meta-llama/Llama-3.1-8B,9,305,25718935642,156228603521,130509667879,115450754993,115567568837,50651183,"[477569226, 27278932, 27232760, 27232760, 27232760, 27232760, 27232760, 27232760, 27232760, 27232760, 27232760, 27232760, 26997779, 26997779, 26997779, 26956587, 26956587, 26956587, 26759908, 26759908, 26759908, 26759908, 26759908, 26759908, 26759908, 26759908, 26759908, 26726923, 26726923, 26726923, 26726923, 26726923, 26726923, 26726923, 26726923, 26726923, 26726923, 26726923, 26726923, 26726923, 26726923, 26726923, 26726923, 26726923, 26726923, 26726923, 26726923, 26726923, 26726923, 26726923, 26726923, 26726923, 26726923, 26726923, 26726923, 26726923, 26726923, 26726923, 26726923, 26726923, 26726923, 26726923, 26726923, 26726923, 26726923, 26695203, 213051572, 26759908, 26759908, 26759908, 980632054, 26615821, 26615821, 26615821, 26615821, 26615821, 26615821, 26615821, 26615821, 57170786, 26759908, 26759908, 26759908, 26759908, 26790979, 26553020, 444628047, 27512576, 27512576, 27512576, 478007878, 27278932, 27278932, 27278932, 27278932, 27278932, 27278932, 27278932, 27278932, 27278932, 34698854, 27278932, 27278932, 27278932, 27278932, 27278932, 27278932, 27278932, 27278932, 27278932, 27278932, 27278932, 27278932, 27278932, 27278932, 27278932, 27278932, 27278932, 142766350, 27232760, 27232760, 27232760, 27232760, 27232760, 27232760, 27232760, 27232760, 27232760, 27232760, 27232760, 27232760, 27232760, 26695203, 54642186, 133481543, 26997779, 26997779, 265533347, 434299870, 26164062, 996756219, 27103283, 27103283, 26956587, 26759908, 26759908, 26759908, 26759908, 26759908, 26759908, 26759908, 26759908, 26759908, 26759908, 26759908, 26759908, 26726923, 26726923, 26726923, 26726923, 26726923, 26726923, 26726923, 26695203, 26695203, 26695203, 26695203, 26695203, 26695203, 26695203, 26695203, 26695203, 26695203, 26695203, 26695203, 26695203, 26695203, 26695203, 26695203, 26695203, 26695203, 26695203, 26695203, 26695203, 26706189, 26706189, 26706189, 26706189, 26706189, 26706189, 26706189, 26706189, 26706189, 26706189, 26706189, 26706189, 26706189, 26706189, 26706189, 26706189, 26706189, 26706189, 26706189, 26706189, 26706189, 26706189, 26706189, 26706189, 26706189, 26706189, 26706189, 26706189, 26706189, 62734509, 26645180, 26645180, 26645180, 26645180, 26645180, 26645180, 26645180, 26645180, 26645180, 36162254, 26645180, 26645180, 26645180, 26645180, 26645180, 572165858, 26444528, 26444528, 26444528, 26454608, 26454608, 26454608, 26454608, 26454608, 26454608, 26454608, 26454608, 26454608, 26454608, 26454608, 26454608, 26454608, 26454608, 26077588, 26077588, 26077588, 26077588, 26077588, 265716899, 26428822, 26428822, 26428822, 26428822, 26428822, 30703016, 26428822, 26428822, 26428822, 26428822, 26428822, 26428822, 26428822, 26428822, 26428822, 26729656, 26729656, 26729656, 26729656, 26729656, 26729656, 26729656, 26729656, 26729656, 36246730, 278369223, 144641666, 26464944, 26464944, 26125428, 26125428, 1355923625, 26437374, 26437374, 26437374, 26437374, 26437374, 26437374, 26437374, 26437374, 26437374, 164054333]",0,0,0,NPU,0,0,0,0,0,0,1.0,hot,0,0,0,0,1.0,0
0,266,meta-llama/Llama-3.1-8B,23,234,26256256903,156228603521,129972346618,117252443881,117465495453,59556434,"[26759908, 26759908, 26759908, 1250729408, 26759908, 26759908, 26759908, 26759908, 497972046, 27512576, 27512576, 27512576, 478007878, 27278932, 27278932, 27278932, 27278932, 27278932, 27278932, 27278932, 27278932, 27278932, 34698854, 27278932, 27278932, 27278932, 27278932, 27278932, 27278932, 27278932, 27278932, 27278932, 27278932, 27278932, 27278932, 27278932, 27278932, 27278932, 27278932, 27278932, 142766350, 27232760, 27232760, 27232760, 27232760, 27232760, 27232760, 27232760, 27232760, 27232760, 27232760, 27232760, 27232760, 27232760, 26695203, 188123729, 26997779, 26997779, 265533347, 434299870, 1022920281, 27103283, 27103283, 26956587, 26759908, 26759908, 26759908, 26759908, 26759908, 26759908, 26759908, 26759908, 26759908, 26759908, 26759908, 26759908, 26726923, 26726923, 26726923, 26726923, 26726923, 26726923, 26726923, 26695203, 26695203, 26695203, 26695203, 26695203, 26695203, 26695203, 26695203, 26695203, 26695203, 26695203, 26695203, 26695203, 26695203, 26695203, 26695203, 26695203, 26695203, 26695203, 26695203, 26695203, 26706189, 26706189, 26706189, 26706189, 26706189, 26706189, 26706189, 26706189, 26706189, 26706189, 26706189, 26706189, 26706189, 26706189, 26706189, 26706189, 26706189, 26706189, 26706189, 26706189, 26706189, 26706189, 26706189, 26706189, 26706189, 26706189, 26706189, 26706189, 26706189, 62734509, 26645180, 26645180, 26645180, 26645180, 26645180, 26645180, 26645180, 26645180, 26645180, 36162254, 26645180, 26645180, 26645180, 26645180, 26645180, 572165858, 26444528, 26444528, 26444528, 26454608, 26454608, 26454608, 26454608, 26454608, 26454608, 26454608, 26454608, 26454608, 26454608, 26454608, 26454608, 26454608, 26454608, 396104839, 26428822, 26428822, 26428822, 26428822, 26428822, 30703016, 26428822, 26428822, 26428822, 26428822, 26428822, 26428822, 26428822, 26428822, 26428822, 26729656, 26729656, 26729656, 26729656, 26729656, 26729656, 26729656, 26729656, 26729656, 36246730, 278369223, 144641666, 26464944, 26464944, 26125428, 26125428, 1355923625, 26437374, 26437374, 26437374, 26437374, 26437374, 26437374, 26437374, 26437374, 26437374, 164054333]",0,0,0,PCIE_NVME,0,4194304,0,4194304,4194304,4194304,1.0,hot,0,0,0,0,1.0,8388608
0,263,meta-llama/Llama-3.1-8B,68,376,25791985174,156659245279,130867260105,115377705461,115494519305,50074074,"[477569226, 27278932, 27232760, 27232760, 27232760, 27232760, 27232760, 27232760, 27232760, 27232760, 27232760, 27232760, 26997779, 26997779, 26997779, 26956587, 26956587, 26956587, 26759908, 26759908, 26759908, 26759908, 26759908, 26759908, 26759908, 26759908, 26759908, 26726923, 26726923, 26726923, 26726923, 26726923, 26726923, 26726923, 26726923, 26726923, 26726923, 26726923, 26726923, 26726923, 26726923, 26726923, 26726923, 26726923, 26726923, 26726923, 26726923, 26726923, 26726923, 26726923, 26726923, 26726923, 26726923, 26726923, 26726923, 26726923, 26726923, 26726923, 26726923, 26726923, 26726923, 26726923, 26726923, 26726923, 26726923, 26695203, 213051572, 26759908, 26759908, 26759908, 980632054, 26615821, 26615821, 26615821, 26615821, 26615821, 26615821, 26615821, 26615821, 57170786, 26759908, 26759908, 26759908, 26759908, 26790979, 26553020, 444628047, 27512576, 27512576, 27512576, 478007878, 27278932, 27278932, 27278932, 27278932, 27278932, 27278932, 27278932, 27278932, 27278932, 34698854, 27278932, 27278932, 27278932, 27278932, 27278932, 27278932, 27278932, 27278932, 27278932, 27278932, 27278932, 27278932, 27278932, 27278932, 27278932, 27278932, 27278932, 142766350, 27232760, 27232760, 27232760, 27232760, 27232760, 27232760, 27232760, 27232760, 27232760, 27232760, 27232760, 27232760, 27232760, 26695203, 54642186, 133481543, 26997779, 26997779, 265533347, 434299870, 1022920281, 27103283, 27103283, 26956587, 26759908, 26759908, 26759908, 26759908, 26759908, 26759908, 26759908, 26759908, 26759908, 26759908, 26759908, 26759908, 26726923, 26726923, 26726923, 26726923, 26726923, 26726923, 26726923, 26695203, 26695203, 26695203, 26695203, 26695203, 26695203, 26695203, 26695203, 26695203, 26695203, 26695203, 26695203, 26695203, 26695203, 26695203, 26695203, 26695203, 26695203, 26695203, 26695203, 26695203, 26706189, 26706189, 26706189, 26706189, 26706189, 26706189, 26706189, 26706189, 26706189, 26706189, 26706189, 26706189, 26706189, 26706189, 26706189, 26706189, 26706189, 26706189, 26706189, 26706189, 26706189, 26706189, 26706189, 26706189, 26706189, 26706189, 26706189, 26706189, 26706189, 62734509, 26645180, 26645180, 26645180, 26645180, 26645180, 26645180, 26645180, 26645180, 26645180, 36162254, 26645180, 26645180, 26645180, 26645180, 26645180, 572165858, 26444528, 26444528, 26444528, 26454608, 26454608, 26454608, 26454608, 26454608, 26454608, 26454608, 26454608, 26454608, 26454608, 26454608, 26454608, 26454608, 26454608, 26077588, 26077588, 26077588, 26077588, 26077588, 265716899, 26428822, 26428822, 26428822, 26428822, 26428822, 30703016, 26428822, 26428822, 26428822, 26428822, 26428822, 26428822, 26428822, 26428822, 26428822, 26729656, 26729656, 26729656, 26729656, 26729656, 26729656, 26729656, 26729656, 26729656, 36246730, 278369223, 144641666, 26464944, 26464944, 26125428, 26125428, 1355923625, 26437374, 26437374, 26437374, 26437374, 26437374, 26437374, 26437374, 26437374, 26437374, 164054333, 98418074, 27685307, 27685307, 27685307, 27685307, 27685307, 27685307, 27685307, 27685307, 27685307, 27685307, 27685307, 27685307]",0,0,0,PCIE_NVME,0,10485760,0,10485760,10485760,10485760,1.0,hot,0,0,0,0,1.0,20971520
0,285,meta-llama/Llama-3.1-8B,172,188,28330075320,156686757855,128356682535,125890791467,126035433133,154749960,"[1863095068, 98418074, 27685307, 27685307, 27685307, 27685307, 27685307, 27685307, 27685307, 27685307, 27685307, 27685307, 27685307, 27685307, 27512576]",0,0,0,PCIE_NVME,0,23068672,0,23068672,23068672,23068672,1.0,hot,0,0,0,0,1.0,46137344
0,271,meta-llama/Llama-3.1-8B,23,227,26788661369,156768594651,129979933282,118757290420,118869111797,54733110,"[27512576, 27512576, 27512576, 478007878, 27278932, 27278932, 27278932, 27278932, 27278932, 27278932, 27278932, 27278932, 27278932, 34698854, 27278932, 27278932, 27278932, 27278932, 27278932, 27278932, 27278932, 27278932, 27278932, 27278932, 27278932, 27278932, 27278932, 27278932, 27278932, 27278932, 27278932, 142766350, 27232760, 27232760, 27232760, 27232760, 27232760, 27232760, 27232760, 27232760, 27232760, 27232760, 27232760, 27232760, 27232760, 214818932, 26997779, 26997779, 265533347, 1457220151, 27103283, 27103283, 26956587, 26759908, 26759908, 26759908, 26759908, 26759908, 26759908, 26759908, 26759908, 26759908, 26759908, 26759908, 26759908, 26726923, 26726923, 26726923, 26726923, 26726923, 26726923, 26726923, 26695203, 26695203, 26695203, 26695203, 26695203, 26695203, 26695203, 26695203, 26695203, 26695203, 26695203, 26695203, 26695203, 26695203, 26695203, 26695203, 26695203, 26695203, 26695203, 26695203, 26695203, 26706189, 26706189, 26706189, 26706189, 26706189, 26706189, 26706189, 26706189, 26706189, 26706189, 26706189, 26706189, 26706189, 26706189, 26706189, 26706189, 26706189, 26706189, 26706189, 26706189, 26706189, 26706189, 26706189, 26706189, 26706189, 26706189, 26706189, 26706189, 26706189, 62734509, 26645180, 26645180, 26645180, 26645180, 26645180, 26645180, 26645180, 26645180, 26645180, 36162254, 26645180, 26645180, 26645180, 26645180, 26645180, 572165858, 26444528, 26444528, 26444528, 26454608, 26454608, 26454608, 26454608, 26454608, 26454608, 26454608, 26454608, 26454608, 26454608, 26454608, 26454608, 26454608, 26454608, 396104839, 26428822, 26428822, 26428822, 26428822, 26428822, 30703016, 26428822, 26428822, 26428822, 26428822, 26428822, 26428822, 26428822, 26428822, 26428822, 26729656, 26729656, 26729656, 26729656, 26729656, 26729656, 26729656, 26729656, 26729656, 36246730, 278369223, 144641666, 1461104369, 401990699, 98418074, 27685307, 27685307, 27685307, 27685307, 27685307, 27685307, 27685307, 27685307, 27685307, 27685307, 27685307, 27685307, 27512576, 27278932, 27278932, 27278932]",0,0,0,PCIE_NVME,0,10485760,0,10485760,10485760,10485760,1.0,hot,0,0,0,0,1.0,20971520
0,235,meta-llama/Llama-3.1-8B,22,788,22021193681,157286017091,135264823410,102038784190,102305827934,43083654,"[27773145, 27773145, 27773145, 27773145, 27773145, 27773145, 27773145, 27773145, 289236558, 286189693, 27685307, 27685307, 27685307, 27685307, 27685307, 27685307, 27685307, 27685307, 27512576, 27278932, 178855358, 27512576, 72202195, 27685307, 446622827, 27278932, 27278932, 27278932, 27278932, 27278932, 59226323, 27061067, 470358103, 27761521, 27761521, 27766321, 27766321, 27766321, 27766321, 27766321, 27766321, 27766321, 27766321, 27766321, 27766321, 105977879, 27685307, 27685307, 27685307, 27685307, 27685307, 27685307, 27685307, 27685307, 27685307, 27685307, 27685307, 27685307, 27685307, 27685307, 27685307, 27685307, 27685307, 27512576, 27512576, 27512576, 27512576, 27512576, 27512576, 27512576, 27512576, 27512576, 27512576, 27512576, 27512576, 27278932, 27278932, 27278932, 27278932, 27278932, 27278932, 27278932, 27278932, 27232760, 27232760, 27232760, 27232760, 27103283, 27103283, 27061067, 27061067, 27061067, 27061067, 27061067, 27061067, 27061067, 27061067, 27061067, 26956587, 26956587, 26956587, 26956587, 26956587, 188231245, 26956587, 26956587, 26956587, 26956587, 26956587, 26956587, 26956587, 26956587, 26956587, 26956587, 26956587, 26956587, 26956587, 26956587, 26956587, 26956587, 26956587, 26956587, 26956587, 26956587, 26956587, 26759908, 26759908, 26759908, 26759908, 26759908, 26759908, 26759908, 26759908, 26759908, 26759908, 26759908, 26759908, 26759908, 26759908, 26759908, 26759908, 26759908, 26759908, 26759908, 26759908, 26759908, 26759908, 26759908, 26759908, 26726923, 26726923, 26726923, 26726923, 26726923, 26726923, 26726923, 26726923, 229491783, 26695203, 26695203, 26695203, 26695203, 26695203, 26695203, 26695203, 26695203, 49240490, 26790979, 26706189, 26706189, 26706189, 26706189, 26706189, 26706189, 26706189, 26706189, 26706189, 26706189, 26706189, 26706189, 26706189, 26706189, 26706189, 26706189, 26706189, 26706189, 26706189, 26645180, 26645180, 26645180, 26645180, 26645180, 26645180, 26645180, 26645180, 26645180, 26645180, 26645180, 26645180, 26645180, 26645180, 26645180, 26645180, 26645180, 26645180, 26645180, 26645180, 26645180, 247165946, 158661515, 26444528, 26444528, 26444528, 25997827, 25997827, 25997827, 3231186664, 26706189, 26706189, 26380886, 26380886, 776165400, 26444528, 26444528, 26444528, 26444528, 26444528, 26444528, 26444528, 26444528, 26444528, 26444528, 26444528, 26380886, 26380886, 26380886, 26380886, 26380886, 26380886, 26380886, 26380886, 26380886, 26380886, 26428822, 26428822, 26428822, 26428822, 26428822, 26428822, 26428822, 26428822, 26428822, 26428822, 26729656, 26729656, 26729656, 26729656, 26729656, 26729656, 26729656, 26729656, 26729656, 26729656, 26729656, 26729656, 26729656, 26729656, 26729656, 26729656, 55118365, 26726923, 26726923, 26726923, 2335951293, 27232760, 27232760, 27232760, 27232760, 27232760, 27232760, 27232760, 27232760, 27232760, 27232760, 27232760, 27232760, 27103283, 27103283, 27103283, 27103283, 26997779, 26997779, 26997779, 26997779, 26997779, 26997779, 26997779, 26997779, 26997779, 26997779, 26997779, 116813844, 26246582, 26246582, 26246582, 398829480, 27278932, 27232760, 27232760, 27232760, 27232760, 27232760, 27232760, 27232760, 27232760, 27232760, 27232760, 26997779, 26997779, 26997779, 26956587, 26956587, 26956587, 26759908, 26759908, 26759908, 26759908, 26759908, 26759908, 26759908, 26759908, 26759908, 26726923, 26726923, 26726923, 26726923, 26726923, 26726923, 26726923, 26726923, 26726923, 26726923, 26726923, 26726923, 26726923, 26726923, 26726923, 26726923, 26726923, 26726923, 26726923, 26726923, 26726923, 26726923, 26726923, 26726923, 26726923, 26726923, 26726923, 26726923, 26726923, 26726923, 26726923, 26726923, 26726923, 26726923, 26726923, 26726923, 26726923, 26726923, 26695203, 213051572, 26759908, 26759908, 26759908, 26475376, 26354138, 927802540, 26615821, 26615821, 26615821, 26615821, 26615821, 26615821, 26615821, 26615821, 57170786, 26759908, 26759908, 26759908, 26759908, 26790979, 26553020, 444628047, 27512576, 27512576, 27512576, 478007878, 27278932, 27278932, 27278932, 27278932, 27278932, 27278932, 27278932, 27278932, 27278932, 34698854, 27278932, 27278932, 27278932, 27278932, 27278932, 27278932, 27278932, 27278932, 27278932, 27278932, 27278932, 27278932, 27278932, 27278932, 27278932, 27278932, 27278932, 26164062, 27200027, 27200027, 27200027, 35002207, 27232760, 27232760, 27232760, 27232760, 27232760, 27232760, 27232760, 27232760, 27232760, 27232760, 27232760, 27232760, 27232760, 26695203, 26370142, 28272044, 26164062, 26164062, 26164062, 26164062, 28825295, 26997779, 26997779, 26049543, 26887103, 26887103, 26887103, 158822495, 26437374, 26437374, 26437374, 27200027, 27200027, 27200027, 27200027, 27200027, 27200027, 27200027, 27200027, 27200027, 27200027, 27200027, 27200027, 28587424, 26164062, 26125428, 26370142, 26370142, 26370142, 26370142, 26370142, 26370142, 26370142, 26370142, 26150133, 26887103, 26887103, 26887103, 26887103, 28547184, 26432190, 26432190, 26432190, 26432190, 26432190, 26432190, 26432190, 26432190, 26432190, 26432190, 26432190, 26432190, 26432190, 26432190, 26432190, 27977649, 26150133, 26150133, 26150133, 26150133, 26150133, 42212762, 27103283, 27103283, 26956587, 26759908, 26759908, 26759908, 26759908, 26759908, 26759908, 26759908, 26759908, 26759908, 26759908, 26759908, 26759908, 26726923, 26726923, 26726923, 26726923, 26726923, 26726923, 26726923, 26695203, 26695203, 26695203, 26695203, 26695203, 26695203, 26695203, 26695203, 26695203, 26695203, 26695203, 26695203, 26695203, 26695203, 26695203, 26695203, 26695203, 26695203, 26695203, 26695203, 26695203, 26706189, 26706189, 26706189, 26706189, 26706189, 26706189, 26706189, 26706189, 26706189, 26706189, 26706189, 26706189, 26706189, 26706189, 26706189, 26706189, 26706189, 26706189, 26706189, 26706189, 26706189, 26706189, 26706189, 26706189, 26706189, 26706189, 26706189, 26706189, 26706189, 26572255, 36162254, 26645180, 26645180, 26645180, 26645180, 26645180, 26645180, 26645180, 26645180, 26645180, 36162254, 26645180, 26645180, 26645180, 26645180, 26645180, 572165858, 26444528, 26444528, 26444528, 26454608, 26454608, 26454608, 26454608, 26454608, 26454608, 26454608, 26454608, 26454608, 26454608, 26454608, 26454608, 26454608, 26454608, 26077588, 26077588, 26077588, 26077588, 26077588, 25892533, 25892533, 25892533, 25892533, 25892533, 25892533, 26552895, 26552895, 26552895, 30703016, 26428822, 26428822, 26428822, 26428822, 26428822, 30703016, 26428822, 26428822, 26428822, 26428822, 26428822, 26428822, 26428822, 26428822, 26428822, 26729656, 26729656, 26729656, 26729656, 26729656, 26729656, 26729656, 26729656, 26729656, 36246730, 278369223, 144641666, 26464944, 26464944, 26125428, 26125428, 27756869, 27327454, 27327454, 27327454, 27327454, 27327454, 27327454, 27327454, 27327454, 27327454, 27327454, 27327454, 27327454, 27327454, 27327454, 27327454, 27756869, 27706814, 27706814, 27706814, 27706814, 27706814, 27706814, 27706814, 27706814, 27706814, 27706814, 27706814, 27706814, 27706814, 27706814, 27706814, 28136229, 27706814, 27706814, 27706814, 27706814, 27706814, 27706814, 27706814, 27706814, 27706814, 27706814, 27706814, 27706814, 27706814, 27706814, 27706814, 31157428, 26437374, 26437374, 26437374, 26437374, 26437374, 26437374, 26437374, 26437374, 26437374, 25892415, 25892415, 25892415, 25892415, 25892415, 34592258, 98418074, 27685307, 27685307, 27685307, 27685307, 27685307, 27685307, 27685307, 27685307, 27685307, 27685307, 27685307, 27685307, 27512576, 27278932, 27278932, 27278932, 27232760, 27232760, 27232760, 27232760, 27232760, 27232760, 27232760, 27232760, 27232760, 27232760, 27232760, 27232760, 27232760, 27232760, 27232760, 27232760, 27232760, 27232760, 27232760]",0,0,0,NPU,0,0,0,0,0,0,1.0,hot,0,0,0,0,1.0,0
0,274,meta-llama/Llama-3.1-8B,1065,1110,27306527292,157549096534,130242569242,126635970272,126914339495,75641585,"[144641666, 1461104369, 401990699, 98418074, 27685307, 27685307, 27685307, 27685307, 27685307, 27685307, 27685307, 27685307, 27685307, 27685307, 27685307, 27685307, 27512576, 27278932, 27278932, 27278932, 27232760, 27232760, 27232760, 27232760, 27232760, 27232760, 27232760, 27232760, 27232760, 27232760, 27232760, 27232760, 27232760, 27232760, 27232760, 27232760, 27232760, 27232760, 27232760, 153029139, 27512576, 27512576, 27512576, 27512576]",0,0,0,NPU,0,0,0,0,0,0,1.0,hot,0,0,0,0,1.0,0
0,293,meta-llama/Llama-3.1-8B,1,10,28818589284,157748463251,128929873967,128467427807,128620456946,38677127,"[27512576, 27512576, 27512576, 27512576, 116310796, 27685307, 27685307, 27685307]",0,0,0,NPU,0,0,0,0,0,0,1.0,hot,0,0,0,0,1.0,0
0,264,meta-llama/Llama-3.1-8B,1174,1439,26001846037,157941051283,131939205246,117506854747,117719906319,53860980,"[26759908, 26759908, 26759908, 1250729408, 26759908, 26759908, 26759908, 26759908, 26790979, 471181067, 27512576, 27512576, 27512576, 478007878, 27278932, 27278932, 27278932, 27278932, 27278932, 27278932, 27278932, 27278932, 27278932, 34698854, 27278932, 27278932, 27278932, 27278932, 27278932, 27278932, 27278932, 27278932, 27278932, 27278932, 27278932, 27278932, 27278932, 27278932, 27278932, 27278932, 27278932, 142766350, 27232760, 27232760, 27232760, 27232760, 27232760, 27232760, 27232760, 27232760, 27232760, 27232760, 27232760, 27232760, 27232760, 26695203, 54642186, 133481543, 26997779, 26997779, 265533347, 434299870, 1022920281, 27103283, 27103283, 26956587, 26759908, 26759908, 26759908, 26759908, 26759908, 26759908, 26759908, 26759908, 26759908, 26759908, 26759908, 26759908, 26726923, 26726923, 26726923, 26726923, 26726923, 26726923, 26726923, 26695203, 26695203, 26695203, 26695203, 26695203, 26695203, 26695203, 26695203, 26695203, 26695203, 26695203, 26695203, 26695203, 26695203, 26695203, 26695203, 26695203, 26695203, 26695203, 26695203, 26695203, 26706189, 26706189, 26706189, 26706189, 26706189, 26706189, 26706189, 26706189, 26706189, 26706189, 26706189, 26706189, 26706189, 26706189, 26706189, 26706189, 26706189, 26706189, 26706189, 26706189, 26706189, 26706189, 26706189, 26706189, 26706189, 26706189, 26706189, 26706189, 26706189, 62734509, 26645180, 26645180, 26645180, 26645180, 26645180, 26645180, 26645180, 26645180, 26645180, 36162254, 26645180, 26645180, 26645180, 26645180, 26645180, 572165858, 26444528, 26444528, 26444528, 26454608, 26454608, 26454608, 26454608, 26454608, 26454608, 26454608, 26454608, 26454608, 26454608, 26454608, 26454608, 26454608, 26454608, 396104839, 26428822, 26428822, 26428822, 26428822, 26428822, 30703016, 26428822, 26428822, 26428822, 26428822, 26428822, 26428822, 26428822, 26428822, 26428822, 26729656, 26729656, 26729656, 26729656, 26729656, 26729656, 26729656, 26729656, 26729656, 36246730, 278369223, 144641666, 26464944, 26464944, 26125428, 26125428, 1355923625, 26437374, 26437374, 26437374, 26437374, 26437374, 26437374, 26437374, 26437374, 26437374, 164054333, 98418074, 27685307, 27685307, 27685307, 27685307, 27685307, 27685307, 27685307, 27685307, 27685307, 27685307, 27685307, 27685307, 27512576, 27278932, 27278932, 27278932, 27232760, 27232760, 27232760, 27232760, 27232760, 27232760, 27232760, 27232760, 27232760, 27232760, 27232760, 27232760, 27232760, 27232760, 27232760, 27232760, 27232760, 27232760, 27232760, 153029139, 27512576, 27512576, 27512576, 27512576, 116310796, 27685307, 27685307, 27685307, 27512576, 27512576, 27512576, 27512576, 27512576, 27512576, 27512576]",0,0,0,PCIE_NVME,0,155189248,0,155189248,155189248,155189248,1.0,hot,0,0,0,0,1.0,310378496
0,273,meta-llama/Llama-3.1-8B,329,490,27234917969,158207825149,130972907180,118311033820,118422855197,78437824,"[27512576, 27512576, 27512576, 758217120, 27278932, 27278932, 27278932, 27278932, 27278932, 27278932, 27278932, 27278932, 27278932, 27278932, 27278932, 27278932, 27278932, 27278932, 27278932, 27278932, 27278932, 2488360218, 27103283, 27103283, 26956587, 26759908, 26759908, 26759908, 26759908, 26759908, 26759908, 26759908, 26759908, 26759908, 26759908, 26759908, 26759908, 26726923, 26726923, 26726923, 26726923, 26726923, 26726923, 26726923, 26695203, 26695203, 26695203, 26695203, 26695203, 26695203, 26695203, 26695203, 26695203, 26695203, 26695203, 26695203, 26695203, 26695203, 26695203, 26695203, 26695203, 26695203, 26695203, 26695203, 26695203, 26706189, 26706189, 26706189, 26706189, 26706189, 26706189, 26706189, 26706189, 26706189, 26706189, 26706189, 26706189, 26706189, 26706189, 26706189, 26706189, 26706189, 26706189, 26706189, 26706189, 26706189, 26706189, 26706189, 26706189, 26706189, 26706189, 26706189, 26706189, 26706189, 338703383, 26645180, 26645180, 26645180, 26645180, 26645180, 2095488951, 278369223, 144641666, 1461104369, 401990699, 98418074, 27685307, 27685307, 27685307, 27685307, 27685307, 27685307, 27685307, 27685307, 27685307, 27685307, 27685307, 27685307, 27512576, 27278932, 27278932, 27278932, 27232760, 27232760, 27232760, 27232760, 27232760, 27232760, 27232760, 27232760, 27232760, 27232760, 27232760, 27232760, 27232760, 27232760, 27232760, 27232760, 27232760, 27232760, 27232760, 153029139, 27512576, 27512576, 27512576, 27512576, 116310796, 27685307, 27685307, 27685307, 27512576, 27512576, 27512576, 27512576, 27512576, 27512576, 27512576, 211403252, 27685307, 27685307]",0,0,0,PCIE_NVME,0,203423744,0,203423744,203423744,203423744,1.0,hot,0,0,0,0,1.0,406847488
0,270,meta-llama/Llama-3.1-8B,35,293,26622528550,159117831018,132495302468,118923423239,119035244616,52373765,"[27512576, 27512576, 27512576, 478007878, 27278932, 27278932, 27278932, 27278932, 27278932, 27278932, 27278932, 27278932, 27278932, 34698854, 27278932, 27278932, 27278932, 27278932, 27278932, 27278932, 27278932, 27278932, 27278932, 27278932, 27278932, 27278932, 27278932, 27278932, 27278932, 27278932, 27278932, 142766350, 27232760, 27232760, 27232760, 27232760, 27232760, 27232760, 27232760, 27232760, 27232760, 27232760, 27232760, 27232760, 27232760, 214818932, 26997779, 26997779, 265533347, 434299870, 1022920281, 27103283, 27103283, 26956587, 26759908, 26759908, 26759908, 26759908, 26759908, 26759908, 26759908, 26759908, 26759908, 26759908, 26759908, 26759908, 26726923, 26726923, 26726923, 26726923, 26726923, 26726923, 26726923, 26695203, 26695203, 26695203, 26695203, 26695203, 26695203, 26695203, 26695203, 26695203, 26695203, 26695203, 26695203, 26695203, 26695203, 26695203, 26695203, 26695203, 26695203, 26695203, 26695203, 26695203, 26706189, 26706189, 26706189, 26706189, 26706189, 26706189, 26706189, 26706189, 26706189, 26706189, 26706189, 26706189, 26706189, 26706189, 26706189, 26706189, 26706189, 26706189, 26706189, 26706189, 26706189, 26706189, 26706189, 26706189, 26706189, 26706189, 26706189, 26706189, 26706189, 62734509, 26645180, 26645180, 26645180, 26645180, 26645180, 26645180, 26645180, 26645180, 26645180, 36162254, 26645180, 26645180, 26645180, 26645180, 26645180, 572165858, 26444528, 26444528, 26444528, 26454608, 26454608, 26454608, 26454608, 26454608, 26454608, 26454608, 26454608, 26454608, 26454608, 26454608, 26454608, 26454608, 26454608, 396104839, 26428822, 26428822, 26428822, 26428822, 26428822, 30703016, 26428822, 26428822, 26428822, 26428822, 26428822, 26428822, 26428822, 26428822, 26428822, 26729656, 26729656, 26729656, 26729656, 26729656, 26729656, 26729656, 26729656, 26729656, 36246730, 278369223, 144641666, 26464944, 26464944, 1408174481, 401990699, 98418074, 27685307, 27685307, 27685307, 27685307, 27685307, 27685307, 27685307, 27685307, 27685307, 27685307, 27685307, 27685307, 27512576, 27278932, 27278932, 27278932, 27232760, 27232760, 27232760, 27232760, 27232760, 27232760, 27232760, 27232760, 27232760, 27232760, 27232760, 27232760, 27232760, 27232760, 27232760, 27232760, 27232760, 27232760, 27232760, 153029139, 27512576, 27512576, 27512576, 27512576, 116310796, 27685307, 27685307, 27685307, 27512576, 27512576, 27512576, 27512576, 27512576, 27512576, 27512576, 211403252, 27685307, 27685307, 164305756, 27685307, 27685307, 27685307, 27685307, 27685307, 27685307, 27685307, 27685307, 27685307, 441507198, 27512576, 27512576]",0,0,0,PCIE_NVME,0,12582912,0,12582912,12582912,12582912,1.0,hot,0,0,0,0,1.0,25165824
0,286,meta-llama/Llama-3.1-8B,9,96,28392736014,159692789344,131300053330,125828130773,125972772439,61945126,"[1863095068, 98418074, 27685307, 27685307, 27685307, 27685307, 27685307, 27685307, 27685307, 27685307, 27685307, 27685307, 27685307, 27685307, 27512576, 27278932, 27278932, 27278932, 27232760, 27232760, 27232760, 27232760, 27232760, 27232760, 27232760, 27232760, 27232760, 27232760, 27232760, 27232760, 27232760, 27232760, 27232760, 27232760, 27232760, 27232760, 27232760, 153029139, 27512576, 27512576, 27512576, 27512576, 116310796, 27685307, 27685307, 27685307, 27512576, 27512576, 27512576, 27512576, 27512576, 27512576, 27512576, 211403252, 27685307, 27685307, 164305756, 27685307, 27685307, 27685307, 27685307, 27685307, 27685307, 27685307, 27685307, 27685307, 441507198, 27512576, 27512576, 46117308, 27512576, 27512576, 27512576, 26640156, 26640156, 26640156, 26640156, 26640156, 26640156, 122788762, 27278932, 27278932, 27278932, 27278932, 27278932, 27278932]",0,0,0,PCIE_NVME,0,2097152,0,2097152,2097152,2097152,1.0,hot,0,0,0,0,1.0,4194304
0,267,meta-llama/Llama-3.1-8B,34,342,26377485658,160101280744,133723795086,118618105044,118675275830,49017978,"[26759908, 26759908, 26759908, 26759908, 497972046, 27512576, 27512576, 27512576, 478007878, 27278932, 27278932, 27278932, 27278932, 27278932, 27278932, 27278932, 27278932, 27278932, 34698854, 27278932, 27278932, 27278932, 27278932, 27278932, 27278932, 27278932, 27278932, 27278932, 27278932, 27278932, 27278932, 27278932, 27278932, 27278932, 27278932, 27278932, 142766350, 27232760, 27232760, 27232760, 27232760, 27232760, 27232760, 27232760, 27232760, 27232760, 27232760, 27232760, 27232760, 27232760, 26695203, 188123729, 26997779, 26997779, 265533347, 434299870, 1022920281, 27103283, 27103283, 26956587, 26759908, 26759908, 26759908, 26759908, 26759908, 26759908, 26759908, 26759908, 26759908, 26759908, 26759908, 26759908, 26726923, 26726923, 26726923, 26726923, 26726923, 26726923, 26726923, 26695203, 26695203, 26695203, 26695203, 26695203, 26695203, 26695203, 26695203, 26695203, 26695203, 26695203, 26695203, 26695203, 26695203, 26695203, 26695203, 26695203, 26695203, 26695203, 26695203, 26695203, 26706189, 26706189, 26706189, 26706189, 26706189, 26706189, 26706189, 26706189, 26706189, 26706189, 26706189, 26706189, 26706189, 26706189, 26706189, 26706189, 26706189, 26706189, 26706189, 26706189, 26706189, 26706189, 26706189, 26706189, 26706189, 26706189, 26706189, 26706189, 26706189, 62734509, 26645180, 26645180, 26645180, 26645180, 26645180, 26645180, 26645180, 26645180, 26645180, 36162254, 26645180, 26645180, 26645180, 26645180, 26645180, 572165858, 26444528, 26444528, 26444528, 26454608, 26454608, 26454608, 26454608, 26454608, 26454608, 26454608, 26454608, 26454608, 26454608, 26454608, 26454608, 26454608, 26454608, 396104839, 26428822, 26428822, 26428822, 26428822, 26428822, 30703016, 26428822, 26428822, 26428822, 26428822, 26428822, 26428822, 26428822, 26428822, 26428822, 26729656, 26729656, 26729656, 26729656, 26729656, 26729656, 26729656, 26729656, 26729656, 36246730, 278369223, 144641666, 26464944, 26464944, 26125428, 26125428, 1355923625, 26437374, 26437374, 26437374, 26437374, 26437374, 26437374, 26437374, 26437374, 26437374, 164054333, 98418074, 27685307, 27685307, 27685307, 27685307, 27685307, 27685307, 27685307, 27685307, 27685307, 27685307, 27685307, 27685307, 27512576, 27278932, 27278932, 27278932, 27232760, 27232760, 27232760, 27232760, 27232760, 27232760, 27232760, 27232760, 27232760, 27232760, 27232760, 27232760, 27232760, 27232760, 27232760, 27232760, 27232760, 27232760, 27232760, 153029139, 27512576, 27512576, 27512576, 27512576, 116310796, 27685307, 27685307, 27685307, 27512576, 27512576, 27512576, 27512576, 27512576, 27512576, 27512576, 211403252, 27685307, 27685307, 164305756, 27685307, 27685307, 27685307, 27685307, 27685307, 27685307, 27685307, 27685307, 27685307, 441507198, 27512576, 27512576, 46117308, 27512576, 27512576, 27512576, 26640156, 26640156, 26640156, 26640156, 26640156, 26640156, 25546260, 97242502, 27278932, 27278932, 27278932, 27278932, 27278932, 27278932, 27232760, 27232760, 27232760, 27232760, 27232760, 27232760, 27232760, 27232760, 27232760, 27232760, 27232760, 27232760, 27232760, 27232760, 27232760]",0,0,0,PCIE_NVME,0,6291456,0,6291456,6291456,6291456,1.0,hot,0,0,0,0,1.0,12582912
0,269,meta-llama/Llama-3.1-8B,20,339,26456791100,160615715601,134158924501,119089160689,119200982066,47037554,"[27512576, 27512576, 27512576, 478007878, 27278932, 27278932, 27278932, 27278932, 27278932, 27278932, 27278932, 27278932, 27278932, 34698854, 27278932, 27278932, 27278932, 27278932, 27278932, 27278932, 27278932, 27278932, 27278932, 27278932, 27278932, 27278932, 27278932, 27278932, 27278932, 27278932, 27278932, 142766350, 27232760, 27232760, 27232760, 27232760, 27232760, 27232760, 27232760, 27232760, 27232760, 27232760, 27232760, 27232760, 27232760, 214818932, 26997779, 26997779, 265533347, 434299870, 1022920281, 27103283, 27103283, 26956587, 26759908, 26759908, 26759908, 26759908, 26759908, 26759908, 26759908, 26759908, 26759908, 26759908, 26759908, 26759908, 26726923, 26726923, 26726923, 26726923, 26726923, 26726923, 26726923, 26695203, 26695203, 26695203, 26695203, 26695203, 26695203, 26695203, 26695203, 26695203, 26695203, 26695203, 26695203, 26695203, 26695203, 26695203, 26695203, 26695203, 26695203, 26695203, 26695203, 26695203, 26706189, 26706189, 26706189, 26706189, 26706189, 26706189, 26706189, 26706189, 26706189, 26706189, 26706189, 26706189, 26706189, 26706189, 26706189, 26706189, 26706189, 26706189, 26706189, 26706189, 26706189, 26706189, 26706189, 26706189, 26706189, 26706189, 26706189, 26706189, 26706189, 62734509, 26645180, 26645180, 26645180, 26645180, 26645180, 26645180, 26645180, 26645180, 26645180, 36162254, 26645180, 26645180, 26645180, 26645180, 26645180, 572165858, 26444528, 26444528, 26444528, 26454608, 26454608, 26454608, 26454608, 26454608, 26454608, 26454608, 26454608, 26454608, 26454608, 26454608, 26454608, 26454608, 26454608, 396104839, 26428822, 26428822, 26428822, 26428822, 26428822, 30703016, 26428822, 26428822, 26428822, 26428822, 26428822, 26428822, 26428822, 26428822, 26428822, 26729656, 26729656, 26729656, 26729656, 26729656, 26729656, 26729656, 26729656, 26729656, 36246730, 278369223, 144641666, 26464944, 26464944, 1408174481, 26437374, 26437374, 26437374, 26437374, 26437374, 26437374, 26437374, 26437374, 26437374, 164054333, 98418074, 27685307, 27685307, 27685307, 27685307, 27685307, 27685307, 27685307, 27685307, 27685307, 27685307, 27685307, 27685307, 27512576, 27278932, 27278932, 27278932, 27232760, 27232760, 27232760, 27232760, 27232760, 27232760, 27232760, 27232760, 27232760, 27232760, 27232760, 27232760, 27232760, 27232760, 27232760, 27232760, 27232760, 27232760, 27232760, 153029139, 27512576, 27512576, 27512576, 27512576, 116310796, 27685307, 27685307, 27685307, 27512576, 27512576, 27512576, 27512576, 27512576, 27512576, 27512576, 211403252, 27685307, 27685307, 164305756, 27685307, 27685307, 27685307, 27685307, 27685307, 27685307, 27685307, 27685307, 27685307, 441507198, 27512576, 27512576, 46117308, 27512576, 27512576, 27512576, 26640156, 26640156, 26640156, 26640156, 26640156, 26640156, 25546260, 97242502, 27278932, 27278932, 27278932, 27278932, 27278932, 27278932, 27232760, 27232760, 27232760, 27232760, 27232760, 27232760, 27232760, 27232760, 27232760, 27232760, 27232760, 27232760, 27232760, 27232760, 27232760, 27103283, 27103283, 27103283, 27103283, 27103283, 27103283, 27103283, 27103283, 27103283, 27103283, 27103283, 27103283, 27103283, 27103283, 26997779, 26997779, 26997779, 26997779, 26997779]",0,0,0,PCIE_NVME,0,10485760,0,10485760,10485760,10485760,1.0,hot,0,0,0,0,1.0,20971520
0,281,meta-llama/Llama-3.1-8B,301,436,28183110227,160939194645,132756084418,125759387337,126037756560,50136775,"[144641666, 1461104369, 401990699, 98418074, 27685307, 27685307, 27685307, 27685307, 27685307, 27685307, 27685307, 27685307, 27685307, 27685307, 27685307, 27685307, 27512576, 27278932, 27278932, 27278932, 27232760, 27232760, 27232760, 27232760, 27232760, 27232760, 27232760, 27232760, 27232760, 27232760, 27232760, 27232760, 27232760, 27232760, 27232760, 27232760, 27232760, 27232760, 27232760, 153029139, 27512576, 27512576, 27512576, 27512576, 116310796, 27685307, 27685307, 27685307, 27512576, 27512576, 27512576, 27512576, 27512576, 27512576, 27512576, 211403252, 27685307, 27685307, 164305756, 27685307, 27685307, 27685307, 27685307, 27685307, 27685307, 27685307, 27685307, 27685307, 441507198, 27512576, 27512576, 46117308, 27512576, 27512576, 27512576, 26640156, 26640156, 26640156, 26640156, 26640156, 26640156, 122788762, 27278932, 27278932, 27278932, 27278932, 27278932, 27278932, 27232760, 27232760, 27232760, 27232760, 27232760, 27232760, 27232760, 27232760, 27232760, 27232760, 27232760, 27232760, 27232760, 27232760, 27232760, 27103283, 27103283, 27103283, 27103283, 27103283, 27103283, 27103283, 27103283, 27103283, 27103283, 27103283, 27103283, 27103283, 27103283, 26997779, 26997779, 26997779, 26997779, 26997779, 26956587, 26956587, 26956587, 26956587, 26956587, 26956587, 26956587, 26956587, 26956587, 26956587, 26956587, 26956587]",0,0,0,NPU,0,0,0,0,0,0,1.0,hot,0,0,0,0,1.0,0
0,272,meta-llama/Llama-3.1-8B,21,351,26990456373,161420872989,134430416616,118555495416,118667316793,47912157,"[27512576, 27512576, 27512576, 478007878, 27278932, 27278932, 27278932, 27278932, 27278932, 27278932, 27278932, 27278932, 27278932, 34698854, 27278932, 27278932, 27278932, 27278932, 27278932, 27278932, 27278932, 27278932, 27278932, 27278932, 27278932, 27278932, 27278932, 27278932, 27278932, 27278932, 27278932, 142766350, 27232760, 27232760, 27232760, 27232760, 27232760, 27232760, 27232760, 27232760, 27232760, 27232760, 27232760, 27232760, 27232760, 214818932, 26997779, 26997779, 1722753498, 27103283, 27103283, 26956587, 26759908, 26759908, 26759908, 26759908, 26759908, 26759908, 26759908, 26759908, 26759908, 26759908, 26759908, 26759908, 26726923, 26726923, 26726923, 26726923, 26726923, 26726923, 26726923, 26695203, 26695203, 26695203, 26695203, 26695203, 26695203, 26695203, 26695203, 26695203, 26695203, 26695203, 26695203, 26695203, 26695203, 26695203, 26695203, 26695203, 26695203, 26695203, 26695203, 26695203, 26706189, 26706189, 26706189, 26706189, 26706189, 26706189, 26706189, 26706189, 26706189, 26706189, 26706189, 26706189, 26706189, 26706189, 26706189, 26706189, 26706189, 26706189, 26706189, 26706189, 26706189, 26706189, 26706189, 26706189, 26706189, 26706189, 26706189, 26706189, 26706189, 62734509, 26645180, 26645180, 26645180, 26645180, 26645180, 26645180, 26645180, 26645180, 26645180, 36162254, 26645180, 26645180, 26645180, 26645180, 26645180, 572165858, 26444528, 26444528, 26444528, 26454608, 26454608, 26454608, 26454608, 26454608, 26454608, 26454608, 26454608, 26454608, 26454608, 26454608, 26454608, 26454608, 26454608, 558951965, 26428822, 26428822, 26428822, 26428822, 26428822, 26428822, 26428822, 26428822, 26428822, 26729656, 26729656, 26729656, 26729656, 26729656, 26729656, 26729656, 26729656, 26729656, 36246730, 278369223, 144641666, 1461104369, 401990699, 98418074, 27685307, 27685307, 27685307, 27685307, 27685307, 27685307, 27685307, 27685307, 27685307, 27685307, 27685307, 27685307, 27512576, 27278932, 27278932, 27278932, 27232760, 27232760, 27232760, 27232760, 27232760, 27232760, 27232760, 27232760, 27232760, 27232760, 27232760, 27232760, 27232760, 27232760, 27232760, 27232760, 27232760, 27232760, 27232760, 153029139, 27512576, 27512576, 27512576, 27512576, 116310796, 27685307, 27685307, 27685307, 27512576, 27512576, 27512576, 27512576, 27512576, 27512576, 27512576, 211403252, 27685307, 27685307, 164305756, 27685307, 27685307, 27685307, 27685307, 27685307, 27685307, 27685307, 27685307, 27685307, 441507198, 27512576, 27512576, 46117308, 27512576, 27512576, 27512576, 26640156, 26640156, 26640156, 26640156, 26640156, 26640156, 25546260, 97242502, 27278932, 27278932, 27278932, 27278932, 27278932, 27278932, 27232760, 27232760, 27232760, 27232760, 27232760, 27232760, 27232760, 27232760, 27232760, 27232760, 27232760, 27232760, 27232760, 27232760, 27232760, 27103283, 27103283, 27103283, 27103283, 27103283, 27103283, 27103283, 27103283, 27103283, 27103283, 27103283, 27103283, 27103283, 27103283, 26997779, 26997779, 26997779, 26997779, 26997779, 26956587, 26956587, 26956587, 26956587, 26956587, 26956587, 26956587, 26956587, 26956587, 26956587, 26956587, 26956587, 26759908, 26759908, 26759908, 26759908, 26759908, 26759908, 26759908, 26759908, 26759908, 26759908, 26759908, 26759908, 26759908, 26759908, 26759908, 26759908, 26759908, 26759908]",0,0,0,PCIE_NVME,0,46137344,0,46137344,46137344,46137344,1.0,hot,0,0,0,0,1.0,92274688
0,290,meta-llama/Llama-3.1-8B,439,585,28597189297,161501053758,132903864461,127631414224,127729832298,35682980,"[27685307, 27685307, 27685307, 27685307, 27685307, 27685307, 27685307, 27685307, 27685307, 27685307, 27685307, 27685307, 27512576, 27278932, 27278932, 27278932, 27232760, 27232760, 27232760, 27232760, 27232760, 27232760, 27232760, 27232760, 27232760, 27232760, 27232760, 27232760, 27232760, 27232760, 27232760, 27232760, 27232760, 27232760, 27232760, 153029139, 27512576, 27512576, 27512576, 27512576, 116310796, 27685307, 27685307, 27685307, 27512576, 27512576, 27512576, 27512576, 27512576, 27512576, 27512576, 211403252, 27685307, 27685307, 164305756, 27685307, 27685307, 27685307, 27685307, 27685307, 27685307, 27685307, 27685307, 27685307, 441507198, 27512576, 27512576, 46117308, 27512576, 27512576, 27512576, 282629698, 27278932, 27278932, 27278932, 27278932, 27278932, 27278932, 27232760, 27232760, 27232760, 27232760, 27232760, 27232760, 27232760, 27232760, 27232760, 27232760, 27232760, 27232760, 27232760, 27232760, 27232760, 27103283, 27103283, 27103283, 27103283, 27103283, 27103283, 27103283, 27103283, 27103283, 27103283, 27103283, 27103283, 27103283, 27103283, 26997779, 26997779, 26997779, 26997779, 26997779, 26956587, 26956587, 26956587, 26956587, 26956587, 26956587, 26956587, 26956587, 26956587, 26956587, 26956587, 26956587, 26759908, 26759908, 26759908, 26759908, 26759908, 26759908, 26759908, 26759908, 26759908, 26759908, 26759908, 26759908, 26759908, 26759908, 26759908, 26759908, 26759908, 26759908, 26726923, 26726923, 26726923]",0,0,0,NPU,0,0,0,0,0,0,1.0,hot,0,0,0,0,1.0,0
0,276,meta-llama/Llama-3.1-8B,37,201,27536240722,161706746951,134170506229,126406256842,126684626065,45925645,"[144641666, 1461104369, 401990699, 98418074, 27685307, 27685307, 27685307, 27685307, 27685307, 27685307, 27685307, 27685307, 27685307, 27685307, 27685307, 27685307, 27512576, 27278932, 27278932, 27278932, 27232760, 27232760, 27232760, 27232760, 27232760, 27232760, 27232760, 27232760, 27232760, 27232760, 27232760, 27232760, 27232760, 27232760, 27232760, 27232760, 27232760, 27232760, 27232760, 153029139, 27512576, 27512576, 27512576, 27512576, 116310796, 27685307, 27685307, 27685307, 27512576, 27512576, 27512576, 27512576, 27512576, 27512576, 27512576, 211403252, 27685307, 27685307, 164305756, 27685307, 27685307, 27685307, 27685307, 27685307, 27685307, 27685307, 27685307, 27685307, 441507198, 27512576, 27512576, 46117308, 27512576, 27512576, 27512576, 26640156, 26640156, 26640156, 26640156, 26640156, 26640156, 25546260, 97242502, 27278932, 27278932, 27278932, 27278932, 27278932, 27278932, 27232760, 27232760, 27232760, 27232760, 27232760, 27232760, 27232760, 27232760, 27232760, 27232760, 27232760, 27232760, 27232760, 27232760, 27232760, 27103283, 27103283, 27103283, 27103283, 27103283, 27103283, 27103283, 27103283, 27103283, 27103283, 27103283, 27103283, 27103283, 27103283, 26997779, 26997779, 26997779, 26997779, 26997779, 26956587, 26956587, 26956587, 26956587, 26956587, 26956587, 26956587, 26956587, 26956587, 26956587, 26956587, 26956587, 26759908, 26759908, 26759908, 26759908, 26759908, 26759908, 26759908, 26759908, 26759908, 26759908, 26759908, 26759908, 26759908, 26759908, 26759908, 26759908, 26759908, 26759908, 26726923, 26726923, 26726923, 45331655, 26726923, 26726923, 26726923, 26726923, 26726923, 26726923]",0,0,0,NPU,0,0,0,0,0,0,1.0,hot,0,0,0,0,1.0,0
0,277,meta-llama/Llama-3.1-8B,5,170,27641212629,161733442154,134092229525,126301284935,126579654158,45808386,"[144641666, 1461104369, 401990699, 98418074, 27685307, 27685307, 27685307, 27685307, 27685307, 27685307, 27685307, 27685307, 27685307, 27685307, 27685307, 27685307, 27512576, 27278932, 27278932, 27278932, 27232760, 27232760, 27232760, 27232760, 27232760, 27232760, 27232760, 27232760, 27232760, 27232760, 27232760, 27232760, 27232760, 27232760, 27232760, 27232760, 27232760, 27232760, 27232760, 153029139, 27512576, 27512576, 27512576, 27512576, 116310796, 27685307, 27685307, 27685307, 27512576, 27512576, 27512576, 27512576, 27512576, 27512576, 27512576, 211403252, 27685307, 27685307, 164305756, 27685307, 27685307, 27685307, 27685307, 27685307, 27685307, 27685307, 27685307, 27685307, 441507198, 27512576, 27512576, 46117308, 27512576, 27512576, 27512576, 26640156, 26640156, 26640156, 26640156, 26640156, 26640156, 25546260, 97242502, 27278932, 27278932, 27278932, 27278932, 27278932, 27278932, 27232760, 27232760, 27232760, 27232760, 27232760, 27232760, 27232760, 27232760, 27232760, 27232760, 27232760, 27232760, 27232760, 27232760, 27232760, 27103283, 27103283, 27103283, 27103283, 27103283, 27103283, 27103283, 27103283, 27103283, 27103283, 27103283, 27103283, 27103283, 27103283, 26997779, 26997779, 26997779, 26997779, 26997779, 26956587, 26956587, 26956587, 26956587, 26956587, 26956587, 26956587, 26956587, 26956587, 26956587, 26956587, 26956587, 26759908, 26759908, 26759908, 26759908, 26759908, 26759908, 26759908, 26759908, 26759908, 26759908, 26759908, 26759908, 26759908, 26759908, 26759908, 26759908, 26759908, 26759908, 26726923, 26726923, 26726923, 45331655, 26726923, 26726923, 26726923, 26726923, 26726923, 26726923, 26695203]",0,0,0,NPU,0,0,0,0,0,0,1.0,hot,0,0,0,0,1.0,0
0,288,meta-llama/Llama-3.1-8B,12,174,28504728538,161733442154,133228713616,125716138249,125860779915,45763563,"[1863095068, 98418074, 27685307, 27685307, 27685307, 27685307, 27685307, 27685307, 27685307, 27685307, 27685307, 27685307, 27685307, 27685307, 27512576, 27278932, 27278932, 27278932, 27232760, 27232760, 27232760, 27232760, 27232760, 27232760, 27232760, 27232760, 27232760, 27232760, 27232760, 27232760, 27232760, 27232760, 27232760, 27232760, 27232760, 27232760, 27232760, 153029139, 27512576, 27512576, 27512576, 27512576, 116310796, 27685307, 27685307, 27685307, 27512576, 27512576, 27512576, 27512576, 27512576, 27512576, 27512576, 211403252, 27685307, 27685307, 164305756, 27685307, 27685307, 27685307, 27685307, 27685307, 27685307, 27685307, 27685307, 27685307, 441507198, 27512576, 27512576, 46117308, 27512576, 27512576, 27512576, 26640156, 26640156, 26640156, 26640156, 26640156, 26640156, 122788762, 27278932, 27278932, 27278932, 27278932, 27278932, 27278932, 27232760, 27232760, 27232760, 27232760, 27232760, 27232760, 27232760, 27232760, 27232760, 27232760, 27232760, 27232760, 27232760, 27232760, 27232760, 27103283, 27103283, 27103283, 27103283, 27103283, 27103283, 27103283, 27103283, 27103283, 27103283, 27103283, 27103283, 27103283, 27103283, 26997779, 26997779, 26997779, 26997779, 26997779, 26956587, 26956587, 26956587, 26956587, 26956587, 26956587, 26956587, 26956587, 26956587, 26956587, 26956587, 26956587, 26759908, 26759908, 26759908, 26759908, 26759908, 26759908, 26759908, 26759908, 26759908, 26759908, 26759908, 26759908, 26759908, 26759908, 26759908, 26759908, 26759908, 26759908, 26726923, 26726923, 26726923, 45331655, 26726923, 26726923, 26726923, 26726923, 26726923, 26726923, 26695203]",0,0,0,PCIE_NVME,0,2097152,0,2097152,2097152,2097152,1.0,hot,0,0,0,0,1.0,4194304
0,295,meta-llama/Llama-3.1-8B,16,145,28906043546,162210913794,133304870248,128643052988,128759363784,35511769,"[27685307, 27685307, 27685307, 27512576, 27512576, 27512576, 27512576, 27512576, 27512576, 27512576, 211403252, 27685307, 27685307, 164305756, 27685307, 27685307, 27685307, 27685307, 27685307, 27685307, 27685307, 27685307, 27685307, 441507198, 27512576, 27512576, 46117308, 27512576, 27512576, 27512576, 282629698, 27278932, 27278932, 27278932, 27278932, 27278932, 27278932, 27232760, 27232760, 27232760, 27232760, 27232760, 27232760, 27232760, 27232760, 27232760, 27232760, 27232760, 27232760, 27232760, 27232760, 27232760, 27103283, 27103283, 27103283, 27103283, 27103283, 27103283, 27103283, 27103283, 27103283, 27103283, 27103283, 27103283, 27103283, 27103283, 26997779, 26997779, 26997779, 26997779, 26997779, 26956587, 26956587, 26956587, 26956587, 26956587, 26956587, 26956587, 26956587, 26956587, 26956587, 26956587, 26956587, 26759908, 26759908, 26759908, 26759908, 26759908, 26759908, 26759908, 26759908, 26759908, 26759908, 26759908, 26759908, 26759908, 26759908, 26759908, 26759908, 26759908, 26759908, 26726923, 26726923, 26726923, 45331655, 26726923, 26726923, 26726923, 26726923, 26726923, 26726923, 26695203, 76878805, 26706189, 26706189, 26706189, 26706189, 26706189, 26706189, 26706189, 26706189, 26706189, 26706189, 26706189, 26706189, 26706189, 26706189, 26706189]",0,0,0,NPU,0,0,0,0,0,0,1.0,hot,0,0,0,0,1.0,0
0,261,meta-llama/Llama-3.1-8B,13,502,25703843584,162317494514,136613650930,115465847051,115582660895,43096291,"[477569226, 27278932, 27232760, 27232760, 27232760, 27232760, 27232760, 27232760, 27232760, 27232760, 27232760, 27232760, 26997779, 26997779, 26997779, 26956587, 26956587, 26956587, 26759908, 26759908, 26759908, 26759908, 26759908, 26759908, 26759908, 26759908, 26759908, 26726923, 26726923, 26726923, 26726923, 26726923, 26726923, 26726923, 26726923, 26726923, 26726923, 26726923, 26726923, 26726923, 26726923, 26726923, 26726923, 26726923, 26726923, 26726923, 26726923, 26726923, 26726923, 26726923, 26726923, 26726923, 26726923, 26726923, 26726923, 26726923, 26726923, 26726923, 26726923, 26726923, 26726923, 26726923, 26726923, 26726923, 26726923, 26695203, 213051572, 26759908, 26759908, 26759908, 980632054, 26615821, 26615821, 26615821, 26615821, 26615821, 26615821, 26615821, 26615821, 57170786, 26759908, 26759908, 26759908, 26759908, 26790979, 26553020, 444628047, 27512576, 27512576, 27512576, 478007878, 27278932, 27278932, 27278932, 27278932, 27278932, 27278932, 27278932, 27278932, 27278932, 34698854, 27278932, 27278932, 27278932, 27278932, 27278932, 27278932, 27278932, 27278932, 27278932, 27278932, 27278932, 27278932, 27278932, 27278932, 27278932, 27278932, 27278932, 26164062, 116602288, 27232760, 27232760, 27232760, 27232760, 27232760, 27232760, 27232760, 27232760, 27232760, 27232760, 27232760, 27232760, 27232760, 26695203, 54642186, 26164062, 26164062, 26164062, 26164062, 28825295, 26997779, 26997779, 265533347, 434299870, 26164062, 996756219, 27103283, 27103283, 26956587, 26759908, 26759908, 26759908, 26759908, 26759908, 26759908, 26759908, 26759908, 26759908, 26759908, 26759908, 26759908, 26726923, 26726923, 26726923, 26726923, 26726923, 26726923, 26726923, 26695203, 26695203, 26695203, 26695203, 26695203, 26695203, 26695203, 26695203, 26695203, 26695203, 26695203, 26695203, 26695203, 26695203, 26695203, 26695203, 26695203, 26695203, 26695203, 26695203, 26695203, 26706189, 26706189, 26706189, 26706189, 26706189, 26706189, 26706189, 26706189, 26706189, 26706189, 26706189, 26706189, 26706189, 26706189, 26706189, 26706189, 26706189, 26706189, 26706189, 26706189, 26706189, 26706189, 26706189, 26706189, 26706189, 26706189, 26706189, 26706189, 26706189, 62734509, 26645180, 26645180, 26645180, 26645180, 26645180, 26645180, 26645180, 26645180, 26645180, 36162254, 26645180, 26645180, 26645180, 26645180, 26645180, 572165858, 26444528, 26444528, 26444528, 26454608, 26454608, 26454608, 26454608, 26454608, 26454608, 26454608, 26454608, 26454608, 26454608, 26454608, 26454608, 26454608, 26454608, 26077588, 26077588, 26077588, 26077588, 26077588, 265716899, 26428822, 26428822, 26428822, 26428822, 26428822, 30703016, 26428822, 26428822, 26428822, 26428822, 26428822, 26428822, 26428822, 26428822, 26428822, 26729656, 26729656, 26729656, 26729656, 26729656, 26729656, 26729656, 26729656, 26729656, 36246730, 278369223, 144641666, 26464944, 26464944, 26125428, 26125428, 1355923625, 26437374, 26437374, 26437374, 26437374, 26437374, 26437374, 26437374, 26437374, 26437374, 25892415, 25892415, 25892415, 25892415, 25892415, 34592258, 98418074, 27685307, 27685307, 27685307, 27685307, 27685307, 27685307, 27685307, 27685307, 27685307, 27685307, 27685307, 27685307, 27512576, 27278932, 27278932, 27278932, 27232760, 27232760, 27232760, 27232760, 27232760, 27232760, 27232760, 27232760, 27232760, 27232760, 27232760, 27232760, 27232760, 27232760, 27232760, 27232760, 27232760, 27232760, 27232760, 153029139, 27512576, 27512576, 27512576, 27512576, 116310796, 27685307, 27685307, 27685307, 27512576, 27512576, 27512576, 27512576, 27512576, 27512576, 27512576, 211403252, 27685307, 27685307, 164305756, 27685307, 27685307, 27685307, 27685307, 27685307, 27685307, 27685307, 27685307, 27685307, 441507198, 27512576, 27512576, 46117308, 27512576, 27512576, 27512576, 26640156, 26640156, 26640156, 26640156, 26640156, 26640156, 25546260, 25679419, 25679419, 45883664, 27278932, 27278932, 27278932, 27278932, 27278932, 27278932, 27232760, 27232760, 27232760, 27232760, 27232760, 27232760, 27232760, 27232760, 27232760, 27232760, 27232760, 27232760, 27232760, 27232760, 27232760, 27103283, 27103283, 27103283, 27103283, 27103283, 27103283, 27103283, 27103283, 27103283, 27103283, 27103283, 27103283, 27103283, 27103283, 26997779, 26997779, 26997779, 26997779, 26997779, 26956587, 26956587, 26956587, 26956587, 26956587, 26956587, 26956587, 26956587, 26956587, 26956587, 26956587, 26956587, 26759908, 26759908, 26759908, 26759908, 26759908, 26759908, 26759908, 26759908, 26759908, 26759908, 26759908, 26759908, 26759908, 26759908, 26759908, 26759908, 26759908, 26759908, 26726923, 26726923, 26726923, 45331655, 26726923, 26726923, 26726923, 26726923, 26726923, 26726923, 26695203, 76878805, 26706189, 26706189, 26706189, 26706189, 26706189, 26706189, 26706189, 26706189, 26706189, 26706189, 26706189, 26706189, 26706189, 26706189, 26706189, 26645180, 26645180, 26645180, 26645180]",0,0,0,NPU,0,0,0,0,0,0,1.0,hot,0,0,0,0,1.0,0
0,284,meta-llama/Llama-3.1-8B,12,234,28326414910,163615378905,135288963995,125894451877,126039093543,41854617,"[1461104369, 401990699, 98418074, 27685307, 27685307, 27685307, 27685307, 27685307, 27685307, 27685307, 27685307, 27685307, 27685307, 27685307, 27685307, 27512576, 27278932, 27278932, 27278932, 27232760, 27232760, 27232760, 27232760, 27232760, 27232760, 27232760, 27232760, 27232760, 27232760, 27232760, 27232760, 27232760, 27232760, 27232760, 27232760, 27232760, 27232760, 27232760, 153029139, 27512576, 27512576, 27512576, 27512576, 116310796, 27685307, 27685307, 27685307, 27512576, 27512576, 27512576, 27512576, 27512576, 27512576, 27512576, 211403252, 27685307, 27685307, 164305756, 27685307, 27685307, 27685307, 27685307, 27685307, 27685307, 27685307, 27685307, 27685307, 441507198, 27512576, 27512576, 46117308, 27512576, 27512576, 27512576, 26640156, 26640156, 26640156, 26640156, 26640156, 26640156, 122788762, 27278932, 27278932, 27278932, 27278932, 27278932, 27278932, 27232760, 27232760, 27232760, 27232760, 27232760, 27232760, 27232760, 27232760, 27232760, 27232760, 27232760, 27232760, 27232760, 27232760, 27232760, 27103283, 27103283, 27103283, 27103283, 27103283, 27103283, 27103283, 27103283, 27103283, 27103283, 27103283, 27103283, 27103283, 27103283, 26997779, 26997779, 26997779, 26997779, 26997779, 26956587, 26956587, 26956587, 26956587, 26956587, 26956587, 26956587, 26956587, 26956587, 26956587, 26956587, 26956587, 26759908, 26759908, 26759908, 26759908, 26759908, 26759908, 26759908, 26759908, 26759908, 26759908, 26759908, 26759908, 26759908, 26759908, 26759908, 26759908, 26759908, 26759908, 26726923, 26726923, 26726923, 45331655, 26726923, 26726923, 26726923, 26726923, 26726923, 26726923, 26695203, 76878805, 26706189, 26706189, 26706189, 26706189, 26706189, 26706189, 26706189, 26706189, 26706189, 26706189, 26706189, 26706189, 26706189, 26706189, 26706189, 26645180, 26645180, 26645180, 26645180, 26444528, 26444528, 26444528, 26444528, 26444528, 26444528, 26444528, 26444528, 26444528, 26444528, 26444528, 26444528, 26444528, 26444528, 26444528, 26444528, 26454608, 26454608, 26454608, 26454608, 26454608, 26454608, 26454608, 26454608, 26454608, 26454608, 26454608, 26454608, 26454608, 26454608, 26454608, 26454608, 292925283, 26428822, 26428822, 26428822, 26428822, 26428822, 26428822]",0,0,0,NPU,0,0,0,0,0,0,1.0,hot,0,0,0,0,1.0,0
0,291,meta-llama/Llama-3.1-8B,761,954,28600995646,164137875288,135536879642,128685021445,128838050584,34889734,"[27512576, 27512576, 27512576, 27512576, 116310796, 27685307, 27685307, 27685307, 27512576, 27512576, 27512576, 27512576, 27512576, 27512576, 27512576, 211403252, 27685307, 27685307, 164305756, 27685307, 27685307, 27685307, 27685307, 27685307, 27685307, 27685307, 27685307, 27685307, 441507198, 27512576, 27512576, 46117308, 27512576, 27512576, 27512576, 282629698, 27278932, 27278932, 27278932, 27278932, 27278932, 27278932, 27232760, 27232760, 27232760, 27232760, 27232760, 27232760, 27232760, 27232760, 27232760, 27232760, 27232760, 27232760, 27232760, 27232760, 27232760, 27103283, 27103283, 27103283, 27103283, 27103283, 27103283, 27103283, 27103283, 27103283, 27103283, 27103283, 27103283, 27103283, 27103283, 26997779, 26997779, 26997779, 26997779, 26997779, 26956587, 26956587, 26956587, 26956587, 26956587, 26956587, 26956587, 26956587, 26956587, 26956587, 26956587, 26956587, 26759908, 26759908, 26759908, 26759908, 26759908, 26759908, 26759908, 26759908, 26759908, 26759908, 26759908, 26759908, 26759908, 26759908, 26759908, 26759908, 26759908, 26759908, 26726923, 26726923, 26726923, 45331655, 26726923, 26726923, 26726923, 26726923, 26726923, 26726923, 26695203, 76878805, 26706189, 26706189, 26706189, 26706189, 26706189, 26706189, 26706189, 26706189, 26706189, 26706189, 26706189, 26706189, 26706189, 26706189, 26706189, 26645180, 26645180, 26645180, 26645180, 26444528, 26444528, 26444528, 26444528, 26444528, 26444528, 26444528, 26444528, 26444528, 26444528, 26444528, 26444528, 26444528, 26444528, 26444528, 26444528, 26454608, 26454608, 26454608, 26454608, 26454608, 26454608, 26454608, 26454608, 26454608, 26454608, 26454608, 26454608, 26454608, 26454608, 26454608, 26454608, 292925283, 26428822, 26428822, 26428822, 26428822, 26428822, 26428822, 35596370, 26428822, 26428822, 26428822, 26428822, 26428822, 114188999, 26729656, 26729656, 26729656, 26729656, 26729656, 26729656, 26729656, 26729656, 26729656]",0,0,0,NPU,0,0,0,0,0,0,1.0,hot,0,0,0,0,1.0,0
0,280,meta-llama/Llama-3.1-8B,5,252,28141861987,164281040642,136139178655,125800635577,126079004800,40895015,"[144641666, 1461104369, 401990699, 98418074, 27685307, 27685307, 27685307, 27685307, 27685307, 27685307, 27685307, 27685307, 27685307, 27685307, 27685307, 27685307, 27512576, 27278932, 27278932, 27278932, 27232760, 27232760, 27232760, 27232760, 27232760, 27232760, 27232760, 27232760, 27232760, 27232760, 27232760, 27232760, 27232760, 27232760, 27232760, 27232760, 27232760, 27232760, 27232760, 153029139, 27512576, 27512576, 27512576, 27512576, 116310796, 27685307, 27685307, 27685307, 27512576, 27512576, 27512576, 27512576, 27512576, 27512576, 27512576, 211403252, 27685307, 27685307, 164305756, 27685307, 27685307, 27685307, 27685307, 27685307, 27685307, 27685307, 27685307, 27685307, 441507198, 27512576, 27512576, 46117308, 27512576, 27512576, 27512576, 26640156, 26640156, 26640156, 26640156, 26640156, 26640156, 122788762, 27278932, 27278932, 27278932, 27278932, 27278932, 27278932, 27232760, 27232760, 27232760, 27232760, 27232760, 27232760, 27232760, 27232760, 27232760, 27232760, 27232760, 27232760, 27232760, 27232760, 27232760, 27103283, 27103283, 27103283, 27103283, 27103283, 27103283, 27103283, 27103283, 27103283, 27103283, 27103283, 27103283, 27103283, 27103283, 26997779, 26997779, 26997779, 26997779, 26997779, 26956587, 26956587, 26956587, 26956587, 26956587, 26956587, 26956587, 26956587, 26956587, 26956587, 26956587, 26956587, 26759908, 26759908, 26759908, 26759908, 26759908, 26759908, 26759908, 26759908, 26759908, 26759908, 26759908, 26759908, 26759908, 26759908, 26759908, 26759908, 26759908, 26759908, 26726923, 26726923, 26726923, 45331655, 26726923, 26726923, 26726923, 26726923, 26726923, 26726923, 26695203, 76878805, 26706189, 26706189, 26706189, 26706189, 26706189, 26706189, 26706189, 26706189, 26706189, 26706189, 26706189, 26706189, 26706189, 26706189, 26706189, 26645180, 26645180, 26645180, 26645180, 26444528, 26444528, 26444528, 26444528, 26444528, 26444528, 26444528, 26444528, 26444528, 26444528, 26444528, 26444528, 26444528, 26444528, 26444528, 26444528, 26454608, 26454608, 26454608, 26454608, 26454608, 26454608, 26454608, 26454608, 26454608, 26454608, 26454608, 26454608, 26454608, 26454608, 26454608, 26454608, 25454110, 267471173, 26428822, 26428822, 26428822, 26428822, 26428822, 26428822, 35596370, 26428822, 26428822, 26428822, 26428822, 26428822, 26019124, 26019124, 62150751, 26729656, 26729656, 26729656, 26729656, 26729656, 26729656, 26729656, 26729656, 26729656, 36246730, 26729656, 26729656, 26729656, 26729656]",0,0,0,NPU,0,0,0,0,0,0,1.0,hot,0,0,0,0,1.0,0
0,294,meta-llama/Llama-3.1-8B,516,728,28832178188,164790675676,135958497488,128716918346,128833229142,33769044,"[27685307, 27685307, 27685307, 27512576, 27512576, 27512576, 27512576, 27512576, 27512576, 27512576, 211403252, 27685307, 27685307, 164305756, 27685307, 27685307, 27685307, 27685307, 27685307, 27685307, 27685307, 27685307, 27685307, 441507198, 27512576, 27512576, 46117308, 27512576, 27512576, 27512576, 282629698, 27278932, 27278932, 27278932, 27278932, 27278932, 27278932, 27232760, 27232760, 27232760, 27232760, 27232760, 27232760, 27232760, 27232760, 27232760, 27232760, 27232760, 27232760, 27232760, 27232760, 27232760, 27103283, 27103283, 27103283, 27103283, 27103283, 27103283, 27103283, 27103283, 27103283, 27103283, 27103283, 27103283, 27103283, 27103283, 26997779, 26997779, 26997779, 26997779, 26997779, 26956587, 26956587, 26956587, 26956587, 26956587, 26956587, 26956587, 26956587, 26956587, 26956587, 26956587, 26956587, 26759908, 26759908, 26759908, 26759908, 26759908, 26759908, 26759908, 26759908, 26759908, 26759908, 26759908, 26759908, 26759908, 26759908, 26759908, 26759908, 26759908, 26759908, 26726923, 26726923, 26726923, 45331655, 26726923, 26726923, 26726923, 26726923, 26726923, 26726923, 26695203, 76878805, 26706189, 26706189, 26706189, 26706189, 26706189, 26706189, 26706189, 26706189, 26706189, 26706189, 26706189, 26706189, 26706189, 26706189, 26706189, 26645180, 26645180, 26645180, 26645180, 26444528, 26444528, 26444528, 26444528, 26444528, 26444528, 26444528, 26444528, 26444528, 26444528, 26444528, 26444528, 26444528, 26444528, 26444528, 26444528, 26454608, 26454608, 26454608, 26454608, 26454608, 26454608, 26454608, 26454608, 26454608, 26454608, 26454608, 26454608, 26454608, 26454608, 26454608, 26454608, 292925283, 26428822, 26428822, 26428822, 26428822, 26428822, 26428822, 35596370, 26428822, 26428822, 26428822, 26428822, 26428822, 114188999, 26729656, 26729656, 26729656, 26729656, 26729656, 26729656, 26729656, 26729656, 26729656, 36246730, 26729656, 26729656, 26729656, 26729656, 26820478, 26820478, 26820478, 26820478, 26820478, 26820478, 26820478, 26820478, 26820478, 26820478, 26820478, 26820478, 26820478, 26820478, 26820478, 26820478, 26820478, 26843454, 26843454]",0,0,0,NPU,0,0,0,0,0,0,1.0,hot,0,0,0,0,1.0,0
0,268,meta-llama/Llama-3.1-8B,66,573,26422034892,165668428191,139246393299,119123916897,119235738274,39546749,"[27512576, 27512576, 27512576, 478007878, 27278932, 27278932, 27278932, 27278932, 27278932, 27278932, 27278932, 27278932, 27278932, 34698854, 27278932, 27278932, 27278932, 27278932, 27278932, 27278932, 27278932, 27278932, 27278932, 27278932, 27278932, 27278932, 27278932, 27278932, 27278932, 27278932, 27278932, 142766350, 27232760, 27232760, 27232760, 27232760, 27232760, 27232760, 27232760, 27232760, 27232760, 27232760, 27232760, 27232760, 27232760, 214818932, 26997779, 26997779, 265533347, 434299870, 1022920281, 27103283, 27103283, 26956587, 26759908, 26759908, 26759908, 26759908, 26759908, 26759908, 26759908, 26759908, 26759908, 26759908, 26759908, 26759908, 26726923, 26726923, 26726923, 26726923, 26726923, 26726923, 26726923, 26695203, 26695203, 26695203, 26695203, 26695203, 26695203, 26695203, 26695203, 26695203, 26695203, 26695203, 26695203, 26695203, 26695203, 26695203, 26695203, 26695203, 26695203, 26695203, 26695203, 26695203, 26706189, 26706189, 26706189, 26706189, 26706189, 26706189, 26706189, 26706189, 26706189, 26706189, 26706189, 26706189, 26706189, 26706189, 26706189, 26706189, 26706189, 26706189, 26706189, 26706189, 26706189, 26706189, 26706189, 26706189, 26706189, 26706189, 26706189, 26706189, 26706189, 62734509, 26645180, 26645180, 26645180, 26645180, 26645180, 26645180, 26645180, 26645180, 26645180, 36162254, 26645180, 26645180, 26645180, 26645180, 26645180, 572165858, 26444528, 26444528, 26444528, 26454608, 26454608, 26454608, 26454608, 26454608, 26454608, 26454608, 26454608, 26454608, 26454608, 26454608, 26454608, 26454608, 26454608, 396104839, 26428822, 26428822, 26428822, 26428822, 26428822, 30703016, 26428822, 26428822, 26428822, 26428822, 26428822, 26428822, 26428822, 26428822, 26428822, 26729656, 26729656, 26729656, 26729656, 26729656, 26729656, 26729656, 26729656, 26729656, 36246730, 278369223, 144641666, 26464944, 26464944, 26125428, 26125428, 1355923625, 26437374, 26437374, 26437374, 26437374, 26437374, 26437374, 26437374, 26437374, 26437374, 164054333, 98418074, 27685307, 27685307, 27685307, 27685307, 27685307, 27685307, 27685307, 27685307, 27685307, 27685307, 27685307, 27685307, 27512576, 27278932, 27278932, 27278932, 27232760, 27232760, 27232760, 27232760, 27232760, 27232760, 27232760, 27232760, 27232760, 27232760, 27232760, 27232760, 27232760, 27232760, 27232760, 27232760, 27232760, 27232760, 27232760, 153029139, 27512576, 27512576, 27512576, 27512576, 116310796, 27685307, 27685307, 27685307, 27512576, 27512576, 27512576, 27512576, 27512576, 27512576, 27512576, 211403252, 27685307, 27685307, 164305756, 27685307, 27685307, 27685307, 27685307, 27685307, 27685307, 27685307, 27685307, 27685307, 441507198, 27512576, 27512576, 46117308, 27512576, 27512576, 27512576, 26640156, 26640156, 26640156, 26640156, 26640156, 26640156, 25546260, 97242502, 27278932, 27278932, 27278932, 27278932, 27278932, 27278932, 27232760, 27232760, 27232760, 27232760, 27232760, 27232760, 27232760, 27232760, 27232760, 27232760, 27232760, 27232760, 27232760, 27232760, 27232760, 27103283, 27103283, 27103283, 27103283, 27103283, 27103283, 27103283, 27103283, 27103283, 27103283, 27103283, 27103283, 27103283, 27103283, 26997779, 26997779, 26997779, 26997779, 26997779, 26956587, 26956587, 26956587, 26956587, 26956587, 26956587, 26956587, 26956587, 26956587, 26956587, 26956587, 26956587, 26759908, 26759908, 26759908, 26759908, 26759908, 26759908, 26759908, 26759908, 26759908, 26759908, 26759908, 26759908, 26759908, 26759908, 26759908, 26759908, 26759908, 26759908, 26726923, 26726923, 26726923, 45331655, 26726923, 26726923, 26726923, 26726923, 26726923, 26726923, 26695203, 76878805, 26706189, 26706189, 26706189, 26706189, 26706189, 26706189, 26706189, 26706189, 26706189, 26706189, 26706189, 26706189, 26706189, 26706189, 26706189, 26645180, 26645180, 26645180, 26645180, 26444528, 26444528, 26444528, 26444528, 26444528, 26444528, 26444528, 26444528, 26444528, 26444528, 26444528, 26444528, 26444528, 26444528, 26444528, 26444528, 26454608, 26454608, 26454608, 26454608, 26454608, 26454608, 26454608, 26454608, 26454608, 26454608, 26454608, 26454608, 26454608, 26454608, 26454608, 26454608, 25454110, 25763867, 25763867, 25763867, 25763867, 25763867, 25763867, 25763867, 25763867, 25763867, 35596370, 26428822, 26428822, 26428822, 26428822, 26428822, 26428822, 35596370, 26428822, 26428822, 26428822, 26428822, 26428822, 26019124, 26019124, 25904021, 36246730, 26729656, 26729656, 26729656, 26729656, 26729656, 26729656, 26729656, 26729656, 26729656, 36246730, 26729656, 26729656, 26729656, 26729656, 26820478, 26820478, 26820478, 26820478, 26820478, 26820478, 26820478, 26820478, 26820478, 26820478, 26820478, 26820478, 26820478, 26820478, 26820478, 26820478, 26820478, 26843454, 26843454, 26637795, 26637795, 26637795, 26637795, 26637795, 26637795, 26637795, 26637795, 26637795, 26637795, 26637795, 26637795, 26637795, 26573059, 26573059, 26573059, 26573059, 26573059, 26573059, 26573059, 26573059, 26573059, 26573059, 26573059, 26573059, 26573059, 26573059, 26573059, 26573059, 26573059, 26573059, 26573059, 26573059]",0,0,0,NPU,0,0,0,0,0,0,1.0,hot,0,0,0,0,1.0,0
0,298,meta-llama/Llama-3.1-8B,831,994,29174842101,165904647429,136729805328,129032983048,129197288804,46497015,"[27685307, 27685307, 27685307, 27685307, 27685307, 27685307, 27685307, 27685307, 27685307, 542649658, 27512576, 27512576, 27512576, 2299899359, 26726923, 26726923, 26726923, 26726923, 26726923, 26726923, 26695203, 76878805, 26706189, 26706189, 26706189, 26706189, 26706189, 26706189, 26706189, 26706189, 26706189, 26706189, 26706189, 26706189, 26706189, 26706189, 26706189, 26645180, 26645180, 26645180, 26645180, 26444528, 26444528, 26444528, 26444528, 26444528, 26444528, 26444528, 26444528, 26444528, 26444528, 26444528, 26444528, 26444528, 26444528, 26444528, 26444528, 26454608, 26454608, 26454608, 26454608, 26454608, 26454608, 26454608, 26454608, 26454608, 26454608, 26454608, 26454608, 26454608, 26454608, 26454608, 26454608, 292925283, 26428822, 26428822, 26428822, 26428822, 26428822, 26428822, 35596370, 26428822, 26428822, 26428822, 26428822, 26428822, 114188999, 26729656, 26729656, 26729656, 26729656, 26729656, 26729656, 26729656, 26729656, 26729656, 36246730, 26729656, 26729656, 26729656, 26729656, 26820478, 26820478, 26820478, 26820478, 26820478, 26820478, 26820478, 26820478, 26820478, 26820478, 26820478, 26820478, 26820478, 26820478, 26820478, 26820478, 26820478, 26843454, 26843454, 26637795, 26637795, 26637795, 26637795, 26637795, 26637795, 26637795, 26637795, 26637795, 26637795, 26637795, 26637795, 26637795, 26573059, 26573059, 26573059, 26573059, 26573059, 26573059, 26573059, 26573059, 26573059, 26573059, 26573059, 26573059, 26573059, 26573059, 26573059, 26573059, 26573059, 26573059, 26573059, 26573059, 26246582, 26246582, 26246582, 26246582, 26246582, 26246582, 26246582, 26246582, 26246582]",0,0,0,PCIE_NVME,0,222298112,0,222298112,222298112,222298112,1.0,hot,0,0,0,0,1.0,444596224
0,279,meta-llama/Llama-3.1-8B,158,467,27921129640,165931122805,138009993165,126021367924,126299737147,38020311,"[144641666, 1461104369, 401990699, 98418074, 27685307, 27685307, 27685307, 27685307, 27685307, 27685307, 27685307, 27685307, 27685307, 27685307, 27685307, 27685307, 27512576, 27278932, 27278932, 27278932, 27232760, 27232760, 27232760, 27232760, 27232760, 27232760, 27232760, 27232760, 27232760, 27232760, 27232760, 27232760, 27232760, 27232760, 27232760, 27232760, 27232760, 27232760, 27232760, 153029139, 27512576, 27512576, 27512576, 27512576, 116310796, 27685307, 27685307, 27685307, 27512576, 27512576, 27512576, 27512576, 27512576, 27512576, 27512576, 211403252, 27685307, 27685307, 164305756, 27685307, 27685307, 27685307, 27685307, 27685307, 27685307, 27685307, 27685307, 27685307, 441507198, 27512576, 27512576, 46117308, 27512576, 27512576, 27512576, 26640156, 26640156, 26640156, 26640156, 26640156, 26640156, 122788762, 27278932, 27278932, 27278932, 27278932, 27278932, 27278932, 27232760, 27232760, 27232760, 27232760, 27232760, 27232760, 27232760, 27232760, 27232760, 27232760, 27232760, 27232760, 27232760, 27232760, 27232760, 27103283, 27103283, 27103283, 27103283, 27103283, 27103283, 27103283, 27103283, 27103283, 27103283, 27103283, 27103283, 27103283, 27103283, 26997779, 26997779, 26997779, 26997779, 26997779, 26956587, 26956587, 26956587, 26956587, 26956587, 26956587, 26956587, 26956587, 26956587, 26956587, 26956587, 26956587, 26759908, 26759908, 26759908, 26759908, 26759908, 26759908, 26759908, 26759908, 26759908, 26759908, 26759908, 26759908, 26759908, 26759908, 26759908, 26759908, 26759908, 26759908, 26726923, 26726923, 26726923, 45331655, 26726923, 26726923, 26726923, 26726923, 26726923, 26726923, 26695203, 76878805, 26706189, 26706189, 26706189, 26706189, 26706189, 26706189, 26706189, 26706189, 26706189, 26706189, 26706189, 26706189, 26706189, 26706189, 26706189, 26645180, 26645180, 26645180, 26645180, 26444528, 26444528, 26444528, 26444528, 26444528, 26444528, 26444528, 26444528, 26444528, 26444528, 26444528, 26444528, 26444528, 26444528, 26444528, 26444528, 26454608, 26454608, 26454608, 26454608, 26454608, 26454608, 26454608, 26454608, 26454608, 26454608, 26454608, 26454608, 26454608, 26454608, 26454608, 26454608, 25454110, 267471173, 26428822, 26428822, 26428822, 26428822, 26428822, 26428822, 35596370, 26428822, 26428822, 26428822, 26428822, 26428822, 26019124, 26019124, 62150751, 26729656, 26729656, 26729656, 26729656, 26729656, 26729656, 26729656, 26729656, 26729656, 36246730, 26729656, 26729656, 26729656, 26729656, 26820478, 26820478, 26820478, 26820478, 26820478, 26820478, 26820478, 26820478, 26820478, 26820478, 26820478, 26820478, 26820478, 26820478, 26820478, 26820478, 26820478, 26843454, 26843454, 26637795, 26637795, 26637795, 26637795, 26637795, 26637795, 26637795, 26637795, 26637795, 26637795, 26637795, 26637795, 26637795, 26573059, 26573059, 26573059, 26573059, 26573059, 26573059, 26573059, 26573059, 26573059, 26573059, 26573059, 26573059, 26573059, 26573059, 26573059, 26573059, 26573059, 26573059, 26573059, 26573059, 26246582, 26246582, 26246582, 26246582, 26246582, 26246582, 26246582, 26246582, 26246582, 26475376]",0,0,0,NPU,0,0,0,0,0,0,1.0,hot,0,0,0,0,1.0,0
0,278,meta-llama/Llama-3.1-8B,23,345,27762267693,166248088541,138485820848,126180229871,126458599094,37467980,"[144641666, 1461104369, 401990699, 98418074, 27685307, 27685307, 27685307, 27685307, 27685307, 27685307, 27685307, 27685307, 27685307, 27685307, 27685307, 27685307, 27512576, 27278932, 27278932, 27278932, 27232760, 27232760, 27232760, 27232760, 27232760, 27232760, 27232760, 27232760, 27232760, 27232760, 27232760, 27232760, 27232760, 27232760, 27232760, 27232760, 27232760, 27232760, 27232760, 153029139, 27512576, 27512576, 27512576, 27512576, 116310796, 27685307, 27685307, 27685307, 27512576, 27512576, 27512576, 27512576, 27512576, 27512576, 27512576, 211403252, 27685307, 27685307, 164305756, 27685307, 27685307, 27685307, 27685307, 27685307, 27685307, 27685307, 27685307, 27685307, 441507198, 27512576, 27512576, 46117308, 27512576, 27512576, 27512576, 26640156, 26640156, 26640156, 26640156, 26640156, 26640156, 25546260, 97242502, 27278932, 27278932, 27278932, 27278932, 27278932, 27278932, 27232760, 27232760, 27232760, 27232760, 27232760, 27232760, 27232760, 27232760, 27232760, 27232760, 27232760, 27232760, 27232760, 27232760, 27232760, 27103283, 27103283, 27103283, 27103283, 27103283, 27103283, 27103283, 27103283, 27103283, 27103283, 27103283, 27103283, 27103283, 27103283, 26997779, 26997779, 26997779, 26997779, 26997779, 26956587, 26956587, 26956587, 26956587, 26956587, 26956587, 26956587, 26956587, 26956587, 26956587, 26956587, 26956587, 26759908, 26759908, 26759908, 26759908, 26759908, 26759908, 26759908, 26759908, 26759908, 26759908, 26759908, 26759908, 26759908, 26759908, 26759908, 26759908, 26759908, 26759908, 26726923, 26726923, 26726923, 45331655, 26726923, 26726923, 26726923, 26726923, 26726923, 26726923, 26695203, 76878805, 26706189, 26706189, 26706189, 26706189, 26706189, 26706189, 26706189, 26706189, 26706189, 26706189, 26706189, 26706189, 26706189, 26706189, 26706189, 26645180, 26645180, 26645180, 26645180, 26444528, 26444528, 26444528, 26444528, 26444528, 26444528, 26444528, 26444528, 26444528, 26444528, 26444528, 26444528, 26444528, 26444528, 26444528, 26444528, 26454608, 26454608, 26454608, 26454608, 26454608, 26454608, 26454608, 26454608, 26454608, 26454608, 26454608, 26454608, 26454608, 26454608, 26454608, 26454608, 25454110, 267471173, 26428822, 26428822, 26428822, 26428822, 26428822, 26428822, 35596370, 26428822, 26428822, 26428822, 26428822, 26428822, 26019124, 26019124, 62150751, 26729656, 26729656, 26729656, 26729656, 26729656, 26729656, 26729656, 26729656, 26729656, 36246730, 26729656, 26729656, 26729656, 26729656, 26820478, 26820478, 26820478, 26820478, 26820478, 26820478, 26820478, 26820478, 26820478, 26820478, 26820478, 26820478, 26820478, 26820478, 26820478, 26820478, 26820478, 26843454, 26843454, 26637795, 26637795, 26637795, 26637795, 26637795, 26637795, 26637795, 26637795, 26637795, 26637795, 26637795, 26637795, 26637795, 26573059, 26573059, 26573059, 26573059, 26573059, 26573059, 26573059, 26573059, 26573059, 26573059, 26573059, 26573059, 26573059, 26573059, 26573059, 26573059, 26573059, 26573059, 26573059, 26573059, 26246582, 26246582, 26246582, 26246582, 26246582, 26246582, 26246582, 26246582, 26246582, 26475376, 26437374, 26437374, 26437374, 26437374, 26437374, 26437374, 26437374, 26437374, 26366686, 26366686, 26366686, 26366686]",0,0,0,NPU,0,0,0,0,0,0,1.0,hot,0,0,0,0,1.0,0
0,283,meta-llama/Llama-3.1-8B,540,864,28240073508,166378476481,138138402973,125980793279,126125434945,37191851,"[1461104369, 401990699, 98418074, 27685307, 27685307, 27685307, 27685307, 27685307, 27685307, 27685307, 27685307, 27685307, 27685307, 27685307, 27685307, 27512576, 27278932, 27278932, 27278932, 27232760, 27232760, 27232760, 27232760, 27232760, 27232760, 27232760, 27232760, 27232760, 27232760, 27232760, 27232760, 27232760, 27232760, 27232760, 27232760, 27232760, 27232760, 27232760, 153029139, 27512576, 27512576, 27512576, 27512576, 116310796, 27685307, 27685307, 27685307, 27512576, 27512576, 27512576, 27512576, 27512576, 27512576, 27512576, 211403252, 27685307, 27685307, 164305756, 27685307, 27685307, 27685307, 27685307, 27685307, 27685307, 27685307, 27685307, 27685307, 441507198, 27512576, 27512576, 46117308, 27512576, 27512576, 27512576, 26640156, 26640156, 26640156, 26640156, 26640156, 26640156, 122788762, 27278932, 27278932, 27278932, 27278932, 27278932, 27278932, 27232760, 27232760, 27232760, 27232760, 27232760, 27232760, 27232760, 27232760, 27232760, 27232760, 27232760, 27232760, 27232760, 27232760, 27232760, 27103283, 27103283, 27103283, 27103283, 27103283, 27103283, 27103283, 27103283, 27103283, 27103283, 27103283, 27103283, 27103283, 27103283, 26997779, 26997779, 26997779, 26997779, 26997779, 26956587, 26956587, 26956587, 26956587, 26956587, 26956587, 26956587, 26956587, 26956587, 26956587, 26956587, 26956587, 26759908, 26759908, 26759908, 26759908, 26759908, 26759908, 26759908, 26759908, 26759908, 26759908, 26759908, 26759908, 26759908, 26759908, 26759908, 26759908, 26759908, 26759908, 26726923, 26726923, 26726923, 45331655, 26726923, 26726923, 26726923, 26726923, 26726923, 26726923, 26695203, 76878805, 26706189, 26706189, 26706189, 26706189, 26706189, 26706189, 26706189, 26706189, 26706189, 26706189, 26706189, 26706189, 26706189, 26706189, 26706189, 26645180, 26645180, 26645180, 26645180, 26444528, 26444528, 26444528, 26444528, 26444528, 26444528, 26444528, 26444528, 26444528, 26444528, 26444528, 26444528, 26444528, 26444528, 26444528, 26444528, 26454608, 26454608, 26454608, 26454608, 26454608, 26454608, 26454608, 26454608, 26454608, 26454608, 26454608, 26454608, 26454608, 26454608, 26454608, 26454608, 292925283, 26428822, 26428822, 26428822, 26428822, 26428822, 26428822, 35596370, 26428822, 26428822, 26428822, 26428822, 26428822, 26019124, 26019124, 62150751, 26729656, 26729656, 26729656, 26729656, 26729656, 26729656, 26729656, 26729656, 26729656, 36246730, 26729656, 26729656, 26729656, 26729656, 26820478, 26820478, 26820478, 26820478, 26820478, 26820478, 26820478, 26820478, 26820478, 26820478, 26820478, 26820478, 26820478, 26820478, 26820478, 26820478, 26820478, 26843454, 26843454, 26637795, 26637795, 26637795, 26637795, 26637795, 26637795, 26637795, 26637795, 26637795, 26637795, 26637795, 26637795, 26637795, 26573059, 26573059, 26573059, 26573059, 26573059, 26573059, 26573059, 26573059, 26573059, 26573059, 26573059, 26573059, 26573059, 26573059, 26573059, 26573059, 26573059, 26573059, 26573059, 26573059, 26246582, 26246582, 26246582, 26246582, 26246582, 26246582, 26246582, 26246582, 26246582, 26475376, 26437374, 26437374, 26437374, 26437374, 26437374, 26437374, 26437374, 26437374, 26366686, 26366686, 26366686, 26366686, 26077588, 26077588, 26077588, 26077588, 26077588]",0,0,0,NPU,0,0,0,0,0,0,1.0,hot,0,0,0,0,1.0,0
0,275,meta-llama/Llama-3.1-8B,6,375,27376145729,167438409131,140062263402,126566351835,126844721058,35917234,"[144641666, 1461104369, 401990699, 98418074, 27685307, 27685307, 27685307, 27685307, 27685307, 27685307, 27685307, 27685307, 27685307, 27685307, 27685307, 27685307, 27512576, 27278932, 27278932, 27278932, 27232760, 27232760, 27232760, 27232760, 27232760, 27232760, 27232760, 27232760, 27232760, 27232760, 27232760, 27232760, 27232760, 27232760, 27232760, 27232760, 27232760, 27232760, 27232760, 153029139, 27512576, 27512576, 27512576, 27512576, 116310796, 27685307, 27685307, 27685307, 27512576, 27512576, 27512576, 27512576, 27512576, 27512576, 27512576, 211403252, 27685307, 27685307, 164305756, 27685307, 27685307, 27685307, 27685307, 27685307, 27685307, 27685307, 27685307, 27685307, 441507198, 27512576, 27512576, 46117308, 27512576, 27512576, 27512576, 26640156, 26640156, 26640156, 26640156, 26640156, 26640156, 25546260, 97242502, 27278932, 27278932, 27278932, 27278932, 27278932, 27278932, 27232760, 27232760, 27232760, 27232760, 27232760, 27232760, 27232760, 27232760, 27232760, 27232760, 27232760, 27232760, 27232760, 27232760, 27232760, 27103283, 27103283, 27103283, 27103283, 27103283, 27103283, 27103283, 27103283, 27103283, 27103283, 27103283, 27103283, 27103283, 27103283, 26997779, 26997779, 26997779, 26997779, 26997779, 26956587, 26956587, 26956587, 26956587, 26956587, 26956587, 26956587, 26956587, 26956587, 26956587, 26956587, 26956587, 26759908, 26759908, 26759908, 26759908, 26759908, 26759908, 26759908, 26759908, 26759908, 26759908, 26759908, 26759908, 26759908, 26759908, 26759908, 26759908, 26759908, 26759908, 26726923, 26726923, 26726923, 45331655, 26726923, 26726923, 26726923, 26726923, 26726923, 26726923, 26695203, 76878805, 26706189, 26706189, 26706189, 26706189, 26706189, 26706189, 26706189, 26706189, 26706189, 26706189, 26706189, 26706189, 26706189, 26706189, 26706189, 26645180, 26645180, 26645180, 26645180, 26444528, 26444528, 26444528, 26444528, 26444528, 26444528, 26444528, 26444528, 26444528, 26444528, 26444528, 26444528, 26444528, 26444528, 26444528, 26444528, 26454608, 26454608, 26454608, 26454608, 26454608, 26454608, 26454608, 26454608, 26454608, 26454608, 26454608, 26454608, 26454608, 26454608, 26454608, 26454608, 25454110, 267471173, 26428822, 26428822, 26428822, 26428822, 26428822, 26428822, 35596370, 26428822, 26428822, 26428822, 26428822, 26428822, 26019124, 26019124, 25904021, 36246730, 26729656, 26729656, 26729656, 26729656, 26729656, 26729656, 26729656, 26729656, 26729656, 36246730, 26729656, 26729656, 26729656, 26729656, 26820478, 26820478, 26820478, 26820478, 26820478, 26820478, 26820478, 26820478, 26820478, 26820478, 26820478, 26820478, 26820478, 26820478, 26820478, 26820478, 26820478, 26843454, 26843454, 26637795, 26637795, 26637795, 26637795, 26637795, 26637795, 26637795, 26637795, 26637795, 26637795, 26637795, 26637795, 26637795, 26573059, 26573059, 26573059, 26573059, 26573059, 26573059, 26573059, 26573059, 26573059, 26573059, 26573059, 26573059, 26573059, 26573059, 26573059, 26573059, 26573059, 26573059, 26573059, 26573059, 26246582, 26246582, 26246582, 26246582, 26246582, 26246582, 26246582, 26246582, 26246582, 26475376, 26437374, 26437374, 26437374, 26437374, 26437374, 26437374, 26437374, 26437374, 26366686, 26366686, 26366686, 26366686, 26077588, 26077588, 26077588, 26077588, 26077588, 25846330, 25846330, 25846330, 25846330, 25846330, 25846330, 25846330, 25846330, 25846330, 25846330, 25853850, 25853850, 25853850, 25853850, 25853850, 25853850, 25853850, 25853850, 25853850, 25853850, 25853850, 25853850, 25853850, 25853850, 25853850, 25853850, 25853850, 25853850, 25853850, 25853850, 25853850, 25853850, 25853850, 25853850, 25853850, 25853850, 25853850, 25853850, 25853850, 25853850, 25853850]",0,0,0,NPU,0,0,0,0,0,0,1.0,hot,0,0,0,0,1.0,0
0,289,meta-llama/Llama-3.1-8B,7,394,28594091791,168231264161,139637172370,127599919472,127634511730,31094975,"[98418074, 27685307, 27685307, 27685307, 27685307, 27685307, 27685307, 27685307, 27685307, 27685307, 27685307, 27685307, 27685307, 27512576, 27278932, 27278932, 27278932, 27232760, 27232760, 27232760, 27232760, 27232760, 27232760, 27232760, 27232760, 27232760, 27232760, 27232760, 27232760, 27232760, 27232760, 27232760, 27232760, 27232760, 27232760, 27232760, 153029139, 27512576, 27512576, 27512576, 27512576, 116310796, 27685307, 27685307, 27685307, 27512576, 27512576, 27512576, 27512576, 27512576, 27512576, 27512576, 211403252, 27685307, 27685307, 164305756, 27685307, 27685307, 27685307, 27685307, 27685307, 27685307, 27685307, 27685307, 27685307, 441507198, 27512576, 27512576, 46117308, 27512576, 27512576, 27512576, 282629698, 27278932, 27278932, 27278932, 27278932, 27278932, 27278932, 27232760, 27232760, 27232760, 27232760, 27232760, 27232760, 27232760, 27232760, 27232760, 27232760, 27232760, 27232760, 27232760, 27232760, 27232760, 27103283, 27103283, 27103283, 27103283, 27103283, 27103283, 27103283, 27103283, 27103283, 27103283, 27103283, 27103283, 27103283, 27103283, 26997779, 26997779, 26997779, 26997779, 26997779, 26956587, 26956587, 26956587, 26956587, 26956587, 26956587, 26956587, 26956587, 26956587, 26956587, 26956587, 26956587, 26759908, 26759908, 26759908, 26759908, 26759908, 26759908, 26759908, 26759908, 26759908, 26759908, 26759908, 26759908, 26759908, 26759908, 26759908, 26759908, 26759908, 26759908, 26726923, 26726923, 26726923, 45331655, 26726923, 26726923, 26726923, 26726923, 26726923, 26726923, 26695203, 76878805, 26706189, 26706189, 26706189, 26706189, 26706189, 26706189, 26706189, 26706189, 26706189, 26706189, 26706189, 26706189, 26706189, 26706189, 26706189, 26645180, 26645180, 26645180, 26645180, 26444528, 26444528, 26444528, 26444528, 26444528, 26444528, 26444528, 26444528, 26444528, 26444528, 26444528, 26444528, 26444528, 26444528, 26444528, 26444528, 26454608, 26454608, 26454608, 26454608, 26454608, 26454608, 26454608, 26454608, 26454608, 26454608, 26454608, 26454608, 26454608, 26454608, 26454608, 26454608, 292925283, 26428822, 26428822, 26428822, 26428822, 26428822, 26428822, 35596370, 26428822, 26428822, 26428822, 26428822, 26428822, 26019124, 26019124, 62150751, 26729656, 26729656, 26729656, 26729656, 26729656, 26729656, 26729656, 26729656, 26729656, 36246730, 26729656, 26729656, 26729656, 26729656, 26820478, 26820478, 26820478, 26820478, 26820478, 26820478, 26820478, 26820478, 26820478, 26820478, 26820478, 26820478, 26820478, 26820478, 26820478, 26820478, 26820478, 26843454, 26843454, 26637795, 26637795, 26637795, 26637795, 26637795, 26637795, 26637795, 26637795, 26637795, 26637795, 26637795, 26637795, 26637795, 26573059, 26573059, 26573059, 26573059, 26573059, 26573059, 26573059, 26573059, 26573059, 26573059, 26573059, 26573059, 26573059, 26573059, 26573059, 26573059, 26573059, 26573059, 26573059, 26573059, 26246582, 26246582, 26246582, 26246582, 26246582, 26246582, 26246582, 26246582, 26246582, 26475376, 26437374, 26437374, 26437374, 26437374, 26437374, 26437374, 26437374, 26437374, 26366686, 26366686, 26366686, 26366686, 26077588, 26077588, 26077588, 26077588, 26077588, 25846330, 25846330, 25846330, 25846330, 25846330, 25846330, 25846330, 25846330, 25846330, 25846330, 25853850, 25853850, 25853850, 25853850, 25853850, 25853850, 25853850, 25853850, 25853850, 25853850, 25853850, 25853850, 25853850, 25853850, 25853850, 25853850, 25853850, 25853850, 25853850, 25853850, 25853850, 25853850, 25853850, 25853850, 25853850, 25853850, 25853850, 25853850, 25853850, 25853850, 25853850, 26368885, 26368885, 26368885, 26368885, 26368885, 26368885, 26368885, 26368885, 26368885, 26368885, 26368885, 26368885, 26468245, 26468245, 26468245, 26468245, 26468245, 26468245, 26468245, 26468245, 26468245, 26468245, 26468245, 26468245, 26468245, 26468245, 26468245, 26468245, 26468245, 26468245]",0,0,0,NPU,0,0,0,0,0,0,1.0,hot,0,0,0,0,1.0,0
0,255,meta-llama/Llama-3.1-8B,70,839,24658487581,168283363247,143624875666,107384428682,107631594628,46866251,"[158661515, 7988765090, 27232760, 27232760, 27232760, 27232760, 27232760, 27232760, 27232760, 27232760, 27232760, 27232760, 27232760, 27232760, 27103283, 27103283, 27103283, 27103283, 26997779, 26997779, 26997779, 26997779, 26997779, 26997779, 26997779, 26997779, 26997779, 26997779, 26997779, 116813844, 477569226, 27278932, 27232760, 27232760, 27232760, 27232760, 27232760, 27232760, 27232760, 27232760, 27232760, 27232760, 26997779, 26997779, 26997779, 26956587, 26956587, 26956587, 26759908, 26759908, 26759908, 26759908, 26759908, 26759908, 26759908, 26759908, 26759908, 26726923, 26726923, 26726923, 26726923, 26726923, 26726923, 26726923, 26726923, 26726923, 26726923, 26726923, 26726923, 26726923, 26726923, 26726923, 26726923, 26726923, 26726923, 26726923, 26726923, 26726923, 26726923, 26726923, 26726923, 26726923, 26726923, 26726923, 26726923, 26726923, 26726923, 26726923, 26726923, 26726923, 26726923, 26726923, 26726923, 26726923, 26726923, 26695203, 213051572, 26759908, 26759908, 26759908, 980632054, 26615821, 26615821, 26615821, 26615821, 26615821, 26615821, 26615821, 26615821, 57170786, 26759908, 26759908, 26759908, 26759908, 26790979, 26553020, 444628047, 27512576, 27512576, 27512576, 478007878, 27278932, 27278932, 27278932, 27278932, 27278932, 27278932, 27278932, 27278932, 27278932, 34698854, 27278932, 27278932, 27278932, 27278932, 27278932, 27278932, 27278932, 27278932, 27278932, 27278932, 27278932, 27278932, 27278932, 27278932, 27278932, 27278932, 27278932, 26164062, 116602288, 27232760, 27232760, 27232760, 27232760, 27232760, 27232760, 27232760, 27232760, 27232760, 27232760, 27232760, 27232760, 27232760, 26695203, 54642186, 26164062, 26164062, 26164062, 26164062, 28825295, 26997779, 26997779, 265533347, 26437374, 26437374, 26437374, 354987748, 26164062, 26125428, 970630791, 27103283, 27103283, 26956587, 26759908, 26759908, 26759908, 26759908, 26759908, 26759908, 26759908, 26759908, 26759908, 26759908, 26759908, 26759908, 26726923, 26726923, 26726923, 26726923, 26726923, 26726923, 26726923, 26695203, 26695203, 26695203, 26695203, 26695203, 26695203, 26695203, 26695203, 26695203, 26695203, 26695203, 26695203, 26695203, 26695203, 26695203, 26695203, 26695203, 26695203, 26695203, 26695203, 26695203, 26706189, 26706189, 26706189, 26706189, 26706189, 26706189, 26706189, 26706189, 26706189, 26706189, 26706189, 26706189, 26706189, 26706189, 26706189, 26706189, 26706189, 26706189, 26706189, 26706189, 26706189, 26706189, 26706189, 26706189, 26706189, 26706189, 26706189, 26706189, 26706189, 62734509, 26645180, 26645180, 26645180, 26645180, 26645180, 26645180, 26645180, 26645180, 26645180, 36162254, 26645180, 26645180, 26645180, 26645180, 26645180, 572165858, 26444528, 26444528, 26444528, 26454608, 26454608, 26454608, 26454608, 26454608, 26454608, 26454608, 26454608, 26454608, 26454608, 26454608, 26454608, 26454608, 26454608, 26077588, 26077588, 26077588, 26077588, 26077588, 25892533, 25892533, 25892533, 25892533, 25892533, 25892533, 110361701, 26428822, 26428822, 26428822, 26428822, 26428822, 30703016, 26428822, 26428822, 26428822, 26428822, 26428822, 26428822, 26428822, 26428822, 26428822, 26729656, 26729656, 26729656, 26729656, 26729656, 26729656, 26729656, 26729656, 26729656, 36246730, 278369223, 144641666, 26464944, 26464944, 26125428, 26125428, 1355923625, 26437374, 26437374, 26437374, 26437374, 26437374, 26437374, 26437374, 26437374, 26437374, 25892415, 25892415, 25892415, 25892415, 25892415, 34592258, 98418074, 27685307, 27685307, 27685307, 27685307, 27685307, 27685307, 27685307, 27685307, 27685307, 27685307, 27685307, 27685307, 27512576, 27278932, 27278932, 27278932, 27232760, 27232760, 27232760, 27232760, 27232760, 27232760, 27232760, 27232760, 27232760, 27232760, 27232760, 27232760, 27232760, 27232760, 27232760, 27232760, 27232760, 27232760, 27232760, 153029139, 27512576, 27512576, 27512576, 27512576, 116310796, 27685307, 27685307, 27685307, 27512576, 27512576, 27512576, 27512576, 27512576, 27512576, 27512576, 211403252, 27685307, 27685307, 164305756, 27685307, 27685307, 27685307, 27685307, 27685307, 27685307, 27685307, 27685307, 27685307, 26359326, 26359326, 26359326, 26359326, 26359326, 26359326, 26359326, 26359326, 26359326, 26359326, 26359326, 26359326, 26359326, 26359326, 26359326, 46117308, 27512576, 27512576, 46117308, 27512576, 27512576, 27512576, 26640156, 26640156, 26640156, 26640156, 26640156, 26640156, 25546260, 25679419, 25679419, 45883664, 27278932, 27278932, 27278932, 27278932, 27278932, 27278932, 27232760, 27232760, 27232760, 27232760, 27232760, 27232760, 27232760, 27232760, 27232760, 27232760, 27232760, 27232760, 27232760, 27232760, 27232760, 27103283, 27103283, 27103283, 27103283, 27103283, 27103283, 27103283, 27103283, 27103283, 27103283, 27103283, 27103283, 27103283, 27103283, 26997779, 26997779, 26997779, 26997779, 26997779, 26956587, 26956587, 26956587, 26956587, 26956587, 26956587, 26956587, 26956587, 26956587, 26956587, 26956587, 26956587, 26759908, 26759908, 26759908, 26759908, 26759908, 26759908, 26759908, 26759908, 26759908, 26759908, 26759908, 26759908, 26759908, 26759908, 26759908, 26759908, 26759908, 26759908, 26726923, 26726923, 26726923, 45331655, 26726923, 26726923, 26726923, 26726923, 26726923, 26726923, 26695203, 76878805, 26706189, 26706189, 26706189, 26706189, 26706189, 26706189, 26706189, 26706189, 26706189, 26706189, 26706189, 26706189, 26706189, 26706189, 26706189, 26645180, 26645180, 26645180, 26645180, 26444528, 26444528, 26444528, 26444528, 26444528, 26444528, 26444528, 26444528, 26444528, 26444528, 26444528, 26444528, 26444528, 26444528, 26444528, 26444528, 26454608, 26454608, 26454608, 26454608, 26454608, 26454608, 26454608, 26454608, 26454608, 26454608, 26454608, 26454608, 26454608, 26454608, 26454608, 26454608, 25454110, 25763867, 25763867, 25763867, 25763867, 25763867, 25763867, 25763867, 25763867, 25763867, 35596370, 26428822, 26428822, 26428822, 26428822, 26428822, 26428822, 35596370, 26428822, 26428822, 26428822, 26428822, 26428822, 26019124, 26019124, 25904021, 36246730, 26729656, 26729656, 26729656, 26729656, 26729656, 26729656, 26729656, 26729656, 26729656, 36246730, 26729656, 26729656, 26729656, 26729656, 26820478, 26820478, 26820478, 26820478, 26820478, 26820478, 26820478, 26820478, 26820478, 26820478, 26820478, 26820478, 26820478, 26820478, 26820478, 26820478, 26820478, 26843454, 26843454, 26637795, 26637795, 26637795, 26637795, 26637795, 26637795, 26637795, 26637795, 26637795, 26637795, 26637795, 26637795, 26637795, 26573059, 26573059, 26573059, 26573059, 26573059, 26573059, 26573059, 26573059, 26573059, 26573059, 26573059, 26573059, 26573059, 26573059, 26573059, 26573059, 26573059, 26573059, 26573059, 26573059, 26246582, 26246582, 26246582, 26246582, 26246582, 26246582, 26246582, 26246582, 26246582, 26475376, 26437374, 26437374, 26437374, 26437374, 26437374, 26437374, 26437374, 26437374, 26366686, 26366686, 26366686, 26366686, 26077588, 26077588, 26077588, 26077588, 26077588, 25846330, 25846330, 25846330, 25846330, 25846330, 25846330, 25846330, 25846330, 25846330, 25846330, 25853850, 25853850, 25853850, 25853850, 25853850, 25853850, 25853850, 25853850, 25853850, 25853850, 25853850, 25853850, 25853850, 25853850, 25853850, 25853850, 25853850, 25853850, 25853850, 25853850, 25853850, 25853850, 25853850, 25853850, 25853850, 25853850, 25853850, 25853850, 25853850, 25853850, 25853850, 26368885, 26368885, 26368885, 26368885, 26368885, 26368885, 26368885, 26368885, 26368885, 26368885, 26368885, 26368885, 26468245, 26468245, 26468245, 26468245, 26468245, 26468245, 26468245, 26468245, 26468245, 26468245, 26468245, 26468245, 26468245, 26468245, 26468245, 26468245, 26468245, 26468245, 26049543, 26049543]",0,0,0,PCIE_NVME,0,10485760,0,10485760,10485760,10485760,1.0,hot,0,0,0,0,1.0,20971520
0,287,meta-llama/Llama-3.1-8B,9,431,28470965472,168967030075,140496064603,125749901315,125894542981,34682949,"[1863095068, 98418074, 27685307, 27685307, 27685307, 27685307, 27685307, 27685307, 27685307, 27685307, 27685307, 27685307, 27685307, 27685307, 27512576, 27278932, 27278932, 27278932, 27232760, 27232760, 27232760, 27232760, 27232760, 27232760, 27232760, 27232760, 27232760, 27232760, 27232760, 27232760, 27232760, 27232760, 27232760, 27232760, 27232760, 27232760, 27232760, 153029139, 27512576, 27512576, 27512576, 27512576, 116310796, 27685307, 27685307, 27685307, 27512576, 27512576, 27512576, 27512576, 27512576, 27512576, 27512576, 211403252, 27685307, 27685307, 164305756, 27685307, 27685307, 27685307, 27685307, 27685307, 27685307, 27685307, 27685307, 27685307, 441507198, 27512576, 27512576, 46117308, 27512576, 27512576, 27512576, 26640156, 26640156, 26640156, 26640156, 26640156, 26640156, 122788762, 27278932, 27278932, 27278932, 27278932, 27278932, 27278932, 27232760, 27232760, 27232760, 27232760, 27232760, 27232760, 27232760, 27232760, 27232760, 27232760, 27232760, 27232760, 27232760, 27232760, 27232760, 27103283, 27103283, 27103283, 27103283, 27103283, 27103283, 27103283, 27103283, 27103283, 27103283, 27103283, 27103283, 27103283, 27103283, 26997779, 26997779, 26997779, 26997779, 26997779, 26956587, 26956587, 26956587, 26956587, 26956587, 26956587, 26956587, 26956587, 26956587, 26956587, 26956587, 26956587, 26759908, 26759908, 26759908, 26759908, 26759908, 26759908, 26759908, 26759908, 26759908, 26759908, 26759908, 26759908, 26759908, 26759908, 26759908, 26759908, 26759908, 26759908, 26726923, 26726923, 26726923, 45331655, 26726923, 26726923, 26726923, 26726923, 26726923, 26726923, 26695203, 76878805, 26706189, 26706189, 26706189, 26706189, 26706189, 26706189, 26706189, 26706189, 26706189, 26706189, 26706189, 26706189, 26706189, 26706189, 26706189, 26645180, 26645180, 26645180, 26645180, 26444528, 26444528, 26444528, 26444528, 26444528, 26444528, 26444528, 26444528, 26444528, 26444528, 26444528, 26444528, 26444528, 26444528, 26444528, 26444528, 26454608, 26454608, 26454608, 26454608, 26454608, 26454608, 26454608, 26454608, 26454608, 26454608, 26454608, 26454608, 26454608, 26454608, 26454608, 26454608, 292925283, 26428822, 26428822, 26428822, 26428822, 26428822, 26428822, 35596370, 26428822, 26428822, 26428822, 26428822, 26428822, 26019124, 26019124, 62150751, 26729656, 26729656, 26729656, 26729656, 26729656, 26729656, 26729656, 26729656, 26729656, 36246730, 26729656, 26729656, 26729656, 26729656, 26820478, 26820478, 26820478, 26820478, 26820478, 26820478, 26820478, 26820478, 26820478, 26820478, 26820478, 26820478, 26820478, 26820478, 26820478, 26820478, 26820478, 26843454, 26843454, 26637795, 26637795, 26637795, 26637795, 26637795, 26637795, 26637795, 26637795, 26637795, 26637795, 26637795, 26637795, 26637795, 26573059, 26573059, 26573059, 26573059, 26573059, 26573059, 26573059, 26573059, 26573059, 26573059, 26573059, 26573059, 26573059, 26573059, 26573059, 26573059, 26573059, 26573059, 26573059, 26573059, 26246582, 26246582, 26246582, 26246582, 26246582, 26246582, 26246582, 26246582, 26246582, 26475376, 26437374, 26437374, 26437374, 26437374, 26437374, 26437374, 26437374, 26437374, 26366686, 26366686, 26366686, 26366686, 26077588, 26077588, 26077588, 26077588, 26077588, 25846330, 25846330, 25846330, 25846330, 25846330, 25846330, 25846330, 25846330, 25846330, 25846330, 25853850, 25853850, 25853850, 25853850, 25853850, 25853850, 25853850, 25853850, 25853850, 25853850, 25853850, 25853850, 25853850, 25853850, 25853850, 25853850, 25853850, 25853850, 25853850, 25853850, 25853850, 25853850, 25853850, 25853850, 25853850, 25853850, 25853850, 25853850, 25853850, 25853850, 25853850, 26368885, 26368885, 26368885, 26368885, 26368885, 26368885, 26368885, 26368885, 26368885, 26368885, 26368885, 26368885, 26468245, 26468245, 26468245, 26468245, 26468245, 26468245, 26468245, 26468245, 26468245, 26468245, 26468245, 26468245, 26468245, 26468245, 26468245, 26468245, 26468245, 26468245, 26049543, 26049543, 26294878, 26294878, 26294878, 26294878, 26294878, 26294878, 26294878, 26294878, 26294878, 26294878, 26294878, 26294878, 26294878, 26294878, 26294878, 26294878, 26294878, 26294878, 26294878, 26294878, 26294878, 26294878, 26294878, 26294878, 26294878, 26294878]",0,0,0,PCIE_NVME,0,2097152,0,2097152,2097152,2097152,1.0,hot,0,0,0,0,1.0,4194304
0,297,meta-llama/Llama-3.1-8B,62,467,29077320140,170129365900,141052045760,128863731143,129075134395,29645820,"[27685307, 27685307, 164305756, 27685307, 27685307, 27685307, 27685307, 27685307, 27685307, 27685307, 27685307, 27685307, 441507198, 27512576, 27512576, 46117308, 27512576, 27512576, 27512576, 282629698, 27278932, 27278932, 27278932, 27278932, 27278932, 27278932, 27232760, 27232760, 27232760, 27232760, 27232760, 27232760, 27232760, 27232760, 27232760, 27232760, 27232760, 27232760, 27232760, 27232760, 27232760, 27103283, 27103283, 27103283, 27103283, 27103283, 27103283, 27103283, 27103283, 27103283, 27103283, 27103283, 27103283, 27103283, 27103283, 26997779, 26997779, 26997779, 26997779, 26997779, 26956587, 26956587, 26956587, 26956587, 26956587, 26956587, 26956587, 26956587, 26956587, 26956587, 26956587, 26956587, 26759908, 26759908, 26759908, 26759908, 26759908, 26759908, 26759908, 26759908, 26759908, 26759908, 26759908, 26759908, 26759908, 26759908, 26759908, 26759908, 26759908, 26759908, 26726923, 26726923, 26726923, 45331655, 26726923, 26726923, 26726923, 26726923, 26726923, 26726923, 26695203, 76878805, 26706189, 26706189, 26706189, 26706189, 26706189, 26706189, 26706189, 26706189, 26706189, 26706189, 26706189, 26706189, 26706189, 26706189, 26706189, 26645180, 26645180, 26645180, 26645180, 26444528, 26444528, 26444528, 26444528, 26444528, 26444528, 26444528, 26444528, 26444528, 26444528, 26444528, 26444528, 26444528, 26444528, 26444528, 26444528, 26454608, 26454608, 26454608, 26454608, 26454608, 26454608, 26454608, 26454608, 26454608, 26454608, 26454608, 26454608, 26454608, 26454608, 26454608, 26454608, 292925283, 26428822, 26428822, 26428822, 26428822, 26428822, 26428822, 35596370, 26428822, 26428822, 26428822, 26428822, 26428822, 114188999, 26729656, 26729656, 26729656, 26729656, 26729656, 26729656, 26729656, 26729656, 26729656, 36246730, 26729656, 26729656, 26729656, 26729656, 26820478, 26820478, 26820478, 26820478, 26820478, 26820478, 26820478, 26820478, 26820478, 26820478, 26820478, 26820478, 26820478, 26820478, 26820478, 26820478, 26820478, 26843454, 26843454, 26637795, 26637795, 26637795, 26637795, 26637795, 26637795, 26637795, 26637795, 26637795, 26637795, 26637795, 26637795, 26637795, 26573059, 26573059, 26573059, 26573059, 26573059, 26573059, 26573059, 26573059, 26573059, 26573059, 26573059, 26573059, 26573059, 26573059, 26573059, 26573059, 26573059, 26573059, 26573059, 26573059, 26246582, 26246582, 26246582, 26246582, 26246582, 26246582, 26246582, 26246582, 26246582, 26475376, 26437374, 26437374, 26437374, 26437374, 26437374, 26437374, 26437374, 26437374, 26366686, 26366686, 26366686, 26366686, 26077588, 26077588, 26077588, 26077588, 26077588, 25846330, 25846330, 25846330, 25846330, 25846330, 25846330, 25846330, 25846330, 25846330, 25846330, 25853850, 25853850, 25853850, 25853850, 25853850, 25853850, 25853850, 25853850, 25853850, 25853850, 25853850, 25853850, 25853850, 25853850, 25853850, 25853850, 25853850, 25853850, 25853850, 25853850, 25853850, 25853850, 25853850, 25853850, 25853850, 25853850, 25853850, 25853850, 25853850, 25853850, 25853850, 26368885, 26368885, 26368885, 26368885, 26368885, 26368885, 26368885, 26368885, 26368885, 26368885, 26368885, 26368885, 26468245, 26468245, 26468245, 26468245, 26468245, 26468245, 26468245, 26468245, 26468245, 26468245, 26468245, 26468245, 26468245, 26468245, 26468245, 26468245, 26468245, 26468245, 26049543, 26049543, 26294878, 26294878, 26294878, 26294878, 26294878, 26294878, 26294878, 26294878, 26294878, 26294878, 26294878, 26294878, 26294878, 26294878, 26294878, 26294878, 26294878, 26294878, 26294878, 26294878, 26294878, 26294878, 26294878, 26294878, 26294878, 26294878, 25829685, 25829685, 25829685, 25829685, 25829685, 25829685, 25829685, 25829685, 25829685, 25829685, 25829685, 25829685, 25829685, 25829685, 25829685, 25829685, 25829685, 25829685, 25829685, 25829685, 25829685, 25829685, 25829685, 25829685, 25829685, 25829685, 25829685, 25829685, 25829685, 25829685, 25829685, 25829685, 25829685, 25829685, 25829685, 25829685, 25829685, 25829685, 25829685, 25829685, 25829685, 25829685, 25829685, 25829685, 25829685]",0,0,0,NPU,0,0,0,0,0,0,1.0,hot,0,0,0,0,1.0,0
0,292,meta-llama/Llama-3.1-8B,10,509,28773930782,172198893374,143424962592,128512086309,128665115448,29638247,"[27512576, 27512576, 27512576, 27512576, 116310796, 27685307, 27685307, 27685307, 27512576, 27512576, 27512576, 27512576, 27512576, 27512576, 27512576, 211403252, 27685307, 27685307, 164305756, 27685307, 27685307, 27685307, 27685307, 27685307, 27685307, 27685307, 27685307, 27685307, 441507198, 27512576, 27512576, 46117308, 27512576, 27512576, 27512576, 282629698, 27278932, 27278932, 27278932, 27278932, 27278932, 27278932, 27232760, 27232760, 27232760, 27232760, 27232760, 27232760, 27232760, 27232760, 27232760, 27232760, 27232760, 27232760, 27232760, 27232760, 27232760, 27103283, 27103283, 27103283, 27103283, 27103283, 27103283, 27103283, 27103283, 27103283, 27103283, 27103283, 27103283, 27103283, 27103283, 26997779, 26997779, 26997779, 26997779, 26997779, 26956587, 26956587, 26956587, 26956587, 26956587, 26956587, 26956587, 26956587, 26956587, 26956587, 26956587, 26956587, 26759908, 26759908, 26759908, 26759908, 26759908, 26759908, 26759908, 26759908, 26759908, 26759908, 26759908, 26759908, 26759908, 26759908, 26759908, 26759908, 26759908, 26759908, 26726923, 26726923, 26726923, 45331655, 26726923, 26726923, 26726923, 26726923, 26726923, 26726923, 26695203, 76878805, 26706189, 26706189, 26706189, 26706189, 26706189, 26706189, 26706189, 26706189, 26706189, 26706189, 26706189, 26706189, 26706189, 26706189, 26706189, 26645180, 26645180, 26645180, 26645180, 26444528, 26444528, 26444528, 26444528, 26444528, 26444528, 26444528, 26444528, 26444528, 26444528, 26444528, 26444528, 26444528, 26444528, 26444528, 26444528, 26454608, 26454608, 26454608, 26454608, 26454608, 26454608, 26454608, 26454608, 26454608, 26454608, 26454608, 26454608, 26454608, 26454608, 26454608, 26454608, 292925283, 26428822, 26428822, 26428822, 26428822, 26428822, 26428822, 35596370, 26428822, 26428822, 26428822, 26428822, 26428822, 114188999, 26729656, 26729656, 26729656, 26729656, 26729656, 26729656, 26729656, 26729656, 26729656, 36246730, 26729656, 26729656, 26729656, 26729656, 26820478, 26820478, 26820478, 26820478, 26820478, 26820478, 26820478, 26820478, 26820478, 26820478, 26820478, 26820478, 26820478, 26820478, 26820478, 26820478, 26820478, 26843454, 26843454, 26637795, 26637795, 26637795, 26637795, 26637795, 26637795, 26637795, 26637795, 26637795, 26637795, 26637795, 26637795, 26637795, 26573059, 26573059, 26573059, 26573059, 26573059, 26573059, 26573059, 26573059, 26573059, 26573059, 26573059, 26573059, 26573059, 26573059, 26573059, 26573059, 26573059, 26573059, 26573059, 26573059, 26246582, 26246582, 26246582, 26246582, 26246582, 26246582, 26246582, 26246582, 26246582, 26475376, 26437374, 26437374, 26437374, 26437374, 26437374, 26437374, 26437374, 26437374, 26366686, 26366686, 26366686, 26366686, 26077588, 26077588, 26077588, 26077588, 26077588, 25846330, 25846330, 25846330, 25846330, 25846330, 25846330, 25846330, 25846330, 25846330, 25846330, 25853850, 25853850, 25853850, 25853850, 25853850, 25853850, 25853850, 25853850, 25853850, 25853850, 25853850, 25853850, 25853850, 25853850, 25853850, 25853850, 25853850, 25853850, 25853850, 25853850, 25853850, 25853850, 25853850, 25853850, 25853850, 25853850, 25853850, 25853850, 25853850, 25853850, 25853850, 26368885, 26368885, 26368885, 26368885, 26368885, 26368885, 26368885, 26368885, 26368885, 26368885, 26368885, 26368885, 26468245, 26468245, 26468245, 26468245, 26468245, 26468245, 26468245, 26468245, 26468245, 26468245, 26468245, 26468245, 26468245, 26468245, 26468245, 26468245, 26468245, 26468245, 26049543, 26049543, 26294878, 26294878, 26294878, 26294878, 26294878, 26294878, 26294878, 26294878, 26294878, 26294878, 26294878, 26294878, 26294878, 26294878, 26294878, 26294878, 26294878, 26294878, 26294878, 26294878, 26294878, 26294878, 26294878, 26294878, 26294878, 26294878, 25829685, 25829685, 25829685, 25829685, 25829685, 25829685, 25829685, 25829685, 25829685, 25829685, 25829685, 25829685, 25829685, 25829685, 25829685, 25829685, 25829685, 25829685, 25829685, 25829685, 25829685, 25829685, 25829685, 25829685, 25829685, 25829685, 25829685, 25829685, 25829685, 25829685, 25829685, 25829685, 25829685, 25829685, 25829685, 25829685, 25829685, 25829685, 25829685, 25829685, 25829685, 25829685, 25829685, 25829685, 25829685, 26316447, 26316447, 26316447, 26316447, 26316447, 26316447, 26316447, 26316447, 26316447, 26316447, 26316447, 26316447, 26572255, 26572255, 26572255, 26572255, 26572255, 26572255, 26572255, 26572255, 26572255, 26572255, 26572255, 26572255, 26572255, 26572255, 26572255, 26572255, 26572255, 26572255, 26572255, 26572255, 26572255, 26572255, 26572255, 26572255, 26572255, 26572255, 26572255, 26572255, 26572255, 26572255, 26572255, 26572255, 26572255, 26572255, 26572255, 26572255, 26572255, 26572255, 26572255, 26572255, 26572255, 26572255, 26572255, 26572255, 26572255, 26572255, 26572255, 26572255, 26572255, 26572255, 26572255, 26572255, 26572255, 26572255, 26572255, 26572255, 26572255, 26572255, 26572255, 26572255, 26572255, 26572255, 26572255, 26572255, 26552895, 26552895]",0,0,0,NPU,0,0,0,0,0,0,1.0,hot,0,0,0,0,1.0,0
0,282,meta-llama/Llama-3.1-8B,8,721,28230203905,176787728284,148557524379,125712293659,125990662882,31695030,"[144641666, 1461104369, 401990699, 98418074, 27685307, 27685307, 27685307, 27685307, 27685307, 27685307, 27685307, 27685307, 27685307, 27685307, 27685307, 27685307, 27512576, 27278932, 27278932, 27278932, 27232760, 27232760, 27232760, 27232760, 27232760, 27232760, 27232760, 27232760, 27232760, 27232760, 27232760, 27232760, 27232760, 27232760, 27232760, 27232760, 27232760, 27232760, 27232760, 153029139, 27512576, 27512576, 27512576, 27512576, 116310796, 27685307, 27685307, 27685307, 27512576, 27512576, 27512576, 27512576, 27512576, 27512576, 27512576, 211403252, 27685307, 27685307, 164305756, 27685307, 27685307, 27685307, 27685307, 27685307, 27685307, 27685307, 27685307, 27685307, 441507198, 27512576, 27512576, 46117308, 27512576, 27512576, 27512576, 26640156, 26640156, 26640156, 26640156, 26640156, 26640156, 122788762, 27278932, 27278932, 27278932, 27278932, 27278932, 27278932, 27232760, 27232760, 27232760, 27232760, 27232760, 27232760, 27232760, 27232760, 27232760, 27232760, 27232760, 27232760, 27232760, 27232760, 27232760, 27103283, 27103283, 27103283, 27103283, 27103283, 27103283, 27103283, 27103283, 27103283, 27103283, 27103283, 27103283, 27103283, 27103283, 26997779, 26997779, 26997779, 26997779, 26997779, 26956587, 26956587, 26956587, 26956587, 26956587, 26956587, 26956587, 26956587, 26956587, 26956587, 26956587, 26956587, 26759908, 26759908, 26759908, 26759908, 26759908, 26759908, 26759908, 26759908, 26759908, 26759908, 26759908, 26759908, 26759908, 26759908, 26759908, 26759908, 26759908, 26759908, 26726923, 26726923, 26726923, 45331655, 26726923, 26726923, 26726923, 26726923, 26726923, 26726923, 26695203, 76878805, 26706189, 26706189, 26706189, 26706189, 26706189, 26706189, 26706189, 26706189, 26706189, 26706189, 26706189, 26706189, 26706189, 26706189, 26706189, 26645180, 26645180, 26645180, 26645180, 26444528, 26444528, 26444528, 26444528, 26444528, 26444528, 26444528, 26444528, 26444528, 26444528, 26444528, 26444528, 26444528, 26444528, 26444528, 26444528, 26454608, 26454608, 26454608, 26454608, 26454608, 26454608, 26454608, 26454608, 26454608, 26454608, 26454608, 26454608, 26454608, 26454608, 26454608, 26454608, 292925283, 26428822, 26428822, 26428822, 26428822, 26428822, 26428822, 35596370, 26428822, 26428822, 26428822, 26428822, 26428822, 26019124, 26019124, 62150751, 26729656, 26729656, 26729656, 26729656, 26729656, 26729656, 26729656, 26729656, 26729656, 36246730, 26729656, 26729656, 26729656, 26729656, 26820478, 26820478, 26820478, 26820478, 26820478, 26820478, 26820478, 26820478, 26820478, 26820478, 26820478, 26820478, 26820478, 26820478, 26820478, 26820478, 26820478, 26843454, 26843454, 26637795, 26637795, 26637795, 26637795, 26637795, 26637795, 26637795, 26637795, 26637795, 26637795, 26637795, 26637795, 26637795, 26573059, 26573059, 26573059, 26573059, 26573059, 26573059, 26573059, 26573059, 26573059, 26573059, 26573059, 26573059, 26573059, 26573059, 26573059, 26573059, 26573059, 26573059, 26573059, 26573059, 26246582, 26246582, 26246582, 26246582, 26246582, 26246582, 26246582, 26246582, 26246582, 26475376, 26437374, 26437374, 26437374, 26437374, 26437374, 26437374, 26437374, 26437374, 26366686, 26366686, 26366686, 26366686, 26077588, 26077588, 26077588, 26077588, 26077588, 25846330, 25846330, 25846330, 25846330, 25846330, 25846330, 25846330, 25846330, 25846330, 25846330, 25853850, 25853850, 25853850, 25853850, 25853850, 25853850, 25853850, 25853850, 25853850, 25853850, 25853850, 25853850, 25853850, 25853850, 25853850, 25853850, 25853850, 25853850, 25853850, 25853850, 25853850, 25853850, 25853850, 25853850, 25853850, 25853850, 25853850, 25853850, 25853850, 25853850, 25853850, 26368885, 26368885, 26368885, 26368885, 26368885, 26368885, 26368885, 26368885, 26368885, 26368885, 26368885, 26368885, 26468245, 26468245, 26468245, 26468245, 26468245, 26468245, 26468245, 26468245, 26468245, 26468245, 26468245, 26468245, 26468245, 26468245, 26468245, 26468245, 26468245, 26468245, 26049543, 26049543, 26294878, 26294878, 26294878, 26294878, 26294878, 26294878, 26294878, 26294878, 26294878, 26294878, 26294878, 26294878, 26294878, 26294878, 26294878, 26294878, 26294878, 26294878, 26294878, 26294878, 26294878, 26294878, 26294878, 26294878, 26294878, 26294878, 25829685, 25829685, 25829685, 25829685, 25829685, 25829685, 25829685, 25829685, 25829685, 25829685, 25829685, 25829685, 25829685, 25829685, 25829685, 25829685, 25829685, 25829685, 25829685, 25829685, 25829685, 25829685, 25829685, 25829685, 25829685, 25829685, 25829685, 25829685, 25829685, 25829685, 25829685, 25829685, 25829685, 25829685, 25829685, 25829685, 25829685, 25829685, 25829685, 25829685, 25829685, 25829685, 25829685, 25829685, 25829685, 26316447, 26316447, 26316447, 26316447, 26316447, 26316447, 26316447, 26316447, 26316447, 26316447, 26316447, 26316447, 26572255, 26572255, 26572255, 26572255, 26572255, 26572255, 26572255, 26572255, 26572255, 26572255, 26572255, 26572255, 26572255, 26572255, 26572255, 26572255, 26572255, 26572255, 26572255, 26572255, 26572255, 26572255, 26572255, 26572255, 26572255, 26572255, 26572255, 26572255, 26572255, 26572255, 26572255, 26572255, 26572255, 26572255, 26572255, 26572255, 26572255, 26572255, 26572255, 26572255, 26572255, 26572255, 26572255, 26572255, 26572255, 26572255, 26572255, 26572255, 26572255, 26572255, 26572255, 26572255, 26572255, 26572255, 26572255, 26572255, 26572255, 26572255, 26572255, 26572255, 26572255, 26572255, 26572255, 26572255, 26552895, 26552895, 27275701, 27275701, 27275701, 27275701, 27275701, 27275701, 27275701, 27275701, 27275701, 27275701, 27275701, 27275701, 27275701, 27275701, 27275701, 27275701, 27275701, 27555797, 27555797, 27555797, 27555797, 27555797, 27555797, 27555797, 27555797, 27555797, 27555797, 27555797, 27555797, 27555797, 27555797, 27555797, 27555797, 27555797, 27555797, 27555797, 27555797, 27555797, 27555797, 27555797, 27555797, 27555797, 27555797, 27555797, 27555797, 27555797, 27555797, 27555797, 27555797, 27555797, 27555797, 27555797, 27555797, 27555797, 27555797, 27555797, 27555797, 27555797, 27555797, 27555797, 27555797, 27555797, 27555797, 27555797, 27555797, 27555797, 27555797, 27555797, 27555797, 27555797, 27555797, 27555797, 27555797, 27555797, 27555797, 27555797, 27555797, 27555797, 27555797, 27555797, 27555797, 27757525, 27757525, 27757525, 27757525, 27757525, 27757525, 27757525, 27757525, 27757525, 27757525, 27757525, 27757525, 27757525, 27757525, 27757525, 27757525, 27757525, 27757525, 27757525, 27757525, 27757525, 27757525, 27757525, 27757525, 27757525, 27757525, 27757525, 27757525, 27757525, 27757525, 27757525, 27757525, 27757525, 27757525, 27757525, 27757525, 27757525, 27757525, 27757525, 27757525, 27757525, 27757525, 27757525, 27757525, 27757525, 27757525, 27757525, 27757525, 27757525, 27757525, 27757525, 27757525, 27757525, 27757525, 27757525, 27757525, 27757525, 27757525, 27757525, 27757525, 27757525, 27757525, 27757525, 27757525, 27861685, 27861685, 27861685, 27861685, 27861685, 27861685, 27861685, 27861685, 27861685, 27861685, 27861685, 27861685, 27861685, 27861685, 27861685, 27861685, 27861685, 27861685, 27861685, 27861685, 27861685]",0,0,0,NPU,0,0,0,0,0,0,1.0,hot,0,0,0,0,1.0,0
0,299,meta-llama/Llama-3.1-8B,361,924,29183763203,177707660407,148523897204,132549678951,132626557756,28287080,"[26706189, 26706189, 26706189, 26706189, 26706189, 26706189, 26706189, 26706189, 26706189, 26706189, 26706189, 26706189, 26706189, 26706189, 26706189, 26645180, 26645180, 26645180, 26645180, 26444528, 26444528, 26444528, 26444528, 26444528, 26444528, 26444528, 26444528, 26444528, 26444528, 26444528, 26444528, 26444528, 26444528, 26444528, 26444528, 26454608, 26454608, 26454608, 26454608, 26454608, 26454608, 26454608, 26454608, 26454608, 26454608, 26454608, 26454608, 26454608, 26454608, 26454608, 26454608, 487094585, 26428822, 26428822, 26428822, 26428822, 26428822, 391002633, 26729656, 26729656, 26729656, 26729656, 26820478, 26820478, 26820478, 26820478, 26820478, 26820478, 26820478, 26820478, 26820478, 26820478, 26820478, 26820478, 26820478, 26820478, 26820478, 26820478, 26820478, 26843454, 26843454, 26637795, 26637795, 26637795, 26637795, 26637795, 26637795, 26637795, 26637795, 26637795, 26637795, 26637795, 26637795, 26637795, 26573059, 26573059, 26573059, 26573059, 26573059, 26573059, 26573059, 26573059, 26573059, 26573059, 26573059, 26573059, 26573059, 26573059, 26573059, 26573059, 26573059, 26573059, 26573059, 26573059, 26246582, 26246582, 26246582, 26246582, 26246582, 26246582, 26246582, 26246582, 26246582, 26475376, 26437374, 26437374, 26437374, 26437374, 26437374, 26437374, 26437374, 26437374, 26366686, 26366686, 26366686, 26366686, 26077588, 26077588, 26077588, 26077588, 26077588, 25846330, 25846330, 25846330, 25846330, 25846330, 25846330, 25846330, 25846330, 25846330, 25846330, 25853850, 25853850, 25853850, 25853850, 25853850, 25853850, 25853850, 25853850, 25853850, 25853850, 25853850, 25853850, 25853850, 25853850, 25853850, 25853850, 25853850, 25853850, 25853850, 25853850, 25853850, 25853850, 25853850, 25853850, 25853850, 25853850, 25853850, 25853850, 25853850, 25853850, 25853850, 26368885, 26368885, 26368885, 26368885, 26368885, 26368885, 26368885, 26368885, 26368885, 26368885, 26368885, 26368885, 26468245, 26468245, 26468245, 26468245, 26468245, 26468245, 26468245, 26468245, 26468245, 26468245, 26468245, 26468245, 26468245, 26468245, 26468245, 26468245, 26468245, 26468245, 26049543, 26049543, 26294878, 26294878, 26294878, 26294878, 26294878, 26294878, 26294878, 26294878, 26294878, 26294878, 26294878, 26294878, 26294878, 26294878, 26294878, 26294878, 26294878, 26294878, 26294878, 26294878, 26294878, 26294878, 26294878, 26294878, 26294878, 26294878, 25829685, 25829685, 25829685, 25829685, 25829685, 25829685, 25829685, 25829685, 25829685, 25829685, 25829685, 25829685, 25829685, 25829685, 25829685, 25829685, 25829685, 25829685, 25829685, 25829685, 25829685, 25829685, 25829685, 25829685, 25829685, 25829685, 25829685, 25829685, 25829685, 25829685, 25829685, 25829685, 25829685, 25829685, 25829685, 25829685, 25829685, 25829685, 25829685, 25829685, 25829685, 25829685, 25829685, 25829685, 25829685, 26316447, 26316447, 26316447, 26316447, 26316447, 26316447, 26316447, 26316447, 26316447, 26316447, 26316447, 26316447, 26572255, 26572255, 26572255, 26572255, 26572255, 26572255, 26572255, 26572255, 26572255, 26572255, 26572255, 26572255, 26572255, 26572255, 26572255, 26572255, 26572255, 26572255, 26572255, 26572255, 26572255, 26572255, 26572255, 26572255, 26572255, 26572255, 26572255, 26572255, 26572255, 26572255, 26572255, 26572255, 26572255, 26572255, 26572255, 26572255, 26572255, 26572255, 26572255, 26572255, 26572255, 26572255, 26572255, 26572255, 26572255, 26572255, 26572255, 26572255, 26572255, 26572255, 26572255, 26572255, 26572255, 26572255, 26572255, 26572255, 26572255, 26572255, 26572255, 26572255, 26572255, 26572255, 26572255, 26572255, 26552895, 26552895, 27275701, 27275701, 27275701, 27275701, 27275701, 27275701, 27275701, 27275701, 27275701, 27275701, 27275701, 27275701, 27275701, 27275701, 27275701, 27275701, 27275701, 27555797, 27555797, 27555797, 27555797, 27555797, 27555797, 27555797, 27555797, 27555797, 27555797, 27555797, 27555797, 27555797, 27555797, 27555797, 27555797, 27555797, 27555797, 27555797, 27555797, 27555797, 27555797, 27555797, 27555797, 27555797, 27555797, 27555797, 27555797, 27555797, 27555797, 27555797, 27555797, 27555797, 27555797, 27555797, 27555797, 27555797, 27555797, 27555797, 27555797, 27555797, 27555797, 27555797, 27555797, 27555797, 27555797, 27555797, 27555797, 27555797, 27555797, 27555797, 27555797, 27555797, 27555797, 27555797, 27555797, 27555797, 27555797, 27555797, 27555797, 27555797, 27555797, 27555797, 27555797, 27757525, 27757525, 27757525, 27757525, 27757525, 27757525, 27757525, 27757525, 27757525, 27757525, 27757525, 27757525, 27757525, 27757525, 27757525, 27757525, 27757525, 27757525, 27757525, 27757525, 27757525, 27757525, 27757525, 27757525, 27757525, 27757525, 27757525, 27757525, 27757525, 27757525, 27757525, 27757525, 27757525, 27757525, 27757525, 27757525, 27757525, 27757525, 27757525, 27757525, 27757525, 27757525, 27757525, 27757525, 27757525, 27757525, 27757525, 27757525, 27757525, 27757525, 27757525, 27757525, 27757525, 27757525, 27757525, 27757525, 27757525, 27757525, 27757525, 27757525, 27757525, 27757525, 27757525, 27757525, 27861685, 27861685, 27861685, 27861685, 27861685, 27861685, 27861685, 27861685, 27861685, 27861685, 27861685, 27861685, 27861685, 27861685, 27861685, 27861685, 27861685, 27861685, 27861685, 27861685, 27861685, 27876731, 27876731, 27876731, 27876731, 27876731, 27876731, 27876731, 27876731, 27876731, 27876731, 27876731, 27876731, 27876731, 27876731, 27876731, 27876731, 27876731, 27876731, 27876731, 27876731, 27876731, 27876731, 27876731, 27876731, 27876731, 27876731, 27876731, 27876731, 27876731, 27876731, 27876731, 27876731, 27876731]",0,0,0,PCIE_NVME,0,111149056,0,111149056,111149056,111149056,1.0,hot,0,0,0,0,1.0,222298112
0,296,meta-llama/Llama-3.1-8B,1071,1838,29053008340,180543222797,151490214457,128888042943,129099446195,29230767,"[27685307, 27685307, 164305756, 27685307, 27685307, 27685307, 27685307, 27685307, 27685307, 27685307, 27685307, 27685307, 441507198, 27512576, 27512576, 46117308, 27512576, 27512576, 27512576, 282629698, 27278932, 27278932, 27278932, 27278932, 27278932, 27278932, 27232760, 27232760, 27232760, 27232760, 27232760, 27232760, 27232760, 27232760, 27232760, 27232760, 27232760, 27232760, 27232760, 27232760, 27232760, 27103283, 27103283, 27103283, 27103283, 27103283, 27103283, 27103283, 27103283, 27103283, 27103283, 27103283, 27103283, 27103283, 27103283, 26997779, 26997779, 26997779, 26997779, 26997779, 26956587, 26956587, 26956587, 26956587, 26956587, 26956587, 26956587, 26956587, 26956587, 26956587, 26956587, 26956587, 26759908, 26759908, 26759908, 26759908, 26759908, 26759908, 26759908, 26759908, 26759908, 26759908, 26759908, 26759908, 26759908, 26759908, 26759908, 26759908, 26759908, 26759908, 26726923, 26726923, 26726923, 45331655, 26726923, 26726923, 26726923, 26726923, 26726923, 26726923, 26695203, 76878805, 26706189, 26706189, 26706189, 26706189, 26706189, 26706189, 26706189, 26706189, 26706189, 26706189, 26706189, 26706189, 26706189, 26706189, 26706189, 26645180, 26645180, 26645180, 26645180, 26444528, 26444528, 26444528, 26444528, 26444528, 26444528, 26444528, 26444528, 26444528, 26444528, 26444528, 26444528, 26444528, 26444528, 26444528, 26444528, 26454608, 26454608, 26454608, 26454608, 26454608, 26454608, 26454608, 26454608, 26454608, 26454608, 26454608, 26454608, 26454608, 26454608, 26454608, 26454608, 292925283, 26428822, 26428822, 26428822, 26428822, 26428822, 26428822, 35596370, 26428822, 26428822, 26428822, 26428822, 26428822, 114188999, 26729656, 26729656, 26729656, 26729656, 26729656, 26729656, 26729656, 26729656, 26729656, 36246730, 26729656, 26729656, 26729656, 26729656, 26820478, 26820478, 26820478, 26820478, 26820478, 26820478, 26820478, 26820478, 26820478, 26820478, 26820478, 26820478, 26820478, 26820478, 26820478, 26820478, 26820478, 26843454, 26843454, 26637795, 26637795, 26637795, 26637795, 26637795, 26637795, 26637795, 26637795, 26637795, 26637795, 26637795, 26637795, 26637795, 26573059, 26573059, 26573059, 26573059, 26573059, 26573059, 26573059, 26573059, 26573059, 26573059, 26573059, 26573059, 26573059, 26573059, 26573059, 26573059, 26573059, 26573059, 26573059, 26573059, 26246582, 26246582, 26246582, 26246582, 26246582, 26246582, 26246582, 26246582, 26246582, 26475376, 26437374, 26437374, 26437374, 26437374, 26437374, 26437374, 26437374, 26437374, 26366686, 26366686, 26366686, 26366686, 26077588, 26077588, 26077588, 26077588, 26077588, 25846330, 25846330, 25846330, 25846330, 25846330, 25846330, 25846330, 25846330, 25846330, 25846330, 25853850, 25853850, 25853850, 25853850, 25853850, 25853850, 25853850, 25853850, 25853850, 25853850, 25853850, 25853850, 25853850, 25853850, 25853850, 25853850, 25853850, 25853850, 25853850, 25853850, 25853850, 25853850, 25853850, 25853850, 25853850, 25853850, 25853850, 25853850, 25853850, 25853850, 25853850, 26368885, 26368885, 26368885, 26368885, 26368885, 26368885, 26368885, 26368885, 26368885, 26368885, 26368885, 26368885, 26468245, 26468245, 26468245, 26468245, 26468245, 26468245, 26468245, 26468245, 26468245, 26468245, 26468245, 26468245, 26468245, 26468245, 26468245, 26468245, 26468245, 26468245, 26049543, 26049543, 26294878, 26294878, 26294878, 26294878, 26294878, 26294878, 26294878, 26294878, 26294878, 26294878, 26294878, 26294878, 26294878, 26294878, 26294878, 26294878, 26294878, 26294878, 26294878, 26294878, 26294878, 26294878, 26294878, 26294878, 26294878, 26294878, 25829685, 25829685, 25829685, 25829685, 25829685, 25829685, 25829685, 25829685, 25829685, 25829685, 25829685, 25829685, 25829685, 25829685, 25829685, 25829685, 25829685, 25829685, 25829685, 25829685, 25829685, 25829685, 25829685, 25829685, 25829685, 25829685, 25829685, 25829685, 25829685, 25829685, 25829685, 25829685, 25829685, 25829685, 25829685, 25829685, 25829685, 25829685, 25829685, 25829685, 25829685, 25829685, 25829685, 25829685, 25829685, 26316447, 26316447, 26316447, 26316447, 26316447, 26316447, 26316447, 26316447, 26316447, 26316447, 26316447, 26316447, 26572255, 26572255, 26572255, 26572255, 26572255, 26572255, 26572255, 26572255, 26572255, 26572255, 26572255, 26572255, 26572255, 26572255, 26572255, 26572255, 26572255, 26572255, 26572255, 26572255, 26572255, 26572255, 26572255, 26572255, 26572255, 26572255, 26572255, 26572255, 26572255, 26572255, 26572255, 26572255, 26572255, 26572255, 26572255, 26572255, 26572255, 26572255, 26572255, 26572255, 26572255, 26572255, 26572255, 26572255, 26572255, 26572255, 26572255, 26572255, 26572255, 26572255, 26572255, 26572255, 26572255, 26572255, 26572255, 26572255, 26572255, 26572255, 26572255, 26572255, 26572255, 26572255, 26572255, 26572255, 26552895, 26552895, 27275701, 27275701, 27275701, 27275701, 27275701, 27275701, 27275701, 27275701, 27275701, 27275701, 27275701, 27275701, 27275701, 27275701, 27275701, 27275701, 27275701, 27555797, 27555797, 27555797, 27555797, 27555797, 27555797, 27555797, 27555797, 27555797, 27555797, 27555797, 27555797, 27555797, 27555797, 27555797, 27555797, 27555797, 27555797, 27555797, 27555797, 27555797, 27555797, 27555797, 27555797, 27555797, 27555797, 27555797, 27555797, 27555797, 27555797, 27555797, 27555797, 27555797, 27555797, 27555797, 27555797, 27555797, 27555797, 27555797, 27555797, 27555797, 27555797, 27555797, 27555797, 27555797, 27555797, 27555797, 27555797, 27555797, 27555797, 27555797, 27555797, 27555797, 27555797, 27555797, 27555797, 27555797, 27555797, 27555797, 27555797, 27555797, 27555797, 27555797, 27555797, 27757525, 27757525, 27757525, 27757525, 27757525, 27757525, 27757525, 27757525, 27757525, 27757525, 27757525, 27757525, 27757525, 27757525, 27757525, 27757525, 27757525, 27757525, 27757525, 27757525, 27757525, 27757525, 27757525, 27757525, 27757525, 27757525, 27757525, 27757525, 27757525, 27757525, 27757525, 27757525, 27757525, 27757525, 27757525, 27757525, 27757525, 27757525, 27757525, 27757525, 27757525, 27757525, 27757525, 27757525, 27757525, 27757525, 27757525, 27757525, 27757525, 27757525, 27757525, 27757525, 27757525, 27757525, 27757525, 27757525, 27757525, 27757525, 27757525, 27757525, 27757525, 27757525, 27757525, 27757525, 27861685, 27861685, 27861685, 27861685, 27861685, 27861685, 27861685, 27861685, 27861685, 27861685, 27861685, 27861685, 27861685, 27861685, 27861685, 27861685, 27861685, 27861685, 27861685, 27861685, 27861685, 27876731, 27876731, 27876731, 27876731, 27876731, 27876731, 27876731, 27876731, 27876731, 27876731, 27876731, 27876731, 27876731, 27876731, 27876731, 27876731, 27876731, 27876731, 27876731, 27876731, 27876731, 27876731, 27876731, 27876731, 27876731, 27876731, 27876731, 27876731, 27876731, 27876731, 27876731, 27876731, 27876731, 33187198, 33187198, 33187198, 33187198, 33187198, 33187198, 33187198, 33187198, 33187198, 33187198, 33187198, 33187198, 33187198, 33187198, 33187198, 33187198, 33187198, 33187198, 33187198, 33187198, 33187198, 33187198, 33187198, 33187198, 33187198, 33187198, 33187198, 33187198, 33187198, 33187198, 33187198, 33187198, 33187198, 33187198, 33187198, 33187198, 33187198, 33187198, 33187198, 33187198, 33512766, 33512766, 33512766, 33512766, 33512766, 33512766, 33512766, 33512766, 33512766, 33512766, 33512766, 33512766, 33512766, 33512766, 33512766, 33512766, 33512766, 33512766, 33512766, 33512766, 33512766, 33512766, 33512766, 33512766, 33512766, 33512766, 33512766, 33512766, 33512766, 33512766, 33512766, 33512766, 33512766, 33512766, 33512766, 33512766, 33512766, 33512766, 33512766, 33512766, 33512766, 33512766, 33512766, 33512766, 33512766]",0,0,0,NPU,0,0,0,0,0,0,1.0,hot,0,0,0,0,1.0,0
